version 1
nodes
0 "root" -1
end
skeleton
time 0
0  0.000000 0.000000 0.000000  0.000000 -0.000000 0.000000
end
triangles
walllight001a
0  2.781746 3.804615 0.632094  -0.000796 1.000000 -0.000000  0.812331 0.355545 1 0 1.000000
0  -2.785512 3.804615 4.162899  0.000825 1.000000 -0.000005  0.885441 0.238370 1 0 1.000000
0  2.781932 3.804616 4.162898  -0.000826 1.000000 -0.000005  0.885441 0.355551 1 0 1.000000
walllight001a
0  -8.803674 8.997787 2.412988  0.201699 0.692566 -0.692582  0.112230 0.490360 1 0 1.000000
0  -9.574084 8.211852 2.202397  0.000001 -0.258819 -0.965926  0.132760 0.509384 1 0 1.000000
0  -9.574084 8.997787 2.412988  0.000000 0.707119 -0.707095  0.112246 0.509384 1 0 1.000000
walllight001a
0  -5.396865 3.975619 4.671334  0.193194 -0.035594 0.980515  0.275424 0.229355 1 0 1.000000
0  -4.680516 3.288326 4.435903  0.267743 -0.030660 0.963002  0.294311 0.249971 1 0 1.000000
0  -4.620407 3.856251 4.437120  0.267742 -0.030711 0.963001  0.280394 0.249973 1 0 1.000000
walllight001a
0  -9.574084 8.211852 2.202397  0.000001 -0.258819 -0.965926  0.009908 0.509384 1 0 1.000000
0  -8.803674 7.636507 2.777741  0.201752 -0.946060 -0.253508  0.030438 0.490360 1 0 1.000000
0  -9.574084 7.636507 2.777741  0.000000 -0.965930 -0.258804  0.030422 0.509384 1 0 1.000000
walllight001a
0  13.380198 9.754358 4.793271  0.976898 -0.151119 0.151104  0.790724 0.012868 1 0 1.000000
0  13.176085 9.754358 4.997384  0.151123 -0.151100 0.976898  0.798460 0.020646 1 0 1.000000
0  13.176085 9.550245 4.793271  0.151095 -0.976902 0.151104  0.790602 0.020690 1 0 1.000000
walllight001a
0  -12.254339 9.542597 3.726350  0.258780 0.000002 -0.965936  0.192647 0.505249 1 0 1.000000
0  -12.601316 9.228969 3.726350  -0.000046 0.000000 -1.000000  0.200327 0.513730 1 0 1.000000
0  -12.605150 9.542596 3.726350  -0.000001 0.000000 -1.000000  0.192661 0.513822 1 0 1.000000
walllight001a
0  -13.185632 9.550246 -4.793519  -0.151238 -0.976953 -0.150630  0.556527 0.664365 1 0 1.000000
0  -13.389745 9.754359 -4.793519  -0.976950 -0.151217 -0.150670  0.556405 0.672186 1 0 1.000000
0  -13.185632 9.754359 -4.997633  -0.150670 -0.150659 -0.977037  0.548670 0.664409 1 0 1.000000
walllight001a
0  -13.389747 9.754359 4.793275  -0.976895 -0.151079 0.151168  0.790721 0.672182 1 0 1.000000
0  -13.185632 9.550246 -4.793519  -0.151238 -0.976953 -0.150630  0.556527 0.664365 1 0 1.000000
0  -13.185634 9.550246 4.793275  -0.151086 -0.976904 0.151101  0.790603 0.664365 1 0 1.000000
walllight001a
0  -13.389747 9.754359 4.793275  -0.976895 -0.151079 0.151168  0.790721 0.672182 1 0 1.000000
0  -13.185634 9.550246 4.793275  -0.151086 -0.976904 0.151101  0.790603 0.664365 1 0 1.000000
0  -13.185634 9.754359 4.997388  -0.151104 -0.151119 0.976898  0.798461 0.664410 1 0 1.000000
walllight001a
0  -13.389745 9.754359 -4.793519  -0.976950 -0.151217 -0.150670  0.556405 0.672186 1 0 1.000000
0  -13.185632 9.995246 -4.997633  -0.161828 -0.000000 -0.986819  0.542794 0.664432 1 0 1.000000
0  -13.185632 9.754359 -4.997633  -0.150670 -0.150659 -0.977037  0.548670 0.664409 1 0 1.000000
walllight001a
0  -12.517390 9.542597 -4.377772  -0.333873 0.000002 -0.942618  0.216084 0.505250 1 0 1.000000
0  -12.803344 9.228968 -4.181242  -0.566379 -0.000056 -0.824145  0.223764 0.513731 1 0 1.000000
0  -12.806504 9.542596 -4.179070  -0.566400 0.000000 -0.824130  0.216099 0.513823 1 0 1.000000
walllight001a
0  10.013667 5.256015 4.244127  0.932516 -0.353515 0.073756  0.012749 0.580876 1 0 1.000000
0  9.629607 4.669758 -4.283216  0.690659 -0.719406 -0.073793  0.220900 0.563650 1 0 1.000000
0  10.013666 5.256016 -4.283217  0.932532 -0.353462 -0.073818  0.220905 0.580870 1 0 1.000000
walllight001a
0  13.380198 9.754358 -4.793523  0.976946 -0.151263 -0.150651  0.556408 0.012873 1 0 1.000000
0  13.380198 9.995246 4.793271  0.986722 0.000087 0.162419  0.790783 0.007010 1 0 1.000000
0  13.380198 9.754358 4.793271  0.976898 -0.151119 0.151104  0.790724 0.012868 1 0 1.000000
walllight001a
0  13.176085 9.754358 4.997384  0.151123 -0.151100 0.976898  0.798460 0.020646 1 0 1.000000
0  -13.185634 9.995247 4.997388  -0.162419 -0.000319 0.986722  0.804335 0.664432 1 0 1.000000
0  -13.185634 9.754359 4.997388  -0.151104 -0.151119 0.976898  0.798461 0.664410 1 0 1.000000
walllight001a
0  8.708289 5.294089 -3.205260  0.201331 -0.946146 -0.253524  1.222920 0.433869 1 0 1.000000
0  -8.702811 5.869431 -3.780605  -0.201323 -0.253522 -0.946148  1.202359 0.008762 1 0 1.000000
0  8.708289 5.869433 -3.780604  0.201313 -0.253514 -0.946152  1.202360 0.433869 1 0 1.000000
walllight001a
0  -9.328071 5.548439 0.632096  0.901405 0.432977 -0.000000  0.812330 0.091875 1 0 1.000000
0  -9.501858 6.126251 4.773761  0.989470 0.144735 -0.000000  0.898299 0.079169 1 0 1.000000
0  -9.328070 5.548440 4.773761  0.901402 0.432984 -0.000000  0.898297 0.091842 1 0 1.000000
walllight001a
0  -8.753310 6.626611 3.534923  0.000852 0.707109 0.707104  0.181798 0.007164 1 0 1.000000
0  -8.702811 6.865955 2.777742  -0.201336 0.946132 -0.253572  0.161238 0.008762 1 0 1.000000
0  -8.753310 6.826676 2.788267  0.000838 0.965925 -0.258822  0.161238 0.007181 1 0 1.000000
walllight001a
0  9.322274 5.579599 4.773758  -0.902248 0.431218 -0.000001  0.898297 0.502566 1 0 1.000000
0  9.498280 6.126254 0.632093  -0.988026 0.154286 -0.000000  0.812330 0.514638 1 0 1.000000
0  9.322274 5.579599 0.632093  -0.902246 0.431221 -0.000000  0.812330 0.502545 1 0 1.000000
walllight001a
0  9.498280 6.126254 -0.646709  -0.988027 0.154282 0.000000  0.906619 0.079124 1 0 1.000000
0  9.492537 9.552510 -4.773761  -0.999999 -0.001675 0.000000  0.992274 0.007009 1 0 1.000000
0  9.498277 6.126254 -4.773760  -0.988026 0.154285 0.000001  0.992281 0.079172 1 0 1.000000
walllight001a
0  -12.927773 9.542596 4.125550  -0.965926 0.000000 0.258818  0.192971 0.460920 1 0 1.000000
0  -12.706295 9.069300 4.509162  -0.682636 -0.340057 0.646815  0.204403 0.471868 1 0 1.000000
0  -12.706295 9.542596 4.509162  -0.707115 0.000000 0.707098  0.192850 0.471753 1 0 1.000000
walllight001a
0  -9.115003 5.239278 -0.646707  0.727414 0.686199 0.000000  0.906619 0.493968 1 0 1.000000
0  -8.710265 4.924043 -4.773757  0.458224 0.888837 -0.000000  0.992282 0.483201 1 0 1.000000
0  -9.115002 5.239278 -4.773757  0.727413 0.686200 0.000000  0.992279 0.493967 1 0 1.000000
walllight001a
0  -9.496119 9.552507 4.773761  -0.000490 -0.000029 1.000000  0.273068 0.007009 1 0 1.000000
0  -10.025120 5.770727 4.773392  -0.000617 -0.000131 1.000000  0.286689 0.097603 1 0 1.000000
0  -9.501858 6.126251 4.773761  -0.000660 -0.000064 1.000000  0.273068 0.097587 1 0 1.000000
walllight001a
0  10.013667 5.256015 4.244127  0.932516 -0.353515 0.073756  0.012749 0.580876 1 0 1.000000
0  10.128060 5.760458 -4.283217  0.994469 -0.074665 -0.073873  0.220908 0.593508 1 0 1.000000
0  10.128060 5.760458 4.244127  0.994461 -0.074828 0.073817  0.012747 0.593514 1 0 1.000000
walllight001a
0  -8.702809 5.294086 3.198924  -0.201310 -0.946150 0.253524  0.222920 0.008762 1 0 1.000000
0  8.708290 5.869432 3.774268  0.201219 -0.253530 0.946168  0.202359 0.433869 1 0 1.000000
0  -8.702811 5.869430 3.774268  -0.201308 -0.253515 0.946153  0.202359 0.008762 1 0 1.000000
walllight001a
0  -9.597970 4.709597 4.299106  -0.054520 -0.056755 0.996898  0.223064 0.751165 1 0 1.000000
0  -9.045515 4.424258 4.291914  0.142970 -0.062955 0.987723  0.224104 0.735033 1 0 1.000000
0  -9.560718 4.748746 4.299106  0.000002 -0.000007 1.000000  0.224376 0.751176 1 0 1.000000
walllight001a
0  8.877811 4.242514 -3.876479  0.300252 -0.953858 -0.002123  0.210982 0.542419 1 0 1.000000
0  8.920223 4.259465 4.095511  0.304422 -0.951943 0.033657  0.016371 0.543539 1 0 1.000000
0  8.882811 4.244512 3.940347  0.299213 -0.954144 0.008985  0.020149 0.542558 1 0 1.000000
walllight001a
0  8.877811 4.242514 -3.876479  0.300252 -0.953858 -0.002123  0.210982 0.542419 1 0 1.000000
0  8.882811 4.244512 3.940347  0.299213 -0.954144 0.008985  0.020149 0.542558 1 0 1.000000
0  8.877812 4.242514 3.837390  0.300164 -0.953886 0.001962  0.022668 0.542424 1 0 1.000000
walllight001a
0  9.591704 4.709599 -4.338192  0.054455 -0.056688 -0.996906  0.223062 0.563660 1 0 1.000000
0  9.039252 4.424261 -4.331000  -0.142932 -0.062942 -0.987729  0.224101 0.547527 1 0 1.000000
0  9.554452 4.748749 -4.338192  -0.000007 -0.000005 -1.000000  0.224373 0.563670 1 0 1.000000
walllight001a
0  -9.099154 4.328474 4.237607  -0.402705 -0.911761 0.080751  0.220737 0.735572 1 0 1.000000
0  -9.635873 4.669755 -4.283214  -0.690561 -0.719498 -0.073817  0.012755 0.751150 1 0 1.000000
0  -9.099154 4.328475 -4.276690  -0.399207 -0.913302 -0.080711  0.012922 0.735566 1 0 1.000000
walllight001a
0  13.176085 9.995245 -4.997636  0.161801 0.000087 -0.986823  0.542794 0.020623 1 0 1.000000
0  13.380198 9.754358 -4.793523  0.976946 -0.151263 -0.150651  0.556408 0.012873 1 0 1.000000
0  13.176085 9.754358 -4.997636  0.150637 -0.150689 -0.977037  0.548668 0.020645 1 0 1.000000
walllight001a
0  9.322274 5.579599 -4.773760  0.000026 -0.000050 -1.000000  0.533035 0.620113 1 0 1.000000
0  10.019215 5.770532 -4.773766  -0.000008 -0.000039 -1.000000  0.519404 0.632087 1 0 1.000000
0  9.911595 5.293747 -4.773728  0.000016 -0.000080 -1.000000  0.519406 0.620114 1 0 1.000000
walllight001a
0  -8.803674 7.636507 -2.784079  0.201725 -0.946068 0.253500  1.030437 0.490360 1 0 1.000000
0  -9.574084 8.211851 -2.208735  0.000000 -0.258819 0.965926  1.009908 0.509384 1 0 1.000000
0  -9.574084 7.636507 -2.784079  0.000000 -0.965926 0.258819  1.030422 0.509384 1 0 1.000000
walllight001a
0  -6.316501 3.614219 -4.764013  0.056569 -0.014112 -0.998299  0.519419 0.209085 1 0 1.000000
0  -8.710265 4.924043 -4.773757  0.001586 -0.001008 -0.999998  0.533036 0.139760 1 0 1.000000
0  -6.158731 4.163102 -4.763977  0.057554 -0.014353 -0.998239  0.533037 0.209083 1 0 1.000000
walllight001a
0  -8.702811 5.869430 3.774268  -0.201308 -0.253515 0.946153  0.202359 0.008762 1 0 1.000000
0  -8.753310 6.626611 3.534923  0.000852 0.707109 0.707104  0.181798 0.007164 1 0 1.000000
0  -8.753310 5.879954 3.734989  0.000840 -0.258827 0.965923  0.202357 0.007173 1 0 1.000000
walllight001a
0  -9.597970 4.709597 4.299106  -0.054520 -0.056755 0.996898  0.223064 0.751165 1 0 1.000000
0  -9.917661 5.293810 4.299105  0.000004 0.000001 1.000000  0.224372 0.768333 1 0 1.000000
0  -9.968350 5.275075 4.299105  -0.072319 -0.030745 0.996908  0.223063 0.768351 1 0 1.000000
walllight001a
0  9.039171 4.424766 4.773391  -0.001009 -0.001425 0.999999  0.286668 0.589774 1 0 1.000000
0  9.087871 5.221984 4.773758  0.000471 -0.000429 1.000000  0.273033 0.604517 1 0 1.000000
0  8.706684 4.924045 4.773758  -0.001345 -0.001549 0.999998  0.273033 0.589745 1 0 1.000000
walllight001a
0  -9.574084 6.865955 -2.784079  0.000000 0.965926 0.258819  1.030422 0.513452 1 0 1.000000
0  -8.803674 6.655365 -3.570014  0.201784 0.692562 -0.692561  1.050883 0.532476 1 0 1.000000
0  -9.574084 6.655365 -3.570014  0.000000 0.707107 -0.707106  1.050881 0.513452 1 0 1.000000
walllight001a
0  11.613976 9.436560 3.900798  0.078909 -0.996878 0.002669  0.021126 0.714906 1 0 1.000000
0  11.668744 9.491741 -3.941720  0.996973 -0.070204 -0.033404  0.212583 0.717071 1 0 1.000000
0  11.668743 9.491741 3.902628  0.996974 -0.070164 0.033463  0.021072 0.717071 1 0 1.000000
walllight001a
0  -4.680516 3.288326 4.435903  0.267743 -0.030660 0.963002  0.294311 0.249971 1 0 1.000000
0  -3.840472 3.806337 4.217983  0.158137 -0.009484 0.987372  0.284851 0.270305 1 0 1.000000
0  -4.620407 3.856251 4.437120  0.267742 -0.030711 0.963001  0.280394 0.249973 1 0 1.000000
walllight001a
0  -9.917661 5.293810 4.299105  0.000004 0.000001 1.000000  0.224372 0.768333 1 0 1.000000
0  -10.079606 5.765855 4.299105  -0.076631 -0.005746 0.997043  0.223068 0.781107 1 0 1.000000
0  -9.968350 5.275075 4.299105  -0.072319 -0.030745 0.996908  0.223063 0.768351 1 0 1.000000
walllight001a
0  -10.079606 5.765855 4.299105  -0.076631 -0.005746 0.997043  0.223068 0.781107 1 0 1.000000
0  -10.061503 9.088065 4.299105  -0.000004 0.000000 1.000000  0.224415 0.862186 1 0 1.000000
0  -10.115512 9.085905 4.299105  -0.070940 -0.005719 0.997464  0.223097 0.862161 1 0 1.000000
walllight001a
0  -12.878807 9.069300 -4.014453  -0.830235 -0.384835 -0.403251  0.228120 0.452550 1 0 1.000000
0  -12.873866 9.220996 -4.017844  -0.181654 -0.379603 -0.907140  0.224412 0.452339 1 0 1.000000
0  -12.873866 9.069300 -4.017844  -0.077703 -0.384859 -0.919699  0.228129 0.452406 1 0 1.000000
walllight001a
0  -10.474313 9.429379 4.244130  -0.127533 -0.989209 0.072114  0.220933 0.874436 1 0 1.000000
0  -10.115512 9.085905 4.299105  -0.070940 -0.005719 0.997464  0.223097 0.862161 1 0 1.000000
0  -10.467338 9.484015 4.299105  -0.009963 -0.067466 0.997672  0.223109 0.874430 1 0 1.000000
walllight001a
0  -11.650229 9.491644 4.076088  -0.944741 -0.070613 0.320123  0.217104 0.903845 1 0 1.000000
0  -11.620240 9.436556 3.900801  -0.079021 -0.996870 0.002584  0.212529 0.902406 1 0 1.000000
0  -11.598108 9.436474 4.058357  -0.077504 -0.996669 0.025383  0.216373 0.901866 1 0 1.000000
walllight001a
0  8.708290 8.211854 2.202398  0.201265 -0.253521 -0.946160  0.009494 0.433877 1 0 1.000000
0  -8.702811 8.997787 2.412988  -0.201332 0.692624 -0.692631  0.030057 0.008764 1 0 1.000000
0  8.708290 8.997789 2.412989  0.201313 0.692635 -0.692625  0.030056 0.433871 1 0 1.000000
walllight001a
0  10.454225 9.537710 4.299102  0.000004 0.000000 1.000000  0.009226 0.686840 1 0 1.000000
0  10.109245 9.085908 4.299102  0.070960 -0.005764 0.997463  0.010558 0.674662 1 0 1.000000
0  10.461071 9.484016 4.299102  0.009979 -0.067381 0.997677  0.010546 0.686930 1 0 1.000000
walllight001a
0  -9.574084 6.655365 3.563677  -0.000000 0.707107 0.707107  0.050881 0.513452 1 0 1.000000
0  -8.803674 6.865955 2.777742  0.201753 0.946066 -0.253486  0.030437 0.532476 1 0 1.000000
0  -9.574084 6.865955 2.777742  0.000000 0.965922 -0.258834  0.030422 0.513452 1 0 1.000000
walllight001a
0  -10.170468 9.083709 -4.283215  -0.994974 -0.069964 -0.071633  0.012723 0.862160 1 0 1.000000
0  -10.474313 9.429379 4.244130  -0.127533 -0.989209 0.072114  0.220933 0.874436 1 0 1.000000
0  -10.474313 9.429379 -4.283215  -0.127798 -0.989173 -0.072136  0.012723 0.874439 1 0 1.000000
walllight001a
0  11.668744 9.491741 -3.941720  0.996973 -0.070204 -0.033404  0.212583 0.717071 1 0 1.000000
0  11.591842 9.436478 -4.097445  0.077469 -0.996675 -0.025237  0.216372 0.714366 1 0 1.000000
0  11.643964 9.491648 -4.115177  0.944753 -0.070530 -0.320105  0.217104 0.716336 1 0 1.000000
walllight001a
0  -12.602129 9.069300 3.731534  -0.922826 -0.385201 -0.003542  0.204245 0.513805 1 0 1.000000
0  -12.599151 9.220996 3.726350  -0.386820 -0.125573 -0.913565  0.200523 0.513675 1 0 1.000000
0  -12.599151 9.069300 3.726350  -0.467807 -0.385193 -0.795477  0.204238 0.513661 1 0 1.000000
walllight001a
0  11.272071 9.544281 4.299102  0.033303 -0.000038 0.999445  0.009279 0.706707 1 0 1.000000
0  10.461071 9.484016 4.299102  0.009979 -0.067381 0.997677  0.010546 0.686930 1 0 1.000000
0  11.272273 9.490256 4.299102  0.034468 -0.073720 0.996683  0.010598 0.706664 1 0 1.000000
walllight001a
0  10.019566 5.771167 4.299102  0.000003 0.000000 1.000000  0.009274 0.593709 1 0 1.000000
0  9.962085 5.275078 4.299102  0.072261 -0.030726 0.996912  0.010593 0.580851 1 0 1.000000
0  10.073340 5.765859 4.299102  0.076503 -0.005716 0.997053  0.010588 0.593608 1 0 1.000000
walllight001a
0  -11.575892 9.491365 4.199986  -0.705636 -0.071643 0.704943  0.220305 0.901826 1 0 1.000000
0  -11.434468 9.435861 4.221997  -0.028865 -0.996851 0.073859  0.220357 0.897876 1 0 1.000000
0  -11.451995 9.490902 4.274325  -0.320659 -0.072943 0.944382  0.222324 0.898635 1 0 1.000000
walllight001a
0  11.668743 9.491741 3.902628  0.996974 -0.070164 0.033463  0.021072 0.717071 1 0 1.000000
0  11.668542 9.545766 -3.941720  0.999440 0.003753 -0.033258  0.212587 0.718389 1 0 1.000000
0  11.668541 9.545766 3.902629  0.999438 0.003736 0.033314  0.021068 0.718389 1 0 1.000000
walllight001a
0  -2.785511 3.804616 -4.162896  0.000825 1.000000 0.000005  0.979423 0.355392 1 0 1.000000
0  -3.838527 3.806291 -0.646707  0.032689 0.999466 -0.000010  0.906620 0.377552 1 0 1.000000
0  -2.785325 3.804615 -0.646707  0.000796 1.000000 0.000000  0.906620 0.355386 1 0 1.000000
walllight001a
0  9.498277 6.126255 4.773758  -0.988027 0.154281 -0.000001  0.898300 0.514590 1 0 1.000000
0  9.492537 9.552510 0.632093  -0.999999 -0.001676 -0.000000  0.812326 0.586748 1 0 1.000000
0  9.498280 6.126254 0.632093  -0.988026 0.154286 -0.000000  0.812330 0.514638 1 0 1.000000
walllight001a
0  10.044933 9.552470 -4.773873  -0.000185 -0.000003 -1.000000  0.519405 0.722676 1 0 1.000000
0  9.498277 6.126254 -4.773760  -0.000031 -0.000015 -1.000000  0.533035 0.632103 1 0 1.000000
0  9.492537 9.552510 -4.773761  -0.000202 -0.000001 -1.000000  0.533037 0.722674 1 0 1.000000
walllight001a
0  -4.620407 3.856251 4.437120  0.115853 0.993266 -0.000008  0.891214 0.199704 1 0 1.000000
0  -3.838527 3.806291 0.632095  0.032695 0.999465 0.000000  0.812331 0.216210 1 0 1.000000
0  -4.620407 3.856251 0.632095  0.107888 0.994163 -0.000000  0.812331 0.199716 1 0 1.000000
walllight001a
0  8.890748 4.306885 -4.223123  -0.707112 -0.353197 -0.612572  0.219968 0.542770 1 0 1.000000
0  8.973089 4.397841 -4.309424  -0.371762 -0.155413 -0.915227  0.223422 0.545245 1 0 1.000000
0  8.994007 4.348150 -4.309422  -0.340623 -0.223015 -0.913367  0.222250 0.545749 1 0 1.000000
walllight001a
0  -9.328070 5.548440 4.773761  0.901402 0.432984 -0.000000  0.898297 0.091842 1 0 1.000000
0  -9.115003 5.239278 0.632096  0.727415 0.686197 -0.000000  0.812330 0.099794 1 0 1.000000
0  -9.328071 5.548439 0.632096  0.901405 0.432977 -0.000000  0.812330 0.091875 1 0 1.000000
walllight001a
0  -3.840471 3.806337 -4.217980  0.035781 0.999360 0.000004  0.980586 0.377608 1 0 1.000000
0  -4.620407 3.856251 -0.646707  0.107904 0.994161 0.000004  0.906620 0.394046 1 0 1.000000
0  -3.838527 3.806291 -0.646707  0.032689 0.999466 -0.000010  0.906620 0.377552 1 0 1.000000
walllight001a
0  8.937212 4.325459 4.234376  -0.540733 -0.297006 0.787017  0.012371 0.544137 1 0 1.000000
0  8.920223 4.259465 4.095511  0.304422 -0.951943 0.033657  0.016371 0.543539 1 0 1.000000
0  8.988995 4.286952 4.190358  0.325338 -0.943519 0.062675  0.014073 0.545374 1 0 1.000000
walllight001a
0  -8.835052 4.282097 -4.079287  0.879628 -0.402306 -0.253780  0.017418 0.728414 1 0 1.000000
0  -8.884075 4.242511 -3.876477  -0.300215 -0.953869 -0.002055  0.022672 0.729918 1 0 1.000000
0  -8.903467 4.250262 -4.065062  -0.300397 -0.953605 -0.019996  0.018070 0.730428 1 0 1.000000
walllight001a
0  8.789866 4.324677 3.838827  -0.940711 -0.338239 0.025632  0.022622 0.538960 1 0 1.000000
0  8.813296 4.275900 3.946706  -0.906010 -0.407308 0.115094  0.019838 0.540440 1 0 1.000000
0  8.794956 4.326709 3.946704  -0.934314 -0.338038 0.113086  0.019648 0.539139 1 0 1.000000
walllight001a
0  8.890748 4.306885 -4.223123  -0.707112 -0.353197 -0.612572  0.219968 0.542770 1 0 1.000000
0  8.810225 4.332806 -4.079286  -0.908155 -0.333067 -0.253617  0.216636 0.539670 1 0 1.000000
0  8.871299 4.357194 -4.223123  -0.737372 -0.285240 -0.612308  0.220809 0.541800 1 0 1.000000
walllight001a
0  -9.045515 4.424258 4.291914  0.142970 -0.062955 0.987723  0.224104 0.735033 1 0 1.000000
0  -8.943476 4.325456 4.234379  0.541551 -0.297493 0.786270  0.221293 0.731625 1 0 1.000000
0  -8.923368 4.375482 4.234379  0.571557 -0.229509 0.787813  0.222290 0.730886 1 0 1.000000
walllight001a
0  11.272273 9.490256 -4.338192  0.033866 -0.073718 -0.996704  0.223057 0.706663 1 0 1.000000
0  11.428204 9.435864 -4.261085  0.028589 -0.996852 -0.073954  0.220357 0.710376 1 0 1.000000
0  11.270649 9.435275 -4.283218  0.008177 -0.997128 -0.075293  0.220899 0.706536 1 0 1.000000
walllight001a
0  12.344002 9.542599 3.692708  -0.079307 -0.000001 -0.996850  0.146100 0.460668 1 0 1.000000
0  12.334208 9.069302 3.696186  -0.553928 -0.340051 -0.759953  0.157644 0.461060 1 0 1.000000
0  12.334208 9.542599 3.696186  -0.567117 0.000000 -0.823637  0.146096 0.460922 1 0 1.000000
walllight001a
0  -11.451995 9.490902 4.274325  -0.320659 -0.072943 0.944382  0.222324 0.898635 1 0 1.000000
0  -11.278337 9.544277 4.299105  -0.033356 0.000125 0.999444  0.224372 0.894205 1 0 1.000000
0  -11.451793 9.544927 4.274325  -0.320959 0.001212 0.947092  0.223532 0.899109 1 0 1.000000
walllight001a
0  -11.674808 9.545762 -3.941716  -0.999438 0.003759 -0.033307  0.021068 0.905889 1 0 1.000000
0  -11.675010 9.491737 3.902632  -0.996970 -0.070258 0.033381  0.212583 0.904571 1 0 1.000000
0  -11.674808 9.545762 3.902632  -0.999438 0.003728 0.033317  0.212588 0.905889 1 0 1.000000
walllight001a
0  -11.276914 9.435270 4.244130  -0.008140 -0.997130 0.075276  0.220900 0.894035 1 0 1.000000
0  -11.434468 9.435861 4.221997  -0.028865 -0.996851 0.073859  0.220357 0.897876 1 0 1.000000
0  -11.620240 9.436556 3.900801  -0.079021 -0.996870 0.002584  0.212529 0.902406 1 0 1.000000
walllight001a
0  12.648268 9.069302 -4.351176  0.074616 -0.339966 -0.937473  0.180799 0.494212 1 0 1.000000
0  12.657964 9.542598 -4.347436  0.589022 0.000001 -0.808117  0.169253 0.493905 1 0 1.000000
0  12.657964 9.069302 -4.347436  0.574165 -0.340022 -0.744795  0.180802 0.493984 1 0 1.000000
walllight001a
0  11.668542 9.545766 -3.941720  0.999440 0.003753 -0.033258  0.212587 0.718389 1 0 1.000000
0  11.643964 9.491648 -4.115177  0.944753 -0.070530 -0.320105  0.217104 0.716336 1 0 1.000000
0  11.643762 9.545673 -4.115177  0.947104 0.003555 -0.320907  0.217573 0.717580 1 0 1.000000
walllight001a
0  10.128060 5.760458 4.244127  0.994461 -0.074828 0.073817  0.012747 0.593514 1 0 1.000000
0  10.109245 9.085908 4.299102  0.070960 -0.005764 0.997463  0.010558 0.674662 1 0 1.000000
0  10.073340 5.765859 4.299102  0.076503 -0.005716 0.997053  0.010588 0.593608 1 0 1.000000
walllight001a
0  8.808135 4.273834 -3.877916  -0.912745 -0.407683 -0.026286  0.211025 0.540275 1 0 1.000000
0  8.877812 4.242514 3.837390  0.300164 -0.953886 0.001962  0.022668 0.542424 1 0 1.000000
0  8.808135 4.273834 3.838827  -0.912917 -0.407334 0.025748  0.022625 0.540280 1 0 1.000000
walllight001a
0  6.155155 4.163103 -4.763978  -0.263380 0.964692 -0.000013  0.992073 0.166501 1 0 1.000000
0  5.390602 3.975085 -0.646709  -0.195485 0.980707 0.000002  0.906620 0.183077 1 0 1.000000
0  6.154829 4.163009 -0.646709  -0.262366 0.964969 0.000002  0.906620 0.166509 1 0 1.000000
walllight001a
0  8.813296 4.275900 3.946706  -0.906010 -0.407308 0.115094  0.019838 0.540440 1 0 1.000000
0  8.920223 4.259465 4.095511  0.304422 -0.951943 0.033657  0.016371 0.543539 1 0 1.000000
0  8.854608 4.292430 4.119310  -0.817190 -0.386158 0.427881  0.015361 0.541706 1 0 1.000000
walllight001a
0  -3.853481 3.235270 4.217888  0.156884 -0.009386 0.987572  0.299255 0.270262 1 0 1.000000
0  -2.785512 3.804615 4.162899  0.025901 -0.000594 0.999664  0.286653 0.296477 1 0 1.000000
0  -3.840472 3.806337 4.217983  0.158137 -0.009484 0.987372  0.284851 0.270305 1 0 1.000000
walllight001a
0  9.629607 4.669757 4.244128  0.690647 -0.719420 0.073766  0.012753 0.563655 1 0 1.000000
0  9.092891 4.328477 -4.276692  0.402909 -0.911678 -0.080672  0.220734 0.548066 1 0 1.000000
0  9.629607 4.669758 -4.283216  0.690659 -0.719406 -0.073793  0.220900 0.563650 1 0 1.000000
walllight001a
0  -8.860870 4.292428 4.119312  0.818713 -0.386786 0.424389  0.218292 0.729213 1 0 1.000000
0  -8.889074 4.244509 3.940349  -0.299147 -0.954165 0.008965  0.213499 0.730055 1 0 1.000000
0  -8.819559 4.275897 3.946708  0.905988 -0.407363 0.115071  0.213816 0.727942 1 0 1.000000
walllight001a
0  -8.835052 4.282097 -4.079287  0.879628 -0.402306 -0.253780  0.017418 0.728414 1 0 1.000000
0  -8.957184 4.271732 -4.188787  -0.312545 -0.948638 -0.048996  0.015056 0.731872 1 0 1.000000
0  -8.897011 4.306882 -4.223121  0.707024 -0.353274 -0.612630  0.013693 0.730287 1 0 1.000000
walllight001a
0  -8.943476 4.325456 4.234379  0.541551 -0.297493 0.786270  0.221293 0.731625 1 0 1.000000
0  -8.926487 4.259462 4.095514  -0.304368 -0.951958 0.033699  0.217291 0.731064 1 0 1.000000
0  -8.860870 4.292428 4.119312  0.818713 -0.386786 0.424389  0.218292 0.729213 1 0 1.000000
walllight001a
0  -8.995259 4.286949 4.190361  -0.325282 -0.943533 0.062745  0.219591 0.732846 1 0 1.000000
0  -9.067394 4.374952 4.291903  0.111432 -0.132173 0.984943  0.222818 0.735171 1 0 1.000000
0  -9.099154 4.328474 4.237607  -0.402705 -0.911761 0.080751  0.220737 0.735572 1 0 1.000000
walllight001a
0  3.836892 3.806338 4.217982  -0.158100 -0.009391 0.987378  0.284784 0.458859 1 0 1.000000
0  4.676938 3.288333 4.435936  -0.267727 -0.030607 0.963009  0.294285 0.479606 1 0 1.000000
0  4.616829 3.856253 4.437104  -0.267758 -0.030672 0.962998  0.280366 0.479604 1 0 1.000000
walllight001a
0  -11.575892 9.491365 4.199986  -0.705636 -0.071643 0.704943  0.220305 0.901826 1 0 1.000000
0  -11.598108 9.436474 4.058357  -0.077504 -0.996669 0.025383  0.216373 0.901866 1 0 1.000000
0  -11.536922 9.436244 4.160811  -0.059492 -0.996666 0.055832  0.218845 0.900355 1 0 1.000000
walllight001a
0  -6.158731 4.163101 4.763979  0.057242 -0.014994 0.998248  0.273068 0.209084 1 0 1.000000
0  -5.511028 3.416102 4.671242  0.192764 -0.035606 0.980599  0.288941 0.229319 1 0 1.000000
0  -5.396865 3.975619 4.671334  0.193194 -0.035594 0.980515  0.275424 0.229355 1 0 1.000000
walllight001a
0  -9.041887 4.305587 -4.258545  -0.340911 -0.937314 -0.072267  0.013361 0.734064 1 0 1.000000
0  -8.897011 4.306882 -4.223121  0.707024 -0.353274 -0.612630  0.013693 0.730287 1 0 1.000000
0  -8.957184 4.271732 -4.188787  -0.312545 -0.948638 -0.048996  0.015056 0.731872 1 0 1.000000
walllight001a
0  -8.860870 4.292428 4.119312  0.818713 -0.386786 0.424389  0.218292 0.729213 1 0 1.000000
0  -8.801220 4.326706 3.946706  0.934308 -0.338043 0.113117  0.214007 0.726642 1 0 1.000000
0  -8.841936 4.342965 4.119309  0.848063 -0.318240 0.423689  0.218918 0.728076 1 0 1.000000
walllight001a
0  11.530656 9.436248 4.160808  0.059589 -0.996665 0.055757  0.014801 0.712857 1 0 1.000000
0  11.445728 9.490906 4.274323  0.320399 -0.072919 0.944472  0.011333 0.711138 1 0 1.000000
0  11.428203 9.435865 4.221994  0.029175 -0.996847 0.073784  0.013306 0.710382 1 0 1.000000
walllight001a
0  4.616829 3.856252 0.632094  0.000000 0.000000 1.000000  0.874637 0.699527 1 0 1.000000
0  5.390602 3.975085 0.632094  0.000000 0.000000 1.000000  0.893570 0.702435 1 0 1.000000
0  9.492537 9.552510 0.632093  0.000000 0.000000 1.000000  0.994105 0.839078 1 0 1.000000
walllight001a
0  -11.620240 9.436556 -3.939886  -0.078959 -0.996874 -0.002611  0.021127 0.902406 1 0 1.000000
0  -11.675010 9.491737 3.902632  -0.996970 -0.070258 0.033381  0.212583 0.904571 1 0 1.000000
0  -11.675010 9.491737 -3.941717  -0.996959 -0.070279 -0.033663  0.021073 0.904571 1 0 1.000000
walllight001a
0  -10.019933 5.256012 4.244130  -0.932562 -0.353379 0.073828  0.220906 0.768376 1 0 1.000000
0  -9.597970 4.709597 4.299106  -0.054520 -0.056755 0.996898  0.223064 0.751165 1 0 1.000000
0  -9.968350 5.275075 4.299105  -0.072319 -0.030745 0.996908  0.223063 0.768351 1 0 1.000000
walllight001a
0  9.591704 4.709599 -4.338192  0.054455 -0.056688 -0.996906  0.223062 0.563660 1 0 1.000000
0  10.013666 5.256016 -4.283217  0.932532 -0.353462 -0.073818  0.220905 0.580870 1 0 1.000000
0  9.629607 4.669758 -4.283216  0.690659 -0.719406 -0.073793  0.220900 0.563650 1 0 1.000000
walllight001a
0  -9.968350 5.275075 -4.338189  -0.072288 -0.030801 -0.996908  0.010594 0.768346 1 0 1.000000
0  -10.134326 5.760455 -4.283214  -0.994469 -0.074630 -0.073908  0.012747 0.781008 1 0 1.000000
0  -10.079606 5.765856 -4.338189  -0.076600 -0.005731 -0.997045  0.010588 0.781102 1 0 1.000000
walllight001a
0  5.507451 3.416105 4.671241  -0.192796 -0.035597 0.980593  0.288918 0.500258 1 0 1.000000
0  6.155154 4.163103 4.763978  -0.057049 -0.015082 0.998257  0.273033 0.520494 1 0 1.000000
0  5.393286 3.975621 4.671332  -0.193125 -0.035598 0.980528  0.275400 0.500222 1 0 1.000000
walllight001a
0  8.897203 4.250265 -4.065064  0.300537 -0.953561 -0.019998  0.215597 0.542941 1 0 1.000000
0  8.890748 4.306885 -4.223123  -0.707112 -0.353197 -0.612572  0.219968 0.542770 1 0 1.000000
0  8.950921 4.271735 -4.188789  0.312467 -0.948668 -0.048927  0.218599 0.544341 1 0 1.000000
walllight001a
0  9.554452 4.748748 4.299103  -0.000018 -0.000015 1.000000  0.009279 0.563676 1 0 1.000000
0  9.962085 5.275078 4.299102  0.072261 -0.030726 0.996912  0.010593 0.580851 1 0 1.000000
0  9.911395 5.293813 4.299102  0.000000 0.000001 1.000000  0.009283 0.580833 1 0 1.000000
walllight001a
0  -11.575892 9.491365 4.199986  -0.705636 -0.071643 0.704943  0.220305 0.901826 1 0 1.000000
0  -11.451793 9.544927 4.274325  -0.320959 0.001212 0.947092  0.223532 0.899109 1 0 1.000000
0  -11.575690 9.545390 4.199986  -0.707107 0.002645 0.707102  0.221239 0.902763 1 0 1.000000
walllight001a
0  10.109245 9.085909 -4.338192  0.070917 -0.005703 -0.997466  0.223097 0.674665 1 0 1.000000
0  10.019566 5.771168 -4.338192  0.000001 0.000000 -1.000000  0.224380 0.593704 1 0 1.000000
0  10.055237 9.088068 -4.338192  0.000001 0.000000 -1.000000  0.224415 0.674689 1 0 1.000000
walllight001a
0  10.013667 5.256015 4.244127  0.932516 -0.353515 0.073756  0.012749 0.580876 1 0 1.000000
0  10.073340 5.765859 4.299102  0.076503 -0.005716 0.997053  0.010588 0.593608 1 0 1.000000
0  9.962085 5.275078 4.299102  0.072261 -0.030726 0.996912  0.010593 0.580851 1 0 1.000000
walllight001a
0  -2.786893 3.233479 4.162669  -0.000853 -1.000000 0.000008  0.300652 0.296469 1 0 1.000000
0  2.783315 3.233413 -4.163041  0.000854 -1.000000 0.000008  0.505452 0.433109 1 0 1.000000
0  2.783314 3.233479 4.162668  0.000853 -1.000000 0.000008  0.300657 0.433109 1 0 1.000000
walllight001a
0  9.962085 5.275079 -4.338192  0.073212 -0.027998 -0.996923  0.223061 0.580846 1 0 1.000000
0  10.128060 5.760458 -4.283217  0.994469 -0.074665 -0.073873  0.220908 0.593508 1 0 1.000000
0  10.013666 5.256016 -4.283217  0.932532 -0.353462 -0.073818  0.220905 0.580870 1 0 1.000000
walllight001a
0  -10.115512 9.085906 -4.338190  -0.070925 -0.005738 -0.997465  0.010558 0.862165 1 0 1.000000
0  -10.134326 5.760455 -4.283214  -0.994469 -0.074630 -0.073908  0.012747 0.781008 1 0 1.000000
0  -10.170468 9.083709 -4.283215  -0.994974 -0.069964 -0.071633  0.012723 0.862160 1 0 1.000000
walllight001a
0  10.109245 9.085909 -4.338192  0.070917 -0.005703 -0.997466  0.223097 0.674665 1 0 1.000000
0  10.468047 9.429380 -4.283217  0.127469 -0.989224 -0.072031  0.220933 0.686939 1 0 1.000000
0  10.164203 9.083712 -4.283217  0.994945 -0.070409 -0.071603  0.220932 0.674660 1 0 1.000000
walllight001a
0  -11.650027 9.545669 4.076088  -0.947100 0.003550 0.320918  0.217570 0.905056 1 0 1.000000
0  -11.675010 9.491737 3.902632  -0.996970 -0.070258 0.033381  0.212583 0.904571 1 0 1.000000
0  -11.650229 9.491644 4.076088  -0.944741 -0.070613 0.320123  0.217104 0.903845 1 0 1.000000
walllight001a
0  10.164203 9.083711 4.244127  0.994979 -0.069961 0.071577  0.012723 0.674657 1 0 1.000000
0  10.461071 9.484016 4.299102  0.009979 -0.067381 0.997677  0.010546 0.686930 1 0 1.000000
0  10.109245 9.085908 4.299102  0.070960 -0.005764 0.997463  0.010558 0.674662 1 0 1.000000
walllight001a
0  4.676942 3.288260 -4.436272  -0.267811 -0.030037 -0.963003  0.511787 0.479606 1 0 1.000000
0  5.393287 3.975621 -4.671332  -0.193244 -0.035020 -0.980525  0.530669 0.500222 1 0 1.000000
0  5.507473 3.416043 -4.671615  -0.192882 -0.034978 -0.980598  0.517155 0.500259 1 0 1.000000
walllight001a
0  10.461072 9.484016 -4.338192  0.009981 -0.067374 -0.997678  0.223108 0.686933 1 0 1.000000
0  10.055237 9.088068 -4.338192  0.000001 0.000000 -1.000000  0.224415 0.674689 1 0 1.000000
0  10.454226 9.537710 -4.338192  0.000000 0.000000 -1.000000  0.224428 0.686843 1 0 1.000000
walllight001a
0  9.554217 4.749091 -4.773692  0.000062 -0.000032 -1.000000  0.519406 0.604510 1 0 1.000000
0  8.706685 4.924045 -4.773758  -0.001586 -0.000993 -0.999998  0.533035 0.589744 1 0 1.000000
0  9.087871 5.221982 -4.773760  0.000076 -0.000070 -1.000000  0.533035 0.604517 1 0 1.000000
walllight001a
0  8.758788 5.533433 -2.448078  -0.000848 -0.707105 0.707108  1.243479 0.435457 1 0 1.000000
0  8.708289 5.294089 -3.205260  0.201331 -0.946146 -0.253524  1.222920 0.433869 1 0 1.000000
0  8.758788 5.333367 -3.194735  -0.000834 -0.965926 -0.258817  1.222919 0.435457 1 0 1.000000
walllight001a
0  2.781932 3.804616 4.162898  -0.000826 1.000000 -0.000005  0.885441 0.355551 1 0 1.000000
0  3.834949 3.806292 0.632094  -0.032689 0.999466 0.000010  0.812331 0.377711 1 0 1.000000
0  2.781746 3.804615 0.632094  -0.000796 1.000000 -0.000000  0.812331 0.355545 1 0 1.000000
walllight001a
0  10.468047 9.429380 4.244127  0.127657 -0.989196 0.072074  0.012722 0.686936 1 0 1.000000
0  11.272273 9.490256 4.299102  0.034468 -0.073720 0.996683  0.010598 0.706664 1 0 1.000000
0  10.461071 9.484016 4.299102  0.009979 -0.067381 0.997677  0.010546 0.686930 1 0 1.000000
walllight001a
0  -8.814398 4.273831 3.838830  0.912728 -0.407773 0.025473  0.211029 0.727779 1 0 1.000000
0  -8.884075 4.242511 -3.876477  -0.300215 -0.953869 -0.002055  0.022672 0.729918 1 0 1.000000
0  -8.814398 4.273831 -3.877913  0.912749 -0.407698 -0.025918  0.022629 0.727774 1 0 1.000000
walllight001a
0  11.613976 9.436560 3.900798  0.078909 -0.996878 0.002669  0.021126 0.714906 1 0 1.000000
0  11.643964 9.491648 4.076086  0.944728 -0.070560 0.320173  0.016555 0.716328 1 0 1.000000
0  11.591843 9.436478 4.058354  0.077697 -0.996664 0.024996  0.017289 0.714348 1 0 1.000000
walllight001a
0  -11.650229 9.491644 -4.115174  -0.944748 -0.070533 -0.320119  0.016552 0.903835 1 0 1.000000
0  -11.620240 9.436556 -3.939886  -0.078959 -0.996874 -0.002611  0.021127 0.902406 1 0 1.000000
0  -11.675010 9.491737 -3.941717  -0.996959 -0.070279 -0.033663  0.021073 0.904571 1 0 1.000000
walllight001a
0  11.569626 9.491369 -4.239074  0.705420 -0.071629 -0.705161  0.220305 0.714328 1 0 1.000000
0  11.591842 9.436478 -4.097445  0.077469 -0.996675 -0.025237  0.216372 0.714366 1 0 1.000000
0  11.530656 9.436248 -4.199898  0.059173 -0.996673 -0.056042  0.218844 0.712855 1 0 1.000000
walllight001a
0  -11.650229 9.491644 -4.115174  -0.944748 -0.070533 -0.320119  0.016552 0.903835 1 0 1.000000
0  -11.674808 9.545762 -3.941716  -0.999438 0.003759 -0.033307  0.021068 0.905889 1 0 1.000000
0  -11.650029 9.545670 -4.115174  -0.947106 0.003510 -0.320901  0.016094 0.905049 1 0 1.000000
walllight001a
0  -9.559837 4.749023 -4.773690  -0.000063 -0.000045 -1.000000  0.519421 0.124972 1 0 1.000000
0  -8.710265 4.924043 -4.773757  0.001586 -0.001008 -0.999998  0.533036 0.139760 1 0 1.000000
0  -9.046435 4.425143 -4.773761  0.001263 -0.000844 -0.999999  0.519419 0.139730 1 0 1.000000
walllight001a
0  11.591843 9.436478 4.058354  0.077697 -0.996664 0.024996  0.017289 0.714348 1 0 1.000000
0  11.569626 9.491369 4.199984  0.705206 -0.071627 0.705375  0.013347 0.714331 1 0 1.000000
0  11.530656 9.436248 4.160808  0.059589 -0.996665 0.055757  0.014801 0.712857 1 0 1.000000
walllight001a
0  9.322274 5.579599 -4.773760  0.000026 -0.000050 -1.000000  0.533035 0.620113 1 0 1.000000
0  9.554217 4.749091 -4.773692  0.000062 -0.000032 -1.000000  0.519406 0.604510 1 0 1.000000
0  9.087871 5.221982 -4.773760  0.000076 -0.000070 -1.000000  0.533035 0.604517 1 0 1.000000
walllight001a
0  -9.501860 6.126251 -0.646707  0.989471 0.144730 0.000000  0.906619 0.514638 1 0 1.000000
0  -9.496119 9.552507 -4.773758  0.999999 -0.001675 0.000000  0.992274 0.586753 1 0 1.000000
0  -9.496119 9.552507 -0.646707  0.999999 -0.001676 0.000000  0.906615 0.586748 1 0 1.000000
walllight001a
0  11.445729 9.490906 -4.313413  0.320424 -0.072968 -0.944460  0.222313 0.711136 1 0 1.000000
0  11.569424 9.545395 -4.239074  0.707111 0.002645 -0.707098  0.221239 0.715265 1 0 1.000000
0  11.569626 9.491369 -4.239074  0.705420 -0.071629 -0.705161  0.220305 0.714328 1 0 1.000000
walllight001a
0  -9.046411 4.425205 4.773393  -0.413160 -0.910659 0.000007  0.286689 0.139731 1 0 1.000000
0  -6.316501 3.614219 -4.764013  -0.262774 -0.964857 0.000007  0.519419 0.209085 1 0 1.000000
0  -6.316483 3.614285 4.763644  -0.262774 -0.964857 0.000007  0.286689 0.209086 1 0 1.000000
walllight001a
0  11.445728 9.490906 4.274323  0.320399 -0.072919 0.944472  0.011333 0.711138 1 0 1.000000
0  11.270648 9.435274 4.244127  0.008205 -0.997128 0.075286  0.012755 0.706536 1 0 1.000000
0  11.428203 9.435865 4.221994  0.029175 -0.996847 0.073784  0.013306 0.710382 1 0 1.000000
walllight001a
0  5.390602 3.975085 0.632094  -0.195475 0.980709 -0.000015  0.812330 0.410685 1 0 1.000000
0  6.155154 4.163103 4.763978  -0.263380 0.964692 0.000012  0.898092 0.427261 1 0 1.000000
0  6.154829 4.163009 0.632094  -0.262365 0.964969 -0.000001  0.812330 0.427253 1 0 1.000000
walllight001a
0  12.787518 9.542598 3.779803  0.823651 0.000002 -0.567097  0.145786 0.516074 1 0 1.000000
0  12.817197 9.232998 3.863387  0.860908 -0.282368 -0.423209  0.153351 0.513911 1 0 1.000000
0  12.787518 9.232998 3.779803  0.788663 -0.339942 -0.512298  0.153346 0.516078 1 0 1.000000
walllight001a
0  -9.917315 5.294168 -4.773726  -0.000020 -0.000056 -1.000000  0.519421 0.109548 1 0 1.000000
0  -9.501858 6.126251 -4.773757  0.000006 -0.000013 -1.000000  0.533036 0.097587 1 0 1.000000
0  -9.328070 5.548440 -4.773757  -0.000043 -0.000021 -1.000000  0.533036 0.109550 1 0 1.000000
walllight001a
0  8.808135 4.273834 -3.877916  -0.912745 -0.407683 -0.026286  0.211025 0.540275 1 0 1.000000
0  8.897203 4.250265 -4.065064  0.300537 -0.953561 -0.019998  0.215597 0.542941 1 0 1.000000
0  8.877811 4.242514 -3.876479  0.300252 -0.953858 -0.002123  0.210982 0.542419 1 0 1.000000
walllight001a
0  9.061131 4.374955 4.291900  -0.111384 -0.132030 0.984968  0.010838 0.547674 1 0 1.000000
0  8.917105 4.375485 4.234376  -0.571586 -0.229059 0.787922  0.011372 0.543397 1 0 1.000000
0  8.937212 4.325459 4.234376  -0.540733 -0.297006 0.787017  0.012371 0.544137 1 0 1.000000
walllight001a
0  -8.889074 4.244509 3.940349  -0.299147 -0.954165 0.008965  0.213499 0.730055 1 0 1.000000
0  -8.903467 4.250262 -4.065062  -0.300397 -0.953605 -0.019996  0.018070 0.730428 1 0 1.000000
0  -8.884075 4.242511 -3.876477  -0.300215 -0.953869 -0.002055  0.022672 0.729918 1 0 1.000000
walllight001a
0  -8.889074 4.244509 3.940349  -0.299147 -0.954165 0.008965  0.213499 0.730055 1 0 1.000000
0  -8.884075 4.242511 -3.876477  -0.300215 -0.953869 -0.002055  0.022672 0.729918 1 0 1.000000
0  -8.884075 4.242511 3.837393  -0.300185 -0.953879 0.002046  0.210986 0.729924 1 0 1.000000
walllight001a
0  9.498280 6.126254 -0.646709  0.000000 -0.000000 -1.000000  1.994242 0.755418 1 0 1.000000
0  9.322274 5.579599 -0.646709  0.000000 0.000000 -1.000000  1.989907 0.741886 1 0 1.000000
0  8.706684 4.924045 -0.646709  0.000000 0.000000 -1.000000  1.974586 0.725620 1 0 1.000000
walllight001a
0  9.962085 5.275079 -4.338192  0.073212 -0.027998 -0.996923  0.223061 0.580846 1 0 1.000000
0  9.554452 4.748749 -4.338192  -0.000007 -0.000005 -1.000000  0.224373 0.563670 1 0 1.000000
0  9.911395 5.293814 -4.338192  -0.000007 0.000000 -1.000000  0.224371 0.580827 1 0 1.000000
walllight001a
0  -9.968350 5.275075 -4.338189  -0.072288 -0.030801 -0.996908  0.010594 0.768346 1 0 1.000000
0  -10.025830 5.771164 -4.338189  0.000007 -0.000000 -1.000000  0.009275 0.781204 1 0 1.000000
0  -9.917661 5.293811 -4.338189  -0.000000 0.000000 -1.000000  0.009284 0.768327 1 0 1.000000
walllight001a
0  8.758788 9.169101 3.188399  -0.000836 0.965927 0.258812  0.050883 0.439297 1 0 1.000000
0  8.809152 8.997789 2.412989  -0.201807 0.692557 -0.692560  0.030438 0.440886 1 0 1.000000
0  8.758789 8.969035 2.441743  -0.000862 0.707104 -0.707109  0.030437 0.439297 1 0 1.000000
walllight001a
0  9.962085 5.275079 -4.338192  0.073212 -0.027998 -0.996923  0.223061 0.580846 1 0 1.000000
0  10.019566 5.771168 -4.338192  0.000001 0.000000 -1.000000  0.224380 0.593704 1 0 1.000000
0  10.073339 5.765860 -4.338192  0.076514 -0.005731 -0.997052  0.223067 0.593602 1 0 1.000000
walllight001a
0  -8.803674 6.655365 -3.570014  0.201784 0.692562 -0.692561  1.050883 0.532476 1 0 1.000000
0  -9.574084 5.869431 -3.780605  0.000000 -0.258818 -0.965926  1.071334 0.513452 1 0 1.000000
0  -9.574084 6.655365 -3.570014  0.000000 0.707107 -0.707106  1.050881 0.513452 1 0 1.000000
walllight001a
0  9.061131 4.374955 4.291900  -0.111384 -0.132030 0.984968  0.010838 0.547674 1 0 1.000000
0  8.988995 4.286952 4.190358  0.325338 -0.943519 0.062675  0.014073 0.545374 1 0 1.000000
0  9.092891 4.328477 4.237604  0.399015 -0.913392 0.080635  0.012918 0.548072 1 0 1.000000
walllight001a
0  -10.025120 5.770727 4.773392  -0.000617 -0.000131 1.000000  0.286689 0.097603 1 0 1.000000
0  -9.328070 5.548440 4.773761  -0.000559 -0.000280 1.000000  0.273068 0.109550 1 0 1.000000
0  -9.501858 6.126251 4.773761  -0.000660 -0.000064 1.000000  0.273068 0.097587 1 0 1.000000
walllight001a
0  9.322274 5.579599 -4.773760  -0.902247 0.431219 0.000000  0.992278 0.091197 1 0 1.000000
0  9.087872 5.221983 -0.646709  -0.735909 0.677080 -0.000000  0.906619 0.100267 1 0 1.000000
0  9.322274 5.579599 -0.646709  -0.902247 0.431220 0.000000  0.906619 0.091217 1 0 1.000000
walllight001a
0  -10.061503 9.088065 -4.338190  0.000000 -0.000000 -1.000000  0.009240 0.862189 1 0 1.000000
0  -10.079606 5.765856 -4.338189  -0.076600 -0.005731 -0.997045  0.010588 0.781102 1 0 1.000000
0  -10.115512 9.085906 -4.338190  -0.070925 -0.005738 -0.997465  0.010558 0.862165 1 0 1.000000
walllight001a
0  -11.598107 9.436474 -4.097442  -0.077721 -0.996660 -0.025072  0.017290 0.901849 1 0 1.000000
0  -11.575892 9.491365 -4.239071  -0.705401 -0.071684 -0.705174  0.013346 0.901831 1 0 1.000000
0  -11.536922 9.436244 -4.199895  -0.059551 -0.996669 -0.055721  0.014802 0.900357 1 0 1.000000
walllight001a
0  -10.115512 9.085906 -4.338190  -0.070925 -0.005738 -0.997465  0.010558 0.862165 1 0 1.000000
0  -10.460492 9.537707 -4.338190  -0.000001 0.000000 -1.000000  0.009227 0.874343 1 0 1.000000
0  -10.061503 9.088065 -4.338190  0.000000 -0.000000 -1.000000  0.009240 0.862189 1 0 1.000000
walllight001a
0  -11.276914 9.435270 4.244130  -0.008140 -0.997130 0.075276  0.220900 0.894035 1 0 1.000000
0  -10.467338 9.484015 4.299105  -0.009963 -0.067466 0.997672  0.223109 0.874430 1 0 1.000000
0  -11.278539 9.490252 4.299105  -0.033747 -0.073834 0.996699  0.223058 0.894163 1 0 1.000000
walllight001a
0  4.616829 3.856253 4.437104  -0.267758 -0.030672 0.962998  0.280366 0.479604 1 0 1.000000
0  5.507451 3.416105 4.671241  -0.192796 -0.035597 0.980593  0.288918 0.500258 1 0 1.000000
0  5.393286 3.975621 4.671332  -0.193125 -0.035598 0.980528  0.275400 0.500222 1 0 1.000000
walllight001a
0  8.809151 8.211854 -2.208734  -0.201743 -0.253476 0.946070  1.132698 0.440886 1 0 1.000000
0  8.758788 7.675789 -2.794603  -0.000853 -0.965924 0.258826  1.112231 0.439297 1 0 1.000000
0  8.809151 7.636510 -2.784079  -0.201686 -0.946074 0.253507  1.112230 0.440886 1 0 1.000000
walllight001a
0  12.814477 9.220998 3.871218  -0.251841 -0.427751 -0.868104  0.253660 0.511549 1 0 1.000000
0  12.299386 9.069302 4.480484  -0.909537 -0.384077 -0.158830  0.257420 0.531017 1 0 1.000000
0  12.299386 9.220998 4.480484  -0.923657 -0.379218 -0.055243  0.253716 0.531027 1 0 1.000000
walllight001a
0  -10.467338 9.484015 4.299105  -0.009963 -0.067466 0.997672  0.223109 0.874430 1 0 1.000000
0  -11.278337 9.544277 4.299105  -0.033356 0.000125 0.999444  0.224372 0.894205 1 0 1.000000
0  -11.278539 9.490252 4.299105  -0.033747 -0.073834 0.996699  0.223058 0.894163 1 0 1.000000
walllight001a
0  12.202572 9.069302 -4.276031  -0.774574 -0.339997 -0.533326  0.180763 0.505251 1 0 1.000000
0  12.210657 9.542598 -4.282559  -0.405361 0.000000 -0.914157  0.169209 0.504993 1 0 1.000000
0  12.210657 9.069302 -4.282559  -0.357952 -0.340041 -0.869622  0.180763 0.505023 1 0 1.000000
walllight001a
0  11.643762 9.545672 4.076086  0.947095 0.003523 0.320935  0.016085 0.717573 1 0 1.000000
0  11.668743 9.491741 3.902628  0.996974 -0.070164 0.033463  0.021072 0.717071 1 0 1.000000
0  11.668541 9.545766 3.902629  0.999438 0.003736 0.033314  0.021068 0.718389 1 0 1.000000
walllight001a
0  -9.000271 4.348147 -4.309419  0.340560 -0.222981 -0.913399  0.011405 0.733253 1 0 1.000000
0  -9.045515 4.424259 -4.330997  0.142976 -0.062840 -0.987729  0.009554 0.735028 1 0 1.000000
0  -8.979353 4.397838 -4.309422  0.371622 -0.155724 -0.915231  0.010234 0.732748 1 0 1.000000
walllight001a
0  -8.841936 4.342965 4.119309  0.848063 -0.318240 0.423689  0.218918 0.728076 1 0 1.000000
0  -8.943476 4.325456 4.234379  0.541551 -0.297493 0.786270  0.221293 0.731625 1 0 1.000000
0  -8.860870 4.292428 4.119312  0.818713 -0.386786 0.424389  0.218292 0.729213 1 0 1.000000
walllight001a
0  9.039252 4.424261 -4.331000  -0.142932 -0.062942 -0.987729  0.224101 0.547527 1 0 1.000000
0  8.994007 4.348150 -4.309422  -0.340623 -0.223015 -0.913367  0.222250 0.545749 1 0 1.000000
0  8.973089 4.397841 -4.309424  -0.371762 -0.155413 -0.915227  0.223422 0.545245 1 0 1.000000
walllight001a
0  -8.897011 4.306882 -4.223121  0.707024 -0.353274 -0.612630  0.013693 0.730287 1 0 1.000000
0  -8.816488 4.332803 -4.079284  0.908255 -0.333219 -0.253058  0.017015 0.727171 1 0 1.000000
0  -8.835052 4.282097 -4.079287  0.879628 -0.402306 -0.253780  0.017418 0.728414 1 0 1.000000
walllight001a
0  6.154829 4.163009 -0.646709  -0.262366 0.964969 0.000002  0.906620 0.166509 1 0 1.000000
0  8.706685 4.924045 -4.773758  -0.458981 0.888446 -0.000000  0.992282 0.110401 1 0 1.000000
0  6.155155 4.163103 -4.763978  -0.263380 0.964692 -0.000013  0.992073 0.166501 1 0 1.000000
walllight001a
0  8.835672 4.342968 4.119308  -0.848057 -0.318261 0.423685  0.014732 0.540573 1 0 1.000000
0  8.937212 4.325459 4.234376  -0.540733 -0.297006 0.787017  0.012371 0.544137 1 0 1.000000
0  8.917105 4.375485 4.234376  -0.571586 -0.229059 0.787922  0.011372 0.543397 1 0 1.000000
walllight001a
0  8.789867 4.324677 -3.877915  -0.940871 -0.337820 -0.025269  0.211029 0.538955 1 0 1.000000
0  8.828790 4.282100 -4.079289  -0.879653 -0.402206 -0.253852  0.216237 0.540915 1 0 1.000000
0  8.808135 4.273834 -3.877916  -0.912745 -0.407683 -0.026286  0.211025 0.540275 1 0 1.000000
walllight001a
0  -8.816488 4.332803 -4.079284  0.908255 -0.333219 -0.253058  0.017015 0.727171 1 0 1.000000
0  -8.814398 4.273831 -3.877913  0.912749 -0.407698 -0.025918  0.022629 0.727774 1 0 1.000000
0  -8.835052 4.282097 -4.079287  0.879628 -0.402306 -0.253780  0.017418 0.728414 1 0 1.000000
walllight001a
0  -8.814398 4.273831 3.838830  0.912728 -0.407773 0.025473  0.211029 0.727779 1 0 1.000000
0  -8.796131 4.324674 -3.877913  0.940802 -0.338005 -0.025375  0.022626 0.726455 1 0 1.000000
0  -8.796129 4.324674 3.838829  0.940614 -0.338521 0.025475  0.211033 0.726460 1 0 1.000000
walllight001a
0  -11.575690 9.545390 4.199986  -0.707107 0.002645 0.707102  0.221239 0.902763 1 0 1.000000
0  -11.650229 9.491644 4.076088  -0.944741 -0.070613 0.320123  0.217104 0.903845 1 0 1.000000
0  -11.575892 9.491365 4.199986  -0.705636 -0.071643 0.704943  0.220305 0.901826 1 0 1.000000
walllight001a
0  8.809151 8.211854 -2.208734  -0.201743 -0.253476 0.946070  1.009970 0.440886 1 0 1.000000
0  8.758787 8.969035 -2.448079  -0.000827 0.707104 0.707109  1.030439 0.439297 1 0 1.000000
0  8.758788 8.222379 -2.248013  -0.000856 -0.258830 0.965923  1.010242 0.439297 1 0 1.000000
walllight001a
0  11.445729 9.490906 -4.313413  0.320424 -0.072968 -0.944460  0.222313 0.711136 1 0 1.000000
0  11.530656 9.436248 -4.199898  0.059173 -0.996673 -0.056042  0.218844 0.712855 1 0 1.000000
0  11.428204 9.435864 -4.261085  0.028589 -0.996852 -0.073954  0.220357 0.710376 1 0 1.000000
walllight001a
0  -11.434469 9.435862 -4.261083  -0.028808 -0.996856 -0.073815  0.013307 0.897882 1 0 1.000000
0  -11.278539 9.490252 -4.338190  -0.033832 -0.073819 -0.996698  0.010599 0.894164 1 0 1.000000
0  -11.276914 9.435270 -4.283215  -0.008057 -0.997122 -0.075387  0.012756 0.894036 1 0 1.000000
walllight001a
0  -12.757977 9.069300 3.821063  -0.455790 -0.384854 -0.802585  0.204682 0.452549 1 0 1.000000
0  -12.751986 9.220996 3.821067  0.364307 -0.379576 -0.850413  0.200975 0.452337 1 0 1.000000
0  -12.751985 9.069300 3.821067  0.456919 -0.384838 -0.801950  0.204691 0.452405 1 0 1.000000
walllight001a
0  11.643762 9.545673 -4.115177  0.947104 0.003555 -0.320907  0.217573 0.717580 1 0 1.000000
0  11.569626 9.491369 -4.239074  0.705420 -0.071629 -0.705161  0.220305 0.714328 1 0 1.000000
0  11.569424 9.545395 -4.239074  0.707111 0.002645 -0.707098  0.221239 0.715265 1 0 1.000000
walllight001a
0  8.813296 4.275900 3.946706  -0.906010 -0.407308 0.115094  0.019838 0.540440 1 0 1.000000
0  8.835672 4.342968 4.119308  -0.848057 -0.318261 0.423685  0.014732 0.540573 1 0 1.000000
0  8.794956 4.326709 3.946704  -0.934314 -0.338038 0.113086  0.019648 0.539139 1 0 1.000000
walllight001a
0  9.035625 4.305589 -4.258548  0.341003 -0.937283 -0.072227  0.220294 0.546564 1 0 1.000000
0  9.061131 4.374954 -4.330989  -0.109387 -0.131148 -0.985309  0.222815 0.547665 1 0 1.000000
0  9.092891 4.328477 -4.276692  0.402909 -0.911678 -0.080672  0.220734 0.548066 1 0 1.000000
walllight001a
0  6.312905 3.614286 4.763642  -0.056341 -0.014740 0.998303  0.286668 0.520492 1 0 1.000000
0  8.706684 4.924045 4.773758  -0.001345 -0.001549 0.999998  0.273033 0.589745 1 0 1.000000
0  6.155154 4.163103 4.763978  -0.057049 -0.015082 0.998257  0.273033 0.520494 1 0 1.000000
walllight001a
0  6.155155 4.163103 -4.763978  -0.057535 -0.014312 -0.998241  0.533036 0.520493 1 0 1.000000
0  5.507473 3.416043 -4.671615  -0.192882 -0.034978 -0.980598  0.517155 0.500259 1 0 1.000000
0  5.393287 3.975621 -4.671332  -0.193244 -0.035020 -0.980525  0.530669 0.500222 1 0 1.000000
walllight001a
0  9.092891 4.328477 4.237604  0.399015 -0.913392 0.080635  0.012918 0.548072 1 0 1.000000
0  9.591704 4.709599 4.299103  0.055613 -0.055585 0.996904  0.010591 0.563665 1 0 1.000000
0  9.061131 4.374955 4.291900  -0.111384 -0.132030 0.984968  0.010838 0.547674 1 0 1.000000
walllight001a
0  9.554452 4.748748 4.299103  -0.000018 -0.000015 1.000000  0.009279 0.563676 1 0 1.000000
0  9.061131 4.374955 4.291900  -0.111384 -0.132030 0.984968  0.010838 0.547674 1 0 1.000000
0  9.591704 4.709599 4.299103  0.055613 -0.055585 0.996904  0.010591 0.563665 1 0 1.000000
walllight001a
0  -8.710264 4.924042 0.632096  0.458028 0.888938 -0.000000  0.812331 0.110623 1 0 1.000000
0  -9.115002 5.239278 4.773761  0.727412 0.686201 -0.000000  0.898297 0.099796 1 0 1.000000
0  -8.710264 4.924043 4.773760  0.458224 0.888837 0.000000  0.898301 0.110561 1 0 1.000000
walllight001a
0  2.781933 3.804617 -4.162897  -0.025902 0.000060 -0.999664  0.519448 0.433101 1 0 1.000000
0  -2.786892 3.233412 -4.163039  0.026037 0.000058 -0.999661  0.505456 0.296469 1 0 1.000000
0  -2.785511 3.804616 -4.162896  0.026054 0.000187 -0.999661  0.519450 0.296477 1 0 1.000000
walllight001a
0  6.155154 4.163103 4.763978  -0.263380 0.964692 0.000012  0.898092 0.427261 1 0 1.000000
0  8.706684 4.924044 0.632093  -0.458785 0.888547 0.000000  0.812330 0.483298 1 0 1.000000
0  6.154829 4.163009 0.632094  -0.262365 0.964969 -0.000001  0.812330 0.427253 1 0 1.000000
walllight001a
0  -9.046411 4.425205 4.773393  0.001100 -0.001387 0.999998  0.286689 0.139731 1 0 1.000000
0  -6.158731 4.163101 4.763979  0.057242 -0.014994 0.998248  0.273068 0.209084 1 0 1.000000
0  -8.710264 4.924043 4.773760  0.001411 -0.001703 0.999998  0.273068 0.139760 1 0 1.000000
walllight001a
0  10.073339 5.765860 -4.338192  0.076514 -0.005731 -0.997052  0.223067 0.593602 1 0 1.000000
0  10.164203 9.083712 -4.283217  0.994945 -0.070409 -0.071603  0.220932 0.674660 1 0 1.000000
0  10.128060 5.760458 -4.283217  0.994469 -0.074665 -0.073873  0.220908 0.593508 1 0 1.000000
walllight001a
0  3.849902 3.235271 4.217887  0.035747 -0.999361 0.000008  0.299248 0.459328 1 0 1.000000
0  4.676942 3.288260 -4.436272  0.115552 -0.993302 0.000008  0.511787 0.479606 1 0 1.000000
0  4.676938 3.288333 4.435936  0.115544 -0.993302 0.000008  0.294285 0.479606 1 0 1.000000
walllight001a
0  -9.496119 9.552507 4.773761  0.999999 -0.001675 -0.000000  0.898292 0.007009 1 0 1.000000
0  -9.501860 6.126251 0.632096  0.989471 0.144730 -0.000000  0.812330 0.079124 1 0 1.000000
0  -9.496119 9.552507 0.632095  0.999999 -0.001676 0.000000  0.812326 0.007014 1 0 1.000000
walllight001a
0  9.087871 5.221984 4.773758  0.000471 -0.000429 1.000000  0.273033 0.604517 1 0 1.000000
0  9.911533 5.293772 4.773353  0.000551 -0.000295 1.000000  0.286667 0.620113 1 0 1.000000
0  9.322274 5.579599 4.773758  0.000559 -0.000267 1.000000  0.273033 0.620113 1 0 1.000000
walllight001a
0  9.911533 5.293772 4.773353  0.920541 -0.390647 0.000007  0.286667 0.620113 1 0 1.000000
0  10.019215 5.770532 -4.773766  0.993464 -0.114150 0.000007  0.519404 0.632087 1 0 1.000000
0  10.019149 5.770536 4.773391  0.993464 -0.114148 0.000007  0.286668 0.632087 1 0 1.000000
walllight001a
0  -11.278539 9.490252 -4.338190  -0.033832 -0.073819 -0.996698  0.010599 0.894164 1 0 1.000000
0  -10.474313 9.429379 -4.283215  -0.127798 -0.989173 -0.072136  0.012723 0.874439 1 0 1.000000
0  -11.276914 9.435270 -4.283215  -0.008057 -0.997122 -0.075387  0.012756 0.894036 1 0 1.000000
walllight001a
0  -11.451793 9.544927 -4.313410  -0.320916 0.001200 -0.947107  0.010102 0.899115 1 0 1.000000
0  -11.278539 9.490252 -4.338190  -0.033832 -0.073819 -0.996698  0.010599 0.894164 1 0 1.000000
0  -11.451995 9.490902 -4.313410  -0.320413 -0.073031 -0.944458  0.011341 0.898638 1 0 1.000000
walllight001a
0  10.461072 9.484016 -4.338192  0.009981 -0.067374 -0.997678  0.223108 0.686933 1 0 1.000000
0  11.270649 9.435275 -4.283218  0.008177 -0.997128 -0.075293  0.220899 0.706536 1 0 1.000000
0  10.468047 9.429380 -4.283217  0.127469 -0.989224 -0.072031  0.220933 0.686939 1 0 1.000000
walllight001a
0  -5.511050 3.416040 -4.671614  0.192882 -0.034915 -0.980601  0.517167 0.229318 1 0 1.000000
0  -4.620407 3.856252 -4.437102  0.267854 -0.030050 -0.962991  0.525711 0.249972 1 0 1.000000
0  -4.680520 3.288266 -4.436305  0.267793 -0.029995 -0.963009  0.511798 0.249970 1 0 1.000000
walllight001a
0  -3.853488 3.235203 -4.218259  0.156988 -0.008689 -0.987562  0.506853 0.270262 1 0 1.000000
0  -4.620407 3.856252 -4.437102  0.267854 -0.030050 -0.962991  0.525711 0.249972 1 0 1.000000
0  -3.840471 3.806337 -4.217980  0.158188 -0.008839 -0.987369  0.521254 0.270305 1 0 1.000000
walllight001a
0  2.781932 3.804616 4.162898  -0.025902 -0.000594 0.999664  0.286662 0.433101 1 0 1.000000
0  3.849902 3.235271 4.217887  -0.156902 -0.009387 0.987570  0.299248 0.459328 1 0 1.000000
0  3.836892 3.806338 4.217982  -0.158100 -0.009391 0.987378  0.284784 0.458859 1 0 1.000000
walllight001a
0  4.676938 3.288333 4.435936  0.115544 -0.993302 0.000008  0.294285 0.479606 1 0 1.000000
0  5.507473 3.416043 -4.671615  0.201287 -0.979532 0.000008  0.517155 0.500259 1 0 1.000000
0  5.507451 3.416105 4.671241  0.201280 -0.979534 0.000007  0.288918 0.500258 1 0 1.000000
walllight001a
0  -9.115002 5.239278 4.773761  -0.000473 -0.000454 1.000000  0.273068 0.124965 1 0 1.000000
0  -9.917253 5.294194 4.773355  -0.000565 -0.000304 1.000000  0.286687 0.109550 1 0 1.000000
0  -9.559790 4.749071 4.773322  -0.000473 -0.000449 1.000000  0.286687 0.124969 1 0 1.000000
walllight001a
0  -8.819559 4.275897 3.946708  0.905988 -0.407363 0.115071  0.213816 0.727942 1 0 1.000000
0  -8.884075 4.242511 3.837393  -0.300185 -0.953879 0.002046  0.210986 0.729924 1 0 1.000000
0  -8.814398 4.273831 3.838830  0.912728 -0.407773 0.025473  0.211029 0.727779 1 0 1.000000
walllight001a
0  -10.025120 5.770727 4.773392  -0.993465 -0.114136 0.000007  0.286689 0.097603 1 0 1.000000
0  -9.917315 5.294168 -4.773726  -0.920476 -0.390800 0.000007  0.519421 0.109548 1 0 1.000000
0  -9.917253 5.294194 4.773355  -0.920477 -0.390798 0.000007  0.286687 0.109550 1 0 1.000000
walllight001a
0  4.676942 3.288260 -4.436272  -0.267811 -0.030037 -0.963003  0.511787 0.479606 1 0 1.000000
0  3.836893 3.806337 -4.217981  -0.158150 -0.008841 -0.987375  0.521246 0.459285 1 0 1.000000
0  4.616830 3.856254 -4.437118  -0.267810 -0.030085 -0.963002  0.525701 0.479604 1 0 1.000000
walllight001a
0  8.877811 4.242514 -3.876479  0.300252 -0.953858 -0.002123  0.210982 0.542419 1 0 1.000000
0  8.950921 4.271735 -4.188789  0.312467 -0.948668 -0.048927  0.218599 0.544341 1 0 1.000000
0  9.092891 4.328477 4.237604  0.399015 -0.913392 0.080635  0.012918 0.548072 1 0 1.000000
walllight001a
0  8.877811 4.242514 -3.876479  0.300252 -0.953858 -0.002123  0.210982 0.542419 1 0 1.000000
0  9.092891 4.328477 4.237604  0.399015 -0.913392 0.080635  0.012918 0.548072 1 0 1.000000
0  8.920223 4.259465 4.095511  0.304422 -0.951943 0.033657  0.016371 0.543539 1 0 1.000000
walllight001a
0  -8.889074 4.244509 3.940349  -0.299147 -0.954165 0.008965  0.213499 0.730055 1 0 1.000000
0  -8.995259 4.286949 4.190361  -0.325282 -0.943533 0.062745  0.219591 0.732846 1 0 1.000000
0  -9.041887 4.305587 -4.258545  -0.340911 -0.937314 -0.072267  0.013361 0.734064 1 0 1.000000
walllight001a
0  -8.889074 4.244509 3.940349  -0.299147 -0.954165 0.008965  0.213499 0.730055 1 0 1.000000
0  -9.041887 4.305587 -4.258545  -0.340911 -0.937314 -0.072267  0.013361 0.734064 1 0 1.000000
0  -8.903467 4.250262 -4.065062  -0.300397 -0.953605 -0.019996  0.018070 0.730428 1 0 1.000000
walllight001a
0  9.092891 4.328477 4.237604  0.399015 -0.913392 0.080635  0.012918 0.548072 1 0 1.000000
0  8.988995 4.286952 4.190358  0.325338 -0.943519 0.062675  0.014073 0.545374 1 0 1.000000
0  8.920223 4.259465 4.095511  0.304422 -0.951943 0.033657  0.016371 0.543539 1 0 1.000000
walllight001a
0  9.092891 4.328477 4.237604  0.399015 -0.913392 0.080635  0.012918 0.548072 1 0 1.000000
0  9.035625 4.305589 -4.258548  0.341003 -0.937283 -0.072227  0.220294 0.546564 1 0 1.000000
0  9.092891 4.328477 -4.276692  0.402909 -0.911678 -0.080672  0.220734 0.548066 1 0 1.000000
walllight001a
0  8.950921 4.271735 -4.188789  0.312467 -0.948668 -0.048927  0.218599 0.544341 1 0 1.000000
0  9.035625 4.305589 -4.258548  0.341003 -0.937283 -0.072227  0.220294 0.546564 1 0 1.000000
0  9.092891 4.328477 4.237604  0.399015 -0.913392 0.080635  0.012918 0.548072 1 0 1.000000
walllight001a
0  8.877811 4.242514 -3.876479  0.300252 -0.953858 -0.002123  0.210982 0.542419 1 0 1.000000
0  8.897203 4.250265 -4.065064  0.300537 -0.953561 -0.019998  0.215597 0.542941 1 0 1.000000
0  8.950921 4.271735 -4.188789  0.312467 -0.948668 -0.048927  0.218599 0.544341 1 0 1.000000
walllight001a
0  -9.041887 4.305587 -4.258545  -0.340911 -0.937314 -0.072267  0.013361 0.734064 1 0 1.000000
0  -8.957184 4.271732 -4.188787  -0.312545 -0.948638 -0.048996  0.015056 0.731872 1 0 1.000000
0  -8.903467 4.250262 -4.065062  -0.300397 -0.953605 -0.019996  0.018070 0.730428 1 0 1.000000
walllight001a
0  12.636665 9.069302 4.547995  0.049332 -0.340045 0.939114  0.157364 0.493988 1 0 1.000000
0  12.306771 9.063302 4.481042  -0.367852 -0.920535 0.131531  0.157670 0.485780 1 0 1.000000
0  12.640248 9.063302 4.542554  0.165698 -0.868801 0.466615  0.157568 0.494110 1 0 1.000000
walllight001a
0  -8.889074 4.244509 3.940349  -0.299147 -0.954165 0.008965  0.213499 0.730055 1 0 1.000000
0  -8.926487 4.259462 4.095514  -0.304368 -0.951958 0.033699  0.217291 0.731064 1 0 1.000000
0  -8.995259 4.286949 4.190361  -0.325282 -0.943533 0.062745  0.219591 0.732846 1 0 1.000000
walllight001a
0  -11.276914 9.435270 4.244130  -0.008140 -0.997130 0.075276  0.220900 0.894035 1 0 1.000000
0  -11.451995 9.490902 4.274325  -0.320659 -0.072943 0.944382  0.222324 0.898635 1 0 1.000000
0  -11.434468 9.435861 4.221997  -0.028865 -0.996851 0.073859  0.220357 0.897876 1 0 1.000000
walllight001a
0  11.445728 9.490906 4.274323  0.320399 -0.072919 0.944472  0.011333 0.711138 1 0 1.000000
0  11.272071 9.544281 4.299102  0.033303 -0.000038 0.999445  0.009279 0.706707 1 0 1.000000
0  11.272273 9.490256 4.299102  0.034468 -0.073720 0.996683  0.010598 0.706664 1 0 1.000000
walllight001a
0  11.270648 9.435274 4.244127  0.008205 -0.997128 0.075286  0.012755 0.706536 1 0 1.000000
0  11.270649 9.435275 -4.283218  0.008177 -0.997128 -0.075293  0.220899 0.706536 1 0 1.000000
0  11.613975 9.436560 -3.939889  0.078951 -0.996874 -0.002902  0.212529 0.714906 1 0 1.000000
walllight001a
0  11.428204 9.435864 -4.261085  0.028589 -0.996852 -0.073954  0.220357 0.710376 1 0 1.000000
0  11.530656 9.436248 -4.199898  0.059173 -0.996673 -0.056042  0.218844 0.712855 1 0 1.000000
0  11.591842 9.436478 -4.097445  0.077469 -0.996675 -0.025237  0.216372 0.714366 1 0 1.000000
walllight001a
0  13.176085 9.550245 -4.793523  0.151208 -0.976954 -0.150653  0.556527 0.020690 1 0 1.000000
0  13.176085 9.754358 -4.997636  0.150637 -0.150689 -0.977037  0.548668 0.020645 1 0 1.000000
0  13.380198 9.754358 -4.793523  0.976946 -0.151263 -0.150651  0.556408 0.012873 1 0 1.000000
walllight001a
0  -11.575892 9.491365 -4.239071  -0.705401 -0.071684 -0.705174  0.013346 0.901831 1 0 1.000000
0  -11.650029 9.545670 -4.115174  -0.947106 0.003510 -0.320901  0.016094 0.905049 1 0 1.000000
0  -11.575690 9.545391 -4.239071  -0.707107 0.002651 -0.707101  0.012416 0.902777 1 0 1.000000
walllight001a
0  -11.434468 9.435861 4.221997  -0.028865 -0.996851 0.073859  0.220357 0.897876 1 0 1.000000
0  -11.536922 9.436244 4.160811  -0.059492 -0.996666 0.055832  0.218845 0.900355 1 0 1.000000
0  -11.598108 9.436474 4.058357  -0.077504 -0.996669 0.025383  0.216373 0.901866 1 0 1.000000
walllight001a
0  -4.620407 3.856251 -0.646707  0.107904 0.994161 0.000004  0.906620 0.394046 1 0 1.000000
0  -5.396864 3.975621 -4.671330  0.201614 0.979465 0.000002  0.990124 0.410591 1 0 1.000000
0  -5.394180 3.975084 -0.646707  0.195466 0.980711 0.000000  0.906620 0.410526 1 0 1.000000
walllight001a
0  -12.356007 9.220996 4.509158  0.902341 -0.427275 0.056718  0.249225 0.501301 1 0 1.000000
0  -12.748052 9.226996 3.815871  -0.166428 -0.890067 -0.424362  0.249484 0.481857 1 0 1.000000
0  -12.349545 9.226995 4.508358  0.359656 -0.891275 0.276183  0.249432 0.501363 1 0 1.000000
walllight001a
0  -3.853481 3.235270 4.217888  -0.035743 -0.999361 0.000008  0.299255 0.270262 1 0 1.000000
0  -2.786892 3.233412 -4.163039  -0.000853 -1.000000 0.000008  0.505456 0.296469 1 0 1.000000
0  -2.786893 3.233479 4.162669  -0.000853 -1.000000 0.000008  0.300652 0.296469 1 0 1.000000
walllight001a
0  -10.025187 5.770722 -4.773763  0.000051 -0.000044 -1.000000  0.519419 0.097603 1 0 1.000000
0  -9.496119 9.552507 -4.773758  0.000187 -0.000025 -1.000000  0.533036 0.007009 1 0 1.000000
0  -9.501858 6.126251 -4.773757  0.000006 -0.000013 -1.000000  0.533036 0.097587 1 0 1.000000
walllight001a
0  8.708290 6.865958 2.777743  0.201194 0.946175 -0.253523  0.161237 0.433869 1 0 1.000000
0  8.731402 6.287951 2.212338  0.571751 0.212344 -0.792471  0.140748 0.434496 1 0 1.000000
0  8.708290 6.290614 2.202398  0.201228 0.253523 -0.946168  0.140675 0.433876 1 0 1.000000
walllight001a
0  12.082268 9.220998 -3.949670  -0.374301 -0.427763 0.822750  0.249362 0.560759 1 0 1.000000
0  12.869940 9.069302 -4.076545  0.586773 -0.384085 0.712865  0.245602 0.541292 1 0 1.000000
0  12.869941 9.220998 -4.076545  0.664686 -0.379247 0.643711  0.249306 0.541281 1 0 1.000000
walllight001a
0  2.783314 3.233479 4.162668  -0.025885 -0.000465 0.999665  0.300657 0.433109 1 0 1.000000
0  -2.785512 3.804615 4.162899  0.025901 -0.000594 0.999664  0.286653 0.296477 1 0 1.000000
0  -2.786893 3.233479 4.162669  0.025885 -0.000465 0.999665  0.300652 0.296469 1 0 1.000000
walllight001a
0  -8.995259 4.286949 4.190361  -0.325282 -0.943533 0.062745  0.219591 0.732846 1 0 1.000000
0  -9.099154 4.328475 -4.276690  -0.399207 -0.913302 -0.080711  0.012922 0.735566 1 0 1.000000
0  -9.041887 4.305587 -4.258545  -0.340911 -0.937314 -0.072267  0.013361 0.734064 1 0 1.000000
walllight001a
0  8.708290 6.290614 2.202398  0.201228 0.253523 -0.946168  0.140675 0.433876 1 0 1.000000
0  -8.702811 6.865955 2.777742  -0.201336 0.946132 -0.253572  0.161238 0.008762 1 0 1.000000
0  8.708290 6.865958 2.777743  0.201194 0.946175 -0.253523  0.161237 0.433869 1 0 1.000000
walllight001a
0  2.781933 3.804617 -4.162897  -0.000825 1.000000 0.000005  0.979423 0.238211 1 0 1.000000
0  3.834949 3.806292 -0.646708  -0.032696 0.999465 0.000000  0.906620 0.216051 1 0 1.000000
0  3.836893 3.806337 -4.217981  -0.035793 0.999359 -0.000007  0.980586 0.215995 1 0 1.000000
walllight001a
0  12.103783 9.232998 -3.779405  -0.795653 -0.299852 0.526332  0.177237 0.452242 1 0 1.000000
0  12.047875 9.226998 -3.858217  -0.489129 -0.868827 0.076763  0.177466 0.449880 1 0 1.000000
0  12.108452 9.226998 -3.783174  -0.455855 -0.890051 0.002518  0.177441 0.452232 1 0 1.000000
walllight001a
0  9.322274 5.579599 4.773758  -0.902248 0.431218 -0.000001  0.898297 0.502566 1 0 1.000000
0  9.087872 5.221983 0.632093  -0.735909 0.677081 -0.000000  0.812330 0.493495 1 0 1.000000
0  9.087871 5.221984 4.773758  -0.735911 0.677079 -0.000000  0.898297 0.493505 1 0 1.000000
walllight001a
0  -8.710264 4.924043 4.773760  0.001411 -0.001703 0.999998  0.273068 0.139760 1 0 1.000000
0  -9.559790 4.749071 4.773322  -0.000473 -0.000449 1.000000  0.286687 0.124969 1 0 1.000000
0  -9.046411 4.425205 4.773393  0.001100 -0.001387 0.999998  0.286689 0.139731 1 0 1.000000
walllight001a
0  -9.917661 5.293811 -4.338189  -0.000000 0.000000 -1.000000  0.009284 0.768327 1 0 1.000000
0  -9.597970 4.709597 -4.338189  -0.054511 -0.056734 -0.996900  0.010593 0.751160 1 0 1.000000
0  -9.968350 5.275075 -4.338189  -0.072288 -0.030801 -0.996908  0.010594 0.768346 1 0 1.000000
walllight001a
0  8.758788 6.280089 -2.248013  -0.000836 0.258813 0.965927  1.010242 0.463877 1 0 1.000000
0  8.809152 6.865958 -2.784078  -0.201782 0.946059 0.253490  1.030438 0.465466 1 0 1.000000
0  8.758788 6.826680 -2.794603  -0.000843 0.965926 0.258816  1.030438 0.463877 1 0 1.000000
walllight001a
0  8.809152 6.655368 -3.570013  -0.201753 0.692573 -0.692559  1.050883 0.465466 1 0 1.000000
0  9.579562 5.869433 -3.780604  0.000000 -0.258803 -0.965930  1.071334 0.484490 1 0 1.000000
0  8.809152 5.869433 -3.780604  -0.201815 -0.253494 -0.946051  1.071334 0.465466 1 0 1.000000
walllight001a
0  -12.706295 9.069300 4.509162  -0.682636 -0.340057 0.646815  0.204403 0.471868 1 0 1.000000
0  -12.923845 9.063300 4.120354  -0.495126 -0.868821 -0.000009  0.204725 0.460953 1 0 1.000000
0  -12.699831 9.063300 4.508358  -0.247557 -0.868838 0.428762  0.204607 0.471977 1 0 1.000000
walllight001a
0  11.643762 9.545672 4.076086  0.947095 0.003523 0.320935  0.016085 0.717573 1 0 1.000000
0  11.569626 9.491369 4.199984  0.705206 -0.071627 0.705375  0.013347 0.714331 1 0 1.000000
0  11.643964 9.491648 4.076086  0.944728 -0.070560 0.320173  0.016555 0.716328 1 0 1.000000
walllight001a
0  6.312926 3.614222 -4.764015  -0.056549 -0.014078 -0.998301  0.519404 0.520491 1 0 1.000000
0  8.706685 4.924045 -4.773758  -0.001586 -0.000993 -0.999998  0.533035 0.589744 1 0 1.000000
0  9.039199 4.424705 -4.773765  -0.001470 -0.000562 -0.999999  0.519404 0.589774 1 0 1.000000
walllight001a
0  -8.819559 4.275897 3.946708  0.905988 -0.407363 0.115071  0.213816 0.727942 1 0 1.000000
0  -8.796129 4.324674 3.838829  0.940614 -0.338521 0.025475  0.211033 0.726460 1 0 1.000000
0  -8.801220 4.326706 3.946706  0.934308 -0.338043 0.113117  0.214007 0.726642 1 0 1.000000
walllight001a
0  8.706684 4.924045 4.773758  -0.458983 0.888445 -0.000000  0.898301 0.483361 1 0 1.000000
0  9.087872 5.221983 0.632093  -0.735909 0.677081 -0.000000  0.812330 0.493495 1 0 1.000000
0  8.706684 4.924044 0.632093  -0.458785 0.888547 0.000000  0.812330 0.483298 1 0 1.000000
walllight001a
0  4.616829 3.856252 0.632094  -0.107904 0.994161 -0.000004  0.812331 0.394205 1 0 1.000000
0  3.836892 3.806338 4.217982  -0.035782 0.999360 -0.000004  0.886604 0.377767 1 0 1.000000
0  4.616829 3.856253 4.437104  -0.115873 0.993264 -0.000000  0.891214 0.394217 1 0 1.000000
walllight001a
0  8.809153 6.865958 2.777743  -0.201638 0.946085 -0.253505  0.030437 0.465467 1 0 1.000000
0  9.579563 6.290614 2.202398  0.000000 0.258819 -0.965926  0.009908 0.484491 1 0 1.000000
0  8.809153 6.290614 2.202398  -0.201635 0.253500 -0.946087  0.009970 0.465467 1 0 1.000000
walllight001a
0  4.616829 3.856252 0.632094  -0.107904 0.994161 -0.000004  0.812331 0.394205 1 0 1.000000
0  5.393286 3.975621 4.671332  -0.201625 0.979463 0.000015  0.896143 0.410750 1 0 1.000000
0  5.390602 3.975085 0.632094  -0.195475 0.980709 -0.000015  0.812330 0.410685 1 0 1.000000
walllight001a
0  8.758788 8.622510 3.734989  -0.000834 0.258816 0.965926  0.071334 0.439297 1 0 1.000000
0  8.809152 7.847100 3.563678  -0.201820 -0.692546 0.692567  0.091785 0.440886 1 0 1.000000
0  8.809152 8.633035 3.774268  -0.201778 0.253502 0.946056  0.071334 0.440886 1 0 1.000000
walllight001a
0  -3.838527 3.806291 0.632095  0.032695 0.999465 0.000000  0.812331 0.216210 1 0 1.000000
0  -2.785512 3.804615 4.162899  0.000825 1.000000 -0.000005  0.885441 0.238370 1 0 1.000000
0  -2.785325 3.804615 0.632095  0.000796 1.000000 -0.000000  0.812331 0.238376 1 0 1.000000
walllight001a
0  -8.753310 5.879955 -3.741326  0.000836 -0.258821 -0.965925  1.071332 0.534065 1 0 1.000000
0  -8.803674 6.655365 -3.570014  0.201784 0.692562 -0.692561  1.050883 0.532476 1 0 1.000000
0  -8.753310 6.626611 -3.541260  0.000848 0.707112 -0.707101  1.050883 0.534065 1 0 1.000000
walllight001a
0  -6.158731 4.163102 -4.763977  0.263387 0.964690 0.000002  0.992073 0.427102 1 0 1.000000
0  -8.710264 4.924042 -0.646707  0.458026 0.888939 -0.000000  0.906620 0.483139 1 0 1.000000
0  -6.158407 4.163008 -0.646707  0.262375 0.964966 -0.000013  0.906620 0.427094 1 0 1.000000
walllight001a
0  -12.023860 9.069301 4.125550  0.901546 -0.339928 0.267701  0.204239 0.493985 1 0 1.000000
0  -12.197339 9.063299 4.414025  0.000873 -0.920525 0.390683  0.204545 0.485777 1 0 1.000000
0  -12.027788 9.063299 4.120354  0.495268 -0.868740 -0.000027  0.204443 0.494108 1 0 1.000000
walllight001a
0  8.890748 4.306885 -4.223123  -0.707112 -0.353197 -0.612572  0.219968 0.542770 1 0 1.000000
0  9.035625 4.305589 -4.258548  0.341003 -0.937283 -0.072227  0.220294 0.546564 1 0 1.000000
0  8.950921 4.271735 -4.188789  0.312467 -0.948668 -0.048927  0.218599 0.544341 1 0 1.000000
walllight001a
0  -8.702811 7.636507 -2.784079  -0.201369 -0.946138 0.253521  1.112300 0.008763 1 0 1.000000
0  8.708289 8.211854 -2.208734  0.201322 -0.253525 0.946147  1.132863 0.433877 1 0 1.000000
0  -8.702811 8.211851 -2.208735  -0.201332 -0.253513 0.946148  1.132863 0.008757 1 0 1.000000
walllight001a
0  -13.185632 9.754359 -4.997633  -0.150670 -0.150659 -0.977037  0.548670 0.664409 1 0 1.000000
0  13.176085 9.550245 -4.793523  0.151208 -0.976954 -0.150653  0.556527 0.020690 1 0 1.000000
0  -13.185632 9.550246 -4.793519  -0.151238 -0.976953 -0.150630  0.556527 0.664365 1 0 1.000000
walllight001a
0  8.708289 8.997788 -2.419325  0.201338 0.692624 0.692629  1.030057 0.433871 1 0 1.000000
0  -8.702811 8.211851 -2.208735  -0.201332 -0.253513 0.946148  1.009494 0.008757 1 0 1.000000
0  8.708289 8.211854 -2.208734  0.201322 -0.253525 0.946147  1.009494 0.433877 1 0 1.000000
walllight001a
0  8.708289 6.865958 -2.784078  0.201270 0.946160 0.253519  1.161238 0.433869 1 0 1.000000
0  8.758788 6.280089 -2.248013  -0.000836 0.258813 0.965927  1.140953 0.435485 1 0 1.000000
0  8.758788 6.826680 -2.794603  -0.000843 0.965926 0.258816  1.161240 0.435457 1 0 1.000000
walllight001a
0  -9.328070 5.548440 -4.773757  0.901402 0.432982 0.000000  0.992279 0.501920 1 0 1.000000
0  -9.115003 5.239278 -0.646707  0.727414 0.686199 0.000000  0.906619 0.493968 1 0 1.000000
0  -9.115002 5.239278 -4.773757  0.727413 0.686200 0.000000  0.992279 0.493967 1 0 1.000000
walllight001a
0  12.043189 9.542598 -3.862742  -0.994360 -0.000001 -0.106059  0.169223 0.516071 1 0 1.000000
0  12.075104 9.232998 -3.945499  -0.928928 -0.282351 -0.239521  0.176789 0.513907 1 0 1.000000
0  12.043189 9.232998 -3.862742  -0.932079 -0.340074 -0.124810  0.176783 0.516074 1 0 1.000000
walllight001a
0  10.055238 9.088067 4.299102  -0.000002 0.000000 1.000000  0.009240 0.674686 1 0 1.000000
0  10.073340 5.765859 4.299102  0.076503 -0.005716 0.997053  0.010588 0.593608 1 0 1.000000
0  10.109245 9.085908 4.299102  0.070960 -0.005764 0.997463  0.010558 0.674662 1 0 1.000000
walllight001a
0  -10.019933 5.256013 -4.283214  -0.932570 -0.353372 -0.073768  0.012751 0.768370 1 0 1.000000
0  -10.134326 5.760454 4.244130  -0.994451 -0.074847 0.073924  0.220909 0.781014 1 0 1.000000
0  -10.134326 5.760455 -4.283214  -0.994469 -0.074630 -0.073908  0.012747 0.781008 1 0 1.000000
walllight001a
0  12.779610 9.232998 3.773060  0.381180 -0.339995 -0.859712  0.153825 0.449951 1 0 1.000000
0  12.787518 9.542598 3.779803  0.823651 0.000002 -0.567097  0.146271 0.449592 1 0 1.000000
0  12.787518 9.232998 3.779803  0.788663 -0.339942 -0.512298  0.153832 0.449699 1 0 1.000000
walllight001a
0  4.616830 3.856254 -4.437118  -0.115854 0.993266 0.000008  0.985196 0.199545 1 0 1.000000
0  5.390602 3.975085 -0.646709  -0.195485 0.980707 0.000002  0.906620 0.183077 1 0 1.000000
0  5.393287 3.975621 -4.671332  -0.201630 0.979462 -0.000004  0.990124 0.183012 1 0 1.000000
walllight001a
0  9.629607 4.669757 4.244128  0.690647 -0.719420 0.073766  0.012753 0.563655 1 0 1.000000
0  9.962085 5.275078 4.299102  0.072261 -0.030726 0.996912  0.010593 0.580851 1 0 1.000000
0  9.591704 4.709599 4.299103  0.055613 -0.055585 0.996904  0.010591 0.563665 1 0 1.000000
walllight001a
0  10.019215 5.770532 -4.773766  0.993464 -0.114150 0.000007  0.519404 0.632087 1 0 1.000000
0  10.044867 9.552470 4.773497  0.999977 -0.006800 0.000007  0.286668 0.722676 1 0 1.000000
0  10.019149 5.770536 4.773391  0.993464 -0.114148 0.000007  0.286668 0.632087 1 0 1.000000
walllight001a
0  12.043189 9.232998 -3.862742  -0.932079 -0.340074 -0.124810  0.176783 0.516074 1 0 1.000000
0  12.080702 9.226998 -3.943340  -0.385904 -0.891810 0.236120  0.176991 0.513923 1 0 1.000000
0  12.047875 9.226998 -3.858217  -0.489129 -0.868827 0.076763  0.176990 0.516136 1 0 1.000000
walllight001a
0  11.445527 9.544930 4.274323  0.320956 0.001200 0.947093  0.010124 0.711608 1 0 1.000000
0  11.569626 9.491369 4.199984  0.705206 -0.071627 0.705375  0.013347 0.714331 1 0 1.000000
0  11.569424 9.545394 4.199984  0.707104 0.002645 0.707105  0.012415 0.715270 1 0 1.000000
walllight001a
0  8.708290 8.997789 2.412989  0.201313 0.692635 -0.692625  0.030056 0.433871 1 0 1.000000
0  -8.702811 9.208377 3.198923  -0.201321 0.946150 0.253514  0.050617 0.008763 1 0 1.000000
0  8.708290 9.208380 3.198924  0.201323 0.946146 0.253527  0.050617 0.433871 1 0 1.000000
walllight001a
0  -12.023860 9.542596 4.115158  0.965926 0.000000 -0.258818  0.192688 0.494160 1 0 1.000000
0  -12.245338 9.069300 3.731546  0.682601 -0.340002 -0.646881  0.204200 0.505024 1 0 1.000000
0  -12.245338 9.542596 3.731546  0.707083 0.000002 -0.707131  0.192647 0.504994 1 0 1.000000
walllight001a
0  3.849911 3.235204 -4.218260  0.035746 -0.999361 0.000008  0.506845 0.459328 1 0 1.000000
0  2.783314 3.233479 4.162668  0.000853 -1.000000 0.000008  0.300657 0.433109 1 0 1.000000
0  2.783315 3.233413 -4.163041  0.000854 -1.000000 0.000008  0.505452 0.433109 1 0 1.000000
walllight001a
0  13.380198 9.995246 4.793271  0.986722 0.000087 0.162419  0.790783 0.007010 1 0 1.000000
0  13.176085 9.754358 4.997384  0.151123 -0.151100 0.976898  0.798460 0.020646 1 0 1.000000
0  13.380198 9.754358 4.793271  0.976898 -0.151119 0.151104  0.790724 0.012868 1 0 1.000000
walllight001a
0  -5.396864 3.975621 -4.671330  0.201614 0.979465 0.000002  0.990124 0.410591 1 0 1.000000
0  -6.158407 4.163008 -0.646707  0.262375 0.964966 -0.000013  0.906620 0.427094 1 0 1.000000
0  -5.394180 3.975084 -0.646707  0.195466 0.980711 0.000000  0.906620 0.410526 1 0 1.000000
walllight001a
0  -5.394180 3.975084 0.632095  0.195485 0.980707 -0.000001  0.812331 0.183236 1 0 1.000000
0  -4.620407 3.856251 4.437120  0.115853 0.993266 -0.000008  0.891214 0.199704 1 0 1.000000
0  -4.620407 3.856251 0.632095  0.107888 0.994163 -0.000000  0.812331 0.199716 1 0 1.000000
walllight001a
0  -8.702811 6.865955 2.777742  -0.201336 0.946132 -0.253572  0.161238 0.008762 1 0 1.000000
0  -8.753308 6.280087 2.241677  0.001168 0.258828 -0.965923  0.140953 0.007145 1 0 1.000000
0  -8.753310 6.826676 2.788267  0.000838 0.965925 -0.258822  0.161238 0.007181 1 0 1.000000
walllight001a
0  12.646459 9.542598 4.544518  0.567117 0.000000 0.823637  0.145813 0.494163 1 0 1.000000
0  12.933849 9.069302 4.207446  0.838007 -0.339928 0.426842  0.157326 0.505027 1 0 1.000000
0  12.933849 9.542598 4.207446  0.902945 -0.000003 0.429756  0.145772 0.504997 1 0 1.000000
walllight001a
0  8.758788 5.333367 -3.194735  -0.000834 -0.965926 -0.258817  1.091783 0.463877 1 0 1.000000
0  8.809152 5.504679 -2.419324  -0.201796 -0.692559 0.692561  1.112230 0.465466 1 0 1.000000
0  8.758788 5.533433 -2.448078  -0.000848 -0.707105 0.707108  1.112228 0.463877 1 0 1.000000
walllight001a
0  9.554217 4.749091 -4.773692  0.700491 -0.713661 0.000007  0.519406 0.604510 1 0 1.000000
0  9.039171 4.424766 4.773391  0.412929 -0.910763 0.000007  0.286668 0.589774 1 0 1.000000
0  9.039199 4.424705 -4.773765  0.412932 -0.910762 0.000007  0.519404 0.589774 1 0 1.000000
walllight001a
0  9.498277 6.126255 4.773758  0.000634 -0.000092 1.000000  0.273033 0.632103 1 0 1.000000
0  10.044867 9.552470 4.773497  0.000493 -0.000003 1.000000  0.286668 0.722676 1 0 1.000000
0  9.492537 9.552510 4.773758  0.000473 0.000001 1.000000  0.273033 0.722674 1 0 1.000000
walllight001a
0  -5.396864 3.975621 -4.671330  0.193278 -0.035003 -0.980520  0.530681 0.229355 1 0 1.000000
0  -6.316501 3.614219 -4.764013  0.056569 -0.014112 -0.998299  0.519419 0.209085 1 0 1.000000
0  -6.158731 4.163102 -4.763977  0.057554 -0.014353 -0.998239  0.533037 0.209083 1 0 1.000000
walllight001a
0  -10.170468 9.083708 4.244130  -0.994954 -0.069960 0.071923  0.220932 0.862157 1 0 1.000000
0  -10.079606 5.765855 4.299105  -0.076631 -0.005746 0.997043  0.223068 0.781107 1 0 1.000000
0  -10.115512 9.085905 4.299105  -0.070940 -0.005719 0.997464  0.223097 0.862161 1 0 1.000000
walllight001a
0  13.176085 9.550245 4.793271  0.151095 -0.976902 0.151104  0.790602 0.020690 1 0 1.000000
0  13.380198 9.754358 -4.793523  0.976946 -0.151263 -0.150651  0.556408 0.012873 1 0 1.000000
0  13.380198 9.754358 4.793271  0.976898 -0.151119 0.151104  0.790724 0.012868 1 0 1.000000
walllight001a
0  -9.501858 6.126251 -4.773757  0.989470 0.144735 0.000000  0.992281 0.514593 1 0 1.000000
0  -9.328071 5.548439 -0.646707  0.901405 0.432977 0.000000  0.906619 0.501887 1 0 1.000000
0  -9.328070 5.548440 -4.773757  0.901402 0.432982 0.000000  0.992279 0.501920 1 0 1.000000
walllight001a
0  -10.134326 5.760454 4.244130  -0.994451 -0.074847 0.073924  0.220909 0.781014 1 0 1.000000
0  -9.968350 5.275075 4.299105  -0.072319 -0.030745 0.996908  0.223063 0.768351 1 0 1.000000
0  -10.079606 5.765855 4.299105  -0.076631 -0.005746 0.997043  0.223068 0.781107 1 0 1.000000
walllight001a
0  -9.574084 6.655365 3.563677  -0.000000 0.707107 0.707107  0.050881 0.513452 1 0 1.000000
0  -8.803674 5.869430 3.774268  0.201754 -0.253477 0.946068  0.071333 0.532476 1 0 1.000000
0  -8.803674 6.655365 3.563677  0.201654 0.692581 0.692580  0.050882 0.532476 1 0 1.000000
walllight001a
0  -8.803674 6.290611 -2.208735  0.201687 0.253512 0.946073  1.009970 0.532476 1 0 1.000000
0  -9.574084 6.865955 -2.784079  0.000000 0.965926 0.258819  1.030422 0.513452 1 0 1.000000
0  -9.574084 6.290611 -2.208735  0.000000 0.258804 0.965930  1.009908 0.513452 1 0 1.000000
walllight001a
0  12.044799 9.232998 -3.852475  -0.849140 -0.339993 0.404186  0.177263 0.449948 1 0 1.000000
0  12.043189 9.542598 -3.862742  -0.994360 -0.000001 -0.106059  0.169708 0.449589 1 0 1.000000
0  12.043189 9.232998 -3.862742  -0.932079 -0.340074 -0.124810  0.177269 0.449695 1 0 1.000000
walllight001a
0  8.706684 4.924045 -0.646709  -0.458785 0.888547 -0.000000  0.906620 0.110464 1 0 1.000000
0  9.087871 5.221982 -4.773760  -0.735909 0.677081 0.000000  0.992279 0.100256 1 0 1.000000
0  8.706685 4.924045 -4.773758  -0.458981 0.888446 -0.000000  0.992282 0.110401 1 0 1.000000
walllight001a
0  8.813296 4.275900 3.946706  -0.906010 -0.407308 0.115094  0.019838 0.540440 1 0 1.000000
0  8.877812 4.242514 3.837390  0.300164 -0.953886 0.001962  0.022668 0.542424 1 0 1.000000
0  8.882811 4.244512 3.940347  0.299213 -0.954144 0.008985  0.020149 0.542558 1 0 1.000000
walllight001a
0  6.312905 3.614286 4.763642  0.262883 -0.964828 0.000007  0.286668 0.520492 1 0 1.000000
0  9.039199 4.424705 -4.773765  0.412932 -0.910762 0.000007  0.519404 0.589774 1 0 1.000000
0  9.039171 4.424766 4.773391  0.412929 -0.910763 0.000007  0.286668 0.589774 1 0 1.000000
walllight001a
0  -6.316501 3.614219 -4.764013  -0.262774 -0.964857 0.000007  0.519419 0.209085 1 0 1.000000
0  -5.511028 3.416102 4.671242  -0.201285 -0.979533 0.000007  0.288941 0.229319 1 0 1.000000
0  -6.316483 3.614285 4.763644  -0.262774 -0.964857 0.000007  0.286689 0.209086 1 0 1.000000
walllight001a
0  -9.067394 4.374952 -4.330986  0.109353 -0.131376 -0.985283  0.010840 0.735167 1 0 1.000000
0  -9.635873 4.669755 -4.283214  -0.690561 -0.719498 -0.073817  0.012755 0.751150 1 0 1.000000
0  -9.597970 4.709597 -4.338189  -0.054511 -0.056734 -0.996900  0.010593 0.751160 1 0 1.000000
walllight001a
0  -9.099154 4.328475 -4.276690  -0.399207 -0.913302 -0.080711  0.012922 0.735566 1 0 1.000000
0  -9.000271 4.348147 -4.309419  0.340560 -0.222981 -0.913399  0.011405 0.733253 1 0 1.000000
0  -9.041887 4.305587 -4.258545  -0.340911 -0.937314 -0.072267  0.013361 0.734064 1 0 1.000000
walllight001a
0  -9.559790 4.749071 4.773322  -0.700851 -0.713307 0.000007  0.286687 0.124969 1 0 1.000000
0  -9.046435 4.425143 -4.773761  -0.413156 -0.910660 0.000007  0.519419 0.139730 1 0 1.000000
0  -9.046411 4.425205 4.773393  -0.413160 -0.910659 0.000007  0.286689 0.139731 1 0 1.000000
walllight001a
0  -9.115002 5.239278 -4.773757  -0.000052 -0.000071 -1.000000  0.533036 0.124964 1 0 1.000000
0  -9.917315 5.294168 -4.773726  -0.000020 -0.000056 -1.000000  0.519421 0.109548 1 0 1.000000
0  -9.328070 5.548440 -4.773757  -0.000043 -0.000021 -1.000000  0.533036 0.109550 1 0 1.000000
walllight001a
0  -9.635873 4.669755 4.244131  -0.690597 -0.719458 0.073862  0.220902 0.751155 1 0 1.000000
0  -9.067394 4.374952 4.291903  0.111432 -0.132173 0.984943  0.222818 0.735171 1 0 1.000000
0  -9.597970 4.709597 4.299106  -0.054520 -0.056755 0.996898  0.223064 0.751165 1 0 1.000000
walllight001a
0  9.911533 5.293772 4.773353  0.000551 -0.000295 1.000000  0.286667 0.620113 1 0 1.000000
0  9.498277 6.126255 4.773758  0.000634 -0.000092 1.000000  0.273033 0.632103 1 0 1.000000
0  9.322274 5.579599 4.773758  0.000559 -0.000267 1.000000  0.273033 0.620113 1 0 1.000000
walllight001a
0  4.616830 3.856254 -4.437118  -0.115854 0.993266 0.000008  0.985196 0.199545 1 0 1.000000
0  3.834949 3.806292 -0.646708  -0.032696 0.999465 0.000000  0.906620 0.216051 1 0 1.000000
0  4.616829 3.856252 -0.646708  -0.107887 0.994163 0.000000  0.906620 0.199557 1 0 1.000000
walllight001a
0  -9.328071 5.548439 0.632096  -0.000000 0.000000 1.000000  0.533700 0.741105 1 0 1.000000
0  -9.453907 6.131459 0.632096  0.000001 0.000000 1.000000  0.531064 0.755555 1 0 1.000000
0  -9.501860 6.126251 0.632096  0.000002 0.000000 1.000000  0.529410 0.755418 1 0 1.000000
walllight001a
0  9.629607 4.669758 -4.283216  0.690659 -0.719406 -0.073793  0.220900 0.563650 1 0 1.000000
0  9.061131 4.374954 -4.330989  -0.109387 -0.131148 -0.985309  0.222815 0.547665 1 0 1.000000
0  9.591704 4.709599 -4.338192  0.054455 -0.056688 -0.996906  0.223062 0.563660 1 0 1.000000
walllight001a
0  -6.158731 4.163101 4.763979  0.263380 0.964692 0.000013  0.898092 0.166660 1 0 1.000000
0  -5.394180 3.975084 0.632095  0.195485 0.980707 -0.000001  0.812331 0.183236 1 0 1.000000
0  -6.158407 4.163008 0.632096  0.262365 0.964969 -0.000001  0.812330 0.166668 1 0 1.000000
walllight001a
0  -9.453907 6.131459 0.632096  0.000001 0.000000 1.000000  0.531064 0.755555 1 0 1.000000
0  -9.496119 9.552507 0.632095  0.000000 0.000000 1.000000  0.529547 0.839078 1 0 1.000000
0  -9.501860 6.126251 0.632096  0.000002 0.000000 1.000000  0.529410 0.755418 1 0 1.000000
walllight001a
0  -8.803674 8.633033 -3.780605  0.201804 0.253480 -0.946056  1.071334 0.490360 1 0 1.000000
0  -9.574084 7.847098 -3.570015  0.000000 -0.707106 -0.707107  1.050881 0.509384 1 0 1.000000
0  -9.574084 8.633033 -3.780605  0.000000 0.258835 -0.965921  1.071334 0.509384 1 0 1.000000
walllight001a
0  -9.968350 5.275075 -4.338189  -0.072288 -0.030801 -0.996908  0.010594 0.768346 1 0 1.000000
0  -9.635873 4.669755 -4.283214  -0.690561 -0.719498 -0.073817  0.012755 0.751150 1 0 1.000000
0  -10.019933 5.256013 -4.283214  -0.932570 -0.353372 -0.073768  0.012751 0.768370 1 0 1.000000
walllight001a
0  11.272273 9.490256 -4.338192  0.033866 -0.073718 -0.996704  0.223057 0.706663 1 0 1.000000
0  10.454226 9.537710 -4.338192  0.000000 0.000000 -1.000000  0.224428 0.686843 1 0 1.000000
0  11.272071 9.544281 -4.338192  0.033359 0.000125 -0.999443  0.224376 0.706705 1 0 1.000000
walllight001a
0  -11.278337 9.544277 -4.338190  -0.033328 -0.000038 -0.999444  0.009280 0.894207 1 0 1.000000
0  -10.467338 9.484015 -4.338190  -0.009973 -0.067446 -0.997673  0.010547 0.874433 1 0 1.000000
0  -11.278539 9.490252 -4.338190  -0.033832 -0.073819 -0.996698  0.010599 0.894164 1 0 1.000000
walllight001a
0  -2.786892 3.233412 -4.163039  0.026037 0.000058 -0.999661  0.505456 0.296469 1 0 1.000000
0  -3.840471 3.806337 -4.217980  0.158188 -0.008839 -0.987369  0.521254 0.270305 1 0 1.000000
0  -2.785511 3.804616 -4.162896  0.026054 0.000187 -0.999661  0.519450 0.296477 1 0 1.000000
walllight001a
0  9.322274 5.579599 -4.773760  -0.902247 0.431219 0.000000  0.992278 0.091197 1 0 1.000000
0  9.498280 6.126254 -0.646709  -0.988027 0.154282 0.000000  0.906619 0.079124 1 0 1.000000
0  9.498277 6.126254 -4.773760  -0.988026 0.154285 0.000001  0.992281 0.079172 1 0 1.000000
walllight001a
0  -9.917315 5.294168 -4.773726  -0.920476 -0.390800 0.000007  0.519421 0.109548 1 0 1.000000
0  -9.559790 4.749071 4.773322  -0.700851 -0.713307 0.000007  0.286687 0.124969 1 0 1.000000
0  -9.917253 5.294194 4.773355  -0.920477 -0.390798 0.000007  0.286687 0.109550 1 0 1.000000
walllight001a
0  3.849911 3.235204 -4.218260  -0.156934 -0.008782 -0.987570  0.506845 0.459328 1 0 1.000000
0  2.781933 3.804617 -4.162897  -0.025902 0.000060 -0.999664  0.519448 0.433101 1 0 1.000000
0  3.836893 3.806337 -4.217981  -0.158150 -0.008841 -0.987375  0.521246 0.459285 1 0 1.000000
walllight001a
0  9.554171 4.749137 4.773318  0.700497 -0.713656 0.000007  0.286666 0.604509 1 0 1.000000
0  9.911595 5.293747 -4.773728  0.920539 -0.390651 0.000007  0.519406 0.620114 1 0 1.000000
0  9.911533 5.293772 4.773353  0.920541 -0.390647 0.000007  0.286667 0.620113 1 0 1.000000
walllight001a
0  10.468047 9.429380 4.244127  0.127657 -0.989196 0.072074  0.012722 0.686936 1 0 1.000000
0  10.164203 9.083712 -4.283217  0.994945 -0.070409 -0.071603  0.220932 0.674660 1 0 1.000000
0  10.468047 9.429380 -4.283217  0.127469 -0.989224 -0.072031  0.220933 0.686939 1 0 1.000000
walllight001a
0  8.758789 8.969035 2.441743  -0.000862 0.707104 -0.707109  0.030055 0.435459 1 0 1.000000
0  8.708290 9.208380 3.198924  0.201323 0.946146 0.253527  0.050617 0.433871 1 0 1.000000
0  8.758788 9.169101 3.188399  -0.000836 0.965927 0.258812  0.050617 0.435448 1 0 1.000000
walllight001a
0  8.758789 7.875854 3.534923  -0.000845 -0.707109 0.707104  0.091785 0.439297 1 0 1.000000
0  8.809152 7.636510 2.777742  -0.201748 -0.946067 -0.253484  0.112230 0.440886 1 0 1.000000
0  8.809152 7.847100 3.563678  -0.201820 -0.692546 0.692567  0.091785 0.440886 1 0 1.000000
walllight001a
0  -8.753310 8.969032 2.441743  0.000841 0.707111 -0.707102  0.112230 0.488771 1 0 1.000000
0  -8.803674 8.211851 2.202398  0.201652 -0.253497 -0.946085  0.132698 0.490360 1 0 1.000000
0  -8.803674 8.997787 2.412988  0.201699 0.692566 -0.692582  0.112230 0.490360 1 0 1.000000
walllight001a
0  8.786059 5.872100 3.764313  -0.572780 -0.212162 0.791777  0.071334 0.464853 1 0 1.000000
0  8.758789 5.333367 3.188400  -0.001264 -0.965920 0.258838  0.091784 0.463877 1 0 1.000000
0  8.786059 5.304044 3.196256  -0.572807 -0.791759 0.212157  0.091784 0.464853 1 0 1.000000
walllight001a
0  8.758789 8.969035 2.441743  -0.000862 0.707104 -0.707109  0.030055 0.435459 1 0 1.000000
0  8.708290 8.211854 2.202398  0.201265 -0.253521 -0.946160  0.009494 0.433877 1 0 1.000000
0  8.708290 8.997789 2.412989  0.201313 0.692635 -0.692625  0.030056 0.433871 1 0 1.000000
walllight001a
0  -8.753310 7.875852 3.534923  0.000826 -0.707102 0.707111  0.050883 0.488771 1 0 1.000000
0  -8.803674 7.636507 2.777741  0.201752 -0.946060 -0.253508  0.030438 0.490360 1 0 1.000000
0  -8.753310 7.675786 2.788266  0.000845 -0.965927 -0.258814  0.030439 0.488773 1 0 1.000000
walllight001a
0  8.786059 6.856002 2.780411  -0.572788 0.791772 -0.212159  0.030437 0.464853 1 0 1.000000
0  8.758789 6.626614 3.534924  -0.001268 0.707107 0.707106  0.050884 0.463879 1 0 1.000000
0  8.786059 6.648079 3.556389  -0.572779 0.579628 0.579617  0.050882 0.464853 1 0 1.000000
walllight001a
0  -8.803674 7.847098 3.563677  0.201740 -0.692582 0.692554  0.050883 0.490360 1 0 1.000000
0  -9.574084 8.633033 3.774267  0.000000 0.258804 0.965930  0.071335 0.509384 1 0 1.000000
0  -9.574084 7.847098 3.563677  0.000000 -0.707106 0.707107  0.050882 0.509384 1 0 1.000000
walllight001a
0  8.809152 5.869433 -3.780604  -0.201815 -0.253494 -0.946051  1.071334 0.465466 1 0 1.000000
0  9.579562 5.294088 -3.205260  -0.000001 -0.965926 -0.258819  1.091787 0.484490 1 0 1.000000
0  8.809152 5.294089 -3.205260  -0.201756 -0.946065 -0.253485  1.091785 0.465466 1 0 1.000000
walllight001a
0  -8.803672 6.290611 2.202398  0.201679 0.253500 -0.946078  0.132698 0.532476 1 0 1.000000
0  -9.574082 5.504677 2.412988  -0.000000 -0.707107 -0.707107  0.112246 0.513452 1 0 1.000000
0  -9.574082 6.290611 2.202397  0.000001 0.258819 -0.965926  0.132759 0.513452 1 0 1.000000
walllight001a
0  8.809152 7.636510 2.777742  -0.201748 -0.946067 -0.253484  0.112230 0.440886 1 0 1.000000
0  9.579563 7.847100 3.563678  0.000000 -0.707118 0.707095  0.091786 0.459910 1 0 1.000000
0  8.809152 7.847100 3.563678  -0.201820 -0.692546 0.692567  0.091785 0.440886 1 0 1.000000
walllight001a
0  8.809152 6.865958 -2.784078  -0.201782 0.946059 0.253490  1.030438 0.465466 1 0 1.000000
0  9.579562 6.655368 -3.570013  0.000000 0.707118 -0.707095  1.050881 0.484490 1 0 1.000000
0  8.809152 6.655368 -3.570013  -0.201753 0.692573 -0.692559  1.050883 0.465466 1 0 1.000000
walllight001a
0  -8.702811 8.211851 2.202398  -0.201332 -0.253516 -0.946148  0.132862 0.008757 1 0 1.000000
0  -8.753310 7.675786 2.788266  0.000845 -0.965927 -0.258814  0.112298 0.007175 1 0 1.000000
0  -8.753310 8.222376 2.241676  0.000844 -0.258816 -0.965926  0.132585 0.007147 1 0 1.000000
walllight001a
0  9.579563 5.294088 3.198924  0.000001 -0.965926 0.258818  0.091787 0.484491 1 0 1.000000
0  8.809153 5.869432 3.774268  -0.201601 -0.253506 0.946093  0.071334 0.465467 1 0 1.000000
0  8.809153 5.294088 3.198924  -0.201680 -0.946076 0.253505  0.091785 0.465467 1 0 1.000000
walllight001a
0  8.809151 8.211854 -2.208734  -0.201743 -0.253476 0.946070  1.009970 0.440886 1 0 1.000000
0  9.579561 8.997788 -2.419325  0.000000 0.707107 0.707107  1.030422 0.459910 1 0 1.000000
0  8.809151 8.997788 -2.419325  -0.201759 0.692573 0.692558  1.030437 0.440886 1 0 1.000000
walllight001a
0  9.579562 6.290614 -2.208734  0.000000 0.258835 0.965922  1.009908 0.484490 1 0 1.000000
0  8.809152 6.865958 -2.784078  -0.201782 0.946059 0.253490  1.030438 0.465466 1 0 1.000000
0  8.809152 6.290614 -2.208734  -0.201802 0.253487 0.946055  1.009970 0.465466 1 0 1.000000
walllight001a
0  8.809152 8.997789 2.412989  -0.201807 0.692557 -0.692560  0.030438 0.440886 1 0 1.000000
0  9.579562 9.208380 3.198924  0.000000 0.965930 0.258803  0.050881 0.459910 1 0 1.000000
0  9.579563 8.997789 2.412989  0.000000 0.707096 -0.707118  0.030422 0.459910 1 0 1.000000
walllight001a
0  12.164031 9.069302 4.363353  0.302277 -0.384460 0.872249  0.157509 0.480493 1 0 1.000000
0  12.158124 9.220999 4.362259  -0.732217 -0.125351 0.669437  0.153788 0.480335 1 0 1.000000
0  12.158124 9.069302 4.362259  -0.594543 -0.384488 0.706178  0.157504 0.480348 1 0 1.000000
walllight001a
0  -9.635873 4.669755 4.244131  -0.690597 -0.719458 0.073862  0.220902 0.751155 1 0 1.000000
0  -10.019933 5.256013 -4.283214  -0.932570 -0.353372 -0.073768  0.012751 0.768370 1 0 1.000000
0  -9.635873 4.669755 -4.283214  -0.690561 -0.719498 -0.073817  0.012755 0.751150 1 0 1.000000
walllight001a
0  9.579563 5.869433 3.774268  0.000000 -0.258803 0.965930  0.071334 0.484491 1 0 1.000000
0  8.809153 6.655367 3.563678  -0.201673 0.692582 0.692574  0.050883 0.465467 1 0 1.000000
0  8.809153 5.869432 3.774268  -0.201601 -0.253506 0.946093  0.071334 0.465467 1 0 1.000000
walllight001a
0  -12.801078 9.220996 -4.176510  -0.773778 -0.427719 0.467250  0.249362 0.471692 1 0 1.000000
0  -12.079546 9.069300 -3.836046  0.081178 -0.384032 0.919744  0.245602 0.452225 1 0 1.000000
0  -12.079546 9.220996 -3.836047  0.185043 -0.379338 0.906566  0.249306 0.452214 1 0 1.000000
walllight001a
0  -8.753308 5.333364 3.188399  0.000843 -0.965927 0.258815  0.222920 0.007166 1 0 1.000000
0  -8.702811 5.869430 3.774268  -0.201308 -0.253515 0.946153  0.202359 0.008762 1 0 1.000000
0  -8.753310 5.879954 3.734989  0.000840 -0.258827 0.965923  0.202357 0.007173 1 0 1.000000
walllight001a
0  -8.702811 6.865955 -2.784079  -0.201307 0.946152 0.253519  1.161238 0.008762 1 0 1.000000
0  8.708289 6.655368 -3.570013  0.201317 0.692634 -0.692625  1.181799 0.433869 1 0 1.000000
0  -8.702811 6.655365 -3.570014  -0.201322 0.692624 -0.692634  1.181799 0.008762 1 0 1.000000
walllight001a
0  -8.803672 5.294086 3.198924  0.201630 -0.946086 0.253508  0.091785 0.532476 1 0 1.000000
0  -9.574082 5.504677 2.412988  -0.000000 -0.707107 -0.707107  0.112246 0.513452 1 0 1.000000
0  -8.803672 5.504676 2.412988  0.201718 -0.692578 -0.692564  0.112230 0.532476 1 0 1.000000
walllight001a
0  -8.803674 6.655365 3.563677  0.201654 0.692581 0.692580  0.050882 0.532476 1 0 1.000000
0  -8.753310 6.826676 2.788267  0.000838 0.965925 -0.258822  0.030439 0.534065 1 0 1.000000
0  -8.803674 6.865955 2.777742  0.201753 0.946066 -0.253486  0.030437 0.532476 1 0 1.000000
walllight001a
0  -8.753310 5.533431 -2.448079  0.000841 -0.707104 0.707109  1.112228 0.534064 1 0 1.000000
0  -8.803674 6.290611 -2.208735  0.201687 0.253512 0.946073  1.132698 0.532476 1 0 1.000000
0  -8.803674 5.504676 -2.419325  0.201681 -0.692594 0.692559  1.112231 0.532476 1 0 1.000000
walllight001a
0  -8.702811 8.997787 -2.419325  -0.201312 0.692625 0.692635  1.030057 0.008763 1 0 1.000000
0  -8.753310 9.169098 -3.194735  0.000853 0.965926 -0.258817  1.050618 0.007166 1 0 1.000000
0  -8.753310 8.969032 -2.448079  0.000332 0.707109 0.707105  1.030057 0.007185 1 0 1.000000
walllight001a
0  8.731402 6.648091 3.556401  0.571723 0.580150 0.580138  0.181798 0.434482 1 0 1.000000
0  8.758789 5.879957 3.734990  -0.001261 -0.258839 0.965920  0.202357 0.435457 1 0 1.000000
0  8.758789 6.626614 3.534924  -0.001268 0.707107 0.707106  0.181798 0.435467 1 0 1.000000
walllight001a
0  8.809153 6.865958 2.777743  -0.201638 0.946085 -0.253505  0.030437 0.465467 1 0 1.000000
0  9.579563 6.655367 3.563678  0.000000 0.707117 0.707096  0.050881 0.484491 1 0 1.000000
0  9.579563 6.865958 2.777743  0.000000 0.965926 -0.258818  0.030422 0.484491 1 0 1.000000
walllight001a
0  -8.803674 8.633033 3.774267  0.201752 0.253500 0.946062  0.071334 0.490360 1 0 1.000000
0  -8.753310 7.875852 3.534923  0.000826 -0.707102 0.707111  0.050883 0.488771 1 0 1.000000
0  -8.753310 8.622508 3.734989  0.000851 0.258813 0.965927  0.071332 0.488771 1 0 1.000000
walllight001a
0  8.708289 7.847101 -3.570014  0.201328 -0.692630 -0.692626  1.091739 0.433871 1 0 1.000000
0  8.758788 8.622511 -3.741325  -0.000852 0.258816 -0.965926  1.071180 0.435457 1 0 1.000000
0  8.758788 7.875854 -3.541260  -0.000845 -0.707110 -0.707103  1.091740 0.435450 1 0 1.000000
walllight001a
0  -8.702811 7.847097 3.563677  -0.201340 -0.692627 0.692626  0.091739 0.008763 1 0 1.000000
0  -8.753310 8.622508 3.734989  0.000851 0.258813 0.965927  0.071180 0.007177 1 0 1.000000
0  -8.753310 7.875852 3.534923  0.000826 -0.707102 0.707111  0.091739 0.007182 1 0 1.000000
walllight001a
0  9.579562 5.294088 -3.205260  -0.000001 -0.965926 -0.258819  1.091787 0.484490 1 0 1.000000
0  8.809152 5.504679 -2.419324  -0.201796 -0.692559 0.692561  1.112230 0.465466 1 0 1.000000
0  8.809152 5.294089 -3.205260  -0.201756 -0.946065 -0.253485  1.091785 0.465466 1 0 1.000000
walllight001a
0  8.708289 6.865958 -2.784078  0.201270 0.946160 0.253519  1.161238 0.433869 1 0 1.000000
0  -8.702811 6.290611 -2.208735  -0.201330 0.253520 0.946147  1.140675 0.008755 1 0 1.000000
0  8.708289 6.290614 -2.208734  0.201325 0.253515 0.946149  1.140675 0.433876 1 0 1.000000
walllight001a
0  9.579561 8.997788 -2.419325  0.000000 0.707107 0.707107  1.030422 0.459910 1 0 1.000000
0  8.809151 9.208380 -3.205260  -0.201741 0.946069 -0.253482  1.050882 0.440886 1 0 1.000000
0  8.809151 8.997788 -2.419325  -0.201759 0.692573 0.692558  1.030437 0.440886 1 0 1.000000
walllight001a
0  8.708289 5.504679 -2.419324  0.201311 -0.692631 0.692630  1.243481 0.433869 1 0 1.000000
0  -8.702811 5.294086 -3.205261  -0.201333 -0.946147 -0.253517  1.222920 0.008762 1 0 1.000000
0  8.708289 5.294089 -3.205260  0.201331 -0.946146 -0.253524  1.222920 0.433869 1 0 1.000000
walllight001a
0  8.708289 9.208380 -3.205260  0.201310 0.946142 -0.253553  1.050618 0.433870 1 0 1.000000
0  8.758788 8.622511 -3.741325  -0.000852 0.258816 -0.965926  1.071180 0.435457 1 0 1.000000
0  8.708289 8.633036 -3.780604  0.201313 0.253558 -0.946140  1.071179 0.433871 1 0 1.000000
walllight001a
0  -13.185634 9.995247 4.997388  -0.162419 -0.000319 0.986722  0.804335 0.664432 1 0 1.000000
0  -13.389747 9.754359 4.793275  -0.976895 -0.151079 0.151168  0.790721 0.672182 1 0 1.000000
0  -13.185634 9.754359 4.997388  -0.151104 -0.151119 0.976898  0.798461 0.664410 1 0 1.000000
walllight001a
0  8.708290 7.636510 2.777742  0.201322 -0.946148 -0.253521  0.112300 0.433871 1 0 1.000000
0  -8.702811 8.211851 2.202398  -0.201332 -0.253516 -0.946148  0.132862 0.008757 1 0 1.000000
0  8.708290 8.211854 2.202398  0.201265 -0.253521 -0.946160  0.132862 0.433878 1 0 1.000000
walllight001a
0  -8.803674 5.504676 -2.419325  0.201681 -0.692594 0.692559  1.112231 0.532476 1 0 1.000000
0  -9.574084 6.290611 -2.208735  0.000000 0.258804 0.965930  1.132760 0.513452 1 0 1.000000
0  -9.574084 5.504676 -2.419325  0.000000 -0.707118 0.707095  1.112246 0.513452 1 0 1.000000
walllight001a
0  12.936193 9.232998 -4.002763  0.849157 -0.340013 -0.404134  0.176887 0.483132 1 0 1.000000
0  12.937802 9.542598 -3.992496  0.994355 -0.000000 0.106107  0.169339 0.482828 1 0 1.000000
0  12.937802 9.232998 -3.992496  0.932099 -0.339994 0.124881  0.176889 0.482889 1 0 1.000000
walllight001a
0  -8.702811 5.504676 -2.419325  -0.201372 -0.692621 0.692623  1.243481 0.008762 1 0 1.000000
0  8.708289 6.290614 -2.208734  0.201325 0.253515 0.946149  1.264044 0.433876 1 0 1.000000
0  -8.702811 6.290611 -2.208735  -0.201330 0.253520 0.946147  1.264044 0.008755 1 0 1.000000
walllight001a
0  -8.803674 7.847098 3.563677  0.201740 -0.692582 0.692554  0.050883 0.490360 1 0 1.000000
0  -9.574084 7.636507 2.777741  0.000000 -0.965930 -0.258804  0.030422 0.509384 1 0 1.000000
0  -8.803674 7.636507 2.777741  0.201752 -0.946060 -0.253508  0.030438 0.490360 1 0 1.000000
walllight001a
0  -8.702811 6.655365 3.563677  -0.201387 0.692620 0.692619  0.181798 0.008762 1 0 1.000000
0  8.708290 5.869432 3.774268  0.201219 -0.253530 0.946168  0.202359 0.433869 1 0 1.000000
0  8.708290 6.655367 3.563678  0.201213 0.692643 0.692646  0.181798 0.433869 1 0 1.000000
walllight001a
0  9.579563 5.294088 3.198924  0.000001 -0.965926 0.258818  0.091787 0.484491 1 0 1.000000
0  8.809153 5.504679 2.412989  -0.201673 -0.692580 -0.692576  0.112230 0.465467 1 0 1.000000
0  9.579563 5.504680 2.412989  0.000001 -0.707106 -0.707108  0.112246 0.484491 1 0 1.000000
walllight001a
0  8.809151 9.208380 -3.205260  -0.201741 0.946069 -0.253482  1.050882 0.440886 1 0 1.000000
0  8.758788 8.622511 -3.741325  -0.000852 0.258816 -0.965926  1.071332 0.439297 1 0 1.000000
0  8.758788 9.169101 -3.194735  -0.001438 0.965924 -0.258821  1.050884 0.439297 1 0 1.000000
walllight001a
0  -8.803674 8.997787 -2.419325  0.201760 0.692566 0.692564  1.112230 0.490360 1 0 1.000000
0  -9.574084 8.211851 -2.208735  0.000000 -0.258819 0.965926  1.132759 0.509384 1 0 1.000000
0  -8.803674 8.211851 -2.208735  0.201757 -0.253492 0.946064  1.132698 0.490360 1 0 1.000000
walllight001a
0  -8.753310 8.622508 -3.741326  0.000840 0.258819 -0.965926  1.071333 0.488771 1 0 1.000000
0  -8.803674 9.208377 -3.205260  0.201741 0.946055 -0.253536  1.091785 0.490360 1 0 1.000000
0  -8.753310 9.169098 -3.194735  0.000853 0.965926 -0.258817  1.091785 0.488771 1 0 1.000000
walllight001a
0  8.758789 5.333367 3.188400  -0.001264 -0.965920 0.258838  0.091784 0.463877 1 0 1.000000
0  8.786059 5.511968 2.420277  -0.572789 -0.579620 -0.579615  0.112230 0.464853 1 0 1.000000
0  8.786059 5.304044 3.196256  -0.572807 -0.791759 0.212157  0.091784 0.464853 1 0 1.000000
walllight001a
0  -8.803674 7.636507 -2.784079  0.201725 -0.946068 0.253500  1.030437 0.490360 1 0 1.000000
0  -8.753310 7.875852 -3.541260  0.001329 -0.707102 -0.707110  1.050884 0.488771 1 0 1.000000
0  -8.753310 7.675786 -2.794604  0.000855 -0.965926 0.258818  1.030438 0.488773 1 0 1.000000
walllight001a
0  -8.803674 8.997787 2.412988  0.201699 0.692566 -0.692582  0.112230 0.490360 1 0 1.000000
0  -8.753310 9.169098 3.188399  0.001203 0.965925 0.258821  0.091785 0.488771 1 0 1.000000
0  -8.753310 8.969032 2.441743  0.000841 0.707111 -0.707102  0.112230 0.488771 1 0 1.000000
walllight001a
0  8.731402 6.856019 2.780406  0.571735 0.792482 -0.212349  0.161238 0.434484 1 0 1.000000
0  8.758789 6.280089 2.241677  -0.001253 0.258812 -0.965927  0.140953 0.435485 1 0 1.000000
0  8.731402 6.287951 2.212338  0.571751 0.212344 -0.792471  0.140748 0.434496 1 0 1.000000
walllight001a
0  8.809152 8.211854 2.202398  -0.201803 -0.253496 -0.946052  0.132698 0.440886 1 0 1.000000
0  9.579563 7.636510 2.777742  0.000000 -0.965922 -0.258835  0.112246 0.459910 1 0 1.000000
0  8.809152 7.636510 2.777742  -0.201748 -0.946067 -0.253484  0.112230 0.440886 1 0 1.000000
walllight001a
0  -8.803674 9.208377 3.198923  0.201692 0.946072 0.253513  0.091785 0.490360 1 0 1.000000
0  -8.753310 8.622508 3.734989  0.000851 0.258813 0.965927  0.071332 0.488771 1 0 1.000000
0  -8.753310 9.169098 3.188399  0.001203 0.965925 0.258821  0.091785 0.488771 1 0 1.000000
walllight001a
0  -12.886917 9.232996 -4.117499  -0.928963 -0.339973 -0.146446  0.224137 0.449950 1 0 1.000000
0  -12.882443 9.542596 -4.126879  -0.760424 0.000000 -0.649427  0.216583 0.449591 1 0 1.000000
0  -12.882443 9.232996 -4.126879  -0.698470 -0.339990 -0.629719  0.224144 0.449697 1 0 1.000000
walllight001a
0  8.731402 5.511956 2.420265  0.571716 -0.580142 -0.580152  0.243480 0.434482 1 0 1.000000
0  8.758789 5.333367 3.188400  -0.001264 -0.965920 0.258838  0.222920 0.435465 1 0 1.000000
0  8.731402 5.304028 3.196261  0.571727 -0.792488 0.212346  0.222920 0.434480 1 0 1.000000
walllight001a
0  -8.702811 8.211851 -2.208735  -0.201332 -0.253513 0.946148  1.132863 0.008757 1 0 1.000000
0  -8.753310 7.675786 -2.794604  0.000855 -0.965926 0.258818  1.112299 0.007175 1 0 1.000000
0  -8.702811 7.636507 -2.784079  -0.201369 -0.946138 0.253521  1.112300 0.008763 1 0 1.000000
walllight001a
0  8.708289 5.294089 -3.205260  0.201331 -0.946146 -0.253524  1.222920 0.433869 1 0 1.000000
0  8.758788 5.879958 -3.741325  -0.000847 -0.258818 -0.965926  1.202361 0.435457 1 0 1.000000
0  8.758788 5.333367 -3.194735  -0.000834 -0.965926 -0.258817  1.222919 0.435457 1 0 1.000000
walllight001a
0  -8.753308 6.280087 2.241677  0.001168 0.258828 -0.965923  0.263767 0.007155 1 0 1.000000
0  -8.702809 5.504676 2.412988  -0.201338 -0.692637 -0.692616  0.243481 0.008762 1 0 1.000000
0  -8.753308 5.533431 2.441742  0.001328 -0.707105 -0.707108  0.243480 0.007183 1 0 1.000000
walllight001a
0  -8.753310 9.169098 3.188399  0.001203 0.965925 0.258821  0.050617 0.007185 1 0 1.000000
0  -8.702811 8.997787 2.412988  -0.201332 0.692624 -0.692631  0.030057 0.008764 1 0 1.000000
0  -8.753310 8.969032 2.441743  0.000841 0.707111 -0.707102  0.030055 0.007175 1 0 1.000000
walllight001a
0  8.758788 7.675789 -2.794603  -0.000853 -0.965924 0.258826  1.112299 0.435459 1 0 1.000000
0  8.708289 7.847101 -3.570014  0.201328 -0.692630 -0.692626  1.091739 0.433871 1 0 1.000000
0  8.758788 7.875854 -3.541260  -0.000845 -0.707110 -0.707103  1.091740 0.435450 1 0 1.000000
walllight001a
0  8.809151 8.633036 -3.780604  -0.201698 0.253483 -0.946078  1.071334 0.440886 1 0 1.000000
0  9.579562 9.208380 -3.205260  0.000000 0.965922 -0.258834  1.050881 0.459910 1 0 1.000000
0  9.579562 8.633036 -3.780604  0.000000 0.258820 -0.965926  1.071334 0.459910 1 0 1.000000
walllight001a
0  12.778420 9.069302 -3.579206  0.774581 -0.339957 0.533341  0.180964 0.472095 1 0 1.000000
0  12.770334 9.542598 -3.572679  0.405309 0.000000 0.914180  0.169412 0.471752 1 0 1.000000
0  12.770334 9.069302 -3.572679  0.357923 -0.340027 0.869640  0.180965 0.471867 1 0 1.000000
walllight001a
0  -9.574084 5.869431 -3.780605  0.000000 -0.258818 -0.965926  1.071334 0.513452 1 0 1.000000
0  -8.803674 5.294086 -3.205261  0.201661 -0.946081 -0.253503  1.091785 0.532476 1 0 1.000000
0  -9.574084 5.294086 -3.205261  0.000000 -0.965926 -0.258820  1.091787 0.513452 1 0 1.000000
walllight001a
0  8.758789 8.222379 2.241677  -0.001212 -0.258819 -0.965925  0.132425 0.439299 1 0 1.000000
0  8.809152 7.636510 2.777742  -0.201748 -0.946067 -0.253484  0.112230 0.440886 1 0 1.000000
0  8.758789 7.675789 2.788266  -0.000861 -0.965922 -0.258833  0.112230 0.439299 1 0 1.000000
walllight001a
0  -12.245338 9.232996 4.509162  0.682635 -0.339976 0.646858  0.200325 0.483133 1 0 1.000000
0  -12.254338 9.542596 4.514358  0.258787 0.000000 0.965934  0.192777 0.482830 1 0 1.000000
0  -12.254338 9.232996 4.514358  0.218925 -0.339977 0.914597  0.200326 0.482890 1 0 1.000000
walllight001a
0  -8.702809 5.504676 2.412988  -0.201338 -0.692637 -0.692616  0.243481 0.008762 1 0 1.000000
0  -8.753308 5.333364 3.188399  0.000843 -0.965927 0.258815  0.222920 0.007166 1 0 1.000000
0  -8.753308 5.533431 2.441742  0.001328 -0.707105 -0.707108  0.243480 0.007183 1 0 1.000000
walllight001a
0  -8.753310 6.280087 -2.248013  0.000836 0.258819 0.965925  1.010242 0.534065 1 0 1.000000
0  -8.803674 6.865955 -2.784079  0.201649 0.946083 0.253505  1.030438 0.532476 1 0 1.000000
0  -8.803674 6.290611 -2.208735  0.201687 0.253512 0.946073  1.009970 0.532476 1 0 1.000000
walllight001a
0  8.708289 5.869433 -3.780604  0.201313 -0.253514 -0.946152  1.202360 0.433869 1 0 1.000000
0  -8.702811 6.655365 -3.570014  -0.201322 0.692624 -0.692634  1.181799 0.008762 1 0 1.000000
0  8.708289 6.655368 -3.570013  0.201317 0.692634 -0.692625  1.181799 0.433869 1 0 1.000000
walllight001a
0  8.758788 6.626614 -3.541259  -0.000850 0.707102 -0.707111  1.050883 0.463877 1 0 1.000000
0  8.809152 6.865958 -2.784078  -0.201782 0.946059 0.253490  1.030438 0.465466 1 0 1.000000
0  8.809152 6.655368 -3.570013  -0.201753 0.692573 -0.692559  1.050883 0.465466 1 0 1.000000
walllight001a
0  8.708289 8.211854 -2.208734  0.201322 -0.253525 0.946147  1.132863 0.433877 1 0 1.000000
0  8.758788 7.675789 -2.794603  -0.000853 -0.965924 0.258826  1.112299 0.435459 1 0 1.000000
0  8.758788 8.222379 -2.248013  -0.000856 -0.258830 0.965923  1.132586 0.435479 1 0 1.000000
walllight001a
0  8.758788 5.879958 -3.741325  -0.000847 -0.258818 -0.965926  1.071332 0.463877 1 0 1.000000
0  8.809152 6.655368 -3.570013  -0.201753 0.692573 -0.692559  1.050883 0.465466 1 0 1.000000
0  8.809152 5.869433 -3.780604  -0.201815 -0.253494 -0.946051  1.071334 0.465466 1 0 1.000000
walllight001a
0  8.708290 7.847100 3.563678  0.201329 -0.692624 0.692631  0.091739 0.433871 1 0 1.000000
0  8.758789 7.675789 2.788266  -0.000861 -0.965922 -0.258833  0.112298 0.435457 1 0 1.000000
0  8.758789 7.875854 3.534923  -0.000845 -0.707109 0.707104  0.091740 0.435459 1 0 1.000000
walllight001a
0  -8.803674 8.211851 2.202398  0.201652 -0.253497 -0.946085  0.009970 0.490360 1 0 1.000000
0  -8.753310 7.675786 2.788266  0.000845 -0.965927 -0.258814  0.030439 0.488773 1 0 1.000000
0  -8.803674 7.636507 2.777741  0.201752 -0.946060 -0.253508  0.030438 0.490360 1 0 1.000000
walllight001a
0  -8.753310 5.879955 -3.741326  0.000836 -0.258821 -0.965925  1.071332 0.534065 1 0 1.000000
0  -8.803674 5.294086 -3.205261  0.201661 -0.946081 -0.253503  1.091785 0.532476 1 0 1.000000
0  -8.803674 5.869431 -3.780605  0.201759 -0.253522 -0.946055  1.071334 0.532476 1 0 1.000000
walllight001a
0  8.809152 9.208380 3.198924  -0.201742 0.946068 0.253488  0.050883 0.440886 1 0 1.000000
0  9.579562 8.633035 3.774268  0.000000 0.258819 0.965926  0.071333 0.459910 1 0 1.000000
0  9.579562 9.208380 3.198924  0.000000 0.965930 0.258803  0.050881 0.459910 1 0 1.000000
walllight001a
0  -8.753310 6.626611 -3.541260  0.000848 0.707112 -0.707101  1.181798 0.007166 1 0 1.000000
0  -8.702811 5.869431 -3.780605  -0.201323 -0.253522 -0.946148  1.202359 0.008762 1 0 1.000000
0  -8.753310 5.879955 -3.741326  0.000836 -0.258821 -0.965925  1.202359 0.007183 1 0 1.000000
walllight001a
0  -8.702811 7.847098 -3.570014  -0.201335 -0.692625 -0.692629  1.091739 0.008763 1 0 1.000000
0  -8.753310 7.675786 -2.794604  0.000855 -0.965926 0.258818  1.112299 0.007175 1 0 1.000000
0  -8.753310 7.875852 -3.541260  0.001329 -0.707102 -0.707110  1.091739 0.007184 1 0 1.000000
walllight001a
0  8.708290 8.633035 3.774268  0.201340 0.253508 0.946148  0.071178 0.433871 1 0 1.000000
0  8.758788 9.169101 3.188399  -0.000836 0.965927 0.258812  0.050617 0.435448 1 0 1.000000
0  8.708290 9.208380 3.198924  0.201323 0.946146 0.253527  0.050617 0.433871 1 0 1.000000
walllight001a
0  8.708290 5.504679 2.412989  0.201253 -0.692638 -0.692639  0.243481 0.433869 1 0 1.000000
0  8.731402 6.287951 2.212338  0.571751 0.212344 -0.792471  0.263970 0.434496 1 0 1.000000
0  8.731402 5.511956 2.420265  0.571716 -0.580142 -0.580152  0.243480 0.434482 1 0 1.000000
walllight001a
0  8.758789 8.222379 2.241677  -0.001212 -0.258819 -0.965925  0.010242 0.439297 1 0 1.000000
0  8.809152 8.997789 2.412989  -0.201807 0.692557 -0.692560  0.030438 0.440886 1 0 1.000000
0  8.809152 8.211854 2.202398  -0.201803 -0.253496 -0.946052  0.009970 0.440886 1 0 1.000000
walllight001a
0  8.809152 7.847101 -3.570014  -0.201773 -0.692563 -0.692563  1.091785 0.440886 1 0 1.000000
0  8.758788 7.675789 -2.794603  -0.000853 -0.965924 0.258826  1.112231 0.439297 1 0 1.000000
0  8.758788 7.875854 -3.541260  -0.000845 -0.707110 -0.707103  1.091783 0.439297 1 0 1.000000
walllight001a
0  8.708290 5.294088 3.198924  0.201268 -0.946160 0.253520  0.222920 0.433869 1 0 1.000000
0  8.731402 5.872096 3.764329  0.571693 -0.212349 0.792512  0.202359 0.434482 1 0 1.000000
0  8.708290 5.869432 3.774268  0.201219 -0.253530 0.946168  0.202359 0.433869 1 0 1.000000
walllight001a
0  8.708290 6.655367 3.563678  0.201213 0.692643 0.692646  0.181798 0.433869 1 0 1.000000
0  8.731402 5.872096 3.764329  0.571693 -0.212349 0.792512  0.202359 0.434482 1 0 1.000000
0  8.731402 6.648091 3.556401  0.571723 0.580150 0.580138  0.181798 0.434482 1 0 1.000000
walllight001a
0  -8.803672 5.504676 2.412988  0.201718 -0.692578 -0.692564  0.112230 0.532476 1 0 1.000000
0  -8.753308 6.280087 2.241677  0.001168 0.258828 -0.965923  0.132425 0.534064 1 0 1.000000
0  -8.753308 5.533431 2.441742  0.001328 -0.707105 -0.707108  0.112230 0.534064 1 0 1.000000
walllight001a
0  -8.753310 8.622508 -3.741326  0.000840 0.258819 -0.965926  1.071333 0.488771 1 0 1.000000
0  -8.803674 7.847098 -3.570014  0.201656 -0.692577 -0.692584  1.050882 0.490360 1 0 1.000000
0  -8.803674 8.633033 -3.780605  0.201804 0.253480 -0.946056  1.071334 0.490360 1 0 1.000000
walllight001a
0  -8.803674 8.633033 3.774267  0.201752 0.253500 0.946062  0.071334 0.490360 1 0 1.000000
0  -9.574084 9.208377 3.198923  0.000000 0.965921 0.258835  0.091787 0.509384 1 0 1.000000
0  -9.574084 8.633033 3.774267  0.000000 0.258804 0.965930  0.071335 0.509384 1 0 1.000000
walllight001a
0  8.786059 6.648079 3.556389  -0.572779 0.579628 0.579617  0.050882 0.464853 1 0 1.000000
0  8.809153 5.869432 3.774268  -0.201601 -0.253506 0.946093  0.071334 0.465467 1 0 1.000000
0  8.809153 6.655367 3.563678  -0.201673 0.692582 0.692574  0.050883 0.465467 1 0 1.000000
walllight001a
0  8.786059 5.872100 3.764313  -0.572780 -0.212162 0.791777  0.071334 0.464853 1 0 1.000000
0  8.809153 5.294088 3.198924  -0.201680 -0.946076 0.253505  0.091785 0.465467 1 0 1.000000
0  8.809153 5.869432 3.774268  -0.201601 -0.253506 0.946093  0.071334 0.465467 1 0 1.000000
walllight001a
0  9.579563 8.997789 2.412989  0.000000 0.707096 -0.707118  0.030422 0.459910 1 0 1.000000
0  8.809152 8.211854 2.202398  -0.201803 -0.253496 -0.946052  0.009970 0.440886 1 0 1.000000
0  8.809152 8.997789 2.412989  -0.201807 0.692557 -0.692560  0.030438 0.440886 1 0 1.000000
walllight001a
0  8.786059 6.287947 2.212355  -0.572808 0.212165 -0.791755  0.010041 0.464853 1 0 1.000000
0  8.758789 6.826679 2.788268  -0.001234 0.965926 -0.258817  0.030439 0.463879 1 0 1.000000
0  8.786059 6.856002 2.780411  -0.572788 0.791772 -0.212159  0.030437 0.464853 1 0 1.000000
walllight001a
0  -8.753310 5.533431 -2.448079  0.000841 -0.707104 0.707109  1.243479 0.007172 1 0 1.000000
0  -8.702811 6.290611 -2.208735  -0.201330 0.253520 0.946147  1.264044 0.008755 1 0 1.000000
0  -8.753310 6.280087 -2.248013  0.000836 0.258819 0.965925  1.263766 0.007153 1 0 1.000000
walllight001a
0  -8.702811 8.211851 2.202398  -0.201332 -0.253516 -0.946148  0.009494 0.008757 1 0 1.000000
0  -8.753310 8.969032 2.441743  0.000841 0.707111 -0.707102  0.030055 0.007175 1 0 1.000000
0  -8.702811 8.997787 2.412988  -0.201332 0.692624 -0.692631  0.030057 0.008764 1 0 1.000000
walllight001a
0  -8.803672 5.294086 3.198924  0.201630 -0.946086 0.253508  0.091785 0.532476 1 0 1.000000
0  -9.574084 5.869430 3.774267  -0.000001 -0.258835 0.965922  0.071334 0.513452 1 0 1.000000
0  -9.574082 5.294086 3.198923  -0.000000 -0.965926 0.258818  0.091787 0.513452 1 0 1.000000
walllight001a
0  -8.753310 8.622508 -3.741326  0.000840 0.258819 -0.965926  1.071180 0.007175 1 0 1.000000
0  -8.702811 7.847098 -3.570014  -0.201335 -0.692625 -0.692629  1.091739 0.008763 1 0 1.000000
0  -8.753310 7.875852 -3.541260  0.001329 -0.707102 -0.707110  1.091739 0.007184 1 0 1.000000
walllight001a
0  8.708290 5.294088 3.198924  0.201268 -0.946160 0.253520  0.222920 0.433869 1 0 1.000000
0  8.731402 5.511956 2.420265  0.571716 -0.580142 -0.580152  0.243480 0.434482 1 0 1.000000
0  8.731402 5.304028 3.196261  0.571727 -0.792488 0.212346  0.222920 0.434480 1 0 1.000000
walllight001a
0  8.809151 8.633036 -3.780604  -0.201698 0.253483 -0.946078  1.071334 0.440886 1 0 1.000000
0  9.579562 7.847100 -3.570014  -0.000001 -0.707107 -0.707106  1.091787 0.459910 1 0 1.000000
0  8.809152 7.847101 -3.570014  -0.201773 -0.692563 -0.692563  1.091785 0.440886 1 0 1.000000
walllight001a
0  8.708289 8.997788 -2.419325  0.201338 0.692624 0.692629  1.030057 0.433871 1 0 1.000000
0  8.758788 8.222379 -2.248013  -0.000856 -0.258830 0.965923  1.009772 0.435479 1 0 1.000000
0  8.758787 8.969035 -2.448079  -0.000827 0.707104 0.707109  1.030059 0.435457 1 0 1.000000
walllight001a
0  -8.803674 6.655365 -3.570014  0.201784 0.692562 -0.692561  1.050883 0.532476 1 0 1.000000
0  -8.753310 6.826677 -2.794603  0.000847 0.965923 0.258827  1.030438 0.534065 1 0 1.000000
0  -8.753310 6.626611 -3.541260  0.000848 0.707112 -0.707101  1.050883 0.534065 1 0 1.000000
walllight001a
0  -8.702811 5.294086 -3.205261  -0.201333 -0.946147 -0.253517  1.222920 0.008762 1 0 1.000000
0  -8.753310 5.879955 -3.741326  0.000836 -0.258821 -0.965925  1.202359 0.007183 1 0 1.000000
0  -8.702811 5.869431 -3.780605  -0.201323 -0.253522 -0.946148  1.202359 0.008762 1 0 1.000000
walllight001a
0  -8.803672 5.294086 3.198924  0.201630 -0.946086 0.253508  0.091785 0.532476 1 0 1.000000
0  -8.753308 5.533431 2.441742  0.001328 -0.707105 -0.707108  0.112230 0.534064 1 0 1.000000
0  -8.753308 5.333364 3.188399  0.000843 -0.965927 0.258815  0.091783 0.534065 1 0 1.000000
walllight001a
0  -8.803674 7.636507 -2.784079  0.201725 -0.946068 0.253500  1.030437 0.490360 1 0 1.000000
0  -8.753310 8.222376 -2.248013  0.001499 -0.258816 0.965925  1.010241 0.488773 1 0 1.000000
0  -8.803674 8.211851 -2.208735  0.201757 -0.253492 0.946064  1.009970 0.490360 1 0 1.000000
walllight001a
0  8.708289 7.847101 -3.570014  0.201328 -0.692630 -0.692626  1.091739 0.433871 1 0 1.000000
0  -8.702811 8.633033 -3.780605  -0.201325 0.253516 -0.946149  1.071178 0.008763 1 0 1.000000
0  8.708289 8.633036 -3.780604  0.201313 0.253558 -0.946140  1.071179 0.433871 1 0 1.000000
walllight001a
0  -8.702811 5.294086 -3.205261  -0.201333 -0.946147 -0.253517  1.222920 0.008762 1 0 1.000000
0  -8.753310 5.533431 -2.448079  0.000841 -0.707104 0.707109  1.243479 0.007172 1 0 1.000000
0  -8.753310 5.333364 -3.194736  0.000843 -0.965926 -0.258815  1.222919 0.007175 1 0 1.000000
walllight001a
0  -8.702811 9.208377 -3.205260  -0.201329 0.946163 -0.253460  1.050618 0.008764 1 0 1.000000
0  8.708289 8.633036 -3.780604  0.201313 0.253558 -0.946140  1.071179 0.433871 1 0 1.000000
0  -8.702811 8.633033 -3.780605  -0.201325 0.253516 -0.946149  1.071178 0.008763 1 0 1.000000
walllight001a
0  -8.702809 5.504676 2.412988  -0.201338 -0.692637 -0.692616  0.243481 0.008762 1 0 1.000000
0  8.708290 5.294088 3.198924  0.201268 -0.946160 0.253520  0.222920 0.433869 1 0 1.000000
0  -8.702809 5.294086 3.198924  -0.201310 -0.946150 0.253524  0.222920 0.008762 1 0 1.000000
walllight001a
0  -8.702811 7.847097 3.563677  -0.201340 -0.692627 0.692626  0.091739 0.008763 1 0 1.000000
0  -8.753310 7.675786 2.788266  0.000845 -0.965927 -0.258814  0.112298 0.007175 1 0 1.000000
0  -8.702811 7.636507 2.777741  -0.201312 -0.946161 -0.253483  0.112300 0.008764 1 0 1.000000
walllight001a
0  -8.753310 6.826677 -2.794603  0.000847 0.965923 0.258827  1.161240 0.007174 1 0 1.000000
0  -8.702811 6.290611 -2.208735  -0.201330 0.253520 0.946147  1.140675 0.008755 1 0 1.000000
0  -8.702811 6.865955 -2.784079  -0.201307 0.946152 0.253519  1.161238 0.008762 1 0 1.000000
walllight001a
0  8.708289 8.997788 -2.419325  0.201338 0.692624 0.692629  1.030057 0.433871 1 0 1.000000
0  8.758788 9.169101 -3.194735  -0.001438 0.965924 -0.258821  1.050618 0.435468 1 0 1.000000
0  8.708289 9.208380 -3.205260  0.201310 0.946142 -0.253553  1.050618 0.433870 1 0 1.000000
walllight001a
0  8.731402 6.856019 2.780406  0.571735 0.792482 -0.212349  0.161238 0.434484 1 0 1.000000
0  8.758789 6.626614 3.534924  -0.001268 0.707107 0.707106  0.181798 0.435467 1 0 1.000000
0  8.758789 6.826679 2.788268  -0.001234 0.965926 -0.258817  0.161238 0.435449 1 0 1.000000
walllight001a
0  -8.803674 9.208377 3.198923  0.201692 0.946072 0.253513  0.091785 0.490360 1 0 1.000000
0  -9.574084 8.997787 2.412988  0.000000 0.707119 -0.707095  0.112246 0.509384 1 0 1.000000
0  -9.574084 9.208377 3.198923  0.000000 0.965921 0.258835  0.091787 0.509384 1 0 1.000000
walllight001a
0  -8.803674 8.997787 -2.419325  0.201760 0.692566 0.692564  1.112230 0.490360 1 0 1.000000
0  -9.574084 9.208377 -3.205260  0.000000 0.965930 -0.258804  1.091787 0.509384 1 0 1.000000
0  -9.574084 8.997787 -2.419325  0.000000 0.707107 0.707107  1.112246 0.509384 1 0 1.000000
walllight001a
0  -9.045515 4.424259 -4.330997  0.142976 -0.062840 -0.987729  0.009554 0.735028 1 0 1.000000
0  -9.597970 4.709597 -4.338189  -0.054511 -0.056734 -0.996900  0.010593 0.751160 1 0 1.000000
0  -9.560718 4.748746 -4.338189  0.000005 -0.000008 -1.000000  0.009282 0.751170 1 0 1.000000
walllight001a
0  -8.702811 9.208377 -3.205260  -0.201329 0.946163 -0.253460  1.050618 0.008764 1 0 1.000000
0  8.708289 8.997788 -2.419325  0.201338 0.692624 0.692629  1.030057 0.433871 1 0 1.000000
0  8.708289 9.208380 -3.205260  0.201310 0.946142 -0.253553  1.050618 0.433870 1 0 1.000000
walllight001a
0  -12.602129 9.220996 3.731534  -0.902328 -0.427762 -0.053136  0.253660 0.481861 1 0 1.000000
0  -12.200336 9.069300 4.420798  -0.454034 -0.384053 0.803963  0.257420 0.501328 1 0 1.000000
0  -12.200336 9.220996 4.420799  -0.361059 -0.379247 0.851944  0.253716 0.501339 1 0 1.000000
walllight001a
0  -13.185634 9.550246 4.793275  -0.151086 -0.976904 0.151101  0.790603 0.664365 1 0 1.000000
0  13.176085 9.754358 4.997384  0.151123 -0.151100 0.976898  0.798460 0.020646 1 0 1.000000
0  -13.185634 9.754359 4.997388  -0.151104 -0.151119 0.976898  0.798461 0.664410 1 0 1.000000
walllight001a
0  -8.753310 9.169098 -3.194735  0.000853 0.965926 -0.258817  1.050618 0.007166 1 0 1.000000
0  -8.702811 8.633033 -3.780605  -0.201325 0.253516 -0.946149  1.071178 0.008763 1 0 1.000000
0  -8.753310 8.622508 -3.741326  0.000840 0.258819 -0.965926  1.071180 0.007175 1 0 1.000000
walllight001a
0  8.708290 8.633035 3.774268  0.201340 0.253508 0.946148  0.071178 0.433871 1 0 1.000000
0  -8.702811 7.847097 3.563677  -0.201340 -0.692627 0.692626  0.091739 0.008763 1 0 1.000000
0  8.708290 7.847100 3.563678  0.201329 -0.692624 0.692631  0.091739 0.433871 1 0 1.000000
walllight001a
0  8.758789 6.280089 2.241677  -0.001253 0.258812 -0.965927  0.132425 0.463877 1 0 1.000000
0  8.786059 5.511968 2.420277  -0.572789 -0.579620 -0.579615  0.112230 0.464853 1 0 1.000000
0  8.758789 5.533433 2.441743  -0.001257 -0.707114 -0.707099  0.112229 0.463877 1 0 1.000000
walllight001a
0  -8.803674 8.997787 -2.419325  0.201760 0.692566 0.692564  1.112230 0.490360 1 0 1.000000
0  -8.753310 8.222376 -2.248013  0.001499 -0.258816 0.965925  1.132426 0.488771 1 0 1.000000
0  -8.753310 8.969032 -2.448079  0.000332 0.707109 0.707105  1.112230 0.488771 1 0 1.000000
walllight001a
0  -8.753308 6.280087 2.241677  0.001168 0.258828 -0.965923  0.010241 0.534065 1 0 1.000000
0  -8.803674 6.865955 2.777742  0.201753 0.946066 -0.253486  0.030437 0.532476 1 0 1.000000
0  -8.753310 6.826676 2.788267  0.000838 0.965925 -0.258822  0.030439 0.534065 1 0 1.000000
walllight001a
0  -8.753310 5.879954 3.734989  0.000840 -0.258827 0.965923  0.071333 0.534065 1 0 1.000000
0  -8.803674 6.655365 3.563677  0.201654 0.692581 0.692580  0.050882 0.532476 1 0 1.000000
0  -8.803674 5.869430 3.774268  0.201754 -0.253477 0.946068  0.071333 0.532476 1 0 1.000000
walllight001a
0  -12.356007 9.220996 4.509158  0.902341 -0.427275 0.056718  0.249225 0.501301 1 0 1.000000
0  -12.751985 9.069300 3.821067  0.456919 -0.384838 -0.801950  0.245574 0.481909 1 0 1.000000
0  -12.751986 9.220996 3.821067  0.364307 -0.379576 -0.850413  0.249277 0.481919 1 0 1.000000
walllight001a
0  8.708290 7.847100 3.563678  0.201329 -0.692624 0.692631  0.091739 0.433871 1 0 1.000000
0  -8.702811 7.636507 2.777741  -0.201312 -0.946161 -0.253483  0.112300 0.008764 1 0 1.000000
0  8.708290 7.636510 2.777742  0.201322 -0.946148 -0.253521  0.112300 0.433871 1 0 1.000000
walllight001a
0  8.758788 5.333367 -3.194735  -0.000834 -0.965926 -0.258817  1.091783 0.463877 1 0 1.000000
0  8.809152 5.869433 -3.780604  -0.201815 -0.253494 -0.946051  1.071334 0.465466 1 0 1.000000
0  8.809152 5.294089 -3.205260  -0.201756 -0.946065 -0.253485  1.091785 0.465466 1 0 1.000000
walllight001a
0  -8.803674 9.208377 -3.205260  0.201741 0.946055 -0.253536  1.091785 0.490360 1 0 1.000000
0  -9.574084 8.633033 -3.780605  0.000000 0.258835 -0.965921  1.071334 0.509384 1 0 1.000000
0  -9.574084 9.208377 -3.205260  0.000000 0.965930 -0.258804  1.091787 0.509384 1 0 1.000000
walllight001a
0  8.758787 8.969035 -2.448079  -0.000827 0.707104 0.707109  1.030439 0.439297 1 0 1.000000
0  8.809151 9.208380 -3.205260  -0.201741 0.946069 -0.253482  1.050882 0.440886 1 0 1.000000
0  8.758788 9.169101 -3.194735  -0.001438 0.965924 -0.258821  1.050884 0.439297 1 0 1.000000
walllight001a
0  8.809152 7.847100 3.563678  -0.201820 -0.692546 0.692567  0.091785 0.440886 1 0 1.000000
0  9.579562 8.633035 3.774268  0.000000 0.258819 0.965926  0.071333 0.459910 1 0 1.000000
0  8.809152 8.633035 3.774268  -0.201778 0.253502 0.946056  0.071334 0.440886 1 0 1.000000
walllight001a
0  8.786059 6.648079 3.556389  -0.572779 0.579628 0.579617  0.050882 0.464853 1 0 1.000000
0  8.758789 5.879957 3.734990  -0.001261 -0.258839 0.965920  0.071334 0.463879 1 0 1.000000
0  8.786059 5.872100 3.764313  -0.572780 -0.212162 0.791777  0.071334 0.464853 1 0 1.000000
walllight001a
0  9.579563 6.290614 2.202398  0.000000 0.258819 -0.965926  0.132759 0.484491 1 0 1.000000
0  8.809153 5.504679 2.412989  -0.201673 -0.692580 -0.692576  0.112230 0.465467 1 0 1.000000
0  8.809153 6.290614 2.202398  -0.201635 0.253500 -0.946087  0.132698 0.465467 1 0 1.000000
walllight001a
0  8.786059 5.511968 2.420277  -0.572789 -0.579620 -0.579615  0.112230 0.464853 1 0 1.000000
0  8.809153 6.290614 2.202398  -0.201635 0.253500 -0.946087  0.132698 0.465467 1 0 1.000000
0  8.809153 5.504679 2.412989  -0.201673 -0.692580 -0.692576  0.112230 0.465467 1 0 1.000000
walllight001a
0  8.809152 5.504679 -2.419324  -0.201796 -0.692559 0.692561  1.112230 0.465466 1 0 1.000000
0  8.758788 6.280089 -2.248013  -0.000836 0.258813 0.965927  1.132425 0.463877 1 0 1.000000
0  8.758788 5.533433 -2.448078  -0.000848 -0.707105 0.707108  1.112228 0.463877 1 0 1.000000
walllight001a
0  8.809151 7.636510 -2.784079  -0.201686 -0.946074 0.253507  1.112230 0.440886 1 0 1.000000
0  9.579562 7.847100 -3.570014  -0.000001 -0.707107 -0.707106  1.091787 0.459910 1 0 1.000000
0  9.579562 7.636510 -2.784078  -0.000000 -0.965926 0.258820  1.112246 0.459910 1 0 1.000000
walllight001a
0  8.708290 7.636510 2.777742  0.201322 -0.946148 -0.253521  0.112300 0.433871 1 0 1.000000
0  8.758789 8.222379 2.241677  -0.001212 -0.258819 -0.965925  0.132585 0.435487 1 0 1.000000
0  8.758789 7.675789 2.788266  -0.000861 -0.965922 -0.258833  0.112298 0.435457 1 0 1.000000
walllight001a
0  8.708289 6.290614 -2.208734  0.201325 0.253515 0.946149  1.264044 0.433876 1 0 1.000000
0  8.758788 5.533433 -2.448078  -0.000848 -0.707105 0.707108  1.243479 0.435457 1 0 1.000000
0  8.758788 6.280089 -2.248013  -0.000836 0.258813 0.965927  1.263766 0.435477 1 0 1.000000
walllight001a
0  8.786059 5.511968 2.420277  -0.572789 -0.579620 -0.579615  0.112230 0.464853 1 0 1.000000
0  8.809153 5.294088 3.198924  -0.201680 -0.946076 0.253505  0.091785 0.465467 1 0 1.000000
0  8.786059 5.304044 3.196256  -0.572807 -0.791759 0.212157  0.091784 0.464853 1 0 1.000000
walllight001a
0  -8.753310 5.533431 -2.448079  0.000841 -0.707104 0.707109  1.112228 0.534064 1 0 1.000000
0  -8.803674 5.294086 -3.205261  0.201661 -0.946081 -0.253503  1.091785 0.532476 1 0 1.000000
0  -8.753310 5.333364 -3.194736  0.000843 -0.965926 -0.258815  1.091783 0.534065 1 0 1.000000
walllight001a
0  -9.574084 6.865955 2.777742  0.000000 0.965922 -0.258834  0.030422 0.513452 1 0 1.000000
0  -8.803672 6.290611 2.202398  0.201679 0.253500 -0.946078  0.009970 0.532476 1 0 1.000000
0  -9.574082 6.290611 2.202397  0.000001 0.258819 -0.965926  0.009908 0.513452 1 0 1.000000
walllight001a
0  -8.803674 7.636507 -2.784079  0.201725 -0.946068 0.253500  1.030437 0.490360 1 0 1.000000
0  -9.574084 7.847098 -3.570015  0.000000 -0.707106 -0.707107  1.050881 0.509384 1 0 1.000000
0  -8.803674 7.847098 -3.570014  0.201656 -0.692577 -0.692584  1.050882 0.490360 1 0 1.000000
walllight001a
0  8.708290 9.208380 3.198924  0.201323 0.946146 0.253527  0.050617 0.433871 1 0 1.000000
0  -8.702811 8.633033 3.774267  -0.201307 0.253524 0.946151  0.071178 0.008764 1 0 1.000000
0  8.708290 8.633035 3.774268  0.201340 0.253508 0.946148  0.071178 0.433871 1 0 1.000000
walllight001a
0  8.708290 6.865958 2.777743  0.201194 0.946175 -0.253523  0.161237 0.433869 1 0 1.000000
0  8.731402 6.648091 3.556401  0.571723 0.580150 0.580138  0.181798 0.434482 1 0 1.000000
0  8.731402 6.856019 2.780406  0.571735 0.792482 -0.212349  0.161238 0.434484 1 0 1.000000
walllight001a
0  8.708289 6.655368 -3.570013  0.201317 0.692634 -0.692625  1.181799 0.433869 1 0 1.000000
0  8.758788 5.879958 -3.741325  -0.000847 -0.258818 -0.965926  1.202361 0.435457 1 0 1.000000
0  8.708289 5.869433 -3.780604  0.201313 -0.253514 -0.946152  1.202360 0.433869 1 0 1.000000
walllight001a
0  12.646459 9.069302 4.544518  0.553931 -0.339952 0.759996  0.157362 0.494216 1 0 1.000000
0  12.636665 9.542599 4.547996  0.079312 -0.000001 0.996850  0.145815 0.493909 1 0 1.000000
0  12.636665 9.069302 4.547995  0.049332 -0.340045 0.939114  0.157364 0.493988 1 0 1.000000
walllight001a
0  12.301413 9.069302 4.486155  -0.602810 -0.384050 0.699376  0.157463 0.485674 1 0 1.000000
0  12.299386 9.220998 4.480484  -0.923657 -0.379218 -0.055243  0.153755 0.485489 1 0 1.000000
0  12.299386 9.069302 4.480484  -0.909537 -0.384077 -0.158830  0.157471 0.485529 1 0 1.000000
walllight001a
0  8.708290 6.865958 2.777743  0.201194 0.946175 -0.253523  0.161237 0.433869 1 0 1.000000
0  -8.702811 6.655365 3.563677  -0.201387 0.692620 0.692619  0.181798 0.008762 1 0 1.000000
0  8.708290 6.655367 3.563678  0.201213 0.692643 0.692646  0.181798 0.433869 1 0 1.000000
walllight001a
0  12.323029 9.542598 -3.507802  -0.589076 -0.000000 0.808078  0.169537 0.460664 1 0 1.000000
0  12.332724 9.069302 -3.504062  -0.074618 -0.339995 0.937462  0.181081 0.461056 1 0 1.000000
0  12.332724 9.542598 -3.504062  -0.106103 0.000000 0.994355  0.169533 0.460918 1 0 1.000000
walllight001a
0  8.758789 5.879957 3.734990  -0.001261 -0.258839 0.965920  0.202357 0.435457 1 0 1.000000
0  8.731402 5.304028 3.196261  0.571727 -0.792488 0.212346  0.222920 0.434480 1 0 1.000000
0  8.758789 5.333367 3.188400  -0.001264 -0.965920 0.258838  0.222920 0.435465 1 0 1.000000
walllight001a
0  -8.753310 6.826677 -2.794603  0.000847 0.965923 0.258827  1.161240 0.007174 1 0 1.000000
0  -8.702811 6.655365 -3.570014  -0.201322 0.692624 -0.692634  1.181799 0.008762 1 0 1.000000
0  -8.753310 6.626611 -3.541260  0.000848 0.707112 -0.707101  1.181798 0.007166 1 0 1.000000
walllight001a
0  -12.157791 9.220996 -3.675055  0.775755 -0.427271 -0.464375  0.253797 0.452252 1 0 1.000000
0  -12.873866 9.069300 -4.017844  -0.077703 -0.384859 -0.919699  0.257448 0.471644 1 0 1.000000
0  -12.873866 9.220996 -4.017844  -0.181654 -0.379603 -0.907140  0.253745 0.471634 1 0 1.000000
walllight001a
0  -8.702811 8.211851 -2.208735  -0.201332 -0.253513 0.946148  1.009494 0.008757 1 0 1.000000
0  -8.753310 8.969032 -2.448079  0.000332 0.707109 0.707105  1.030057 0.007185 1 0 1.000000
0  -8.753310 8.222376 -2.248013  0.001499 -0.258816 0.965925  1.009772 0.007145 1 0 1.000000
walllight001a
0  8.809151 7.636510 -2.784079  -0.201686 -0.946074 0.253507  1.112230 0.440886 1 0 1.000000
0  9.579562 8.211854 -2.208734  -0.000000 -0.258835 0.965922  1.132759 0.459910 1 0 1.000000
0  8.809151 8.211854 -2.208734  -0.201743 -0.253476 0.946070  1.132698 0.440886 1 0 1.000000
walllight001a
0  12.935735 9.069302 4.197226  0.935137 -0.339963 -0.099718  0.157326 0.505255 1 0 1.000000
0  12.933849 9.542598 4.207446  0.902945 -0.000003 0.429756  0.145772 0.504997 1 0 1.000000
0  12.933849 9.069302 4.207446  0.838007 -0.339928 0.426842  0.157326 0.505027 1 0 1.000000
walllight001a
0  -10.134326 5.760455 -4.283214  -0.994469 -0.074630 -0.073908  0.012747 0.781008 1 0 1.000000
0  -10.170468 9.083708 4.244130  -0.994954 -0.069960 0.071923  0.220932 0.862157 1 0 1.000000
0  -10.170468 9.083709 -4.283215  -0.994974 -0.069964 -0.071633  0.012723 0.862160 1 0 1.000000
walllight001a
0  12.201057 9.232998 4.467643  -0.381152 -0.339944 0.859745  0.153450 0.483136 1 0 1.000000
0  12.193150 9.542599 4.460901  -0.823634 0.000001 0.567122  0.145902 0.482832 1 0 1.000000
0  12.193150 9.232998 4.460901  -0.788611 -0.340003 0.512338  0.153451 0.482893 1 0 1.000000
walllight001a
0  8.731402 5.511956 2.420265  0.571716 -0.580142 -0.580152  0.243480 0.434482 1 0 1.000000
0  8.758789 6.280089 2.241677  -0.001253 0.258812 -0.965927  0.263767 0.435476 1 0 1.000000
0  8.758789 5.533433 2.441743  -0.001257 -0.707114 -0.707099  0.243480 0.435448 1 0 1.000000
walllight001a
0  -12.846277 9.542596 -3.667343  -0.649475 0.000000 0.760383  0.216408 0.460921 1 0 1.000000
0  -12.446470 9.069300 -3.476645  -0.196135 -0.339989 0.919749  0.227840 0.471869 1 0 1.000000
0  -12.446470 9.542596 -3.476645  -0.182191 0.000000 0.983263  0.216287 0.471754 1 0 1.000000
walllight001a
0  8.708290 8.633035 3.774268  0.201340 0.253508 0.946148  0.071178 0.433871 1 0 1.000000
0  8.758789 7.875854 3.534923  -0.000845 -0.707109 0.707104  0.091740 0.435459 1 0 1.000000
0  8.758788 8.622510 3.734989  -0.000834 0.258816 0.965926  0.071179 0.435452 1 0 1.000000
walllight001a
0  8.708290 5.504679 2.412989  0.201253 -0.692638 -0.692639  0.243481 0.433869 1 0 1.000000
0  -8.702809 6.290611 2.202398  -0.201310 0.253519 -0.946151  0.264043 0.008755 1 0 1.000000
0  8.708290 6.290614 2.202398  0.201228 0.253523 -0.946168  0.264043 0.433876 1 0 1.000000
walllight001a
0  8.708289 7.636510 -2.784079  0.201311 -0.946152 0.253517  1.112300 0.433870 1 0 1.000000
0  -8.702811 7.847098 -3.570014  -0.201335 -0.692625 -0.692629  1.091739 0.008763 1 0 1.000000
0  8.708289 7.847101 -3.570014  0.201328 -0.692630 -0.692626  1.091739 0.433871 1 0 1.000000
walllight001a
0  -8.753310 8.622508 3.734989  0.000851 0.258813 0.965927  0.071180 0.007177 1 0 1.000000
0  -8.702811 9.208377 3.198923  -0.201321 0.946150 0.253514  0.050617 0.008763 1 0 1.000000
0  -8.753310 9.169098 3.188399  0.001203 0.965925 0.258821  0.050617 0.007185 1 0 1.000000
walllight001a
0  8.809152 8.633035 3.774268  -0.201778 0.253502 0.946056  0.071334 0.440886 1 0 1.000000
0  8.758788 9.169101 3.188399  -0.000836 0.965927 0.258812  0.050883 0.439297 1 0 1.000000
0  8.758788 8.622510 3.734989  -0.000834 0.258816 0.965926  0.071334 0.439297 1 0 1.000000
walllight001a
0  -9.574084 5.504676 -2.419325  0.000000 -0.707118 0.707095  1.112246 0.513452 1 0 1.000000
0  -8.803674 5.294086 -3.205261  0.201661 -0.946081 -0.253503  1.091785 0.532476 1 0 1.000000
0  -8.803674 5.504676 -2.419325  0.201681 -0.692594 0.692559  1.112231 0.532476 1 0 1.000000
walllight001a
0  12.896368 9.069302 -3.899508  0.338657 -0.384502 -0.858760  0.180947 0.480489 1 0 1.000000
0  12.900139 9.220998 -3.894831  0.991630 -0.125307 -0.031131  0.177225 0.480331 1 0 1.000000
0  12.900139 9.069302 -3.894831  0.911069 -0.384509 -0.148684  0.180941 0.480344 1 0 1.000000
walllight001a
0  12.896368 9.220998 -3.899508  0.377538 -0.427319 -0.821501  0.253797 0.541319 1 0 1.000000
0  12.111884 9.069302 -3.777635  -0.583819 -0.384903 -0.714846  0.257448 0.560711 1 0 1.000000
0  12.111884 9.220998 -3.777635  -0.662351 -0.379517 -0.645955  0.253745 0.560701 1 0 1.000000
walllight001a
0  -8.803674 5.869430 3.774268  0.201754 -0.253477 0.946068  0.071333 0.532476 1 0 1.000000
0  -8.753308 5.333364 3.188399  0.000843 -0.965927 0.258815  0.091783 0.534065 1 0 1.000000
0  -8.753310 5.879954 3.734989  0.000840 -0.258827 0.965923  0.071333 0.534065 1 0 1.000000
walllight001a
0  8.786059 6.648079 3.556389  -0.572779 0.579628 0.579617  0.050882 0.464853 1 0 1.000000
0  8.809153 6.865958 2.777743  -0.201638 0.946085 -0.253505  0.030437 0.465467 1 0 1.000000
0  8.786059 6.856002 2.780411  -0.572788 0.791772 -0.212159  0.030437 0.464853 1 0 1.000000
walllight001a
0  8.758788 7.875854 -3.541260  -0.000845 -0.707110 -0.707103  1.091783 0.439297 1 0 1.000000
0  8.809151 8.633036 -3.780604  -0.201698 0.253483 -0.946078  1.071334 0.440886 1 0 1.000000
0  8.809152 7.847101 -3.570014  -0.201773 -0.692563 -0.692563  1.091785 0.440886 1 0 1.000000
walllight001a
0  8.758788 6.626614 -3.541259  -0.000850 0.707102 -0.707111  1.181800 0.435457 1 0 1.000000
0  8.708289 6.865958 -2.784078  0.201270 0.946160 0.253519  1.161238 0.433869 1 0 1.000000
0  8.758788 6.826680 -2.794603  -0.000843 0.965926 0.258816  1.161240 0.435457 1 0 1.000000
walllight001a
0  11.270648 9.435274 4.244127  0.008205 -0.997128 0.075286  0.012755 0.706536 1 0 1.000000
0  10.468047 9.429380 -4.283217  0.127469 -0.989224 -0.072031  0.220933 0.686939 1 0 1.000000
0  11.270649 9.435275 -4.283218  0.008177 -0.997128 -0.075293  0.220899 0.706536 1 0 1.000000
walllight001a
0  -13.185632 9.754359 -4.997633  -0.150670 -0.150659 -0.977037  0.548670 0.664409 1 0 1.000000
0  13.176085 9.995245 -4.997636  0.161801 0.000087 -0.986823  0.542794 0.020623 1 0 1.000000
0  13.176085 9.754358 -4.997636  0.150637 -0.150689 -0.977037  0.548668 0.020645 1 0 1.000000
walllight001a
0  -10.474313 9.429379 -4.283215  -0.127798 -0.989173 -0.072136  0.012723 0.874439 1 0 1.000000
0  -11.276914 9.435270 4.244130  -0.008140 -0.997130 0.075276  0.220900 0.894035 1 0 1.000000
0  -11.276914 9.435270 -4.283215  -0.008057 -0.997122 -0.075387  0.012756 0.894036 1 0 1.000000
walllight001a
0  12.109724 9.069302 -3.772045  -0.912802 -0.384899 0.136546  0.181245 0.452548 1 0 1.000000
0  12.111884 9.220998 -3.777635  -0.662351 -0.379517 -0.645955  0.177537 0.452336 1 0 1.000000
0  12.111884 9.069302 -3.777635  -0.583819 -0.384903 -0.714846  0.181254 0.452404 1 0 1.000000
walllight001a
0  12.677960 9.069302 3.754310  0.603777 -0.384907 -0.698069  0.157807 0.452552 1 0 1.000000
0  12.679961 9.220998 3.759959  0.923312 -0.379526 0.058784  0.154100 0.452340 1 0 1.000000
0  12.679961 9.069302 3.759959  0.908572 -0.384921 0.162271  0.157816 0.452407 1 0 1.000000
walllight001a
0  -13.389747 9.754359 4.793275  -0.976895 -0.151079 0.151168  0.790721 0.672182 1 0 1.000000
0  -13.389745 9.995246 -4.793519  -0.986819 0.000000 -0.161826  0.556346 0.678045 1 0 1.000000
0  -13.389745 9.754359 -4.793519  -0.976950 -0.151217 -0.150670  0.556405 0.672186 1 0 1.000000
walllight001a
0  12.164031 9.220999 4.363353  0.248539 -0.427352 0.869252  0.249225 0.530990 1 0 1.000000
0  12.679961 9.069302 3.759959  0.908572 -0.384921 0.162271  0.245574 0.511598 1 0 1.000000
0  12.679961 9.220998 3.759959  0.923312 -0.379526 0.058784  0.249277 0.511608 1 0 1.000000
walllight001a
0  -12.254338 9.069301 3.726350  0.218891 -0.339980 -0.914604  0.204201 0.505253 1 0 1.000000
0  -12.245338 9.542596 3.731546  0.707083 0.000002 -0.707131  0.192647 0.504994 1 0 1.000000
0  -12.245338 9.069300 3.731546  0.682601 -0.340002 -0.646881  0.204200 0.505024 1 0 1.000000
walllight001a
0  12.044933 9.069303 4.043477  -0.935128 -0.339969 0.099784  0.157527 0.472099 1 0 1.000000
0  12.046818 9.542599 4.033257  -0.902946 0.000000 -0.429753  0.145975 0.471755 1 0 1.000000
0  12.046818 9.069303 4.033257  -0.838028 -0.339911 -0.426814  0.157528 0.471871 1 0 1.000000
walllight001a
0  12.334208 9.542599 3.696186  -0.567117 0.000000 -0.823637  0.146096 0.460922 1 0 1.000000
0  12.046818 9.069303 4.033257  -0.838028 -0.339911 -0.426814  0.157528 0.471871 1 0 1.000000
0  12.046818 9.542599 4.033257  -0.902946 0.000000 -0.429753  0.145975 0.471755 1 0 1.000000
walllight001a
0  8.786059 6.287947 2.212355  -0.572808 0.212165 -0.791755  0.010041 0.464853 1 0 1.000000
0  8.809153 6.865958 2.777743  -0.201638 0.946085 -0.253505  0.030437 0.465467 1 0 1.000000
0  8.809153 6.290614 2.202398  -0.201635 0.253500 -0.946087  0.009970 0.465467 1 0 1.000000
walllight001a
0  12.864698 9.063301 -4.081779  0.364836 -0.920525 0.139742  0.245395 0.541398 1 0 1.000000
0  12.209082 9.063302 -4.276238  -0.311016 -0.868810 -0.385278  0.238206 0.556467 1 0 1.000000
0  12.651702 9.063302 -4.345641  0.178156 -0.868788 -0.462025  0.238220 0.545529 1 0 1.000000
walllight001a
0  12.158853 9.228975 4.364312  -0.942349 -0.000028 0.334632  0.153591 0.480388 1 0 1.000000
0  12.161293 9.232998 4.371183  -0.860889 -0.282462 0.423185  0.153489 0.480567 1 0 1.000000
0  12.160131 9.542599 4.367913  -0.942357 -0.000000 0.334610  0.145923 0.480423 1 0 1.000000
walllight001a
0  -10.115512 9.085905 4.299105  -0.070940 -0.005719 0.997464  0.223097 0.862161 1 0 1.000000
0  -10.460490 9.537707 4.299105  -0.000000 0.000000 1.000000  0.224429 0.874340 1 0 1.000000
0  -10.467338 9.484015 4.299105  -0.009963 -0.067466 0.997672  0.223109 0.874430 1 0 1.000000
walllight001a
0  12.935735 9.069302 4.197226  0.935137 -0.339963 -0.099718  0.157326 0.505255 1 0 1.000000
0  12.820358 9.069302 3.872291  0.593142 -0.385243 -0.706945  0.157363 0.513664 1 0 1.000000
0  12.820358 9.220998 3.872290  0.731509 -0.125538 -0.670175  0.153648 0.513678 1 0 1.000000
walllight001a
0  12.295512 9.542599 4.485066  -0.181402 -0.000000 0.983409  0.145886 0.485432 1 0 1.000000
0  12.636665 9.069302 4.547995  0.049332 -0.340045 0.939114  0.157364 0.493988 1 0 1.000000
0  12.636665 9.542599 4.547996  0.079312 -0.000001 0.996850  0.145815 0.493909 1 0 1.000000
walllight001a
0  12.636665 9.069302 4.547995  0.049332 -0.340045 0.939114  0.157364 0.493988 1 0 1.000000
0  12.299263 9.228978 4.485758  -0.405146 -0.201679 0.891730  0.153552 0.485577 1 0 1.000000
0  12.301413 9.220998 4.486155  -0.616230 -0.059806 0.785292  0.153748 0.485634 1 0 1.000000
walllight001a
0  12.683861 9.542598 3.755398  0.181403 -0.000001 -0.983409  0.146234 0.452223 1 0 1.000000
0  12.687262 9.232998 3.756026  0.261013 -0.299823 -0.917594  0.153800 0.452246 1 0 1.000000
0  12.680096 9.228972 3.754704  0.405510 -0.201514 -0.891602  0.153897 0.452426 1 0 1.000000
walllight001a
0  -12.436110 9.542597 -3.477461  0.333854 0.000001 0.942625  0.216286 0.472008 1 0 1.000000
0  -12.155528 9.228972 -3.670299  0.566522 -0.000069 0.824047  0.223904 0.480387 1 0 1.000000
0  -12.152379 9.542596 -3.672464  0.566406 0.000003 0.824127  0.216236 0.480421 1 0 1.000000
walllight001a
0  -12.072367 9.226995 -3.734735  0.446954 -0.868789 0.213160  0.251525 0.450994 1 0 1.000000
0  -12.805946 9.226995 -4.172173  -0.451838 -0.891793 -0.023394  0.249570 0.471754 1 0 1.000000
0  -12.079828 9.226995 -3.829545  0.378404 -0.889567 0.255892  0.249513 0.452152 1 0 1.000000
walllight001a
0  -12.197339 9.063299 4.414025  0.000873 -0.920525 0.390683  0.257627 0.501221 1 0 1.000000
0  -12.251802 9.063299 3.732350  0.247575 -0.868795 -0.428839  0.264816 0.486153 1 0 1.000000
0  -12.027788 9.063299 4.120354  0.495268 -0.868740 -0.000027  0.264802 0.497091 1 0 1.000000
walllight001a
0  12.295512 9.542599 4.485066  -0.181402 -0.000000 0.983409  0.145886 0.485432 1 0 1.000000
0  12.201057 9.232998 4.467643  -0.381152 -0.339944 0.859745  0.153450 0.483136 1 0 1.000000
0  12.292089 9.232998 4.484435  -0.260781 -0.299989 0.917605  0.153454 0.485397 1 0 1.000000
walllight001a
0  -12.879278 9.542596 -4.020434  -0.996917 0.000000 0.078458  0.216547 0.452222 1 0 1.000000
0  -12.886917 9.232996 -4.117499  -0.928963 -0.339973 -0.146446  0.224137 0.449950 1 0 1.000000
0  -12.879549 9.232996 -4.023882  -0.953865 -0.299838 -0.015450  0.224112 0.452244 1 0 1.000000
walllight001a
0  -12.882443 9.542596 -4.126879  -0.760424 0.000000 -0.649427  0.216098 0.516073 1 0 1.000000
0  -12.809346 9.232997 -4.177118  -0.630974 -0.282334 -0.722606  0.223664 0.513910 1 0 1.000000
0  -12.882443 9.232996 -4.126879  -0.698470 -0.339990 -0.629719  0.223658 0.516077 1 0 1.000000
walllight001a
0  12.199652 9.226998 4.461283  -0.321264 -0.868780 0.376842  0.153650 0.483015 1 0 1.000000
0  12.201057 9.232998 4.467643  -0.381152 -0.339944 0.859745  0.153450 0.483136 1 0 1.000000
0  12.193150 9.232998 4.460901  -0.788611 -0.340003 0.512338  0.153451 0.482893 1 0 1.000000
walllight001a
0  12.334208 9.069302 3.696186  -0.553928 -0.340051 -0.759953  0.157644 0.461060 1 0 1.000000
0  12.344002 9.069302 3.692709  -0.049330 -0.340055 -0.939111  0.157648 0.460832 1 0 1.000000
0  12.340419 9.063302 3.698149  -0.165654 -0.868836 -0.466565  0.157851 0.460956 1 0 1.000000
walllight001a
0  -12.356007 9.220996 4.509158  0.902341 -0.427275 0.056718  0.200671 0.480479 1 0 1.000000
0  -12.349545 9.232997 4.514358  0.110728 -0.282414 0.952881  0.200364 0.480564 1 0 1.000000
0  -12.359014 9.220996 4.514358  0.385873 -0.125300 0.914003  0.200663 0.480332 1 0 1.000000
walllight001a
0  -12.157791 9.220996 -3.675055  0.775755 -0.427271 -0.464375  0.224108 0.480480 1 0 1.000000
0  -12.149520 9.232997 -3.674429  0.630991 -0.282456 0.722543  0.223802 0.480565 1 0 1.000000
0  -12.157324 9.220996 -3.669065  0.835723 -0.125382 0.534646  0.224100 0.480334 1 0 1.000000
walllight001a
0  12.301413 9.069302 4.486155  -0.602810 -0.384050 0.699376  0.157463 0.485674 1 0 1.000000
0  12.299386 9.069302 4.480484  -0.909537 -0.384077 -0.158830  0.157471 0.485529 1 0 1.000000
0  12.306771 9.063302 4.481042  -0.367852 -0.920535 0.131531  0.157670 0.485780 1 0 1.000000
walllight001a
0  12.677960 9.069302 3.754310  0.603777 -0.384907 -0.698069  0.157807 0.452552 1 0 1.000000
0  12.679961 9.069302 3.759959  0.908572 -0.384921 0.162271  0.157816 0.452407 1 0 1.000000
0  12.672536 9.063302 3.759411  0.366837 -0.921160 -0.129983  0.158013 0.452660 1 0 1.000000
walllight001a
0  12.162314 9.063302 4.356128  -0.070986 -0.920844 0.383416  0.157712 0.480245 1 0 1.000000
0  12.164031 9.069302 4.363353  0.302277 -0.384460 0.872249  0.157509 0.480493 1 0 1.000000
0  12.158124 9.069302 4.362259  -0.594543 -0.384488 0.706178  0.157504 0.480348 1 0 1.000000
walllight001a
0  12.049738 9.063302 4.039080  -0.487027 -0.868756 -0.089823  0.157732 0.471979 1 0 1.000000
0  12.044933 9.069303 4.043477  -0.935128 -0.339969 0.099784  0.157527 0.472099 1 0 1.000000
0  12.046818 9.069303 4.033257  -0.838028 -0.339911 -0.426814  0.157528 0.471871 1 0 1.000000
walllight001a
0  12.816190 9.063302 3.878485  0.069705 -0.921446 -0.382202  0.157571 0.513558 1 0 1.000000
0  12.814477 9.069302 3.871218  -0.305393 -0.385255 -0.870812  0.157370 0.513808 1 0 1.000000
0  12.820358 9.069302 3.872291  0.593142 -0.385243 -0.706945  0.157363 0.513664 1 0 1.000000
walllight001a
0  12.930929 9.063302 4.201623  0.487024 -0.868755 0.089846  0.157530 0.505134 1 0 1.000000
0  12.935735 9.069302 4.197226  0.935137 -0.339963 -0.099718  0.157326 0.505255 1 0 1.000000
0  12.933849 9.069302 4.207446  0.838007 -0.339928 0.426842  0.157326 0.505027 1 0 1.000000
walllight001a
0  12.640248 9.063302 4.542554  0.165698 -0.868801 0.466615  0.157568 0.494110 1 0 1.000000
0  12.646459 9.069302 4.544518  0.553931 -0.339952 0.759996  0.157362 0.494216 1 0 1.000000
0  12.636665 9.069302 4.547995  0.049332 -0.340045 0.939114  0.157364 0.493988 1 0 1.000000
walllight001a
0  12.103783 9.232998 -3.779405  -0.795653 -0.299852 0.526332  0.177237 0.452242 1 0 1.000000
0  12.111884 9.220998 -3.777635  -0.662351 -0.379517 -0.645955  0.177537 0.452336 1 0 1.000000
0  12.108359 9.228972 -3.773736  -0.888367 -0.201595 0.412508  0.177335 0.452423 1 0 1.000000
walllight001a
0  12.687262 9.232998 3.756026  0.261013 -0.299823 -0.917594  0.153800 0.452246 1 0 1.000000
0  12.679961 9.220998 3.759959  0.923312 -0.379526 0.058784  0.154100 0.452340 1 0 1.000000
0  12.680096 9.228972 3.754704  0.405510 -0.201514 -0.891602  0.153897 0.452426 1 0 1.000000
walllight001a
0  12.779610 9.232998 3.773060  0.381180 -0.339995 -0.859712  0.153825 0.449951 1 0 1.000000
0  12.787518 9.232998 3.779803  0.788663 -0.339942 -0.512298  0.153832 0.449699 1 0 1.000000
0  12.781015 9.226998 3.779421  0.321312 -0.868776 -0.376810  0.154029 0.449884 1 0 1.000000
walllight001a
0  12.687262 9.232998 3.756026  0.261013 -0.299823 -0.917594  0.153800 0.452246 1 0 1.000000
0  12.781015 9.226998 3.779421  0.321312 -0.868776 -0.376810  0.154029 0.449884 1 0 1.000000
0  12.686173 9.226998 3.761926  0.344226 -0.890075 -0.298788  0.154004 0.452236 1 0 1.000000
walllight001a
0  12.210657 9.069302 -4.282559  -0.357952 -0.340041 -0.869622  0.180763 0.505023 1 0 1.000000
0  12.651702 9.063302 -4.345641  0.178156 -0.868788 -0.462025  0.181005 0.494107 1 0 1.000000
0  12.209082 9.063302 -4.276238  -0.311016 -0.868810 -0.385278  0.180967 0.505131 1 0 1.000000
walllight001a
0  -12.882443 9.232996 -4.126879  -0.698470 -0.339990 -0.629719  0.223658 0.516077 1 0 1.000000
0  -12.805946 9.226995 -4.172173  -0.451838 -0.891793 -0.023394  0.223866 0.513926 1 0 1.000000
0  -12.881134 9.226995 -4.120498  -0.446958 -0.868787 -0.213162  0.223865 0.516139 1 0 1.000000
walllight001a
0  12.814477 9.220998 3.871218  -0.251841 -0.427751 -0.868104  0.253660 0.511549 1 0 1.000000
0  12.293178 9.226998 4.478535  -0.344913 -0.889547 0.299569  0.253509 0.531090 1 0 1.000000
0  12.811543 9.226998 3.865395  0.139011 -0.891812 -0.430520  0.253453 0.511488 1 0 1.000000
walllight001a
0  -12.254338 9.232996 4.514358  0.218925 -0.339977 0.914597  0.200326 0.482890 1 0 1.000000
0  -12.349545 9.226995 4.508358  0.359656 -0.891275 0.276183  0.200569 0.480581 1 0 1.000000
0  -12.251802 9.226995 4.508358  0.247611 -0.868785 0.428838  0.200525 0.483012 1 0 1.000000
walllight001a
0  12.872094 9.069302 -4.082168  0.912921 -0.384036 -0.138169  0.180901 0.485671 1 0 1.000000
0  12.869941 9.220998 -4.076545  0.664686 -0.379247 0.643711  0.177192 0.485485 1 0 1.000000
0  12.869940 9.069302 -4.076545  0.586773 -0.384085 0.712865  0.180909 0.485526 1 0 1.000000
walllight001a
0  -10.467338 9.484015 -4.338190  -0.009973 -0.067446 -0.997673  0.010547 0.874433 1 0 1.000000
0  -10.170468 9.083709 -4.283215  -0.994974 -0.069964 -0.071633  0.012723 0.862160 1 0 1.000000
0  -10.474313 9.429379 -4.283215  -0.127798 -0.989173 -0.072136  0.012723 0.874439 1 0 1.000000
walllight001a
0  -12.194314 9.069300 4.420786  0.457333 -0.384005 0.802114  0.204339 0.485672 1 0 1.000000
0  -12.200336 9.220996 4.420799  -0.361059 -0.379247 0.851944  0.200630 0.485487 1 0 1.000000
0  -12.200336 9.069300 4.420798  -0.454034 -0.384053 0.803963  0.204346 0.485527 1 0 1.000000
walllight001a
0  12.323028 9.069302 -3.507802  -0.574184 -0.340040 0.744772  0.181085 0.460828 1 0 1.000000
0  12.117162 9.063302 -3.772383  -0.363012 -0.921165 -0.140275  0.181451 0.452656 1 0 1.000000
0  12.329289 9.063302 -3.509597  -0.178154 -0.868808 0.461989  0.181288 0.460952 1 0 1.000000
walllight001a
0  -12.801078 9.220996 -4.176510  -0.773778 -0.427719 0.467250  0.249362 0.471692 1 0 1.000000
0  -12.079828 9.226995 -3.829545  0.378404 -0.889567 0.255892  0.249513 0.452152 1 0 1.000000
0  -12.805946 9.226995 -4.172173  -0.451838 -0.891793 -0.023394  0.249570 0.471754 1 0 1.000000
walllight001a
0  12.820358 9.069302 3.872291  0.593142 -0.385243 -0.706945  0.157363 0.513664 1 0 1.000000
0  12.930929 9.063302 4.201623  0.487024 -0.868755 0.089846  0.157530 0.505134 1 0 1.000000
0  12.816190 9.063302 3.878485  0.069705 -0.921446 -0.382202  0.157571 0.513558 1 0 1.000000
walllight001a
0  12.164031 9.220999 4.363353  0.248539 -0.427352 0.869252  0.249225 0.530990 1 0 1.000000
0  12.686173 9.226998 3.761926  0.344226 -0.890075 -0.298788  0.249484 0.511546 1 0 1.000000
0  12.166946 9.226998 4.369175  -0.139876 -0.891299 0.431302  0.249432 0.531052 1 0 1.000000
walllight001a
0  -12.359014 9.069300 4.514358  0.466568 -0.384461 0.796557  0.204379 0.480346 1 0 1.000000
0  -12.699831 9.063300 4.508358  -0.247557 -0.868838 0.428762  0.204607 0.471977 1 0 1.000000
0  -12.363389 9.063299 4.508358  0.337538 -0.920846 0.195222  0.204587 0.480243 1 0 1.000000
walllight001a
0  12.085700 9.063302 -3.956300  -0.301753 -0.921448 0.244701  0.245451 0.560662 1 0 1.000000
0  12.869940 9.069302 -4.076545  0.586773 -0.384085 0.712865  0.245602 0.541292 1 0 1.000000
0  12.082268 9.069302 -3.949670  -0.335279 -0.385259 0.859746  0.245659 0.560770 1 0 1.000000
walllight001a
0  12.892966 9.063301 -3.892907  0.303580 -0.920855 -0.244674  0.257707 0.541436 1 0 1.000000
0  12.111884 9.069302 -3.777635  -0.583819 -0.384903 -0.714846  0.257448 0.560711 1 0 1.000000
0  12.896368 9.069302 -3.899508  0.338657 -0.384502 -0.858760  0.257501 0.541329 1 0 1.000000
walllight001a
0  10.164203 9.083711 4.244127  0.994979 -0.069961 0.071577  0.012723 0.674657 1 0 1.000000
0  10.128060 5.760458 -4.283217  0.994469 -0.074665 -0.073873  0.220908 0.593508 1 0 1.000000
0  10.164203 9.083712 -4.283217  0.994945 -0.070409 -0.071603  0.220932 0.674660 1 0 1.000000
walllight001a
0  12.295512 9.542599 4.485066  -0.181402 -0.000000 0.983409  0.145886 0.485432 1 0 1.000000
0  12.292089 9.232998 4.484435  -0.260781 -0.299989 0.917605  0.153454 0.485397 1 0 1.000000
0  12.299263 9.228978 4.485758  -0.405146 -0.201679 0.891730  0.153552 0.485577 1 0 1.000000
walllight001a
0  12.044933 9.069303 4.043477  -0.935128 -0.339969 0.099784  0.157527 0.472099 1 0 1.000000
0  12.158124 9.069302 4.362259  -0.594543 -0.384488 0.706178  0.157504 0.480348 1 0 1.000000
0  12.158124 9.220999 4.362259  -0.732217 -0.125351 0.669437  0.153788 0.480335 1 0 1.000000
walllight001a
0  12.158853 9.228975 4.364312  -0.942349 -0.000028 0.334632  0.153591 0.480388 1 0 1.000000
0  12.044933 9.069303 4.043477  -0.935128 -0.339969 0.099784  0.157527 0.472099 1 0 1.000000
0  12.158124 9.220999 4.362259  -0.732217 -0.125351 0.669437  0.153788 0.480335 1 0 1.000000
walllight001a
0  12.301413 9.220998 4.486155  -0.616230 -0.059806 0.785292  0.153748 0.485634 1 0 1.000000
0  12.301413 9.069302 4.486155  -0.602810 -0.384050 0.699376  0.157463 0.485674 1 0 1.000000
0  12.636665 9.069302 4.547995  0.049332 -0.340045 0.939114  0.157364 0.493988 1 0 1.000000
walllight001a
0  12.164031 9.220999 4.363353  0.248539 -0.427352 0.869252  0.153796 0.480481 1 0 1.000000
0  12.161293 9.232998 4.371183  -0.860889 -0.282462 0.423185  0.153489 0.480567 1 0 1.000000
0  12.158124 9.220999 4.362259  -0.732217 -0.125351 0.669437  0.153788 0.480335 1 0 1.000000
walllight001a
0  12.819633 9.228971 3.870250  0.942402 0.000085 -0.334484  0.153452 0.513732 1 0 1.000000
0  12.817197 9.232998 3.863387  0.860908 -0.282368 -0.423209  0.153351 0.513911 1 0 1.000000
0  12.818350 9.542598 3.866636  0.942357 0.000003 -0.334608  0.145786 0.513825 1 0 1.000000
walllight001a
0  12.935735 9.542598 4.197227  0.996851 -0.000003 -0.079298  0.145772 0.505251 1 0 1.000000
0  12.819633 9.228971 3.870250  0.942402 0.000085 -0.334484  0.153452 0.513732 1 0 1.000000
0  12.818350 9.542598 3.866636  0.942357 0.000003 -0.334608  0.145786 0.513825 1 0 1.000000
walllight001a
0  12.819633 9.228971 3.870250  0.942402 0.000085 -0.334484  0.153452 0.513732 1 0 1.000000
0  12.935735 9.069302 4.197226  0.935137 -0.339963 -0.099718  0.157326 0.505255 1 0 1.000000
0  12.820358 9.220998 3.872290  0.731509 -0.125538 -0.670175  0.153648 0.513678 1 0 1.000000
walllight001a
0  12.680096 9.228972 3.754704  0.405510 -0.201514 -0.891602  0.153897 0.452426 1 0 1.000000
0  12.677960 9.220998 3.754310  0.616709 -0.059505 -0.784939  0.154093 0.452484 1 0 1.000000
0  12.344002 9.069302 3.692709  -0.049330 -0.340055 -0.939111  0.157648 0.460832 1 0 1.000000
walllight001a
0  12.677960 9.220998 3.754310  0.616709 -0.059505 -0.784939  0.154093 0.452484 1 0 1.000000
0  12.677960 9.069302 3.754310  0.603777 -0.384907 -0.698069  0.157807 0.452552 1 0 1.000000
0  12.344002 9.069302 3.692709  -0.049330 -0.340055 -0.939111  0.157648 0.460832 1 0 1.000000
walllight001a
0  12.161293 9.232998 4.371183  -0.860889 -0.282462 0.423185  0.153489 0.480567 1 0 1.000000
0  12.158853 9.228975 4.364312  -0.942349 -0.000028 0.334632  0.153591 0.480388 1 0 1.000000
0  12.158124 9.220999 4.362259  -0.732217 -0.125351 0.669437  0.153788 0.480335 1 0 1.000000
walllight001a
0  12.817197 9.232998 3.863387  0.860908 -0.282368 -0.423209  0.153351 0.513911 1 0 1.000000
0  12.819633 9.228971 3.870250  0.942402 0.000085 -0.334484  0.153452 0.513732 1 0 1.000000
0  12.820358 9.220998 3.872290  0.731509 -0.125538 -0.670175  0.153648 0.513678 1 0 1.000000
walllight001a
0  12.679961 9.220998 3.759959  0.923312 -0.379526 0.058784  0.154100 0.452340 1 0 1.000000
0  12.677960 9.220998 3.754310  0.616709 -0.059505 -0.784939  0.154093 0.452484 1 0 1.000000
0  12.680096 9.228972 3.754704  0.405510 -0.201514 -0.891602  0.153897 0.452426 1 0 1.000000
walllight001a
0  12.299386 9.220998 4.480484  -0.923657 -0.379218 -0.055243  0.153755 0.485489 1 0 1.000000
0  12.301413 9.220998 4.486155  -0.616230 -0.059806 0.785292  0.153748 0.485634 1 0 1.000000
0  12.299263 9.228978 4.485758  -0.405146 -0.201679 0.891730  0.153552 0.485577 1 0 1.000000
walllight001a
0  12.108452 9.226998 -3.783174  -0.455855 -0.890051 0.002518  0.253538 0.560762 1 0 1.000000
0  12.933117 9.226997 -3.997021  0.489171 -0.868808 -0.076706  0.251525 0.540060 1 0 1.000000
0  12.897947 9.226997 -3.905825  0.387083 -0.891278 -0.236201  0.253590 0.541256 1 0 1.000000
walllight001a
0  12.900922 9.228975 -3.896863  0.933019 0.000111 0.359827  0.177029 0.480385 1 0 1.000000
0  12.903545 9.232998 -3.903666  0.928910 -0.282404 0.239529  0.176927 0.480563 1 0 1.000000
0  12.902297 9.542598 -3.900429  0.933024 -0.000002 0.359815  0.169360 0.480419 1 0 1.000000
walllight001a
0  12.202572 9.069302 -4.276031  -0.774574 -0.339997 -0.533326  0.180763 0.505251 1 0 1.000000
0  12.078503 9.069302 -3.954314  -0.910479 -0.385292 0.150261  0.180801 0.513660 1 0 1.000000
0  12.078503 9.220998 -3.954314  -0.991577 -0.125461 0.032164  0.177085 0.513674 1 0 1.000000
walllight001a
0  12.875863 9.542598 -4.077499  0.778116 0.000000 -0.628121  0.169324 0.485428 1 0 1.000000
0  12.657964 9.069302 -4.347436  0.574165 -0.340022 -0.744795  0.180802 0.493984 1 0 1.000000
0  12.657964 9.542598 -4.347436  0.589022 0.000001 -0.808117  0.169253 0.493905 1 0 1.000000
walllight001a
0  12.657964 9.069302 -4.347436  0.574165 -0.340022 -0.744795  0.180802 0.493984 1 0 1.000000
0  12.873467 9.228977 -4.080468  0.888217 -0.201639 -0.412810  0.176990 0.485574 1 0 1.000000
0  12.872094 9.220998 -4.082168  0.978997 -0.060332 -0.194742  0.177186 0.485631 1 0 1.000000
walllight001a
0  12.105955 9.542598 -3.776714  -0.778117 -0.000003 0.628119  0.169672 0.452220 1 0 1.000000
0  12.103783 9.232998 -3.779405  -0.795653 -0.299852 0.526332  0.177237 0.452242 1 0 1.000000
0  12.108359 9.228972 -3.773736  -0.888367 -0.201595 0.412508  0.177335 0.452423 1 0 1.000000
walllight001a
0  -12.697295 9.542597 4.514359  -0.258823 -0.000000 0.965925  0.192848 0.472007 1 0 1.000000
0  -12.356835 9.228972 4.514358  0.000057 -0.000000 1.000000  0.200466 0.480386 1 0 1.000000
0  -12.353014 9.542596 4.514358  0.000001 -0.000000 1.000000  0.192798 0.480420 1 0 1.000000
walllight001a
0  12.686173 9.226998 3.761926  0.344226 -0.890075 -0.298788  0.249484 0.511546 1 0 1.000000
0  12.199652 9.226998 4.461283  -0.321264 -0.868780 0.376842  0.251497 0.532248 1 0 1.000000
0  12.166946 9.226998 4.369175  -0.139876 -0.891299 0.431302  0.249432 0.531052 1 0 1.000000
walllight001a
0  -12.251802 9.226995 4.508358  0.247611 -0.868785 0.428838  0.251497 0.502559 1 0 1.000000
0  -12.608598 9.226995 3.732350  -0.359161 -0.891804 -0.275117  0.253453 0.481799 1 0 1.000000
0  -12.204251 9.226995 4.425996  0.166882 -0.889552 0.425262  0.253509 0.501401 1 0 1.000000
walllight001a
0  -12.071057 9.542596 -3.728354  0.760416 0.000001 0.649436  0.216214 0.482831 1 0 1.000000
0  -12.149520 9.232997 -3.674429  0.630991 -0.282456 0.722543  0.223802 0.480565 1 0 1.000000
0  -12.071057 9.232996 -3.728354  0.698460 -0.340004 0.629722  0.223764 0.482891 1 0 1.000000
walllight001a
0  12.105955 9.542598 -3.776714  -0.778117 -0.000003 0.628119  0.169672 0.452220 1 0 1.000000
0  12.044799 9.232998 -3.852475  -0.849140 -0.339993 0.404186  0.177263 0.449948 1 0 1.000000
0  12.103783 9.232998 -3.779405  -0.795653 -0.299852 0.526332  0.177237 0.452242 1 0 1.000000
walllight001a
0  -12.697295 9.542596 3.726350  -0.258816 0.000000 -0.965927  0.192660 0.516072 1 0 1.000000
0  -12.608599 9.232997 3.726350  -0.110805 -0.282370 -0.952885  0.200226 0.513909 1 0 1.000000
0  -12.697295 9.232996 3.726350  -0.218892 -0.339964 -0.914610  0.200221 0.516076 1 0 1.000000
walllight001a
0  12.933117 9.226997 -3.997021  0.489171 -0.868808 -0.076706  0.177088 0.483011 1 0 1.000000
0  12.936193 9.232998 -4.002763  0.849157 -0.340013 -0.404134  0.176887 0.483132 1 0 1.000000
0  12.937802 9.232998 -3.992496  0.932099 -0.339994 0.124881  0.176889 0.482889 1 0 1.000000
walllight001a
0  12.332724 9.069302 -3.504062  -0.074618 -0.339995 0.937462  0.181081 0.461056 1 0 1.000000
0  12.323028 9.069302 -3.507802  -0.574184 -0.340040 0.744772  0.181085 0.460828 1 0 1.000000
0  12.329289 9.063302 -3.509597  -0.178154 -0.868808 0.461989  0.181288 0.460952 1 0 1.000000
walllight001a
0  -12.801078 9.220996 -4.176510  -0.773778 -0.427719 0.467250  0.223969 0.513822 1 0 1.000000
0  -12.809346 9.232997 -4.177118  -0.630974 -0.282334 -0.722606  0.223664 0.513910 1 0 1.000000
0  -12.801559 9.220996 -4.182469  -0.836298 -0.125521 -0.533713  0.223960 0.513676 1 0 1.000000
walllight001a
0  12.082268 9.220998 -3.949670  -0.374301 -0.427763 0.822750  0.177094 0.513820 1 0 1.000000
0  12.075104 9.232998 -3.945499  -0.928928 -0.282351 -0.239521  0.176789 0.513907 1 0 1.000000
0  12.078503 9.220998 -3.954314  -0.991577 -0.125461 0.032164  0.177085 0.513674 1 0 1.000000
walllight001a
0  12.872094 9.069302 -4.082168  0.912921 -0.384036 -0.138169  0.180901 0.485671 1 0 1.000000
0  12.869940 9.069302 -4.076545  0.586773 -0.384085 0.712865  0.180909 0.485526 1 0 1.000000
0  12.864698 9.063301 -4.081779  0.364836 -0.920525 0.139742  0.181108 0.485776 1 0 1.000000
walllight001a
0  12.109724 9.069302 -3.772045  -0.912802 -0.384899 0.136546  0.181245 0.452548 1 0 1.000000
0  12.111884 9.069302 -3.777635  -0.583819 -0.384903 -0.714846  0.181254 0.452404 1 0 1.000000
0  12.117162 9.063302 -3.772383  -0.363012 -0.921165 -0.140275  0.181451 0.452656 1 0 1.000000
walllight001a
0  12.892966 9.063301 -3.892907  0.303580 -0.920855 -0.244674  0.181149 0.480241 1 0 1.000000
0  12.896368 9.069302 -3.899508  0.338657 -0.384502 -0.858760  0.180947 0.480489 1 0 1.000000
0  12.900139 9.069302 -3.894831  0.911069 -0.384509 -0.148684  0.180941 0.480344 1 0 1.000000
walllight001a
0  12.771910 9.063302 -3.578999  0.311039 -0.868789 0.385305  0.181169 0.471975 1 0 1.000000
0  12.778420 9.069302 -3.579206  0.774581 -0.339957 0.533341  0.180964 0.472095 1 0 1.000000
0  12.770334 9.069302 -3.572679  0.357923 -0.340027 0.869640  0.180965 0.471867 1 0 1.000000
walllight001a
0  12.085700 9.063302 -3.956300  -0.301753 -0.921448 0.244701  0.181008 0.513554 1 0 1.000000
0  12.082268 9.069302 -3.949670  -0.335279 -0.385259 0.859746  0.180808 0.513804 1 0 1.000000
0  12.078503 9.069302 -3.954314  -0.910479 -0.385292 0.150261  0.180801 0.513660 1 0 1.000000
walllight001a
0  12.209082 9.063302 -4.276238  -0.311016 -0.868810 -0.385278  0.180967 0.505131 1 0 1.000000
0  12.202572 9.069302 -4.276031  -0.774574 -0.339997 -0.533326  0.180763 0.505251 1 0 1.000000
0  12.210657 9.069302 -4.282559  -0.357952 -0.340041 -0.869622  0.180763 0.505023 1 0 1.000000
walllight001a
0  12.651702 9.063302 -4.345641  0.178156 -0.868788 -0.462025  0.181005 0.494107 1 0 1.000000
0  12.648268 9.069302 -4.351176  0.074616 -0.339966 -0.937473  0.180799 0.494212 1 0 1.000000
0  12.657964 9.069302 -4.347436  0.574165 -0.340022 -0.744795  0.180802 0.493984 1 0 1.000000
walllight001a
0  -12.879549 9.232996 -4.023882  -0.953865 -0.299838 -0.015450  0.224112 0.452244 1 0 1.000000
0  -12.873866 9.220996 -4.017844  -0.181654 -0.379603 -0.907140  0.224412 0.452339 1 0 1.000000
0  -12.878978 9.228971 -4.016618  -0.966030 -0.201575 -0.161720  0.224209 0.452425 1 0 1.000000
walllight001a
0  12.044799 9.232998 -3.852475  -0.849140 -0.339993 0.404186  0.177263 0.449948 1 0 1.000000
0  12.043189 9.232998 -3.862742  -0.932079 -0.340074 -0.124810  0.177269 0.449695 1 0 1.000000
0  12.047875 9.226998 -3.858217  -0.489129 -0.868827 0.076763  0.177466 0.449880 1 0 1.000000
walllight001a
0  12.878050 9.232998 -4.074791  0.795559 -0.299948 -0.526419  0.176891 0.485393 1 0 1.000000
0  12.933117 9.226997 -3.997021  0.489171 -0.868808 -0.076706  0.177088 0.483011 1 0 1.000000
0  12.873381 9.226997 -4.071023  0.456889 -0.889520 -0.002667  0.177097 0.485381 1 0 1.000000
walllight001a
0  -12.446470 9.069300 -3.476645  -0.196135 -0.339989 0.919749  0.227840 0.471869 1 0 1.000000
0  -12.845983 9.063299 -3.673850  -0.408099 -0.868786 0.280475  0.228163 0.460955 1 0 1.000000
0  -12.441598 9.063299 -3.480969  0.038893 -0.868788 0.493655  0.228045 0.471978 1 0 1.000000
walllight001a
0  12.193150 9.232998 4.460901  -0.788611 -0.340003 0.512338  0.153451 0.482893 1 0 1.000000
0  12.166946 9.226998 4.369175  -0.139876 -0.891299 0.431302  0.153694 0.480584 1 0 1.000000
0  12.199652 9.226998 4.461283  -0.321264 -0.868780 0.376842  0.153650 0.483015 1 0 1.000000
walllight001a
0  -12.753248 9.232996 3.812871  -0.777365 -0.299832 -0.552996  0.200675 0.452243 1 0 1.000000
0  -12.699831 9.226996 3.732350  -0.247567 -0.868785 -0.428862  0.200904 0.449881 1 0 1.000000
0  -12.748052 9.226996 3.815871  -0.166428 -0.890067 -0.424362  0.200878 0.452233 1 0 1.000000
walllight001a
0  12.046818 9.069303 4.033257  -0.838028 -0.339911 -0.426814  0.157528 0.471871 1 0 1.000000
0  12.340419 9.063302 3.698149  -0.165654 -0.868836 -0.466565  0.157851 0.460956 1 0 1.000000
0  12.049738 9.063302 4.039080  -0.487027 -0.868756 -0.089823  0.157732 0.471979 1 0 1.000000
walllight001a
0  -12.697295 9.232996 3.726350  -0.218892 -0.339964 -0.914610  0.200221 0.516076 1 0 1.000000
0  -12.608598 9.226995 3.732350  -0.359161 -0.891804 -0.275117  0.200429 0.513924 1 0 1.000000
0  -12.699831 9.226996 3.732350  -0.247567 -0.868785 -0.428862  0.200428 0.516138 1 0 1.000000
walllight001a
0  -11.575690 9.545391 -4.239071  -0.707107 0.002651 -0.707101  0.012416 0.902777 1 0 1.000000
0  -11.451995 9.490902 -4.313410  -0.320413 -0.073031 -0.944458  0.011341 0.898638 1 0 1.000000
0  -11.575892 9.491365 -4.239071  -0.705401 -0.071684 -0.705174  0.013346 0.901831 1 0 1.000000
walllight001a
0  8.789867 4.324677 -3.877915  -0.940871 -0.337820 -0.025269  0.211029 0.538955 1 0 1.000000
0  8.808135 4.273834 3.838827  -0.912917 -0.407334 0.025748  0.022625 0.540280 1 0 1.000000
0  8.789866 4.324677 3.838827  -0.940711 -0.338239 0.025632  0.022622 0.538960 1 0 1.000000
walllight001a
0  -12.927774 9.069301 4.115158  -0.901507 -0.340013 -0.267725  0.204523 0.460829 1 0 1.000000
0  -12.754986 9.063300 3.827881  0.000209 -0.921142 -0.389226  0.204888 0.452657 1 0 1.000000
0  -12.923845 9.063300 4.120354  -0.495126 -0.868821 -0.000009  0.204725 0.460953 1 0 1.000000
walllight001a
0  -12.245338 9.069300 3.731546  0.682601 -0.340002 -0.646881  0.204200 0.505024 1 0 1.000000
0  -12.027788 9.063299 4.120354  0.495268 -0.868740 -0.000027  0.204443 0.494108 1 0 1.000000
0  -12.251802 9.063299 3.732350  0.247575 -0.868795 -0.428839  0.204405 0.505132 1 0 1.000000
walllight001a
0  -12.801559 9.069300 -4.182469  -0.836055 -0.385272 -0.390611  0.227676 0.513663 1 0 1.000000
0  -12.511902 9.063299 -4.374264  -0.038855 -0.868787 -0.493659  0.227843 0.505133 1 0 1.000000
0  -12.794499 9.063299 -4.180040  -0.387266 -0.921434 0.031365  0.227883 0.513557 1 0 1.000000
walllight001a
0  -12.594707 9.063299 3.732350  -0.336856 -0.921444 -0.193569  0.257571 0.481958 1 0 1.000000
0  -12.200336 9.069300 4.420798  -0.454034 -0.384053 0.803963  0.257420 0.501328 1 0 1.000000
0  -12.602129 9.069300 3.731534  -0.922826 -0.385201 -0.003542  0.257363 0.481850 1 0 1.000000
walllight001a
0  -12.602129 9.220996 3.731534  -0.902328 -0.427762 -0.053136  0.253660 0.481861 1 0 1.000000
0  -12.204251 9.226995 4.425996  0.166882 -0.889552 0.425262  0.253509 0.501401 1 0 1.000000
0  -12.608598 9.226995 3.732350  -0.359161 -0.891804 -0.275117  0.253453 0.481799 1 0 1.000000
walllight001a
0  12.900139 9.069302 -3.894831  0.911069 -0.384509 -0.148684  0.180941 0.480344 1 0 1.000000
0  12.771910 9.063302 -3.578999  0.311039 -0.868789 0.385305  0.181169 0.471975 1 0 1.000000
0  12.892966 9.063301 -3.892907  0.303580 -0.920855 -0.244674  0.181149 0.480241 1 0 1.000000
walllight001a
0  -12.794499 9.063299 -4.180040  -0.387266 -0.921434 0.031365  0.245451 0.471595 1 0 1.000000
0  -12.079546 9.069300 -3.836046  0.081178 -0.384032 0.919744  0.245602 0.452225 1 0 1.000000
0  -12.801078 9.069300 -4.176510  -0.762491 -0.385229 0.519813  0.245659 0.471703 1 0 1.000000
walllight001a
0  12.816190 9.063302 3.878485  0.069705 -0.921446 -0.382202  0.257571 0.511647 1 0 1.000000
0  12.299386 9.069302 4.480484  -0.909537 -0.384077 -0.158830  0.257420 0.531017 1 0 1.000000
0  12.814477 9.069302 3.871218  -0.305393 -0.385255 -0.870812  0.257363 0.511539 1 0 1.000000
walllight001a
0  -12.697295 9.069301 4.514359  -0.218934 -0.340054 0.914566  0.204402 0.472096 1 0 1.000000
0  -12.706295 9.542596 4.509162  -0.707115 0.000000 0.707098  0.192850 0.471753 1 0 1.000000
0  -12.706295 9.069300 4.509162  -0.682636 -0.340057 0.646815  0.204403 0.471868 1 0 1.000000
walllight001a
0  -12.066584 9.232996 -3.737734  0.928966 -0.339963 0.146446  0.223762 0.483134 1 0 1.000000
0  -12.071057 9.542596 -3.728354  0.760416 0.000001 0.649436  0.216214 0.482831 1 0 1.000000
0  -12.071057 9.232996 -3.728354  0.698460 -0.340004 0.629722  0.223764 0.482891 1 0 1.000000
walllight001a
0  12.875863 9.542598 -4.077499  0.778116 0.000000 -0.628121  0.169324 0.485428 1 0 1.000000
0  12.878050 9.232998 -4.074791  0.795559 -0.299948 -0.526419  0.176891 0.485393 1 0 1.000000
0  12.873467 9.228977 -4.080468  0.888217 -0.201639 -0.412810  0.176990 0.485574 1 0 1.000000
walllight001a
0  12.778420 9.069302 -3.579206  0.774581 -0.339957 0.533341  0.180964 0.472095 1 0 1.000000
0  12.900139 9.069302 -3.894831  0.911069 -0.384509 -0.148684  0.180941 0.480344 1 0 1.000000
0  12.900139 9.220998 -3.894831  0.991630 -0.125307 -0.031131  0.177225 0.480331 1 0 1.000000
walllight001a
0  12.900922 9.228975 -3.896863  0.933019 0.000111 0.359827  0.177029 0.480385 1 0 1.000000
0  12.778420 9.069302 -3.579206  0.774581 -0.339957 0.533341  0.180964 0.472095 1 0 1.000000
0  12.900139 9.220998 -3.894831  0.991630 -0.125307 -0.031131  0.177225 0.480331 1 0 1.000000
walllight001a
0  12.872094 9.220998 -4.082168  0.978997 -0.060332 -0.194742  0.177186 0.485631 1 0 1.000000
0  12.872094 9.069302 -4.082168  0.912921 -0.384036 -0.138169  0.180901 0.485671 1 0 1.000000
0  12.657964 9.069302 -4.347436  0.574165 -0.340022 -0.744795  0.180802 0.493984 1 0 1.000000
walllight001a
0  12.672536 9.063302 3.759411  0.366837 -0.921160 -0.129983  0.245366 0.511705 1 0 1.000000
0  12.049738 9.063302 4.039080  -0.487027 -0.868756 -0.089823  0.238206 0.526757 1 0 1.000000
0  12.340419 9.063302 3.698149  -0.165654 -0.868836 -0.466565  0.238220 0.515818 1 0 1.000000
walllight001a
0  12.077724 9.228971 -3.952293  -0.932996 0.000083 -0.359886  0.176889 0.513728 1 0 1.000000
0  12.075104 9.232998 -3.945499  -0.928928 -0.282351 -0.239521  0.176789 0.513907 1 0 1.000000
0  12.076344 9.542598 -3.948715  -0.933024 -0.000004 -0.359813  0.169224 0.513821 1 0 1.000000
walllight001a
0  -12.074120 9.542596 -3.833486  0.996917 0.000001 -0.078460  0.216199 0.485430 1 0 1.000000
0  -12.101337 9.069301 -4.179326  0.894627 -0.339931 -0.289982  0.227677 0.493987 1 0 1.000000
0  -12.101338 9.542597 -4.179326  0.942648 0.000000 -0.333789  0.216128 0.493908 1 0 1.000000
walllight001a
0  12.077724 9.228971 -3.952293  -0.932996 0.000083 -0.359886  0.176889 0.513728 1 0 1.000000
0  12.202572 9.069302 -4.276031  -0.774574 -0.339997 -0.533326  0.180763 0.505251 1 0 1.000000
0  12.078503 9.220998 -3.954314  -0.991577 -0.125461 0.032164  0.177085 0.513674 1 0 1.000000
walllight001a
0  12.108359 9.228972 -3.773736  -0.888367 -0.201595 0.412508  0.177335 0.452423 1 0 1.000000
0  12.109724 9.220998 -3.772045  -0.979361 -0.059562 0.193144  0.177530 0.452481 1 0 1.000000
0  12.323028 9.069302 -3.507802  -0.574184 -0.340040 0.744772  0.181085 0.460828 1 0 1.000000
walllight001a
0  12.109724 9.220998 -3.772045  -0.979361 -0.059562 0.193144  0.177530 0.452481 1 0 1.000000
0  12.109724 9.069302 -3.772045  -0.912802 -0.384899 0.136546  0.181245 0.452548 1 0 1.000000
0  12.323028 9.069302 -3.507802  -0.574184 -0.340040 0.744772  0.181085 0.460828 1 0 1.000000
walllight001a
0  12.903545 9.232998 -3.903666  0.928910 -0.282404 0.239529  0.176927 0.480563 1 0 1.000000
0  12.900922 9.228975 -3.896863  0.933019 0.000111 0.359827  0.177029 0.480385 1 0 1.000000
0  12.900139 9.220998 -3.894831  0.991630 -0.125307 -0.031131  0.177225 0.480331 1 0 1.000000
walllight001a
0  12.075104 9.232998 -3.945499  -0.928928 -0.282351 -0.239521  0.176789 0.513907 1 0 1.000000
0  12.077724 9.228971 -3.952293  -0.932996 0.000083 -0.359886  0.176889 0.513728 1 0 1.000000
0  12.078503 9.220998 -3.954314  -0.991577 -0.125461 0.032164  0.177085 0.513674 1 0 1.000000
walllight001a
0  12.111884 9.220998 -3.777635  -0.662351 -0.379517 -0.645955  0.177537 0.452336 1 0 1.000000
0  12.109724 9.220998 -3.772045  -0.979361 -0.059562 0.193144  0.177530 0.452481 1 0 1.000000
0  12.108359 9.228972 -3.773736  -0.888367 -0.201595 0.412508  0.177335 0.452423 1 0 1.000000
walllight001a
0  12.869941 9.220998 -4.076545  0.664686 -0.379247 0.643711  0.177192 0.485485 1 0 1.000000
0  12.872094 9.220998 -4.082168  0.978997 -0.060332 -0.194742  0.177186 0.485631 1 0 1.000000
0  12.873467 9.228977 -4.080468  0.888217 -0.201639 -0.412810  0.176990 0.485574 1 0 1.000000
walllight001a
0  -12.873568 9.226995 -4.024353  -0.377543 -0.890057 -0.255458  0.253538 0.471696 1 0 1.000000
0  -12.072367 9.226995 -3.734735  0.446954 -0.868789 0.213160  0.251525 0.450994 1 0 1.000000
0  -12.152918 9.226995 -3.679374  0.452805 -0.891291 0.023838  0.253590 0.452190 1 0 1.000000
walllight001a
0  -12.155528 9.228972 -3.670299  0.566522 -0.000069 0.824047  0.223904 0.480387 1 0 1.000000
0  -12.149520 9.232997 -3.674429  0.630991 -0.282456 0.722543  0.223802 0.480565 1 0 1.000000
0  -12.152379 9.542596 -3.672464  0.566406 0.000003 0.824127  0.216236 0.480421 1 0 1.000000
walllight001a
0  12.778420 9.542598 -3.579206  0.808101 -0.000001 0.589043  0.169410 0.472006 1 0 1.000000
0  12.900922 9.228975 -3.896863  0.933019 0.000111 0.359827  0.177029 0.480385 1 0 1.000000
0  12.902297 9.542598 -3.900429  0.933024 -0.000002 0.359815  0.169360 0.480419 1 0 1.000000
walllight001a
0  -12.517390 9.069301 -4.377773  -0.337618 -0.339978 -0.877741  0.227638 0.505254 1 0 1.000000
0  -12.801559 9.069300 -4.182469  -0.836055 -0.385272 -0.390611  0.227676 0.513663 1 0 1.000000
0  -12.801559 9.220996 -4.182469  -0.836298 -0.125521 -0.533713  0.223960 0.513676 1 0 1.000000
walllight001a
0  12.108359 9.228972 -3.773736  -0.888367 -0.201595 0.412508  0.177335 0.452423 1 0 1.000000
0  12.323029 9.542598 -3.507802  -0.589076 -0.000000 0.808078  0.169537 0.460664 1 0 1.000000
0  12.105955 9.542598 -3.776714  -0.778117 -0.000003 0.628119  0.169672 0.452220 1 0 1.000000
walllight001a
0  -12.101337 9.069301 -4.179326  0.894627 -0.339931 -0.289982  0.227677 0.493987 1 0 1.000000
0  -12.074419 9.228975 -3.837289  0.966049 -0.201706 0.161443  0.223865 0.485576 1 0 1.000000
0  -12.074591 9.220996 -3.839468  0.917688 -0.059907 0.392759  0.224061 0.485633 1 0 1.000000
walllight001a
0  -12.879278 9.542596 -4.020434  -0.996917 0.000000 0.078458  0.216547 0.452222 1 0 1.000000
0  -12.879549 9.232996 -4.023882  -0.953865 -0.299838 -0.015450  0.224112 0.452244 1 0 1.000000
0  -12.878978 9.228971 -4.016618  -0.966030 -0.201575 -0.161720  0.224209 0.452425 1 0 1.000000
walllight001a
0  -12.878978 9.228971 -4.016618  -0.966030 -0.201575 -0.161720  0.224209 0.452425 1 0 1.000000
0  -12.852163 9.542597 -3.675908  -0.942657 0.000000 0.333762  0.216412 0.460667 1 0 1.000000
0  -12.879278 9.542596 -4.020434  -0.996917 0.000000 0.078458  0.216547 0.452222 1 0 1.000000
walllight001a
0  -12.754986 9.063300 3.827881  0.000209 -0.921142 -0.389226  0.245366 0.482016 1 0 1.000000
0  -12.699831 9.063300 4.508358  -0.247557 -0.868838 0.428762  0.238206 0.497068 1 0 1.000000
0  -12.923845 9.063300 4.120354  -0.495126 -0.868821 -0.000009  0.238220 0.486129 1 0 1.000000
walllight001a
0  12.306771 9.063302 4.481042  -0.367852 -0.920535 0.131531  0.257627 0.530910 1 0 1.000000
0  12.930929 9.063302 4.201623  0.487024 -0.868755 0.089846  0.264816 0.515842 1 0 1.000000
0  12.640248 9.063302 4.542554  0.165698 -0.868801 0.466615  0.264802 0.526780 1 0 1.000000
walllight001a
0  12.875863 9.542598 -4.077499  0.778116 0.000000 -0.628121  0.169324 0.485428 1 0 1.000000
0  12.936193 9.232998 -4.002763  0.849157 -0.340013 -0.404134  0.176887 0.483132 1 0 1.000000
0  12.878050 9.232998 -4.074791  0.795559 -0.299948 -0.526419  0.176891 0.485393 1 0 1.000000
walllight001a
0  12.193150 9.542599 4.460901  -0.823634 0.000001 0.567122  0.145902 0.482832 1 0 1.000000
0  12.161293 9.232998 4.371183  -0.860889 -0.282462 0.423185  0.153489 0.480567 1 0 1.000000
0  12.193150 9.232998 4.460901  -0.788611 -0.340003 0.512338  0.153451 0.482893 1 0 1.000000
walllight001a
0  12.937802 9.542598 -3.992496  0.994355 -0.000000 0.106107  0.169339 0.482828 1 0 1.000000
0  12.903545 9.232998 -3.903666  0.928910 -0.282404 0.239529  0.176927 0.480563 1 0 1.000000
0  12.937802 9.232998 -3.992496  0.932099 -0.339994 0.124881  0.176889 0.482889 1 0 1.000000
walllight001a
0  -12.074120 9.542596 -3.833486  0.996917 0.000001 -0.078460  0.216199 0.485430 1 0 1.000000
0  -12.066584 9.232996 -3.737734  0.928966 -0.339963 0.146446  0.223762 0.483134 1 0 1.000000
0  -12.073847 9.232996 -3.830016  0.953818 -0.299993 0.015329  0.223766 0.485396 1 0 1.000000
walllight001a
0  -12.072367 9.226995 -3.734735  0.446954 -0.868789 0.213160  0.223963 0.483014 1 0 1.000000
0  -12.066584 9.232996 -3.737734  0.928966 -0.339963 0.146446  0.223762 0.483134 1 0 1.000000
0  -12.071057 9.232996 -3.728354  0.698460 -0.340004 0.629722  0.223764 0.482891 1 0 1.000000
walllight001a
0  -12.846276 9.069300 -3.667343  -0.591306 -0.339986 0.731278  0.227957 0.461059 1 0 1.000000
0  -12.852163 9.069301 -3.675908  -0.894605 -0.339980 0.289991  0.227960 0.460831 1 0 1.000000
0  -12.845983 9.063299 -3.673850  -0.408099 -0.868786 0.280475  0.228163 0.460955 1 0 1.000000
walllight001a
0  -12.602129 9.220996 3.731534  -0.902328 -0.427762 -0.053136  0.200532 0.513821 1 0 1.000000
0  -12.608599 9.232997 3.726350  -0.110805 -0.282370 -0.952885  0.200226 0.513909 1 0 1.000000
0  -12.599151 9.220996 3.726350  -0.386820 -0.125573 -0.913565  0.200523 0.513675 1 0 1.000000
walllight001a
0  -12.073847 9.232996 -3.830016  0.953818 -0.299993 0.015329  0.223766 0.485396 1 0 1.000000
0  -12.079546 9.220996 -3.836047  0.185043 -0.379338 0.906566  0.224067 0.485488 1 0 1.000000
0  -12.074419 9.228975 -3.837289  0.966049 -0.201706 0.161443  0.223865 0.485576 1 0 1.000000
walllight001a
0  -12.074590 9.069300 -3.839467  0.831173 -0.384088 0.402030  0.227776 0.485673 1 0 1.000000
0  -12.079546 9.069300 -3.836046  0.081178 -0.384032 0.919744  0.227784 0.485528 1 0 1.000000
0  -12.080913 9.063299 -3.843326  0.221855 -0.920562 0.321474  0.227983 0.485778 1 0 1.000000
walllight001a
0  -12.878807 9.069300 -4.014453  -0.830235 -0.384835 -0.403251  0.228120 0.452550 1 0 1.000000
0  -12.873866 9.069300 -4.017844  -0.077703 -0.384859 -0.919699  0.228129 0.452406 1 0 1.000000
0  -12.872479 9.063299 -4.010528  -0.220239 -0.921153 -0.320892  0.228326 0.452659 1 0 1.000000
walllight001a
0  -12.164328 9.063299 -3.671532  0.388844 -0.920802 -0.030389  0.228024 0.480244 1 0 1.000000
0  -12.157791 9.069300 -3.675054  0.764769 -0.384389 -0.517081  0.227822 0.480492 1 0 1.000000
0  -12.157324 9.069300 -3.669065  0.835686 -0.384420 0.392237  0.227816 0.480347 1 0 1.000000
walllight001a
0  -12.441598 9.063299 -3.480969  0.038893 -0.868788 0.493655  0.228045 0.471978 1 0 1.000000
0  -12.436110 9.069301 -3.477461  0.337678 -0.339978 0.877718  0.227839 0.472098 1 0 1.000000
0  -12.446470 9.069300 -3.476645  -0.196135 -0.339989 0.919749  0.227840 0.471869 1 0 1.000000
walllight001a
0  -12.794499 9.063299 -4.180040  -0.387266 -0.921434 0.031365  0.227883 0.513557 1 0 1.000000
0  -12.801078 9.069300 -4.176510  -0.762491 -0.385229 0.519813  0.227683 0.513807 1 0 1.000000
0  -12.801559 9.069300 -4.182469  -0.836055 -0.385272 -0.390611  0.227676 0.513663 1 0 1.000000
walllight001a
0  -12.511902 9.063299 -4.374264  -0.038855 -0.868787 -0.493659  0.227843 0.505133 1 0 1.000000
0  -12.517390 9.069301 -4.377773  -0.337618 -0.339978 -0.877741  0.227638 0.505254 1 0 1.000000
0  -12.507030 9.069300 -4.378588  0.196184 -0.339981 -0.919742  0.227638 0.505026 1 0 1.000000
walllight001a
0  -12.107518 9.063299 -4.181383  0.408123 -0.868783 -0.280450  0.227880 0.494109 1 0 1.000000
0  -12.107224 9.069300 -4.187891  0.591306 -0.340016 -0.731264  0.227675 0.494215 1 0 1.000000
0  -12.101337 9.069301 -4.179326  0.894627 -0.339931 -0.289982  0.227677 0.493987 1 0 1.000000
walllight001a
0  -12.753248 9.232996 3.812871  -0.777365 -0.299832 -0.552996  0.200675 0.452243 1 0 1.000000
0  -12.751986 9.220996 3.821067  0.364307 -0.379576 -0.850413  0.200975 0.452337 1 0 1.000000
0  -12.756891 9.228971 3.819181  -0.704470 -0.201608 -0.680497  0.200772 0.452424 1 0 1.000000
walllight001a
0  12.292089 9.232998 4.484435  -0.260781 -0.299989 0.917605  0.153454 0.485397 1 0 1.000000
0  12.299386 9.220998 4.480484  -0.923657 -0.379218 -0.055243  0.153755 0.485489 1 0 1.000000
0  12.299263 9.228978 4.485758  -0.405146 -0.201679 0.891730  0.153552 0.485577 1 0 1.000000
walllight001a
0  -12.886917 9.232996 -4.117499  -0.928963 -0.339973 -0.146446  0.224137 0.449950 1 0 1.000000
0  -12.882443 9.232996 -4.126879  -0.698470 -0.339990 -0.629719  0.224144 0.449697 1 0 1.000000
0  -12.881134 9.226995 -4.120498  -0.446958 -0.868787 -0.213162  0.224341 0.449883 1 0 1.000000
walllight001a
0  12.787518 9.232998 3.779803  0.788663 -0.339942 -0.512298  0.153346 0.516078 1 0 1.000000
0  12.811543 9.226998 3.865395  0.139011 -0.891812 -0.430520  0.153554 0.513927 1 0 1.000000
0  12.781015 9.226998 3.779421  0.321312 -0.868776 -0.376810  0.153553 0.516140 1 0 1.000000
walllight001a
0  12.937802 9.232998 -3.992496  0.932099 -0.339994 0.124881  0.176889 0.482889 1 0 1.000000
0  12.897947 9.226997 -3.905825  0.387083 -0.891278 -0.236201  0.177132 0.480580 1 0 1.000000
0  12.933117 9.226997 -3.997021  0.489171 -0.868808 -0.076706  0.177088 0.483011 1 0 1.000000
walllight001a
0  -12.879549 9.232996 -4.023882  -0.953865 -0.299838 -0.015450  0.224112 0.452244 1 0 1.000000
0  -12.881134 9.226995 -4.120498  -0.446958 -0.868787 -0.213162  0.224341 0.449883 1 0 1.000000
0  -12.873568 9.226995 -4.024353  -0.377543 -0.890057 -0.255458  0.224316 0.452235 1 0 1.000000
walllight001a
0  -12.157791 9.220996 -3.675055  0.775755 -0.427271 -0.464375  0.253797 0.452252 1 0 1.000000
0  -12.873568 9.226995 -4.024353  -0.377543 -0.890057 -0.255458  0.253538 0.471696 1 0 1.000000
0  -12.152918 9.226995 -3.679374  0.452805 -0.891291 0.023838  0.253590 0.452190 1 0 1.000000
walllight001a
0  12.292089 9.232998 4.484435  -0.260781 -0.299989 0.917605  0.153454 0.485397 1 0 1.000000
0  12.199652 9.226998 4.461283  -0.321264 -0.868780 0.376842  0.153650 0.483015 1 0 1.000000
0  12.293178 9.226998 4.478535  -0.344913 -0.889547 0.299569  0.153659 0.485385 1 0 1.000000
walllight001a
0  -12.023860 9.069300 4.115158  0.901546 -0.339893 -0.267747  0.204237 0.494213 1 0 1.000000
0  -12.023860 9.542597 4.125550  0.965924 0.000000 0.258825  0.192690 0.493906 1 0 1.000000
0  -12.023860 9.069301 4.125550  0.901546 -0.339928 0.267701  0.204239 0.493985 1 0 1.000000
walllight001a
0  12.648268 9.542598 -4.351175  0.106042 0.000001 -0.994362  0.169251 0.494159 1 0 1.000000
0  12.210657 9.069302 -4.282559  -0.357952 -0.340041 -0.869622  0.180763 0.505023 1 0 1.000000
0  12.210657 9.542598 -4.282559  -0.405361 0.000000 -0.914157  0.169209 0.504993 1 0 1.000000
walllight001a
0  -12.107224 9.069300 -4.187891  0.591306 -0.340016 -0.731264  0.227675 0.494215 1 0 1.000000
0  -12.101338 9.542597 -4.179326  0.942648 0.000000 -0.333789  0.216128 0.493908 1 0 1.000000
0  -12.101337 9.069301 -4.179326  0.894627 -0.339931 -0.289982  0.227677 0.493987 1 0 1.000000
walllight001a
0  -12.517390 9.069301 -4.377773  -0.337618 -0.339978 -0.877741  0.227638 0.505254 1 0 1.000000
0  -12.507030 9.542596 -4.378588  0.182174 0.000001 -0.983266  0.216084 0.504996 1 0 1.000000
0  -12.507030 9.069300 -4.378588  0.196184 -0.339981 -0.919742  0.227638 0.505026 1 0 1.000000
walllight001a
0  -12.157324 9.069300 -3.669065  0.835686 -0.384420 0.392237  0.227816 0.480347 1 0 1.000000
0  -12.441598 9.063299 -3.480969  0.038893 -0.868788 0.493655  0.228045 0.471978 1 0 1.000000
0  -12.164328 9.063299 -3.671532  0.388844 -0.920802 -0.030389  0.228024 0.480244 1 0 1.000000
walllight001a
0  -12.852163 9.069301 -3.675908  -0.894605 -0.339980 0.289991  0.227960 0.460831 1 0 1.000000
0  -12.872479 9.063299 -4.010528  -0.220239 -0.921153 -0.320892  0.228326 0.452659 1 0 1.000000
0  -12.845983 9.063299 -3.673850  -0.408099 -0.868786 0.280475  0.228163 0.460955 1 0 1.000000
walllight001a
0  12.078503 9.069302 -3.954314  -0.910479 -0.385292 0.150261  0.180801 0.513660 1 0 1.000000
0  12.209082 9.063302 -4.276238  -0.311016 -0.868810 -0.385278  0.180967 0.505131 1 0 1.000000
0  12.085700 9.063302 -3.956300  -0.301753 -0.921448 0.244701  0.181008 0.513554 1 0 1.000000
walllight001a
0  12.896368 9.220998 -3.899508  0.377538 -0.427319 -0.821501  0.253797 0.541319 1 0 1.000000
0  12.108452 9.226998 -3.783174  -0.455855 -0.890051 0.002518  0.253538 0.560762 1 0 1.000000
0  12.897947 9.226997 -3.905825  0.387083 -0.891278 -0.236201  0.253590 0.541256 1 0 1.000000
walllight001a
0  -12.101337 9.069301 -4.179326  0.894627 -0.339931 -0.289982  0.227677 0.493987 1 0 1.000000
0  -12.080913 9.063299 -3.843326  0.221855 -0.920562 0.321474  0.227983 0.485778 1 0 1.000000
0  -12.107518 9.063299 -4.181383  0.408123 -0.868783 -0.280450  0.227880 0.494109 1 0 1.000000
walllight001a
0  -12.363389 9.063299 4.508358  0.337538 -0.920846 0.195222  0.245315 0.501184 1 0 1.000000
0  -12.751985 9.069300 3.821067  0.456919 -0.384838 -0.801950  0.245574 0.481909 1 0 1.000000
0  -12.356007 9.069300 4.509158  0.923109 -0.384474 0.007018  0.245522 0.501291 1 0 1.000000
walllight001a
0  13.176085 9.550245 4.793271  0.151095 -0.976902 0.151104  0.790602 0.020690 1 0 1.000000
0  -13.185632 9.550246 -4.793519  -0.151238 -0.976953 -0.150630  0.556527 0.664365 1 0 1.000000
0  13.176085 9.550245 -4.793523  0.151208 -0.976954 -0.150653  0.556527 0.020690 1 0 1.000000
walllight001a
0  -12.164328 9.063299 -3.671532  0.388844 -0.920802 -0.030389  0.257707 0.452369 1 0 1.000000
0  -12.873866 9.069300 -4.017844  -0.077703 -0.384859 -0.919699  0.257448 0.471644 1 0 1.000000
0  -12.157791 9.069300 -3.675054  0.764769 -0.384389 -0.517081  0.257501 0.452262 1 0 1.000000
walllight001a
0  -12.436110 9.069301 -3.477461  0.337678 -0.339978 0.877718  0.227839 0.472098 1 0 1.000000
0  -12.446470 9.542596 -3.476645  -0.182191 0.000000 0.983263  0.216287 0.471754 1 0 1.000000
0  -12.446470 9.069300 -3.476645  -0.196135 -0.339989 0.919749  0.227840 0.471869 1 0 1.000000
walllight001a
0  -12.107224 9.542596 -4.187891  0.649460 0.000000 -0.760396  0.216126 0.494162 1 0 1.000000
0  -12.507030 9.069300 -4.378588  0.196184 -0.339981 -0.919742  0.227638 0.505026 1 0 1.000000
0  -12.507030 9.542596 -4.378588  0.182174 0.000001 -0.983266  0.216084 0.504996 1 0 1.000000
walllight001a
0  -12.074120 9.542596 -3.833486  0.996917 0.000001 -0.078460  0.216199 0.485430 1 0 1.000000
0  -12.073847 9.232996 -3.830016  0.953818 -0.299993 0.015329  0.223766 0.485396 1 0 1.000000
0  -12.074419 9.228975 -3.837289  0.966049 -0.201706 0.161443  0.223865 0.485576 1 0 1.000000
walllight001a
0  -12.436110 9.069301 -3.477461  0.337678 -0.339978 0.877718  0.227839 0.472098 1 0 1.000000
0  -12.157324 9.069300 -3.669065  0.835686 -0.384420 0.392237  0.227816 0.480347 1 0 1.000000
0  -12.157324 9.220996 -3.669065  0.835723 -0.125382 0.534646  0.224100 0.480334 1 0 1.000000
walllight001a
0  -12.155528 9.228972 -3.670299  0.566522 -0.000069 0.824047  0.223904 0.480387 1 0 1.000000
0  -12.436110 9.069301 -3.477461  0.337678 -0.339978 0.877718  0.227839 0.472098 1 0 1.000000
0  -12.157324 9.220996 -3.669065  0.835723 -0.125382 0.534646  0.224100 0.480334 1 0 1.000000
walllight001a
0  -12.074591 9.220996 -3.839468  0.917688 -0.059907 0.392759  0.224061 0.485633 1 0 1.000000
0  -12.074590 9.069300 -3.839467  0.831173 -0.384088 0.402030  0.227776 0.485673 1 0 1.000000
0  -12.101337 9.069301 -4.179326  0.894627 -0.339931 -0.289982  0.227677 0.493987 1 0 1.000000
walllight001a
0  -12.748052 9.226996 3.815871  -0.166428 -0.890067 -0.424362  0.249484 0.481857 1 0 1.000000
0  -12.251802 9.226995 4.508358  0.247611 -0.868785 0.428838  0.251497 0.502559 1 0 1.000000
0  -12.349545 9.226995 4.508358  0.359656 -0.891275 0.276183  0.249432 0.501363 1 0 1.000000
walllight001a
0  -12.803344 9.228968 -4.181242  -0.566379 -0.000056 -0.824145  0.223764 0.513731 1 0 1.000000
0  -12.809346 9.232997 -4.177118  -0.630974 -0.282334 -0.722606  0.223664 0.513910 1 0 1.000000
0  -12.806504 9.542596 -4.179070  -0.566400 0.000000 -0.824130  0.216099 0.513823 1 0 1.000000
walllight001a
0  -12.197314 9.542596 4.425982  0.866025 0.000000 0.500000  0.192761 0.485429 1 0 1.000000
0  -12.023860 9.069301 4.125550  0.901546 -0.339928 0.267701  0.204239 0.493985 1 0 1.000000
0  -12.023860 9.542597 4.125550  0.965924 0.000000 0.258825  0.192690 0.493906 1 0 1.000000
walllight001a
0  -12.803344 9.228968 -4.181242  -0.566379 -0.000056 -0.824145  0.223764 0.513731 1 0 1.000000
0  -12.517390 9.069301 -4.377773  -0.337618 -0.339978 -0.877741  0.227638 0.505254 1 0 1.000000
0  -12.801559 9.220996 -4.182469  -0.836298 -0.125521 -0.533713  0.223960 0.513676 1 0 1.000000
walllight001a
0  -12.878978 9.228971 -4.016618  -0.966030 -0.201575 -0.161720  0.224209 0.452425 1 0 1.000000
0  -12.878807 9.220996 -4.014453  -0.917106 -0.059668 -0.394152  0.224405 0.452483 1 0 1.000000
0  -12.852163 9.069301 -3.675908  -0.894605 -0.339980 0.289991  0.227960 0.460831 1 0 1.000000
walllight001a
0  -12.878807 9.220996 -4.014453  -0.917106 -0.059668 -0.394152  0.224405 0.452483 1 0 1.000000
0  -12.878807 9.069300 -4.014453  -0.830235 -0.384835 -0.403251  0.228120 0.452550 1 0 1.000000
0  -12.852163 9.069301 -3.675908  -0.894605 -0.339980 0.289991  0.227960 0.460831 1 0 1.000000
walllight001a
0  -12.149520 9.232997 -3.674429  0.630991 -0.282456 0.722543  0.223802 0.480565 1 0 1.000000
0  -12.155528 9.228972 -3.670299  0.566522 -0.000069 0.824047  0.223904 0.480387 1 0 1.000000
0  -12.157324 9.220996 -3.669065  0.835723 -0.125382 0.534646  0.224100 0.480334 1 0 1.000000
walllight001a
0  -12.809346 9.232997 -4.177118  -0.630974 -0.282334 -0.722606  0.223664 0.513910 1 0 1.000000
0  -12.803344 9.228968 -4.181242  -0.566379 -0.000056 -0.824145  0.223764 0.513731 1 0 1.000000
0  -12.801559 9.220996 -4.182469  -0.836298 -0.125521 -0.533713  0.223960 0.513676 1 0 1.000000
walllight001a
0  -12.873866 9.220996 -4.017844  -0.181654 -0.379603 -0.907140  0.224412 0.452339 1 0 1.000000
0  -12.878807 9.220996 -4.014453  -0.917106 -0.059668 -0.394152  0.224405 0.452483 1 0 1.000000
0  -12.878978 9.228971 -4.016618  -0.966030 -0.201575 -0.161720  0.224209 0.452425 1 0 1.000000
walllight001a
0  -12.079546 9.220996 -3.836047  0.185043 -0.379338 0.906566  0.224067 0.485488 1 0 1.000000
0  -12.074591 9.220996 -3.839468  0.917688 -0.059907 0.392759  0.224061 0.485633 1 0 1.000000
0  -12.074419 9.228975 -3.837289  0.966049 -0.201706 0.161443  0.223865 0.485576 1 0 1.000000
walllight001a
0  12.117162 9.063302 -3.772383  -0.363012 -0.921165 -0.140275  0.257656 0.560604 1 0 1.000000
0  12.771910 9.063302 -3.578999  0.311039 -0.868789 0.385305  0.264816 0.545552 1 0 1.000000
0  12.329289 9.063302 -3.509597  -0.178154 -0.868808 0.461989  0.264802 0.556490 1 0 1.000000
walllight001a
0  -12.356835 9.228972 4.514358  0.000057 -0.000000 1.000000  0.200466 0.480386 1 0 1.000000
0  -12.349545 9.232997 4.514358  0.110728 -0.282414 0.952881  0.200364 0.480564 1 0 1.000000
0  -12.353014 9.542596 4.514358  0.000001 -0.000000 1.000000  0.192798 0.480420 1 0 1.000000
walllight001a
0  12.044932 9.542599 4.043477  -0.996851 -0.000001 0.079301  0.145973 0.472010 1 0 1.000000
0  12.158853 9.228975 4.364312  -0.942349 -0.000028 0.334632  0.153591 0.480388 1 0 1.000000
0  12.160131 9.542599 4.367913  -0.942357 -0.000000 0.334610  0.145923 0.480423 1 0 1.000000
walllight001a
0  -12.254338 9.069301 3.726350  0.218891 -0.339980 -0.914604  0.204201 0.505253 1 0 1.000000
0  -12.599151 9.069300 3.726350  -0.467807 -0.385193 -0.795477  0.204238 0.513661 1 0 1.000000
0  -12.599151 9.220996 3.726350  -0.386820 -0.125573 -0.913565  0.200523 0.513675 1 0 1.000000
walllight001a
0  -12.756891 9.228971 3.819181  -0.704470 -0.201608 -0.680497  0.200772 0.452424 1 0 1.000000
0  -12.927773 9.542597 4.115158  -0.965923 0.000001 -0.258832  0.192975 0.460665 1 0 1.000000
0  -12.754977 9.542596 3.815866  -0.866025 0.000001 -0.500000  0.193109 0.452221 1 0 1.000000
walllight001a
0  -12.023860 9.069301 4.125550  0.901546 -0.339928 0.267701  0.204239 0.493985 1 0 1.000000
0  -12.195407 9.228975 4.422678  0.704723 -0.201628 0.680229  0.200427 0.485575 1 0 1.000000
0  -12.194314 9.220996 4.420786  0.533875 -0.059830 0.843444  0.200623 0.485632 1 0 1.000000
walllight001a
0  -12.754977 9.542596 3.815866  -0.866025 0.000001 -0.500000  0.193109 0.452221 1 0 1.000000
0  -12.753248 9.232996 3.812871  -0.777365 -0.299832 -0.552996  0.200675 0.452243 1 0 1.000000
0  -12.756891 9.228971 3.819181  -0.704470 -0.201608 -0.680497  0.200772 0.452424 1 0 1.000000
walllight001a
0  12.680096 9.228972 3.754704  0.405510 -0.201514 -0.891602  0.153897 0.452426 1 0 1.000000
0  12.344002 9.542599 3.692708  -0.079307 -0.000001 -0.996850  0.146100 0.460668 1 0 1.000000
0  12.683861 9.542598 3.755398  0.181403 -0.000001 -0.983409  0.146234 0.452223 1 0 1.000000
walllight001a
0  -12.080913 9.063299 -3.843326  0.221855 -0.920562 0.321474  0.245395 0.452332 1 0 1.000000
0  -12.511902 9.063299 -4.374264  -0.038855 -0.868787 -0.493659  0.238206 0.467400 1 0 1.000000
0  -12.107518 9.063299 -4.181383  0.408123 -0.868783 -0.280450  0.238220 0.456462 1 0 1.000000
walllight001a
0  12.933117 9.226997 -3.997021  0.489171 -0.868808 -0.076706  0.251525 0.540060 1 0 1.000000
0  12.080702 9.226998 -3.943340  -0.385904 -0.891810 0.236120  0.249570 0.560821 1 0 1.000000
0  12.873381 9.226997 -4.071023  0.456889 -0.889520 -0.002667  0.249513 0.541219 1 0 1.000000
walllight001a
0  -12.157791 9.069300 -3.675054  0.764769 -0.384389 -0.517081  0.227822 0.480492 1 0 1.000000
0  -12.157324 9.220996 -3.669065  0.835723 -0.125382 0.534646  0.224100 0.480334 1 0 1.000000
0  -12.157324 9.069300 -3.669065  0.835686 -0.384420 0.392237  0.227816 0.480347 1 0 1.000000
walllight001a
0  -12.254338 9.542596 4.514358  0.258787 0.000000 0.965934  0.192777 0.482830 1 0 1.000000
0  -12.349545 9.232997 4.514358  0.110728 -0.282414 0.952881  0.200364 0.480564 1 0 1.000000
0  -12.254338 9.232996 4.514358  0.218925 -0.339977 0.914597  0.200326 0.482890 1 0 1.000000
walllight001a
0  12.683861 9.542598 3.755398  0.181403 -0.000001 -0.983409  0.146234 0.452223 1 0 1.000000
0  12.779610 9.232998 3.773060  0.381180 -0.339995 -0.859712  0.153825 0.449951 1 0 1.000000
0  12.687262 9.232998 3.756026  0.261013 -0.299823 -0.917594  0.153800 0.452246 1 0 1.000000
walllight001a
0  -12.754977 9.542596 3.815866  -0.866025 0.000001 -0.500000  0.193109 0.452221 1 0 1.000000
0  -12.706295 9.232996 3.731546  -0.682602 -0.340010 -0.646875  0.200700 0.449949 1 0 1.000000
0  -12.753248 9.232996 3.812871  -0.777365 -0.299832 -0.552996  0.200675 0.452243 1 0 1.000000
walllight001a
0  -12.197314 9.542596 4.425982  0.866025 0.000000 0.500000  0.192761 0.485429 1 0 1.000000
0  -12.245338 9.232996 4.509162  0.682635 -0.339976 0.646858  0.200325 0.483133 1 0 1.000000
0  -12.199055 9.232996 4.428997  0.777410 -0.299984 0.552850  0.200329 0.485395 1 0 1.000000
walllight001a
0  -12.251802 9.226995 4.508358  0.247611 -0.868785 0.428838  0.200525 0.483012 1 0 1.000000
0  -12.245338 9.232996 4.509162  0.682635 -0.339976 0.646858  0.200325 0.483133 1 0 1.000000
0  -12.254338 9.232996 4.514358  0.218925 -0.339977 0.914597  0.200326 0.482890 1 0 1.000000
walllight001a
0  -12.927773 9.069300 4.125550  -0.901490 -0.340024 0.267768  0.204519 0.461057 1 0 1.000000
0  -12.927774 9.069301 4.115158  -0.901507 -0.340013 -0.267725  0.204523 0.460829 1 0 1.000000
0  -12.923845 9.063300 4.120354  -0.495126 -0.868821 -0.000009  0.204725 0.460953 1 0 1.000000
walllight001a
0  12.814477 9.220998 3.871218  -0.251841 -0.427751 -0.868104  0.153657 0.513824 1 0 1.000000
0  12.817197 9.232998 3.863387  0.860908 -0.282368 -0.423209  0.153351 0.513911 1 0 1.000000
0  12.820358 9.220998 3.872290  0.731509 -0.125538 -0.670175  0.153648 0.513678 1 0 1.000000
walllight001a
0  12.878050 9.232998 -4.074791  0.795559 -0.299948 -0.526419  0.176891 0.485393 1 0 1.000000
0  12.869941 9.220998 -4.076545  0.664686 -0.379247 0.643711  0.177192 0.485485 1 0 1.000000
0  12.873467 9.228977 -4.080468  0.888217 -0.201639 -0.412810  0.176990 0.485574 1 0 1.000000
walllight001a
0  -12.194314 9.069300 4.420786  0.457333 -0.384005 0.802114  0.204339 0.485672 1 0 1.000000
0  -12.200336 9.069300 4.420798  -0.454034 -0.384053 0.803963  0.204346 0.485527 1 0 1.000000
0  -12.197339 9.063299 4.414025  0.000873 -0.920525 0.390683  0.204545 0.485777 1 0 1.000000
walllight001a
0  -12.757977 9.069300 3.821063  -0.455790 -0.384854 -0.802585  0.204682 0.452549 1 0 1.000000
0  -12.751985 9.069300 3.821067  0.456919 -0.384838 -0.801950  0.204691 0.452405 1 0 1.000000
0  -12.754986 9.063300 3.827881  0.000209 -0.921142 -0.389226  0.204888 0.452657 1 0 1.000000
walllight001a
0  -12.363389 9.063299 4.508358  0.337538 -0.920846 0.195222  0.204587 0.480243 1 0 1.000000
0  -12.356007 9.069300 4.509158  0.923109 -0.384474 0.007018  0.204384 0.480490 1 0 1.000000
0  -12.359014 9.069300 4.514358  0.466568 -0.384461 0.796557  0.204379 0.480346 1 0 1.000000
walllight001a
0  -12.699831 9.063300 4.508358  -0.247557 -0.868838 0.428762  0.204607 0.471977 1 0 1.000000
0  -12.697295 9.069301 4.514359  -0.218934 -0.340054 0.914566  0.204402 0.472096 1 0 1.000000
0  -12.706295 9.069300 4.509162  -0.682636 -0.340057 0.646815  0.204403 0.471868 1 0 1.000000
walllight001a
0  -12.594707 9.063299 3.732350  -0.336856 -0.921444 -0.193569  0.204446 0.513555 1 0 1.000000
0  -12.602129 9.069300 3.731534  -0.922826 -0.385201 -0.003542  0.204245 0.513805 1 0 1.000000
0  -12.599151 9.069300 3.726350  -0.467807 -0.385193 -0.795477  0.204238 0.513661 1 0 1.000000
walllight001a
0  -12.251802 9.063299 3.732350  0.247575 -0.868795 -0.428839  0.204405 0.505132 1 0 1.000000
0  -12.254338 9.069301 3.726350  0.218891 -0.339980 -0.914604  0.204201 0.505253 1 0 1.000000
0  -12.245338 9.069300 3.731546  0.682601 -0.340002 -0.646881  0.204200 0.505024 1 0 1.000000
walllight001a
0  -12.027788 9.063299 4.120354  0.495268 -0.868740 -0.000027  0.204443 0.494108 1 0 1.000000
0  -12.023860 9.069300 4.115158  0.901546 -0.339893 -0.267747  0.204237 0.494213 1 0 1.000000
0  -12.023860 9.069301 4.125550  0.901546 -0.339928 0.267701  0.204239 0.493985 1 0 1.000000
walllight001a
0  -12.199055 9.232996 4.428997  0.777410 -0.299984 0.552850  0.200329 0.485395 1 0 1.000000
0  -12.200336 9.220996 4.420799  -0.361059 -0.379247 0.851944  0.200630 0.485487 1 0 1.000000
0  -12.195407 9.228975 4.422678  0.704723 -0.201628 0.680229  0.200427 0.485575 1 0 1.000000
walllight001a
0  -12.706295 9.232996 3.731546  -0.682602 -0.340010 -0.646875  0.200700 0.449949 1 0 1.000000
0  -12.697295 9.232996 3.726350  -0.218892 -0.339964 -0.914610  0.200707 0.449696 1 0 1.000000
0  -12.699831 9.226996 3.732350  -0.247567 -0.868785 -0.428862  0.200904 0.449881 1 0 1.000000
walllight001a
0  12.770334 9.069302 -3.572679  0.357923 -0.340027 0.869640  0.180965 0.471867 1 0 1.000000
0  12.329289 9.063302 -3.509597  -0.178154 -0.868808 0.461989  0.181288 0.460952 1 0 1.000000
0  12.771910 9.063302 -3.578999  0.311039 -0.868789 0.385305  0.181169 0.471975 1 0 1.000000
walllight001a
0  -12.071057 9.232996 -3.728354  0.698460 -0.340004 0.629722  0.223764 0.482891 1 0 1.000000
0  -12.152918 9.226995 -3.679374  0.452805 -0.891291 0.023838  0.224007 0.480583 1 0 1.000000
0  -12.072367 9.226995 -3.734735  0.446954 -0.868789 0.213160  0.223963 0.483014 1 0 1.000000
walllight001a
0  -12.199055 9.232996 4.428997  0.777410 -0.299984 0.552850  0.200329 0.485395 1 0 1.000000
0  -12.251802 9.226995 4.508358  0.247611 -0.868785 0.428838  0.200525 0.483012 1 0 1.000000
0  -12.204251 9.226995 4.425996  0.166882 -0.889552 0.425262  0.200534 0.485382 1 0 1.000000
walllight001a
0  12.933849 9.069302 4.207446  0.838007 -0.339928 0.426842  0.157326 0.505027 1 0 1.000000
0  12.640248 9.063302 4.542554  0.165698 -0.868801 0.466615  0.157568 0.494110 1 0 1.000000
0  12.930929 9.063302 4.201623  0.487024 -0.868755 0.089846  0.157530 0.505134 1 0 1.000000
walllight001a
0  -12.073847 9.232996 -3.830016  0.953818 -0.299993 0.015329  0.223766 0.485396 1 0 1.000000
0  -12.072367 9.226995 -3.734735  0.446954 -0.868789 0.213160  0.223963 0.483014 1 0 1.000000
0  -12.079828 9.226995 -3.829545  0.378404 -0.889567 0.255892  0.223972 0.485384 1 0 1.000000
walllight001a
0  12.814477 9.069302 3.871218  -0.305393 -0.385255 -0.870812  0.157370 0.513808 1 0 1.000000
0  12.820358 9.220998 3.872290  0.731509 -0.125538 -0.670175  0.153648 0.513678 1 0 1.000000
0  12.820358 9.069302 3.872291  0.593142 -0.385243 -0.706945  0.157363 0.513664 1 0 1.000000
walllight001a
0  12.332724 9.542598 -3.504062  -0.106103 0.000000 0.994355  0.169533 0.460918 1 0 1.000000
0  12.770334 9.069302 -3.572679  0.357923 -0.340027 0.869640  0.180965 0.471867 1 0 1.000000
0  12.770334 9.542598 -3.572679  0.405309 0.000000 0.914180  0.169412 0.471752 1 0 1.000000
walllight001a
0  -12.852163 9.542597 -3.675908  -0.942657 0.000000 0.333762  0.216412 0.460667 1 0 1.000000
0  -12.846276 9.069300 -3.667343  -0.591306 -0.339986 0.731278  0.227957 0.461059 1 0 1.000000
0  -12.846277 9.542596 -3.667343  -0.649475 0.000000 0.760383  0.216408 0.460921 1 0 1.000000
walllight001a
0  -12.927773 9.542597 4.115158  -0.965923 0.000001 -0.258832  0.192975 0.460665 1 0 1.000000
0  -12.927773 9.069300 4.125550  -0.901490 -0.340024 0.267768  0.204519 0.461057 1 0 1.000000
0  -12.927773 9.542596 4.125550  -0.965926 0.000000 0.258818  0.192971 0.460920 1 0 1.000000
walllight001a
0  12.158124 9.069302 4.362259  -0.594543 -0.384488 0.706178  0.157504 0.480348 1 0 1.000000
0  12.049738 9.063302 4.039080  -0.487027 -0.868756 -0.089823  0.157732 0.471979 1 0 1.000000
0  12.162314 9.063302 4.356128  -0.070986 -0.920844 0.383416  0.157712 0.480245 1 0 1.000000
walllight001a
0  -12.507030 9.069300 -4.378588  0.196184 -0.339981 -0.919742  0.227638 0.505026 1 0 1.000000
0  -12.107518 9.063299 -4.181383  0.408123 -0.868783 -0.280450  0.227880 0.494109 1 0 1.000000
0  -12.511902 9.063299 -4.374264  -0.038855 -0.868787 -0.493659  0.227843 0.505133 1 0 1.000000
walllight001a
0  12.344002 9.069302 3.692709  -0.049330 -0.340055 -0.939111  0.157648 0.460832 1 0 1.000000
0  12.672536 9.063302 3.759411  0.366837 -0.921160 -0.129983  0.158013 0.452660 1 0 1.000000
0  12.340419 9.063302 3.698149  -0.165654 -0.868836 -0.466565  0.157851 0.460956 1 0 1.000000
walllight001a
0  -12.599151 9.069300 3.726350  -0.467807 -0.385193 -0.795477  0.204238 0.513661 1 0 1.000000
0  -12.251802 9.063299 3.732350  0.247575 -0.868795 -0.428839  0.204405 0.505132 1 0 1.000000
0  -12.594707 9.063299 3.732350  -0.336856 -0.921444 -0.193569  0.204446 0.513555 1 0 1.000000
walllight001a
0  12.082268 9.220998 -3.949670  -0.374301 -0.427763 0.822750  0.249362 0.560759 1 0 1.000000
0  12.873381 9.226997 -4.071023  0.456889 -0.889520 -0.002667  0.249513 0.541219 1 0 1.000000
0  12.080702 9.226998 -3.943340  -0.385904 -0.891810 0.236120  0.249570 0.560821 1 0 1.000000
walllight001a
0  12.657964 9.069302 -4.347436  0.574165 -0.340022 -0.744795  0.180802 0.493984 1 0 1.000000
0  12.864698 9.063301 -4.081779  0.364836 -0.920525 0.139742  0.181108 0.485776 1 0 1.000000
0  12.651702 9.063302 -4.345641  0.178156 -0.868788 -0.462025  0.181005 0.494107 1 0 1.000000
walllight001a
0  12.199652 9.226998 4.461283  -0.321264 -0.868780 0.376842  0.251497 0.532248 1 0 1.000000
0  12.811543 9.226998 3.865395  0.139011 -0.891812 -0.430520  0.253453 0.511488 1 0 1.000000
0  12.293178 9.226998 4.478535  -0.344913 -0.889547 0.299569  0.253509 0.531090 1 0 1.000000
walllight001a
0  12.162314 9.063302 4.356128  -0.070986 -0.920844 0.383416  0.245315 0.530873 1 0 1.000000
0  12.679961 9.069302 3.759959  0.908572 -0.384921 0.162271  0.245574 0.511598 1 0 1.000000
0  12.164031 9.069302 4.363353  0.302277 -0.384460 0.872249  0.245522 0.530980 1 0 1.000000
walllight001a
0  -12.074590 9.069300 -3.839467  0.831173 -0.384088 0.402030  0.227776 0.485673 1 0 1.000000
0  -12.079546 9.220996 -3.836047  0.185043 -0.379338 0.906566  0.224067 0.485488 1 0 1.000000
0  -12.079546 9.069300 -3.836046  0.081178 -0.384032 0.919744  0.227784 0.485528 1 0 1.000000
walllight001a
0  12.082268 9.069302 -3.949670  -0.335279 -0.385259 0.859746  0.180808 0.513804 1 0 1.000000
0  12.078503 9.220998 -3.954314  -0.991577 -0.125461 0.032164  0.177085 0.513674 1 0 1.000000
0  12.078503 9.069302 -3.954314  -0.910479 -0.385292 0.150261  0.180801 0.513660 1 0 1.000000
walllight001a
0  -12.356007 9.069300 4.509158  0.923109 -0.384474 0.007018  0.204384 0.480490 1 0 1.000000
0  -12.359014 9.220996 4.514358  0.385873 -0.125300 0.914003  0.200663 0.480332 1 0 1.000000
0  -12.359014 9.069300 4.514358  0.466568 -0.384461 0.796557  0.204379 0.480346 1 0 1.000000
walllight001a
0  -12.197314 9.542596 4.425982  0.866025 0.000000 0.500000  0.192761 0.485429 1 0 1.000000
0  -12.199055 9.232996 4.428997  0.777410 -0.299984 0.552850  0.200329 0.485395 1 0 1.000000
0  -12.195407 9.228975 4.422678  0.704723 -0.201628 0.680229  0.200427 0.485575 1 0 1.000000
walllight001a
0  -12.697295 9.069301 4.514359  -0.218934 -0.340054 0.914566  0.204402 0.472096 1 0 1.000000
0  -12.359014 9.069300 4.514358  0.466568 -0.384461 0.796557  0.204379 0.480346 1 0 1.000000
0  -12.359014 9.220996 4.514358  0.385873 -0.125300 0.914003  0.200663 0.480332 1 0 1.000000
walllight001a
0  -12.356835 9.228972 4.514358  0.000057 -0.000000 1.000000  0.200466 0.480386 1 0 1.000000
0  -12.697295 9.069301 4.514359  -0.218934 -0.340054 0.914566  0.204402 0.472096 1 0 1.000000
0  -12.359014 9.220996 4.514358  0.385873 -0.125300 0.914003  0.200663 0.480332 1 0 1.000000
walllight001a
0  -12.194314 9.220996 4.420786  0.533875 -0.059830 0.843444  0.200623 0.485632 1 0 1.000000
0  -12.194314 9.069300 4.420786  0.457333 -0.384005 0.802114  0.204339 0.485672 1 0 1.000000
0  -12.023860 9.069301 4.125550  0.901546 -0.339928 0.267701  0.204239 0.493985 1 0 1.000000
walllight001a
0  12.896368 9.220998 -3.899508  0.377538 -0.427319 -0.821501  0.177233 0.480478 1 0 1.000000
0  12.903545 9.232998 -3.903666  0.928910 -0.282404 0.239529  0.176927 0.480563 1 0 1.000000
0  12.900139 9.220998 -3.894831  0.991630 -0.125307 -0.031131  0.177225 0.480331 1 0 1.000000
walllight001a
0  -12.601316 9.228969 3.726350  -0.000046 0.000000 -1.000000  0.200327 0.513730 1 0 1.000000
0  -12.608599 9.232997 3.726350  -0.110805 -0.282370 -0.952885  0.200226 0.513909 1 0 1.000000
0  -12.605150 9.542596 3.726350  -0.000001 0.000000 -1.000000  0.192661 0.513822 1 0 1.000000
walllight001a
0  12.202571 9.542598 -4.276031  -0.808134 -0.000001 -0.588999  0.169209 0.505247 1 0 1.000000
0  12.077724 9.228971 -3.952293  -0.932996 0.000083 -0.359886  0.176889 0.513728 1 0 1.000000
0  12.076344 9.542598 -3.948715  -0.933024 -0.000004 -0.359813  0.169224 0.513821 1 0 1.000000
walllight001a
0  -12.601316 9.228969 3.726350  -0.000046 0.000000 -1.000000  0.200327 0.513730 1 0 1.000000
0  -12.254338 9.069301 3.726350  0.218891 -0.339980 -0.914604  0.204201 0.505253 1 0 1.000000
0  -12.599151 9.220996 3.726350  -0.386820 -0.125573 -0.913565  0.200523 0.513675 1 0 1.000000
walllight001a
0  -12.756891 9.228971 3.819181  -0.704470 -0.201608 -0.680497  0.200772 0.452424 1 0 1.000000
0  -12.757977 9.220996 3.821062  -0.532439 -0.059718 -0.844359  0.200967 0.452482 1 0 1.000000
0  -12.927774 9.069301 4.115158  -0.901507 -0.340013 -0.267725  0.204523 0.460829 1 0 1.000000
walllight001a
0  -12.757977 9.220996 3.821062  -0.532439 -0.059718 -0.844359  0.200967 0.452482 1 0 1.000000
0  -12.757977 9.069300 3.821063  -0.455790 -0.384854 -0.802585  0.204682 0.452549 1 0 1.000000
0  -12.927774 9.069301 4.115158  -0.901507 -0.340013 -0.267725  0.204523 0.460829 1 0 1.000000
walllight001a
0  -12.349545 9.232997 4.514358  0.110728 -0.282414 0.952881  0.200364 0.480564 1 0 1.000000
0  -12.356835 9.228972 4.514358  0.000057 -0.000000 1.000000  0.200466 0.480386 1 0 1.000000
0  -12.359014 9.220996 4.514358  0.385873 -0.125300 0.914003  0.200663 0.480332 1 0 1.000000
walllight001a
0  -12.608599 9.232997 3.726350  -0.110805 -0.282370 -0.952885  0.200226 0.513909 1 0 1.000000
0  -12.601316 9.228969 3.726350  -0.000046 0.000000 -1.000000  0.200327 0.513730 1 0 1.000000
0  -12.599151 9.220996 3.726350  -0.386820 -0.125573 -0.913565  0.200523 0.513675 1 0 1.000000
walllight001a
0  -12.751986 9.220996 3.821067  0.364307 -0.379576 -0.850413  0.200975 0.452337 1 0 1.000000
0  -12.757977 9.220996 3.821062  -0.532439 -0.059718 -0.844359  0.200967 0.452482 1 0 1.000000
0  -12.756891 9.228971 3.819181  -0.704470 -0.201608 -0.680497  0.200772 0.452424 1 0 1.000000
walllight001a
0  -12.200336 9.220996 4.420799  -0.361059 -0.379247 0.851944  0.200630 0.485487 1 0 1.000000
0  -12.194314 9.220996 4.420786  0.533875 -0.059830 0.843444  0.200623 0.485632 1 0 1.000000
0  -12.195407 9.228975 4.422678  0.704723 -0.201628 0.680229  0.200427 0.485575 1 0 1.000000
walllight001a
0  -12.872479 9.063299 -4.010528  -0.220239 -0.921153 -0.320892  0.257656 0.471537 1 0 1.000000
0  -12.441598 9.063299 -3.480969  0.038893 -0.868788 0.493655  0.264816 0.456485 1 0 1.000000
0  -12.845983 9.063299 -3.673850  -0.408099 -0.868786 0.280475  0.264802 0.467423 1 0 1.000000
walllight001a
0  -12.801078 9.069300 -4.176510  -0.762491 -0.385229 0.519813  0.227683 0.513807 1 0 1.000000
0  -12.801559 9.220996 -4.182469  -0.836298 -0.125521 -0.533713  0.223960 0.513676 1 0 1.000000
0  -12.801559 9.069300 -4.182469  -0.836055 -0.385272 -0.390611  0.227676 0.513663 1 0 1.000000
walllight001a
0  -12.706295 9.232996 3.731546  -0.682602 -0.340010 -0.646875  0.200700 0.449949 1 0 1.000000
0  -12.697295 9.542596 3.726350  -0.258816 0.000000 -0.965927  0.193146 0.449590 1 0 1.000000
0  -12.697295 9.232996 3.726350  -0.218892 -0.339964 -0.914610  0.200707 0.449696 1 0 1.000000
walllight001a
0  -8.897011 4.306882 -4.223121  0.707024 -0.353274 -0.612630  0.013693 0.730287 1 0 1.000000
0  -8.979353 4.397838 -4.309422  0.371622 -0.155724 -0.915231  0.010234 0.732748 1 0 1.000000
0  -8.877562 4.357192 -4.223120  0.737429 -0.285102 -0.612303  0.012852 0.729315 1 0 1.000000
walllight001a
0  -6.158407 4.163008 0.632096  0.262365 0.964969 -0.000001  0.812330 0.166668 1 0 1.000000
0  -8.710264 4.924043 4.773760  0.458224 0.888837 0.000000  0.898301 0.110561 1 0 1.000000
0  -6.158731 4.163101 4.763979  0.263380 0.964692 0.000013  0.898092 0.166660 1 0 1.000000
walllight001a
0  -2.785511 3.804616 -4.162896  0.000825 1.000000 0.000005  0.979423 0.355392 1 0 1.000000
0  2.781746 3.804615 -0.646708  -0.000796 1.000000 0.000000  0.906620 0.238217 1 0 1.000000
0  2.781933 3.804617 -4.162897  -0.000825 1.000000 0.000005  0.979423 0.238211 1 0 1.000000
walllight001a
0  -4.680516 3.288326 4.435903  -0.115546 -0.993302 0.000007  0.294311 0.249971 1 0 1.000000
0  -3.853488 3.235203 -4.218259  -0.035750 -0.999361 0.000007  0.506853 0.270262 1 0 1.000000
0  -3.853481 3.235270 4.217888  -0.035743 -0.999361 0.000008  0.299255 0.270262 1 0 1.000000
walllight001a
0  -5.511028 3.416102 4.671242  -0.201285 -0.979533 0.000007  0.288941 0.229319 1 0 1.000000
0  -4.680520 3.288266 -4.436305  -0.115548 -0.993302 0.000007  0.511798 0.249970 1 0 1.000000
0  -4.680516 3.288326 4.435903  -0.115546 -0.993302 0.000007  0.294311 0.249971 1 0 1.000000
walllight001a
0  -10.048450 9.552472 4.773501  -0.999981 -0.006168 0.000007  0.286688 0.007008 1 0 1.000000
0  -10.025187 5.770722 -4.773763  -0.993465 -0.114140 0.000007  0.519419 0.097603 1 0 1.000000
0  -10.025120 5.770727 4.773392  -0.993465 -0.114136 0.000007  0.286689 0.097603 1 0 1.000000
walllight001a
0  5.507473 3.416043 -4.671615  0.201287 -0.979532 0.000008  0.517155 0.500259 1 0 1.000000
0  6.312905 3.614286 4.763642  0.262883 -0.964828 0.000007  0.286668 0.520492 1 0 1.000000
0  5.507451 3.416105 4.671241  0.201280 -0.979534 0.000007  0.288918 0.500258 1 0 1.000000
walllight001a
0  11.272273 9.490256 -4.338192  0.033866 -0.073718 -0.996704  0.223057 0.706663 1 0 1.000000
0  11.445527 9.544930 -4.313413  0.320911 0.001207 -0.947108  0.223551 0.711614 1 0 1.000000
0  11.445729 9.490906 -4.313413  0.320424 -0.072968 -0.944460  0.222313 0.711136 1 0 1.000000
walllight001a
0  -11.536922 9.436244 -4.199895  -0.059551 -0.996669 -0.055721  0.014802 0.900357 1 0 1.000000
0  -11.451995 9.490902 -4.313410  -0.320413 -0.073031 -0.944458  0.011341 0.898638 1 0 1.000000
0  -11.434469 9.435862 -4.261083  -0.028808 -0.996856 -0.073815  0.013307 0.897882 1 0 1.000000
walllight001a
0  9.579562 5.504679 -2.419324  0.000000 -0.707095 0.707119  1.112246 0.484490 1 0 1.000000
0  8.809152 6.290614 -2.208734  -0.201802 0.253487 0.946055  1.132698 0.465466 1 0 1.000000
0  8.809152 5.504679 -2.419324  -0.201796 -0.692559 0.692561  1.112230 0.465466 1 0 1.000000
walllight001a
0  -8.803674 9.208377 -3.205260  0.201741 0.946055 -0.253536  1.091785 0.490360 1 0 1.000000
0  -8.753310 8.969032 -2.448079  0.000332 0.707109 0.707105  1.112230 0.488771 1 0 1.000000
0  -8.753310 9.169098 -3.194735  0.000853 0.965926 -0.258817  1.091785 0.488771 1 0 1.000000
walllight001a
0  2.781746 3.804615 0.632094  -0.000796 1.000000 -0.000000  0.812331 0.355545 1 0 1.000000
0  -2.785325 3.804615 0.632095  0.000796 1.000000 -0.000000  0.812331 0.238376 1 0 1.000000
0  -2.785512 3.804615 4.162899  0.000825 1.000000 -0.000005  0.885441 0.238370 1 0 1.000000
walllight001a
0  -8.803674 8.997787 2.412988  0.201699 0.692566 -0.692582  0.112230 0.490360 1 0 1.000000
0  -8.803674 8.211851 2.202398  0.201652 -0.253497 -0.946085  0.132698 0.490360 1 0 1.000000
0  -9.574084 8.211852 2.202397  0.000001 -0.258819 -0.965926  0.132760 0.509384 1 0 1.000000
walllight001a
0  -5.396865 3.975619 4.671334  0.193194 -0.035594 0.980515  0.275424 0.229355 1 0 1.000000
0  -5.511028 3.416102 4.671242  0.192764 -0.035606 0.980599  0.288941 0.229319 1 0 1.000000
0  -4.680516 3.288326 4.435903  0.267743 -0.030660 0.963002  0.294311 0.249971 1 0 1.000000
walllight001a
0  -9.574084 8.211852 2.202397  0.000001 -0.258819 -0.965926  0.009908 0.509384 1 0 1.000000
0  -8.803674 8.211851 2.202398  0.201652 -0.253497 -0.946085  0.009970 0.490360 1 0 1.000000
0  -8.803674 7.636507 2.777741  0.201752 -0.946060 -0.253508  0.030438 0.490360 1 0 1.000000
walllight001a
0  -12.254339 9.542597 3.726350  0.258780 0.000002 -0.965936  0.192647 0.505249 1 0 1.000000
0  -12.254338 9.069301 3.726350  0.218891 -0.339980 -0.914604  0.204201 0.505253 1 0 1.000000
0  -12.601316 9.228969 3.726350  -0.000046 0.000000 -1.000000  0.200327 0.513730 1 0 1.000000
walllight001a
0  -13.389747 9.754359 4.793275  -0.976895 -0.151079 0.151168  0.790721 0.672182 1 0 1.000000
0  -13.389745 9.754359 -4.793519  -0.976950 -0.151217 -0.150670  0.556405 0.672186 1 0 1.000000
0  -13.185632 9.550246 -4.793519  -0.151238 -0.976953 -0.150630  0.556527 0.664365 1 0 1.000000
walllight001a
0  -13.389745 9.754359 -4.793519  -0.976950 -0.151217 -0.150670  0.556405 0.672186 1 0 1.000000
0  -13.389745 9.995246 -4.793519  -0.986819 0.000000 -0.161826  0.556346 0.678045 1 0 1.000000
0  -13.185632 9.995246 -4.997633  -0.161828 -0.000000 -0.986819  0.542794 0.664432 1 0 1.000000
walllight001a
0  -12.517390 9.542597 -4.377772  -0.333873 0.000002 -0.942618  0.216084 0.505250 1 0 1.000000
0  -12.517390 9.069301 -4.377773  -0.337618 -0.339978 -0.877741  0.227638 0.505254 1 0 1.000000
0  -12.803344 9.228968 -4.181242  -0.566379 -0.000056 -0.824145  0.223764 0.513731 1 0 1.000000
walllight001a
0  10.013667 5.256015 4.244127  0.932516 -0.353515 0.073756  0.012749 0.580876 1 0 1.000000
0  9.629607 4.669757 4.244128  0.690647 -0.719420 0.073766  0.012753 0.563655 1 0 1.000000
0  9.629607 4.669758 -4.283216  0.690659 -0.719406 -0.073793  0.220900 0.563650 1 0 1.000000
walllight001a
0  13.380198 9.754358 -4.793523  0.976946 -0.151263 -0.150651  0.556408 0.012873 1 0 1.000000
0  13.380198 9.995245 -4.793523  0.986818 0.000000 -0.161834  0.556345 0.007009 1 0 1.000000
0  13.380198 9.995246 4.793271  0.986722 0.000087 0.162419  0.790783 0.007010 1 0 1.000000
walllight001a
0  13.176085 9.754358 4.997384  0.151123 -0.151100 0.976898  0.798460 0.020646 1 0 1.000000
0  13.176085 9.995246 4.997384  0.162445 0.000000 0.986718  0.804335 0.020623 1 0 1.000000
0  -13.185634 9.995247 4.997388  -0.162419 -0.000319 0.986722  0.804335 0.664432 1 0 1.000000
walllight001a
0  8.708289 5.294089 -3.205260  0.201331 -0.946146 -0.253524  1.222920 0.433869 1 0 1.000000
0  -8.702811 5.294086 -3.205261  -0.201333 -0.946147 -0.253517  1.222920 0.008762 1 0 1.000000
0  -8.702811 5.869431 -3.780605  -0.201323 -0.253522 -0.946148  1.202359 0.008762 1 0 1.000000
walllight001a
0  -9.328071 5.548439 0.632096  0.901405 0.432977 -0.000000  0.812330 0.091875 1 0 1.000000
0  -9.501860 6.126251 0.632096  0.989471 0.144730 -0.000000  0.812330 0.079124 1 0 1.000000
0  -9.501858 6.126251 4.773761  0.989470 0.144735 -0.000000  0.898299 0.079169 1 0 1.000000
walllight001a
0  -8.753310 6.626611 3.534923  0.000852 0.707109 0.707104  0.181798 0.007164 1 0 1.000000
0  -8.702811 6.655365 3.563677  -0.201387 0.692620 0.692619  0.181798 0.008762 1 0 1.000000
0  -8.702811 6.865955 2.777742  -0.201336 0.946132 -0.253572  0.161238 0.008762 1 0 1.000000
walllight001a
0  9.322274 5.579599 4.773758  -0.902248 0.431218 -0.000001  0.898297 0.502566 1 0 1.000000
0  9.498277 6.126255 4.773758  -0.988027 0.154281 -0.000001  0.898300 0.514590 1 0 1.000000
0  9.498280 6.126254 0.632093  -0.988026 0.154286 -0.000000  0.812330 0.514638 1 0 1.000000
walllight001a
0  9.498280 6.126254 -0.646709  -0.988027 0.154282 0.000000  0.906619 0.079124 1 0 1.000000
0  9.492537 9.552510 -0.646710  -0.999999 -0.001676 0.000000  0.906615 0.007014 1 0 1.000000
0  9.492537 9.552510 -4.773761  -0.999999 -0.001675 0.000000  0.992274 0.007009 1 0 1.000000
walllight001a
0  -12.927773 9.542596 4.125550  -0.965926 0.000000 0.258818  0.192971 0.460920 1 0 1.000000
0  -12.927773 9.069300 4.125550  -0.901490 -0.340024 0.267768  0.204519 0.461057 1 0 1.000000
0  -12.706295 9.069300 4.509162  -0.682636 -0.340057 0.646815  0.204403 0.471868 1 0 1.000000
walllight001a
0  -9.115003 5.239278 -0.646707  0.727414 0.686199 0.000000  0.906619 0.493968 1 0 1.000000
0  -8.710264 4.924042 -0.646707  0.458026 0.888939 -0.000000  0.906620 0.483139 1 0 1.000000
0  -8.710265 4.924043 -4.773757  0.458224 0.888837 -0.000000  0.992282 0.483201 1 0 1.000000
walllight001a
0  -9.496119 9.552507 4.773761  -0.000490 -0.000029 1.000000  0.273068 0.007009 1 0 1.000000
0  -10.048450 9.552472 4.773501  -0.000469 -0.000032 1.000000  0.286688 0.007008 1 0 1.000000
0  -10.025120 5.770727 4.773392  -0.000617 -0.000131 1.000000  0.286689 0.097603 1 0 1.000000
walllight001a
0  10.013667 5.256015 4.244127  0.932516 -0.353515 0.073756  0.012749 0.580876 1 0 1.000000
0  10.013666 5.256016 -4.283217  0.932532 -0.353462 -0.073818  0.220905 0.580870 1 0 1.000000
0  10.128060 5.760458 -4.283217  0.994469 -0.074665 -0.073873  0.220908 0.593508 1 0 1.000000
walllight001a
0  -8.702809 5.294086 3.198924  -0.201310 -0.946150 0.253524  0.222920 0.008762 1 0 1.000000
0  8.708290 5.294088 3.198924  0.201268 -0.946160 0.253520  0.222920 0.433869 1 0 1.000000
0  8.708290 5.869432 3.774268  0.201219 -0.253530 0.946168  0.202359 0.433869 1 0 1.000000
walllight001a
0  -9.597970 4.709597 4.299106  -0.054520 -0.056755 0.996898  0.223064 0.751165 1 0 1.000000
0  -9.067394 4.374952 4.291903  0.111432 -0.132173 0.984943  0.222818 0.735171 1 0 1.000000
0  -9.045515 4.424258 4.291914  0.142970 -0.062955 0.987723  0.224104 0.735033 1 0 1.000000
walllight001a
0  9.591704 4.709599 -4.338192  0.054455 -0.056688 -0.996906  0.223062 0.563660 1 0 1.000000
0  9.061131 4.374954 -4.330989  -0.109387 -0.131148 -0.985309  0.222815 0.547665 1 0 1.000000
0  9.039252 4.424261 -4.331000  -0.142932 -0.062942 -0.987729  0.224101 0.547527 1 0 1.000000
walllight001a
0  -9.099154 4.328474 4.237607  -0.402705 -0.911761 0.080751  0.220737 0.735572 1 0 1.000000
0  -9.635873 4.669755 4.244131  -0.690597 -0.719458 0.073862  0.220902 0.751155 1 0 1.000000
0  -9.635873 4.669755 -4.283214  -0.690561 -0.719498 -0.073817  0.012755 0.751150 1 0 1.000000
walllight001a
0  13.176085 9.995245 -4.997636  0.161801 0.000087 -0.986823  0.542794 0.020623 1 0 1.000000
0  13.380198 9.995245 -4.793523  0.986818 0.000000 -0.161834  0.556345 0.007009 1 0 1.000000
0  13.380198 9.754358 -4.793523  0.976946 -0.151263 -0.150651  0.556408 0.012873 1 0 1.000000
walllight001a
0  9.322274 5.579599 -4.773760  0.000026 -0.000050 -1.000000  0.533035 0.620113 1 0 1.000000
0  9.498277 6.126254 -4.773760  -0.000031 -0.000015 -1.000000  0.533035 0.632103 1 0 1.000000
0  10.019215 5.770532 -4.773766  -0.000008 -0.000039 -1.000000  0.519404 0.632087 1 0 1.000000
walllight001a
0  -8.803674 7.636507 -2.784079  0.201725 -0.946068 0.253500  1.030437 0.490360 1 0 1.000000
0  -8.803674 8.211851 -2.208735  0.201757 -0.253492 0.946064  1.009970 0.490360 1 0 1.000000
0  -9.574084 8.211851 -2.208735  0.000000 -0.258819 0.965926  1.009908 0.509384 1 0 1.000000
walllight001a
0  -6.316501 3.614219 -4.764013  0.056569 -0.014112 -0.998299  0.519419 0.209085 1 0 1.000000
0  -9.046435 4.425143 -4.773761  0.001263 -0.000844 -0.999999  0.519419 0.139730 1 0 1.000000
0  -8.710265 4.924043 -4.773757  0.001586 -0.001008 -0.999998  0.533036 0.139760 1 0 1.000000
walllight001a
0  -8.702811 5.869430 3.774268  -0.201308 -0.253515 0.946153  0.202359 0.008762 1 0 1.000000
0  -8.702811 6.655365 3.563677  -0.201387 0.692620 0.692619  0.181798 0.008762 1 0 1.000000
0  -8.753310 6.626611 3.534923  0.000852 0.707109 0.707104  0.181798 0.007164 1 0 1.000000
walllight001a
0  -9.597970 4.709597 4.299106  -0.054520 -0.056755 0.996898  0.223064 0.751165 1 0 1.000000
0  -9.560718 4.748746 4.299106  0.000002 -0.000007 1.000000  0.224376 0.751176 1 0 1.000000
0  -9.917661 5.293810 4.299105  0.000004 0.000001 1.000000  0.224372 0.768333 1 0 1.000000
walllight001a
0  9.039171 4.424766 4.773391  -0.001009 -0.001425 0.999999  0.286668 0.589774 1 0 1.000000
0  9.554171 4.749137 4.773318  0.000488 -0.000449 1.000000  0.286666 0.604509 1 0 1.000000
0  9.087871 5.221984 4.773758  0.000471 -0.000429 1.000000  0.273033 0.604517 1 0 1.000000
walllight001a
0  -9.574084 6.865955 -2.784079  0.000000 0.965926 0.258819  1.030422 0.513452 1 0 1.000000
0  -8.803674 6.865955 -2.784079  0.201649 0.946083 0.253505  1.030438 0.532476 1 0 1.000000
0  -8.803674 6.655365 -3.570014  0.201784 0.692562 -0.692561  1.050883 0.532476 1 0 1.000000
walllight001a
0  11.613976 9.436560 3.900798  0.078909 -0.996878 0.002669  0.021126 0.714906 1 0 1.000000
0  11.613975 9.436560 -3.939889  0.078951 -0.996874 -0.002902  0.212529 0.714906 1 0 1.000000
0  11.668744 9.491741 -3.941720  0.996973 -0.070204 -0.033404  0.212583 0.717071 1 0 1.000000
walllight001a
0  -4.680516 3.288326 4.435903  0.267743 -0.030660 0.963002  0.294311 0.249971 1 0 1.000000
0  -3.853481 3.235270 4.217888  0.156884 -0.009386 0.987572  0.299255 0.270262 1 0 1.000000
0  -3.840472 3.806337 4.217983  0.158137 -0.009484 0.987372  0.284851 0.270305 1 0 1.000000
walllight001a
0  -9.917661 5.293810 4.299105  0.000004 0.000001 1.000000  0.224372 0.768333 1 0 1.000000
0  -10.025830 5.771163 4.299105  -0.000007 0.000000 1.000000  0.224381 0.781209 1 0 1.000000
0  -10.079606 5.765855 4.299105  -0.076631 -0.005746 0.997043  0.223068 0.781107 1 0 1.000000
walllight001a
0  -10.079606 5.765855 4.299105  -0.076631 -0.005746 0.997043  0.223068 0.781107 1 0 1.000000
0  -10.025830 5.771163 4.299105  -0.000007 0.000000 1.000000  0.224381 0.781209 1 0 1.000000
0  -10.061503 9.088065 4.299105  -0.000004 0.000000 1.000000  0.224415 0.862186 1 0 1.000000
walllight001a
0  -12.878807 9.069300 -4.014453  -0.830235 -0.384835 -0.403251  0.228120 0.452550 1 0 1.000000
0  -12.878807 9.220996 -4.014453  -0.917106 -0.059668 -0.394152  0.224405 0.452483 1 0 1.000000
0  -12.873866 9.220996 -4.017844  -0.181654 -0.379603 -0.907140  0.224412 0.452339 1 0 1.000000
walllight001a
0  -10.474313 9.429379 4.244130  -0.127533 -0.989209 0.072114  0.220933 0.874436 1 0 1.000000
0  -10.170468 9.083708 4.244130  -0.994954 -0.069960 0.071923  0.220932 0.862157 1 0 1.000000
0  -10.115512 9.085905 4.299105  -0.070940 -0.005719 0.997464  0.223097 0.862161 1 0 1.000000
walllight001a
0  -11.650229 9.491644 4.076088  -0.944741 -0.070613 0.320123  0.217104 0.903845 1 0 1.000000
0  -11.675010 9.491737 3.902632  -0.996970 -0.070258 0.033381  0.212583 0.904571 1 0 1.000000
0  -11.620240 9.436556 3.900801  -0.079021 -0.996870 0.002584  0.212529 0.902406 1 0 1.000000
walllight001a
0  8.708290 8.211854 2.202398  0.201265 -0.253521 -0.946160  0.009494 0.433877 1 0 1.000000
0  -8.702811 8.211851 2.202398  -0.201332 -0.253516 -0.946148  0.009494 0.008757 1 0 1.000000
0  -8.702811 8.997787 2.412988  -0.201332 0.692624 -0.692631  0.030057 0.008764 1 0 1.000000
walllight001a
0  10.454225 9.537710 4.299102  0.000004 0.000000 1.000000  0.009226 0.686840 1 0 1.000000
0  10.055238 9.088067 4.299102  -0.000002 0.000000 1.000000  0.009240 0.674686 1 0 1.000000
0  10.109245 9.085908 4.299102  0.070960 -0.005764 0.997463  0.010558 0.674662 1 0 1.000000
walllight001a
0  -9.574084 6.655365 3.563677  -0.000000 0.707107 0.707107  0.050881 0.513452 1 0 1.000000
0  -8.803674 6.655365 3.563677  0.201654 0.692581 0.692580  0.050882 0.532476 1 0 1.000000
0  -8.803674 6.865955 2.777742  0.201753 0.946066 -0.253486  0.030437 0.532476 1 0 1.000000
walllight001a
0  -10.170468 9.083709 -4.283215  -0.994974 -0.069964 -0.071633  0.012723 0.862160 1 0 1.000000
0  -10.170468 9.083708 4.244130  -0.994954 -0.069960 0.071923  0.220932 0.862157 1 0 1.000000
0  -10.474313 9.429379 4.244130  -0.127533 -0.989209 0.072114  0.220933 0.874436 1 0 1.000000
walllight001a
0  11.668744 9.491741 -3.941720  0.996973 -0.070204 -0.033404  0.212583 0.717071 1 0 1.000000
0  11.613975 9.436560 -3.939889  0.078951 -0.996874 -0.002902  0.212529 0.714906 1 0 1.000000
0  11.591842 9.436478 -4.097445  0.077469 -0.996675 -0.025237  0.216372 0.714366 1 0 1.000000
walllight001a
0  -12.602129 9.069300 3.731534  -0.922826 -0.385201 -0.003542  0.204245 0.513805 1 0 1.000000
0  -12.602129 9.220996 3.731534  -0.902328 -0.427762 -0.053136  0.200532 0.513821 1 0 1.000000
0  -12.599151 9.220996 3.726350  -0.386820 -0.125573 -0.913565  0.200523 0.513675 1 0 1.000000
walllight001a
0  11.272071 9.544281 4.299102  0.033303 -0.000038 0.999445  0.009279 0.706707 1 0 1.000000
0  10.454225 9.537710 4.299102  0.000004 0.000000 1.000000  0.009226 0.686840 1 0 1.000000
0  10.461071 9.484016 4.299102  0.009979 -0.067381 0.997677  0.010546 0.686930 1 0 1.000000
walllight001a
0  10.019566 5.771167 4.299102  0.000003 0.000000 1.000000  0.009274 0.593709 1 0 1.000000
0  9.911395 5.293813 4.299102  0.000000 0.000001 1.000000  0.009283 0.580833 1 0 1.000000
0  9.962085 5.275078 4.299102  0.072261 -0.030726 0.996912  0.010593 0.580851 1 0 1.000000
walllight001a
0  -11.575892 9.491365 4.199986  -0.705636 -0.071643 0.704943  0.220305 0.901826 1 0 1.000000
0  -11.536922 9.436244 4.160811  -0.059492 -0.996666 0.055832  0.218845 0.900355 1 0 1.000000
0  -11.434468 9.435861 4.221997  -0.028865 -0.996851 0.073859  0.220357 0.897876 1 0 1.000000
walllight001a
0  11.668743 9.491741 3.902628  0.996974 -0.070164 0.033463  0.021072 0.717071 1 0 1.000000
0  11.668744 9.491741 -3.941720  0.996973 -0.070204 -0.033404  0.212583 0.717071 1 0 1.000000
0  11.668542 9.545766 -3.941720  0.999440 0.003753 -0.033258  0.212587 0.718389 1 0 1.000000
walllight001a
0  -2.785511 3.804616 -4.162896  0.000825 1.000000 0.000005  0.979423 0.355392 1 0 1.000000
0  -3.840471 3.806337 -4.217980  0.035781 0.999360 0.000004  0.980586 0.377608 1 0 1.000000
0  -3.838527 3.806291 -0.646707  0.032689 0.999466 -0.000010  0.906620 0.377552 1 0 1.000000
walllight001a
0  9.498277 6.126255 4.773758  -0.988027 0.154281 -0.000001  0.898300 0.514590 1 0 1.000000
0  9.492537 9.552510 4.773758  -0.999999 -0.001675 0.000000  0.898292 0.586753 1 0 1.000000
0  9.492537 9.552510 0.632093  -0.999999 -0.001676 -0.000000  0.812326 0.586748 1 0 1.000000
walllight001a
0  10.044933 9.552470 -4.773873  -0.000185 -0.000003 -1.000000  0.519405 0.722676 1 0 1.000000
0  10.019215 5.770532 -4.773766  -0.000008 -0.000039 -1.000000  0.519404 0.632087 1 0 1.000000
0  9.498277 6.126254 -4.773760  -0.000031 -0.000015 -1.000000  0.533035 0.632103 1 0 1.000000
walllight001a
0  -4.620407 3.856251 4.437120  0.115853 0.993266 -0.000008  0.891214 0.199704 1 0 1.000000
0  -3.840472 3.806337 4.217983  0.035792 0.999359 0.000007  0.886604 0.216154 1 0 1.000000
0  -3.838527 3.806291 0.632095  0.032695 0.999465 0.000000  0.812331 0.216210 1 0 1.000000
walllight001a
0  8.890748 4.306885 -4.223123  -0.707112 -0.353197 -0.612572  0.219968 0.542770 1 0 1.000000
0  8.871299 4.357194 -4.223123  -0.737372 -0.285240 -0.612308  0.220809 0.541800 1 0 1.000000
0  8.973089 4.397841 -4.309424  -0.371762 -0.155413 -0.915227  0.223422 0.545245 1 0 1.000000
walllight001a
0  -9.328070 5.548440 4.773761  0.901402 0.432984 -0.000000  0.898297 0.091842 1 0 1.000000
0  -9.115002 5.239278 4.773761  0.727412 0.686201 -0.000000  0.898297 0.099796 1 0 1.000000
0  -9.115003 5.239278 0.632096  0.727415 0.686197 -0.000000  0.812330 0.099794 1 0 1.000000
walllight001a
0  -3.840471 3.806337 -4.217980  0.035781 0.999360 0.000004  0.980586 0.377608 1 0 1.000000
0  -4.620407 3.856252 -4.437102  0.115873 0.993264 0.000000  0.985196 0.394058 1 0 1.000000
0  -4.620407 3.856251 -0.646707  0.107904 0.994161 0.000004  0.906620 0.394046 1 0 1.000000
walllight001a
0  8.937212 4.325459 4.234376  -0.540733 -0.297006 0.787017  0.012371 0.544137 1 0 1.000000
0  8.854608 4.292430 4.119310  -0.817190 -0.386158 0.427881  0.015361 0.541706 1 0 1.000000
0  8.920223 4.259465 4.095511  0.304422 -0.951943 0.033657  0.016371 0.543539 1 0 1.000000
walllight001a
0  -8.835052 4.282097 -4.079287  0.879628 -0.402306 -0.253780  0.017418 0.728414 1 0 1.000000
0  -8.814398 4.273831 -3.877913  0.912749 -0.407698 -0.025918  0.022629 0.727774 1 0 1.000000
0  -8.884075 4.242511 -3.876477  -0.300215 -0.953869 -0.002055  0.022672 0.729918 1 0 1.000000
walllight001a
0  8.789866 4.324677 3.838827  -0.940711 -0.338239 0.025632  0.022622 0.538960 1 0 1.000000
0  8.808135 4.273834 3.838827  -0.912917 -0.407334 0.025748  0.022625 0.540280 1 0 1.000000
0  8.813296 4.275900 3.946706  -0.906010 -0.407308 0.115094  0.019838 0.540440 1 0 1.000000
walllight001a
0  8.890748 4.306885 -4.223123  -0.707112 -0.353197 -0.612572  0.219968 0.542770 1 0 1.000000
0  8.828790 4.282100 -4.079289  -0.879653 -0.402206 -0.253852  0.216237 0.540915 1 0 1.000000
0  8.810225 4.332806 -4.079286  -0.908155 -0.333067 -0.253617  0.216636 0.539670 1 0 1.000000
walllight001a
0  -9.045515 4.424258 4.291914  0.142970 -0.062955 0.987723  0.224104 0.735033 1 0 1.000000
0  -9.067394 4.374952 4.291903  0.111432 -0.132173 0.984943  0.222818 0.735171 1 0 1.000000
0  -8.943476 4.325456 4.234379  0.541551 -0.297493 0.786270  0.221293 0.731625 1 0 1.000000
walllight001a
0  11.272273 9.490256 -4.338192  0.033866 -0.073718 -0.996704  0.223057 0.706663 1 0 1.000000
0  11.445729 9.490906 -4.313413  0.320424 -0.072968 -0.944460  0.222313 0.711136 1 0 1.000000
0  11.428204 9.435864 -4.261085  0.028589 -0.996852 -0.073954  0.220357 0.710376 1 0 1.000000
walllight001a
0  12.344002 9.542599 3.692708  -0.079307 -0.000001 -0.996850  0.146100 0.460668 1 0 1.000000
0  12.344002 9.069302 3.692709  -0.049330 -0.340055 -0.939111  0.157648 0.460832 1 0 1.000000
0  12.334208 9.069302 3.696186  -0.553928 -0.340051 -0.759953  0.157644 0.461060 1 0 1.000000
walllight001a
0  -11.451995 9.490902 4.274325  -0.320659 -0.072943 0.944382  0.222324 0.898635 1 0 1.000000
0  -11.278539 9.490252 4.299105  -0.033747 -0.073834 0.996699  0.223058 0.894163 1 0 1.000000
0  -11.278337 9.544277 4.299105  -0.033356 0.000125 0.999444  0.224372 0.894205 1 0 1.000000
walllight001a
0  -11.674808 9.545762 -3.941716  -0.999438 0.003759 -0.033307  0.021068 0.905889 1 0 1.000000
0  -11.675010 9.491737 -3.941717  -0.996959 -0.070279 -0.033663  0.021073 0.904571 1 0 1.000000
0  -11.675010 9.491737 3.902632  -0.996970 -0.070258 0.033381  0.212583 0.904571 1 0 1.000000
walllight001a
0  -11.434468 9.435861 4.221997  -0.028865 -0.996851 0.073859  0.220357 0.897876 1 0 1.000000
0  -11.598108 9.436474 4.058357  -0.077504 -0.996669 0.025383  0.216373 0.901866 1 0 1.000000
0  -11.620240 9.436556 3.900801  -0.079021 -0.996870 0.002584  0.212529 0.902406 1 0 1.000000
walllight001a
0  -11.620240 9.436556 3.900801  -0.079021 -0.996870 0.002584  0.212529 0.902406 1 0 1.000000
0  -11.620240 9.436556 -3.939886  -0.078959 -0.996874 -0.002611  0.021127 0.902406 1 0 1.000000
0  -11.276914 9.435270 -4.283215  -0.008057 -0.997122 -0.075387  0.012756 0.894036 1 0 1.000000
walllight001a
0  -11.620240 9.436556 -3.939886  -0.078959 -0.996874 -0.002611  0.021127 0.902406 1 0 1.000000
0  -11.598107 9.436474 -4.097442  -0.077721 -0.996660 -0.025072  0.017290 0.901849 1 0 1.000000
0  -11.434469 9.435862 -4.261083  -0.028808 -0.996856 -0.073815  0.013307 0.897882 1 0 1.000000
walllight001a
0  -11.598107 9.436474 -4.097442  -0.077721 -0.996660 -0.025072  0.017290 0.901849 1 0 1.000000
0  -11.536922 9.436244 -4.199895  -0.059551 -0.996669 -0.055721  0.014802 0.900357 1 0 1.000000
0  -11.434469 9.435862 -4.261083  -0.028808 -0.996856 -0.073815  0.013307 0.897882 1 0 1.000000
walllight001a
0  -11.434469 9.435862 -4.261083  -0.028808 -0.996856 -0.073815  0.013307 0.897882 1 0 1.000000
0  -11.276914 9.435270 -4.283215  -0.008057 -0.997122 -0.075387  0.012756 0.894036 1 0 1.000000
0  -11.620240 9.436556 -3.939886  -0.078959 -0.996874 -0.002611  0.021127 0.902406 1 0 1.000000
walllight001a
0  -11.276914 9.435270 -4.283215  -0.008057 -0.997122 -0.075387  0.012756 0.894036 1 0 1.000000
0  -11.276914 9.435270 4.244130  -0.008140 -0.997130 0.075276  0.220900 0.894035 1 0 1.000000
0  -11.620240 9.436556 3.900801  -0.079021 -0.996870 0.002584  0.212529 0.902406 1 0 1.000000
walllight001a
0  12.648268 9.069302 -4.351176  0.074616 -0.339966 -0.937473  0.180799 0.494212 1 0 1.000000
0  12.648268 9.542598 -4.351175  0.106042 0.000001 -0.994362  0.169251 0.494159 1 0 1.000000
0  12.657964 9.542598 -4.347436  0.589022 0.000001 -0.808117  0.169253 0.493905 1 0 1.000000
walllight001a
0  11.668542 9.545766 -3.941720  0.999440 0.003753 -0.033258  0.212587 0.718389 1 0 1.000000
0  11.668744 9.491741 -3.941720  0.996973 -0.070204 -0.033404  0.212583 0.717071 1 0 1.000000
0  11.643964 9.491648 -4.115177  0.944753 -0.070530 -0.320105  0.217104 0.716336 1 0 1.000000
walllight001a
0  10.128060 5.760458 4.244127  0.994461 -0.074828 0.073817  0.012747 0.593514 1 0 1.000000
0  10.164203 9.083711 4.244127  0.994979 -0.069961 0.071577  0.012723 0.674657 1 0 1.000000
0  10.109245 9.085908 4.299102  0.070960 -0.005764 0.997463  0.010558 0.674662 1 0 1.000000
walllight001a
0  8.808135 4.273834 -3.877916  -0.912745 -0.407683 -0.026286  0.211025 0.540275 1 0 1.000000
0  8.877811 4.242514 -3.876479  0.300252 -0.953858 -0.002123  0.210982 0.542419 1 0 1.000000
0  8.877812 4.242514 3.837390  0.300164 -0.953886 0.001962  0.022668 0.542424 1 0 1.000000
walllight001a
0  6.155155 4.163103 -4.763978  -0.263380 0.964692 -0.000013  0.992073 0.166501 1 0 1.000000
0  5.393287 3.975621 -4.671332  -0.201630 0.979462 -0.000004  0.990124 0.183012 1 0 1.000000
0  5.390602 3.975085 -0.646709  -0.195485 0.980707 0.000002  0.906620 0.183077 1 0 1.000000
walllight001a
0  8.813296 4.275900 3.946706  -0.906010 -0.407308 0.115094  0.019838 0.540440 1 0 1.000000
0  8.882811 4.244512 3.940347  0.299213 -0.954144 0.008985  0.020149 0.542558 1 0 1.000000
0  8.920223 4.259465 4.095511  0.304422 -0.951943 0.033657  0.016371 0.543539 1 0 1.000000
walllight001a
0  -3.853481 3.235270 4.217888  0.156884 -0.009386 0.987572  0.299255 0.270262 1 0 1.000000
0  -2.786893 3.233479 4.162669  0.025885 -0.000465 0.999665  0.300652 0.296469 1 0 1.000000
0  -2.785512 3.804615 4.162899  0.025901 -0.000594 0.999664  0.286653 0.296477 1 0 1.000000
walllight001a
0  9.629607 4.669757 4.244128  0.690647 -0.719420 0.073766  0.012753 0.563655 1 0 1.000000
0  9.092891 4.328477 4.237604  0.399015 -0.913392 0.080635  0.012918 0.548072 1 0 1.000000
0  9.092891 4.328477 -4.276692  0.402909 -0.911678 -0.080672  0.220734 0.548066 1 0 1.000000
walllight001a
0  -8.860870 4.292428 4.119312  0.818713 -0.386786 0.424389  0.218292 0.729213 1 0 1.000000
0  -8.926487 4.259462 4.095514  -0.304368 -0.951958 0.033699  0.217291 0.731064 1 0 1.000000
0  -8.889074 4.244509 3.940349  -0.299147 -0.954165 0.008965  0.213499 0.730055 1 0 1.000000
walllight001a
0  -8.835052 4.282097 -4.079287  0.879628 -0.402306 -0.253780  0.017418 0.728414 1 0 1.000000
0  -8.903467 4.250262 -4.065062  -0.300397 -0.953605 -0.019996  0.018070 0.730428 1 0 1.000000
0  -8.957184 4.271732 -4.188787  -0.312545 -0.948638 -0.048996  0.015056 0.731872 1 0 1.000000
walllight001a
0  -8.943476 4.325456 4.234379  0.541551 -0.297493 0.786270  0.221293 0.731625 1 0 1.000000
0  -8.995259 4.286949 4.190361  -0.325282 -0.943533 0.062745  0.219591 0.732846 1 0 1.000000
0  -8.926487 4.259462 4.095514  -0.304368 -0.951958 0.033699  0.217291 0.731064 1 0 1.000000
walllight001a
0  -8.995259 4.286949 4.190361  -0.325282 -0.943533 0.062745  0.219591 0.732846 1 0 1.000000
0  -8.943476 4.325456 4.234379  0.541551 -0.297493 0.786270  0.221293 0.731625 1 0 1.000000
0  -9.067394 4.374952 4.291903  0.111432 -0.132173 0.984943  0.222818 0.735171 1 0 1.000000
walllight001a
0  3.836892 3.806338 4.217982  -0.158100 -0.009391 0.987378  0.284784 0.458859 1 0 1.000000
0  3.849902 3.235271 4.217887  -0.156902 -0.009387 0.987570  0.299248 0.459328 1 0 1.000000
0  4.676938 3.288333 4.435936  -0.267727 -0.030607 0.963009  0.294285 0.479606 1 0 1.000000
walllight001a
0  -11.575892 9.491365 4.199986  -0.705636 -0.071643 0.704943  0.220305 0.901826 1 0 1.000000
0  -11.650229 9.491644 4.076088  -0.944741 -0.070613 0.320123  0.217104 0.903845 1 0 1.000000
0  -11.598108 9.436474 4.058357  -0.077504 -0.996669 0.025383  0.216373 0.901866 1 0 1.000000
walllight001a
0  -6.158731 4.163101 4.763979  0.057242 -0.014994 0.998248  0.273068 0.209084 1 0 1.000000
0  -6.316483 3.614285 4.763644  0.056371 -0.014712 0.998302  0.286689 0.209086 1 0 1.000000
0  -5.511028 3.416102 4.671242  0.192764 -0.035606 0.980599  0.288941 0.229319 1 0 1.000000
walllight001a
0  -9.041887 4.305587 -4.258545  -0.340911 -0.937314 -0.072267  0.013361 0.734064 1 0 1.000000
0  -9.000271 4.348147 -4.309419  0.340560 -0.222981 -0.913399  0.011405 0.733253 1 0 1.000000
0  -8.897011 4.306882 -4.223121  0.707024 -0.353274 -0.612630  0.013693 0.730287 1 0 1.000000
walllight001a
0  -8.860870 4.292428 4.119312  0.818713 -0.386786 0.424389  0.218292 0.729213 1 0 1.000000
0  -8.819559 4.275897 3.946708  0.905988 -0.407363 0.115071  0.213816 0.727942 1 0 1.000000
0  -8.801220 4.326706 3.946706  0.934308 -0.338043 0.113117  0.214007 0.726642 1 0 1.000000
walllight001a
0  11.530656 9.436248 4.160808  0.059589 -0.996665 0.055757  0.014801 0.712857 1 0 1.000000
0  11.569626 9.491369 4.199984  0.705206 -0.071627 0.705375  0.013347 0.714331 1 0 1.000000
0  11.445728 9.490906 4.274323  0.320399 -0.072919 0.944472  0.011333 0.711138 1 0 1.000000
walllight001a
0  5.390602 3.975085 0.632094  0.000000 0.000000 1.000000  0.893570 0.702435 1 0 1.000000
0  6.154829 4.163009 0.632094  -0.000000 0.000000 1.000000  0.912270 0.707033 1 0 1.000000
0  9.492537 9.552510 0.632093  0.000000 0.000000 1.000000  0.994105 0.839078 1 0 1.000000
walllight001a
0  6.154829 4.163009 0.632094  -0.000000 0.000000 1.000000  0.912270 0.707033 1 0 1.000000
0  8.706684 4.924044 0.632093  0.000000 -0.000000 1.000000  0.974585 0.725620 1 0 1.000000
0  9.498280 6.126254 0.632093  0.000000 -0.000000 1.000000  0.994242 0.755418 1 0 1.000000
walllight001a
0  8.706684 4.924044 0.632093  0.000000 -0.000000 1.000000  0.974585 0.725620 1 0 1.000000
0  9.087872 5.221983 0.632093  0.000000 0.000000 1.000000  0.984090 0.733011 1 0 1.000000
0  9.322274 5.579599 0.632093  0.000000 0.000000 1.000000  0.989908 0.741884 1 0 1.000000
walllight001a
0  9.322274 5.579599 0.632093  0.000000 0.000000 1.000000  0.989908 0.741884 1 0 1.000000
0  9.498280 6.126254 0.632093  0.000000 -0.000000 1.000000  0.994242 0.755418 1 0 1.000000
0  8.706684 4.924044 0.632093  0.000000 -0.000000 1.000000  0.974585 0.725620 1 0 1.000000
walllight001a
0  9.498280 6.126254 0.632093  0.000000 -0.000000 1.000000  0.994242 0.755418 1 0 1.000000
0  9.492537 9.552510 0.632093  0.000000 0.000000 1.000000  0.994105 0.839078 1 0 1.000000
0  6.154829 4.163009 0.632094  -0.000000 0.000000 1.000000  0.912270 0.707033 1 0 1.000000
walllight001a
0  9.492537 9.552510 0.632093  0.000000 0.000000 1.000000  0.994105 0.839078 1 0 1.000000
0  -9.448175 9.552507 0.632095  0.000000 0.000000 1.000000  0.531202 0.839077 1 0 1.000000
0  2.781746 3.804615 0.632094  0.000000 0.000000 1.000000  0.829783 0.698264 1 0 1.000000
walllight001a
0  -9.448175 9.552507 0.632095  0.000000 0.000000 1.000000  0.531202 0.839077 1 0 1.000000
0  -9.453907 6.131459 0.632096  0.000001 0.000000 1.000000  0.531064 0.755555 1 0 1.000000
0  -6.158407 4.163008 0.632096  0.000001 0.000001 1.000000  0.611381 0.707033 1 0 1.000000
walllight001a
0  -2.785325 3.804615 0.632095  0.000000 0.000000 1.000000  0.693869 0.698264 1 0 1.000000
0  -9.448175 9.552507 0.632095  0.000000 0.000000 1.000000  0.531202 0.839077 1 0 1.000000
0  -3.838527 3.806291 0.632095  0.000000 0.000000 1.000000  0.668145 0.698305 1 0 1.000000
walllight001a
0  -9.453907 6.131459 0.632096  0.000001 0.000000 1.000000  0.531064 0.755555 1 0 1.000000
0  -9.328071 5.548439 0.632096  -0.000000 0.000000 1.000000  0.533700 0.741105 1 0 1.000000
0  -9.115003 5.239278 0.632096  -0.000000 0.000000 1.000000  0.538985 0.733440 1 0 1.000000
walllight001a
0  -9.115003 5.239278 0.632096  -0.000000 0.000000 1.000000  0.538985 0.733440 1 0 1.000000
0  -8.710264 4.924042 0.632096  -0.000000 0.000000 1.000000  0.549066 0.725620 1 0 1.000000
0  -9.453907 6.131459 0.632096  0.000001 0.000000 1.000000  0.531064 0.755555 1 0 1.000000
walllight001a
0  -8.710264 4.924042 0.632096  -0.000000 0.000000 1.000000  0.549066 0.725620 1 0 1.000000
0  -6.158407 4.163008 0.632096  0.000001 0.000001 1.000000  0.611381 0.707033 1 0 1.000000
0  -9.453907 6.131459 0.632096  0.000001 0.000000 1.000000  0.531064 0.755555 1 0 1.000000
walllight001a
0  -6.158407 4.163008 0.632096  0.000001 0.000001 1.000000  0.611381 0.707033 1 0 1.000000
0  -5.394180 3.975084 0.632095  0.000000 0.000000 1.000000  0.630081 0.702435 1 0 1.000000
0  -9.448175 9.552507 0.632095  0.000000 0.000000 1.000000  0.531202 0.839077 1 0 1.000000
walllight001a
0  -5.394180 3.975084 0.632095  0.000000 0.000000 1.000000  0.630081 0.702435 1 0 1.000000
0  -4.620407 3.856251 0.632095  0.000000 0.000000 1.000000  0.649015 0.699527 1 0 1.000000
0  -9.448175 9.552507 0.632095  0.000000 0.000000 1.000000  0.531202 0.839077 1 0 1.000000
walllight001a
0  -4.620407 3.856251 0.632095  0.000000 0.000000 1.000000  0.649015 0.699527 1 0 1.000000
0  -3.838527 3.806291 0.632095  0.000000 0.000000 1.000000  0.668145 0.698305 1 0 1.000000
0  -9.448175 9.552507 0.632095  0.000000 0.000000 1.000000  0.531202 0.839077 1 0 1.000000
walllight001a
0  -2.785325 3.804615 0.632095  0.000000 0.000000 1.000000  0.693869 0.698264 1 0 1.000000
0  2.781746 3.804615 0.632094  0.000000 0.000000 1.000000  0.829783 0.698264 1 0 1.000000
0  -9.448175 9.552507 0.632095  0.000000 0.000000 1.000000  0.531202 0.839077 1 0 1.000000
walllight001a
0  2.781746 3.804615 0.632094  0.000000 0.000000 1.000000  0.829783 0.698264 1 0 1.000000
0  3.834949 3.806292 0.632094  0.000000 0.000000 1.000000  0.855507 0.698305 1 0 1.000000
0  9.492537 9.552510 0.632093  0.000000 0.000000 1.000000  0.994105 0.839078 1 0 1.000000
walllight001a
0  3.834949 3.806292 0.632094  0.000000 0.000000 1.000000  0.855507 0.698305 1 0 1.000000
0  4.616829 3.856252 0.632094  0.000000 0.000000 1.000000  0.874637 0.699527 1 0 1.000000
0  9.492537 9.552510 0.632093  0.000000 0.000000 1.000000  0.994105 0.839078 1 0 1.000000
walllight001a
0  -11.620240 9.436556 -3.939886  -0.078959 -0.996874 -0.002611  0.021127 0.902406 1 0 1.000000
0  -11.620240 9.436556 3.900801  -0.079021 -0.996870 0.002584  0.212529 0.902406 1 0 1.000000
0  -11.675010 9.491737 3.902632  -0.996970 -0.070258 0.033381  0.212583 0.904571 1 0 1.000000
walllight001a
0  -10.019933 5.256012 4.244130  -0.932562 -0.353379 0.073828  0.220906 0.768376 1 0 1.000000
0  -9.635873 4.669755 4.244131  -0.690597 -0.719458 0.073862  0.220902 0.751155 1 0 1.000000
0  -9.597970 4.709597 4.299106  -0.054520 -0.056755 0.996898  0.223064 0.751165 1 0 1.000000
walllight001a
0  9.591704 4.709599 -4.338192  0.054455 -0.056688 -0.996906  0.223062 0.563660 1 0 1.000000
0  9.962085 5.275079 -4.338192  0.073212 -0.027998 -0.996923  0.223061 0.580846 1 0 1.000000
0  10.013666 5.256016 -4.283217  0.932532 -0.353462 -0.073818  0.220905 0.580870 1 0 1.000000
walllight001a
0  -9.968350 5.275075 -4.338189  -0.072288 -0.030801 -0.996908  0.010594 0.768346 1 0 1.000000
0  -10.019933 5.256013 -4.283214  -0.932570 -0.353372 -0.073768  0.012751 0.768370 1 0 1.000000
0  -10.134326 5.760455 -4.283214  -0.994469 -0.074630 -0.073908  0.012747 0.781008 1 0 1.000000
walllight001a
0  5.507451 3.416105 4.671241  -0.192796 -0.035597 0.980593  0.288918 0.500258 1 0 1.000000
0  6.312905 3.614286 4.763642  -0.056341 -0.014740 0.998303  0.286668 0.520492 1 0 1.000000
0  6.155154 4.163103 4.763978  -0.057049 -0.015082 0.998257  0.273033 0.520494 1 0 1.000000
walllight001a
0  8.897203 4.250265 -4.065064  0.300537 -0.953561 -0.019998  0.215597 0.542941 1 0 1.000000
0  8.828790 4.282100 -4.079289  -0.879653 -0.402206 -0.253852  0.216237 0.540915 1 0 1.000000
0  8.890748 4.306885 -4.223123  -0.707112 -0.353197 -0.612572  0.219968 0.542770 1 0 1.000000
walllight001a
0  9.554452 4.748748 4.299103  -0.000018 -0.000015 1.000000  0.009279 0.563676 1 0 1.000000
0  9.591704 4.709599 4.299103  0.055613 -0.055585 0.996904  0.010591 0.563665 1 0 1.000000
0  9.962085 5.275078 4.299102  0.072261 -0.030726 0.996912  0.010593 0.580851 1 0 1.000000
walllight001a
0  -11.575892 9.491365 4.199986  -0.705636 -0.071643 0.704943  0.220305 0.901826 1 0 1.000000
0  -11.451995 9.490902 4.274325  -0.320659 -0.072943 0.944382  0.222324 0.898635 1 0 1.000000
0  -11.451793 9.544927 4.274325  -0.320959 0.001212 0.947092  0.223532 0.899109 1 0 1.000000
walllight001a
0  10.109245 9.085909 -4.338192  0.070917 -0.005703 -0.997466  0.223097 0.674665 1 0 1.000000
0  10.073339 5.765860 -4.338192  0.076514 -0.005731 -0.997052  0.223067 0.593602 1 0 1.000000
0  10.019566 5.771168 -4.338192  0.000001 0.000000 -1.000000  0.224380 0.593704 1 0 1.000000
walllight001a
0  10.013667 5.256015 4.244127  0.932516 -0.353515 0.073756  0.012749 0.580876 1 0 1.000000
0  10.128060 5.760458 4.244127  0.994461 -0.074828 0.073817  0.012747 0.593514 1 0 1.000000
0  10.073340 5.765859 4.299102  0.076503 -0.005716 0.997053  0.010588 0.593608 1 0 1.000000
walllight001a
0  -2.786893 3.233479 4.162669  -0.000853 -1.000000 0.000008  0.300652 0.296469 1 0 1.000000
0  -2.786892 3.233412 -4.163039  -0.000853 -1.000000 0.000008  0.505456 0.296469 1 0 1.000000
0  2.783315 3.233413 -4.163041  0.000854 -1.000000 0.000008  0.505452 0.433109 1 0 1.000000
walllight001a
0  9.962085 5.275079 -4.338192  0.073212 -0.027998 -0.996923  0.223061 0.580846 1 0 1.000000
0  10.073339 5.765860 -4.338192  0.076514 -0.005731 -0.997052  0.223067 0.593602 1 0 1.000000
0  10.128060 5.760458 -4.283217  0.994469 -0.074665 -0.073873  0.220908 0.593508 1 0 1.000000
walllight001a
0  -10.115512 9.085906 -4.338190  -0.070925 -0.005738 -0.997465  0.010558 0.862165 1 0 1.000000
0  -10.079606 5.765856 -4.338189  -0.076600 -0.005731 -0.997045  0.010588 0.781102 1 0 1.000000
0  -10.134326 5.760455 -4.283214  -0.994469 -0.074630 -0.073908  0.012747 0.781008 1 0 1.000000
walllight001a
0  10.109245 9.085909 -4.338192  0.070917 -0.005703 -0.997466  0.223097 0.674665 1 0 1.000000
0  10.461072 9.484016 -4.338192  0.009981 -0.067374 -0.997678  0.223108 0.686933 1 0 1.000000
0  10.468047 9.429380 -4.283217  0.127469 -0.989224 -0.072031  0.220933 0.686939 1 0 1.000000
walllight001a
0  -11.650027 9.545669 4.076088  -0.947100 0.003550 0.320918  0.217570 0.905056 1 0 1.000000
0  -11.674808 9.545762 3.902632  -0.999438 0.003728 0.033317  0.212588 0.905889 1 0 1.000000
0  -11.675010 9.491737 3.902632  -0.996970 -0.070258 0.033381  0.212583 0.904571 1 0 1.000000
walllight001a
0  10.164203 9.083711 4.244127  0.994979 -0.069961 0.071577  0.012723 0.674657 1 0 1.000000
0  10.468047 9.429380 4.244127  0.127657 -0.989196 0.072074  0.012722 0.686936 1 0 1.000000
0  10.461071 9.484016 4.299102  0.009979 -0.067381 0.997677  0.010546 0.686930 1 0 1.000000
walllight001a
0  4.676942 3.288260 -4.436272  -0.267811 -0.030037 -0.963003  0.511787 0.479606 1 0 1.000000
0  4.616830 3.856254 -4.437118  -0.267810 -0.030085 -0.963002  0.525701 0.479604 1 0 1.000000
0  5.393287 3.975621 -4.671332  -0.193244 -0.035020 -0.980525  0.530669 0.500222 1 0 1.000000
walllight001a
0  10.461072 9.484016 -4.338192  0.009981 -0.067374 -0.997678  0.223108 0.686933 1 0 1.000000
0  10.109245 9.085909 -4.338192  0.070917 -0.005703 -0.997466  0.223097 0.674665 1 0 1.000000
0  10.055237 9.088068 -4.338192  0.000001 0.000000 -1.000000  0.224415 0.674689 1 0 1.000000
walllight001a
0  9.554217 4.749091 -4.773692  0.000062 -0.000032 -1.000000  0.519406 0.604510 1 0 1.000000
0  9.039199 4.424705 -4.773765  -0.001470 -0.000562 -0.999999  0.519404 0.589774 1 0 1.000000
0  8.706685 4.924045 -4.773758  -0.001586 -0.000993 -0.999998  0.533035 0.589744 1 0 1.000000
walllight001a
0  8.758788 5.533433 -2.448078  -0.000848 -0.707105 0.707108  1.243479 0.435457 1 0 1.000000
0  8.708289 5.504679 -2.419324  0.201311 -0.692631 0.692630  1.243481 0.433869 1 0 1.000000
0  8.708289 5.294089 -3.205260  0.201331 -0.946146 -0.253524  1.222920 0.433869 1 0 1.000000
walllight001a
0  2.781932 3.804616 4.162898  -0.000826 1.000000 -0.000005  0.885441 0.355551 1 0 1.000000
0  3.836892 3.806338 4.217982  -0.035782 0.999360 -0.000004  0.886604 0.377767 1 0 1.000000
0  3.834949 3.806292 0.632094  -0.032689 0.999466 0.000010  0.812331 0.377711 1 0 1.000000
walllight001a
0  10.468047 9.429380 4.244127  0.127657 -0.989196 0.072074  0.012722 0.686936 1 0 1.000000
0  11.270648 9.435274 4.244127  0.008205 -0.997128 0.075286  0.012755 0.706536 1 0 1.000000
0  11.272273 9.490256 4.299102  0.034468 -0.073720 0.996683  0.010598 0.706664 1 0 1.000000
walllight001a
0  -8.814398 4.273831 3.838830  0.912728 -0.407773 0.025473  0.211029 0.727779 1 0 1.000000
0  -8.884075 4.242511 3.837393  -0.300185 -0.953879 0.002046  0.210986 0.729924 1 0 1.000000
0  -8.884075 4.242511 -3.876477  -0.300215 -0.953869 -0.002055  0.022672 0.729918 1 0 1.000000
walllight001a
0  11.613976 9.436560 3.900798  0.078909 -0.996878 0.002669  0.021126 0.714906 1 0 1.000000
0  11.668743 9.491741 3.902628  0.996974 -0.070164 0.033463  0.021072 0.717071 1 0 1.000000
0  11.643964 9.491648 4.076086  0.944728 -0.070560 0.320173  0.016555 0.716328 1 0 1.000000
walllight001a
0  -11.650229 9.491644 -4.115174  -0.944748 -0.070533 -0.320119  0.016552 0.903835 1 0 1.000000
0  -11.598107 9.436474 -4.097442  -0.077721 -0.996660 -0.025072  0.017290 0.901849 1 0 1.000000
0  -11.620240 9.436556 -3.939886  -0.078959 -0.996874 -0.002611  0.021127 0.902406 1 0 1.000000
walllight001a
0  11.569626 9.491369 -4.239074  0.705420 -0.071629 -0.705161  0.220305 0.714328 1 0 1.000000
0  11.643964 9.491648 -4.115177  0.944753 -0.070530 -0.320105  0.217104 0.716336 1 0 1.000000
0  11.591842 9.436478 -4.097445  0.077469 -0.996675 -0.025237  0.216372 0.714366 1 0 1.000000
walllight001a
0  -11.650229 9.491644 -4.115174  -0.944748 -0.070533 -0.320119  0.016552 0.903835 1 0 1.000000
0  -11.675010 9.491737 -3.941717  -0.996959 -0.070279 -0.033663  0.021073 0.904571 1 0 1.000000
0  -11.674808 9.545762 -3.941716  -0.999438 0.003759 -0.033307  0.021068 0.905889 1 0 1.000000
walllight001a
0  -9.559837 4.749023 -4.773690  -0.000063 -0.000045 -1.000000  0.519421 0.124972 1 0 1.000000
0  -9.115002 5.239278 -4.773757  -0.000052 -0.000071 -1.000000  0.533036 0.124964 1 0 1.000000
0  -8.710265 4.924043 -4.773757  0.001586 -0.001008 -0.999998  0.533036 0.139760 1 0 1.000000
walllight001a
0  11.591843 9.436478 4.058354  0.077697 -0.996664 0.024996  0.017289 0.714348 1 0 1.000000
0  11.643964 9.491648 4.076086  0.944728 -0.070560 0.320173  0.016555 0.716328 1 0 1.000000
0  11.569626 9.491369 4.199984  0.705206 -0.071627 0.705375  0.013347 0.714331 1 0 1.000000
walllight001a
0  9.322274 5.579599 -4.773760  0.000026 -0.000050 -1.000000  0.533035 0.620113 1 0 1.000000
0  9.911595 5.293747 -4.773728  0.000016 -0.000080 -1.000000  0.519406 0.620114 1 0 1.000000
0  9.554217 4.749091 -4.773692  0.000062 -0.000032 -1.000000  0.519406 0.604510 1 0 1.000000
walllight001a
0  -9.501860 6.126251 -0.646707  0.989471 0.144730 0.000000  0.906619 0.514638 1 0 1.000000
0  -9.501858 6.126251 -4.773757  0.989470 0.144735 0.000000  0.992281 0.514593 1 0 1.000000
0  -9.496119 9.552507 -4.773758  0.999999 -0.001675 0.000000  0.992274 0.586753 1 0 1.000000
walllight001a
0  11.445729 9.490906 -4.313413  0.320424 -0.072968 -0.944460  0.222313 0.711136 1 0 1.000000
0  11.445527 9.544930 -4.313413  0.320911 0.001207 -0.947108  0.223551 0.711614 1 0 1.000000
0  11.569424 9.545395 -4.239074  0.707111 0.002645 -0.707098  0.221239 0.715265 1 0 1.000000
walllight001a
0  -9.046411 4.425205 4.773393  -0.413160 -0.910659 0.000007  0.286689 0.139731 1 0 1.000000
0  -9.046435 4.425143 -4.773761  -0.413156 -0.910660 0.000007  0.519419 0.139730 1 0 1.000000
0  -6.316501 3.614219 -4.764013  -0.262774 -0.964857 0.000007  0.519419 0.209085 1 0 1.000000
walllight001a
0  11.445728 9.490906 4.274323  0.320399 -0.072919 0.944472  0.011333 0.711138 1 0 1.000000
0  11.272273 9.490256 4.299102  0.034468 -0.073720 0.996683  0.010598 0.706664 1 0 1.000000
0  11.270648 9.435274 4.244127  0.008205 -0.997128 0.075286  0.012755 0.706536 1 0 1.000000
walllight001a
0  5.390602 3.975085 0.632094  -0.195475 0.980709 -0.000015  0.812330 0.410685 1 0 1.000000
0  5.393286 3.975621 4.671332  -0.201625 0.979463 0.000015  0.896143 0.410750 1 0 1.000000
0  6.155154 4.163103 4.763978  -0.263380 0.964692 0.000012  0.898092 0.427261 1 0 1.000000
walllight001a
0  12.787518 9.542598 3.779803  0.823651 0.000002 -0.567097  0.145786 0.516074 1 0 1.000000
0  12.818350 9.542598 3.866636  0.942357 0.000003 -0.334608  0.145786 0.513825 1 0 1.000000
0  12.817197 9.232998 3.863387  0.860908 -0.282368 -0.423209  0.153351 0.513911 1 0 1.000000
walllight001a
0  -9.917315 5.294168 -4.773726  -0.000020 -0.000056 -1.000000  0.519421 0.109548 1 0 1.000000
0  -10.025187 5.770722 -4.773763  0.000051 -0.000044 -1.000000  0.519419 0.097603 1 0 1.000000
0  -9.501858 6.126251 -4.773757  0.000006 -0.000013 -1.000000  0.533036 0.097587 1 0 1.000000
walllight001a
0  8.808135 4.273834 -3.877916  -0.912745 -0.407683 -0.026286  0.211025 0.540275 1 0 1.000000
0  8.828790 4.282100 -4.079289  -0.879653 -0.402206 -0.253852  0.216237 0.540915 1 0 1.000000
0  8.897203 4.250265 -4.065064  0.300537 -0.953561 -0.019998  0.215597 0.542941 1 0 1.000000
walllight001a
0  9.061131 4.374955 4.291900  -0.111384 -0.132030 0.984968  0.010838 0.547674 1 0 1.000000
0  9.039252 4.424261 4.291911  -0.143032 -0.062866 0.987719  0.009552 0.547535 1 0 1.000000
0  8.917105 4.375485 4.234376  -0.571586 -0.229059 0.787922  0.011372 0.543397 1 0 1.000000
walllight001a
0  9.087872 5.221983 -0.646709  0.000000 0.000000 -1.000000  1.984090 0.733015 1 0 1.000000
0  8.706684 4.924045 -0.646709  0.000000 0.000000 -1.000000  1.974586 0.725620 1 0 1.000000
0  9.322274 5.579599 -0.646709  0.000000 0.000000 -1.000000  1.989907 0.741886 1 0 1.000000
walllight001a
0  8.706684 4.924045 -0.646709  0.000000 0.000000 -1.000000  1.974586 0.725620 1 0 1.000000
0  6.154829 4.163009 -0.646709  0.000000 -0.000000 -1.000000  1.912270 0.707033 1 0 1.000000
0  9.498280 6.126254 -0.646709  0.000000 -0.000000 -1.000000  1.994242 0.755418 1 0 1.000000
walllight001a
0  6.154829 4.163009 -0.646709  0.000000 -0.000000 -1.000000  1.912270 0.707033 1 0 1.000000
0  5.390602 3.975085 -0.646709  -0.000001 0.000001 -1.000000  1.893571 0.702435 1 0 1.000000
0  9.492537 9.552510 -0.646710  -0.000000 -0.000000 -1.000000  1.994105 0.839078 1 0 1.000000
walllight001a
0  5.390602 3.975085 -0.646709  -0.000001 0.000001 -1.000000  1.893571 0.702435 1 0 1.000000
0  4.616829 3.856252 -0.646708  -0.000000 -0.000000 -1.000000  1.874637 0.699527 1 0 1.000000
0  9.492537 9.552510 -0.646710  -0.000000 -0.000000 -1.000000  1.994105 0.839078 1 0 1.000000
walllight001a
0  4.616829 3.856252 -0.646708  -0.000000 -0.000000 -1.000000  1.874637 0.699527 1 0 1.000000
0  3.834949 3.806292 -0.646708  -0.000000 -0.000000 -1.000000  1.855507 0.698305 1 0 1.000000
0  9.492537 9.552510 -0.646710  -0.000000 -0.000000 -1.000000  1.994105 0.839078 1 0 1.000000
walllight001a
0  3.834949 3.806292 -0.646708  -0.000000 -0.000000 -1.000000  1.855507 0.698305 1 0 1.000000
0  2.781746 3.804615 -0.646708  -0.000000 -0.000000 -1.000000  1.829783 0.698264 1 0 1.000000
0  9.492537 9.552510 -0.646710  -0.000000 -0.000000 -1.000000  1.994105 0.839078 1 0 1.000000
walllight001a
0  2.781746 3.804615 -0.646708  -0.000000 -0.000000 -1.000000  1.829783 0.698264 1 0 1.000000
0  -2.785325 3.804615 -0.646707  -0.000000 -0.000000 -1.000000  1.693869 0.698264 1 0 1.000000
0  -9.496119 9.552507 -0.646707  -0.000000 -0.000000 -1.000000  1.529547 0.839078 1 0 1.000000
walllight001a
0  -2.785325 3.804615 -0.646707  -0.000000 -0.000000 -1.000000  1.693869 0.698264 1 0 1.000000
0  -3.838527 3.806291 -0.646707  -0.000000 0.000000 -1.000000  1.668145 0.698305 1 0 1.000000
0  -9.496119 9.552507 -0.646707  -0.000000 -0.000000 -1.000000  1.529547 0.839078 1 0 1.000000
walllight001a
0  -3.838527 3.806291 -0.646707  -0.000000 0.000000 -1.000000  1.668145 0.698305 1 0 1.000000
0  -4.620407 3.856251 -0.646707  0.000000 0.000000 -1.000000  1.649015 0.699527 1 0 1.000000
0  -9.496119 9.552507 -0.646707  -0.000000 -0.000000 -1.000000  1.529547 0.839078 1 0 1.000000
walllight001a
0  -4.620407 3.856251 -0.646707  0.000000 0.000000 -1.000000  1.649015 0.699527 1 0 1.000000
0  -5.394180 3.975084 -0.646707  -0.000000 0.000000 -1.000000  1.630082 0.702435 1 0 1.000000
0  -9.496119 9.552507 -0.646707  -0.000000 -0.000000 -1.000000  1.529547 0.839078 1 0 1.000000
walllight001a
0  -5.394180 3.975084 -0.646707  -0.000000 0.000000 -1.000000  1.630082 0.702435 1 0 1.000000
0  -6.158407 4.163008 -0.646707  0.000000 0.000000 -1.000000  1.611382 0.707033 1 0 1.000000
0  -9.496119 9.552507 -0.646707  -0.000000 -0.000000 -1.000000  1.529547 0.839078 1 0 1.000000
walllight001a
0  -6.158407 4.163008 -0.646707  0.000000 0.000000 -1.000000  1.611382 0.707033 1 0 1.000000
0  -8.710264 4.924042 -0.646707  -0.000000 0.000000 -1.000000  1.549066 0.725620 1 0 1.000000
0  -9.501860 6.126251 -0.646707  0.000000 0.000000 -1.000000  1.529410 0.755419 1 0 1.000000
walllight001a
0  -9.496119 9.552507 -0.646707  -0.000000 -0.000000 -1.000000  1.529547 0.839078 1 0 1.000000
0  -6.158407 4.163008 -0.646707  0.000000 0.000000 -1.000000  1.611382 0.707033 1 0 1.000000
0  -9.501860 6.126251 -0.646707  0.000000 0.000000 -1.000000  1.529410 0.755419 1 0 1.000000
walllight001a
0  -8.710264 4.924042 -0.646707  -0.000000 0.000000 -1.000000  1.549066 0.725620 1 0 1.000000
0  -9.115003 5.239278 -0.646707  -0.000001 0.000000 -1.000000  1.538984 0.733438 1 0 1.000000
0  -9.328071 5.548439 -0.646707  -0.000000 0.000000 -1.000000  1.533699 0.741103 1 0 1.000000
walllight001a
0  -9.328071 5.548439 -0.646707  -0.000000 0.000000 -1.000000  1.533699 0.741103 1 0 1.000000
0  -9.501860 6.126251 -0.646707  0.000000 0.000000 -1.000000  1.529410 0.755419 1 0 1.000000
0  -8.710264 4.924042 -0.646707  -0.000000 0.000000 -1.000000  1.549066 0.725620 1 0 1.000000
walllight001a
0  -9.496119 9.552507 -0.646707  -0.000000 -0.000000 -1.000000  1.529547 0.839078 1 0 1.000000
0  9.492537 9.552510 -0.646710  -0.000000 -0.000000 -1.000000  1.994105 0.839078 1 0 1.000000
0  2.781746 3.804615 -0.646708  -0.000000 -0.000000 -1.000000  1.829783 0.698264 1 0 1.000000
walllight001a
0  9.492537 9.552510 -0.646710  -0.000000 -0.000000 -1.000000  1.994105 0.839078 1 0 1.000000
0  9.498280 6.126254 -0.646709  0.000000 -0.000000 -1.000000  1.994242 0.755418 1 0 1.000000
0  6.154829 4.163009 -0.646709  0.000000 -0.000000 -1.000000  1.912270 0.707033 1 0 1.000000
walllight001a
0  9.962085 5.275079 -4.338192  0.073212 -0.027998 -0.996923  0.223061 0.580846 1 0 1.000000
0  9.591704 4.709599 -4.338192  0.054455 -0.056688 -0.996906  0.223062 0.563660 1 0 1.000000
0  9.554452 4.748749 -4.338192  -0.000007 -0.000005 -1.000000  0.224373 0.563670 1 0 1.000000
walllight001a
0  -9.968350 5.275075 -4.338189  -0.072288 -0.030801 -0.996908  0.010594 0.768346 1 0 1.000000
0  -10.079606 5.765856 -4.338189  -0.076600 -0.005731 -0.997045  0.010588 0.781102 1 0 1.000000
0  -10.025830 5.771164 -4.338189  0.000007 -0.000000 -1.000000  0.009275 0.781204 1 0 1.000000
walllight001a
0  8.758788 9.169101 3.188399  -0.000836 0.965927 0.258812  0.050883 0.439297 1 0 1.000000
0  8.809152 9.208380 3.198924  -0.201742 0.946068 0.253488  0.050883 0.440886 1 0 1.000000
0  8.809152 8.997789 2.412989  -0.201807 0.692557 -0.692560  0.030438 0.440886 1 0 1.000000
walllight001a
0  9.962085 5.275079 -4.338192  0.073212 -0.027998 -0.996923  0.223061 0.580846 1 0 1.000000
0  9.911395 5.293814 -4.338192  -0.000007 0.000000 -1.000000  0.224371 0.580827 1 0 1.000000
0  10.019566 5.771168 -4.338192  0.000001 0.000000 -1.000000  0.224380 0.593704 1 0 1.000000
walllight001a
0  -8.803674 6.655365 -3.570014  0.201784 0.692562 -0.692561  1.050883 0.532476 1 0 1.000000
0  -8.803674 5.869431 -3.780605  0.201759 -0.253522 -0.946055  1.071334 0.532476 1 0 1.000000
0  -9.574084 5.869431 -3.780605  0.000000 -0.258818 -0.965926  1.071334 0.513452 1 0 1.000000
walllight001a
0  9.061131 4.374955 4.291900  -0.111384 -0.132030 0.984968  0.010838 0.547674 1 0 1.000000
0  8.937212 4.325459 4.234376  -0.540733 -0.297006 0.787017  0.012371 0.544137 1 0 1.000000
0  8.988995 4.286952 4.190358  0.325338 -0.943519 0.062675  0.014073 0.545374 1 0 1.000000
walllight001a
0  -10.025120 5.770727 4.773392  -0.000617 -0.000131 1.000000  0.286689 0.097603 1 0 1.000000
0  -9.917253 5.294194 4.773355  -0.000565 -0.000304 1.000000  0.286687 0.109550 1 0 1.000000
0  -9.328070 5.548440 4.773761  -0.000559 -0.000280 1.000000  0.273068 0.109550 1 0 1.000000
walllight001a
0  9.322274 5.579599 -4.773760  -0.902247 0.431219 0.000000  0.992278 0.091197 1 0 1.000000
0  9.087871 5.221982 -4.773760  -0.735909 0.677081 0.000000  0.992279 0.100256 1 0 1.000000
0  9.087872 5.221983 -0.646709  -0.735909 0.677080 -0.000000  0.906619 0.100267 1 0 1.000000
walllight001a
0  -10.061503 9.088065 -4.338190  0.000000 -0.000000 -1.000000  0.009240 0.862189 1 0 1.000000
0  -10.025830 5.771164 -4.338189  0.000007 -0.000000 -1.000000  0.009275 0.781204 1 0 1.000000
0  -10.079606 5.765856 -4.338189  -0.076600 -0.005731 -0.997045  0.010588 0.781102 1 0 1.000000
walllight001a
0  -11.598107 9.436474 -4.097442  -0.077721 -0.996660 -0.025072  0.017290 0.901849 1 0 1.000000
0  -11.650229 9.491644 -4.115174  -0.944748 -0.070533 -0.320119  0.016552 0.903835 1 0 1.000000
0  -11.575892 9.491365 -4.239071  -0.705401 -0.071684 -0.705174  0.013346 0.901831 1 0 1.000000
walllight001a
0  -10.115512 9.085906 -4.338190  -0.070925 -0.005738 -0.997465  0.010558 0.862165 1 0 1.000000
0  -10.467338 9.484015 -4.338190  -0.009973 -0.067446 -0.997673  0.010547 0.874433 1 0 1.000000
0  -10.460492 9.537707 -4.338190  -0.000001 0.000000 -1.000000  0.009227 0.874343 1 0 1.000000
walllight001a
0  -11.276914 9.435270 4.244130  -0.008140 -0.997130 0.075276  0.220900 0.894035 1 0 1.000000
0  -10.474313 9.429379 4.244130  -0.127533 -0.989209 0.072114  0.220933 0.874436 1 0 1.000000
0  -10.467338 9.484015 4.299105  -0.009963 -0.067466 0.997672  0.223109 0.874430 1 0 1.000000
walllight001a
0  4.616829 3.856253 4.437104  -0.267758 -0.030672 0.962998  0.280366 0.479604 1 0 1.000000
0  4.676938 3.288333 4.435936  -0.267727 -0.030607 0.963009  0.294285 0.479606 1 0 1.000000
0  5.507451 3.416105 4.671241  -0.192796 -0.035597 0.980593  0.288918 0.500258 1 0 1.000000
walllight001a
0  8.809151 8.211854 -2.208734  -0.201743 -0.253476 0.946070  1.132698 0.440886 1 0 1.000000
0  8.758788 8.222379 -2.248013  -0.000856 -0.258830 0.965923  1.132426 0.439297 1 0 1.000000
0  8.758788 7.675789 -2.794603  -0.000853 -0.965924 0.258826  1.112231 0.439297 1 0 1.000000
walllight001a
0  12.814477 9.220998 3.871218  -0.251841 -0.427751 -0.868104  0.253660 0.511549 1 0 1.000000
0  12.814477 9.069302 3.871218  -0.305393 -0.385255 -0.870812  0.257363 0.511539 1 0 1.000000
0  12.299386 9.069302 4.480484  -0.909537 -0.384077 -0.158830  0.257420 0.531017 1 0 1.000000
walllight001a
0  -10.467338 9.484015 4.299105  -0.009963 -0.067466 0.997672  0.223109 0.874430 1 0 1.000000
0  -10.460490 9.537707 4.299105  -0.000000 0.000000 1.000000  0.224429 0.874340 1 0 1.000000
0  -11.278337 9.544277 4.299105  -0.033356 0.000125 0.999444  0.224372 0.894205 1 0 1.000000
walllight001a
0  12.202572 9.069302 -4.276031  -0.774574 -0.339997 -0.533326  0.180763 0.505251 1 0 1.000000
0  12.202571 9.542598 -4.276031  -0.808134 -0.000001 -0.588999  0.169209 0.505247 1 0 1.000000
0  12.210657 9.542598 -4.282559  -0.405361 0.000000 -0.914157  0.169209 0.504993 1 0 1.000000
walllight001a
0  11.643762 9.545672 4.076086  0.947095 0.003523 0.320935  0.016085 0.717573 1 0 1.000000
0  11.643964 9.491648 4.076086  0.944728 -0.070560 0.320173  0.016555 0.716328 1 0 1.000000
0  11.668743 9.491741 3.902628  0.996974 -0.070164 0.033463  0.021072 0.717071 1 0 1.000000
walllight001a
0  -9.000271 4.348147 -4.309419  0.340560 -0.222981 -0.913399  0.011405 0.733253 1 0 1.000000
0  -9.067394 4.374952 -4.330986  0.109353 -0.131376 -0.985283  0.010840 0.735167 1 0 1.000000
0  -9.045515 4.424259 -4.330997  0.142976 -0.062840 -0.987729  0.009554 0.735028 1 0 1.000000
walllight001a
0  -8.841936 4.342965 4.119309  0.848063 -0.318240 0.423689  0.218918 0.728076 1 0 1.000000
0  -8.923368 4.375482 4.234379  0.571557 -0.229509 0.787813  0.222290 0.730886 1 0 1.000000
0  -8.943476 4.325456 4.234379  0.541551 -0.297493 0.786270  0.221293 0.731625 1 0 1.000000
walllight001a
0  9.039252 4.424261 -4.331000  -0.142932 -0.062942 -0.987729  0.224101 0.547527 1 0 1.000000
0  9.061131 4.374954 -4.330989  -0.109387 -0.131148 -0.985309  0.222815 0.547665 1 0 1.000000
0  8.994007 4.348150 -4.309422  -0.340623 -0.223015 -0.913367  0.222250 0.545749 1 0 1.000000
walllight001a
0  -8.897011 4.306882 -4.223121  0.707024 -0.353274 -0.612630  0.013693 0.730287 1 0 1.000000
0  -8.877562 4.357192 -4.223120  0.737429 -0.285102 -0.612303  0.012852 0.729315 1 0 1.000000
0  -8.816488 4.332803 -4.079284  0.908255 -0.333219 -0.253058  0.017015 0.727171 1 0 1.000000
walllight001a
0  6.154829 4.163009 -0.646709  -0.262366 0.964969 0.000002  0.906620 0.166509 1 0 1.000000
0  8.706684 4.924045 -0.646709  -0.458785 0.888547 -0.000000  0.906620 0.110464 1 0 1.000000
0  8.706685 4.924045 -4.773758  -0.458981 0.888446 -0.000000  0.992282 0.110401 1 0 1.000000
walllight001a
0  8.835672 4.342968 4.119308  -0.848057 -0.318261 0.423685  0.014732 0.540573 1 0 1.000000
0  8.854608 4.292430 4.119310  -0.817190 -0.386158 0.427881  0.015361 0.541706 1 0 1.000000
0  8.937212 4.325459 4.234376  -0.540733 -0.297006 0.787017  0.012371 0.544137 1 0 1.000000
walllight001a
0  8.789867 4.324677 -3.877915  -0.940871 -0.337820 -0.025269  0.211029 0.538955 1 0 1.000000
0  8.810225 4.332806 -4.079286  -0.908155 -0.333067 -0.253617  0.216636 0.539670 1 0 1.000000
0  8.828790 4.282100 -4.079289  -0.879653 -0.402206 -0.253852  0.216237 0.540915 1 0 1.000000
walllight001a
0  -8.816488 4.332803 -4.079284  0.908255 -0.333219 -0.253058  0.017015 0.727171 1 0 1.000000
0  -8.796131 4.324674 -3.877913  0.940802 -0.338005 -0.025375  0.022626 0.726455 1 0 1.000000
0  -8.814398 4.273831 -3.877913  0.912749 -0.407698 -0.025918  0.022629 0.727774 1 0 1.000000
walllight001a
0  -8.814398 4.273831 3.838830  0.912728 -0.407773 0.025473  0.211029 0.727779 1 0 1.000000
0  -8.814398 4.273831 -3.877913  0.912749 -0.407698 -0.025918  0.022629 0.727774 1 0 1.000000
0  -8.796131 4.324674 -3.877913  0.940802 -0.338005 -0.025375  0.022626 0.726455 1 0 1.000000
walllight001a
0  -11.575690 9.545390 4.199986  -0.707107 0.002645 0.707102  0.221239 0.902763 1 0 1.000000
0  -11.650027 9.545669 4.076088  -0.947100 0.003550 0.320918  0.217570 0.905056 1 0 1.000000
0  -11.650229 9.491644 4.076088  -0.944741 -0.070613 0.320123  0.217104 0.903845 1 0 1.000000
walllight001a
0  8.809151 8.211854 -2.208734  -0.201743 -0.253476 0.946070  1.009970 0.440886 1 0 1.000000
0  8.809151 8.997788 -2.419325  -0.201759 0.692573 0.692558  1.030437 0.440886 1 0 1.000000
0  8.758787 8.969035 -2.448079  -0.000827 0.707104 0.707109  1.030439 0.439297 1 0 1.000000
walllight001a
0  11.445729 9.490906 -4.313413  0.320424 -0.072968 -0.944460  0.222313 0.711136 1 0 1.000000
0  11.569626 9.491369 -4.239074  0.705420 -0.071629 -0.705161  0.220305 0.714328 1 0 1.000000
0  11.530656 9.436248 -4.199898  0.059173 -0.996673 -0.056042  0.218844 0.712855 1 0 1.000000
walllight001a
0  -11.434469 9.435862 -4.261083  -0.028808 -0.996856 -0.073815  0.013307 0.897882 1 0 1.000000
0  -11.451995 9.490902 -4.313410  -0.320413 -0.073031 -0.944458  0.011341 0.898638 1 0 1.000000
0  -11.278539 9.490252 -4.338190  -0.033832 -0.073819 -0.996698  0.010599 0.894164 1 0 1.000000
walllight001a
0  -12.757977 9.069300 3.821063  -0.455790 -0.384854 -0.802585  0.204682 0.452549 1 0 1.000000
0  -12.757977 9.220996 3.821062  -0.532439 -0.059718 -0.844359  0.200967 0.452482 1 0 1.000000
0  -12.751986 9.220996 3.821067  0.364307 -0.379576 -0.850413  0.200975 0.452337 1 0 1.000000
walllight001a
0  11.643762 9.545673 -4.115177  0.947104 0.003555 -0.320907  0.217573 0.717580 1 0 1.000000
0  11.643964 9.491648 -4.115177  0.944753 -0.070530 -0.320105  0.217104 0.716336 1 0 1.000000
0  11.569626 9.491369 -4.239074  0.705420 -0.071629 -0.705161  0.220305 0.714328 1 0 1.000000
walllight001a
0  8.813296 4.275900 3.946706  -0.906010 -0.407308 0.115094  0.019838 0.540440 1 0 1.000000
0  8.854608 4.292430 4.119310  -0.817190 -0.386158 0.427881  0.015361 0.541706 1 0 1.000000
0  8.835672 4.342968 4.119308  -0.848057 -0.318261 0.423685  0.014732 0.540573 1 0 1.000000
walllight001a
0  9.035625 4.305589 -4.258548  0.341003 -0.937283 -0.072227  0.220294 0.546564 1 0 1.000000
0  8.994007 4.348150 -4.309422  -0.340623 -0.223015 -0.913367  0.222250 0.545749 1 0 1.000000
0  9.061131 4.374954 -4.330989  -0.109387 -0.131148 -0.985309  0.222815 0.547665 1 0 1.000000
walllight001a
0  6.312905 3.614286 4.763642  -0.056341 -0.014740 0.998303  0.286668 0.520492 1 0 1.000000
0  9.039171 4.424766 4.773391  -0.001009 -0.001425 0.999999  0.286668 0.589774 1 0 1.000000
0  8.706684 4.924045 4.773758  -0.001345 -0.001549 0.999998  0.273033 0.589745 1 0 1.000000
walllight001a
0  6.155155 4.163103 -4.763978  -0.057535 -0.014312 -0.998241  0.533036 0.520493 1 0 1.000000
0  6.312926 3.614222 -4.764015  -0.056549 -0.014078 -0.998301  0.519404 0.520491 1 0 1.000000
0  5.507473 3.416043 -4.671615  -0.192882 -0.034978 -0.980598  0.517155 0.500259 1 0 1.000000
walllight001a
0  9.092891 4.328477 4.237604  0.399015 -0.913392 0.080635  0.012918 0.548072 1 0 1.000000
0  9.629607 4.669757 4.244128  0.690647 -0.719420 0.073766  0.012753 0.563655 1 0 1.000000
0  9.591704 4.709599 4.299103  0.055613 -0.055585 0.996904  0.010591 0.563665 1 0 1.000000
walllight001a
0  9.554452 4.748748 4.299103  -0.000018 -0.000015 1.000000  0.009279 0.563676 1 0 1.000000
0  9.039252 4.424261 4.291911  -0.143032 -0.062866 0.987719  0.009552 0.547535 1 0 1.000000
0  9.061131 4.374955 4.291900  -0.111384 -0.132030 0.984968  0.010838 0.547674 1 0 1.000000
walllight001a
0  -8.710264 4.924042 0.632096  0.458028 0.888938 -0.000000  0.812331 0.110623 1 0 1.000000
0  -9.115003 5.239278 0.632096  0.727415 0.686197 -0.000000  0.812330 0.099794 1 0 1.000000
0  -9.115002 5.239278 4.773761  0.727412 0.686201 -0.000000  0.898297 0.099796 1 0 1.000000
walllight001a
0  2.781933 3.804617 -4.162897  -0.025902 0.000060 -0.999664  0.519448 0.433101 1 0 1.000000
0  2.783315 3.233413 -4.163041  -0.025886 0.000189 -0.999665  0.505452 0.433109 1 0 1.000000
0  -2.786892 3.233412 -4.163039  0.026037 0.000058 -0.999661  0.505456 0.296469 1 0 1.000000
walllight001a
0  6.155154 4.163103 4.763978  -0.263380 0.964692 0.000012  0.898092 0.427261 1 0 1.000000
0  8.706684 4.924045 4.773758  -0.458983 0.888445 -0.000000  0.898301 0.483361 1 0 1.000000
0  8.706684 4.924044 0.632093  -0.458785 0.888547 0.000000  0.812330 0.483298 1 0 1.000000
walllight001a
0  -9.046411 4.425205 4.773393  0.001100 -0.001387 0.999998  0.286689 0.139731 1 0 1.000000
0  -6.316483 3.614285 4.763644  0.056371 -0.014712 0.998302  0.286689 0.209086 1 0 1.000000
0  -6.158731 4.163101 4.763979  0.057242 -0.014994 0.998248  0.273068 0.209084 1 0 1.000000
walllight001a
0  10.073339 5.765860 -4.338192  0.076514 -0.005731 -0.997052  0.223067 0.593602 1 0 1.000000
0  10.109245 9.085909 -4.338192  0.070917 -0.005703 -0.997466  0.223097 0.674665 1 0 1.000000
0  10.164203 9.083712 -4.283217  0.994945 -0.070409 -0.071603  0.220932 0.674660 1 0 1.000000
walllight001a
0  3.849902 3.235271 4.217887  0.035747 -0.999361 0.000008  0.299248 0.459328 1 0 1.000000
0  3.849911 3.235204 -4.218260  0.035746 -0.999361 0.000008  0.506845 0.459328 1 0 1.000000
0  4.676942 3.288260 -4.436272  0.115552 -0.993302 0.000008  0.511787 0.479606 1 0 1.000000
walllight001a
0  -9.496119 9.552507 4.773761  0.999999 -0.001675 -0.000000  0.898292 0.007009 1 0 1.000000
0  -9.501858 6.126251 4.773761  0.989470 0.144735 -0.000000  0.898299 0.079169 1 0 1.000000
0  -9.501860 6.126251 0.632096  0.989471 0.144730 -0.000000  0.812330 0.079124 1 0 1.000000
walllight001a
0  9.087871 5.221984 4.773758  0.000471 -0.000429 1.000000  0.273033 0.604517 1 0 1.000000
0  9.554171 4.749137 4.773318  0.000488 -0.000449 1.000000  0.286666 0.604509 1 0 1.000000
0  9.911533 5.293772 4.773353  0.000551 -0.000295 1.000000  0.286667 0.620113 1 0 1.000000
walllight001a
0  9.911533 5.293772 4.773353  0.920541 -0.390647 0.000007  0.286667 0.620113 1 0 1.000000
0  9.911595 5.293747 -4.773728  0.920539 -0.390651 0.000007  0.519406 0.620114 1 0 1.000000
0  10.019215 5.770532 -4.773766  0.993464 -0.114150 0.000007  0.519404 0.632087 1 0 1.000000
walllight001a
0  -11.278539 9.490252 -4.338190  -0.033832 -0.073819 -0.996698  0.010599 0.894164 1 0 1.000000
0  -10.467338 9.484015 -4.338190  -0.009973 -0.067446 -0.997673  0.010547 0.874433 1 0 1.000000
0  -10.474313 9.429379 -4.283215  -0.127798 -0.989173 -0.072136  0.012723 0.874439 1 0 1.000000
walllight001a
0  -11.451793 9.544927 -4.313410  -0.320916 0.001200 -0.947107  0.010102 0.899115 1 0 1.000000
0  -11.278337 9.544277 -4.338190  -0.033328 -0.000038 -0.999444  0.009280 0.894207 1 0 1.000000
0  -11.278539 9.490252 -4.338190  -0.033832 -0.073819 -0.996698  0.010599 0.894164 1 0 1.000000
walllight001a
0  10.461072 9.484016 -4.338192  0.009981 -0.067374 -0.997678  0.223108 0.686933 1 0 1.000000
0  11.272273 9.490256 -4.338192  0.033866 -0.073718 -0.996704  0.223057 0.706663 1 0 1.000000
0  11.270649 9.435275 -4.283218  0.008177 -0.997128 -0.075293  0.220899 0.706536 1 0 1.000000
walllight001a
0  -5.511050 3.416040 -4.671614  0.192882 -0.034915 -0.980601  0.517167 0.229318 1 0 1.000000
0  -5.396864 3.975621 -4.671330  0.193278 -0.035003 -0.980520  0.530681 0.229355 1 0 1.000000
0  -4.620407 3.856252 -4.437102  0.267854 -0.030050 -0.962991  0.525711 0.249972 1 0 1.000000
walllight001a
0  -3.853488 3.235203 -4.218259  0.156988 -0.008689 -0.987562  0.506853 0.270262 1 0 1.000000
0  -4.680520 3.288266 -4.436305  0.267793 -0.029995 -0.963009  0.511798 0.249970 1 0 1.000000
0  -4.620407 3.856252 -4.437102  0.267854 -0.030050 -0.962991  0.525711 0.249972 1 0 1.000000
walllight001a
0  2.781932 3.804616 4.162898  -0.025902 -0.000594 0.999664  0.286662 0.433101 1 0 1.000000
0  2.783314 3.233479 4.162668  -0.025885 -0.000465 0.999665  0.300657 0.433109 1 0 1.000000
0  3.849902 3.235271 4.217887  -0.156902 -0.009387 0.987570  0.299248 0.459328 1 0 1.000000
walllight001a
0  4.676938 3.288333 4.435936  0.115544 -0.993302 0.000008  0.294285 0.479606 1 0 1.000000
0  4.676942 3.288260 -4.436272  0.115552 -0.993302 0.000008  0.511787 0.479606 1 0 1.000000
0  5.507473 3.416043 -4.671615  0.201287 -0.979532 0.000008  0.517155 0.500259 1 0 1.000000
walllight001a
0  -9.115002 5.239278 4.773761  -0.000473 -0.000454 1.000000  0.273068 0.124965 1 0 1.000000
0  -9.328070 5.548440 4.773761  -0.000559 -0.000280 1.000000  0.273068 0.109550 1 0 1.000000
0  -9.917253 5.294194 4.773355  -0.000565 -0.000304 1.000000  0.286687 0.109550 1 0 1.000000
walllight001a
0  -8.819559 4.275897 3.946708  0.905988 -0.407363 0.115071  0.213816 0.727942 1 0 1.000000
0  -8.889074 4.244509 3.940349  -0.299147 -0.954165 0.008965  0.213499 0.730055 1 0 1.000000
0  -8.884075 4.242511 3.837393  -0.300185 -0.953879 0.002046  0.210986 0.729924 1 0 1.000000
walllight001a
0  -10.025120 5.770727 4.773392  -0.993465 -0.114136 0.000007  0.286689 0.097603 1 0 1.000000
0  -10.025187 5.770722 -4.773763  -0.993465 -0.114140 0.000007  0.519419 0.097603 1 0 1.000000
0  -9.917315 5.294168 -4.773726  -0.920476 -0.390800 0.000007  0.519421 0.109548 1 0 1.000000
walllight001a
0  4.676942 3.288260 -4.436272  -0.267811 -0.030037 -0.963003  0.511787 0.479606 1 0 1.000000
0  3.849911 3.235204 -4.218260  -0.156934 -0.008782 -0.987570  0.506845 0.459328 1 0 1.000000
0  3.836893 3.806337 -4.217981  -0.158150 -0.008841 -0.987375  0.521246 0.459285 1 0 1.000000
walllight001a
0  12.636665 9.069302 4.547995  0.049332 -0.340045 0.939114  0.157364 0.493988 1 0 1.000000
0  12.301413 9.069302 4.486155  -0.602810 -0.384050 0.699376  0.157463 0.485674 1 0 1.000000
0  12.306771 9.063302 4.481042  -0.367852 -0.920535 0.131531  0.157670 0.485780 1 0 1.000000
walllight001a
0  -11.276914 9.435270 4.244130  -0.008140 -0.997130 0.075276  0.220900 0.894035 1 0 1.000000
0  -11.278539 9.490252 4.299105  -0.033747 -0.073834 0.996699  0.223058 0.894163 1 0 1.000000
0  -11.451995 9.490902 4.274325  -0.320659 -0.072943 0.944382  0.222324 0.898635 1 0 1.000000
walllight001a
0  11.445728 9.490906 4.274323  0.320399 -0.072919 0.944472  0.011333 0.711138 1 0 1.000000
0  11.445527 9.544930 4.274323  0.320956 0.001200 0.947093  0.010124 0.711608 1 0 1.000000
0  11.272071 9.544281 4.299102  0.033303 -0.000038 0.999445  0.009279 0.706707 1 0 1.000000
walllight001a
0  11.428204 9.435864 -4.261085  0.028589 -0.996852 -0.073954  0.220357 0.710376 1 0 1.000000
0  11.591842 9.436478 -4.097445  0.077469 -0.996675 -0.025237  0.216372 0.714366 1 0 1.000000
0  11.270649 9.435275 -4.283218  0.008177 -0.997128 -0.075293  0.220899 0.706536 1 0 1.000000
walllight001a
0  11.591842 9.436478 -4.097445  0.077469 -0.996675 -0.025237  0.216372 0.714366 1 0 1.000000
0  11.613975 9.436560 -3.939889  0.078951 -0.996874 -0.002902  0.212529 0.714906 1 0 1.000000
0  11.270649 9.435275 -4.283218  0.008177 -0.997128 -0.075293  0.220899 0.706536 1 0 1.000000
walllight001a
0  11.613975 9.436560 -3.939889  0.078951 -0.996874 -0.002902  0.212529 0.714906 1 0 1.000000
0  11.613976 9.436560 3.900798  0.078909 -0.996878 0.002669  0.021126 0.714906 1 0 1.000000
0  11.270648 9.435274 4.244127  0.008205 -0.997128 0.075286  0.012755 0.706536 1 0 1.000000
walllight001a
0  11.613976 9.436560 3.900798  0.078909 -0.996878 0.002669  0.021126 0.714906 1 0 1.000000
0  11.591843 9.436478 4.058354  0.077697 -0.996664 0.024996  0.017289 0.714348 1 0 1.000000
0  11.428203 9.435865 4.221994  0.029175 -0.996847 0.073784  0.013306 0.710382 1 0 1.000000
walllight001a
0  11.591843 9.436478 4.058354  0.077697 -0.996664 0.024996  0.017289 0.714348 1 0 1.000000
0  11.530656 9.436248 4.160808  0.059589 -0.996665 0.055757  0.014801 0.712857 1 0 1.000000
0  11.428203 9.435865 4.221994  0.029175 -0.996847 0.073784  0.013306 0.710382 1 0 1.000000
walllight001a
0  11.428203 9.435865 4.221994  0.029175 -0.996847 0.073784  0.013306 0.710382 1 0 1.000000
0  11.270648 9.435274 4.244127  0.008205 -0.997128 0.075286  0.012755 0.706536 1 0 1.000000
0  11.613976 9.436560 3.900798  0.078909 -0.996878 0.002669  0.021126 0.714906 1 0 1.000000
walllight001a
0  -11.575892 9.491365 -4.239071  -0.705401 -0.071684 -0.705174  0.013346 0.901831 1 0 1.000000
0  -11.650229 9.491644 -4.115174  -0.944748 -0.070533 -0.320119  0.016552 0.903835 1 0 1.000000
0  -11.650029 9.545670 -4.115174  -0.947106 0.003510 -0.320901  0.016094 0.905049 1 0 1.000000
walllight001a
0  -4.620407 3.856251 -0.646707  0.107904 0.994161 0.000004  0.906620 0.394046 1 0 1.000000
0  -4.620407 3.856252 -4.437102  0.115873 0.993264 0.000000  0.985196 0.394058 1 0 1.000000
0  -5.396864 3.975621 -4.671330  0.201614 0.979465 0.000002  0.990124 0.410591 1 0 1.000000
walllight001a
0  -12.356007 9.220996 4.509158  0.902341 -0.427275 0.056718  0.249225 0.501301 1 0 1.000000
0  -12.751986 9.220996 3.821067  0.364307 -0.379576 -0.850413  0.249277 0.481919 1 0 1.000000
0  -12.748052 9.226996 3.815871  -0.166428 -0.890067 -0.424362  0.249484 0.481857 1 0 1.000000
walllight001a
0  -3.853481 3.235270 4.217888  -0.035743 -0.999361 0.000008  0.299255 0.270262 1 0 1.000000
0  -3.853488 3.235203 -4.218259  -0.035750 -0.999361 0.000007  0.506853 0.270262 1 0 1.000000
0  -2.786892 3.233412 -4.163039  -0.000853 -1.000000 0.000008  0.505456 0.296469 1 0 1.000000
walllight001a
0  -10.025187 5.770722 -4.773763  0.000051 -0.000044 -1.000000  0.519419 0.097603 1 0 1.000000
0  -10.048516 9.552472 -4.773872  0.000203 -0.000028 -1.000000  0.519420 0.007008 1 0 1.000000
0  -9.496119 9.552507 -4.773758  0.000187 -0.000025 -1.000000  0.533036 0.007009 1 0 1.000000
walllight001a
0  8.708290 6.865958 2.777743  0.201194 0.946175 -0.253523  0.161237 0.433869 1 0 1.000000
0  8.731402 6.856019 2.780406  0.571735 0.792482 -0.212349  0.161238 0.434484 1 0 1.000000
0  8.731402 6.287951 2.212338  0.571751 0.212344 -0.792471  0.140748 0.434496 1 0 1.000000
walllight001a
0  12.082268 9.220998 -3.949670  -0.374301 -0.427763 0.822750  0.249362 0.560759 1 0 1.000000
0  12.082268 9.069302 -3.949670  -0.335279 -0.385259 0.859746  0.245659 0.560770 1 0 1.000000
0  12.869940 9.069302 -4.076545  0.586773 -0.384085 0.712865  0.245602 0.541292 1 0 1.000000
walllight001a
0  2.783314 3.233479 4.162668  -0.025885 -0.000465 0.999665  0.300657 0.433109 1 0 1.000000
0  2.781932 3.804616 4.162898  -0.025902 -0.000594 0.999664  0.286662 0.433101 1 0 1.000000
0  -2.785512 3.804615 4.162899  0.025901 -0.000594 0.999664  0.286653 0.296477 1 0 1.000000
walllight001a
0  -8.995259 4.286949 4.190361  -0.325282 -0.943533 0.062745  0.219591 0.732846 1 0 1.000000
0  -9.099154 4.328474 4.237607  -0.402705 -0.911761 0.080751  0.220737 0.735572 1 0 1.000000
0  -9.099154 4.328475 -4.276690  -0.399207 -0.913302 -0.080711  0.012922 0.735566 1 0 1.000000
walllight001a
0  8.708290 6.290614 2.202398  0.201228 0.253523 -0.946168  0.140675 0.433876 1 0 1.000000
0  -8.702809 6.290611 2.202398  -0.201310 0.253519 -0.946151  0.140675 0.008755 1 0 1.000000
0  -8.702811 6.865955 2.777742  -0.201336 0.946132 -0.253572  0.161238 0.008762 1 0 1.000000
walllight001a
0  2.781933 3.804617 -4.162897  -0.000825 1.000000 0.000005  0.979423 0.238211 1 0 1.000000
0  2.781746 3.804615 -0.646708  -0.000796 1.000000 0.000000  0.906620 0.238217 1 0 1.000000
0  3.834949 3.806292 -0.646708  -0.032696 0.999465 0.000000  0.906620 0.216051 1 0 1.000000
walllight001a
0  12.103783 9.232998 -3.779405  -0.795653 -0.299852 0.526332  0.177237 0.452242 1 0 1.000000
0  12.044799 9.232998 -3.852475  -0.849140 -0.339993 0.404186  0.177263 0.449948 1 0 1.000000
0  12.047875 9.226998 -3.858217  -0.489129 -0.868827 0.076763  0.177466 0.449880 1 0 1.000000
walllight001a
0  9.322274 5.579599 4.773758  -0.902248 0.431218 -0.000001  0.898297 0.502566 1 0 1.000000
0  9.322274 5.579599 0.632093  -0.902246 0.431221 -0.000000  0.812330 0.502545 1 0 1.000000
0  9.087872 5.221983 0.632093  -0.735909 0.677081 -0.000000  0.812330 0.493495 1 0 1.000000
walllight001a
0  -8.710264 4.924043 4.773760  0.001411 -0.001703 0.999998  0.273068 0.139760 1 0 1.000000
0  -9.115002 5.239278 4.773761  -0.000473 -0.000454 1.000000  0.273068 0.124965 1 0 1.000000
0  -9.559790 4.749071 4.773322  -0.000473 -0.000449 1.000000  0.286687 0.124969 1 0 1.000000
walllight001a
0  -9.917661 5.293811 -4.338189  -0.000000 0.000000 -1.000000  0.009284 0.768327 1 0 1.000000
0  -9.560718 4.748746 -4.338189  0.000005 -0.000008 -1.000000  0.009282 0.751170 1 0 1.000000
0  -9.597970 4.709597 -4.338189  -0.054511 -0.056734 -0.996900  0.010593 0.751160 1 0 1.000000
walllight001a
0  8.758788 6.280089 -2.248013  -0.000836 0.258813 0.965927  1.010242 0.463877 1 0 1.000000
0  8.809152 6.290614 -2.208734  -0.201802 0.253487 0.946055  1.009970 0.465466 1 0 1.000000
0  8.809152 6.865958 -2.784078  -0.201782 0.946059 0.253490  1.030438 0.465466 1 0 1.000000
walllight001a
0  8.809152 6.655368 -3.570013  -0.201753 0.692573 -0.692559  1.050883 0.465466 1 0 1.000000
0  9.579562 6.655368 -3.570013  0.000000 0.707118 -0.707095  1.050881 0.484490 1 0 1.000000
0  9.579562 5.869433 -3.780604  0.000000 -0.258803 -0.965930  1.071334 0.484490 1 0 1.000000
walllight001a
0  -12.706295 9.069300 4.509162  -0.682636 -0.340057 0.646815  0.204403 0.471868 1 0 1.000000
0  -12.927773 9.069300 4.125550  -0.901490 -0.340024 0.267768  0.204519 0.461057 1 0 1.000000
0  -12.923845 9.063300 4.120354  -0.495126 -0.868821 -0.000009  0.204725 0.460953 1 0 1.000000
walllight001a
0  11.643762 9.545672 4.076086  0.947095 0.003523 0.320935  0.016085 0.717573 1 0 1.000000
0  11.569424 9.545394 4.199984  0.707104 0.002645 0.707105  0.012415 0.715270 1 0 1.000000
0  11.569626 9.491369 4.199984  0.705206 -0.071627 0.705375  0.013347 0.714331 1 0 1.000000
walllight001a
0  6.312926 3.614222 -4.764015  -0.056549 -0.014078 -0.998301  0.519404 0.520491 1 0 1.000000
0  6.155155 4.163103 -4.763978  -0.057535 -0.014312 -0.998241  0.533036 0.520493 1 0 1.000000
0  8.706685 4.924045 -4.773758  -0.001586 -0.000993 -0.999998  0.533035 0.589744 1 0 1.000000
walllight001a
0  -8.819559 4.275897 3.946708  0.905988 -0.407363 0.115071  0.213816 0.727942 1 0 1.000000
0  -8.814398 4.273831 3.838830  0.912728 -0.407773 0.025473  0.211029 0.727779 1 0 1.000000
0  -8.796129 4.324674 3.838829  0.940614 -0.338521 0.025475  0.211033 0.726460 1 0 1.000000
walllight001a
0  8.706684 4.924045 4.773758  -0.458983 0.888445 -0.000000  0.898301 0.483361 1 0 1.000000
0  9.087871 5.221984 4.773758  -0.735911 0.677079 -0.000000  0.898297 0.493505 1 0 1.000000
0  9.087872 5.221983 0.632093  -0.735909 0.677081 -0.000000  0.812330 0.493495 1 0 1.000000
walllight001a
0  4.616829 3.856252 0.632094  -0.107904 0.994161 -0.000004  0.812331 0.394205 1 0 1.000000
0  3.834949 3.806292 0.632094  -0.032689 0.999466 0.000010  0.812331 0.377711 1 0 1.000000
0  3.836892 3.806338 4.217982  -0.035782 0.999360 -0.000004  0.886604 0.377767 1 0 1.000000
walllight001a
0  8.809153 6.865958 2.777743  -0.201638 0.946085 -0.253505  0.030437 0.465467 1 0 1.000000
0  9.579563 6.865958 2.777743  0.000000 0.965926 -0.258818  0.030422 0.484491 1 0 1.000000
0  9.579563 6.290614 2.202398  0.000000 0.258819 -0.965926  0.009908 0.484491 1 0 1.000000
walllight001a
0  4.616829 3.856252 0.632094  -0.107904 0.994161 -0.000004  0.812331 0.394205 1 0 1.000000
0  4.616829 3.856253 4.437104  -0.115873 0.993264 -0.000000  0.891214 0.394217 1 0 1.000000
0  5.393286 3.975621 4.671332  -0.201625 0.979463 0.000015  0.896143 0.410750 1 0 1.000000
walllight001a
0  8.758788 8.622510 3.734989  -0.000834 0.258816 0.965926  0.071334 0.439297 1 0 1.000000
0  8.758789 7.875854 3.534923  -0.000845 -0.707109 0.707104  0.091785 0.439297 1 0 1.000000
0  8.809152 7.847100 3.563678  -0.201820 -0.692546 0.692567  0.091785 0.440886 1 0 1.000000
walllight001a
0  -3.838527 3.806291 0.632095  0.032695 0.999465 0.000000  0.812331 0.216210 1 0 1.000000
0  -3.840472 3.806337 4.217983  0.035792 0.999359 0.000007  0.886604 0.216154 1 0 1.000000
0  -2.785512 3.804615 4.162899  0.000825 1.000000 -0.000005  0.885441 0.238370 1 0 1.000000
walllight001a
0  -8.753310 5.879955 -3.741326  0.000836 -0.258821 -0.965925  1.071332 0.534065 1 0 1.000000
0  -8.803674 5.869431 -3.780605  0.201759 -0.253522 -0.946055  1.071334 0.532476 1 0 1.000000
0  -8.803674 6.655365 -3.570014  0.201784 0.692562 -0.692561  1.050883 0.532476 1 0 1.000000
walllight001a
0  -6.158731 4.163102 -4.763977  0.263387 0.964690 0.000002  0.992073 0.427102 1 0 1.000000
0  -8.710265 4.924043 -4.773757  0.458224 0.888837 -0.000000  0.992282 0.483201 1 0 1.000000
0  -8.710264 4.924042 -0.646707  0.458026 0.888939 -0.000000  0.906620 0.483139 1 0 1.000000
walllight001a
0  -12.023860 9.069301 4.125550  0.901546 -0.339928 0.267701  0.204239 0.493985 1 0 1.000000
0  -12.194314 9.069300 4.420786  0.457333 -0.384005 0.802114  0.204339 0.485672 1 0 1.000000
0  -12.197339 9.063299 4.414025  0.000873 -0.920525 0.390683  0.204545 0.485777 1 0 1.000000
walllight001a
0  8.890748 4.306885 -4.223123  -0.707112 -0.353197 -0.612572  0.219968 0.542770 1 0 1.000000
0  8.994007 4.348150 -4.309422  -0.340623 -0.223015 -0.913367  0.222250 0.545749 1 0 1.000000
0  9.035625 4.305589 -4.258548  0.341003 -0.937283 -0.072227  0.220294 0.546564 1 0 1.000000
walllight001a
0  -8.702811 7.636507 -2.784079  -0.201369 -0.946138 0.253521  1.112300 0.008763 1 0 1.000000
0  8.708289 7.636510 -2.784079  0.201311 -0.946152 0.253517  1.112300 0.433870 1 0 1.000000
0  8.708289 8.211854 -2.208734  0.201322 -0.253525 0.946147  1.132863 0.433877 1 0 1.000000
walllight001a
0  -13.185632 9.754359 -4.997633  -0.150670 -0.150659 -0.977037  0.548670 0.664409 1 0 1.000000
0  13.176085 9.754358 -4.997636  0.150637 -0.150689 -0.977037  0.548668 0.020645 1 0 1.000000
0  13.176085 9.550245 -4.793523  0.151208 -0.976954 -0.150653  0.556527 0.020690 1 0 1.000000
walllight001a
0  8.708289 8.997788 -2.419325  0.201338 0.692624 0.692629  1.030057 0.433871 1 0 1.000000
0  -8.702811 8.997787 -2.419325  -0.201312 0.692625 0.692635  1.030057 0.008763 1 0 1.000000
0  -8.702811 8.211851 -2.208735  -0.201332 -0.253513 0.946148  1.009494 0.008757 1 0 1.000000
walllight001a
0  8.708289 6.865958 -2.784078  0.201270 0.946160 0.253519  1.161238 0.433869 1 0 1.000000
0  8.708289 6.290614 -2.208734  0.201325 0.253515 0.946149  1.140675 0.433876 1 0 1.000000
0  8.758788 6.280089 -2.248013  -0.000836 0.258813 0.965927  1.140953 0.435485 1 0 1.000000
walllight001a
0  -9.328070 5.548440 -4.773757  0.901402 0.432982 0.000000  0.992279 0.501920 1 0 1.000000
0  -9.328071 5.548439 -0.646707  0.901405 0.432977 0.000000  0.906619 0.501887 1 0 1.000000
0  -9.115003 5.239278 -0.646707  0.727414 0.686199 0.000000  0.906619 0.493968 1 0 1.000000
walllight001a
0  12.043189 9.542598 -3.862742  -0.994360 -0.000001 -0.106059  0.169223 0.516071 1 0 1.000000
0  12.076344 9.542598 -3.948715  -0.933024 -0.000004 -0.359813  0.169224 0.513821 1 0 1.000000
0  12.075104 9.232998 -3.945499  -0.928928 -0.282351 -0.239521  0.176789 0.513907 1 0 1.000000
walllight001a
0  10.055238 9.088067 4.299102  -0.000002 0.000000 1.000000  0.009240 0.674686 1 0 1.000000
0  10.019566 5.771167 4.299102  0.000003 0.000000 1.000000  0.009274 0.593709 1 0 1.000000
0  10.073340 5.765859 4.299102  0.076503 -0.005716 0.997053  0.010588 0.593608 1 0 1.000000
walllight001a
0  -10.019933 5.256013 -4.283214  -0.932570 -0.353372 -0.073768  0.012751 0.768370 1 0 1.000000
0  -10.019933 5.256012 4.244130  -0.932562 -0.353379 0.073828  0.220906 0.768376 1 0 1.000000
0  -10.134326 5.760454 4.244130  -0.994451 -0.074847 0.073924  0.220909 0.781014 1 0 1.000000
walllight001a
0  12.779610 9.232998 3.773060  0.381180 -0.339995 -0.859712  0.153825 0.449951 1 0 1.000000
0  12.779610 9.542598 3.773060  0.429767 0.000000 -0.902940  0.146267 0.449846 1 0 1.000000
0  12.787518 9.542598 3.779803  0.823651 0.000002 -0.567097  0.146271 0.449592 1 0 1.000000
walllight001a
0  4.616830 3.856254 -4.437118  -0.115854 0.993266 0.000008  0.985196 0.199545 1 0 1.000000
0  4.616829 3.856252 -0.646708  -0.107887 0.994163 0.000000  0.906620 0.199557 1 0 1.000000
0  5.390602 3.975085 -0.646709  -0.195485 0.980707 0.000002  0.906620 0.183077 1 0 1.000000
walllight001a
0  9.629607 4.669757 4.244128  0.690647 -0.719420 0.073766  0.012753 0.563655 1 0 1.000000
0  10.013667 5.256015 4.244127  0.932516 -0.353515 0.073756  0.012749 0.580876 1 0 1.000000
0  9.962085 5.275078 4.299102  0.072261 -0.030726 0.996912  0.010593 0.580851 1 0 1.000000
walllight001a
0  10.019215 5.770532 -4.773766  0.993464 -0.114150 0.000007  0.519404 0.632087 1 0 1.000000
0  10.044933 9.552470 -4.773873  0.999977 -0.006801 0.000007  0.519405 0.722676 1 0 1.000000
0  10.044867 9.552470 4.773497  0.999977 -0.006800 0.000007  0.286668 0.722676 1 0 1.000000
walllight001a
0  12.043189 9.232998 -3.862742  -0.932079 -0.340074 -0.124810  0.176783 0.516074 1 0 1.000000
0  12.075104 9.232998 -3.945499  -0.928928 -0.282351 -0.239521  0.176789 0.513907 1 0 1.000000
0  12.080702 9.226998 -3.943340  -0.385904 -0.891810 0.236120  0.176991 0.513923 1 0 1.000000
walllight001a
0  11.445527 9.544930 4.274323  0.320956 0.001200 0.947093  0.010124 0.711608 1 0 1.000000
0  11.445728 9.490906 4.274323  0.320399 -0.072919 0.944472  0.011333 0.711138 1 0 1.000000
0  11.569626 9.491369 4.199984  0.705206 -0.071627 0.705375  0.013347 0.714331 1 0 1.000000
walllight001a
0  8.708290 8.997789 2.412989  0.201313 0.692635 -0.692625  0.030056 0.433871 1 0 1.000000
0  -8.702811 8.997787 2.412988  -0.201332 0.692624 -0.692631  0.030057 0.008764 1 0 1.000000
0  -8.702811 9.208377 3.198923  -0.201321 0.946150 0.253514  0.050617 0.008763 1 0 1.000000
walllight001a
0  -12.023860 9.542596 4.115158  0.965926 0.000000 -0.258818  0.192688 0.494160 1 0 1.000000
0  -12.023860 9.069300 4.115158  0.901546 -0.339893 -0.267747  0.204237 0.494213 1 0 1.000000
0  -12.245338 9.069300 3.731546  0.682601 -0.340002 -0.646881  0.204200 0.505024 1 0 1.000000
walllight001a
0  3.849911 3.235204 -4.218260  0.035746 -0.999361 0.000008  0.506845 0.459328 1 0 1.000000
0  3.849902 3.235271 4.217887  0.035747 -0.999361 0.000008  0.299248 0.459328 1 0 1.000000
0  2.783314 3.233479 4.162668  0.000853 -1.000000 0.000008  0.300657 0.433109 1 0 1.000000
walllight001a
0  13.380198 9.995246 4.793271  0.986722 0.000087 0.162419  0.790783 0.007010 1 0 1.000000
0  13.176085 9.995246 4.997384  0.162445 0.000000 0.986718  0.804335 0.020623 1 0 1.000000
0  13.176085 9.754358 4.997384  0.151123 -0.151100 0.976898  0.798460 0.020646 1 0 1.000000
walllight001a
0  -5.396864 3.975621 -4.671330  0.201614 0.979465 0.000002  0.990124 0.410591 1 0 1.000000
0  -6.158731 4.163102 -4.763977  0.263387 0.964690 0.000002  0.992073 0.427102 1 0 1.000000
0  -6.158407 4.163008 -0.646707  0.262375 0.964966 -0.000013  0.906620 0.427094 1 0 1.000000
walllight001a
0  -5.394180 3.975084 0.632095  0.195485 0.980707 -0.000001  0.812331 0.183236 1 0 1.000000
0  -5.396865 3.975619 4.671334  0.201631 0.979462 0.000004  0.896143 0.183171 1 0 1.000000
0  -4.620407 3.856251 4.437120  0.115853 0.993266 -0.000008  0.891214 0.199704 1 0 1.000000
walllight001a
0  -8.702811 6.865955 2.777742  -0.201336 0.946132 -0.253572  0.161238 0.008762 1 0 1.000000
0  -8.702809 6.290611 2.202398  -0.201310 0.253519 -0.946151  0.140675 0.008755 1 0 1.000000
0  -8.753308 6.280087 2.241677  0.001168 0.258828 -0.965923  0.140953 0.007145 1 0 1.000000
walllight001a
0  12.646459 9.542598 4.544518  0.567117 0.000000 0.823637  0.145813 0.494163 1 0 1.000000
0  12.646459 9.069302 4.544518  0.553931 -0.339952 0.759996  0.157362 0.494216 1 0 1.000000
0  12.933849 9.069302 4.207446  0.838007 -0.339928 0.426842  0.157326 0.505027 1 0 1.000000
walllight001a
0  8.758788 5.333367 -3.194735  -0.000834 -0.965926 -0.258817  1.091783 0.463877 1 0 1.000000
0  8.809152 5.294089 -3.205260  -0.201756 -0.946065 -0.253485  1.091785 0.465466 1 0 1.000000
0  8.809152 5.504679 -2.419324  -0.201796 -0.692559 0.692561  1.112230 0.465466 1 0 1.000000
walllight001a
0  9.554217 4.749091 -4.773692  0.700491 -0.713661 0.000007  0.519406 0.604510 1 0 1.000000
0  9.554171 4.749137 4.773318  0.700497 -0.713656 0.000007  0.286666 0.604509 1 0 1.000000
0  9.039171 4.424766 4.773391  0.412929 -0.910763 0.000007  0.286668 0.589774 1 0 1.000000
walllight001a
0  9.498277 6.126255 4.773758  0.000634 -0.000092 1.000000  0.273033 0.632103 1 0 1.000000
0  10.019149 5.770536 4.773391  0.000602 -0.000149 1.000000  0.286668 0.632087 1 0 1.000000
0  10.044867 9.552470 4.773497  0.000493 -0.000003 1.000000  0.286668 0.722676 1 0 1.000000
walllight001a
0  -5.396864 3.975621 -4.671330  0.193278 -0.035003 -0.980520  0.530681 0.229355 1 0 1.000000
0  -5.511050 3.416040 -4.671614  0.192882 -0.034915 -0.980601  0.517167 0.229318 1 0 1.000000
0  -6.316501 3.614219 -4.764013  0.056569 -0.014112 -0.998299  0.519419 0.209085 1 0 1.000000
walllight001a
0  -10.170468 9.083708 4.244130  -0.994954 -0.069960 0.071923  0.220932 0.862157 1 0 1.000000
0  -10.134326 5.760454 4.244130  -0.994451 -0.074847 0.073924  0.220909 0.781014 1 0 1.000000
0  -10.079606 5.765855 4.299105  -0.076631 -0.005746 0.997043  0.223068 0.781107 1 0 1.000000
walllight001a
0  13.176085 9.550245 4.793271  0.151095 -0.976902 0.151104  0.790602 0.020690 1 0 1.000000
0  13.176085 9.550245 -4.793523  0.151208 -0.976954 -0.150653  0.556527 0.020690 1 0 1.000000
0  13.380198 9.754358 -4.793523  0.976946 -0.151263 -0.150651  0.556408 0.012873 1 0 1.000000
walllight001a
0  -9.501858 6.126251 -4.773757  0.989470 0.144735 0.000000  0.992281 0.514593 1 0 1.000000
0  -9.501860 6.126251 -0.646707  0.989471 0.144730 0.000000  0.906619 0.514638 1 0 1.000000
0  -9.328071 5.548439 -0.646707  0.901405 0.432977 0.000000  0.906619 0.501887 1 0 1.000000
walllight001a
0  -10.134326 5.760454 4.244130  -0.994451 -0.074847 0.073924  0.220909 0.781014 1 0 1.000000
0  -10.019933 5.256012 4.244130  -0.932562 -0.353379 0.073828  0.220906 0.768376 1 0 1.000000
0  -9.968350 5.275075 4.299105  -0.072319 -0.030745 0.996908  0.223063 0.768351 1 0 1.000000
walllight001a
0  -9.574084 6.655365 3.563677  -0.000000 0.707107 0.707107  0.050881 0.513452 1 0 1.000000
0  -9.574084 5.869430 3.774267  -0.000001 -0.258835 0.965922  0.071334 0.513452 1 0 1.000000
0  -8.803674 5.869430 3.774268  0.201754 -0.253477 0.946068  0.071333 0.532476 1 0 1.000000
walllight001a
0  -8.803674 6.290611 -2.208735  0.201687 0.253512 0.946073  1.009970 0.532476 1 0 1.000000
0  -8.803674 6.865955 -2.784079  0.201649 0.946083 0.253505  1.030438 0.532476 1 0 1.000000
0  -9.574084 6.865955 -2.784079  0.000000 0.965926 0.258819  1.030422 0.513452 1 0 1.000000
walllight001a
0  12.044799 9.232998 -3.852475  -0.849140 -0.339993 0.404186  0.177263 0.449948 1 0 1.000000
0  12.044799 9.542598 -3.852475  -0.914174 0.000000 0.405322  0.169705 0.449842 1 0 1.000000
0  12.043189 9.542598 -3.862742  -0.994360 -0.000001 -0.106059  0.169708 0.449589 1 0 1.000000
walllight001a
0  8.706684 4.924045 -0.646709  -0.458785 0.888547 -0.000000  0.906620 0.110464 1 0 1.000000
0  9.087872 5.221983 -0.646709  -0.735909 0.677080 -0.000000  0.906619 0.100267 1 0 1.000000
0  9.087871 5.221982 -4.773760  -0.735909 0.677081 0.000000  0.992279 0.100256 1 0 1.000000
walllight001a
0  8.813296 4.275900 3.946706  -0.906010 -0.407308 0.115094  0.019838 0.540440 1 0 1.000000
0  8.808135 4.273834 3.838827  -0.912917 -0.407334 0.025748  0.022625 0.540280 1 0 1.000000
0  8.877812 4.242514 3.837390  0.300164 -0.953886 0.001962  0.022668 0.542424 1 0 1.000000
walllight001a
0  6.312905 3.614286 4.763642  0.262883 -0.964828 0.000007  0.286668 0.520492 1 0 1.000000
0  6.312926 3.614222 -4.764015  0.262883 -0.964828 0.000007  0.519404 0.520491 1 0 1.000000
0  9.039199 4.424705 -4.773765  0.412932 -0.910762 0.000007  0.519404 0.589774 1 0 1.000000
walllight001a
0  -6.316501 3.614219 -4.764013  -0.262774 -0.964857 0.000007  0.519419 0.209085 1 0 1.000000
0  -5.511050 3.416040 -4.671614  -0.201283 -0.979533 0.000007  0.517167 0.229318 1 0 1.000000
0  -5.511028 3.416102 4.671242  -0.201285 -0.979533 0.000007  0.288941 0.229319 1 0 1.000000
walllight001a
0  -9.067394 4.374952 -4.330986  0.109353 -0.131376 -0.985283  0.010840 0.735167 1 0 1.000000
0  -9.099154 4.328475 -4.276690  -0.399207 -0.913302 -0.080711  0.012922 0.735566 1 0 1.000000
0  -9.635873 4.669755 -4.283214  -0.690561 -0.719498 -0.073817  0.012755 0.751150 1 0 1.000000
walllight001a
0  -9.099154 4.328475 -4.276690  -0.399207 -0.913302 -0.080711  0.012922 0.735566 1 0 1.000000
0  -9.067394 4.374952 -4.330986  0.109353 -0.131376 -0.985283  0.010840 0.735167 1 0 1.000000
0  -9.000271 4.348147 -4.309419  0.340560 -0.222981 -0.913399  0.011405 0.733253 1 0 1.000000
walllight001a
0  -9.559790 4.749071 4.773322  -0.700851 -0.713307 0.000007  0.286687 0.124969 1 0 1.000000
0  -9.559837 4.749023 -4.773690  -0.700850 -0.713309 0.000007  0.519421 0.124972 1 0 1.000000
0  -9.046435 4.425143 -4.773761  -0.413156 -0.910660 0.000007  0.519419 0.139730 1 0 1.000000
walllight001a
0  -9.115002 5.239278 -4.773757  -0.000052 -0.000071 -1.000000  0.533036 0.124964 1 0 1.000000
0  -9.559837 4.749023 -4.773690  -0.000063 -0.000045 -1.000000  0.519421 0.124972 1 0 1.000000
0  -9.917315 5.294168 -4.773726  -0.000020 -0.000056 -1.000000  0.519421 0.109548 1 0 1.000000
walllight001a
0  -9.635873 4.669755 4.244131  -0.690597 -0.719458 0.073862  0.220902 0.751155 1 0 1.000000
0  -9.099154 4.328474 4.237607  -0.402705 -0.911761 0.080751  0.220737 0.735572 1 0 1.000000
0  -9.067394 4.374952 4.291903  0.111432 -0.132173 0.984943  0.222818 0.735171 1 0 1.000000
walllight001a
0  9.911533 5.293772 4.773353  0.000551 -0.000295 1.000000  0.286667 0.620113 1 0 1.000000
0  10.019149 5.770536 4.773391  0.000602 -0.000149 1.000000  0.286668 0.632087 1 0 1.000000
0  9.498277 6.126255 4.773758  0.000634 -0.000092 1.000000  0.273033 0.632103 1 0 1.000000
walllight001a
0  4.616830 3.856254 -4.437118  -0.115854 0.993266 0.000008  0.985196 0.199545 1 0 1.000000
0  3.836893 3.806337 -4.217981  -0.035793 0.999359 -0.000007  0.980586 0.215995 1 0 1.000000
0  3.834949 3.806292 -0.646708  -0.032696 0.999465 0.000000  0.906620 0.216051 1 0 1.000000
walllight001a
0  9.629607 4.669758 -4.283216  0.690659 -0.719406 -0.073793  0.220900 0.563650 1 0 1.000000
0  9.092891 4.328477 -4.276692  0.402909 -0.911678 -0.080672  0.220734 0.548066 1 0 1.000000
0  9.061131 4.374954 -4.330989  -0.109387 -0.131148 -0.985309  0.222815 0.547665 1 0 1.000000
walllight001a
0  -6.158731 4.163101 4.763979  0.263380 0.964692 0.000013  0.898092 0.166660 1 0 1.000000
0  -5.396865 3.975619 4.671334  0.201631 0.979462 0.000004  0.896143 0.183171 1 0 1.000000
0  -5.394180 3.975084 0.632095  0.195485 0.980707 -0.000001  0.812331 0.183236 1 0 1.000000
walllight001a
0  -9.453907 6.131459 0.632096  0.000001 0.000000 1.000000  0.531064 0.755555 1 0 1.000000
0  -9.448175 9.552507 0.632095  0.000000 0.000000 1.000000  0.531202 0.839077 1 0 1.000000
0  -9.496119 9.552507 0.632095  0.000000 0.000000 1.000000  0.529547 0.839078 1 0 1.000000
walllight001a
0  -8.803674 8.633033 -3.780605  0.201804 0.253480 -0.946056  1.071334 0.490360 1 0 1.000000
0  -8.803674 7.847098 -3.570014  0.201656 -0.692577 -0.692584  1.050882 0.490360 1 0 1.000000
0  -9.574084 7.847098 -3.570015  0.000000 -0.707106 -0.707107  1.050881 0.509384 1 0 1.000000
walllight001a
0  -9.968350 5.275075 -4.338189  -0.072288 -0.030801 -0.996908  0.010594 0.768346 1 0 1.000000
0  -9.597970 4.709597 -4.338189  -0.054511 -0.056734 -0.996900  0.010593 0.751160 1 0 1.000000
0  -9.635873 4.669755 -4.283214  -0.690561 -0.719498 -0.073817  0.012755 0.751150 1 0 1.000000
walllight001a
0  11.272273 9.490256 -4.338192  0.033866 -0.073718 -0.996704  0.223057 0.706663 1 0 1.000000
0  10.461072 9.484016 -4.338192  0.009981 -0.067374 -0.997678  0.223108 0.686933 1 0 1.000000
0  10.454226 9.537710 -4.338192  0.000000 0.000000 -1.000000  0.224428 0.686843 1 0 1.000000
walllight001a
0  -11.278337 9.544277 -4.338190  -0.033328 -0.000038 -0.999444  0.009280 0.894207 1 0 1.000000
0  -10.460492 9.537707 -4.338190  -0.000001 0.000000 -1.000000  0.009227 0.874343 1 0 1.000000
0  -10.467338 9.484015 -4.338190  -0.009973 -0.067446 -0.997673  0.010547 0.874433 1 0 1.000000
walllight001a
0  -2.786892 3.233412 -4.163039  0.026037 0.000058 -0.999661  0.505456 0.296469 1 0 1.000000
0  -3.853488 3.235203 -4.218259  0.156988 -0.008689 -0.987562  0.506853 0.270262 1 0 1.000000
0  -3.840471 3.806337 -4.217980  0.158188 -0.008839 -0.987369  0.521254 0.270305 1 0 1.000000
walllight001a
0  9.322274 5.579599 -4.773760  -0.902247 0.431219 0.000000  0.992278 0.091197 1 0 1.000000
0  9.322274 5.579599 -0.646709  -0.902247 0.431220 0.000000  0.906619 0.091217 1 0 1.000000
0  9.498280 6.126254 -0.646709  -0.988027 0.154282 0.000000  0.906619 0.079124 1 0 1.000000
walllight001a
0  -9.917315 5.294168 -4.773726  -0.920476 -0.390800 0.000007  0.519421 0.109548 1 0 1.000000
0  -9.559837 4.749023 -4.773690  -0.700850 -0.713309 0.000007  0.519421 0.124972 1 0 1.000000
0  -9.559790 4.749071 4.773322  -0.700851 -0.713307 0.000007  0.286687 0.124969 1 0 1.000000
walllight001a
0  3.849911 3.235204 -4.218260  -0.156934 -0.008782 -0.987570  0.506845 0.459328 1 0 1.000000
0  2.783315 3.233413 -4.163041  -0.025886 0.000189 -0.999665  0.505452 0.433109 1 0 1.000000
0  2.781933 3.804617 -4.162897  -0.025902 0.000060 -0.999664  0.519448 0.433101 1 0 1.000000
walllight001a
0  9.554171 4.749137 4.773318  0.700497 -0.713656 0.000007  0.286666 0.604509 1 0 1.000000
0  9.554217 4.749091 -4.773692  0.700491 -0.713661 0.000007  0.519406 0.604510 1 0 1.000000
0  9.911595 5.293747 -4.773728  0.920539 -0.390651 0.000007  0.519406 0.620114 1 0 1.000000
walllight001a
0  10.468047 9.429380 4.244127  0.127657 -0.989196 0.072074  0.012722 0.686936 1 0 1.000000
0  10.164203 9.083711 4.244127  0.994979 -0.069961 0.071577  0.012723 0.674657 1 0 1.000000
0  10.164203 9.083712 -4.283217  0.994945 -0.070409 -0.071603  0.220932 0.674660 1 0 1.000000
walllight001a
0  8.758789 8.969035 2.441743  -0.000862 0.707104 -0.707109  0.030055 0.435459 1 0 1.000000
0  8.708290 8.997789 2.412989  0.201313 0.692635 -0.692625  0.030056 0.433871 1 0 1.000000
0  8.708290 9.208380 3.198924  0.201323 0.946146 0.253527  0.050617 0.433871 1 0 1.000000
walllight001a
0  8.758789 7.875854 3.534923  -0.000845 -0.707109 0.707104  0.091785 0.439297 1 0 1.000000
0  8.758789 7.675789 2.788266  -0.000861 -0.965922 -0.258833  0.112230 0.439299 1 0 1.000000
0  8.809152 7.636510 2.777742  -0.201748 -0.946067 -0.253484  0.112230 0.440886 1 0 1.000000
walllight001a
0  -8.753310 8.969032 2.441743  0.000841 0.707111 -0.707102  0.112230 0.488771 1 0 1.000000
0  -8.753310 8.222376 2.241676  0.000844 -0.258816 -0.965926  0.132426 0.488771 1 0 1.000000
0  -8.803674 8.211851 2.202398  0.201652 -0.253497 -0.946085  0.132698 0.490360 1 0 1.000000
walllight001a
0  8.786059 5.872100 3.764313  -0.572780 -0.212162 0.791777  0.071334 0.464853 1 0 1.000000
0  8.758789 5.879957 3.734990  -0.001261 -0.258839 0.965920  0.071334 0.463879 1 0 1.000000
0  8.758789 5.333367 3.188400  -0.001264 -0.965920 0.258838  0.091784 0.463877 1 0 1.000000
walllight001a
0  8.758789 8.969035 2.441743  -0.000862 0.707104 -0.707109  0.030055 0.435459 1 0 1.000000
0  8.758789 8.222379 2.241677  -0.001212 -0.258819 -0.965925  0.009771 0.435489 1 0 1.000000
0  8.708290 8.211854 2.202398  0.201265 -0.253521 -0.946160  0.009494 0.433877 1 0 1.000000
walllight001a
0  -8.753310 7.875852 3.534923  0.000826 -0.707102 0.707111  0.050883 0.488771 1 0 1.000000
0  -8.803674 7.847098 3.563677  0.201740 -0.692582 0.692554  0.050883 0.490360 1 0 1.000000
0  -8.803674 7.636507 2.777741  0.201752 -0.946060 -0.253508  0.030438 0.490360 1 0 1.000000
walllight001a
0  8.786059 6.856002 2.780411  -0.572788 0.791772 -0.212159  0.030437 0.464853 1 0 1.000000
0  8.758789 6.826679 2.788268  -0.001234 0.965926 -0.258817  0.030439 0.463879 1 0 1.000000
0  8.758789 6.626614 3.534924  -0.001268 0.707107 0.707106  0.050884 0.463879 1 0 1.000000
walllight001a
0  -8.803674 7.847098 3.563677  0.201740 -0.692582 0.692554  0.050883 0.490360 1 0 1.000000
0  -8.803674 8.633033 3.774267  0.201752 0.253500 0.946062  0.071334 0.490360 1 0 1.000000
0  -9.574084 8.633033 3.774267  0.000000 0.258804 0.965930  0.071335 0.509384 1 0 1.000000
walllight001a
0  8.809152 5.869433 -3.780604  -0.201815 -0.253494 -0.946051  1.071334 0.465466 1 0 1.000000
0  9.579562 5.869433 -3.780604  0.000000 -0.258803 -0.965930  1.071334 0.484490 1 0 1.000000
0  9.579562 5.294088 -3.205260  -0.000001 -0.965926 -0.258819  1.091787 0.484490 1 0 1.000000
walllight001a
0  -8.803672 6.290611 2.202398  0.201679 0.253500 -0.946078  0.132698 0.532476 1 0 1.000000
0  -8.803672 5.504676 2.412988  0.201718 -0.692578 -0.692564  0.112230 0.532476 1 0 1.000000
0  -9.574082 5.504677 2.412988  -0.000000 -0.707107 -0.707107  0.112246 0.513452 1 0 1.000000
walllight001a
0  8.809152 7.636510 2.777742  -0.201748 -0.946067 -0.253484  0.112230 0.440886 1 0 1.000000
0  9.579563 7.636510 2.777742  0.000000 -0.965922 -0.258835  0.112246 0.459910 1 0 1.000000
0  9.579563 7.847100 3.563678  0.000000 -0.707118 0.707095  0.091786 0.459910 1 0 1.000000
walllight001a
0  8.809152 6.865958 -2.784078  -0.201782 0.946059 0.253490  1.030438 0.465466 1 0 1.000000
0  9.579562 6.865958 -2.784078  0.000000 0.965926 0.258819  1.030422 0.484490 1 0 1.000000
0  9.579562 6.655368 -3.570013  0.000000 0.707118 -0.707095  1.050881 0.484490 1 0 1.000000
walllight001a
0  -8.702811 8.211851 2.202398  -0.201332 -0.253516 -0.946148  0.132862 0.008757 1 0 1.000000
0  -8.702811 7.636507 2.777741  -0.201312 -0.946161 -0.253483  0.112300 0.008764 1 0 1.000000
0  -8.753310 7.675786 2.788266  0.000845 -0.965927 -0.258814  0.112298 0.007175 1 0 1.000000
walllight001a
0  9.579563 5.294088 3.198924  0.000001 -0.965926 0.258818  0.091787 0.484491 1 0 1.000000
0  9.579563 5.869433 3.774268  0.000000 -0.258803 0.965930  0.071334 0.484491 1 0 1.000000
0  8.809153 5.869432 3.774268  -0.201601 -0.253506 0.946093  0.071334 0.465467 1 0 1.000000
walllight001a
0  8.809151 8.211854 -2.208734  -0.201743 -0.253476 0.946070  1.009970 0.440886 1 0 1.000000
0  9.579562 8.211854 -2.208734  -0.000000 -0.258835 0.965922  1.009908 0.459910 1 0 1.000000
0  9.579561 8.997788 -2.419325  0.000000 0.707107 0.707107  1.030422 0.459910 1 0 1.000000
walllight001a
0  9.579562 6.290614 -2.208734  0.000000 0.258835 0.965922  1.009908 0.484490 1 0 1.000000
0  9.579562 6.865958 -2.784078  0.000000 0.965926 0.258819  1.030422 0.484490 1 0 1.000000
0  8.809152 6.865958 -2.784078  -0.201782 0.946059 0.253490  1.030438 0.465466 1 0 1.000000
walllight001a
0  8.809152 8.997789 2.412989  -0.201807 0.692557 -0.692560  0.030438 0.440886 1 0 1.000000
0  8.809152 9.208380 3.198924  -0.201742 0.946068 0.253488  0.050883 0.440886 1 0 1.000000
0  9.579562 9.208380 3.198924  0.000000 0.965930 0.258803  0.050881 0.459910 1 0 1.000000
walllight001a
0  12.164031 9.069302 4.363353  0.302277 -0.384460 0.872249  0.157509 0.480493 1 0 1.000000
0  12.164031 9.220999 4.363353  0.248539 -0.427352 0.869252  0.153796 0.480481 1 0 1.000000
0  12.158124 9.220999 4.362259  -0.732217 -0.125351 0.669437  0.153788 0.480335 1 0 1.000000
walllight001a
0  -9.635873 4.669755 4.244131  -0.690597 -0.719458 0.073862  0.220902 0.751155 1 0 1.000000
0  -10.019933 5.256012 4.244130  -0.932562 -0.353379 0.073828  0.220906 0.768376 1 0 1.000000
0  -10.019933 5.256013 -4.283214  -0.932570 -0.353372 -0.073768  0.012751 0.768370 1 0 1.000000
walllight001a
0  9.579563 5.869433 3.774268  0.000000 -0.258803 0.965930  0.071334 0.484491 1 0 1.000000
0  9.579563 6.655367 3.563678  0.000000 0.707117 0.707096  0.050881 0.484491 1 0 1.000000
0  8.809153 6.655367 3.563678  -0.201673 0.692582 0.692574  0.050883 0.465467 1 0 1.000000
walllight001a
0  -12.801078 9.220996 -4.176510  -0.773778 -0.427719 0.467250  0.249362 0.471692 1 0 1.000000
0  -12.801078 9.069300 -4.176510  -0.762491 -0.385229 0.519813  0.245659 0.471703 1 0 1.000000
0  -12.079546 9.069300 -3.836046  0.081178 -0.384032 0.919744  0.245602 0.452225 1 0 1.000000
walllight001a
0  -8.753308 5.333364 3.188399  0.000843 -0.965927 0.258815  0.222920 0.007166 1 0 1.000000
0  -8.702809 5.294086 3.198924  -0.201310 -0.946150 0.253524  0.222920 0.008762 1 0 1.000000
0  -8.702811 5.869430 3.774268  -0.201308 -0.253515 0.946153  0.202359 0.008762 1 0 1.000000
walllight001a
0  -8.702811 6.865955 -2.784079  -0.201307 0.946152 0.253519  1.161238 0.008762 1 0 1.000000
0  8.708289 6.865958 -2.784078  0.201270 0.946160 0.253519  1.161238 0.433869 1 0 1.000000
0  8.708289 6.655368 -3.570013  0.201317 0.692634 -0.692625  1.181799 0.433869 1 0 1.000000
walllight001a
0  -8.803672 5.294086 3.198924  0.201630 -0.946086 0.253508  0.091785 0.532476 1 0 1.000000
0  -9.574082 5.294086 3.198923  -0.000000 -0.965926 0.258818  0.091787 0.513452 1 0 1.000000
0  -9.574082 5.504677 2.412988  -0.000000 -0.707107 -0.707107  0.112246 0.513452 1 0 1.000000
walllight001a
0  -8.803674 6.655365 3.563677  0.201654 0.692581 0.692580  0.050882 0.532476 1 0 1.000000
0  -8.753310 6.626611 3.534923  0.000852 0.707109 0.707104  0.050884 0.534065 1 0 1.000000
0  -8.753310 6.826676 2.788267  0.000838 0.965925 -0.258822  0.030439 0.534065 1 0 1.000000
walllight001a
0  -8.753310 5.533431 -2.448079  0.000841 -0.707104 0.707109  1.112228 0.534064 1 0 1.000000
0  -8.753310 6.280087 -2.248013  0.000836 0.258819 0.965925  1.132425 0.534064 1 0 1.000000
0  -8.803674 6.290611 -2.208735  0.201687 0.253512 0.946073  1.132698 0.532476 1 0 1.000000
walllight001a
0  -8.702811 8.997787 -2.419325  -0.201312 0.692625 0.692635  1.030057 0.008763 1 0 1.000000
0  -8.702811 9.208377 -3.205260  -0.201329 0.946163 -0.253460  1.050618 0.008764 1 0 1.000000
0  -8.753310 9.169098 -3.194735  0.000853 0.965926 -0.258817  1.050618 0.007166 1 0 1.000000
walllight001a
0  8.731402 6.648091 3.556401  0.571723 0.580150 0.580138  0.181798 0.434482 1 0 1.000000
0  8.731402 5.872096 3.764329  0.571693 -0.212349 0.792512  0.202359 0.434482 1 0 1.000000
0  8.758789 5.879957 3.734990  -0.001261 -0.258839 0.965920  0.202357 0.435457 1 0 1.000000
walllight001a
0  8.809153 6.865958 2.777743  -0.201638 0.946085 -0.253505  0.030437 0.465467 1 0 1.000000
0  8.809153 6.655367 3.563678  -0.201673 0.692582 0.692574  0.050883 0.465467 1 0 1.000000
0  9.579563 6.655367 3.563678  0.000000 0.707117 0.707096  0.050881 0.484491 1 0 1.000000
walllight001a
0  -8.803674 8.633033 3.774267  0.201752 0.253500 0.946062  0.071334 0.490360 1 0 1.000000
0  -8.803674 7.847098 3.563677  0.201740 -0.692582 0.692554  0.050883 0.490360 1 0 1.000000
0  -8.753310 7.875852 3.534923  0.000826 -0.707102 0.707111  0.050883 0.488771 1 0 1.000000
walllight001a
0  8.708289 7.847101 -3.570014  0.201328 -0.692630 -0.692626  1.091739 0.433871 1 0 1.000000
0  8.708289 8.633036 -3.780604  0.201313 0.253558 -0.946140  1.071179 0.433871 1 0 1.000000
0  8.758788 8.622511 -3.741325  -0.000852 0.258816 -0.965926  1.071180 0.435457 1 0 1.000000
walllight001a
0  -8.702811 7.847097 3.563677  -0.201340 -0.692627 0.692626  0.091739 0.008763 1 0 1.000000
0  -8.702811 8.633033 3.774267  -0.201307 0.253524 0.946151  0.071178 0.008764 1 0 1.000000
0  -8.753310 8.622508 3.734989  0.000851 0.258813 0.965927  0.071180 0.007177 1 0 1.000000
walllight001a
0  9.579562 5.294088 -3.205260  -0.000001 -0.965926 -0.258819  1.091787 0.484490 1 0 1.000000
0  9.579562 5.504679 -2.419324  0.000000 -0.707095 0.707119  1.112246 0.484490 1 0 1.000000
0  8.809152 5.504679 -2.419324  -0.201796 -0.692559 0.692561  1.112230 0.465466 1 0 1.000000
walllight001a
0  8.708289 6.865958 -2.784078  0.201270 0.946160 0.253519  1.161238 0.433869 1 0 1.000000
0  -8.702811 6.865955 -2.784079  -0.201307 0.946152 0.253519  1.161238 0.008762 1 0 1.000000
0  -8.702811 6.290611 -2.208735  -0.201330 0.253520 0.946147  1.140675 0.008755 1 0 1.000000
walllight001a
0  9.579561 8.997788 -2.419325  0.000000 0.707107 0.707107  1.030422 0.459910 1 0 1.000000
0  9.579562 9.208380 -3.205260  0.000000 0.965922 -0.258834  1.050881 0.459910 1 0 1.000000
0  8.809151 9.208380 -3.205260  -0.201741 0.946069 -0.253482  1.050882 0.440886 1 0 1.000000
walllight001a
0  8.708289 5.504679 -2.419324  0.201311 -0.692631 0.692630  1.243481 0.433869 1 0 1.000000
0  -8.702811 5.504676 -2.419325  -0.201372 -0.692621 0.692623  1.243481 0.008762 1 0 1.000000
0  -8.702811 5.294086 -3.205261  -0.201333 -0.946147 -0.253517  1.222920 0.008762 1 0 1.000000
walllight001a
0  8.708289 9.208380 -3.205260  0.201310 0.946142 -0.253553  1.050618 0.433870 1 0 1.000000
0  8.758788 9.169101 -3.194735  -0.001438 0.965924 -0.258821  1.050618 0.435468 1 0 1.000000
0  8.758788 8.622511 -3.741325  -0.000852 0.258816 -0.965926  1.071180 0.435457 1 0 1.000000
walllight001a
0  -13.185634 9.995247 4.997388  -0.162419 -0.000319 0.986722  0.804335 0.664432 1 0 1.000000
0  -13.389747 9.995247 4.793275  -0.986718 -0.000000 0.162442  0.790784 0.678046 1 0 1.000000
0  -13.389747 9.754359 4.793275  -0.976895 -0.151079 0.151168  0.790721 0.672182 1 0 1.000000
walllight001a
0  8.708290 7.636510 2.777742  0.201322 -0.946148 -0.253521  0.112300 0.433871 1 0 1.000000
0  -8.702811 7.636507 2.777741  -0.201312 -0.946161 -0.253483  0.112300 0.008764 1 0 1.000000
0  -8.702811 8.211851 2.202398  -0.201332 -0.253516 -0.946148  0.132862 0.008757 1 0 1.000000
walllight001a
0  -8.803674 5.504676 -2.419325  0.201681 -0.692594 0.692559  1.112231 0.532476 1 0 1.000000
0  -8.803674 6.290611 -2.208735  0.201687 0.253512 0.946073  1.132698 0.532476 1 0 1.000000
0  -9.574084 6.290611 -2.208735  0.000000 0.258804 0.965930  1.132760 0.513452 1 0 1.000000
walllight001a
0  12.936193 9.232998 -4.002763  0.849157 -0.340013 -0.404134  0.176887 0.483132 1 0 1.000000
0  12.936193 9.542598 -4.002763  0.914190 0.000000 -0.405285  0.169337 0.483082 1 0 1.000000
0  12.937802 9.542598 -3.992496  0.994355 -0.000000 0.106107  0.169339 0.482828 1 0 1.000000
walllight001a
0  -8.702811 5.504676 -2.419325  -0.201372 -0.692621 0.692623  1.243481 0.008762 1 0 1.000000
0  8.708289 5.504679 -2.419324  0.201311 -0.692631 0.692630  1.243481 0.433869 1 0 1.000000
0  8.708289 6.290614 -2.208734  0.201325 0.253515 0.946149  1.264044 0.433876 1 0 1.000000
walllight001a
0  -8.803674 7.847098 3.563677  0.201740 -0.692582 0.692554  0.050883 0.490360 1 0 1.000000
0  -9.574084 7.847098 3.563677  0.000000 -0.707106 0.707107  0.050882 0.509384 1 0 1.000000
0  -9.574084 7.636507 2.777741  0.000000 -0.965930 -0.258804  0.030422 0.509384 1 0 1.000000
walllight001a
0  -8.702811 6.655365 3.563677  -0.201387 0.692620 0.692619  0.181798 0.008762 1 0 1.000000
0  -8.702811 5.869430 3.774268  -0.201308 -0.253515 0.946153  0.202359 0.008762 1 0 1.000000
0  8.708290 5.869432 3.774268  0.201219 -0.253530 0.946168  0.202359 0.433869 1 0 1.000000
walllight001a
0  9.579563 5.294088 3.198924  0.000001 -0.965926 0.258818  0.091787 0.484491 1 0 1.000000
0  8.809153 5.294088 3.198924  -0.201680 -0.946076 0.253505  0.091785 0.465467 1 0 1.000000
0  8.809153 5.504679 2.412989  -0.201673 -0.692580 -0.692576  0.112230 0.465467 1 0 1.000000
walllight001a
0  8.809151 9.208380 -3.205260  -0.201741 0.946069 -0.253482  1.050882 0.440886 1 0 1.000000
0  8.809151 8.633036 -3.780604  -0.201698 0.253483 -0.946078  1.071334 0.440886 1 0 1.000000
0  8.758788 8.622511 -3.741325  -0.000852 0.258816 -0.965926  1.071332 0.439297 1 0 1.000000
walllight001a
0  -8.803674 8.997787 -2.419325  0.201760 0.692566 0.692564  1.112230 0.490360 1 0 1.000000
0  -9.574084 8.997787 -2.419325  0.000000 0.707107 0.707107  1.112246 0.509384 1 0 1.000000
0  -9.574084 8.211851 -2.208735  0.000000 -0.258819 0.965926  1.132759 0.509384 1 0 1.000000
walllight001a
0  -8.753310 8.622508 -3.741326  0.000840 0.258819 -0.965926  1.071333 0.488771 1 0 1.000000
0  -8.803674 8.633033 -3.780605  0.201804 0.253480 -0.946056  1.071334 0.490360 1 0 1.000000
0  -8.803674 9.208377 -3.205260  0.201741 0.946055 -0.253536  1.091785 0.490360 1 0 1.000000
walllight001a
0  8.758789 5.333367 3.188400  -0.001264 -0.965920 0.258838  0.091784 0.463877 1 0 1.000000
0  8.758789 5.533433 2.441743  -0.001257 -0.707114 -0.707099  0.112229 0.463877 1 0 1.000000
0  8.786059 5.511968 2.420277  -0.572789 -0.579620 -0.579615  0.112230 0.464853 1 0 1.000000
walllight001a
0  -8.803674 7.636507 -2.784079  0.201725 -0.946068 0.253500  1.030437 0.490360 1 0 1.000000
0  -8.803674 7.847098 -3.570014  0.201656 -0.692577 -0.692584  1.050882 0.490360 1 0 1.000000
0  -8.753310 7.875852 -3.541260  0.001329 -0.707102 -0.707110  1.050884 0.488771 1 0 1.000000
walllight001a
0  -8.803674 8.997787 2.412988  0.201699 0.692566 -0.692582  0.112230 0.490360 1 0 1.000000
0  -8.803674 9.208377 3.198923  0.201692 0.946072 0.253513  0.091785 0.490360 1 0 1.000000
0  -8.753310 9.169098 3.188399  0.001203 0.965925 0.258821  0.091785 0.488771 1 0 1.000000
walllight001a
0  8.731402 6.856019 2.780406  0.571735 0.792482 -0.212349  0.161238 0.434484 1 0 1.000000
0  8.758789 6.826679 2.788268  -0.001234 0.965926 -0.258817  0.161238 0.435449 1 0 1.000000
0  8.758789 6.280089 2.241677  -0.001253 0.258812 -0.965927  0.140953 0.435485 1 0 1.000000
walllight001a
0  8.809152 8.211854 2.202398  -0.201803 -0.253496 -0.946052  0.132698 0.440886 1 0 1.000000
0  9.579563 8.211854 2.202398  0.000000 -0.258819 -0.965926  0.132759 0.459910 1 0 1.000000
0  9.579563 7.636510 2.777742  0.000000 -0.965922 -0.258835  0.112246 0.459910 1 0 1.000000
walllight001a
0  -8.803674 9.208377 3.198923  0.201692 0.946072 0.253513  0.091785 0.490360 1 0 1.000000
0  -8.803674 8.633033 3.774267  0.201752 0.253500 0.946062  0.071334 0.490360 1 0 1.000000
0  -8.753310 8.622508 3.734989  0.000851 0.258813 0.965927  0.071332 0.488771 1 0 1.000000
walllight001a
0  -12.886917 9.232996 -4.117499  -0.928963 -0.339973 -0.146446  0.224137 0.449950 1 0 1.000000
0  -12.886917 9.542596 -4.117499  -0.983259 0.000000 -0.182213  0.216580 0.449845 1 0 1.000000
0  -12.882443 9.542596 -4.126879  -0.760424 0.000000 -0.649427  0.216583 0.449591 1 0 1.000000
walllight001a
0  8.731402 5.511956 2.420265  0.571716 -0.580142 -0.580152  0.243480 0.434482 1 0 1.000000
0  8.758789 5.533433 2.441743  -0.001257 -0.707114 -0.707099  0.243480 0.435448 1 0 1.000000
0  8.758789 5.333367 3.188400  -0.001264 -0.965920 0.258838  0.222920 0.435465 1 0 1.000000
walllight001a
0  -8.702811 8.211851 -2.208735  -0.201332 -0.253513 0.946148  1.132863 0.008757 1 0 1.000000
0  -8.753310 8.222376 -2.248013  0.001499 -0.258816 0.965925  1.132585 0.007147 1 0 1.000000
0  -8.753310 7.675786 -2.794604  0.000855 -0.965926 0.258818  1.112299 0.007175 1 0 1.000000
walllight001a
0  8.708289 5.294089 -3.205260  0.201331 -0.946146 -0.253524  1.222920 0.433869 1 0 1.000000
0  8.708289 5.869433 -3.780604  0.201313 -0.253514 -0.946152  1.202360 0.433869 1 0 1.000000
0  8.758788 5.879958 -3.741325  -0.000847 -0.258818 -0.965926  1.202361 0.435457 1 0 1.000000
walllight001a
0  -8.753308 6.280087 2.241677  0.001168 0.258828 -0.965923  0.263767 0.007155 1 0 1.000000
0  -8.702809 6.290611 2.202398  -0.201310 0.253519 -0.946151  0.264043 0.008755 1 0 1.000000
0  -8.702809 5.504676 2.412988  -0.201338 -0.692637 -0.692616  0.243481 0.008762 1 0 1.000000
walllight001a
0  -8.753310 9.169098 3.188399  0.001203 0.965925 0.258821  0.050617 0.007185 1 0 1.000000
0  -8.702811 9.208377 3.198923  -0.201321 0.946150 0.253514  0.050617 0.008763 1 0 1.000000
0  -8.702811 8.997787 2.412988  -0.201332 0.692624 -0.692631  0.030057 0.008764 1 0 1.000000
walllight001a
0  8.758788 7.675789 -2.794603  -0.000853 -0.965924 0.258826  1.112299 0.435459 1 0 1.000000
0  8.708289 7.636510 -2.784079  0.201311 -0.946152 0.253517  1.112300 0.433870 1 0 1.000000
0  8.708289 7.847101 -3.570014  0.201328 -0.692630 -0.692626  1.091739 0.433871 1 0 1.000000
walllight001a
0  8.809151 8.633036 -3.780604  -0.201698 0.253483 -0.946078  1.071334 0.440886 1 0 1.000000
0  8.809151 9.208380 -3.205260  -0.201741 0.946069 -0.253482  1.050882 0.440886 1 0 1.000000
0  9.579562 9.208380 -3.205260  0.000000 0.965922 -0.258834  1.050881 0.459910 1 0 1.000000
walllight001a
0  12.778420 9.069302 -3.579206  0.774581 -0.339957 0.533341  0.180964 0.472095 1 0 1.000000
0  12.778420 9.542598 -3.579206  0.808101 -0.000001 0.589043  0.169410 0.472006 1 0 1.000000
0  12.770334 9.542598 -3.572679  0.405309 0.000000 0.914180  0.169412 0.471752 1 0 1.000000
walllight001a
0  -9.574084 5.869431 -3.780605  0.000000 -0.258818 -0.965926  1.071334 0.513452 1 0 1.000000
0  -8.803674 5.869431 -3.780605  0.201759 -0.253522 -0.946055  1.071334 0.532476 1 0 1.000000
0  -8.803674 5.294086 -3.205261  0.201661 -0.946081 -0.253503  1.091785 0.532476 1 0 1.000000
walllight001a
0  8.758789 8.222379 2.241677  -0.001212 -0.258819 -0.965925  0.132425 0.439299 1 0 1.000000
0  8.809152 8.211854 2.202398  -0.201803 -0.253496 -0.946052  0.132698 0.440886 1 0 1.000000
0  8.809152 7.636510 2.777742  -0.201748 -0.946067 -0.253484  0.112230 0.440886 1 0 1.000000
walllight001a
0  -12.245338 9.232996 4.509162  0.682635 -0.339976 0.646858  0.200325 0.483133 1 0 1.000000
0  -12.245338 9.542596 4.509162  0.707076 0.000000 0.707138  0.192775 0.483084 1 0 1.000000
0  -12.254338 9.542596 4.514358  0.258787 0.000000 0.965934  0.192777 0.482830 1 0 1.000000
walllight001a
0  -8.702809 5.504676 2.412988  -0.201338 -0.692637 -0.692616  0.243481 0.008762 1 0 1.000000
0  -8.702809 5.294086 3.198924  -0.201310 -0.946150 0.253524  0.222920 0.008762 1 0 1.000000
0  -8.753308 5.333364 3.188399  0.000843 -0.965927 0.258815  0.222920 0.007166 1 0 1.000000
walllight001a
0  -8.753310 6.280087 -2.248013  0.000836 0.258819 0.965925  1.010242 0.534065 1 0 1.000000
0  -8.753310 6.826677 -2.794603  0.000847 0.965923 0.258827  1.030438 0.534065 1 0 1.000000
0  -8.803674 6.865955 -2.784079  0.201649 0.946083 0.253505  1.030438 0.532476 1 0 1.000000
walllight001a
0  8.708289 5.869433 -3.780604  0.201313 -0.253514 -0.946152  1.202360 0.433869 1 0 1.000000
0  -8.702811 5.869431 -3.780605  -0.201323 -0.253522 -0.946148  1.202359 0.008762 1 0 1.000000
0  -8.702811 6.655365 -3.570014  -0.201322 0.692624 -0.692634  1.181799 0.008762 1 0 1.000000
walllight001a
0  8.758788 6.626614 -3.541259  -0.000850 0.707102 -0.707111  1.050883 0.463877 1 0 1.000000
0  8.758788 6.826680 -2.794603  -0.000843 0.965926 0.258816  1.030438 0.463877 1 0 1.000000
0  8.809152 6.865958 -2.784078  -0.201782 0.946059 0.253490  1.030438 0.465466 1 0 1.000000
walllight001a
0  8.708289 8.211854 -2.208734  0.201322 -0.253525 0.946147  1.132863 0.433877 1 0 1.000000
0  8.708289 7.636510 -2.784079  0.201311 -0.946152 0.253517  1.112300 0.433870 1 0 1.000000
0  8.758788 7.675789 -2.794603  -0.000853 -0.965924 0.258826  1.112299 0.435459 1 0 1.000000
walllight001a
0  8.758788 5.879958 -3.741325  -0.000847 -0.258818 -0.965926  1.071332 0.463877 1 0 1.000000
0  8.758788 6.626614 -3.541259  -0.000850 0.707102 -0.707111  1.050883 0.463877 1 0 1.000000
0  8.809152 6.655368 -3.570013  -0.201753 0.692573 -0.692559  1.050883 0.465466 1 0 1.000000
walllight001a
0  8.708290 7.847100 3.563678  0.201329 -0.692624 0.692631  0.091739 0.433871 1 0 1.000000
0  8.708290 7.636510 2.777742  0.201322 -0.946148 -0.253521  0.112300 0.433871 1 0 1.000000
0  8.758789 7.675789 2.788266  -0.000861 -0.965922 -0.258833  0.112298 0.435457 1 0 1.000000
walllight001a
0  -8.803674 8.211851 2.202398  0.201652 -0.253497 -0.946085  0.009970 0.490360 1 0 1.000000
0  -8.753310 8.222376 2.241676  0.000844 -0.258816 -0.965926  0.010243 0.488773 1 0 1.000000
0  -8.753310 7.675786 2.788266  0.000845 -0.965927 -0.258814  0.030439 0.488773 1 0 1.000000
walllight001a
0  -8.753310 5.879955 -3.741326  0.000836 -0.258821 -0.965925  1.071332 0.534065 1 0 1.000000
0  -8.753310 5.333364 -3.194736  0.000843 -0.965926 -0.258815  1.091783 0.534065 1 0 1.000000
0  -8.803674 5.294086 -3.205261  0.201661 -0.946081 -0.253503  1.091785 0.532476 1 0 1.000000
walllight001a
0  8.809152 9.208380 3.198924  -0.201742 0.946068 0.253488  0.050883 0.440886 1 0 1.000000
0  8.809152 8.633035 3.774268  -0.201778 0.253502 0.946056  0.071334 0.440886 1 0 1.000000
0  9.579562 8.633035 3.774268  0.000000 0.258819 0.965926  0.071333 0.459910 1 0 1.000000
walllight001a
0  -8.753310 6.626611 -3.541260  0.000848 0.707112 -0.707101  1.181798 0.007166 1 0 1.000000
0  -8.702811 6.655365 -3.570014  -0.201322 0.692624 -0.692634  1.181799 0.008762 1 0 1.000000
0  -8.702811 5.869431 -3.780605  -0.201323 -0.253522 -0.946148  1.202359 0.008762 1 0 1.000000
walllight001a
0  -8.702811 7.847098 -3.570014  -0.201335 -0.692625 -0.692629  1.091739 0.008763 1 0 1.000000
0  -8.702811 7.636507 -2.784079  -0.201369 -0.946138 0.253521  1.112300 0.008763 1 0 1.000000
0  -8.753310 7.675786 -2.794604  0.000855 -0.965926 0.258818  1.112299 0.007175 1 0 1.000000
walllight001a
0  8.708290 8.633035 3.774268  0.201340 0.253508 0.946148  0.071178 0.433871 1 0 1.000000
0  8.758788 8.622510 3.734989  -0.000834 0.258816 0.965926  0.071179 0.435452 1 0 1.000000
0  8.758788 9.169101 3.188399  -0.000836 0.965927 0.258812  0.050617 0.435448 1 0 1.000000
walllight001a
0  8.708290 5.504679 2.412989  0.201253 -0.692638 -0.692639  0.243481 0.433869 1 0 1.000000
0  8.708290 6.290614 2.202398  0.201228 0.253523 -0.946168  0.264043 0.433876 1 0 1.000000
0  8.731402 6.287951 2.212338  0.571751 0.212344 -0.792471  0.263970 0.434496 1 0 1.000000
walllight001a
0  8.758789 8.222379 2.241677  -0.001212 -0.258819 -0.965925  0.010242 0.439297 1 0 1.000000
0  8.758789 8.969035 2.441743  -0.000862 0.707104 -0.707109  0.030437 0.439297 1 0 1.000000
0  8.809152 8.997789 2.412989  -0.201807 0.692557 -0.692560  0.030438 0.440886 1 0 1.000000
walllight001a
0  8.809152 7.847101 -3.570014  -0.201773 -0.692563 -0.692563  1.091785 0.440886 1 0 1.000000
0  8.809151 7.636510 -2.784079  -0.201686 -0.946074 0.253507  1.112230 0.440886 1 0 1.000000
0  8.758788 7.675789 -2.794603  -0.000853 -0.965924 0.258826  1.112231 0.439297 1 0 1.000000
walllight001a
0  8.708290 5.294088 3.198924  0.201268 -0.946160 0.253520  0.222920 0.433869 1 0 1.000000
0  8.731402 5.304028 3.196261  0.571727 -0.792488 0.212346  0.222920 0.434480 1 0 1.000000
0  8.731402 5.872096 3.764329  0.571693 -0.212349 0.792512  0.202359 0.434482 1 0 1.000000
walllight001a
0  8.708290 6.655367 3.563678  0.201213 0.692643 0.692646  0.181798 0.433869 1 0 1.000000
0  8.708290 5.869432 3.774268  0.201219 -0.253530 0.946168  0.202359 0.433869 1 0 1.000000
0  8.731402 5.872096 3.764329  0.571693 -0.212349 0.792512  0.202359 0.434482 1 0 1.000000
walllight001a
0  -8.803672 5.504676 2.412988  0.201718 -0.692578 -0.692564  0.112230 0.532476 1 0 1.000000
0  -8.803672 6.290611 2.202398  0.201679 0.253500 -0.946078  0.132698 0.532476 1 0 1.000000
0  -8.753308 6.280087 2.241677  0.001168 0.258828 -0.965923  0.132425 0.534064 1 0 1.000000
walllight001a
0  -8.753310 8.622508 -3.741326  0.000840 0.258819 -0.965926  1.071333 0.488771 1 0 1.000000
0  -8.753310 7.875852 -3.541260  0.001329 -0.707102 -0.707110  1.050884 0.488771 1 0 1.000000
0  -8.803674 7.847098 -3.570014  0.201656 -0.692577 -0.692584  1.050882 0.490360 1 0 1.000000
walllight001a
0  -8.803674 8.633033 3.774267  0.201752 0.253500 0.946062  0.071334 0.490360 1 0 1.000000
0  -8.803674 9.208377 3.198923  0.201692 0.946072 0.253513  0.091785 0.490360 1 0 1.000000
0  -9.574084 9.208377 3.198923  0.000000 0.965921 0.258835  0.091787 0.509384 1 0 1.000000
walllight001a
0  8.786059 6.648079 3.556389  -0.572779 0.579628 0.579617  0.050882 0.464853 1 0 1.000000
0  8.786059 5.872100 3.764313  -0.572780 -0.212162 0.791777  0.071334 0.464853 1 0 1.000000
0  8.809153 5.869432 3.774268  -0.201601 -0.253506 0.946093  0.071334 0.465467 1 0 1.000000
walllight001a
0  8.786059 5.872100 3.764313  -0.572780 -0.212162 0.791777  0.071334 0.464853 1 0 1.000000
0  8.786059 5.304044 3.196256  -0.572807 -0.791759 0.212157  0.091784 0.464853 1 0 1.000000
0  8.809153 5.294088 3.198924  -0.201680 -0.946076 0.253505  0.091785 0.465467 1 0 1.000000
walllight001a
0  9.579563 8.997789 2.412989  0.000000 0.707096 -0.707118  0.030422 0.459910 1 0 1.000000
0  9.579563 8.211854 2.202398  0.000000 -0.258819 -0.965926  0.009908 0.459910 1 0 1.000000
0  8.809152 8.211854 2.202398  -0.201803 -0.253496 -0.946052  0.009970 0.440886 1 0 1.000000
walllight001a
0  8.786059 6.287947 2.212355  -0.572808 0.212165 -0.791755  0.010041 0.464853 1 0 1.000000
0  8.758789 6.280089 2.241677  -0.001253 0.258812 -0.965927  0.010241 0.463879 1 0 1.000000
0  8.758789 6.826679 2.788268  -0.001234 0.965926 -0.258817  0.030439 0.463879 1 0 1.000000
walllight001a
0  -8.753310 5.533431 -2.448079  0.000841 -0.707104 0.707109  1.243479 0.007172 1 0 1.000000
0  -8.702811 5.504676 -2.419325  -0.201372 -0.692621 0.692623  1.243481 0.008762 1 0 1.000000
0  -8.702811 6.290611 -2.208735  -0.201330 0.253520 0.946147  1.264044 0.008755 1 0 1.000000
walllight001a
0  -8.702811 8.211851 2.202398  -0.201332 -0.253516 -0.946148  0.009494 0.008757 1 0 1.000000
0  -8.753310 8.222376 2.241676  0.000844 -0.258816 -0.965926  0.009771 0.007145 1 0 1.000000
0  -8.753310 8.969032 2.441743  0.000841 0.707111 -0.707102  0.030055 0.007175 1 0 1.000000
walllight001a
0  -8.803672 5.294086 3.198924  0.201630 -0.946086 0.253508  0.091785 0.532476 1 0 1.000000
0  -8.803674 5.869430 3.774268  0.201754 -0.253477 0.946068  0.071333 0.532476 1 0 1.000000
0  -9.574084 5.869430 3.774267  -0.000001 -0.258835 0.965922  0.071334 0.513452 1 0 1.000000
walllight001a
0  -8.753310 8.622508 -3.741326  0.000840 0.258819 -0.965926  1.071180 0.007175 1 0 1.000000
0  -8.702811 8.633033 -3.780605  -0.201325 0.253516 -0.946149  1.071178 0.008763 1 0 1.000000
0  -8.702811 7.847098 -3.570014  -0.201335 -0.692625 -0.692629  1.091739 0.008763 1 0 1.000000
walllight001a
0  8.708290 5.294088 3.198924  0.201268 -0.946160 0.253520  0.222920 0.433869 1 0 1.000000
0  8.708290 5.504679 2.412989  0.201253 -0.692638 -0.692639  0.243481 0.433869 1 0 1.000000
0  8.731402 5.511956 2.420265  0.571716 -0.580142 -0.580152  0.243480 0.434482 1 0 1.000000
walllight001a
0  8.809151 8.633036 -3.780604  -0.201698 0.253483 -0.946078  1.071334 0.440886 1 0 1.000000
0  9.579562 8.633036 -3.780604  0.000000 0.258820 -0.965926  1.071334 0.459910 1 0 1.000000
0  9.579562 7.847100 -3.570014  -0.000001 -0.707107 -0.707106  1.091787 0.459910 1 0 1.000000
walllight001a
0  8.708289 8.997788 -2.419325  0.201338 0.692624 0.692629  1.030057 0.433871 1 0 1.000000
0  8.708289 8.211854 -2.208734  0.201322 -0.253525 0.946147  1.009494 0.433877 1 0 1.000000
0  8.758788 8.222379 -2.248013  -0.000856 -0.258830 0.965923  1.009772 0.435479 1 0 1.000000
walllight001a
0  -8.803674 6.655365 -3.570014  0.201784 0.692562 -0.692561  1.050883 0.532476 1 0 1.000000
0  -8.803674 6.865955 -2.784079  0.201649 0.946083 0.253505  1.030438 0.532476 1 0 1.000000
0  -8.753310 6.826677 -2.794603  0.000847 0.965923 0.258827  1.030438 0.534065 1 0 1.000000
walllight001a
0  -8.702811 5.294086 -3.205261  -0.201333 -0.946147 -0.253517  1.222920 0.008762 1 0 1.000000
0  -8.753310 5.333364 -3.194736  0.000843 -0.965926 -0.258815  1.222919 0.007175 1 0 1.000000
0  -8.753310 5.879955 -3.741326  0.000836 -0.258821 -0.965925  1.202359 0.007183 1 0 1.000000
walllight001a
0  -8.803672 5.294086 3.198924  0.201630 -0.946086 0.253508  0.091785 0.532476 1 0 1.000000
0  -8.803672 5.504676 2.412988  0.201718 -0.692578 -0.692564  0.112230 0.532476 1 0 1.000000
0  -8.753308 5.533431 2.441742  0.001328 -0.707105 -0.707108  0.112230 0.534064 1 0 1.000000
walllight001a
0  -8.803674 7.636507 -2.784079  0.201725 -0.946068 0.253500  1.030437 0.490360 1 0 1.000000
0  -8.753310 7.675786 -2.794604  0.000855 -0.965926 0.258818  1.030438 0.488773 1 0 1.000000
0  -8.753310 8.222376 -2.248013  0.001499 -0.258816 0.965925  1.010241 0.488773 1 0 1.000000
walllight001a
0  8.708289 7.847101 -3.570014  0.201328 -0.692630 -0.692626  1.091739 0.433871 1 0 1.000000
0  -8.702811 7.847098 -3.570014  -0.201335 -0.692625 -0.692629  1.091739 0.008763 1 0 1.000000
0  -8.702811 8.633033 -3.780605  -0.201325 0.253516 -0.946149  1.071178 0.008763 1 0 1.000000
walllight001a
0  -8.702811 5.294086 -3.205261  -0.201333 -0.946147 -0.253517  1.222920 0.008762 1 0 1.000000
0  -8.702811 5.504676 -2.419325  -0.201372 -0.692621 0.692623  1.243481 0.008762 1 0 1.000000
0  -8.753310 5.533431 -2.448079  0.000841 -0.707104 0.707109  1.243479 0.007172 1 0 1.000000
walllight001a
0  -8.702811 9.208377 -3.205260  -0.201329 0.946163 -0.253460  1.050618 0.008764 1 0 1.000000
0  8.708289 9.208380 -3.205260  0.201310 0.946142 -0.253553  1.050618 0.433870 1 0 1.000000
0  8.708289 8.633036 -3.780604  0.201313 0.253558 -0.946140  1.071179 0.433871 1 0 1.000000
walllight001a
0  -8.702809 5.504676 2.412988  -0.201338 -0.692637 -0.692616  0.243481 0.008762 1 0 1.000000
0  8.708290 5.504679 2.412989  0.201253 -0.692638 -0.692639  0.243481 0.433869 1 0 1.000000
0  8.708290 5.294088 3.198924  0.201268 -0.946160 0.253520  0.222920 0.433869 1 0 1.000000
walllight001a
0  -8.702811 7.847097 3.563677  -0.201340 -0.692627 0.692626  0.091739 0.008763 1 0 1.000000
0  -8.753310 7.875852 3.534923  0.000826 -0.707102 0.707111  0.091739 0.007182 1 0 1.000000
0  -8.753310 7.675786 2.788266  0.000845 -0.965927 -0.258814  0.112298 0.007175 1 0 1.000000
walllight001a
0  -8.753310 6.826677 -2.794603  0.000847 0.965923 0.258827  1.161240 0.007174 1 0 1.000000
0  -8.753310 6.280087 -2.248013  0.000836 0.258819 0.965925  1.140953 0.007145 1 0 1.000000
0  -8.702811 6.290611 -2.208735  -0.201330 0.253520 0.946147  1.140675 0.008755 1 0 1.000000
walllight001a
0  8.708289 8.997788 -2.419325  0.201338 0.692624 0.692629  1.030057 0.433871 1 0 1.000000
0  8.758787 8.969035 -2.448079  -0.000827 0.707104 0.707109  1.030059 0.435457 1 0 1.000000
0  8.758788 9.169101 -3.194735  -0.001438 0.965924 -0.258821  1.050618 0.435468 1 0 1.000000
walllight001a
0  8.731402 6.856019 2.780406  0.571735 0.792482 -0.212349  0.161238 0.434484 1 0 1.000000
0  8.731402 6.648091 3.556401  0.571723 0.580150 0.580138  0.181798 0.434482 1 0 1.000000
0  8.758789 6.626614 3.534924  -0.001268 0.707107 0.707106  0.181798 0.435467 1 0 1.000000
walllight001a
0  -8.803674 9.208377 3.198923  0.201692 0.946072 0.253513  0.091785 0.490360 1 0 1.000000
0  -8.803674 8.997787 2.412988  0.201699 0.692566 -0.692582  0.112230 0.490360 1 0 1.000000
0  -9.574084 8.997787 2.412988  0.000000 0.707119 -0.707095  0.112246 0.509384 1 0 1.000000
walllight001a
0  -8.803674 8.997787 -2.419325  0.201760 0.692566 0.692564  1.112230 0.490360 1 0 1.000000
0  -8.803674 9.208377 -3.205260  0.201741 0.946055 -0.253536  1.091785 0.490360 1 0 1.000000
0  -9.574084 9.208377 -3.205260  0.000000 0.965930 -0.258804  1.091787 0.509384 1 0 1.000000
walllight001a
0  -9.045515 4.424259 -4.330997  0.142976 -0.062840 -0.987729  0.009554 0.735028 1 0 1.000000
0  -9.067394 4.374952 -4.330986  0.109353 -0.131376 -0.985283  0.010840 0.735167 1 0 1.000000
0  -9.597970 4.709597 -4.338189  -0.054511 -0.056734 -0.996900  0.010593 0.751160 1 0 1.000000
walllight001a
0  -8.702811 9.208377 -3.205260  -0.201329 0.946163 -0.253460  1.050618 0.008764 1 0 1.000000
0  -8.702811 8.997787 -2.419325  -0.201312 0.692625 0.692635  1.030057 0.008763 1 0 1.000000
0  8.708289 8.997788 -2.419325  0.201338 0.692624 0.692629  1.030057 0.433871 1 0 1.000000
walllight001a
0  -12.602129 9.220996 3.731534  -0.902328 -0.427762 -0.053136  0.253660 0.481861 1 0 1.000000
0  -12.602129 9.069300 3.731534  -0.922826 -0.385201 -0.003542  0.257363 0.481850 1 0 1.000000
0  -12.200336 9.069300 4.420798  -0.454034 -0.384053 0.803963  0.257420 0.501328 1 0 1.000000
walllight001a
0  -13.185634 9.550246 4.793275  -0.151086 -0.976904 0.151101  0.790603 0.664365 1 0 1.000000
0  13.176085 9.550245 4.793271  0.151095 -0.976902 0.151104  0.790602 0.020690 1 0 1.000000
0  13.176085 9.754358 4.997384  0.151123 -0.151100 0.976898  0.798460 0.020646 1 0 1.000000
walllight001a
0  -8.753310 9.169098 -3.194735  0.000853 0.965926 -0.258817  1.050618 0.007166 1 0 1.000000
0  -8.702811 9.208377 -3.205260  -0.201329 0.946163 -0.253460  1.050618 0.008764 1 0 1.000000
0  -8.702811 8.633033 -3.780605  -0.201325 0.253516 -0.946149  1.071178 0.008763 1 0 1.000000
walllight001a
0  8.708290 8.633035 3.774268  0.201340 0.253508 0.946148  0.071178 0.433871 1 0 1.000000
0  -8.702811 8.633033 3.774267  -0.201307 0.253524 0.946151  0.071178 0.008764 1 0 1.000000
0  -8.702811 7.847097 3.563677  -0.201340 -0.692627 0.692626  0.091739 0.008763 1 0 1.000000
walllight001a
0  8.758789 6.280089 2.241677  -0.001253 0.258812 -0.965927  0.132425 0.463877 1 0 1.000000
0  8.786059 6.287947 2.212355  -0.572808 0.212165 -0.791755  0.132627 0.464853 1 0 1.000000
0  8.786059 5.511968 2.420277  -0.572789 -0.579620 -0.579615  0.112230 0.464853 1 0 1.000000
walllight001a
0  -8.803674 8.997787 -2.419325  0.201760 0.692566 0.692564  1.112230 0.490360 1 0 1.000000
0  -8.803674 8.211851 -2.208735  0.201757 -0.253492 0.946064  1.132698 0.490360 1 0 1.000000
0  -8.753310 8.222376 -2.248013  0.001499 -0.258816 0.965925  1.132426 0.488771 1 0 1.000000
walllight001a
0  -8.753308 6.280087 2.241677  0.001168 0.258828 -0.965923  0.010241 0.534065 1 0 1.000000
0  -8.803672 6.290611 2.202398  0.201679 0.253500 -0.946078  0.009970 0.532476 1 0 1.000000
0  -8.803674 6.865955 2.777742  0.201753 0.946066 -0.253486  0.030437 0.532476 1 0 1.000000
walllight001a
0  -8.753310 5.879954 3.734989  0.000840 -0.258827 0.965923  0.071333 0.534065 1 0 1.000000
0  -8.753310 6.626611 3.534923  0.000852 0.707109 0.707104  0.050884 0.534065 1 0 1.000000
0  -8.803674 6.655365 3.563677  0.201654 0.692581 0.692580  0.050882 0.532476 1 0 1.000000
walllight001a
0  -12.356007 9.220996 4.509158  0.902341 -0.427275 0.056718  0.249225 0.501301 1 0 1.000000
0  -12.356007 9.069300 4.509158  0.923109 -0.384474 0.007018  0.245522 0.501291 1 0 1.000000
0  -12.751985 9.069300 3.821067  0.456919 -0.384838 -0.801950  0.245574 0.481909 1 0 1.000000
walllight001a
0  8.708290 7.847100 3.563678  0.201329 -0.692624 0.692631  0.091739 0.433871 1 0 1.000000
0  -8.702811 7.847097 3.563677  -0.201340 -0.692627 0.692626  0.091739 0.008763 1 0 1.000000
0  -8.702811 7.636507 2.777741  -0.201312 -0.946161 -0.253483  0.112300 0.008764 1 0 1.000000
walllight001a
0  8.758788 5.333367 -3.194735  -0.000834 -0.965926 -0.258817  1.091783 0.463877 1 0 1.000000
0  8.758788 5.879958 -3.741325  -0.000847 -0.258818 -0.965926  1.071332 0.463877 1 0 1.000000
0  8.809152 5.869433 -3.780604  -0.201815 -0.253494 -0.946051  1.071334 0.465466 1 0 1.000000
walllight001a
0  -8.803674 9.208377 -3.205260  0.201741 0.946055 -0.253536  1.091785 0.490360 1 0 1.000000
0  -8.803674 8.633033 -3.780605  0.201804 0.253480 -0.946056  1.071334 0.490360 1 0 1.000000
0  -9.574084 8.633033 -3.780605  0.000000 0.258835 -0.965921  1.071334 0.509384 1 0 1.000000
walllight001a
0  8.758787 8.969035 -2.448079  -0.000827 0.707104 0.707109  1.030439 0.439297 1 0 1.000000
0  8.809151 8.997788 -2.419325  -0.201759 0.692573 0.692558  1.030437 0.440886 1 0 1.000000
0  8.809151 9.208380 -3.205260  -0.201741 0.946069 -0.253482  1.050882 0.440886 1 0 1.000000
walllight001a
0  8.809152 7.847100 3.563678  -0.201820 -0.692546 0.692567  0.091785 0.440886 1 0 1.000000
0  9.579563 7.847100 3.563678  0.000000 -0.707118 0.707095  0.091786 0.459910 1 0 1.000000
0  9.579562 8.633035 3.774268  0.000000 0.258819 0.965926  0.071333 0.459910 1 0 1.000000
walllight001a
0  8.786059 6.648079 3.556389  -0.572779 0.579628 0.579617  0.050882 0.464853 1 0 1.000000
0  8.758789 6.626614 3.534924  -0.001268 0.707107 0.707106  0.050884 0.463879 1 0 1.000000
0  8.758789 5.879957 3.734990  -0.001261 -0.258839 0.965920  0.071334 0.463879 1 0 1.000000
walllight001a
0  9.579563 6.290614 2.202398  0.000000 0.258819 -0.965926  0.132759 0.484491 1 0 1.000000
0  9.579563 5.504680 2.412989  0.000001 -0.707106 -0.707108  0.112246 0.484491 1 0 1.000000
0  8.809153 5.504679 2.412989  -0.201673 -0.692580 -0.692576  0.112230 0.465467 1 0 1.000000
walllight001a
0  8.786059 5.511968 2.420277  -0.572789 -0.579620 -0.579615  0.112230 0.464853 1 0 1.000000
0  8.786059 6.287947 2.212355  -0.572808 0.212165 -0.791755  0.132627 0.464853 1 0 1.000000
0  8.809153 6.290614 2.202398  -0.201635 0.253500 -0.946087  0.132698 0.465467 1 0 1.000000
walllight001a
0  8.809152 5.504679 -2.419324  -0.201796 -0.692559 0.692561  1.112230 0.465466 1 0 1.000000
0  8.809152 6.290614 -2.208734  -0.201802 0.253487 0.946055  1.132698 0.465466 1 0 1.000000
0  8.758788 6.280089 -2.248013  -0.000836 0.258813 0.965927  1.132425 0.463877 1 0 1.000000
walllight001a
0  8.809151 7.636510 -2.784079  -0.201686 -0.946074 0.253507  1.112230 0.440886 1 0 1.000000
0  8.809152 7.847101 -3.570014  -0.201773 -0.692563 -0.692563  1.091785 0.440886 1 0 1.000000
0  9.579562 7.847100 -3.570014  -0.000001 -0.707107 -0.707106  1.091787 0.459910 1 0 1.000000
walllight001a
0  8.708290 7.636510 2.777742  0.201322 -0.946148 -0.253521  0.112300 0.433871 1 0 1.000000
0  8.708290 8.211854 2.202398  0.201265 -0.253521 -0.946160  0.132862 0.433878 1 0 1.000000
0  8.758789 8.222379 2.241677  -0.001212 -0.258819 -0.965925  0.132585 0.435487 1 0 1.000000
walllight001a
0  8.708289 6.290614 -2.208734  0.201325 0.253515 0.946149  1.264044 0.433876 1 0 1.000000
0  8.708289 5.504679 -2.419324  0.201311 -0.692631 0.692630  1.243481 0.433869 1 0 1.000000
0  8.758788 5.533433 -2.448078  -0.000848 -0.707105 0.707108  1.243479 0.435457 1 0 1.000000
walllight001a
0  8.786059 5.511968 2.420277  -0.572789 -0.579620 -0.579615  0.112230 0.464853 1 0 1.000000
0  8.809153 5.504679 2.412989  -0.201673 -0.692580 -0.692576  0.112230 0.465467 1 0 1.000000
0  8.809153 5.294088 3.198924  -0.201680 -0.946076 0.253505  0.091785 0.465467 1 0 1.000000
walllight001a
0  -8.753310 5.533431 -2.448079  0.000841 -0.707104 0.707109  1.112228 0.534064 1 0 1.000000
0  -8.803674 5.504676 -2.419325  0.201681 -0.692594 0.692559  1.112231 0.532476 1 0 1.000000
0  -8.803674 5.294086 -3.205261  0.201661 -0.946081 -0.253503  1.091785 0.532476 1 0 1.000000
walllight001a
0  -9.574084 6.865955 2.777742  0.000000 0.965922 -0.258834  0.030422 0.513452 1 0 1.000000
0  -8.803674 6.865955 2.777742  0.201753 0.946066 -0.253486  0.030437 0.532476 1 0 1.000000
0  -8.803672 6.290611 2.202398  0.201679 0.253500 -0.946078  0.009970 0.532476 1 0 1.000000
walllight001a
0  -8.803674 7.636507 -2.784079  0.201725 -0.946068 0.253500  1.030437 0.490360 1 0 1.000000
0  -9.574084 7.636507 -2.784079  0.000000 -0.965926 0.258819  1.030422 0.509384 1 0 1.000000
0  -9.574084 7.847098 -3.570015  0.000000 -0.707106 -0.707107  1.050881 0.509384 1 0 1.000000
walllight001a
0  8.708290 9.208380 3.198924  0.201323 0.946146 0.253527  0.050617 0.433871 1 0 1.000000
0  -8.702811 9.208377 3.198923  -0.201321 0.946150 0.253514  0.050617 0.008763 1 0 1.000000
0  -8.702811 8.633033 3.774267  -0.201307 0.253524 0.946151  0.071178 0.008764 1 0 1.000000
walllight001a
0  8.708290 6.865958 2.777743  0.201194 0.946175 -0.253523  0.161237 0.433869 1 0 1.000000
0  8.708290 6.655367 3.563678  0.201213 0.692643 0.692646  0.181798 0.433869 1 0 1.000000
0  8.731402 6.648091 3.556401  0.571723 0.580150 0.580138  0.181798 0.434482 1 0 1.000000
walllight001a
0  8.708289 6.655368 -3.570013  0.201317 0.692634 -0.692625  1.181799 0.433869 1 0 1.000000
0  8.758788 6.626614 -3.541259  -0.000850 0.707102 -0.707111  1.181800 0.435457 1 0 1.000000
0  8.758788 5.879958 -3.741325  -0.000847 -0.258818 -0.965926  1.202361 0.435457 1 0 1.000000
walllight001a
0  12.646459 9.069302 4.544518  0.553931 -0.339952 0.759996  0.157362 0.494216 1 0 1.000000
0  12.646459 9.542598 4.544518  0.567117 0.000000 0.823637  0.145813 0.494163 1 0 1.000000
0  12.636665 9.542599 4.547996  0.079312 -0.000001 0.996850  0.145815 0.493909 1 0 1.000000
walllight001a
0  12.301413 9.069302 4.486155  -0.602810 -0.384050 0.699376  0.157463 0.485674 1 0 1.000000
0  12.301413 9.220998 4.486155  -0.616230 -0.059806 0.785292  0.153748 0.485634 1 0 1.000000
0  12.299386 9.220998 4.480484  -0.923657 -0.379218 -0.055243  0.153755 0.485489 1 0 1.000000
walllight001a
0  8.708290 6.865958 2.777743  0.201194 0.946175 -0.253523  0.161237 0.433869 1 0 1.000000
0  -8.702811 6.865955 2.777742  -0.201336 0.946132 -0.253572  0.161238 0.008762 1 0 1.000000
0  -8.702811 6.655365 3.563677  -0.201387 0.692620 0.692619  0.181798 0.008762 1 0 1.000000
walllight001a
0  12.323029 9.542598 -3.507802  -0.589076 -0.000000 0.808078  0.169537 0.460664 1 0 1.000000
0  12.323028 9.069302 -3.507802  -0.574184 -0.340040 0.744772  0.181085 0.460828 1 0 1.000000
0  12.332724 9.069302 -3.504062  -0.074618 -0.339995 0.937462  0.181081 0.461056 1 0 1.000000
walllight001a
0  8.758789 5.879957 3.734990  -0.001261 -0.258839 0.965920  0.202357 0.435457 1 0 1.000000
0  8.731402 5.872096 3.764329  0.571693 -0.212349 0.792512  0.202359 0.434482 1 0 1.000000
0  8.731402 5.304028 3.196261  0.571727 -0.792488 0.212346  0.222920 0.434480 1 0 1.000000
walllight001a
0  -8.753310 6.826677 -2.794603  0.000847 0.965923 0.258827  1.161240 0.007174 1 0 1.000000
0  -8.702811 6.865955 -2.784079  -0.201307 0.946152 0.253519  1.161238 0.008762 1 0 1.000000
0  -8.702811 6.655365 -3.570014  -0.201322 0.692624 -0.692634  1.181799 0.008762 1 0 1.000000
walllight001a
0  -12.157791 9.220996 -3.675055  0.775755 -0.427271 -0.464375  0.253797 0.452252 1 0 1.000000
0  -12.157791 9.069300 -3.675054  0.764769 -0.384389 -0.517081  0.257501 0.452262 1 0 1.000000
0  -12.873866 9.069300 -4.017844  -0.077703 -0.384859 -0.919699  0.257448 0.471644 1 0 1.000000
walllight001a
0  -8.702811 8.211851 -2.208735  -0.201332 -0.253513 0.946148  1.009494 0.008757 1 0 1.000000
0  -8.702811 8.997787 -2.419325  -0.201312 0.692625 0.692635  1.030057 0.008763 1 0 1.000000
0  -8.753310 8.969032 -2.448079  0.000332 0.707109 0.707105  1.030057 0.007185 1 0 1.000000
walllight001a
0  8.809151 7.636510 -2.784079  -0.201686 -0.946074 0.253507  1.112230 0.440886 1 0 1.000000
0  9.579562 7.636510 -2.784078  -0.000000 -0.965926 0.258820  1.112246 0.459910 1 0 1.000000
0  9.579562 8.211854 -2.208734  -0.000000 -0.258835 0.965922  1.132759 0.459910 1 0 1.000000
walllight001a
0  12.935735 9.069302 4.197226  0.935137 -0.339963 -0.099718  0.157326 0.505255 1 0 1.000000
0  12.935735 9.542598 4.197227  0.996851 -0.000003 -0.079298  0.145772 0.505251 1 0 1.000000
0  12.933849 9.542598 4.207446  0.902945 -0.000003 0.429756  0.145772 0.504997 1 0 1.000000
walllight001a
0  -10.134326 5.760455 -4.283214  -0.994469 -0.074630 -0.073908  0.012747 0.781008 1 0 1.000000
0  -10.134326 5.760454 4.244130  -0.994451 -0.074847 0.073924  0.220909 0.781014 1 0 1.000000
0  -10.170468 9.083708 4.244130  -0.994954 -0.069960 0.071923  0.220932 0.862157 1 0 1.000000
walllight001a
0  12.201057 9.232998 4.467643  -0.381152 -0.339944 0.859745  0.153450 0.483136 1 0 1.000000
0  12.201057 9.542599 4.467643  -0.429739 0.000000 0.902953  0.145900 0.483086 1 0 1.000000
0  12.193150 9.542599 4.460901  -0.823634 0.000001 0.567122  0.145902 0.482832 1 0 1.000000
walllight001a
0  8.731402 5.511956 2.420265  0.571716 -0.580142 -0.580152  0.243480 0.434482 1 0 1.000000
0  8.731402 6.287951 2.212338  0.571751 0.212344 -0.792471  0.263970 0.434496 1 0 1.000000
0  8.758789 6.280089 2.241677  -0.001253 0.258812 -0.965927  0.263767 0.435476 1 0 1.000000
walllight001a
0  -12.846277 9.542596 -3.667343  -0.649475 0.000000 0.760383  0.216408 0.460921 1 0 1.000000
0  -12.846276 9.069300 -3.667343  -0.591306 -0.339986 0.731278  0.227957 0.461059 1 0 1.000000
0  -12.446470 9.069300 -3.476645  -0.196135 -0.339989 0.919749  0.227840 0.471869 1 0 1.000000
walllight001a
0  8.708290 8.633035 3.774268  0.201340 0.253508 0.946148  0.071178 0.433871 1 0 1.000000
0  8.708290 7.847100 3.563678  0.201329 -0.692624 0.692631  0.091739 0.433871 1 0 1.000000
0  8.758789 7.875854 3.534923  -0.000845 -0.707109 0.707104  0.091740 0.435459 1 0 1.000000
walllight001a
0  8.708290 5.504679 2.412989  0.201253 -0.692638 -0.692639  0.243481 0.433869 1 0 1.000000
0  -8.702809 5.504676 2.412988  -0.201338 -0.692637 -0.692616  0.243481 0.008762 1 0 1.000000
0  -8.702809 6.290611 2.202398  -0.201310 0.253519 -0.946151  0.264043 0.008755 1 0 1.000000
walllight001a
0  8.708289 7.636510 -2.784079  0.201311 -0.946152 0.253517  1.112300 0.433870 1 0 1.000000
0  -8.702811 7.636507 -2.784079  -0.201369 -0.946138 0.253521  1.112300 0.008763 1 0 1.000000
0  -8.702811 7.847098 -3.570014  -0.201335 -0.692625 -0.692629  1.091739 0.008763 1 0 1.000000
walllight001a
0  -8.753310 8.622508 3.734989  0.000851 0.258813 0.965927  0.071180 0.007177 1 0 1.000000
0  -8.702811 8.633033 3.774267  -0.201307 0.253524 0.946151  0.071178 0.008764 1 0 1.000000
0  -8.702811 9.208377 3.198923  -0.201321 0.946150 0.253514  0.050617 0.008763 1 0 1.000000
walllight001a
0  8.809152 8.633035 3.774268  -0.201778 0.253502 0.946056  0.071334 0.440886 1 0 1.000000
0  8.809152 9.208380 3.198924  -0.201742 0.946068 0.253488  0.050883 0.440886 1 0 1.000000
0  8.758788 9.169101 3.188399  -0.000836 0.965927 0.258812  0.050883 0.439297 1 0 1.000000
walllight001a
0  -9.574084 5.504676 -2.419325  0.000000 -0.707118 0.707095  1.112246 0.513452 1 0 1.000000
0  -9.574084 5.294086 -3.205261  0.000000 -0.965926 -0.258820  1.091787 0.513452 1 0 1.000000
0  -8.803674 5.294086 -3.205261  0.201661 -0.946081 -0.253503  1.091785 0.532476 1 0 1.000000
walllight001a
0  12.896368 9.069302 -3.899508  0.338657 -0.384502 -0.858760  0.180947 0.480489 1 0 1.000000
0  12.896368 9.220998 -3.899508  0.377538 -0.427319 -0.821501  0.177233 0.480478 1 0 1.000000
0  12.900139 9.220998 -3.894831  0.991630 -0.125307 -0.031131  0.177225 0.480331 1 0 1.000000
walllight001a
0  12.896368 9.220998 -3.899508  0.377538 -0.427319 -0.821501  0.253797 0.541319 1 0 1.000000
0  12.896368 9.069302 -3.899508  0.338657 -0.384502 -0.858760  0.257501 0.541329 1 0 1.000000
0  12.111884 9.069302 -3.777635  -0.583819 -0.384903 -0.714846  0.257448 0.560711 1 0 1.000000
walllight001a
0  -8.803674 5.869430 3.774268  0.201754 -0.253477 0.946068  0.071333 0.532476 1 0 1.000000
0  -8.803672 5.294086 3.198924  0.201630 -0.946086 0.253508  0.091785 0.532476 1 0 1.000000
0  -8.753308 5.333364 3.188399  0.000843 -0.965927 0.258815  0.091783 0.534065 1 0 1.000000
walllight001a
0  8.786059 6.648079 3.556389  -0.572779 0.579628 0.579617  0.050882 0.464853 1 0 1.000000
0  8.809153 6.655367 3.563678  -0.201673 0.692582 0.692574  0.050883 0.465467 1 0 1.000000
0  8.809153 6.865958 2.777743  -0.201638 0.946085 -0.253505  0.030437 0.465467 1 0 1.000000
walllight001a
0  8.758788 7.875854 -3.541260  -0.000845 -0.707110 -0.707103  1.091783 0.439297 1 0 1.000000
0  8.758788 8.622511 -3.741325  -0.000852 0.258816 -0.965926  1.071332 0.439297 1 0 1.000000
0  8.809151 8.633036 -3.780604  -0.201698 0.253483 -0.946078  1.071334 0.440886 1 0 1.000000
walllight001a
0  8.758788 6.626614 -3.541259  -0.000850 0.707102 -0.707111  1.181800 0.435457 1 0 1.000000
0  8.708289 6.655368 -3.570013  0.201317 0.692634 -0.692625  1.181799 0.433869 1 0 1.000000
0  8.708289 6.865958 -2.784078  0.201270 0.946160 0.253519  1.161238 0.433869 1 0 1.000000
walllight001a
0  11.270648 9.435274 4.244127  0.008205 -0.997128 0.075286  0.012755 0.706536 1 0 1.000000
0  10.468047 9.429380 4.244127  0.127657 -0.989196 0.072074  0.012722 0.686936 1 0 1.000000
0  10.468047 9.429380 -4.283217  0.127469 -0.989224 -0.072031  0.220933 0.686939 1 0 1.000000
walllight001a
0  -13.185632 9.754359 -4.997633  -0.150670 -0.150659 -0.977037  0.548670 0.664409 1 0 1.000000
0  -13.185632 9.995246 -4.997633  -0.161828 -0.000000 -0.986819  0.542794 0.664432 1 0 1.000000
0  13.176085 9.995245 -4.997636  0.161801 0.000087 -0.986823  0.542794 0.020623 1 0 1.000000
walllight001a
0  -10.474313 9.429379 -4.283215  -0.127798 -0.989173 -0.072136  0.012723 0.874439 1 0 1.000000
0  -10.474313 9.429379 4.244130  -0.127533 -0.989209 0.072114  0.220933 0.874436 1 0 1.000000
0  -11.276914 9.435270 4.244130  -0.008140 -0.997130 0.075276  0.220900 0.894035 1 0 1.000000
walllight001a
0  12.109724 9.069302 -3.772045  -0.912802 -0.384899 0.136546  0.181245 0.452548 1 0 1.000000
0  12.109724 9.220998 -3.772045  -0.979361 -0.059562 0.193144  0.177530 0.452481 1 0 1.000000
0  12.111884 9.220998 -3.777635  -0.662351 -0.379517 -0.645955  0.177537 0.452336 1 0 1.000000
walllight001a
0  12.677960 9.069302 3.754310  0.603777 -0.384907 -0.698069  0.157807 0.452552 1 0 1.000000
0  12.677960 9.220998 3.754310  0.616709 -0.059505 -0.784939  0.154093 0.452484 1 0 1.000000
0  12.679961 9.220998 3.759959  0.923312 -0.379526 0.058784  0.154100 0.452340 1 0 1.000000
walllight001a
0  -13.389747 9.754359 4.793275  -0.976895 -0.151079 0.151168  0.790721 0.672182 1 0 1.000000
0  -13.389747 9.995247 4.793275  -0.986718 -0.000000 0.162442  0.790784 0.678046 1 0 1.000000
0  -13.389745 9.995246 -4.793519  -0.986819 0.000000 -0.161826  0.556346 0.678045 1 0 1.000000
walllight001a
0  12.164031 9.220999 4.363353  0.248539 -0.427352 0.869252  0.249225 0.530990 1 0 1.000000
0  12.164031 9.069302 4.363353  0.302277 -0.384460 0.872249  0.245522 0.530980 1 0 1.000000
0  12.679961 9.069302 3.759959  0.908572 -0.384921 0.162271  0.245574 0.511598 1 0 1.000000
walllight001a
0  -12.254338 9.069301 3.726350  0.218891 -0.339980 -0.914604  0.204201 0.505253 1 0 1.000000
0  -12.254339 9.542597 3.726350  0.258780 0.000002 -0.965936  0.192647 0.505249 1 0 1.000000
0  -12.245338 9.542596 3.731546  0.707083 0.000002 -0.707131  0.192647 0.504994 1 0 1.000000
walllight001a
0  12.044933 9.069303 4.043477  -0.935128 -0.339969 0.099784  0.157527 0.472099 1 0 1.000000
0  12.044932 9.542599 4.043477  -0.996851 -0.000001 0.079301  0.145973 0.472010 1 0 1.000000
0  12.046818 9.542599 4.033257  -0.902946 0.000000 -0.429753  0.145975 0.471755 1 0 1.000000
walllight001a
0  12.334208 9.542599 3.696186  -0.567117 0.000000 -0.823637  0.146096 0.460922 1 0 1.000000
0  12.334208 9.069302 3.696186  -0.553928 -0.340051 -0.759953  0.157644 0.461060 1 0 1.000000
0  12.046818 9.069303 4.033257  -0.838028 -0.339911 -0.426814  0.157528 0.471871 1 0 1.000000
walllight001a
0  8.786059 6.287947 2.212355  -0.572808 0.212165 -0.791755  0.010041 0.464853 1 0 1.000000
0  8.786059 6.856002 2.780411  -0.572788 0.791772 -0.212159  0.030437 0.464853 1 0 1.000000
0  8.809153 6.865958 2.777743  -0.201638 0.946085 -0.253505  0.030437 0.465467 1 0 1.000000
walllight001a
0  12.864698 9.063301 -4.081779  0.364836 -0.920525 0.139742  0.245395 0.541398 1 0 1.000000
0  12.085700 9.063302 -3.956300  -0.301753 -0.921448 0.244701  0.245451 0.560662 1 0 1.000000
0  12.209082 9.063302 -4.276238  -0.311016 -0.868810 -0.385278  0.238206 0.556467 1 0 1.000000
walllight001a
0  -10.115512 9.085905 4.299105  -0.070940 -0.005719 0.997464  0.223097 0.862161 1 0 1.000000
0  -10.061503 9.088065 4.299105  -0.000004 0.000000 1.000000  0.224415 0.862186 1 0 1.000000
0  -10.460490 9.537707 4.299105  -0.000000 0.000000 1.000000  0.224429 0.874340 1 0 1.000000
walllight001a
0  12.295512 9.542599 4.485066  -0.181402 -0.000000 0.983409  0.145886 0.485432 1 0 1.000000
0  12.299263 9.228978 4.485758  -0.405146 -0.201679 0.891730  0.153552 0.485577 1 0 1.000000
0  12.636665 9.069302 4.547995  0.049332 -0.340045 0.939114  0.157364 0.493988 1 0 1.000000
walllight001a
0  -12.436110 9.542597 -3.477461  0.333854 0.000001 0.942625  0.216286 0.472008 1 0 1.000000
0  -12.436110 9.069301 -3.477461  0.337678 -0.339978 0.877718  0.227839 0.472098 1 0 1.000000
0  -12.155528 9.228972 -3.670299  0.566522 -0.000069 0.824047  0.223904 0.480387 1 0 1.000000
walllight001a
0  -12.072367 9.226995 -3.734735  0.446954 -0.868789 0.213160  0.251525 0.450994 1 0 1.000000
0  -12.881134 9.226995 -4.120498  -0.446958 -0.868787 -0.213162  0.251497 0.472870 1 0 1.000000
0  -12.805946 9.226995 -4.172173  -0.451838 -0.891793 -0.023394  0.249570 0.471754 1 0 1.000000
walllight001a
0  -12.197339 9.063299 4.414025  0.000873 -0.920525 0.390683  0.257627 0.501221 1 0 1.000000
0  -12.594707 9.063299 3.732350  -0.336856 -0.921444 -0.193569  0.257571 0.481958 1 0 1.000000
0  -12.251802 9.063299 3.732350  0.247575 -0.868795 -0.428839  0.264816 0.486153 1 0 1.000000
walllight001a
0  12.295512 9.542599 4.485066  -0.181402 -0.000000 0.983409  0.145886 0.485432 1 0 1.000000
0  12.201057 9.542599 4.467643  -0.429739 0.000000 0.902953  0.145900 0.483086 1 0 1.000000
0  12.201057 9.232998 4.467643  -0.381152 -0.339944 0.859745  0.153450 0.483136 1 0 1.000000
walllight001a
0  -12.879278 9.542596 -4.020434  -0.996917 0.000000 0.078458  0.216547 0.452222 1 0 1.000000
0  -12.886917 9.542596 -4.117499  -0.983259 0.000000 -0.182213  0.216580 0.449845 1 0 1.000000
0  -12.886917 9.232996 -4.117499  -0.928963 -0.339973 -0.146446  0.224137 0.449950 1 0 1.000000
walllight001a
0  -12.882443 9.542596 -4.126879  -0.760424 0.000000 -0.649427  0.216098 0.516073 1 0 1.000000
0  -12.806504 9.542596 -4.179070  -0.566400 0.000000 -0.824130  0.216099 0.513823 1 0 1.000000
0  -12.809346 9.232997 -4.177118  -0.630974 -0.282334 -0.722606  0.223664 0.513910 1 0 1.000000
walllight001a
0  -12.356007 9.220996 4.509158  0.902341 -0.427275 0.056718  0.200671 0.480479 1 0 1.000000
0  -12.349545 9.226995 4.508358  0.359656 -0.891275 0.276183  0.200569 0.480581 1 0 1.000000
0  -12.349545 9.232997 4.514358  0.110728 -0.282414 0.952881  0.200364 0.480564 1 0 1.000000
walllight001a
0  -12.157791 9.220996 -3.675055  0.775755 -0.427271 -0.464375  0.224108 0.480480 1 0 1.000000
0  -12.152918 9.226995 -3.679374  0.452805 -0.891291 0.023838  0.224007 0.480583 1 0 1.000000
0  -12.149520 9.232997 -3.674429  0.630991 -0.282456 0.722543  0.223802 0.480565 1 0 1.000000
walllight001a
0  12.103783 9.232998 -3.779405  -0.795653 -0.299852 0.526332  0.177237 0.452242 1 0 1.000000
0  12.108452 9.226998 -3.783174  -0.455855 -0.890051 0.002518  0.177441 0.452232 1 0 1.000000
0  12.111884 9.220998 -3.777635  -0.662351 -0.379517 -0.645955  0.177537 0.452336 1 0 1.000000
walllight001a
0  12.687262 9.232998 3.756026  0.261013 -0.299823 -0.917594  0.153800 0.452246 1 0 1.000000
0  12.686173 9.226998 3.761926  0.344226 -0.890075 -0.298788  0.154004 0.452236 1 0 1.000000
0  12.679961 9.220998 3.759959  0.923312 -0.379526 0.058784  0.154100 0.452340 1 0 1.000000
walllight001a
0  12.687262 9.232998 3.756026  0.261013 -0.299823 -0.917594  0.153800 0.452246 1 0 1.000000
0  12.779610 9.232998 3.773060  0.381180 -0.339995 -0.859712  0.153825 0.449951 1 0 1.000000
0  12.781015 9.226998 3.779421  0.321312 -0.868776 -0.376810  0.154029 0.449884 1 0 1.000000
walllight001a
0  12.210657 9.069302 -4.282559  -0.357952 -0.340041 -0.869622  0.180763 0.505023 1 0 1.000000
0  12.648268 9.069302 -4.351176  0.074616 -0.339966 -0.937473  0.180799 0.494212 1 0 1.000000
0  12.651702 9.063302 -4.345641  0.178156 -0.868788 -0.462025  0.181005 0.494107 1 0 1.000000
walllight001a
0  -12.882443 9.232996 -4.126879  -0.698470 -0.339990 -0.629719  0.223658 0.516077 1 0 1.000000
0  -12.809346 9.232997 -4.177118  -0.630974 -0.282334 -0.722606  0.223664 0.513910 1 0 1.000000
0  -12.805946 9.226995 -4.172173  -0.451838 -0.891793 -0.023394  0.223866 0.513926 1 0 1.000000
walllight001a
0  12.814477 9.220998 3.871218  -0.251841 -0.427751 -0.868104  0.253660 0.511549 1 0 1.000000
0  12.299386 9.220998 4.480484  -0.923657 -0.379218 -0.055243  0.253716 0.531027 1 0 1.000000
0  12.293178 9.226998 4.478535  -0.344913 -0.889547 0.299569  0.253509 0.531090 1 0 1.000000
walllight001a
0  -12.254338 9.232996 4.514358  0.218925 -0.339977 0.914597  0.200326 0.482890 1 0 1.000000
0  -12.349545 9.232997 4.514358  0.110728 -0.282414 0.952881  0.200364 0.480564 1 0 1.000000
0  -12.349545 9.226995 4.508358  0.359656 -0.891275 0.276183  0.200569 0.480581 1 0 1.000000
walllight001a
0  12.872094 9.069302 -4.082168  0.912921 -0.384036 -0.138169  0.180901 0.485671 1 0 1.000000
0  12.872094 9.220998 -4.082168  0.978997 -0.060332 -0.194742  0.177186 0.485631 1 0 1.000000
0  12.869941 9.220998 -4.076545  0.664686 -0.379247 0.643711  0.177192 0.485485 1 0 1.000000
walllight001a
0  -10.467338 9.484015 -4.338190  -0.009973 -0.067446 -0.997673  0.010547 0.874433 1 0 1.000000
0  -10.115512 9.085906 -4.338190  -0.070925 -0.005738 -0.997465  0.010558 0.862165 1 0 1.000000
0  -10.170468 9.083709 -4.283215  -0.994974 -0.069964 -0.071633  0.012723 0.862160 1 0 1.000000
walllight001a
0  -12.194314 9.069300 4.420786  0.457333 -0.384005 0.802114  0.204339 0.485672 1 0 1.000000
0  -12.194314 9.220996 4.420786  0.533875 -0.059830 0.843444  0.200623 0.485632 1 0 1.000000
0  -12.200336 9.220996 4.420799  -0.361059 -0.379247 0.851944  0.200630 0.485487 1 0 1.000000
walllight001a
0  12.323028 9.069302 -3.507802  -0.574184 -0.340040 0.744772  0.181085 0.460828 1 0 1.000000
0  12.109724 9.069302 -3.772045  -0.912802 -0.384899 0.136546  0.181245 0.452548 1 0 1.000000
0  12.117162 9.063302 -3.772383  -0.363012 -0.921165 -0.140275  0.181451 0.452656 1 0 1.000000
walllight001a
0  -12.801078 9.220996 -4.176510  -0.773778 -0.427719 0.467250  0.249362 0.471692 1 0 1.000000
0  -12.079546 9.220996 -3.836047  0.185043 -0.379338 0.906566  0.249306 0.452214 1 0 1.000000
0  -12.079828 9.226995 -3.829545  0.378404 -0.889567 0.255892  0.249513 0.452152 1 0 1.000000
walllight001a
0  12.820358 9.069302 3.872291  0.593142 -0.385243 -0.706945  0.157363 0.513664 1 0 1.000000
0  12.935735 9.069302 4.197226  0.935137 -0.339963 -0.099718  0.157326 0.505255 1 0 1.000000
0  12.930929 9.063302 4.201623  0.487024 -0.868755 0.089846  0.157530 0.505134 1 0 1.000000
walllight001a
0  12.164031 9.220999 4.363353  0.248539 -0.427352 0.869252  0.249225 0.530990 1 0 1.000000
0  12.679961 9.220998 3.759959  0.923312 -0.379526 0.058784  0.249277 0.511608 1 0 1.000000
0  12.686173 9.226998 3.761926  0.344226 -0.890075 -0.298788  0.249484 0.511546 1 0 1.000000
walllight001a
0  -12.359014 9.069300 4.514358  0.466568 -0.384461 0.796557  0.204379 0.480346 1 0 1.000000
0  -12.697295 9.069301 4.514359  -0.218934 -0.340054 0.914566  0.204402 0.472096 1 0 1.000000
0  -12.699831 9.063300 4.508358  -0.247557 -0.868838 0.428762  0.204607 0.471977 1 0 1.000000
walllight001a
0  12.085700 9.063302 -3.956300  -0.301753 -0.921448 0.244701  0.245451 0.560662 1 0 1.000000
0  12.864698 9.063301 -4.081779  0.364836 -0.920525 0.139742  0.245395 0.541398 1 0 1.000000
0  12.869940 9.069302 -4.076545  0.586773 -0.384085 0.712865  0.245602 0.541292 1 0 1.000000
walllight001a
0  12.892966 9.063301 -3.892907  0.303580 -0.920855 -0.244674  0.257707 0.541436 1 0 1.000000
0  12.117162 9.063302 -3.772383  -0.363012 -0.921165 -0.140275  0.257656 0.560604 1 0 1.000000
0  12.111884 9.069302 -3.777635  -0.583819 -0.384903 -0.714846  0.257448 0.560711 1 0 1.000000
walllight001a
0  10.164203 9.083711 4.244127  0.994979 -0.069961 0.071577  0.012723 0.674657 1 0 1.000000
0  10.128060 5.760458 4.244127  0.994461 -0.074828 0.073817  0.012747 0.593514 1 0 1.000000
0  10.128060 5.760458 -4.283217  0.994469 -0.074665 -0.073873  0.220908 0.593508 1 0 1.000000
walllight001a
0  12.164031 9.220999 4.363353  0.248539 -0.427352 0.869252  0.153796 0.480481 1 0 1.000000
0  12.166946 9.226998 4.369175  -0.139876 -0.891299 0.431302  0.153694 0.480584 1 0 1.000000
0  12.161293 9.232998 4.371183  -0.860889 -0.282462 0.423185  0.153489 0.480567 1 0 1.000000
walllight001a
0  12.935735 9.542598 4.197227  0.996851 -0.000003 -0.079298  0.145772 0.505251 1 0 1.000000
0  12.935735 9.069302 4.197226  0.935137 -0.339963 -0.099718  0.157326 0.505255 1 0 1.000000
0  12.819633 9.228971 3.870250  0.942402 0.000085 -0.334484  0.153452 0.513732 1 0 1.000000
walllight001a
0  12.108452 9.226998 -3.783174  -0.455855 -0.890051 0.002518  0.253538 0.560762 1 0 1.000000
0  12.047875 9.226998 -3.858217  -0.489129 -0.868827 0.076763  0.251497 0.561937 1 0 1.000000
0  12.933117 9.226997 -3.997021  0.489171 -0.868808 -0.076706  0.251525 0.540060 1 0 1.000000
walllight001a
0  12.875863 9.542598 -4.077499  0.778116 0.000000 -0.628121  0.169324 0.485428 1 0 1.000000
0  12.873467 9.228977 -4.080468  0.888217 -0.201639 -0.412810  0.176990 0.485574 1 0 1.000000
0  12.657964 9.069302 -4.347436  0.574165 -0.340022 -0.744795  0.180802 0.493984 1 0 1.000000
walllight001a
0  -12.697295 9.542597 4.514359  -0.258823 -0.000000 0.965925  0.192848 0.472007 1 0 1.000000
0  -12.697295 9.069301 4.514359  -0.218934 -0.340054 0.914566  0.204402 0.472096 1 0 1.000000
0  -12.356835 9.228972 4.514358  0.000057 -0.000000 1.000000  0.200466 0.480386 1 0 1.000000
walllight001a
0  12.686173 9.226998 3.761926  0.344226 -0.890075 -0.298788  0.249484 0.511546 1 0 1.000000
0  12.781015 9.226998 3.779421  0.321312 -0.868776 -0.376810  0.251525 0.510372 1 0 1.000000
0  12.199652 9.226998 4.461283  -0.321264 -0.868780 0.376842  0.251497 0.532248 1 0 1.000000
walllight001a
0  -12.251802 9.226995 4.508358  0.247611 -0.868785 0.428838  0.251497 0.502559 1 0 1.000000
0  -12.699831 9.226996 3.732350  -0.247567 -0.868785 -0.428862  0.251525 0.480683 1 0 1.000000
0  -12.608598 9.226995 3.732350  -0.359161 -0.891804 -0.275117  0.253453 0.481799 1 0 1.000000
walllight001a
0  -12.071057 9.542596 -3.728354  0.760416 0.000001 0.649436  0.216214 0.482831 1 0 1.000000
0  -12.152379 9.542596 -3.672464  0.566406 0.000003 0.824127  0.216236 0.480421 1 0 1.000000
0  -12.149520 9.232997 -3.674429  0.630991 -0.282456 0.722543  0.223802 0.480565 1 0 1.000000
walllight001a
0  12.105955 9.542598 -3.776714  -0.778117 -0.000003 0.628119  0.169672 0.452220 1 0 1.000000
0  12.044799 9.542598 -3.852475  -0.914174 0.000000 0.405322  0.169705 0.449842 1 0 1.000000
0  12.044799 9.232998 -3.852475  -0.849140 -0.339993 0.404186  0.177263 0.449948 1 0 1.000000
walllight001a
0  -12.697295 9.542596 3.726350  -0.258816 0.000000 -0.965927  0.192660 0.516072 1 0 1.000000
0  -12.605150 9.542596 3.726350  -0.000001 0.000000 -1.000000  0.192661 0.513822 1 0 1.000000
0  -12.608599 9.232997 3.726350  -0.110805 -0.282370 -0.952885  0.200226 0.513909 1 0 1.000000
walllight001a
0  -12.801078 9.220996 -4.176510  -0.773778 -0.427719 0.467250  0.223969 0.513822 1 0 1.000000
0  -12.805946 9.226995 -4.172173  -0.451838 -0.891793 -0.023394  0.223866 0.513926 1 0 1.000000
0  -12.809346 9.232997 -4.177118  -0.630974 -0.282334 -0.722606  0.223664 0.513910 1 0 1.000000
walllight001a
0  12.082268 9.220998 -3.949670  -0.374301 -0.427763 0.822750  0.177094 0.513820 1 0 1.000000
0  12.080702 9.226998 -3.943340  -0.385904 -0.891810 0.236120  0.176991 0.513923 1 0 1.000000
0  12.075104 9.232998 -3.945499  -0.928928 -0.282351 -0.239521  0.176789 0.513907 1 0 1.000000
walllight001a
0  -12.879549 9.232996 -4.023882  -0.953865 -0.299838 -0.015450  0.224112 0.452244 1 0 1.000000
0  -12.873568 9.226995 -4.024353  -0.377543 -0.890057 -0.255458  0.224316 0.452235 1 0 1.000000
0  -12.873866 9.220996 -4.017844  -0.181654 -0.379603 -0.907140  0.224412 0.452339 1 0 1.000000
walllight001a
0  12.878050 9.232998 -4.074791  0.795559 -0.299948 -0.526419  0.176891 0.485393 1 0 1.000000
0  12.936193 9.232998 -4.002763  0.849157 -0.340013 -0.404134  0.176887 0.483132 1 0 1.000000
0  12.933117 9.226997 -3.997021  0.489171 -0.868808 -0.076706  0.177088 0.483011 1 0 1.000000
walllight001a
0  -12.446470 9.069300 -3.476645  -0.196135 -0.339989 0.919749  0.227840 0.471869 1 0 1.000000
0  -12.846276 9.069300 -3.667343  -0.591306 -0.339986 0.731278  0.227957 0.461059 1 0 1.000000
0  -12.845983 9.063299 -3.673850  -0.408099 -0.868786 0.280475  0.228163 0.460955 1 0 1.000000
walllight001a
0  12.193150 9.232998 4.460901  -0.788611 -0.340003 0.512338  0.153451 0.482893 1 0 1.000000
0  12.161293 9.232998 4.371183  -0.860889 -0.282462 0.423185  0.153489 0.480567 1 0 1.000000
0  12.166946 9.226998 4.369175  -0.139876 -0.891299 0.431302  0.153694 0.480584 1 0 1.000000
walllight001a
0  -12.753248 9.232996 3.812871  -0.777365 -0.299832 -0.552996  0.200675 0.452243 1 0 1.000000
0  -12.706295 9.232996 3.731546  -0.682602 -0.340010 -0.646875  0.200700 0.449949 1 0 1.000000
0  -12.699831 9.226996 3.732350  -0.247567 -0.868785 -0.428862  0.200904 0.449881 1 0 1.000000
walllight001a
0  12.046818 9.069303 4.033257  -0.838028 -0.339911 -0.426814  0.157528 0.471871 1 0 1.000000
0  12.334208 9.069302 3.696186  -0.553928 -0.340051 -0.759953  0.157644 0.461060 1 0 1.000000
0  12.340419 9.063302 3.698149  -0.165654 -0.868836 -0.466565  0.157851 0.460956 1 0 1.000000
walllight001a
0  -12.697295 9.232996 3.726350  -0.218892 -0.339964 -0.914610  0.200221 0.516076 1 0 1.000000
0  -12.608599 9.232997 3.726350  -0.110805 -0.282370 -0.952885  0.200226 0.513909 1 0 1.000000
0  -12.608598 9.226995 3.732350  -0.359161 -0.891804 -0.275117  0.200429 0.513924 1 0 1.000000
walllight001a
0  -11.575690 9.545391 -4.239071  -0.707107 0.002651 -0.707101  0.012416 0.902777 1 0 1.000000
0  -11.451793 9.544927 -4.313410  -0.320916 0.001200 -0.947107  0.010102 0.899115 1 0 1.000000
0  -11.451995 9.490902 -4.313410  -0.320413 -0.073031 -0.944458  0.011341 0.898638 1 0 1.000000
walllight001a
0  8.789867 4.324677 -3.877915  -0.940871 -0.337820 -0.025269  0.211029 0.538955 1 0 1.000000
0  8.808135 4.273834 -3.877916  -0.912745 -0.407683 -0.026286  0.211025 0.540275 1 0 1.000000
0  8.808135 4.273834 3.838827  -0.912917 -0.407334 0.025748  0.022625 0.540280 1 0 1.000000
walllight001a
0  -12.927774 9.069301 4.115158  -0.901507 -0.340013 -0.267725  0.204523 0.460829 1 0 1.000000
0  -12.757977 9.069300 3.821063  -0.455790 -0.384854 -0.802585  0.204682 0.452549 1 0 1.000000
0  -12.754986 9.063300 3.827881  0.000209 -0.921142 -0.389226  0.204888 0.452657 1 0 1.000000
walllight001a
0  -12.245338 9.069300 3.731546  0.682601 -0.340002 -0.646881  0.204200 0.505024 1 0 1.000000
0  -12.023860 9.069300 4.115158  0.901546 -0.339893 -0.267747  0.204237 0.494213 1 0 1.000000
0  -12.027788 9.063299 4.120354  0.495268 -0.868740 -0.000027  0.204443 0.494108 1 0 1.000000
walllight001a
0  -12.801559 9.069300 -4.182469  -0.836055 -0.385272 -0.390611  0.227676 0.513663 1 0 1.000000
0  -12.517390 9.069301 -4.377773  -0.337618 -0.339978 -0.877741  0.227638 0.505254 1 0 1.000000
0  -12.511902 9.063299 -4.374264  -0.038855 -0.868787 -0.493659  0.227843 0.505133 1 0 1.000000
walllight001a
0  -12.594707 9.063299 3.732350  -0.336856 -0.921444 -0.193569  0.257571 0.481958 1 0 1.000000
0  -12.197339 9.063299 4.414025  0.000873 -0.920525 0.390683  0.257627 0.501221 1 0 1.000000
0  -12.200336 9.069300 4.420798  -0.454034 -0.384053 0.803963  0.257420 0.501328 1 0 1.000000
walllight001a
0  -12.602129 9.220996 3.731534  -0.902328 -0.427762 -0.053136  0.253660 0.481861 1 0 1.000000
0  -12.200336 9.220996 4.420799  -0.361059 -0.379247 0.851944  0.253716 0.501339 1 0 1.000000
0  -12.204251 9.226995 4.425996  0.166882 -0.889552 0.425262  0.253509 0.501401 1 0 1.000000
walllight001a
0  12.900139 9.069302 -3.894831  0.911069 -0.384509 -0.148684  0.180941 0.480344 1 0 1.000000
0  12.778420 9.069302 -3.579206  0.774581 -0.339957 0.533341  0.180964 0.472095 1 0 1.000000
0  12.771910 9.063302 -3.578999  0.311039 -0.868789 0.385305  0.181169 0.471975 1 0 1.000000
walllight001a
0  -12.794499 9.063299 -4.180040  -0.387266 -0.921434 0.031365  0.245451 0.471595 1 0 1.000000
0  -12.080913 9.063299 -3.843326  0.221855 -0.920562 0.321474  0.245395 0.452332 1 0 1.000000
0  -12.079546 9.069300 -3.836046  0.081178 -0.384032 0.919744  0.245602 0.452225 1 0 1.000000
walllight001a
0  12.816190 9.063302 3.878485  0.069705 -0.921446 -0.382202  0.257571 0.511647 1 0 1.000000
0  12.306771 9.063302 4.481042  -0.367852 -0.920535 0.131531  0.257627 0.530910 1 0 1.000000
0  12.299386 9.069302 4.480484  -0.909537 -0.384077 -0.158830  0.257420 0.531017 1 0 1.000000
walllight001a
0  -12.697295 9.069301 4.514359  -0.218934 -0.340054 0.914566  0.204402 0.472096 1 0 1.000000
0  -12.697295 9.542597 4.514359  -0.258823 -0.000000 0.965925  0.192848 0.472007 1 0 1.000000
0  -12.706295 9.542596 4.509162  -0.707115 0.000000 0.707098  0.192850 0.471753 1 0 1.000000
walllight001a
0  -12.066584 9.232996 -3.737734  0.928966 -0.339963 0.146446  0.223762 0.483134 1 0 1.000000
0  -12.066584 9.542596 -3.737734  0.983256 0.000000 0.182227  0.216212 0.483085 1 0 1.000000
0  -12.071057 9.542596 -3.728354  0.760416 0.000001 0.649436  0.216214 0.482831 1 0 1.000000
walllight001a
0  12.672536 9.063302 3.759411  0.366837 -0.921160 -0.129983  0.245366 0.511705 1 0 1.000000
0  12.162314 9.063302 4.356128  -0.070986 -0.920844 0.383416  0.245315 0.530873 1 0 1.000000
0  12.049738 9.063302 4.039080  -0.487027 -0.868756 -0.089823  0.238206 0.526757 1 0 1.000000
walllight001a
0  -12.074120 9.542596 -3.833486  0.996917 0.000001 -0.078460  0.216199 0.485430 1 0 1.000000
0  -12.074419 9.228975 -3.837289  0.966049 -0.201706 0.161443  0.223865 0.485576 1 0 1.000000
0  -12.101337 9.069301 -4.179326  0.894627 -0.339931 -0.289982  0.227677 0.493987 1 0 1.000000
walllight001a
0  -12.873568 9.226995 -4.024353  -0.377543 -0.890057 -0.255458  0.253538 0.471696 1 0 1.000000
0  -12.881134 9.226995 -4.120498  -0.446958 -0.868787 -0.213162  0.251497 0.472870 1 0 1.000000
0  -12.072367 9.226995 -3.734735  0.446954 -0.868789 0.213160  0.251525 0.450994 1 0 1.000000
walllight001a
0  12.778420 9.542598 -3.579206  0.808101 -0.000001 0.589043  0.169410 0.472006 1 0 1.000000
0  12.778420 9.069302 -3.579206  0.774581 -0.339957 0.533341  0.180964 0.472095 1 0 1.000000
0  12.900922 9.228975 -3.896863  0.933019 0.000111 0.359827  0.177029 0.480385 1 0 1.000000
walllight001a
0  12.108359 9.228972 -3.773736  -0.888367 -0.201595 0.412508  0.177335 0.452423 1 0 1.000000
0  12.323028 9.069302 -3.507802  -0.574184 -0.340040 0.744772  0.181085 0.460828 1 0 1.000000
0  12.323029 9.542598 -3.507802  -0.589076 -0.000000 0.808078  0.169537 0.460664 1 0 1.000000
walllight001a
0  -12.878978 9.228971 -4.016618  -0.966030 -0.201575 -0.161720  0.224209 0.452425 1 0 1.000000
0  -12.852163 9.069301 -3.675908  -0.894605 -0.339980 0.289991  0.227960 0.460831 1 0 1.000000
0  -12.852163 9.542597 -3.675908  -0.942657 0.000000 0.333762  0.216412 0.460667 1 0 1.000000
walllight001a
0  -12.754986 9.063300 3.827881  0.000209 -0.921142 -0.389226  0.245366 0.482016 1 0 1.000000
0  -12.363389 9.063299 4.508358  0.337538 -0.920846 0.195222  0.245315 0.501184 1 0 1.000000
0  -12.699831 9.063300 4.508358  -0.247557 -0.868838 0.428762  0.238206 0.497068 1 0 1.000000
walllight001a
0  12.306771 9.063302 4.481042  -0.367852 -0.920535 0.131531  0.257627 0.530910 1 0 1.000000
0  12.816190 9.063302 3.878485  0.069705 -0.921446 -0.382202  0.257571 0.511647 1 0 1.000000
0  12.930929 9.063302 4.201623  0.487024 -0.868755 0.089846  0.264816 0.515842 1 0 1.000000
walllight001a
0  12.875863 9.542598 -4.077499  0.778116 0.000000 -0.628121  0.169324 0.485428 1 0 1.000000
0  12.936193 9.542598 -4.002763  0.914190 0.000000 -0.405285  0.169337 0.483082 1 0 1.000000
0  12.936193 9.232998 -4.002763  0.849157 -0.340013 -0.404134  0.176887 0.483132 1 0 1.000000
walllight001a
0  12.193150 9.542599 4.460901  -0.823634 0.000001 0.567122  0.145902 0.482832 1 0 1.000000
0  12.160131 9.542599 4.367913  -0.942357 -0.000000 0.334610  0.145923 0.480423 1 0 1.000000
0  12.161293 9.232998 4.371183  -0.860889 -0.282462 0.423185  0.153489 0.480567 1 0 1.000000
walllight001a
0  12.937802 9.542598 -3.992496  0.994355 -0.000000 0.106107  0.169339 0.482828 1 0 1.000000
0  12.902297 9.542598 -3.900429  0.933024 -0.000002 0.359815  0.169360 0.480419 1 0 1.000000
0  12.903545 9.232998 -3.903666  0.928910 -0.282404 0.239529  0.176927 0.480563 1 0 1.000000
walllight001a
0  -12.074120 9.542596 -3.833486  0.996917 0.000001 -0.078460  0.216199 0.485430 1 0 1.000000
0  -12.066584 9.542596 -3.737734  0.983256 0.000000 0.182227  0.216212 0.483085 1 0 1.000000
0  -12.066584 9.232996 -3.737734  0.928966 -0.339963 0.146446  0.223762 0.483134 1 0 1.000000
walllight001a
0  -12.602129 9.220996 3.731534  -0.902328 -0.427762 -0.053136  0.200532 0.513821 1 0 1.000000
0  -12.608598 9.226995 3.732350  -0.359161 -0.891804 -0.275117  0.200429 0.513924 1 0 1.000000
0  -12.608599 9.232997 3.726350  -0.110805 -0.282370 -0.952885  0.200226 0.513909 1 0 1.000000
walllight001a
0  -12.073847 9.232996 -3.830016  0.953818 -0.299993 0.015329  0.223766 0.485396 1 0 1.000000
0  -12.079828 9.226995 -3.829545  0.378404 -0.889567 0.255892  0.223972 0.485384 1 0 1.000000
0  -12.079546 9.220996 -3.836047  0.185043 -0.379338 0.906566  0.224067 0.485488 1 0 1.000000
walllight001a
0  -12.753248 9.232996 3.812871  -0.777365 -0.299832 -0.552996  0.200675 0.452243 1 0 1.000000
0  -12.748052 9.226996 3.815871  -0.166428 -0.890067 -0.424362  0.200878 0.452233 1 0 1.000000
0  -12.751986 9.220996 3.821067  0.364307 -0.379576 -0.850413  0.200975 0.452337 1 0 1.000000
walllight001a
0  12.292089 9.232998 4.484435  -0.260781 -0.299989 0.917605  0.153454 0.485397 1 0 1.000000
0  12.293178 9.226998 4.478535  -0.344913 -0.889547 0.299569  0.153659 0.485385 1 0 1.000000
0  12.299386 9.220998 4.480484  -0.923657 -0.379218 -0.055243  0.153755 0.485489 1 0 1.000000
walllight001a
0  12.787518 9.232998 3.779803  0.788663 -0.339942 -0.512298  0.153346 0.516078 1 0 1.000000
0  12.817197 9.232998 3.863387  0.860908 -0.282368 -0.423209  0.153351 0.513911 1 0 1.000000
0  12.811543 9.226998 3.865395  0.139011 -0.891812 -0.430520  0.153554 0.513927 1 0 1.000000
walllight001a
0  12.937802 9.232998 -3.992496  0.932099 -0.339994 0.124881  0.176889 0.482889 1 0 1.000000
0  12.903545 9.232998 -3.903666  0.928910 -0.282404 0.239529  0.176927 0.480563 1 0 1.000000
0  12.897947 9.226997 -3.905825  0.387083 -0.891278 -0.236201  0.177132 0.480580 1 0 1.000000
walllight001a
0  -12.879549 9.232996 -4.023882  -0.953865 -0.299838 -0.015450  0.224112 0.452244 1 0 1.000000
0  -12.886917 9.232996 -4.117499  -0.928963 -0.339973 -0.146446  0.224137 0.449950 1 0 1.000000
0  -12.881134 9.226995 -4.120498  -0.446958 -0.868787 -0.213162  0.224341 0.449883 1 0 1.000000
walllight001a
0  -12.157791 9.220996 -3.675055  0.775755 -0.427271 -0.464375  0.253797 0.452252 1 0 1.000000
0  -12.873866 9.220996 -4.017844  -0.181654 -0.379603 -0.907140  0.253745 0.471634 1 0 1.000000
0  -12.873568 9.226995 -4.024353  -0.377543 -0.890057 -0.255458  0.253538 0.471696 1 0 1.000000
walllight001a
0  12.292089 9.232998 4.484435  -0.260781 -0.299989 0.917605  0.153454 0.485397 1 0 1.000000
0  12.201057 9.232998 4.467643  -0.381152 -0.339944 0.859745  0.153450 0.483136 1 0 1.000000
0  12.199652 9.226998 4.461283  -0.321264 -0.868780 0.376842  0.153650 0.483015 1 0 1.000000
walllight001a
0  -12.023860 9.069300 4.115158  0.901546 -0.339893 -0.267747  0.204237 0.494213 1 0 1.000000
0  -12.023860 9.542596 4.115158  0.965926 0.000000 -0.258818  0.192688 0.494160 1 0 1.000000
0  -12.023860 9.542597 4.125550  0.965924 0.000000 0.258825  0.192690 0.493906 1 0 1.000000
walllight001a
0  12.648268 9.542598 -4.351175  0.106042 0.000001 -0.994362  0.169251 0.494159 1 0 1.000000
0  12.648268 9.069302 -4.351176  0.074616 -0.339966 -0.937473  0.180799 0.494212 1 0 1.000000
0  12.210657 9.069302 -4.282559  -0.357952 -0.340041 -0.869622  0.180763 0.505023 1 0 1.000000
walllight001a
0  -12.107224 9.069300 -4.187891  0.591306 -0.340016 -0.731264  0.227675 0.494215 1 0 1.000000
0  -12.107224 9.542596 -4.187891  0.649460 0.000000 -0.760396  0.216126 0.494162 1 0 1.000000
0  -12.101338 9.542597 -4.179326  0.942648 0.000000 -0.333789  0.216128 0.493908 1 0 1.000000
walllight001a
0  -12.517390 9.069301 -4.377773  -0.337618 -0.339978 -0.877741  0.227638 0.505254 1 0 1.000000
0  -12.517390 9.542597 -4.377772  -0.333873 0.000002 -0.942618  0.216084 0.505250 1 0 1.000000
0  -12.507030 9.542596 -4.378588  0.182174 0.000001 -0.983266  0.216084 0.504996 1 0 1.000000
walllight001a
0  -12.157324 9.069300 -3.669065  0.835686 -0.384420 0.392237  0.227816 0.480347 1 0 1.000000
0  -12.436110 9.069301 -3.477461  0.337678 -0.339978 0.877718  0.227839 0.472098 1 0 1.000000
0  -12.441598 9.063299 -3.480969  0.038893 -0.868788 0.493655  0.228045 0.471978 1 0 1.000000
walllight001a
0  -12.852163 9.069301 -3.675908  -0.894605 -0.339980 0.289991  0.227960 0.460831 1 0 1.000000
0  -12.878807 9.069300 -4.014453  -0.830235 -0.384835 -0.403251  0.228120 0.452550 1 0 1.000000
0  -12.872479 9.063299 -4.010528  -0.220239 -0.921153 -0.320892  0.228326 0.452659 1 0 1.000000
walllight001a
0  12.078503 9.069302 -3.954314  -0.910479 -0.385292 0.150261  0.180801 0.513660 1 0 1.000000
0  12.202572 9.069302 -4.276031  -0.774574 -0.339997 -0.533326  0.180763 0.505251 1 0 1.000000
0  12.209082 9.063302 -4.276238  -0.311016 -0.868810 -0.385278  0.180967 0.505131 1 0 1.000000
walllight001a
0  12.896368 9.220998 -3.899508  0.377538 -0.427319 -0.821501  0.253797 0.541319 1 0 1.000000
0  12.111884 9.220998 -3.777635  -0.662351 -0.379517 -0.645955  0.253745 0.560701 1 0 1.000000
0  12.108452 9.226998 -3.783174  -0.455855 -0.890051 0.002518  0.253538 0.560762 1 0 1.000000
walllight001a
0  -12.101337 9.069301 -4.179326  0.894627 -0.339931 -0.289982  0.227677 0.493987 1 0 1.000000
0  -12.074590 9.069300 -3.839467  0.831173 -0.384088 0.402030  0.227776 0.485673 1 0 1.000000
0  -12.080913 9.063299 -3.843326  0.221855 -0.920562 0.321474  0.227983 0.485778 1 0 1.000000
walllight001a
0  -12.363389 9.063299 4.508358  0.337538 -0.920846 0.195222  0.245315 0.501184 1 0 1.000000
0  -12.754986 9.063300 3.827881  0.000209 -0.921142 -0.389226  0.245366 0.482016 1 0 1.000000
0  -12.751985 9.069300 3.821067  0.456919 -0.384838 -0.801950  0.245574 0.481909 1 0 1.000000
walllight001a
0  13.176085 9.550245 4.793271  0.151095 -0.976902 0.151104  0.790602 0.020690 1 0 1.000000
0  -13.185634 9.550246 4.793275  -0.151086 -0.976904 0.151101  0.790603 0.664365 1 0 1.000000
0  -13.185632 9.550246 -4.793519  -0.151238 -0.976953 -0.150630  0.556527 0.664365 1 0 1.000000
walllight001a
0  -12.164328 9.063299 -3.671532  0.388844 -0.920802 -0.030389  0.257707 0.452369 1 0 1.000000
0  -12.872479 9.063299 -4.010528  -0.220239 -0.921153 -0.320892  0.257656 0.471537 1 0 1.000000
0  -12.873866 9.069300 -4.017844  -0.077703 -0.384859 -0.919699  0.257448 0.471644 1 0 1.000000
walllight001a
0  -12.436110 9.069301 -3.477461  0.337678 -0.339978 0.877718  0.227839 0.472098 1 0 1.000000
0  -12.436110 9.542597 -3.477461  0.333854 0.000001 0.942625  0.216286 0.472008 1 0 1.000000
0  -12.446470 9.542596 -3.476645  -0.182191 0.000000 0.983263  0.216287 0.471754 1 0 1.000000
walllight001a
0  -12.107224 9.542596 -4.187891  0.649460 0.000000 -0.760396  0.216126 0.494162 1 0 1.000000
0  -12.107224 9.069300 -4.187891  0.591306 -0.340016 -0.731264  0.227675 0.494215 1 0 1.000000
0  -12.507030 9.069300 -4.378588  0.196184 -0.339981 -0.919742  0.227638 0.505026 1 0 1.000000
walllight001a
0  -12.748052 9.226996 3.815871  -0.166428 -0.890067 -0.424362  0.249484 0.481857 1 0 1.000000
0  -12.699831 9.226996 3.732350  -0.247567 -0.868785 -0.428862  0.251525 0.480683 1 0 1.000000
0  -12.251802 9.226995 4.508358  0.247611 -0.868785 0.428838  0.251497 0.502559 1 0 1.000000
walllight001a
0  -12.197314 9.542596 4.425982  0.866025 0.000000 0.500000  0.192761 0.485429 1 0 1.000000
0  -12.195407 9.228975 4.422678  0.704723 -0.201628 0.680229  0.200427 0.485575 1 0 1.000000
0  -12.023860 9.069301 4.125550  0.901546 -0.339928 0.267701  0.204239 0.493985 1 0 1.000000
walllight001a
0  12.117162 9.063302 -3.772383  -0.363012 -0.921165 -0.140275  0.257656 0.560604 1 0 1.000000
0  12.892966 9.063301 -3.892907  0.303580 -0.920855 -0.244674  0.257707 0.541436 1 0 1.000000
0  12.771910 9.063302 -3.578999  0.311039 -0.868789 0.385305  0.264816 0.545552 1 0 1.000000
walllight001a
0  12.044932 9.542599 4.043477  -0.996851 -0.000001 0.079301  0.145973 0.472010 1 0 1.000000
0  12.044933 9.069303 4.043477  -0.935128 -0.339969 0.099784  0.157527 0.472099 1 0 1.000000
0  12.158853 9.228975 4.364312  -0.942349 -0.000028 0.334632  0.153591 0.480388 1 0 1.000000
walllight001a
0  -12.756891 9.228971 3.819181  -0.704470 -0.201608 -0.680497  0.200772 0.452424 1 0 1.000000
0  -12.927774 9.069301 4.115158  -0.901507 -0.340013 -0.267725  0.204523 0.460829 1 0 1.000000
0  -12.927773 9.542597 4.115158  -0.965923 0.000001 -0.258832  0.192975 0.460665 1 0 1.000000
walllight001a
0  12.680096 9.228972 3.754704  0.405510 -0.201514 -0.891602  0.153897 0.452426 1 0 1.000000
0  12.344002 9.069302 3.692709  -0.049330 -0.340055 -0.939111  0.157648 0.460832 1 0 1.000000
0  12.344002 9.542599 3.692708  -0.079307 -0.000001 -0.996850  0.146100 0.460668 1 0 1.000000
walllight001a
0  -12.080913 9.063299 -3.843326  0.221855 -0.920562 0.321474  0.245395 0.452332 1 0 1.000000
0  -12.794499 9.063299 -4.180040  -0.387266 -0.921434 0.031365  0.245451 0.471595 1 0 1.000000
0  -12.511902 9.063299 -4.374264  -0.038855 -0.868787 -0.493659  0.238206 0.467400 1 0 1.000000
walllight001a
0  12.933117 9.226997 -3.997021  0.489171 -0.868808 -0.076706  0.251525 0.540060 1 0 1.000000
0  12.047875 9.226998 -3.858217  -0.489129 -0.868827 0.076763  0.251497 0.561937 1 0 1.000000
0  12.080702 9.226998 -3.943340  -0.385904 -0.891810 0.236120  0.249570 0.560821 1 0 1.000000
walllight001a
0  -12.157791 9.069300 -3.675054  0.764769 -0.384389 -0.517081  0.227822 0.480492 1 0 1.000000
0  -12.157791 9.220996 -3.675055  0.775755 -0.427271 -0.464375  0.224108 0.480480 1 0 1.000000
0  -12.157324 9.220996 -3.669065  0.835723 -0.125382 0.534646  0.224100 0.480334 1 0 1.000000
walllight001a
0  -12.254338 9.542596 4.514358  0.258787 0.000000 0.965934  0.192777 0.482830 1 0 1.000000
0  -12.353014 9.542596 4.514358  0.000001 -0.000000 1.000000  0.192798 0.480420 1 0 1.000000
0  -12.349545 9.232997 4.514358  0.110728 -0.282414 0.952881  0.200364 0.480564 1 0 1.000000
walllight001a
0  12.683861 9.542598 3.755398  0.181403 -0.000001 -0.983409  0.146234 0.452223 1 0 1.000000
0  12.779610 9.542598 3.773060  0.429767 0.000000 -0.902940  0.146267 0.449846 1 0 1.000000
0  12.779610 9.232998 3.773060  0.381180 -0.339995 -0.859712  0.153825 0.449951 1 0 1.000000
walllight001a
0  -12.754977 9.542596 3.815866  -0.866025 0.000001 -0.500000  0.193109 0.452221 1 0 1.000000
0  -12.706295 9.542596 3.731546  -0.707099 0.000000 -0.707115  0.193142 0.449844 1 0 1.000000
0  -12.706295 9.232996 3.731546  -0.682602 -0.340010 -0.646875  0.200700 0.449949 1 0 1.000000
walllight001a
0  -12.197314 9.542596 4.425982  0.866025 0.000000 0.500000  0.192761 0.485429 1 0 1.000000
0  -12.245338 9.542596 4.509162  0.707076 0.000000 0.707138  0.192775 0.483084 1 0 1.000000
0  -12.245338 9.232996 4.509162  0.682635 -0.339976 0.646858  0.200325 0.483133 1 0 1.000000
walllight001a
0  12.814477 9.220998 3.871218  -0.251841 -0.427751 -0.868104  0.153657 0.513824 1 0 1.000000
0  12.811543 9.226998 3.865395  0.139011 -0.891812 -0.430520  0.153554 0.513927 1 0 1.000000
0  12.817197 9.232998 3.863387  0.860908 -0.282368 -0.423209  0.153351 0.513911 1 0 1.000000
walllight001a
0  12.878050 9.232998 -4.074791  0.795559 -0.299948 -0.526419  0.176891 0.485393 1 0 1.000000
0  12.873381 9.226997 -4.071023  0.456889 -0.889520 -0.002667  0.177097 0.485381 1 0 1.000000
0  12.869941 9.220998 -4.076545  0.664686 -0.379247 0.643711  0.177192 0.485485 1 0 1.000000
walllight001a
0  -12.199055 9.232996 4.428997  0.777410 -0.299984 0.552850  0.200329 0.485395 1 0 1.000000
0  -12.204251 9.226995 4.425996  0.166882 -0.889552 0.425262  0.200534 0.485382 1 0 1.000000
0  -12.200336 9.220996 4.420799  -0.361059 -0.379247 0.851944  0.200630 0.485487 1 0 1.000000
walllight001a
0  12.770334 9.069302 -3.572679  0.357923 -0.340027 0.869640  0.180965 0.471867 1 0 1.000000
0  12.332724 9.069302 -3.504062  -0.074618 -0.339995 0.937462  0.181081 0.461056 1 0 1.000000
0  12.329289 9.063302 -3.509597  -0.178154 -0.868808 0.461989  0.181288 0.460952 1 0 1.000000
walllight001a
0  -12.071057 9.232996 -3.728354  0.698460 -0.340004 0.629722  0.223764 0.482891 1 0 1.000000
0  -12.149520 9.232997 -3.674429  0.630991 -0.282456 0.722543  0.223802 0.480565 1 0 1.000000
0  -12.152918 9.226995 -3.679374  0.452805 -0.891291 0.023838  0.224007 0.480583 1 0 1.000000
walllight001a
0  -12.199055 9.232996 4.428997  0.777410 -0.299984 0.552850  0.200329 0.485395 1 0 1.000000
0  -12.245338 9.232996 4.509162  0.682635 -0.339976 0.646858  0.200325 0.483133 1 0 1.000000
0  -12.251802 9.226995 4.508358  0.247611 -0.868785 0.428838  0.200525 0.483012 1 0 1.000000
walllight001a
0  12.933849 9.069302 4.207446  0.838007 -0.339928 0.426842  0.157326 0.505027 1 0 1.000000
0  12.646459 9.069302 4.544518  0.553931 -0.339952 0.759996  0.157362 0.494216 1 0 1.000000
0  12.640248 9.063302 4.542554  0.165698 -0.868801 0.466615  0.157568 0.494110 1 0 1.000000
walllight001a
0  -12.073847 9.232996 -3.830016  0.953818 -0.299993 0.015329  0.223766 0.485396 1 0 1.000000
0  -12.066584 9.232996 -3.737734  0.928966 -0.339963 0.146446  0.223762 0.483134 1 0 1.000000
0  -12.072367 9.226995 -3.734735  0.446954 -0.868789 0.213160  0.223963 0.483014 1 0 1.000000
walllight001a
0  12.814477 9.069302 3.871218  -0.305393 -0.385255 -0.870812  0.157370 0.513808 1 0 1.000000
0  12.814477 9.220998 3.871218  -0.251841 -0.427751 -0.868104  0.153657 0.513824 1 0 1.000000
0  12.820358 9.220998 3.872290  0.731509 -0.125538 -0.670175  0.153648 0.513678 1 0 1.000000
walllight001a
0  12.332724 9.542598 -3.504062  -0.106103 0.000000 0.994355  0.169533 0.460918 1 0 1.000000
0  12.332724 9.069302 -3.504062  -0.074618 -0.339995 0.937462  0.181081 0.461056 1 0 1.000000
0  12.770334 9.069302 -3.572679  0.357923 -0.340027 0.869640  0.180965 0.471867 1 0 1.000000
walllight001a
0  -12.852163 9.542597 -3.675908  -0.942657 0.000000 0.333762  0.216412 0.460667 1 0 1.000000
0  -12.852163 9.069301 -3.675908  -0.894605 -0.339980 0.289991  0.227960 0.460831 1 0 1.000000
0  -12.846276 9.069300 -3.667343  -0.591306 -0.339986 0.731278  0.227957 0.461059 1 0 1.000000
walllight001a
0  -12.927773 9.542597 4.115158  -0.965923 0.000001 -0.258832  0.192975 0.460665 1 0 1.000000
0  -12.927774 9.069301 4.115158  -0.901507 -0.340013 -0.267725  0.204523 0.460829 1 0 1.000000
0  -12.927773 9.069300 4.125550  -0.901490 -0.340024 0.267768  0.204519 0.461057 1 0 1.000000
walllight001a
0  12.158124 9.069302 4.362259  -0.594543 -0.384488 0.706178  0.157504 0.480348 1 0 1.000000
0  12.044933 9.069303 4.043477  -0.935128 -0.339969 0.099784  0.157527 0.472099 1 0 1.000000
0  12.049738 9.063302 4.039080  -0.487027 -0.868756 -0.089823  0.157732 0.471979 1 0 1.000000
walllight001a
0  -12.507030 9.069300 -4.378588  0.196184 -0.339981 -0.919742  0.227638 0.505026 1 0 1.000000
0  -12.107224 9.069300 -4.187891  0.591306 -0.340016 -0.731264  0.227675 0.494215 1 0 1.000000
0  -12.107518 9.063299 -4.181383  0.408123 -0.868783 -0.280450  0.227880 0.494109 1 0 1.000000
walllight001a
0  12.344002 9.069302 3.692709  -0.049330 -0.340055 -0.939111  0.157648 0.460832 1 0 1.000000
0  12.677960 9.069302 3.754310  0.603777 -0.384907 -0.698069  0.157807 0.452552 1 0 1.000000
0  12.672536 9.063302 3.759411  0.366837 -0.921160 -0.129983  0.158013 0.452660 1 0 1.000000
walllight001a
0  -12.599151 9.069300 3.726350  -0.467807 -0.385193 -0.795477  0.204238 0.513661 1 0 1.000000
0  -12.254338 9.069301 3.726350  0.218891 -0.339980 -0.914604  0.204201 0.505253 1 0 1.000000
0  -12.251802 9.063299 3.732350  0.247575 -0.868795 -0.428839  0.204405 0.505132 1 0 1.000000
walllight001a
0  12.082268 9.220998 -3.949670  -0.374301 -0.427763 0.822750  0.249362 0.560759 1 0 1.000000
0  12.869941 9.220998 -4.076545  0.664686 -0.379247 0.643711  0.249306 0.541281 1 0 1.000000
0  12.873381 9.226997 -4.071023  0.456889 -0.889520 -0.002667  0.249513 0.541219 1 0 1.000000
walllight001a
0  12.657964 9.069302 -4.347436  0.574165 -0.340022 -0.744795  0.180802 0.493984 1 0 1.000000
0  12.872094 9.069302 -4.082168  0.912921 -0.384036 -0.138169  0.180901 0.485671 1 0 1.000000
0  12.864698 9.063301 -4.081779  0.364836 -0.920525 0.139742  0.181108 0.485776 1 0 1.000000
walllight001a
0  12.199652 9.226998 4.461283  -0.321264 -0.868780 0.376842  0.251497 0.532248 1 0 1.000000
0  12.781015 9.226998 3.779421  0.321312 -0.868776 -0.376810  0.251525 0.510372 1 0 1.000000
0  12.811543 9.226998 3.865395  0.139011 -0.891812 -0.430520  0.253453 0.511488 1 0 1.000000
walllight001a
0  12.162314 9.063302 4.356128  -0.070986 -0.920844 0.383416  0.245315 0.530873 1 0 1.000000
0  12.672536 9.063302 3.759411  0.366837 -0.921160 -0.129983  0.245366 0.511705 1 0 1.000000
0  12.679961 9.069302 3.759959  0.908572 -0.384921 0.162271  0.245574 0.511598 1 0 1.000000
walllight001a
0  -12.074590 9.069300 -3.839467  0.831173 -0.384088 0.402030  0.227776 0.485673 1 0 1.000000
0  -12.074591 9.220996 -3.839468  0.917688 -0.059907 0.392759  0.224061 0.485633 1 0 1.000000
0  -12.079546 9.220996 -3.836047  0.185043 -0.379338 0.906566  0.224067 0.485488 1 0 1.000000
walllight001a
0  12.082268 9.069302 -3.949670  -0.335279 -0.385259 0.859746  0.180808 0.513804 1 0 1.000000
0  12.082268 9.220998 -3.949670  -0.374301 -0.427763 0.822750  0.177094 0.513820 1 0 1.000000
0  12.078503 9.220998 -3.954314  -0.991577 -0.125461 0.032164  0.177085 0.513674 1 0 1.000000
walllight001a
0  -12.356007 9.069300 4.509158  0.923109 -0.384474 0.007018  0.204384 0.480490 1 0 1.000000
0  -12.356007 9.220996 4.509158  0.902341 -0.427275 0.056718  0.200671 0.480479 1 0 1.000000
0  -12.359014 9.220996 4.514358  0.385873 -0.125300 0.914003  0.200663 0.480332 1 0 1.000000
walllight001a
0  12.896368 9.220998 -3.899508  0.377538 -0.427319 -0.821501  0.177233 0.480478 1 0 1.000000
0  12.897947 9.226997 -3.905825  0.387083 -0.891278 -0.236201  0.177132 0.480580 1 0 1.000000
0  12.903545 9.232998 -3.903666  0.928910 -0.282404 0.239529  0.176927 0.480563 1 0 1.000000
walllight001a
0  12.202571 9.542598 -4.276031  -0.808134 -0.000001 -0.588999  0.169209 0.505247 1 0 1.000000
0  12.202572 9.069302 -4.276031  -0.774574 -0.339997 -0.533326  0.180763 0.505251 1 0 1.000000
0  12.077724 9.228971 -3.952293  -0.932996 0.000083 -0.359886  0.176889 0.513728 1 0 1.000000
walllight001a
0  -12.872479 9.063299 -4.010528  -0.220239 -0.921153 -0.320892  0.257656 0.471537 1 0 1.000000
0  -12.164328 9.063299 -3.671532  0.388844 -0.920802 -0.030389  0.257707 0.452369 1 0 1.000000
0  -12.441598 9.063299 -3.480969  0.038893 -0.868788 0.493655  0.264816 0.456485 1 0 1.000000
walllight001a
0  -12.801078 9.069300 -4.176510  -0.762491 -0.385229 0.519813  0.227683 0.513807 1 0 1.000000
0  -12.801078 9.220996 -4.176510  -0.773778 -0.427719 0.467250  0.223969 0.513822 1 0 1.000000
0  -12.801559 9.220996 -4.182469  -0.836298 -0.125521 -0.533713  0.223960 0.513676 1 0 1.000000
walllight001a
0  -12.706295 9.232996 3.731546  -0.682602 -0.340010 -0.646875  0.200700 0.449949 1 0 1.000000
0  -12.706295 9.542596 3.731546  -0.707099 0.000000 -0.707115  0.193142 0.449844 1 0 1.000000
0  -12.697295 9.542596 3.726350  -0.258816 0.000000 -0.965927  0.193146 0.449590 1 0 1.000000
walllight001a
0  -8.897011 4.306882 -4.223121  0.707024 -0.353274 -0.612630  0.013693 0.730287 1 0 1.000000
0  -9.000271 4.348147 -4.309419  0.340560 -0.222981 -0.913399  0.011405 0.733253 1 0 1.000000
0  -8.979353 4.397838 -4.309422  0.371622 -0.155724 -0.915231  0.010234 0.732748 1 0 1.000000
walllight001a
0  -6.158407 4.163008 0.632096  0.262365 0.964969 -0.000001  0.812330 0.166668 1 0 1.000000
0  -8.710264 4.924042 0.632096  0.458028 0.888938 -0.000000  0.812331 0.110623 1 0 1.000000
0  -8.710264 4.924043 4.773760  0.458224 0.888837 0.000000  0.898301 0.110561 1 0 1.000000
walllight001a
0  -2.785511 3.804616 -4.162896  0.000825 1.000000 0.000005  0.979423 0.355392 1 0 1.000000
0  -2.785325 3.804615 -0.646707  0.000796 1.000000 0.000000  0.906620 0.355386 1 0 1.000000
0  2.781746 3.804615 -0.646708  -0.000796 1.000000 0.000000  0.906620 0.238217 1 0 1.000000
walllight001a
0  -4.680516 3.288326 4.435903  -0.115546 -0.993302 0.000007  0.294311 0.249971 1 0 1.000000
0  -4.680520 3.288266 -4.436305  -0.115548 -0.993302 0.000007  0.511798 0.249970 1 0 1.000000
0  -3.853488 3.235203 -4.218259  -0.035750 -0.999361 0.000007  0.506853 0.270262 1 0 1.000000
walllight001a
0  -5.511028 3.416102 4.671242  -0.201285 -0.979533 0.000007  0.288941 0.229319 1 0 1.000000
0  -5.511050 3.416040 -4.671614  -0.201283 -0.979533 0.000007  0.517167 0.229318 1 0 1.000000
0  -4.680520 3.288266 -4.436305  -0.115548 -0.993302 0.000007  0.511798 0.249970 1 0 1.000000
walllight001a
0  -10.048450 9.552472 4.773501  -0.999981 -0.006168 0.000007  0.286688 0.007008 1 0 1.000000
0  -10.048516 9.552472 -4.773872  -0.999981 -0.006168 0.000007  0.519420 0.007008 1 0 1.000000
0  -10.025187 5.770722 -4.773763  -0.993465 -0.114140 0.000007  0.519419 0.097603 1 0 1.000000
walllight001a
0  5.507473 3.416043 -4.671615  0.201287 -0.979532 0.000008  0.517155 0.500259 1 0 1.000000
0  6.312926 3.614222 -4.764015  0.262883 -0.964828 0.000007  0.519404 0.520491 1 0 1.000000
0  6.312905 3.614286 4.763642  0.262883 -0.964828 0.000007  0.286668 0.520492 1 0 1.000000
walllight001a
0  11.272273 9.490256 -4.338192  0.033866 -0.073718 -0.996704  0.223057 0.706663 1 0 1.000000
0  11.272071 9.544281 -4.338192  0.033359 0.000125 -0.999443  0.224376 0.706705 1 0 1.000000
0  11.445527 9.544930 -4.313413  0.320911 0.001207 -0.947108  0.223551 0.711614 1 0 1.000000
walllight001a
0  -11.536922 9.436244 -4.199895  -0.059551 -0.996669 -0.055721  0.014802 0.900357 1 0 1.000000
0  -11.575892 9.491365 -4.239071  -0.705401 -0.071684 -0.705174  0.013346 0.901831 1 0 1.000000
0  -11.451995 9.490902 -4.313410  -0.320413 -0.073031 -0.944458  0.011341 0.898638 1 0 1.000000
walllight001a
0  9.579562 5.504679 -2.419324  0.000000 -0.707095 0.707119  1.112246 0.484490 1 0 1.000000
0  9.579562 6.290614 -2.208734  0.000000 0.258835 0.965922  1.132760 0.484490 1 0 1.000000
0  8.809152 6.290614 -2.208734  -0.201802 0.253487 0.946055  1.132698 0.465466 1 0 1.000000
walllight001a
0  -8.803674 9.208377 -3.205260  0.201741 0.946055 -0.253536  1.091785 0.490360 1 0 1.000000
0  -8.803674 8.997787 -2.419325  0.201760 0.692566 0.692564  1.112230 0.490360 1 0 1.000000
0  -8.753310 8.969032 -2.448079  0.000332 0.707109 0.707105  1.112230 0.488771 1 0 1.000000
end
