// Created by Crowbar 0.74
version 1
nodes
  0 "static_prop" -1
end
skeleton
  time 0
    0 0.000000 0.000000 0.000000 0.000000 0.000000 0.000000
end
triangles
autoportal_frame
  0 39.211609 12.134771 44.452942 0.996553 -0.054766 0.062302 0.564954 0.141980 1 0 1.000000
  0 38.867615 12.134771 47.949150 0.993502 -0.058296 0.097750 0.565220 0.114523 1 0 1.000000
  0 39.081409 9.915908 44.452942 0.996553 -0.054766 0.062302 0.591075 0.142140 1 0 1.000000
autoportal_frame
  0 37.502472 11.008219 61.824001 0.926869 -0.215510 0.307359 0.813977 0.971000 1 0 1.000000
  0 38.797443 12.134771 48.662369 0.994747 -0.039330 0.094507 0.843751 0.875697 1 0 1.000000
  0 37.502472 12.134770 61.824001 0.929645 -0.015806 0.368117 0.826390 0.973458 1 0 1.000000
autoportal_frame
  0 37.502472 11.008219 61.824001 0.926869 -0.215510 0.307359 0.813977 0.971000 1 0 1.000000
  0 39.048355 9.492582 44.452942 0.996508 -0.048769 0.067780 0.820280 0.839054 1 0 1.000000
  0 38.797443 12.134771 48.662369 0.994747 -0.039330 0.094507 0.843751 0.875697 1 0 1.000000
autoportal_frame
  0 37.502472 12.134770 61.824001 0.929645 -0.015806 0.368117 0.826390 0.973458 1 0 1.000000
  0 37.066723 11.008219 62.402977 0.636650 -0.460514 0.618549 0.812033 0.975900 1 0 1.000000
  0 37.502472 11.008219 61.824001 0.926869 -0.215510 0.307359 0.813977 0.971000 1 0 1.000000
autoportal_frame
  0 37.502472 12.134770 61.824001 0.929645 -0.015806 0.368117 0.826390 0.973458 1 0 1.000000
  0 37.041138 12.134770 62.402977 0.686414 0.004361 0.727198 0.824775 0.979557 1 0 1.000000
  0 37.066723 11.008219 62.402977 0.636650 -0.460514 0.618549 0.812033 0.975900 1 0 1.000000
autoportal_frame
  0 37.066723 11.008219 62.402977 0.636650 -0.460514 0.618549 0.812033 0.975900 1 0 1.000000
  0 37.041138 12.134770 62.402977 0.686414 0.004361 0.727198 0.824775 0.979557 1 0 1.000000
  0 36.569828 12.134770 62.744473 0.296213 -0.000188 0.955122 0.823232 0.984154 1 0 1.000000
autoportal_frame
  0 37.066723 11.008219 62.402977 0.636650 -0.460514 0.618549 0.812033 0.975900 1 0 1.000000
  0 36.569828 12.134770 62.744473 0.296213 -0.000188 0.955122 0.823232 0.984154 1 0 1.000000
  0 36.542812 11.008219 62.744473 0.254861 -0.549909 0.795390 0.809486 0.979735 1 0 1.000000
autoportal_frame
  0 37.516449 8.384776 56.056808 0.445367 -0.851338 0.277257 0.791455 0.923665 1 0 1.000000
  0 37.066723 11.008219 62.402977 0.636650 -0.460514 0.618549 0.812033 0.975900 1 0 1.000000
  0 36.542812 11.008219 62.744473 0.254861 -0.549909 0.795390 0.809486 0.979735 1 0 1.000000
autoportal_frame
  0 37.502472 11.008219 61.824001 0.926869 -0.215510 0.307359 0.813977 0.971000 1 0 1.000000
  0 37.066723 11.008219 62.402977 0.636650 -0.460514 0.618549 0.812033 0.975900 1 0 1.000000
  0 37.516449 8.384776 56.056808 0.445367 -0.851338 0.277257 0.791455 0.923665 1 0 1.000000
autoportal_frame
  0 37.502472 11.008219 61.824001 0.926869 -0.215510 0.307359 0.813977 0.971000 1 0 1.000000
  0 37.516449 8.384776 56.056808 0.445367 -0.851338 0.277257 0.791455 0.923665 1 0 1.000000
  0 38.122787 8.966828 56.056808 0.798363 -0.562272 0.215563 0.799237 0.924183 1 0 1.000000
autoportal_frame
  0 38.122787 8.966828 56.056808 0.798363 -0.562272 0.215563 0.799237 0.924183 1 0 1.000000
  0 39.048355 9.492582 44.452942 0.996508 -0.048769 0.067780 0.820280 0.839054 1 0 1.000000
  0 37.502472 11.008219 61.824001 0.926869 -0.215510 0.307359 0.813977 0.971000 1 0 1.000000
autoportal_frame
  0 38.122787 8.966828 56.056808 0.798363 -0.562272 0.215563 0.799237 0.924183 1 0 1.000000
  0 38.770103 6.710622 44.452942 0.861328 -0.499257 0.094111 0.788977 0.836515 1 0 1.000000
  0 39.048355 9.492582 44.452942 0.996508 -0.048769 0.067780 0.820280 0.839054 1 0 1.000000
autoportal_frame
  0 38.122787 8.966828 56.056808 0.798363 -0.562272 0.215563 0.799237 0.924183 1 0 1.000000
  0 37.840107 6.128569 44.452942 0.416816 -0.901466 0.116717 0.779742 0.836402 1 0 1.000000
  0 38.770103 6.710622 44.452942 0.861328 -0.499257 0.094111 0.788977 0.836515 1 0 1.000000
autoportal_frame
  0 38.770103 6.710622 44.452942 0.861328 -0.499257 0.094111 0.788977 0.836515 1 0 1.000000
  0 37.840107 6.128569 44.452942 0.416816 -0.901466 0.116717 0.779742 0.836402 1 0 1.000000
  0 38.159519 5.173279 22.226471 0.363272 -0.931032 0.034839 0.772244 0.669556 1 0 1.000000
autoportal_frame
  0 36.910114 4.782295 22.226471 0.287706 -0.957131 0.033553 0.762012 0.669767 1 0 1.000000
  0 38.159519 5.173279 22.226471 0.363272 -0.931032 0.034839 0.772244 0.669556 1 0 1.000000
  0 37.840107 6.128569 44.452942 0.416816 -0.901466 0.116717 0.779742 0.836402 1 0 1.000000
autoportal_frame
  0 36.910114 4.782295 22.226471 0.287706 -0.957131 0.033553 0.762012 0.669767 1 0 1.000000
  0 37.840107 6.128569 44.452942 0.416816 -0.901466 0.116717 0.779742 0.836402 1 0 1.000000
  0 36.910114 5.851910 44.452942 0.291132 -0.949374 0.118026 0.772462 0.836638 1 0 1.000000
autoportal_frame
  0 36.706303 8.127253 56.056808 0.188264 -0.925710 0.328052 0.784974 0.924287 1 0 1.000000
  0 36.910114 5.851910 44.452942 0.291132 -0.949374 0.118026 0.772462 0.836638 1 0 1.000000
  0 37.840107 6.128569 44.452942 0.416816 -0.901466 0.116717 0.779742 0.836402 1 0 1.000000
autoportal_frame
  0 36.706303 8.127253 56.056808 0.188264 -0.925710 0.328052 0.784974 0.924287 1 0 1.000000
  0 37.840107 6.128569 44.452942 0.416816 -0.901466 0.116717 0.779742 0.836402 1 0 1.000000
  0 37.516449 8.384776 56.056808 0.445367 -0.851338 0.277257 0.791455 0.923665 1 0 1.000000
autoportal_frame
  0 38.122787 8.966828 56.056808 0.798363 -0.562272 0.215563 0.799237 0.924183 1 0 1.000000
  0 37.516449 8.384776 56.056808 0.445367 -0.851338 0.277257 0.791455 0.923665 1 0 1.000000
  0 37.840107 6.128569 44.452942 0.416816 -0.901466 0.116717 0.779742 0.836402 1 0 1.000000
autoportal_frame
  0 37.516449 8.384776 56.056808 0.445367 -0.851338 0.277257 0.791455 0.923665 1 0 1.000000
  0 36.542812 11.008219 62.744473 0.254861 -0.549909 0.795390 0.809486 0.979735 1 0 1.000000
  0 36.706303 8.127253 56.056808 0.188264 -0.925710 0.328052 0.784974 0.924287 1 0 1.000000
autoportal_frame
  0 36.910114 4.306785 0.000000 0.282825 -0.959171 0.000000 0.757326 0.498670 1 0 1.000000
  0 38.159519 5.173279 22.226471 0.363272 -0.931032 0.034839 0.772244 0.669556 1 0 1.000000
  0 36.910114 4.782295 22.226471 0.287706 -0.957131 0.033553 0.762012 0.669767 1 0 1.000000
autoportal_frame
  0 36.910114 4.306785 0.000000 0.282825 -0.959171 0.000000 0.757326 0.498670 1 0 1.000000
  0 38.312668 4.697770 0.000000 0.343072 -0.939309 0.000000 0.768795 0.498670 1 0 1.000000
  0 38.159519 5.173279 22.226471 0.363272 -0.931032 0.034839 0.772244 0.669556 1 0 1.000000
autoportal_frame
  0 39.715225 5.279822 0.000000 0.819548 -0.573011 0.000000 0.781305 0.498670 1 0 1.000000
  0 38.159519 5.173279 22.226471 0.363272 -0.931032 0.034839 0.772244 0.669556 1 0 1.000000
  0 38.312668 4.697770 0.000000 0.343072 -0.939309 0.000000 0.768795 0.498670 1 0 1.000000
autoportal_frame
  0 39.715225 5.279822 0.000000 0.819548 -0.573011 0.000000 0.781305 0.498670 1 0 1.000000
  0 39.408928 5.755332 22.226471 0.827223 -0.560877 0.033439 0.783598 0.669441 1 0 1.000000
  0 38.159519 5.173279 22.226471 0.363272 -0.931032 0.034839 0.772244 0.669556 1 0 1.000000
autoportal_frame
  0 38.770103 6.710622 44.452942 0.861328 -0.499257 0.094111 0.788977 0.836515 1 0 1.000000
  0 38.159519 5.173279 22.226471 0.363272 -0.931032 0.034839 0.772244 0.669556 1 0 1.000000
  0 39.408928 5.755332 22.226471 0.827223 -0.560877 0.033439 0.783598 0.669441 1 0 1.000000
autoportal_frame
  0 39.408928 5.755332 22.226471 0.827223 -0.560877 0.033439 0.783598 0.669441 1 0 1.000000
  0 39.048355 9.492582 44.452942 0.996508 -0.048769 0.067780 0.820280 0.839054 1 0 1.000000
  0 38.770103 6.710622 44.452942 0.861328 -0.499257 0.094111 0.788977 0.836515 1 0 1.000000
autoportal_frame
  0 39.408928 5.755332 22.226471 0.827223 -0.560877 0.033439 0.783598 0.669441 1 0 1.000000
  0 39.655537 9.215166 22.226471 0.997050 -0.073510 0.022062 0.823310 0.670586 1 0 1.000000
  0 39.048355 9.492582 44.452942 0.996508 -0.048769 0.067780 0.820280 0.839054 1 0 1.000000
autoportal_frame
  0 39.715225 5.279822 0.000000 0.819548 -0.573011 0.000000 0.781305 0.498670 1 0 1.000000
  0 39.655537 9.215166 22.226471 0.997050 -0.073510 0.022062 0.823310 0.670586 1 0 1.000000
  0 39.408928 5.755332 22.226471 0.827223 -0.560877 0.033439 0.783598 0.669441 1 0 1.000000
autoportal_frame
  0 39.715225 5.279822 0.000000 0.819548 -0.573011 0.000000 0.781305 0.498670 1 0 1.000000
  0 39.928619 9.077123 0.000000 0.997997 -0.063259 0.000000 0.825818 0.498670 1 0 1.000000
  0 39.655537 9.215166 22.226471 0.997050 -0.073510 0.022062 0.823310 0.670586 1 0 1.000000
autoportal_frame
  0 39.715225 5.279822 0.000000 0.819548 -0.573011 0.000000 0.781305 0.498670 1 0 1.000000
  0 39.655537 9.215168 -22.226471 0.997050 -0.073510 -0.022062 0.823310 0.326755 1 0 1.000000
  0 39.928619 9.077123 0.000000 0.997997 -0.063259 0.000000 0.825818 0.498670 1 0 1.000000
autoportal_frame
  0 39.715225 5.279822 0.000000 0.819548 -0.573011 0.000000 0.781305 0.498670 1 0 1.000000
  0 39.408928 5.755334 -22.226471 0.827223 -0.560877 -0.033439 0.783598 0.327899 1 0 1.000000
  0 39.655537 9.215168 -22.226471 0.997050 -0.073510 -0.022062 0.823310 0.326755 1 0 1.000000
autoportal_frame
  0 38.312668 4.697770 0.000000 0.343072 -0.939309 0.000000 0.768795 0.498670 1 0 1.000000
  0 39.408928 5.755334 -22.226471 0.827223 -0.560877 -0.033439 0.783598 0.327899 1 0 1.000000
  0 39.715225 5.279822 0.000000 0.819548 -0.573011 0.000000 0.781305 0.498670 1 0 1.000000
autoportal_frame
  0 38.312668 4.697770 0.000000 0.343072 -0.939309 0.000000 0.768795 0.498670 1 0 1.000000
  0 38.159519 5.173282 -22.226471 0.363272 -0.931032 -0.034839 0.772244 0.327785 1 0 1.000000
  0 39.408928 5.755334 -22.226471 0.827223 -0.560877 -0.033439 0.783598 0.327899 1 0 1.000000
autoportal_frame
  0 36.910114 4.306785 0.000000 0.282825 -0.959171 0.000000 0.757326 0.498670 1 0 1.000000
  0 38.159519 5.173282 -22.226471 0.363272 -0.931032 -0.034839 0.772244 0.327785 1 0 1.000000
  0 38.312668 4.697770 0.000000 0.343072 -0.939309 0.000000 0.768795 0.498670 1 0 1.000000
autoportal_frame
  0 36.910114 4.306785 0.000000 0.282825 -0.959171 0.000000 0.757326 0.498670 1 0 1.000000
  0 36.910114 4.782297 -22.226471 0.287706 -0.957131 -0.033553 0.762012 0.327574 1 0 1.000000
  0 38.159519 5.173282 -22.226471 0.363272 -0.931032 -0.034839 0.772244 0.327785 1 0 1.000000
autoportal_frame
  0 38.770103 6.710626 -44.452942 0.861328 -0.499257 -0.094111 0.788977 0.160826 1 0 1.000000
  0 39.048355 9.492586 -44.452942 0.996508 -0.048769 -0.067780 0.820280 0.158287 1 0 1.000000
  0 39.655537 9.215168 -22.226471 0.997050 -0.073510 -0.022062 0.823310 0.326755 1 0 1.000000
autoportal_frame
  0 38.770103 6.710626 -44.452942 0.861328 -0.499257 -0.094111 0.788977 0.160826 1 0 1.000000
  0 39.655537 9.215168 -22.226471 0.997050 -0.073510 -0.022062 0.823310 0.326755 1 0 1.000000
  0 39.408928 5.755334 -22.226471 0.827223 -0.560877 -0.033439 0.783598 0.327899 1 0 1.000000
autoportal_frame
  0 39.408928 5.755334 -22.226471 0.827223 -0.560877 -0.033439 0.783598 0.327899 1 0 1.000000
  0 37.840107 6.128573 -44.452942 0.416816 -0.901466 -0.116717 0.779742 0.160939 1 0 1.000000
  0 38.770103 6.710626 -44.452942 0.861328 -0.499257 -0.094111 0.788977 0.160826 1 0 1.000000
autoportal_frame
  0 39.408928 5.755334 -22.226471 0.827223 -0.560877 -0.033439 0.783598 0.327899 1 0 1.000000
  0 38.159519 5.173282 -22.226471 0.363272 -0.931032 -0.034839 0.772244 0.327785 1 0 1.000000
  0 37.840107 6.128573 -44.452942 0.416816 -0.901466 -0.116717 0.779742 0.160939 1 0 1.000000
autoportal_frame
  0 36.910114 5.851914 -44.452942 0.291132 -0.949374 -0.118026 0.772462 0.160703 1 0 1.000000
  0 37.840107 6.128573 -44.452942 0.416816 -0.901466 -0.116717 0.779742 0.160939 1 0 1.000000
  0 38.159519 5.173282 -22.226471 0.363272 -0.931032 -0.034839 0.772244 0.327785 1 0 1.000000
autoportal_frame
  0 36.910114 5.851914 -44.452942 0.291132 -0.949374 -0.118026 0.772462 0.160703 1 0 1.000000
  0 38.159519 5.173282 -22.226471 0.363272 -0.931032 -0.034839 0.772244 0.327785 1 0 1.000000
  0 36.910114 4.782297 -22.226471 0.287706 -0.957131 -0.033553 0.762012 0.327574 1 0 1.000000
autoportal_frame
  0 37.502472 11.008224 -61.824001 0.926869 -0.215510 -0.307359 0.813977 0.026341 1 0 1.000000
  0 39.048355 9.492586 -44.452942 0.996508 -0.048769 -0.067780 0.820280 0.158287 1 0 1.000000
  0 38.770103 6.710626 -44.452942 0.861328 -0.499257 -0.094111 0.788977 0.160826 1 0 1.000000
autoportal_frame
  0 37.516449 8.384781 -56.056808 0.445367 -0.851338 -0.277257 0.791455 0.073676 1 0 1.000000
  0 37.840107 6.128573 -44.452942 0.416816 -0.901466 -0.116717 0.779742 0.160939 1 0 1.000000
  0 36.910114 5.851914 -44.452942 0.291132 -0.949374 -0.118026 0.772462 0.160703 1 0 1.000000
autoportal_frame
  0 38.770103 6.710626 -44.452942 0.861328 -0.499257 -0.094111 0.788977 0.160826 1 0 1.000000
  0 37.840107 6.128573 -44.452942 0.416816 -0.901466 -0.116717 0.779742 0.160939 1 0 1.000000
  0 37.516449 8.384781 -56.056808 0.445367 -0.851338 -0.277257 0.791455 0.073676 1 0 1.000000
autoportal_frame
  0 38.770103 6.710626 -44.452942 0.861328 -0.499257 -0.094111 0.788977 0.160826 1 0 1.000000
  0 37.516449 8.384781 -56.056808 0.445367 -0.851338 -0.277257 0.791455 0.073676 1 0 1.000000
  0 38.122787 8.966833 -56.056808 0.798363 -0.562272 -0.215563 0.799237 0.073158 1 0 1.000000
autoportal_frame
  0 37.502472 11.008224 -61.824001 0.926869 -0.215510 -0.307359 0.813977 0.026341 1 0 1.000000
  0 38.770103 6.710626 -44.452942 0.861328 -0.499257 -0.094111 0.788977 0.160826 1 0 1.000000
  0 38.122787 8.966833 -56.056808 0.798363 -0.562272 -0.215563 0.799237 0.073158 1 0 1.000000
autoportal_frame
  0 38.122787 8.966833 -56.056808 0.798363 -0.562272 -0.215563 0.799237 0.073158 1 0 1.000000
  0 37.066723 11.008224 -62.402977 0.636650 -0.460514 -0.618549 0.812033 0.021441 1 0 1.000000
  0 37.502472 11.008224 -61.824001 0.926869 -0.215510 -0.307359 0.813977 0.026341 1 0 1.000000
autoportal_frame
  0 37.502472 11.008224 -61.824001 0.926869 -0.215510 -0.307359 0.813977 0.026341 1 0 1.000000
  0 37.066723 11.008224 -62.402977 0.636650 -0.460514 -0.618549 0.812033 0.021441 1 0 1.000000
  0 37.041138 12.134776 -62.402977 0.686414 0.004362 -0.727198 0.824775 0.017784 1 0 1.000000
autoportal_frame
  0 37.502472 11.008224 -61.824001 0.926869 -0.215510 -0.307359 0.813977 0.026341 1 0 1.000000
  0 37.041138 12.134776 -62.402977 0.686414 0.004362 -0.727198 0.824775 0.017784 1 0 1.000000
  0 37.502472 12.134776 -61.824001 0.929645 -0.015806 -0.368117 0.826390 0.023883 1 0 1.000000
autoportal_frame
  0 37.516449 8.384781 -56.056808 0.445367 -0.851338 -0.277257 0.791455 0.073676 1 0 1.000000
  0 36.910114 5.851914 -44.452942 0.291132 -0.949374 -0.118026 0.772462 0.160703 1 0 1.000000
  0 36.706303 8.127257 -56.056808 0.188264 -0.925710 -0.328052 0.784974 0.073054 1 0 1.000000
autoportal_frame
  0 38.122787 8.966833 -56.056808 0.798363 -0.562272 -0.215563 0.799237 0.073158 1 0 1.000000
  0 37.516449 8.384781 -56.056808 0.445367 -0.851338 -0.277257 0.791455 0.073676 1 0 1.000000
  0 37.066723 11.008224 -62.402977 0.636650 -0.460514 -0.618549 0.812033 0.021441 1 0 1.000000
autoportal_frame
  0 36.706303 8.127257 -56.056808 0.188264 -0.925710 -0.328052 0.784974 0.073054 1 0 1.000000
  0 37.066723 11.008224 -62.402977 0.636650 -0.460514 -0.618549 0.812033 0.021441 1 0 1.000000
  0 37.516449 8.384781 -56.056808 0.445367 -0.851338 -0.277257 0.791455 0.073676 1 0 1.000000
autoportal_frame
  0 36.706303 8.127257 -56.056808 0.188264 -0.925710 -0.328052 0.784974 0.073054 1 0 1.000000
  0 36.542812 11.008224 -62.744473 0.254861 -0.549909 -0.795390 0.809486 0.017606 1 0 1.000000
  0 37.066723 11.008224 -62.402977 0.636650 -0.460514 -0.618549 0.812033 0.021441 1 0 1.000000
autoportal_frame
  0 36.542812 11.008224 -62.744473 0.254861 -0.549909 -0.795390 0.809486 0.017606 1 0 1.000000
  0 37.041138 12.134776 -62.402977 0.686414 0.004362 -0.727198 0.824775 0.017784 1 0 1.000000
  0 37.066723 11.008224 -62.402977 0.636650 -0.460514 -0.618549 0.812033 0.021441 1 0 1.000000
autoportal_frame
  0 36.542812 11.008224 -62.744473 0.254861 -0.549909 -0.795390 0.809486 0.017606 1 0 1.000000
  0 36.569828 12.134776 -62.744473 0.296213 -0.000188 -0.955122 0.823232 0.013187 1 0 1.000000
  0 37.041138 12.134776 -62.402977 0.686414 0.004362 -0.727198 0.824775 0.017784 1 0 1.000000
autoportal_frame
  0 37.502472 12.134776 -61.824001 0.929645 -0.015806 -0.368117 0.826390 0.023883 1 0 1.000000
  0 39.048355 9.492586 -44.452942 0.996508 -0.048769 -0.067780 0.820280 0.158287 1 0 1.000000
  0 37.502472 11.008224 -61.824001 0.926869 -0.215510 -0.307359 0.813977 0.026341 1 0 1.000000
autoportal_frame
  0 37.502472 12.134776 -61.824001 0.929645 -0.015806 -0.368117 0.826390 0.023883 1 0 1.000000
  0 38.797443 12.134775 -48.662369 0.994747 -0.039330 -0.094507 0.843751 0.121644 1 0 1.000000
  0 39.048355 9.492586 -44.452942 0.996508 -0.048769 -0.067780 0.820280 0.158287 1 0 1.000000
autoportal_frame
  0 -38.928284 9.233011 -22.212744 -0.025302 0.999640 0.008900 0.112352 0.324660 1 0 1.000000
  0 -39.048355 9.492582 -44.452942 -0.027683 0.999547 0.011815 0.103943 0.156288 1 0 1.000000
  0 -39.655537 9.215164 -22.226471 -0.025302 0.999640 0.008900 0.106972 0.324757 1 0 1.000000
autoportal_frame
  0 -38.928284 9.233011 -22.212744 -0.025302 0.999640 0.008900 0.112352 0.324660 1 0 1.000000
  0 -38.322018 9.514394 -44.416042 -0.027683 0.999547 0.011815 0.109112 0.156879 1 0 1.000000
  0 -39.048355 9.492582 -44.452942 -0.027683 0.999547 0.011815 0.103943 0.156288 1 0 1.000000
autoportal_frame
  0 -38.322018 9.514394 -44.416042 -0.995527 -0.068578 -0.064976 0.303469 0.067293 1 0 1.000000
  0 -38.952522 9.656610 -22.212744 -0.998029 -0.059421 -0.020185 0.305732 0.281938 1 0 1.000000
  0 -38.354839 9.932828 -44.412529 -0.995527 -0.068578 -0.064976 0.309561 0.067330 1 0 1.000000
autoportal_frame
  0 -38.322018 9.514394 -44.416042 -0.995527 -0.068578 -0.064976 0.303469 0.067293 1 0 1.000000
  0 -38.928284 9.233011 -22.212744 -0.998029 -0.059421 -0.020185 0.299569 0.281937 1 0 1.000000
  0 -38.952522 9.656610 -22.212744 -0.998029 -0.059421 -0.020185 0.305732 0.281938 1 0 1.000000
autoportal_frame
  0 -38.354839 9.932828 -44.412529 -0.995527 -0.068578 -0.064976 0.309561 0.067330 1 0 1.000000
  0 -38.072670 12.148310 -48.670383 -0.992350 -0.069591 -0.101974 0.341622 0.025979 1 0 1.000000
  0 -38.322018 9.514394 -44.416042 -0.995527 -0.068578 -0.064976 0.303469 0.067293 1 0 1.000000
autoportal_frame
  0 -38.354839 9.932828 -44.412529 -0.995527 -0.068578 -0.064976 0.309561 0.067330 1 0 1.000000
  0 -38.142845 12.148310 -47.957165 -0.992350 -0.069591 -0.101974 0.341652 0.032903 1 0 1.000000
  0 -38.072670 12.148310 -48.670383 -0.992350 -0.069591 -0.101974 0.341622 0.025979 1 0 1.000000
autoportal_frame
  0 -33.133926 9.656610 -22.212744 0.676906 -0.735792 -0.020198 0.402632 0.662795 1 0 1.000000
  0 -33.005039 9.915909 -44.452942 -0.024345 -0.999634 -0.011796 0.410148 0.836544 1 0 1.000000
  0 -32.406673 9.638763 -22.226471 -0.023633 -0.999681 -0.008890 0.408128 0.662747 1 0 1.000000
autoportal_frame
  0 -33.133926 9.656610 -22.212744 0.676906 -0.735792 -0.020198 0.402632 0.662795 1 0 1.000000
  0 -33.731609 9.932828 -44.412529 0.863962 -0.499691 -0.062273 0.404649 0.836438 1 0 1.000000
  0 -33.005039 9.915909 -44.452942 -0.024345 -0.999634 -0.011796 0.410148 0.836544 1 0 1.000000
autoportal_frame
  0 -32.866035 9.516253 0.000000 0.680329 -0.732907 0.000000 0.401545 0.489096 1 0 1.000000
  0 -32.406673 9.638763 -22.226471 -0.023633 -0.999681 -0.008890 0.408128 0.662747 1 0 1.000000
  0 -32.138485 9.500830 0.000000 -0.022921 -0.999737 0.000000 0.407040 0.489096 1 0 1.000000
autoportal_frame
  0 -32.866035 9.516253 0.000000 0.680329 -0.732907 0.000000 0.401545 0.489096 1 0 1.000000
  0 -33.133926 9.656610 -22.212744 0.676906 -0.735792 -0.020198 0.402632 0.662795 1 0 1.000000
  0 -32.406673 9.638763 -22.226471 -0.023633 -0.999681 -0.008890 0.408128 0.662747 1 0 1.000000
autoportal_frame
  0 -33.133926 9.656609 22.212744 0.676906 -0.735792 0.020198 0.402632 0.315398 1 0 1.000000
  0 -32.138485 9.500830 0.000000 -0.022921 -0.999737 0.000000 0.407040 0.489096 1 0 1.000000
  0 -32.406673 9.638761 22.226471 -0.023633 -0.999681 0.008890 0.408128 0.315446 1 0 1.000000
autoportal_frame
  0 -33.133926 9.656609 22.212744 0.676906 -0.735792 0.020198 0.402632 0.315398 1 0 1.000000
  0 -32.866035 9.516253 0.000000 0.680329 -0.732907 0.000000 0.401545 0.489096 1 0 1.000000
  0 -32.138485 9.500830 0.000000 -0.022921 -0.999737 0.000000 0.407040 0.489096 1 0 1.000000
autoportal_frame
  0 -32.406673 9.638761 22.226471 -0.023633 -0.999681 0.008890 0.408128 0.315446 1 0 1.000000
  0 -33.731609 9.932824 44.412529 0.863962 -0.499691 0.062273 0.404649 0.141754 1 0 1.000000
  0 -33.133926 9.656609 22.212744 0.676906 -0.735792 0.020198 0.402632 0.315398 1 0 1.000000
autoportal_frame
  0 -32.406673 9.638761 22.226471 -0.023633 -0.999681 0.008890 0.408128 0.315446 1 0 1.000000
  0 -33.005039 9.915904 44.452942 -0.024345 -0.999634 0.011796 0.410148 0.141649 1 0 1.000000
  0 -33.731609 9.932824 44.412529 0.863962 -0.499691 0.062273 0.404649 0.141754 1 0 1.000000
autoportal_frame
  0 -33.764431 9.514394 -44.416042 0.995527 -0.068578 -0.064976 0.275660 0.067234 1 0 1.000000
  0 -33.943604 12.148311 -47.957165 0.992350 -0.069591 -0.101974 0.237477 0.032844 1 0 1.000000
  0 -33.731609 9.932828 -44.412529 0.863962 -0.499691 -0.062273 0.269568 0.067271 1 0 1.000000
autoportal_frame
  0 -33.764431 9.514394 -44.416042 0.995527 -0.068578 -0.064976 0.275660 0.067234 1 0 1.000000
  0 -34.013779 12.148311 -48.670383 0.992350 -0.069591 -0.101974 0.237507 0.025921 1 0 1.000000
  0 -33.943604 12.148311 -47.957165 0.992350 -0.069591 -0.101974 0.237477 0.032844 1 0 1.000000
autoportal_frame
  0 -33.731609 9.932828 -44.412529 0.863962 -0.499691 -0.062273 0.269568 0.067271 1 0 1.000000
  0 -33.158169 9.233011 -22.212744 0.998029 -0.059421 -0.020185 0.279560 0.281878 1 0 1.000000
  0 -33.764431 9.514394 -44.416042 0.995527 -0.068578 -0.064976 0.275660 0.067234 1 0 1.000000
autoportal_frame
  0 -33.731609 9.932828 -44.412529 0.863962 -0.499691 -0.062273 0.269568 0.067271 1 0 1.000000
  0 -33.133926 9.656610 -22.212744 0.676906 -0.735792 -0.020198 0.273396 0.281879 1 0 1.000000
  0 -33.158169 9.233011 -22.212744 0.998029 -0.059421 -0.020185 0.279560 0.281878 1 0 1.000000
autoportal_frame
  0 -32.885380 9.092543 0.000000 0.998680 -0.051369 0.000000 0.281527 0.496552 1 0 1.000000
  0 -33.133926 9.656610 -22.212744 0.676906 -0.735792 -0.020198 0.273396 0.281879 1 0 1.000000
  0 -32.866035 9.516253 0.000000 0.680329 -0.732907 0.000000 0.275363 0.496552 1 0 1.000000
autoportal_frame
  0 -32.885380 9.092543 0.000000 0.998680 -0.051369 0.000000 0.281527 0.496552 1 0 1.000000
  0 -33.158169 9.233011 -22.212744 0.998029 -0.059421 -0.020185 0.279560 0.281878 1 0 1.000000
  0 -33.133926 9.656610 -22.212744 0.676906 -0.735792 -0.020198 0.273396 0.281879 1 0 1.000000
autoportal_frame
  0 -32.866035 9.516253 0.000000 0.680329 -0.732907 0.000000 0.275363 0.496552 1 0 1.000000
  0 -33.158169 9.233009 22.212744 0.998029 -0.059421 0.020185 0.279560 0.711225 1 0 1.000000
  0 -32.885380 9.092543 0.000000 0.998680 -0.051369 0.000000 0.281527 0.496552 1 0 1.000000
autoportal_frame
  0 -32.866035 9.516253 0.000000 0.680329 -0.732907 0.000000 0.275363 0.496552 1 0 1.000000
  0 -33.133926 9.656609 22.212744 0.676906 -0.735792 0.020198 0.273396 0.711224 1 0 1.000000
  0 -33.158169 9.233009 22.212744 0.998029 -0.059421 0.020185 0.279560 0.711225 1 0 1.000000
autoportal_frame
  0 -33.764431 9.514390 44.416042 0.995527 -0.068578 0.064976 0.275660 0.925869 1 0 1.000000
  0 -33.133926 9.656609 22.212744 0.676906 -0.735792 0.020198 0.273396 0.711224 1 0 1.000000
  0 -33.731609 9.932824 44.412529 0.863962 -0.499691 0.062273 0.269568 0.925832 1 0 1.000000
autoportal_frame
  0 -33.764431 9.514390 44.416042 0.995527 -0.068578 0.064976 0.275660 0.925869 1 0 1.000000
  0 -33.158169 9.233009 22.212744 0.998029 -0.059421 0.020185 0.279560 0.711225 1 0 1.000000
  0 -33.133926 9.656609 22.212744 0.676906 -0.735792 0.020198 0.273396 0.711224 1 0 1.000000
autoportal_frame
  0 -38.867615 12.134771 -47.949150 0.029630 -0.846602 -0.531401 0.368895 0.114827 1 0 1.000000
  0 -38.354839 9.932828 -44.412529 0.029630 -0.846602 -0.531401 0.339264 0.138478 1 0 1.000000
  0 -39.081409 9.915908 -44.452942 0.029630 -0.846602 -0.531401 0.343163 0.142321 1 0 1.000000
autoportal_frame
  0 -38.867615 12.134771 -47.949150 0.029630 -0.846602 -0.531401 0.368895 0.114827 1 0 1.000000
  0 -38.142845 12.148310 -47.957165 0.029630 -0.846602 -0.531401 0.365189 0.110829 1 0 1.000000
  0 -38.354839 9.932828 -44.412529 0.029630 -0.846602 -0.531401 0.339264 0.138478 1 0 1.000000
autoportal_frame
  0 -39.048355 9.492582 -44.452942 -0.031182 0.849031 0.527422 0.103943 0.156288 1 0 1.000000
  0 -38.072670 12.148310 -48.670383 -0.031182 0.849031 0.527422 0.131794 0.122051 1 0 1.000000
  0 -38.797443 12.134771 -48.662369 -0.031182 0.849031 0.527422 0.127414 0.119646 1 0 1.000000
autoportal_frame
  0 -39.048355 9.492582 -44.452942 -0.031182 0.849031 0.527422 0.103943 0.156288 1 0 1.000000
  0 -38.322018 9.514394 -44.416042 -0.031182 0.849031 0.527422 0.109112 0.156879 1 0 1.000000
  0 -38.072670 12.148310 -48.670383 -0.031182 0.849031 0.527422 0.131794 0.122051 1 0 1.000000
autoportal_frame
  0 -39.081409 9.915908 -44.452942 0.024345 -0.999634 -0.011796 0.343163 0.142321 1 0 1.000000
  0 -38.952522 9.656610 -22.212744 0.023633 -0.999681 -0.008890 0.335676 0.315356 1 0 1.000000
  0 -39.679775 9.638762 -22.226471 0.023633 -0.999681 -0.008890 0.341162 0.315405 1 0 1.000000
autoportal_frame
  0 -39.081409 9.915908 -44.452942 0.024345 -0.999634 -0.011796 0.343163 0.142321 1 0 1.000000
  0 -38.354839 9.932828 -44.412529 0.024345 -0.999634 -0.011796 0.337687 0.142427 1 0 1.000000
  0 -38.952522 9.656610 -22.212744 0.023633 -0.999681 -0.008890 0.335676 0.315356 1 0 1.000000
autoportal_frame
  0 -37.502472 11.008221 -61.824001 -0.926869 -0.215510 -0.307359 0.097639 0.024342 1 0 1.000000
  0 -38.797443 12.134771 -48.662369 -0.994747 -0.039330 -0.094507 0.127414 0.119646 1 0 1.000000
  0 -37.502472 12.134772 -61.824001 -0.929645 -0.015806 -0.368117 0.110052 0.021885 1 0 1.000000
autoportal_frame
  0 -37.502472 11.008221 -61.824001 -0.926869 -0.215510 -0.307359 0.097639 0.024342 1 0 1.000000
  0 -39.048355 9.492582 -44.452942 -0.996508 -0.048769 -0.067780 0.103943 0.156288 1 0 1.000000
  0 -38.797443 12.134771 -48.662369 -0.994747 -0.039330 -0.094507 0.127414 0.119646 1 0 1.000000
autoportal_frame
  0 -37.502472 12.134772 -61.824001 -0.929645 -0.015806 -0.368117 0.110052 0.021885 1 0 1.000000
  0 -37.066723 11.008221 -62.402977 -0.636650 -0.460514 -0.618549 0.095695 0.019442 1 0 1.000000
  0 -37.502472 11.008221 -61.824001 -0.926869 -0.215510 -0.307359 0.097639 0.024342 1 0 1.000000
autoportal_frame
  0 -37.502472 12.134772 -61.824001 -0.929645 -0.015806 -0.368117 0.110052 0.021885 1 0 1.000000
  0 -37.041138 12.134772 -62.402977 -0.686414 0.004361 -0.727198 0.108438 0.015786 1 0 1.000000
  0 -37.066723 11.008221 -62.402977 -0.636650 -0.460514 -0.618549 0.095695 0.019442 1 0 1.000000
autoportal_frame
  0 -37.066723 11.008221 -62.402977 -0.636650 -0.460514 -0.618549 0.095695 0.019442 1 0 1.000000
  0 -37.041138 12.134772 -62.402977 -0.686414 0.004361 -0.727198 0.108438 0.015786 1 0 1.000000
  0 -36.569828 12.134772 -62.744473 -0.296213 -0.000188 -0.955122 0.106894 0.011189 1 0 1.000000
autoportal_frame
  0 -37.066723 11.008221 -62.402977 -0.636650 -0.460514 -0.618549 0.095695 0.019442 1 0 1.000000
  0 -36.569828 12.134772 -62.744473 -0.296213 -0.000188 -0.955122 0.106894 0.011189 1 0 1.000000
  0 -36.542812 11.008221 -62.744473 -0.254861 -0.549909 -0.795390 0.093148 0.015607 1 0 1.000000
autoportal_frame
  0 -37.516449 8.384778 -56.056808 -0.445367 -0.851338 -0.277257 0.075117 0.071678 1 0 1.000000
  0 -37.066723 11.008221 -62.402977 -0.636650 -0.460514 -0.618549 0.095695 0.019442 1 0 1.000000
  0 -36.542812 11.008221 -62.744473 -0.254861 -0.549909 -0.795390 0.093148 0.015607 1 0 1.000000
autoportal_frame
  0 -37.502472 11.008221 -61.824001 -0.926869 -0.215510 -0.307359 0.097639 0.024342 1 0 1.000000
  0 -37.066723 11.008221 -62.402977 -0.636650 -0.460514 -0.618549 0.095695 0.019442 1 0 1.000000
  0 -37.516449 8.384778 -56.056808 -0.445367 -0.851338 -0.277257 0.075117 0.071678 1 0 1.000000
autoportal_frame
  0 -37.502472 11.008221 -61.824001 -0.926869 -0.215510 -0.307359 0.097639 0.024342 1 0 1.000000
  0 -37.516449 8.384778 -56.056808 -0.445367 -0.851338 -0.277257 0.075117 0.071678 1 0 1.000000
  0 -38.122787 8.966830 -56.056808 -0.798363 -0.562272 -0.215563 0.082900 0.071160 1 0 1.000000
autoportal_frame
  0 -38.122787 8.966830 -56.056808 -0.798363 -0.562272 -0.215563 0.082900 0.071160 1 0 1.000000
  0 -39.048355 9.492582 -44.452942 -0.996508 -0.048769 -0.067780 0.103943 0.156288 1 0 1.000000
  0 -37.502472 11.008221 -61.824001 -0.926869 -0.215510 -0.307359 0.097639 0.024342 1 0 1.000000
autoportal_frame
  0 -38.122787 8.966830 -56.056808 -0.798363 -0.562272 -0.215563 0.082900 0.071160 1 0 1.000000
  0 -38.770103 6.710623 -44.452942 -0.861328 -0.499257 -0.094111 0.072640 0.158828 1 0 1.000000
  0 -39.048355 9.492582 -44.452942 -0.996508 -0.048769 -0.067780 0.103943 0.156288 1 0 1.000000
autoportal_frame
  0 -38.122787 8.966830 -56.056808 -0.798363 -0.562272 -0.215563 0.082900 0.071160 1 0 1.000000
  0 -37.840107 6.128570 -44.452942 -0.416816 -0.901466 -0.116717 0.063405 0.158941 1 0 1.000000
  0 -38.770103 6.710623 -44.452942 -0.861328 -0.499257 -0.094111 0.072640 0.158828 1 0 1.000000
autoportal_frame
  0 -38.770103 6.710623 -44.452942 -0.861328 -0.499257 -0.094111 0.072640 0.158828 1 0 1.000000
  0 -37.840107 6.128570 -44.452942 -0.416816 -0.901466 -0.116717 0.063405 0.158941 1 0 1.000000
  0 -38.159519 5.173278 -22.226471 -0.363271 -0.931032 -0.034839 0.055907 0.325787 1 0 1.000000
autoportal_frame
  0 -36.910114 4.782294 -22.226471 -0.287706 -0.957131 -0.033553 0.045675 0.325575 1 0 1.000000
  0 -38.159519 5.173278 -22.226471 -0.363271 -0.931032 -0.034839 0.055907 0.325787 1 0 1.000000
  0 -37.840107 6.128570 -44.452942 -0.416816 -0.901466 -0.116717 0.063405 0.158941 1 0 1.000000
autoportal_frame
  0 -38.122787 8.966830 -56.056808 -0.798363 -0.562272 -0.215563 0.082900 0.071160 1 0 1.000000
  0 -37.516449 8.384778 -56.056808 -0.445367 -0.851338 -0.277257 0.075117 0.071678 1 0 1.000000
  0 -37.840107 6.128570 -44.452942 -0.416816 -0.901466 -0.116717 0.063405 0.158941 1 0 1.000000
autoportal_frame
  0 -36.706303 8.127254 -56.056808 -0.188264 -0.925710 -0.328052 0.068636 0.071055 1 0 1.000000
  0 -37.840107 6.128570 -44.452942 -0.416816 -0.901466 -0.116717 0.063405 0.158941 1 0 1.000000
  0 -37.516449 8.384778 -56.056808 -0.445367 -0.851338 -0.277257 0.075117 0.071678 1 0 1.000000
autoportal_frame
  0 -36.706303 8.127254 -56.056808 -0.188264 -0.925710 -0.328052 0.068636 0.071055 1 0 1.000000
  0 -36.910114 5.851911 -44.452942 -0.291132 -0.949374 -0.118026 0.056125 0.158705 1 0 1.000000
  0 -37.840107 6.128570 -44.452942 -0.416816 -0.901466 -0.116717 0.063405 0.158941 1 0 1.000000
autoportal_frame
  0 -36.910114 4.782294 -22.226471 -0.287706 -0.957131 -0.033553 0.045675 0.325575 1 0 1.000000
  0 -37.840107 6.128570 -44.452942 -0.416816 -0.901466 -0.116717 0.063405 0.158941 1 0 1.000000
  0 -36.910114 5.851911 -44.452942 -0.291132 -0.949374 -0.118026 0.056125 0.158705 1 0 1.000000
autoportal_frame
  0 -37.516449 8.384778 -56.056808 -0.445367 -0.851338 -0.277257 0.075117 0.071678 1 0 1.000000
  0 -36.542812 11.008221 -62.744473 -0.254861 -0.549909 -0.795390 0.093148 0.015607 1 0 1.000000
  0 -36.706303 8.127254 -56.056808 -0.188264 -0.925710 -0.328052 0.068636 0.071055 1 0 1.000000
autoportal_frame
  0 -39.715225 5.279818 0.000000 -0.819548 -0.573011 0.000000 0.064967 0.496672 1 0 1.000000
  0 -39.408928 5.755330 -22.226471 -0.827223 -0.560877 -0.033439 0.067261 0.325901 1 0 1.000000
  0 -38.159519 5.173278 -22.226471 -0.363271 -0.931032 -0.034839 0.055907 0.325787 1 0 1.000000
autoportal_frame
  0 -38.770103 6.710623 -44.452942 -0.861328 -0.499257 -0.094111 0.072640 0.158828 1 0 1.000000
  0 -38.159519 5.173278 -22.226471 -0.363271 -0.931032 -0.034839 0.055907 0.325787 1 0 1.000000
  0 -39.408928 5.755330 -22.226471 -0.827223 -0.560877 -0.033439 0.067261 0.325901 1 0 1.000000
autoportal_frame
  0 -39.408928 5.755330 -22.226471 -0.827223 -0.560877 -0.033439 0.067261 0.325901 1 0 1.000000
  0 -39.048355 9.492582 -44.452942 -0.996508 -0.048769 -0.067780 0.103943 0.156288 1 0 1.000000
  0 -38.770103 6.710623 -44.452942 -0.861328 -0.499257 -0.094111 0.072640 0.158828 1 0 1.000000
autoportal_frame
  0 -39.408928 5.755330 -22.226471 -0.827223 -0.560877 -0.033439 0.067261 0.325901 1 0 1.000000
  0 -39.655537 9.215164 -22.226471 -0.997050 -0.073510 -0.022062 0.106972 0.324757 1 0 1.000000
  0 -39.048355 9.492582 -44.452942 -0.996508 -0.048769 -0.067780 0.103943 0.156288 1 0 1.000000
autoportal_frame
  0 -39.928619 9.077119 0.000000 -0.997997 -0.063259 0.000000 0.109481 0.496672 1 0 1.000000
  0 -39.408928 5.755330 -22.226471 -0.827223 -0.560877 -0.033439 0.067261 0.325901 1 0 1.000000
  0 -39.715225 5.279818 0.000000 -0.819548 -0.573011 0.000000 0.064967 0.496672 1 0 1.000000
autoportal_frame
  0 -39.928619 9.077119 0.000000 -0.997997 -0.063259 0.000000 0.109481 0.496672 1 0 1.000000
  0 -39.655537 9.215164 -22.226471 -0.997050 -0.073510 -0.022062 0.106972 0.324757 1 0 1.000000
  0 -39.408928 5.755330 -22.226471 -0.827223 -0.560877 -0.033439 0.067261 0.325901 1 0 1.000000
autoportal_frame
  0 -39.408928 5.755328 22.226471 -0.827223 -0.560877 0.033439 0.067261 0.667443 1 0 1.000000
  0 -39.655537 9.215162 22.226471 -0.997050 -0.073510 0.022062 0.106972 0.668587 1 0 1.000000
  0 -39.928619 9.077119 0.000000 -0.997997 -0.063259 0.000000 0.109481 0.496672 1 0 1.000000
autoportal_frame
  0 -39.408928 5.755328 22.226471 -0.827223 -0.560877 0.033439 0.067261 0.667443 1 0 1.000000
  0 -39.928619 9.077119 0.000000 -0.997997 -0.063259 0.000000 0.109481 0.496672 1 0 1.000000
  0 -39.715225 5.279818 0.000000 -0.819548 -0.573011 0.000000 0.064967 0.496672 1 0 1.000000
autoportal_frame
  0 -38.312668 4.697766 0.000000 -0.343071 -0.939309 0.000000 0.052458 0.496672 1 0 1.000000
  0 -39.408928 5.755328 22.226471 -0.827223 -0.560877 0.033439 0.067261 0.667443 1 0 1.000000
  0 -39.715225 5.279818 0.000000 -0.819548 -0.573011 0.000000 0.064967 0.496672 1 0 1.000000
autoportal_frame
  0 -39.715225 5.279818 0.000000 -0.819548 -0.573011 0.000000 0.064967 0.496672 1 0 1.000000
  0 -38.159519 5.173278 -22.226471 -0.363271 -0.931032 -0.034839 0.055907 0.325787 1 0 1.000000
  0 -38.312668 4.697766 0.000000 -0.343071 -0.939309 0.000000 0.052458 0.496672 1 0 1.000000
autoportal_frame
  0 -38.312668 4.697766 0.000000 -0.343071 -0.939309 0.000000 0.052458 0.496672 1 0 1.000000
  0 -38.159519 5.173278 -22.226471 -0.363271 -0.931032 -0.034839 0.055907 0.325787 1 0 1.000000
  0 -36.910114 4.782294 -22.226471 -0.287706 -0.957131 -0.033553 0.045675 0.325575 1 0 1.000000
autoportal_frame
  0 -38.312668 4.697766 0.000000 -0.343071 -0.939309 0.000000 0.052458 0.496672 1 0 1.000000
  0 -36.910114 4.782294 -22.226471 -0.287706 -0.957131 -0.033553 0.045675 0.325575 1 0 1.000000
  0 -36.910114 4.306782 0.000000 -0.282825 -0.959171 0.000000 0.040989 0.496672 1 0 1.000000
autoportal_frame
  0 -38.770103 6.710618 44.452942 -0.861328 -0.499257 0.094111 0.072640 0.834516 1 0 1.000000
  0 -39.655537 9.215162 22.226471 -0.997050 -0.073510 0.022062 0.106972 0.668587 1 0 1.000000
  0 -39.408928 5.755328 22.226471 -0.827223 -0.560877 0.033439 0.067261 0.667443 1 0 1.000000
autoportal_frame
  0 -38.770103 6.710618 44.452942 -0.861328 -0.499257 0.094111 0.072640 0.834516 1 0 1.000000
  0 -39.048355 9.492579 44.452942 -0.996508 -0.048769 0.067780 0.103943 0.837056 1 0 1.000000
  0 -39.655537 9.215162 22.226471 -0.997050 -0.073510 0.022062 0.106972 0.668587 1 0 1.000000
autoportal_frame
  0 -37.502472 11.008215 61.824001 -0.926869 -0.215510 0.307359 0.097639 0.969001 1 0 1.000000
  0 -38.770103 6.710618 44.452942 -0.861328 -0.499257 0.094111 0.072640 0.834516 1 0 1.000000
  0 -38.122787 8.966825 56.056808 -0.798363 -0.562272 0.215563 0.082900 0.922184 1 0 1.000000
autoportal_frame
  0 -37.502472 11.008215 61.824001 -0.926869 -0.215510 0.307359 0.097639 0.969001 1 0 1.000000
  0 -39.048355 9.492579 44.452942 -0.996508 -0.048769 0.067780 0.103943 0.837056 1 0 1.000000
  0 -38.770103 6.710618 44.452942 -0.861328 -0.499257 0.094111 0.072640 0.834516 1 0 1.000000
autoportal_frame
  0 -37.502472 11.008215 61.824001 -0.926869 -0.215510 0.307359 0.097639 0.969001 1 0 1.000000
  0 -37.041138 12.134767 62.402977 -0.686414 0.004361 0.727198 0.108438 0.977558 1 0 1.000000
  0 -37.502472 12.134767 61.824001 -0.929645 -0.015806 0.368117 0.110052 0.971459 1 0 1.000000
autoportal_frame
  0 -37.502472 11.008215 61.824001 -0.926869 -0.215510 0.307359 0.097639 0.969001 1 0 1.000000
  0 -37.066723 11.008215 62.402977 -0.636650 -0.460514 0.618549 0.095695 0.973902 1 0 1.000000
  0 -37.041138 12.134767 62.402977 -0.686414 0.004361 0.727198 0.108438 0.977558 1 0 1.000000
autoportal_frame
  0 -38.122787 8.966825 56.056808 -0.798363 -0.562272 0.215563 0.082900 0.922184 1 0 1.000000
  0 -37.066723 11.008215 62.402977 -0.636650 -0.460514 0.618549 0.095695 0.973902 1 0 1.000000
  0 -37.502472 11.008215 61.824001 -0.926869 -0.215510 0.307359 0.097639 0.969001 1 0 1.000000
autoportal_frame
  0 -38.122787 8.966825 56.056808 -0.798363 -0.562272 0.215563 0.082900 0.922184 1 0 1.000000
  0 -37.516449 8.384773 56.056808 -0.445367 -0.851338 0.277257 0.075117 0.921666 1 0 1.000000
  0 -37.066723 11.008215 62.402977 -0.636650 -0.460514 0.618549 0.095695 0.973902 1 0 1.000000
autoportal_frame
  0 -38.770103 6.710618 44.452942 -0.861328 -0.499257 0.094111 0.072640 0.834516 1 0 1.000000
  0 -37.516449 8.384773 56.056808 -0.445367 -0.851338 0.277257 0.075117 0.921666 1 0 1.000000
  0 -38.122787 8.966825 56.056808 -0.798363 -0.562272 0.215563 0.082900 0.922184 1 0 1.000000
autoportal_frame
  0 -38.770103 6.710618 44.452942 -0.861328 -0.499257 0.094111 0.072640 0.834516 1 0 1.000000
  0 -37.840107 6.128566 44.452942 -0.416816 -0.901466 0.116717 0.063405 0.834403 1 0 1.000000
  0 -37.516449 8.384773 56.056808 -0.445367 -0.851338 0.277257 0.075117 0.921666 1 0 1.000000
autoportal_frame
  0 -39.408928 5.755328 22.226471 -0.827223 -0.560877 0.033439 0.067261 0.667443 1 0 1.000000
  0 -37.840107 6.128566 44.452942 -0.416816 -0.901466 0.116717 0.063405 0.834403 1 0 1.000000
  0 -38.770103 6.710618 44.452942 -0.861328 -0.499257 0.094111 0.072640 0.834516 1 0 1.000000
autoportal_frame
  0 -39.408928 5.755328 22.226471 -0.827223 -0.560877 0.033439 0.067261 0.667443 1 0 1.000000
  0 -38.159519 5.173276 22.226471 -0.363271 -0.931032 0.034839 0.055907 0.667557 1 0 1.000000
  0 -37.840107 6.128566 44.452942 -0.416816 -0.901466 0.116717 0.063405 0.834403 1 0 1.000000
autoportal_frame
  0 -38.312668 4.697766 0.000000 -0.343071 -0.939309 0.000000 0.052458 0.496672 1 0 1.000000
  0 -38.159519 5.173276 22.226471 -0.363271 -0.931032 0.034839 0.055907 0.667557 1 0 1.000000
  0 -39.408928 5.755328 22.226471 -0.827223 -0.560877 0.033439 0.067261 0.667443 1 0 1.000000
autoportal_frame
  0 -36.910114 4.782292 22.226471 -0.287706 -0.957131 0.033553 0.045675 0.667769 1 0 1.000000
  0 -38.159519 5.173276 22.226471 -0.363271 -0.931032 0.034839 0.055907 0.667557 1 0 1.000000
  0 -38.312668 4.697766 0.000000 -0.343071 -0.939309 0.000000 0.052458 0.496672 1 0 1.000000
autoportal_frame
  0 -36.910114 4.782292 22.226471 -0.287706 -0.957131 0.033553 0.045675 0.667769 1 0 1.000000
  0 -38.312668 4.697766 0.000000 -0.343071 -0.939309 0.000000 0.052458 0.496672 1 0 1.000000
  0 -36.910114 4.306782 0.000000 -0.282825 -0.959171 0.000000 0.040989 0.496672 1 0 1.000000
autoportal_frame
  0 -36.910114 5.851907 44.452942 -0.291132 -0.949374 0.118026 0.056125 0.834639 1 0 1.000000
  0 -38.159519 5.173276 22.226471 -0.363271 -0.931032 0.034839 0.055907 0.667557 1 0 1.000000
  0 -36.910114 4.782292 22.226471 -0.287706 -0.957131 0.033553 0.045675 0.667769 1 0 1.000000
autoportal_frame
  0 -36.910114 5.851907 44.452942 -0.291132 -0.949374 0.118026 0.056125 0.834639 1 0 1.000000
  0 -37.840107 6.128566 44.452942 -0.416816 -0.901466 0.116717 0.063405 0.834403 1 0 1.000000
  0 -38.159519 5.173276 22.226471 -0.363271 -0.931032 0.034839 0.055907 0.667557 1 0 1.000000
autoportal_frame
  0 -37.516449 8.384773 56.056808 -0.445367 -0.851338 0.277257 0.075117 0.921666 1 0 1.000000
  0 -36.910114 5.851907 44.452942 -0.291132 -0.949374 0.118026 0.056125 0.834639 1 0 1.000000
  0 -36.706303 8.127250 56.056808 -0.188264 -0.925710 0.328052 0.068636 0.922289 1 0 1.000000
autoportal_frame
  0 -37.516449 8.384773 56.056808 -0.445367 -0.851338 0.277257 0.075117 0.921666 1 0 1.000000
  0 -37.840107 6.128566 44.452942 -0.416816 -0.901466 0.116717 0.063405 0.834403 1 0 1.000000
  0 -36.910114 5.851907 44.452942 -0.291132 -0.949374 0.118026 0.056125 0.834639 1 0 1.000000
autoportal_frame
  0 -36.706303 8.127250 56.056808 -0.188264 -0.925710 0.328052 0.068636 0.922289 1 0 1.000000
  0 -37.066723 11.008215 62.402977 -0.636650 -0.460514 0.618549 0.095695 0.973902 1 0 1.000000
  0 -37.516449 8.384773 56.056808 -0.445367 -0.851338 0.277257 0.075117 0.921666 1 0 1.000000
autoportal_frame
  0 -36.706303 8.127250 56.056808 -0.188264 -0.925710 0.328052 0.068636 0.922289 1 0 1.000000
  0 -36.542812 11.008215 62.744473 -0.254861 -0.549909 0.795390 0.093148 0.977737 1 0 1.000000
  0 -37.066723 11.008215 62.402977 -0.636650 -0.460514 0.618549 0.095695 0.973902 1 0 1.000000
autoportal_frame
  0 -36.542812 11.008215 62.744473 -0.254861 -0.549909 0.795390 0.093148 0.977737 1 0 1.000000
  0 -37.041138 12.134767 62.402977 -0.686414 0.004361 0.727198 0.108438 0.977558 1 0 1.000000
  0 -37.066723 11.008215 62.402977 -0.636650 -0.460514 0.618549 0.095695 0.973902 1 0 1.000000
autoportal_frame
  0 -36.542812 11.008215 62.744473 -0.254861 -0.549909 0.795390 0.093148 0.977737 1 0 1.000000
  0 -36.569828 12.134767 62.744473 -0.296213 -0.000188 0.955122 0.106894 0.982155 1 0 1.000000
  0 -37.041138 12.134767 62.402977 -0.686414 0.004361 0.727198 0.108438 0.977558 1 0 1.000000
autoportal_frame
  0 -39.211609 12.134771 -44.452942 -0.996553 -0.054766 -0.062302 0.369175 0.142154 1 0 1.000000
  0 -38.867615 12.134771 -47.949150 -0.993502 -0.058296 -0.097750 0.368895 0.114827 1 0 1.000000
  0 -39.081409 9.915908 -44.452942 -0.996553 -0.054766 -0.062302 0.343163 0.142321 1 0 1.000000
autoportal_frame
  0 -33.289005 12.134772 -48.662369 0.031182 0.849031 0.527422 0.156474 0.120155 1 0 1.000000
  0 -33.764431 9.514394 -44.416042 0.031182 0.849031 0.527422 0.174776 0.157388 1 0 1.000000
  0 -33.038094 9.492583 -44.452942 0.031182 0.849031 0.527422 0.179945 0.156797 1 0 1.000000
autoportal_frame
  0 -33.289005 12.134772 -48.662369 0.031182 0.849031 0.527422 0.156474 0.120155 1 0 1.000000
  0 -34.013779 12.148311 -48.670383 0.031182 0.849031 0.527422 0.152094 0.122560 1 0 1.000000
  0 -33.764431 9.514394 -44.416042 0.031182 0.849031 0.527422 0.174776 0.157388 1 0 1.000000
autoportal_frame
  0 -33.038094 9.492583 -44.452942 0.027683 0.999547 0.011815 0.179945 0.156797 1 0 1.000000
  0 -33.158169 9.233011 -22.212744 0.025302 0.999640 0.008900 0.171536 0.325169 1 0 1.000000
  0 -32.430912 9.215165 -22.226471 0.025302 0.999640 0.008900 0.176915 0.325266 1 0 1.000000
autoportal_frame
  0 -33.038094 9.492583 -44.452942 0.027683 0.999547 0.011815 0.179945 0.156797 1 0 1.000000
  0 -33.764431 9.514394 -44.416042 0.027683 0.999547 0.011815 0.174776 0.157388 1 0 1.000000
  0 -33.158169 9.233011 -22.212744 0.025302 0.999640 0.008900 0.171536 0.325169 1 0 1.000000
autoportal_frame
  0 -33.005039 9.915909 -44.452942 -0.029630 -0.846602 -0.531401 0.410148 0.836544 1 0 1.000000
  0 -33.943604 12.148311 -47.957165 -0.029630 -0.846602 -0.531401 0.432281 0.868177 1 0 1.000000
  0 -33.218834 12.134772 -47.949150 -0.029630 -0.846602 -0.531401 0.436003 0.864160 1 0 1.000000
autoportal_frame
  0 -33.005039 9.915909 -44.452942 -0.029630 -0.846602 -0.531401 0.410148 0.836544 1 0 1.000000
  0 -33.731609 9.932828 -44.412529 -0.029630 -0.846602 -0.531401 0.406232 0.840405 1 0 1.000000
  0 -33.943604 12.148311 -47.957165 -0.029630 -0.846602 -0.531401 0.432281 0.868177 1 0 1.000000
autoportal_frame
  0 -39.081409 9.915904 44.452942 0.029630 -0.846602 0.531401 0.343146 0.837217 1 0 1.000000
  0 -38.142845 12.148306 47.957165 0.029630 -0.846602 0.531401 0.365385 0.868993 1 0 1.000000
  0 -38.867615 12.134768 47.949150 0.029630 -0.846602 0.531401 0.369123 0.864955 1 0 1.000000
autoportal_frame
  0 -39.081409 9.915904 44.452942 0.029630 -0.846602 0.531401 0.343146 0.837217 1 0 1.000000
  0 -38.354839 9.932824 44.412529 0.029630 -0.846602 0.531401 0.339213 0.841099 1 0 1.000000
  0 -38.142845 12.148306 47.957165 0.029630 -0.846602 0.531401 0.365385 0.868993 1 0 1.000000
autoportal_frame
  0 -36.910114 6.754811 44.132236 0.999960 -0.003871 -0.008099 0.045826 0.834683 1 0 1.000000
  0 -36.706303 8.127250 56.056808 0.999839 -0.007743 -0.016198 0.068636 0.922289 1 0 1.000000
  0 -36.910114 5.851907 44.452942 0.999960 -0.003871 -0.008099 0.056125 0.834639 1 0 1.000000
autoportal_frame
  0 -36.910114 6.754811 44.132236 0.999960 -0.003871 -0.008099 0.045826 0.834683 1 0 1.000000
  0 -36.706303 8.973190 55.541557 0.999839 -0.007743 -0.016198 0.058374 0.922712 1 0 1.000000
  0 -36.706303 8.127250 56.056808 0.999839 -0.007743 -0.016198 0.068636 0.922289 1 0 1.000000
autoportal_frame
  0 -36.910114 5.335879 0.000000 0.000000 -1.000000 0.000000 0.484417 0.499388 1 0 1.000000
  0 -35.176338 5.809493 -22.137716 0.000000 -0.999482 -0.032167 0.472004 0.323412 1 0 1.000000
  0 -35.176338 5.335879 0.000000 0.000000 -1.000000 0.000000 0.472004 0.499388 1 0 1.000000
autoportal_frame
  0 -36.910114 5.335879 0.000000 0.000000 -1.000000 0.000000 0.484417 0.499388 1 0 1.000000
  0 -36.910114 5.809493 -22.137716 0.000000 -0.999482 -0.032167 0.484417 0.323412 1 0 1.000000
  0 -35.176338 5.809493 -22.137716 0.000000 -0.999482 -0.032167 0.472004 0.323412 1 0 1.000000
autoportal_frame
  0 -36.910114 5.809491 22.137716 1.000000 0.000000 0.000000 0.033873 0.668238 1 0 1.000000
  0 -36.910114 5.851907 44.452942 0.999960 -0.003871 -0.008099 0.056125 0.834639 1 0 1.000000
  0 -36.910114 4.782292 22.226471 1.000000 0.000000 0.000000 0.045675 0.667769 1 0 1.000000
autoportal_frame
  0 -36.910114 5.809491 22.137716 1.000000 0.000000 0.000000 0.033873 0.668238 1 0 1.000000
  0 -36.910114 6.754811 44.132236 0.999960 -0.003871 -0.008099 0.045826 0.834683 1 0 1.000000
  0 -36.910114 5.851907 44.452942 0.999960 -0.003871 -0.008099 0.056125 0.834639 1 0 1.000000
autoportal_frame
  0 -37.502472 12.134767 61.824001 -0.929645 -0.015806 0.368117 0.110052 0.971459 1 0 1.000000
  0 -39.048355 9.492579 44.452942 -0.996508 -0.048769 0.067780 0.103943 0.837056 1 0 1.000000
  0 -37.502472 11.008215 61.824001 -0.926869 -0.215510 0.307359 0.097639 0.969001 1 0 1.000000
autoportal_frame
  0 -37.502472 12.134767 61.824001 -0.929645 -0.015806 0.368117 0.110052 0.971459 1 0 1.000000
  0 -38.797443 12.134768 48.662369 -0.994747 -0.039330 0.094507 0.127414 0.873698 1 0 1.000000
  0 -39.048355 9.492579 44.452942 -0.996508 -0.048769 0.067780 0.103943 0.837056 1 0 1.000000
autoportal_frame
  0 -39.791225 12.134768 22.226471 -0.998768 -0.045715 0.019296 0.370541 0.662842 1 0 1.000000
  0 -39.081409 9.915904 44.452942 -0.996553 -0.054766 0.062302 0.343146 0.837217 1 0 1.000000
  0 -39.211609 12.134768 44.452942 -0.996553 -0.054766 0.062302 0.369375 0.837370 1 0 1.000000
autoportal_frame
  0 -39.791225 12.134768 22.226471 -0.998768 -0.045715 0.019296 0.370541 0.662842 1 0 1.000000
  0 -39.679775 9.638761 22.226471 -0.998768 -0.045715 0.019296 0.341119 0.662707 1 0 1.000000
  0 -39.081409 9.915904 44.452942 -0.996553 -0.054766 0.062302 0.343146 0.837217 1 0 1.000000
autoportal_frame
  0 -40.043224 12.134769 0.000001 -0.999189 -0.040262 0.000000 0.371040 0.489102 1 0 1.000000
  0 -39.679775 9.638762 -22.226471 -0.998768 -0.045715 -0.019296 0.341162 0.315405 1 0 1.000000
  0 -39.947964 9.500829 0.000000 -0.999189 -0.040262 0.000000 0.340059 0.489102 1 0 1.000000
autoportal_frame
  0 -40.043224 12.134769 0.000001 -0.999189 -0.040262 0.000000 0.371040 0.489102 1 0 1.000000
  0 -39.791225 12.134770 -22.226471 -0.998768 -0.045715 -0.019296 0.370471 0.315272 1 0 1.000000
  0 -39.679775 9.638762 -22.226471 -0.998768 -0.045715 -0.019296 0.341162 0.315405 1 0 1.000000
autoportal_frame
  0 -36.910114 4.306782 0.000000 1.000000 0.000000 0.000000 0.040989 0.496672 1 0 1.000000
  0 -36.910114 5.809493 -22.137716 1.000000 0.000000 0.000000 0.033873 0.325106 1 0 1.000000
  0 -36.910114 5.335879 0.000000 1.000000 0.000000 0.000000 0.028924 0.496672 1 0 1.000000
autoportal_frame
  0 -36.910114 4.306782 0.000000 1.000000 0.000000 0.000000 0.040989 0.496672 1 0 1.000000
  0 -36.910114 4.782294 -22.226471 1.000000 0.000000 0.000000 0.045675 0.325575 1 0 1.000000
  0 -36.910114 5.809493 -22.137716 1.000000 0.000000 0.000000 0.033873 0.325106 1 0 1.000000
autoportal_frame
  0 -36.910114 4.782292 22.226471 1.000000 0.000000 0.000000 0.045675 0.667769 1 0 1.000000
  0 -36.910114 5.335879 0.000000 1.000000 0.000000 0.000000 0.028924 0.496672 1 0 1.000000
  0 -36.910114 5.809491 22.137716 1.000000 0.000000 0.000000 0.033873 0.668238 1 0 1.000000
autoportal_frame
  0 -36.910114 4.782292 22.226471 1.000000 0.000000 0.000000 0.045675 0.667769 1 0 1.000000
  0 -36.910114 4.306782 0.000000 1.000000 0.000000 0.000000 0.040989 0.496672 1 0 1.000000
  0 -36.910114 5.335879 0.000000 1.000000 0.000000 0.000000 0.028924 0.496672 1 0 1.000000
autoportal_frame
  0 -33.218834 12.134768 47.949150 -0.029630 -0.846602 0.531401 0.436003 0.114032 1 0 1.000000
  0 -33.731609 9.932824 44.412529 -0.029630 -0.846602 0.531401 0.406232 0.137787 1 0 1.000000
  0 -33.005039 9.915904 44.452942 -0.029630 -0.846602 0.531401 0.410148 0.141649 1 0 1.000000
autoportal_frame
  0 -33.218834 12.134768 47.949150 -0.029630 -0.846602 0.531401 0.436003 0.114032 1 0 1.000000
  0 -33.943604 12.148306 47.957165 -0.029630 -0.846602 0.531401 0.432281 0.110015 1 0 1.000000
  0 -33.731609 9.932824 44.412529 -0.029630 -0.846602 0.531401 0.406232 0.137787 1 0 1.000000
autoportal_frame
  0 -32.430912 9.215162 22.226471 0.025302 0.999640 -0.008900 0.176915 0.669096 1 0 1.000000
  0 -33.764431 9.514390 44.416042 0.027683 0.999547 -0.011815 0.174776 0.836974 1 0 1.000000
  0 -33.038094 9.492579 44.452942 0.027683 0.999547 -0.011815 0.179945 0.837564 1 0 1.000000
autoportal_frame
  0 -32.430912 9.215162 22.226471 0.025302 0.999640 -0.008900 0.176915 0.669096 1 0 1.000000
  0 -33.158169 9.233009 22.212744 0.025302 0.999640 -0.008900 0.171536 0.669193 1 0 1.000000
  0 -33.764431 9.514390 44.416042 0.027683 0.999547 -0.011815 0.174776 0.836974 1 0 1.000000
autoportal_frame
  0 -32.157829 9.077120 0.000000 0.022921 0.999737 0.000000 0.174406 0.497181 1 0 1.000000
  0 -33.158169 9.233011 -22.212744 0.025302 0.999640 0.008900 0.171536 0.325169 1 0 1.000000
  0 -32.885380 9.092543 0.000000 0.022921 0.999737 0.000000 0.168896 0.497181 1 0 1.000000
autoportal_frame
  0 -32.157829 9.077120 0.000000 0.022921 0.999737 0.000000 0.174406 0.497181 1 0 1.000000
  0 -32.430912 9.215165 -22.226471 0.025302 0.999640 0.008900 0.176915 0.325266 1 0 1.000000
  0 -33.158169 9.233011 -22.212744 0.025302 0.999640 0.008900 0.171536 0.325169 1 0 1.000000
autoportal_frame
  0 -32.138485 9.500830 0.000000 0.999189 -0.040262 0.000000 0.407040 0.489096 1 0 1.000000
  0 -32.295223 12.134771 -22.226471 0.998768 -0.045715 -0.019296 0.437494 0.662879 1 0 1.000000
  0 -32.043224 12.134770 0.000001 0.999189 -0.040262 0.000000 0.438021 0.489096 1 0 1.000000
autoportal_frame
  0 -32.138485 9.500830 0.000000 0.999189 -0.040262 0.000000 0.407040 0.489096 1 0 1.000000
  0 -32.406673 9.638763 -22.226471 0.998768 -0.045715 -0.019296 0.408128 0.662747 1 0 1.000000
  0 -32.295223 12.134771 -22.226471 0.998768 -0.045715 -0.019296 0.437494 0.662879 1 0 1.000000
autoportal_frame
  0 -33.038094 9.492579 44.452942 0.031182 0.849031 -0.527422 0.179945 0.837564 1 0 1.000000
  0 -34.013779 12.148306 48.670383 0.031182 0.849031 -0.527422 0.152094 0.871801 1 0 1.000000
  0 -33.289005 12.134768 48.662369 0.031182 0.849031 -0.527422 0.156474 0.874207 1 0 1.000000
autoportal_frame
  0 -33.038094 9.492579 44.452942 0.031182 0.849031 -0.527422 0.179945 0.837564 1 0 1.000000
  0 -33.764431 9.514390 44.416042 0.031182 0.849031 -0.527422 0.174776 0.836974 1 0 1.000000
  0 -34.013779 12.148306 48.670383 0.031182 0.849031 -0.527422 0.152094 0.871801 1 0 1.000000
autoportal_frame
  0 -35.380146 8.973190 55.541557 0.000000 -0.981617 0.190861 0.472004 0.944926 1 0 1.000000
  0 -36.910114 6.754811 44.132236 0.000000 -0.993105 0.117226 0.484417 0.850478 1 0 1.000000
  0 -35.176338 6.754811 44.132236 0.000000 -0.993105 0.117226 0.472004 0.850478 1 0 1.000000
autoportal_frame
  0 -35.380146 8.973190 55.541557 0.000000 -0.981617 0.190861 0.472004 0.944926 1 0 1.000000
  0 -36.706303 8.973190 55.541557 0.000000 -0.981617 0.190861 0.484417 0.944926 1 0 1.000000
  0 -36.910114 6.754811 44.132236 0.000000 -0.993105 0.117226 0.484417 0.850478 1 0 1.000000
autoportal_frame
  0 -35.176338 6.754811 44.132236 0.000000 -0.993105 0.117226 0.472004 0.850478 1 0 1.000000
  0 -36.910114 5.809491 22.137716 0.000000 -0.999482 0.032166 0.484417 0.675365 1 0 1.000000
  0 -35.176338 5.809491 22.137716 0.000000 -0.999482 0.032166 0.472004 0.675365 1 0 1.000000
autoportal_frame
  0 -35.176338 6.754811 44.132236 0.000000 -0.993105 0.117226 0.472004 0.850478 1 0 1.000000
  0 -36.910114 6.754811 44.132236 0.000000 -0.993105 0.117226 0.484417 0.850478 1 0 1.000000
  0 -36.910114 5.809491 22.137716 0.000000 -0.999482 0.032166 0.484417 0.675365 1 0 1.000000
autoportal_frame
  0 -35.176338 5.335879 0.000000 -1.000000 0.000000 0.000000 0.254964 0.497181 1 0 1.000000
  0 -35.176338 4.782294 -22.226471 -1.000000 0.000000 0.000000 0.238213 0.326084 1 0 1.000000
  0 -35.176338 4.306782 0.000000 -1.000000 0.000000 0.000000 0.242898 0.497181 1 0 1.000000
autoportal_frame
  0 -35.176338 5.335879 0.000000 -1.000000 0.000000 0.000000 0.254964 0.497181 1 0 1.000000
  0 -35.176338 5.809493 -22.137716 -1.000000 0.000000 0.000000 0.250015 0.325615 1 0 1.000000
  0 -35.176338 4.782294 -22.226471 -1.000000 0.000000 0.000000 0.238213 0.326084 1 0 1.000000
autoportal_frame
  0 -35.176338 5.809491 22.137716 0.000000 -0.999482 0.032166 0.472004 0.675365 1 0 1.000000
  0 -36.910114 5.335879 0.000000 0.000000 -1.000000 0.000000 0.484417 0.499388 1 0 1.000000
  0 -35.176338 5.335879 0.000000 0.000000 -1.000000 0.000000 0.472004 0.499388 1 0 1.000000
autoportal_frame
  0 -35.176338 5.809491 22.137716 0.000000 -0.999482 0.032166 0.472004 0.675365 1 0 1.000000
  0 -36.910114 5.809491 22.137716 0.000000 -0.999482 0.032166 0.484417 0.675365 1 0 1.000000
  0 -36.910114 5.335879 0.000000 0.000000 -1.000000 0.000000 0.484417 0.499388 1 0 1.000000
autoportal_frame
  0 -35.176338 5.809491 22.137716 -1.000000 0.000000 0.000000 0.250015 0.668747 1 0 1.000000
  0 -35.176338 4.306782 0.000000 -1.000000 0.000000 0.000000 0.242898 0.497181 1 0 1.000000
  0 -35.176338 4.782292 22.226471 -1.000000 0.000000 0.000000 0.238213 0.668278 1 0 1.000000
autoportal_frame
  0 -35.176338 5.809491 22.137716 -1.000000 0.000000 0.000000 0.250015 0.668747 1 0 1.000000
  0 -35.176338 5.335879 0.000000 -1.000000 0.000000 0.000000 0.254964 0.497181 1 0 1.000000
  0 -35.176338 4.306782 0.000000 -1.000000 0.000000 0.000000 0.242898 0.497181 1 0 1.000000
autoportal_frame
  0 -32.043224 12.134770 0.000001 0.999189 -0.040262 0.000000 0.438021 0.489096 1 0 1.000000
  0 -32.406673 9.638761 22.226471 0.998768 -0.045715 0.019296 0.408128 0.315446 1 0 1.000000
  0 -32.138485 9.500830 0.000000 0.999189 -0.040262 0.000000 0.407040 0.489096 1 0 1.000000
autoportal_frame
  0 -32.043224 12.134770 0.000001 0.999189 -0.040262 0.000000 0.438021 0.489096 1 0 1.000000
  0 -32.295223 12.134769 22.226471 0.998768 -0.045715 0.019296 0.437494 0.315313 1 0 1.000000
  0 -32.406673 9.638761 22.226471 0.998768 -0.045715 0.019296 0.408128 0.315446 1 0 1.000000
autoportal_frame
  0 -32.874844 12.134768 44.452942 0.996553 -0.054766 0.062302 0.436269 0.141489 1 0 1.000000
  0 -32.406673 9.638761 22.226471 0.998768 -0.045715 0.019296 0.408128 0.315446 1 0 1.000000
  0 -32.295223 12.134769 22.226471 0.998768 -0.045715 0.019296 0.437494 0.315313 1 0 1.000000
autoportal_frame
  0 -32.874844 12.134768 44.452942 0.996553 -0.054766 0.062302 0.436269 0.141489 1 0 1.000000
  0 -33.005039 9.915904 44.452942 0.996553 -0.054766 0.062302 0.410148 0.141649 1 0 1.000000
  0 -32.406673 9.638761 22.226471 0.998768 -0.045715 0.019296 0.408128 0.315446 1 0 1.000000
autoportal_frame
  0 -35.380146 8.127250 56.056808 0.000000 -0.520192 -0.854049 0.817654 1.852204 1 0 1.000000
  0 -36.706303 8.973190 55.541557 0.000000 -0.520192 -0.854049 0.827717 1.841390 1 0 1.000000
  0 -35.380146 8.973190 55.541557 0.000000 -0.520192 -0.854049 0.817640 1.841402 1 0 1.000000
autoportal_frame
  0 -35.380146 8.127250 56.056808 0.000000 -0.520192 -0.854049 0.817654 1.852204 1 0 1.000000
  0 -36.706303 8.127250 56.056808 0.000000 -0.520192 -0.854049 0.827731 1.852191 1 0 1.000000
  0 -36.706303 8.973190 55.541557 0.000000 -0.520192 -0.854049 0.827717 1.841390 1 0 1.000000
autoportal_frame
  0 -35.176338 5.851907 44.452942 -0.999960 -0.003871 -0.008099 0.227763 0.835148 1 0 1.000000
  0 -35.380146 8.973190 55.541557 -0.999839 -0.007743 -0.016198 0.225514 0.923221 1 0 1.000000
  0 -35.176338 6.754811 44.132236 -0.999960 -0.003871 -0.008099 0.238061 0.835192 1 0 1.000000
autoportal_frame
  0 -35.176338 5.851907 44.452942 -0.999960 -0.003871 -0.008099 0.227763 0.835148 1 0 1.000000
  0 -35.380146 8.127250 56.056808 -0.999839 -0.007743 -0.016198 0.215251 0.922798 1 0 1.000000
  0 -35.380146 8.973190 55.541557 -0.999839 -0.007743 -0.016198 0.225514 0.923221 1 0 1.000000
autoportal_frame
  0 -35.176338 4.782292 22.226471 -1.000000 0.000000 0.000000 0.238213 0.668278 1 0 1.000000
  0 -35.176338 6.754811 44.132236 -0.999960 -0.003871 -0.008099 0.238061 0.835192 1 0 1.000000
  0 -35.176338 5.809491 22.137716 -1.000000 0.000000 0.000000 0.250015 0.668747 1 0 1.000000
autoportal_frame
  0 -35.176338 4.782292 22.226471 -1.000000 0.000000 0.000000 0.238213 0.668278 1 0 1.000000
  0 -35.176338 5.851907 44.452942 -0.999960 -0.003871 -0.008099 0.227763 0.835148 1 0 1.000000
  0 -35.176338 6.754811 44.132236 -0.999960 -0.003871 -0.008099 0.238061 0.835192 1 0 1.000000
autoportal_frame
  0 -35.176338 4.306782 0.000000 0.282825 -0.959171 0.000000 0.242898 0.497181 1 0 1.000000
  0 -33.926929 5.173276 22.226471 0.363272 -0.931032 0.034839 0.227981 0.668066 1 0 1.000000
  0 -35.176338 4.782292 22.226471 0.287706 -0.957131 0.033553 0.238213 0.668278 1 0 1.000000
autoportal_frame
  0 -35.176338 4.306782 0.000000 0.282825 -0.959171 0.000000 0.242898 0.497181 1 0 1.000000
  0 -33.773781 4.697766 0.000000 0.343072 -0.939309 0.000000 0.231429 0.497181 1 0 1.000000
  0 -33.926929 5.173276 22.226471 0.363272 -0.931032 0.034839 0.227981 0.668066 1 0 1.000000
autoportal_frame
  0 -32.371223 5.279819 0.000000 0.819548 -0.573011 0.000000 0.218920 0.497181 1 0 1.000000
  0 -32.430912 9.215165 -22.226471 0.997050 -0.073510 -0.022062 0.176915 0.325266 1 0 1.000000
  0 -32.157829 9.077120 0.000000 0.997997 -0.063259 0.000000 0.174406 0.497181 1 0 1.000000
autoportal_frame
  0 -32.371223 5.279819 0.000000 0.819548 -0.573011 0.000000 0.218920 0.497181 1 0 1.000000
  0 -32.677521 5.755331 -22.226471 0.827223 -0.560877 -0.033439 0.216626 0.326410 1 0 1.000000
  0 -32.430912 9.215165 -22.226471 0.997050 -0.073510 -0.022062 0.176915 0.325266 1 0 1.000000
autoportal_frame
  0 -33.773781 4.697766 0.000000 0.343072 -0.939309 0.000000 0.231429 0.497181 1 0 1.000000
  0 -32.677521 5.755331 -22.226471 0.827223 -0.560877 -0.033439 0.216626 0.326410 1 0 1.000000
  0 -32.371223 5.279819 0.000000 0.819548 -0.573011 0.000000 0.218920 0.497181 1 0 1.000000
autoportal_frame
  0 -32.371223 5.279819 0.000000 0.819548 -0.573011 0.000000 0.218920 0.497181 1 0 1.000000
  0 -33.926929 5.173276 22.226471 0.363272 -0.931032 0.034839 0.227981 0.668066 1 0 1.000000
  0 -33.773781 4.697766 0.000000 0.343072 -0.939309 0.000000 0.231429 0.497181 1 0 1.000000
autoportal_frame
  0 -32.371223 5.279819 0.000000 0.819548 -0.573011 0.000000 0.218920 0.497181 1 0 1.000000
  0 -32.677521 5.755329 22.226471 0.827223 -0.560877 0.033439 0.216626 0.667952 1 0 1.000000
  0 -33.926929 5.173276 22.226471 0.363272 -0.931032 0.034839 0.227981 0.668066 1 0 1.000000
autoportal_frame
  0 -33.316345 6.710619 44.452942 0.861328 -0.499257 0.094111 0.211248 0.835025 1 0 1.000000
  0 -33.926929 5.173276 22.226471 0.363272 -0.931032 0.034839 0.227981 0.668066 1 0 1.000000
  0 -32.677521 5.755329 22.226471 0.827223 -0.560877 0.033439 0.216626 0.667952 1 0 1.000000
autoportal_frame
  0 -32.677521 5.755329 22.226471 0.827223 -0.560877 0.033439 0.216626 0.667952 1 0 1.000000
  0 -33.038094 9.492579 44.452942 0.996508 -0.048769 0.067780 0.179945 0.837564 1 0 1.000000
  0 -33.316345 6.710619 44.452942 0.861328 -0.499257 0.094111 0.211248 0.835025 1 0 1.000000
autoportal_frame
  0 -32.677521 5.755329 22.226471 0.827223 -0.560877 0.033439 0.216626 0.667952 1 0 1.000000
  0 -32.430912 9.215162 22.226471 0.997050 -0.073510 0.022062 0.176915 0.669096 1 0 1.000000
  0 -33.038094 9.492579 44.452942 0.996508 -0.048769 0.067780 0.179945 0.837564 1 0 1.000000
autoportal_frame
  0 -32.371223 5.279819 0.000000 0.819548 -0.573011 0.000000 0.218920 0.497181 1 0 1.000000
  0 -32.430912 9.215162 22.226471 0.997050 -0.073510 0.022062 0.176915 0.669096 1 0 1.000000
  0 -32.677521 5.755329 22.226471 0.827223 -0.560877 0.033439 0.216626 0.667952 1 0 1.000000
autoportal_frame
  0 -32.371223 5.279819 0.000000 0.819548 -0.573011 0.000000 0.218920 0.497181 1 0 1.000000
  0 -32.157829 9.077120 0.000000 0.997997 -0.063259 0.000000 0.174406 0.497181 1 0 1.000000
  0 -32.430912 9.215162 22.226471 0.997050 -0.073510 0.022062 0.176915 0.669096 1 0 1.000000
autoportal_frame
  0 -33.316345 6.710623 -44.452942 0.861328 -0.499257 -0.094111 0.211248 0.159337 1 0 1.000000
  0 -32.430912 9.215165 -22.226471 0.997050 -0.073510 -0.022062 0.176915 0.325266 1 0 1.000000
  0 -32.677521 5.755331 -22.226471 0.827223 -0.560877 -0.033439 0.216626 0.326410 1 0 1.000000
autoportal_frame
  0 -33.316345 6.710623 -44.452942 0.861328 -0.499257 -0.094111 0.211248 0.159337 1 0 1.000000
  0 -33.038094 9.492583 -44.452942 0.996508 -0.048769 -0.067780 0.179945 0.156797 1 0 1.000000
  0 -32.430912 9.215165 -22.226471 0.997050 -0.073510 -0.022062 0.176915 0.325266 1 0 1.000000
autoportal_frame
  0 -34.583977 11.008221 -61.824001 0.926869 -0.215510 -0.307359 0.186248 0.024851 1 0 1.000000
  0 -33.316345 6.710623 -44.452942 0.861328 -0.499257 -0.094111 0.211248 0.159337 1 0 1.000000
  0 -33.963665 8.966830 -56.056808 0.798363 -0.562272 -0.215563 0.200987 0.071669 1 0 1.000000
autoportal_frame
  0 -34.583977 11.008221 -61.824001 0.926869 -0.215510 -0.307359 0.186248 0.024851 1 0 1.000000
  0 -33.038094 9.492583 -44.452942 0.996508 -0.048769 -0.067780 0.179945 0.156797 1 0 1.000000
  0 -33.316345 6.710623 -44.452942 0.861328 -0.499257 -0.094111 0.211248 0.159337 1 0 1.000000
autoportal_frame
  0 -34.583977 11.008221 -61.824001 0.926869 -0.215510 -0.307359 0.186248 0.024851 1 0 1.000000
  0 -35.045311 12.134772 -62.402977 0.686414 0.004362 -0.727198 0.175449 0.016295 1 0 1.000000
  0 -34.583977 12.134772 -61.824001 0.929645 -0.015806 -0.368117 0.173835 0.022394 1 0 1.000000
autoportal_frame
  0 -34.583977 11.008221 -61.824001 0.926869 -0.215510 -0.307359 0.186248 0.024851 1 0 1.000000
  0 -35.019726 11.008221 -62.402977 0.636650 -0.460514 -0.618549 0.188192 0.019951 1 0 1.000000
  0 -35.045311 12.134772 -62.402977 0.686414 0.004362 -0.727198 0.175449 0.016295 1 0 1.000000
autoportal_frame
  0 -33.963665 8.966830 -56.056808 0.798363 -0.562272 -0.215563 0.200987 0.071669 1 0 1.000000
  0 -35.019726 11.008221 -62.402977 0.636650 -0.460514 -0.618549 0.188192 0.019951 1 0 1.000000
  0 -34.583977 11.008221 -61.824001 0.926869 -0.215510 -0.307359 0.186248 0.024851 1 0 1.000000
autoportal_frame
  0 -33.963665 8.966830 -56.056808 0.798363 -0.562272 -0.215563 0.200987 0.071669 1 0 1.000000
  0 -34.570000 8.384778 -56.056808 0.445367 -0.851338 -0.277257 0.208770 0.072187 1 0 1.000000
  0 -35.019726 11.008221 -62.402977 0.636650 -0.460514 -0.618549 0.188192 0.019951 1 0 1.000000
autoportal_frame
  0 -33.316345 6.710623 -44.452942 0.861328 -0.499257 -0.094111 0.211248 0.159337 1 0 1.000000
  0 -34.570000 8.384778 -56.056808 0.445367 -0.851338 -0.277257 0.208770 0.072187 1 0 1.000000
  0 -33.963665 8.966830 -56.056808 0.798363 -0.562272 -0.215563 0.200987 0.071669 1 0 1.000000
autoportal_frame
  0 -33.316345 6.710623 -44.452942 0.861328 -0.499257 -0.094111 0.211248 0.159337 1 0 1.000000
  0 -34.246342 6.128570 -44.452942 0.416816 -0.901466 -0.116717 0.220483 0.159450 1 0 1.000000
  0 -34.570000 8.384778 -56.056808 0.445367 -0.851338 -0.277257 0.208770 0.072187 1 0 1.000000
autoportal_frame
  0 -32.677521 5.755331 -22.226471 0.827223 -0.560877 -0.033439 0.216626 0.326410 1 0 1.000000
  0 -34.246342 6.128570 -44.452942 0.416816 -0.901466 -0.116717 0.220483 0.159450 1 0 1.000000
  0 -33.316345 6.710623 -44.452942 0.861328 -0.499257 -0.094111 0.211248 0.159337 1 0 1.000000
autoportal_frame
  0 -32.677521 5.755331 -22.226471 0.827223 -0.560877 -0.033439 0.216626 0.326410 1 0 1.000000
  0 -33.926929 5.173278 -22.226471 0.363272 -0.931032 -0.034839 0.227981 0.326296 1 0 1.000000
  0 -34.246342 6.128570 -44.452942 0.416816 -0.901466 -0.116717 0.220483 0.159450 1 0 1.000000
autoportal_frame
  0 -33.773781 4.697766 0.000000 0.343072 -0.939309 0.000000 0.231429 0.497181 1 0 1.000000
  0 -33.926929 5.173278 -22.226471 0.363272 -0.931032 -0.034839 0.227981 0.326296 1 0 1.000000
  0 -32.677521 5.755331 -22.226471 0.827223 -0.560877 -0.033439 0.216626 0.326410 1 0 1.000000
autoportal_frame
  0 -35.176338 4.306782 0.000000 0.282825 -0.959171 0.000000 0.242898 0.497181 1 0 1.000000
  0 -33.926929 5.173278 -22.226471 0.363272 -0.931032 -0.034839 0.227981 0.326296 1 0 1.000000
  0 -33.773781 4.697766 0.000000 0.343072 -0.939309 0.000000 0.231429 0.497181 1 0 1.000000
autoportal_frame
  0 -35.176338 4.306782 0.000000 0.282825 -0.959171 0.000000 0.242898 0.497181 1 0 1.000000
  0 -35.176338 4.782294 -22.226471 0.287706 -0.957131 -0.033553 0.238213 0.326084 1 0 1.000000
  0 -33.926929 5.173278 -22.226471 0.363272 -0.931032 -0.034839 0.227981 0.326296 1 0 1.000000
autoportal_frame
  0 -34.570000 8.384778 -56.056808 0.445367 -0.851338 -0.277257 0.208770 0.072187 1 0 1.000000
  0 -35.176338 5.851911 -44.452942 0.291132 -0.949374 -0.118026 0.227763 0.159214 1 0 1.000000
  0 -35.380146 8.127254 -56.056808 0.188264 -0.925710 -0.328052 0.215251 0.071564 1 0 1.000000
autoportal_frame
  0 -34.570000 8.384778 -56.056808 0.445367 -0.851338 -0.277257 0.208770 0.072187 1 0 1.000000
  0 -34.246342 6.128570 -44.452942 0.416816 -0.901466 -0.116717 0.220483 0.159450 1 0 1.000000
  0 -35.176338 5.851911 -44.452942 0.291132 -0.949374 -0.118026 0.227763 0.159214 1 0 1.000000
autoportal_frame
  0 -35.176338 5.851911 -44.452942 0.291132 -0.949374 -0.118026 0.227763 0.159214 1 0 1.000000
  0 -34.246342 6.128570 -44.452942 0.416816 -0.901466 -0.116717 0.220483 0.159450 1 0 1.000000
  0 -33.926929 5.173278 -22.226471 0.363272 -0.931032 -0.034839 0.227981 0.326296 1 0 1.000000
autoportal_frame
  0 -35.176338 5.851911 -44.452942 0.291132 -0.949374 -0.118026 0.227763 0.159214 1 0 1.000000
  0 -33.926929 5.173278 -22.226471 0.363272 -0.931032 -0.034839 0.227981 0.326296 1 0 1.000000
  0 -35.176338 4.782294 -22.226471 0.287706 -0.957131 -0.033553 0.238213 0.326084 1 0 1.000000
autoportal_frame
  0 -35.380146 8.127254 -56.056808 0.188264 -0.925710 -0.328052 0.215251 0.071564 1 0 1.000000
  0 -35.019726 11.008221 -62.402977 0.636650 -0.460514 -0.618549 0.188192 0.019951 1 0 1.000000
  0 -34.570000 8.384778 -56.056808 0.445367 -0.851338 -0.277257 0.208770 0.072187 1 0 1.000000
autoportal_frame
  0 -35.380146 8.127254 -56.056808 0.188264 -0.925710 -0.328052 0.215251 0.071564 1 0 1.000000
  0 -35.543636 11.008221 -62.744473 0.254861 -0.549909 -0.795390 0.190739 0.016116 1 0 1.000000
  0 -35.019726 11.008221 -62.402977 0.636650 -0.460514 -0.618549 0.188192 0.019951 1 0 1.000000
autoportal_frame
  0 -35.543636 11.008221 -62.744473 0.254861 -0.549909 -0.795390 0.190739 0.016116 1 0 1.000000
  0 -35.045311 12.134772 -62.402977 0.686414 0.004362 -0.727198 0.175449 0.016295 1 0 1.000000
  0 -35.019726 11.008221 -62.402977 0.636650 -0.460514 -0.618549 0.188192 0.019951 1 0 1.000000
autoportal_frame
  0 -35.543636 11.008221 -62.744473 0.254861 -0.549909 -0.795390 0.190739 0.016116 1 0 1.000000
  0 -35.516621 12.134772 -62.744473 0.296213 -0.000188 -0.955122 0.176993 0.011697 1 0 1.000000
  0 -35.045311 12.134772 -62.402977 0.686414 0.004362 -0.727198 0.175449 0.016295 1 0 1.000000
autoportal_frame
  0 -34.583977 11.008216 61.824001 0.926869 -0.215510 0.307359 0.186248 0.969510 1 0 1.000000
  0 -33.289005 12.134768 48.662369 0.994747 -0.039330 0.094507 0.156474 0.874207 1 0 1.000000
  0 -34.583977 12.134768 61.824001 0.929645 -0.015806 0.368117 0.173835 0.971968 1 0 1.000000
autoportal_frame
  0 -34.583977 11.008216 61.824001 0.926869 -0.215510 0.307359 0.186248 0.969510 1 0 1.000000
  0 -33.038094 9.492579 44.452942 0.996508 -0.048769 0.067780 0.179945 0.837564 1 0 1.000000
  0 -33.289005 12.134768 48.662369 0.994747 -0.039330 0.094507 0.156474 0.874207 1 0 1.000000
autoportal_frame
  0 -34.583977 12.134768 61.824001 0.929645 -0.015806 0.368117 0.173835 0.971968 1 0 1.000000
  0 -35.019726 11.008216 62.402977 0.636650 -0.460514 0.618549 0.188192 0.974411 1 0 1.000000
  0 -34.583977 11.008216 61.824001 0.926869 -0.215510 0.307359 0.186248 0.969510 1 0 1.000000
autoportal_frame
  0 -34.583977 12.134768 61.824001 0.929645 -0.015806 0.368117 0.173835 0.971968 1 0 1.000000
  0 -35.045311 12.134768 62.402977 0.686414 0.004361 0.727198 0.175449 0.978067 1 0 1.000000
  0 -35.019726 11.008216 62.402977 0.636650 -0.460514 0.618549 0.188192 0.974411 1 0 1.000000
autoportal_frame
  0 -35.019726 11.008216 62.402977 0.636650 -0.460514 0.618549 0.188192 0.974411 1 0 1.000000
  0 -35.045311 12.134768 62.402977 0.686414 0.004361 0.727198 0.175449 0.978067 1 0 1.000000
  0 -35.516621 12.134767 62.744473 0.296213 -0.000188 0.955122 0.176993 0.982664 1 0 1.000000
autoportal_frame
  0 -35.019726 11.008216 62.402977 0.636650 -0.460514 0.618549 0.188192 0.974411 1 0 1.000000
  0 -35.516621 12.134767 62.744473 0.296213 -0.000188 0.955122 0.176993 0.982664 1 0 1.000000
  0 -35.543636 11.008215 62.744473 0.254861 -0.549909 0.795390 0.190739 0.978245 1 0 1.000000
autoportal_frame
  0 -34.570000 8.384773 56.056808 0.445367 -0.851338 0.277257 0.208770 0.922175 1 0 1.000000
  0 -35.019726 11.008216 62.402977 0.636650 -0.460514 0.618549 0.188192 0.974411 1 0 1.000000
  0 -35.543636 11.008215 62.744473 0.254861 -0.549909 0.795390 0.190739 0.978245 1 0 1.000000
autoportal_frame
  0 -34.583977 11.008216 61.824001 0.926869 -0.215510 0.307359 0.186248 0.969510 1 0 1.000000
  0 -35.019726 11.008216 62.402977 0.636650 -0.460514 0.618549 0.188192 0.974411 1 0 1.000000
  0 -34.570000 8.384773 56.056808 0.445367 -0.851338 0.277257 0.208770 0.922175 1 0 1.000000
autoportal_frame
  0 -34.583977 11.008216 61.824001 0.926869 -0.215510 0.307359 0.186248 0.969510 1 0 1.000000
  0 -34.570000 8.384773 56.056808 0.445367 -0.851338 0.277257 0.208770 0.922175 1 0 1.000000
  0 -33.963665 8.966825 56.056808 0.798363 -0.562272 0.215563 0.200987 0.922693 1 0 1.000000
autoportal_frame
  0 -33.963665 8.966825 56.056808 0.798363 -0.562272 0.215563 0.200987 0.922693 1 0 1.000000
  0 -33.038094 9.492579 44.452942 0.996508 -0.048769 0.067780 0.179945 0.837564 1 0 1.000000
  0 -34.583977 11.008216 61.824001 0.926869 -0.215510 0.307359 0.186248 0.969510 1 0 1.000000
autoportal_frame
  0 -33.963665 8.966825 56.056808 0.798363 -0.562272 0.215563 0.200987 0.922693 1 0 1.000000
  0 -33.316345 6.710619 44.452942 0.861328 -0.499257 0.094111 0.211248 0.835025 1 0 1.000000
  0 -33.038094 9.492579 44.452942 0.996508 -0.048769 0.067780 0.179945 0.837564 1 0 1.000000
autoportal_frame
  0 -33.963665 8.966825 56.056808 0.798363 -0.562272 0.215563 0.200987 0.922693 1 0 1.000000
  0 -34.246342 6.128566 44.452942 0.416816 -0.901466 0.116717 0.220483 0.834912 1 0 1.000000
  0 -33.316345 6.710619 44.452942 0.861328 -0.499257 0.094111 0.211248 0.835025 1 0 1.000000
autoportal_frame
  0 -33.316345 6.710619 44.452942 0.861328 -0.499257 0.094111 0.211248 0.835025 1 0 1.000000
  0 -34.246342 6.128566 44.452942 0.416816 -0.901466 0.116717 0.220483 0.834912 1 0 1.000000
  0 -33.926929 5.173276 22.226471 0.363272 -0.931032 0.034839 0.227981 0.668066 1 0 1.000000
autoportal_frame
  0 -35.176338 4.782292 22.226471 0.287706 -0.957131 0.033553 0.238213 0.668278 1 0 1.000000
  0 -33.926929 5.173276 22.226471 0.363272 -0.931032 0.034839 0.227981 0.668066 1 0 1.000000
  0 -34.246342 6.128566 44.452942 0.416816 -0.901466 0.116717 0.220483 0.834912 1 0 1.000000
autoportal_frame
  0 -35.176338 4.782292 22.226471 0.287706 -0.957131 0.033553 0.238213 0.668278 1 0 1.000000
  0 -34.246342 6.128566 44.452942 0.416816 -0.901466 0.116717 0.220483 0.834912 1 0 1.000000
  0 -35.176338 5.851907 44.452942 0.291132 -0.949374 0.118026 0.227763 0.835148 1 0 1.000000
autoportal_frame
  0 -35.380146 8.127250 56.056808 0.188264 -0.925710 0.328052 0.215251 0.922798 1 0 1.000000
  0 -35.176338 5.851907 44.452942 0.291132 -0.949374 0.118026 0.227763 0.835148 1 0 1.000000
  0 -34.246342 6.128566 44.452942 0.416816 -0.901466 0.116717 0.220483 0.834912 1 0 1.000000
autoportal_frame
  0 -35.380146 8.127250 56.056808 0.188264 -0.925710 0.328052 0.215251 0.922798 1 0 1.000000
  0 -34.246342 6.128566 44.452942 0.416816 -0.901466 0.116717 0.220483 0.834912 1 0 1.000000
  0 -34.570000 8.384773 56.056808 0.445367 -0.851338 0.277257 0.208770 0.922175 1 0 1.000000
autoportal_frame
  0 -33.963665 8.966825 56.056808 0.798363 -0.562272 0.215563 0.200987 0.922693 1 0 1.000000
  0 -34.570000 8.384773 56.056808 0.445367 -0.851338 0.277257 0.208770 0.922175 1 0 1.000000
  0 -34.246342 6.128566 44.452942 0.416816 -0.901466 0.116717 0.220483 0.834912 1 0 1.000000
autoportal_frame
  0 -34.570000 8.384773 56.056808 0.445367 -0.851338 0.277257 0.208770 0.922175 1 0 1.000000
  0 -35.543636 11.008215 62.744473 0.254861 -0.549909 0.795390 0.190739 0.978245 1 0 1.000000
  0 -35.380146 8.127250 56.056808 0.188264 -0.925710 0.328052 0.215251 0.922798 1 0 1.000000
autoportal_frame
  0 33.158169 9.233015 -22.212744 -0.025302 0.999640 0.008900 0.887873 0.326150 1 0 1.000000
  0 33.038094 9.492586 -44.452942 -0.027683 0.999547 0.011815 0.896282 0.157778 1 0 1.000000
  0 32.430912 9.215168 -22.226471 -0.025302 0.999640 0.008900 0.893252 0.326246 1 0 1.000000
autoportal_frame
  0 33.158169 9.233015 -22.212744 -0.025302 0.999640 0.008900 0.887873 0.326150 1 0 1.000000
  0 33.764431 9.514398 -44.416042 -0.027683 0.999547 0.011815 0.891113 0.158369 1 0 1.000000
  0 33.038094 9.492586 -44.452942 -0.027683 0.999547 0.011815 0.896282 0.157778 1 0 1.000000
autoportal_frame
  0 33.764431 9.514398 -44.416042 -0.995527 -0.068578 -0.064976 0.696756 0.068782 1 0 1.000000
  0 33.133926 9.656614 -22.212744 -0.998029 -0.059421 -0.020185 0.694492 0.283427 1 0 1.000000
  0 33.731609 9.932832 -44.412529 -0.995527 -0.068578 -0.064976 0.690664 0.068819 1 0 1.000000
autoportal_frame
  0 33.764431 9.514398 -44.416042 -0.995527 -0.068578 -0.064976 0.696756 0.068782 1 0 1.000000
  0 33.158169 9.233015 -22.212744 -0.998029 -0.059421 -0.020185 0.700656 0.283427 1 0 1.000000
  0 33.133926 9.656614 -22.212744 -0.998029 -0.059421 -0.020185 0.694492 0.283427 1 0 1.000000
autoportal_frame
  0 33.731609 9.932832 -44.412529 -0.995527 -0.068578 -0.064976 0.690664 0.068819 1 0 1.000000
  0 34.013779 12.148314 -48.670383 -0.992350 -0.069591 -0.101974 0.658603 0.027469 1 0 1.000000
  0 33.764431 9.514398 -44.416042 -0.995527 -0.068578 -0.064976 0.696756 0.068782 1 0 1.000000
autoportal_frame
  0 33.731609 9.932832 -44.412529 -0.995527 -0.068578 -0.064976 0.690664 0.068819 1 0 1.000000
  0 33.943604 12.148314 -47.957165 -0.992350 -0.069591 -0.101974 0.658573 0.034392 1 0 1.000000
  0 34.013779 12.148314 -48.670383 -0.992350 -0.069591 -0.101974 0.658603 0.027469 1 0 1.000000
autoportal_frame
  0 38.952522 9.656614 -22.212744 0.676906 -0.735792 -0.020198 0.598591 0.663286 1 0 1.000000
  0 39.081409 9.915912 -44.452942 -0.024345 -0.999634 -0.011796 0.591075 0.837035 1 0 1.000000
  0 39.679775 9.638766 -22.226471 -0.023633 -0.999681 -0.008890 0.593095 0.663238 1 0 1.000000
autoportal_frame
  0 38.952522 9.656614 -22.212744 0.676906 -0.735792 -0.020198 0.598591 0.663286 1 0 1.000000
  0 38.354839 9.932832 -44.412529 0.863962 -0.499691 -0.062273 0.596574 0.836929 1 0 1.000000
  0 39.081409 9.915912 -44.452942 -0.024345 -0.999634 -0.011796 0.591075 0.837035 1 0 1.000000
autoportal_frame
  0 39.220413 9.516257 0.000000 0.680329 -0.732907 0.000000 0.599678 0.489587 1 0 1.000000
  0 39.679775 9.638766 -22.226471 -0.023633 -0.999681 -0.008890 0.593095 0.663238 1 0 1.000000
  0 39.947964 9.500833 0.000000 -0.022921 -0.999737 0.000000 0.594183 0.489587 1 0 1.000000
autoportal_frame
  0 39.220413 9.516257 0.000000 0.680329 -0.732907 0.000000 0.599678 0.489587 1 0 1.000000
  0 38.952522 9.656614 -22.212744 0.676906 -0.735792 -0.020198 0.598591 0.663286 1 0 1.000000
  0 39.679775 9.638766 -22.226471 -0.023633 -0.999681 -0.008890 0.593095 0.663238 1 0 1.000000
autoportal_frame
  0 38.952522 9.656612 22.212744 0.676906 -0.735792 0.020198 0.598591 0.315889 1 0 1.000000
  0 39.947964 9.500833 0.000000 -0.022921 -0.999737 0.000000 0.594183 0.489587 1 0 1.000000
  0 39.679775 9.638764 22.226471 -0.023633 -0.999681 0.008890 0.593095 0.315937 1 0 1.000000
autoportal_frame
  0 38.952522 9.656612 22.212744 0.676906 -0.735792 0.020198 0.598591 0.315889 1 0 1.000000
  0 39.220413 9.516257 0.000000 0.680329 -0.732907 0.000000 0.599678 0.489587 1 0 1.000000
  0 39.947964 9.500833 0.000000 -0.022921 -0.999737 0.000000 0.594183 0.489587 1 0 1.000000
autoportal_frame
  0 39.679775 9.638764 22.226471 -0.023633 -0.999681 0.008890 0.593095 0.315937 1 0 1.000000
  0 38.354839 9.932828 44.412529 0.863962 -0.499691 0.062273 0.596574 0.142245 1 0 1.000000
  0 38.952522 9.656612 22.212744 0.676906 -0.735792 0.020198 0.598591 0.315889 1 0 1.000000
autoportal_frame
  0 39.679775 9.638764 22.226471 -0.023633 -0.999681 0.008890 0.593095 0.315937 1 0 1.000000
  0 39.081409 9.915908 44.452942 -0.024345 -0.999634 0.011796 0.591075 0.142140 1 0 1.000000
  0 38.354839 9.932828 44.412529 0.863962 -0.499691 0.062273 0.596574 0.142245 1 0 1.000000
autoportal_frame
  0 38.322018 9.514398 -44.416042 0.995527 -0.068578 -0.064976 0.724565 0.068724 1 0 1.000000
  0 38.142845 12.148314 -47.957165 0.992350 -0.069591 -0.101974 0.762748 0.034334 1 0 1.000000
  0 38.354839 9.932832 -44.412529 0.863962 -0.499691 -0.062273 0.730657 0.068760 1 0 1.000000
autoportal_frame
  0 38.322018 9.514398 -44.416042 0.995527 -0.068578 -0.064976 0.724565 0.068724 1 0 1.000000
  0 38.072670 12.148314 -48.670383 0.992350 -0.069591 -0.101974 0.762718 0.027410 1 0 1.000000
  0 38.142845 12.148314 -47.957165 0.992350 -0.069591 -0.101974 0.762748 0.034334 1 0 1.000000
autoportal_frame
  0 38.354839 9.932832 -44.412529 0.863962 -0.499691 -0.062273 0.730657 0.068760 1 0 1.000000
  0 38.928284 9.233015 -22.212744 0.998029 -0.059421 -0.020185 0.720665 0.283368 1 0 1.000000
  0 38.322018 9.514398 -44.416042 0.995527 -0.068578 -0.064976 0.724565 0.068724 1 0 1.000000
autoportal_frame
  0 38.354839 9.932832 -44.412529 0.863962 -0.499691 -0.062273 0.730657 0.068760 1 0 1.000000
  0 38.952522 9.656614 -22.212744 0.676906 -0.735792 -0.020198 0.726829 0.283368 1 0 1.000000
  0 38.928284 9.233015 -22.212744 0.998029 -0.059421 -0.020185 0.720665 0.283368 1 0 1.000000
autoportal_frame
  0 39.201069 9.092546 0.000000 0.998680 -0.051369 0.000000 0.718698 0.498041 1 0 1.000000
  0 38.952522 9.656614 -22.212744 0.676906 -0.735792 -0.020198 0.726829 0.283368 1 0 1.000000
  0 39.220413 9.516257 0.000000 0.680329 -0.732907 0.000000 0.724862 0.498041 1 0 1.000000
autoportal_frame
  0 39.201069 9.092546 0.000000 0.998680 -0.051369 0.000000 0.718698 0.498041 1 0 1.000000
  0 38.928284 9.233015 -22.212744 0.998029 -0.059421 -0.020185 0.720665 0.283368 1 0 1.000000
  0 38.952522 9.656614 -22.212744 0.676906 -0.735792 -0.020198 0.726829 0.283368 1 0 1.000000
autoportal_frame
  0 39.220413 9.516257 0.000000 0.680329 -0.732907 0.000000 0.724862 0.498041 1 0 1.000000
  0 38.928284 9.233013 22.212744 0.998029 -0.059421 0.020185 0.720665 0.712714 1 0 1.000000
  0 39.201069 9.092546 0.000000 0.998680 -0.051369 0.000000 0.718698 0.498041 1 0 1.000000
autoportal_frame
  0 39.220413 9.516257 0.000000 0.680329 -0.732907 0.000000 0.724862 0.498041 1 0 1.000000
  0 38.952522 9.656612 22.212744 0.676906 -0.735792 0.020198 0.726829 0.712714 1 0 1.000000
  0 38.928284 9.233013 22.212744 0.998029 -0.059421 0.020185 0.720665 0.712714 1 0 1.000000
autoportal_frame
  0 38.322018 9.514394 44.416042 0.995527 -0.068578 0.064976 0.724565 0.927358 1 0 1.000000
  0 38.952522 9.656612 22.212744 0.676906 -0.735792 0.020198 0.726829 0.712714 1 0 1.000000
  0 38.354839 9.932828 44.412529 0.863962 -0.499691 0.062273 0.730657 0.927322 1 0 1.000000
autoportal_frame
  0 38.322018 9.514394 44.416042 0.995527 -0.068578 0.064976 0.724565 0.927358 1 0 1.000000
  0 38.928284 9.233013 22.212744 0.998029 -0.059421 0.020185 0.720665 0.712714 1 0 1.000000
  0 38.952522 9.656612 22.212744 0.676906 -0.735792 0.020198 0.726829 0.712714 1 0 1.000000
autoportal_frame
  0 33.218834 12.134775 -47.949150 0.029630 -0.846602 -0.531401 0.630830 0.116316 1 0 1.000000
  0 33.731609 9.932832 -44.412529 0.029630 -0.846602 -0.531401 0.660462 0.139968 1 0 1.000000
  0 33.005039 9.915912 -44.452942 0.029630 -0.846602 -0.531401 0.656562 0.143811 1 0 1.000000
autoportal_frame
  0 33.218834 12.134775 -47.949150 0.029630 -0.846602 -0.531401 0.630830 0.116316 1 0 1.000000
  0 33.943604 12.148314 -47.957165 0.029630 -0.846602 -0.531401 0.634536 0.112319 1 0 1.000000
  0 33.731609 9.932832 -44.412529 0.029630 -0.846602 -0.531401 0.660462 0.139968 1 0 1.000000
autoportal_frame
  0 33.038094 9.492586 -44.452942 -0.031182 0.849031 0.527422 0.896282 0.157778 1 0 1.000000
  0 34.013779 12.148314 -48.670383 -0.031182 0.849031 0.527422 0.868431 0.123541 1 0 1.000000
  0 33.289005 12.134775 -48.662369 -0.031182 0.849031 0.527422 0.872811 0.121135 1 0 1.000000
autoportal_frame
  0 33.038094 9.492586 -44.452942 -0.031182 0.849031 0.527422 0.896282 0.157778 1 0 1.000000
  0 33.764431 9.514398 -44.416042 -0.031182 0.849031 0.527422 0.891113 0.158369 1 0 1.000000
  0 34.013779 12.148314 -48.670383 -0.031182 0.849031 0.527422 0.868431 0.123541 1 0 1.000000
autoportal_frame
  0 33.005039 9.915912 -44.452942 0.024345 -0.999634 -0.011796 0.656562 0.143811 1 0 1.000000
  0 33.133926 9.656614 -22.212744 0.023633 -0.999681 -0.008890 0.664049 0.316846 1 0 1.000000
  0 32.406673 9.638766 -22.226471 0.023633 -0.999681 -0.008890 0.658564 0.316895 1 0 1.000000
autoportal_frame
  0 33.005039 9.915912 -44.452942 0.024345 -0.999634 -0.011796 0.656562 0.143811 1 0 1.000000
  0 33.731609 9.932832 -44.412529 0.024345 -0.999634 -0.011796 0.662039 0.143917 1 0 1.000000
  0 33.133926 9.656614 -22.212744 0.023633 -0.999681 -0.008890 0.664049 0.316846 1 0 1.000000
autoportal_frame
  0 34.583977 11.008224 -61.824001 -0.926869 -0.215510 -0.307359 0.902585 0.025832 1 0 1.000000
  0 33.289005 12.134775 -48.662369 -0.994747 -0.039330 -0.094507 0.872811 0.121135 1 0 1.000000
  0 34.583977 12.134775 -61.824001 -0.929645 -0.015806 -0.368117 0.890172 0.023374 1 0 1.000000
autoportal_frame
  0 34.583977 11.008224 -61.824001 -0.926869 -0.215510 -0.307359 0.902585 0.025832 1 0 1.000000
  0 33.038094 9.492586 -44.452942 -0.996508 -0.048769 -0.067780 0.896282 0.157778 1 0 1.000000
  0 33.289005 12.134775 -48.662369 -0.994747 -0.039330 -0.094507 0.872811 0.121135 1 0 1.000000
autoportal_frame
  0 34.583977 12.134775 -61.824001 -0.929645 -0.015806 -0.368117 0.890172 0.023374 1 0 1.000000
  0 35.019726 11.008224 -62.402977 -0.636650 -0.460514 -0.618549 0.904529 0.020932 1 0 1.000000
  0 34.583977 11.008224 -61.824001 -0.926869 -0.215510 -0.307359 0.902585 0.025832 1 0 1.000000
autoportal_frame
  0 34.583977 12.134775 -61.824001 -0.929645 -0.015806 -0.368117 0.890172 0.023374 1 0 1.000000
  0 35.045311 12.134775 -62.402977 -0.686414 0.004361 -0.727198 0.891787 0.017275 1 0 1.000000
  0 35.019726 11.008224 -62.402977 -0.636650 -0.460514 -0.618549 0.904529 0.020932 1 0 1.000000
autoportal_frame
  0 35.176338 4.782297 -22.226471 -0.287706 -0.957131 -0.033553 0.954550 0.327065 1 0 1.000000
  0 34.246342 6.128573 -44.452942 -0.416816 -0.901466 -0.116717 0.936820 0.160430 1 0 1.000000
  0 35.176338 5.851914 -44.452942 -0.291132 -0.949374 -0.118026 0.944100 0.160194 1 0 1.000000
autoportal_frame
  0 35.176338 4.782297 -22.226471 -0.287706 -0.957131 -0.033553 0.954550 0.327065 1 0 1.000000
  0 33.926929 5.173281 -22.226471 -0.363271 -0.931032 -0.034839 0.944318 0.327276 1 0 1.000000
  0 34.246342 6.128573 -44.452942 -0.416816 -0.901466 -0.116717 0.936820 0.160430 1 0 1.000000
autoportal_frame
  0 33.316345 6.710626 -44.452942 -0.861328 -0.499257 -0.094111 0.927585 0.160317 1 0 1.000000
  0 34.246342 6.128573 -44.452942 -0.416816 -0.901466 -0.116717 0.936820 0.160430 1 0 1.000000
  0 33.926929 5.173281 -22.226471 -0.363271 -0.931032 -0.034839 0.944318 0.327276 1 0 1.000000
autoportal_frame
  0 33.963665 8.966833 -56.056808 -0.798363 -0.562272 -0.215563 0.917324 0.072649 1 0 1.000000
  0 34.246342 6.128573 -44.452942 -0.416816 -0.901466 -0.116717 0.936820 0.160430 1 0 1.000000
  0 33.316345 6.710626 -44.452942 -0.861328 -0.499257 -0.094111 0.927585 0.160317 1 0 1.000000
autoportal_frame
  0 33.963665 8.966833 -56.056808 -0.798363 -0.562272 -0.215563 0.917324 0.072649 1 0 1.000000
  0 33.316345 6.710626 -44.452942 -0.861328 -0.499257 -0.094111 0.927585 0.160317 1 0 1.000000
  0 33.038094 9.492586 -44.452942 -0.996508 -0.048769 -0.067780 0.896282 0.157778 1 0 1.000000
autoportal_frame
  0 33.963665 8.966833 -56.056808 -0.798363 -0.562272 -0.215563 0.917324 0.072649 1 0 1.000000
  0 33.038094 9.492586 -44.452942 -0.996508 -0.048769 -0.067780 0.896282 0.157778 1 0 1.000000
  0 34.583977 11.008224 -61.824001 -0.926869 -0.215510 -0.307359 0.902585 0.025832 1 0 1.000000
autoportal_frame
  0 34.583977 11.008224 -61.824001 -0.926869 -0.215510 -0.307359 0.902585 0.025832 1 0 1.000000
  0 34.570000 8.384781 -56.056808 -0.445367 -0.851338 -0.277257 0.925107 0.073167 1 0 1.000000
  0 33.963665 8.966833 -56.056808 -0.798363 -0.562272 -0.215563 0.917324 0.072649 1 0 1.000000
autoportal_frame
  0 34.583977 11.008224 -61.824001 -0.926869 -0.215510 -0.307359 0.902585 0.025832 1 0 1.000000
  0 35.019726 11.008224 -62.402977 -0.636650 -0.460514 -0.618549 0.904529 0.020932 1 0 1.000000
  0 34.570000 8.384781 -56.056808 -0.445367 -0.851338 -0.277257 0.925107 0.073167 1 0 1.000000
autoportal_frame
  0 34.570000 8.384781 -56.056808 -0.445367 -0.851338 -0.277257 0.925107 0.073167 1 0 1.000000
  0 35.019726 11.008224 -62.402977 -0.636650 -0.460514 -0.618549 0.904529 0.020932 1 0 1.000000
  0 35.543636 11.008224 -62.744473 -0.254861 -0.549909 -0.795390 0.907076 0.017097 1 0 1.000000
autoportal_frame
  0 35.019726 11.008224 -62.402977 -0.636650 -0.460514 -0.618549 0.904529 0.020932 1 0 1.000000
  0 35.516621 12.134776 -62.744473 -0.296213 -0.000188 -0.955122 0.893330 0.012678 1 0 1.000000
  0 35.543636 11.008224 -62.744473 -0.254861 -0.549909 -0.795390 0.907076 0.017097 1 0 1.000000
autoportal_frame
  0 35.019726 11.008224 -62.402977 -0.636650 -0.460514 -0.618549 0.904529 0.020932 1 0 1.000000
  0 35.045311 12.134775 -62.402977 -0.686414 0.004361 -0.727198 0.891787 0.017275 1 0 1.000000
  0 35.516621 12.134776 -62.744473 -0.296213 -0.000188 -0.955122 0.893330 0.012678 1 0 1.000000
autoportal_frame
  0 33.963665 8.966833 -56.056808 -0.798363 -0.562272 -0.215563 0.917324 0.072649 1 0 1.000000
  0 34.570000 8.384781 -56.056808 -0.445367 -0.851338 -0.277257 0.925107 0.073167 1 0 1.000000
  0 34.246342 6.128573 -44.452942 -0.416816 -0.901466 -0.116717 0.936820 0.160430 1 0 1.000000
autoportal_frame
  0 35.380146 8.127257 -56.056808 -0.188264 -0.925710 -0.328052 0.931588 0.072545 1 0 1.000000
  0 34.246342 6.128573 -44.452942 -0.416816 -0.901466 -0.116717 0.936820 0.160430 1 0 1.000000
  0 34.570000 8.384781 -56.056808 -0.445367 -0.851338 -0.277257 0.925107 0.073167 1 0 1.000000
autoportal_frame
  0 34.570000 8.384781 -56.056808 -0.445367 -0.851338 -0.277257 0.925107 0.073167 1 0 1.000000
  0 35.543636 11.008224 -62.744473 -0.254861 -0.549909 -0.795390 0.907076 0.017097 1 0 1.000000
  0 35.380146 8.127257 -56.056808 -0.188264 -0.925710 -0.328052 0.931588 0.072545 1 0 1.000000
autoportal_frame
  0 35.380146 8.127257 -56.056808 -0.188264 -0.925710 -0.328052 0.931588 0.072545 1 0 1.000000
  0 35.176338 5.851914 -44.452942 -0.291132 -0.949374 -0.118026 0.944100 0.160194 1 0 1.000000
  0 34.246342 6.128573 -44.452942 -0.416816 -0.901466 -0.116717 0.936820 0.160430 1 0 1.000000
autoportal_frame
  0 32.677521 5.755333 -22.226471 -0.827223 -0.560877 -0.033439 0.932964 0.327391 1 0 1.000000
  0 32.430912 9.215168 -22.226471 -0.997050 -0.073510 -0.022062 0.893252 0.326246 1 0 1.000000
  0 33.038094 9.492586 -44.452942 -0.996508 -0.048769 -0.067780 0.896282 0.157778 1 0 1.000000
autoportal_frame
  0 32.677521 5.755333 -22.226471 -0.827223 -0.560877 -0.033439 0.932964 0.327391 1 0 1.000000
  0 33.038094 9.492586 -44.452942 -0.996508 -0.048769 -0.067780 0.896282 0.157778 1 0 1.000000
  0 33.316345 6.710626 -44.452942 -0.861328 -0.499257 -0.094111 0.927585 0.160317 1 0 1.000000
autoportal_frame
  0 33.316345 6.710626 -44.452942 -0.861328 -0.499257 -0.094111 0.927585 0.160317 1 0 1.000000
  0 33.926929 5.173281 -22.226471 -0.363271 -0.931032 -0.034839 0.944318 0.327276 1 0 1.000000
  0 32.677521 5.755333 -22.226471 -0.827223 -0.560877 -0.033439 0.932964 0.327391 1 0 1.000000
autoportal_frame
  0 32.371223 5.279821 0.000000 -0.819548 -0.573011 0.000000 0.935257 0.498161 1 0 1.000000
  0 32.677521 5.755333 -22.226471 -0.827223 -0.560877 -0.033439 0.932964 0.327391 1 0 1.000000
  0 33.926929 5.173281 -22.226471 -0.363271 -0.931032 -0.034839 0.944318 0.327276 1 0 1.000000
autoportal_frame
  0 32.371223 5.279821 0.000000 -0.819548 -0.573011 0.000000 0.935257 0.498161 1 0 1.000000
  0 33.926929 5.173281 -22.226471 -0.363271 -0.931032 -0.034839 0.944318 0.327276 1 0 1.000000
  0 33.773781 4.697769 0.000000 -0.343071 -0.939309 0.000000 0.947767 0.498161 1 0 1.000000
autoportal_frame
  0 33.773781 4.697769 0.000000 -0.343071 -0.939309 0.000000 0.947767 0.498161 1 0 1.000000
  0 32.677521 5.755332 22.226471 -0.827223 -0.560877 0.033439 0.932964 0.668932 1 0 1.000000
  0 32.371223 5.279821 0.000000 -0.819548 -0.573011 0.000000 0.935257 0.498161 1 0 1.000000
autoportal_frame
  0 33.773781 4.697769 0.000000 -0.343071 -0.939309 0.000000 0.947767 0.498161 1 0 1.000000
  0 33.926929 5.173279 22.226471 -0.363271 -0.931032 0.034839 0.944318 0.669047 1 0 1.000000
  0 32.677521 5.755332 22.226471 -0.827223 -0.560877 0.033439 0.932964 0.668932 1 0 1.000000
autoportal_frame
  0 32.677521 5.755332 22.226471 -0.827223 -0.560877 0.033439 0.932964 0.668932 1 0 1.000000
  0 33.926929 5.173279 22.226471 -0.363271 -0.931032 0.034839 0.944318 0.669047 1 0 1.000000
  0 34.246342 6.128569 44.452942 -0.416816 -0.901466 0.116717 0.936820 0.835893 1 0 1.000000
autoportal_frame
  0 35.176338 5.851910 44.452942 -0.291132 -0.949374 0.118026 0.944100 0.836129 1 0 1.000000
  0 34.246342 6.128569 44.452942 -0.416816 -0.901466 0.116717 0.936820 0.835893 1 0 1.000000
  0 33.926929 5.173279 22.226471 -0.363271 -0.931032 0.034839 0.944318 0.669047 1 0 1.000000
autoportal_frame
  0 35.176338 5.851910 44.452942 -0.291132 -0.949374 0.118026 0.944100 0.836129 1 0 1.000000
  0 33.926929 5.173279 22.226471 -0.363271 -0.931032 0.034839 0.944318 0.669047 1 0 1.000000
  0 35.176338 4.782295 22.226471 -0.287706 -0.957131 0.033553 0.954550 0.669258 1 0 1.000000
autoportal_frame
  0 35.176338 4.782295 22.226471 -0.287706 -0.957131 0.033553 0.954550 0.669258 1 0 1.000000
  0 33.773781 4.697769 0.000000 -0.343071 -0.939309 0.000000 0.947767 0.498161 1 0 1.000000
  0 35.176338 4.306785 0.000000 -0.282825 -0.959171 0.000000 0.959236 0.498161 1 0 1.000000
autoportal_frame
  0 35.176338 4.782295 22.226471 -0.287706 -0.957131 0.033553 0.954550 0.669258 1 0 1.000000
  0 33.926929 5.173279 22.226471 -0.363271 -0.931032 0.034839 0.944318 0.669047 1 0 1.000000
  0 33.773781 4.697769 0.000000 -0.343071 -0.939309 0.000000 0.947767 0.498161 1 0 1.000000
autoportal_frame
  0 32.157829 9.077122 0.000000 -0.997997 -0.063259 0.000000 0.890744 0.498161 1 0 1.000000
  0 32.677521 5.755333 -22.226471 -0.827223 -0.560877 -0.033439 0.932964 0.327391 1 0 1.000000
  0 32.371223 5.279821 0.000000 -0.819548 -0.573011 0.000000 0.935257 0.498161 1 0 1.000000
autoportal_frame
  0 32.157829 9.077122 0.000000 -0.997997 -0.063259 0.000000 0.890744 0.498161 1 0 1.000000
  0 32.430912 9.215168 -22.226471 -0.997050 -0.073510 -0.022062 0.893252 0.326246 1 0 1.000000
  0 32.677521 5.755333 -22.226471 -0.827223 -0.560877 -0.033439 0.932964 0.327391 1 0 1.000000
autoportal_frame
  0 32.677521 5.755332 22.226471 -0.827223 -0.560877 0.033439 0.932964 0.668932 1 0 1.000000
  0 32.157829 9.077122 0.000000 -0.997997 -0.063259 0.000000 0.890744 0.498161 1 0 1.000000
  0 32.371223 5.279821 0.000000 -0.819548 -0.573011 0.000000 0.935257 0.498161 1 0 1.000000
autoportal_frame
  0 32.677521 5.755332 22.226471 -0.827223 -0.560877 0.033439 0.932964 0.668932 1 0 1.000000
  0 32.430912 9.215165 22.226471 -0.997050 -0.073510 0.022062 0.893252 0.670077 1 0 1.000000
  0 32.157829 9.077122 0.000000 -0.997997 -0.063259 0.000000 0.890744 0.498161 1 0 1.000000
autoportal_frame
  0 33.773781 4.697769 0.000000 -0.343071 -0.939309 0.000000 0.947767 0.498161 1 0 1.000000
  0 33.926929 5.173281 -22.226471 -0.363271 -0.931032 -0.034839 0.944318 0.327276 1 0 1.000000
  0 35.176338 4.782297 -22.226471 -0.287706 -0.957131 -0.033553 0.954550 0.327065 1 0 1.000000
autoportal_frame
  0 33.773781 4.697769 0.000000 -0.343071 -0.939309 0.000000 0.947767 0.498161 1 0 1.000000
  0 35.176338 4.782297 -22.226471 -0.287706 -0.957131 -0.033553 0.954550 0.327065 1 0 1.000000
  0 35.176338 4.306785 0.000000 -0.282825 -0.959171 0.000000 0.959236 0.498161 1 0 1.000000
autoportal_frame
  0 34.570000 8.384776 56.056808 -0.445367 -0.851338 0.277257 0.925107 0.923156 1 0 1.000000
  0 35.176338 5.851910 44.452942 -0.291132 -0.949374 0.118026 0.944100 0.836129 1 0 1.000000
  0 35.380146 8.127253 56.056808 -0.188264 -0.925710 0.328052 0.931588 0.923778 1 0 1.000000
autoportal_frame
  0 34.570000 8.384776 56.056808 -0.445367 -0.851338 0.277257 0.925107 0.923156 1 0 1.000000
  0 34.246342 6.128569 44.452942 -0.416816 -0.901466 0.116717 0.936820 0.835893 1 0 1.000000
  0 35.176338 5.851910 44.452942 -0.291132 -0.949374 0.118026 0.944100 0.836129 1 0 1.000000
autoportal_frame
  0 33.316345 6.710622 44.452942 -0.861328 -0.499257 0.094111 0.927585 0.836006 1 0 1.000000
  0 34.246342 6.128569 44.452942 -0.416816 -0.901466 0.116717 0.936820 0.835893 1 0 1.000000
  0 34.570000 8.384776 56.056808 -0.445367 -0.851338 0.277257 0.925107 0.923156 1 0 1.000000
autoportal_frame
  0 32.677521 5.755332 22.226471 -0.827223 -0.560877 0.033439 0.932964 0.668932 1 0 1.000000
  0 34.246342 6.128569 44.452942 -0.416816 -0.901466 0.116717 0.936820 0.835893 1 0 1.000000
  0 33.316345 6.710622 44.452942 -0.861328 -0.499257 0.094111 0.927585 0.836006 1 0 1.000000
autoportal_frame
  0 33.316345 6.710622 44.452942 -0.861328 -0.499257 0.094111 0.927585 0.836006 1 0 1.000000
  0 32.430912 9.215165 22.226471 -0.997050 -0.073510 0.022062 0.893252 0.670077 1 0 1.000000
  0 32.677521 5.755332 22.226471 -0.827223 -0.560877 0.033439 0.932964 0.668932 1 0 1.000000
autoportal_frame
  0 33.316345 6.710622 44.452942 -0.861328 -0.499257 0.094111 0.927585 0.836006 1 0 1.000000
  0 33.038094 9.492581 44.452942 -0.996508 -0.048769 0.067780 0.896282 0.838545 1 0 1.000000
  0 32.430912 9.215165 22.226471 -0.997050 -0.073510 0.022062 0.893252 0.670077 1 0 1.000000
autoportal_frame
  0 34.583977 11.008219 61.824001 -0.926869 -0.215510 0.307359 0.902585 0.970491 1 0 1.000000
  0 33.038094 9.492581 44.452942 -0.996508 -0.048769 0.067780 0.896282 0.838545 1 0 1.000000
  0 33.316345 6.710622 44.452942 -0.861328 -0.499257 0.094111 0.927585 0.836006 1 0 1.000000
autoportal_frame
  0 34.583977 11.008219 61.824001 -0.926869 -0.215510 0.307359 0.902585 0.970491 1 0 1.000000
  0 35.045311 12.134770 62.402977 -0.686414 0.004361 0.727198 0.891787 0.979048 1 0 1.000000
  0 34.583977 12.134770 61.824001 -0.929645 -0.015806 0.368117 0.890172 0.972949 1 0 1.000000
autoportal_frame
  0 34.583977 11.008219 61.824001 -0.926869 -0.215510 0.307359 0.902585 0.970491 1 0 1.000000
  0 35.019726 11.008219 62.402977 -0.636650 -0.460514 0.618549 0.904529 0.975391 1 0 1.000000
  0 35.045311 12.134770 62.402977 -0.686414 0.004361 0.727198 0.891787 0.979048 1 0 1.000000
autoportal_frame
  0 33.963665 8.966828 56.056808 -0.798363 -0.562272 0.215563 0.917324 0.923674 1 0 1.000000
  0 35.019726 11.008219 62.402977 -0.636650 -0.460514 0.618549 0.904529 0.975391 1 0 1.000000
  0 34.583977 11.008219 61.824001 -0.926869 -0.215510 0.307359 0.902585 0.970491 1 0 1.000000
autoportal_frame
  0 34.583977 11.008219 61.824001 -0.926869 -0.215510 0.307359 0.902585 0.970491 1 0 1.000000
  0 33.316345 6.710622 44.452942 -0.861328 -0.499257 0.094111 0.927585 0.836006 1 0 1.000000
  0 33.963665 8.966828 56.056808 -0.798363 -0.562272 0.215563 0.917324 0.923674 1 0 1.000000
autoportal_frame
  0 33.316345 6.710622 44.452942 -0.861328 -0.499257 0.094111 0.927585 0.836006 1 0 1.000000
  0 34.570000 8.384776 56.056808 -0.445367 -0.851338 0.277257 0.925107 0.923156 1 0 1.000000
  0 33.963665 8.966828 56.056808 -0.798363 -0.562272 0.215563 0.917324 0.923674 1 0 1.000000
autoportal_frame
  0 33.963665 8.966828 56.056808 -0.798363 -0.562272 0.215563 0.917324 0.923674 1 0 1.000000
  0 34.570000 8.384776 56.056808 -0.445367 -0.851338 0.277257 0.925107 0.923156 1 0 1.000000
  0 35.019726 11.008219 62.402977 -0.636650 -0.460514 0.618549 0.904529 0.975391 1 0 1.000000
autoportal_frame
  0 35.380146 8.127253 56.056808 -0.188264 -0.925710 0.328052 0.931588 0.923778 1 0 1.000000
  0 35.019726 11.008219 62.402977 -0.636650 -0.460514 0.618549 0.904529 0.975391 1 0 1.000000
  0 34.570000 8.384776 56.056808 -0.445367 -0.851338 0.277257 0.925107 0.923156 1 0 1.000000
autoportal_frame
  0 35.380146 8.127253 56.056808 -0.188264 -0.925710 0.328052 0.931588 0.923778 1 0 1.000000
  0 35.543636 11.008219 62.744473 -0.254861 -0.549909 0.795390 0.907076 0.979226 1 0 1.000000
  0 35.019726 11.008219 62.402977 -0.636650 -0.460514 0.618549 0.904529 0.975391 1 0 1.000000
autoportal_frame
  0 35.543636 11.008219 62.744473 -0.254861 -0.549909 0.795390 0.907076 0.979226 1 0 1.000000
  0 35.045311 12.134770 62.402977 -0.686414 0.004361 0.727198 0.891787 0.979048 1 0 1.000000
  0 35.019726 11.008219 62.402977 -0.636650 -0.460514 0.618549 0.904529 0.975391 1 0 1.000000
autoportal_frame
  0 35.543636 11.008219 62.744473 -0.254861 -0.549909 0.795390 0.907076 0.979226 1 0 1.000000
  0 35.516621 12.134770 62.744473 -0.296213 -0.000188 0.955122 0.893330 0.983645 1 0 1.000000
  0 35.045311 12.134770 62.402977 -0.686414 0.004361 0.727198 0.891787 0.979048 1 0 1.000000
autoportal_frame
  0 34.583977 12.134770 61.824001 -0.929645 -0.015806 0.368117 0.890172 0.972949 1 0 1.000000
  0 33.038094 9.492581 44.452942 -0.996508 -0.048769 0.067780 0.896282 0.838545 1 0 1.000000
  0 34.583977 11.008219 61.824001 -0.926869 -0.215510 0.307359 0.902585 0.970491 1 0 1.000000
autoportal_frame
  0 34.583977 12.134770 61.824001 -0.929645 -0.015806 0.368117 0.890172 0.972949 1 0 1.000000
  0 33.289005 12.134770 48.662369 -0.994747 -0.039330 0.094507 0.872811 0.875188 1 0 1.000000
  0 33.038094 9.492581 44.452942 -0.996508 -0.048769 0.067780 0.896282 0.838545 1 0 1.000000
autoportal_frame
  0 -33.005039 9.915909 -44.452942 0.996553 -0.054766 -0.062302 0.410148 0.836544 1 0 1.000000
  0 -33.218834 12.134772 -47.949150 0.993502 -0.058296 -0.097750 0.436003 0.864160 1 0 1.000000
  0 -32.874844 12.134772 -44.452942 0.996553 -0.054766 -0.062302 0.436269 0.836704 1 0 1.000000
autoportal_frame
  0 38.797443 12.134775 -48.662369 0.031182 0.849031 0.527422 0.843751 0.121644 1 0 1.000000
  0 38.322018 9.514398 -44.416042 0.031182 0.849031 0.527422 0.825449 0.158878 1 0 1.000000
  0 39.048355 9.492586 -44.452942 0.031182 0.849031 0.527422 0.820280 0.158287 1 0 1.000000
autoportal_frame
  0 38.797443 12.134775 -48.662369 0.031182 0.849031 0.527422 0.843751 0.121644 1 0 1.000000
  0 38.072670 12.148314 -48.670383 0.031182 0.849031 0.527422 0.848131 0.124050 1 0 1.000000
  0 38.322018 9.514398 -44.416042 0.031182 0.849031 0.527422 0.825449 0.158878 1 0 1.000000
autoportal_frame
  0 39.048355 9.492586 -44.452942 0.027683 0.999547 0.011815 0.820280 0.158287 1 0 1.000000
  0 38.928284 9.233015 -22.212744 0.025302 0.999640 0.008900 0.828689 0.326659 1 0 1.000000
  0 39.655537 9.215168 -22.226471 0.025302 0.999640 0.008900 0.823310 0.326755 1 0 1.000000
autoportal_frame
  0 39.048355 9.492586 -44.452942 0.027683 0.999547 0.011815 0.820280 0.158287 1 0 1.000000
  0 38.322018 9.514398 -44.416042 0.027683 0.999547 0.011815 0.825449 0.158878 1 0 1.000000
  0 38.928284 9.233015 -22.212744 0.025302 0.999640 0.008900 0.828689 0.326659 1 0 1.000000
autoportal_frame
  0 39.081409 9.915912 -44.452942 -0.029630 -0.846602 -0.531401 0.591075 0.837035 1 0 1.000000
  0 38.142845 12.148314 -47.957165 -0.029630 -0.846602 -0.531401 0.568942 0.868668 1 0 1.000000
  0 38.867615 12.134775 -47.949150 -0.029630 -0.846602 -0.531401 0.565220 0.864651 1 0 1.000000
autoportal_frame
  0 39.081409 9.915912 -44.452942 -0.029630 -0.846602 -0.531401 0.591075 0.837035 1 0 1.000000
  0 38.354839 9.932832 -44.412529 -0.029630 -0.846602 -0.531401 0.594991 0.840897 1 0 1.000000
  0 38.142845 12.148314 -47.957165 -0.029630 -0.846602 -0.531401 0.568942 0.868668 1 0 1.000000
autoportal_frame
  0 33.005039 9.915907 44.452942 0.029630 -0.846602 0.531401 0.656580 0.838707 1 0 1.000000
  0 33.943604 12.148309 47.957165 0.029630 -0.846602 0.531401 0.634340 0.870482 1 0 1.000000
  0 33.218834 12.134770 47.949150 0.029630 -0.846602 0.531401 0.630603 0.866444 1 0 1.000000
autoportal_frame
  0 33.005039 9.915907 44.452942 0.029630 -0.846602 0.531401 0.656580 0.838707 1 0 1.000000
  0 33.731609 9.932828 44.412529 0.029630 -0.846602 0.531401 0.660513 0.842588 1 0 1.000000
  0 33.943604 12.148309 47.957165 0.029630 -0.846602 0.531401 0.634340 0.870482 1 0 1.000000
autoportal_frame
  0 35.176338 6.754814 44.132236 0.999960 -0.003871 -0.008099 0.954399 0.836172 1 0 1.000000
  0 35.380146 8.127253 56.056808 0.999839 -0.007743 -0.016198 0.931588 0.923778 1 0 1.000000
  0 35.176338 5.851910 44.452942 0.999960 -0.003871 -0.008099 0.944100 0.836129 1 0 1.000000
autoportal_frame
  0 35.176338 6.754814 44.132236 0.999960 -0.003871 -0.008099 0.954399 0.836172 1 0 1.000000
  0 35.380146 8.973193 55.541557 0.999839 -0.007743 -0.016198 0.941851 0.924201 1 0 1.000000
  0 35.380146 8.127253 56.056808 0.999839 -0.007743 -0.016198 0.931588 0.923778 1 0 1.000000
autoportal_frame
  0 35.176338 5.335882 0.000000 0.000000 -1.000000 0.000000 0.517638 0.500878 1 0 1.000000
  0 36.910114 5.809495 -22.137716 0.000000 -0.999482 -0.032167 0.530051 0.324901 1 0 1.000000
  0 36.910114 5.335882 0.000000 0.000000 -1.000000 0.000000 0.530051 0.500878 1 0 1.000000
autoportal_frame
  0 35.176338 5.335882 0.000000 0.000000 -1.000000 0.000000 0.517638 0.500878 1 0 1.000000
  0 35.176338 5.809495 -22.137716 0.000000 -0.999482 -0.032167 0.517638 0.324901 1 0 1.000000
  0 36.910114 5.809495 -22.137716 0.000000 -0.999482 -0.032167 0.530051 0.324901 1 0 1.000000
autoportal_frame
  0 35.176338 5.809494 22.137716 1.000000 0.000000 0.000000 0.966352 0.669728 1 0 1.000000
  0 35.176338 5.851910 44.452942 0.999960 -0.003871 -0.008099 0.944100 0.836129 1 0 1.000000
  0 35.176338 4.782295 22.226471 1.000000 0.000000 0.000000 0.954550 0.669258 1 0 1.000000
autoportal_frame
  0 35.176338 5.809494 22.137716 1.000000 0.000000 0.000000 0.966352 0.669728 1 0 1.000000
  0 35.176338 6.754814 44.132236 0.999960 -0.003871 -0.008099 0.954399 0.836172 1 0 1.000000
  0 35.176338 5.851910 44.452942 0.999960 -0.003871 -0.008099 0.944100 0.836129 1 0 1.000000
autoportal_frame
  0 32.295223 12.134771 22.226471 -0.998768 -0.045715 0.019296 0.629185 0.664331 1 0 1.000000
  0 33.005039 9.915907 44.452942 -0.996553 -0.054766 0.062302 0.656580 0.838707 1 0 1.000000
  0 32.874844 12.134770 44.452942 -0.996553 -0.054766 0.062302 0.630350 0.838859 1 0 1.000000
autoportal_frame
  0 32.295223 12.134771 22.226471 -0.998768 -0.045715 0.019296 0.629185 0.664331 1 0 1.000000
  0 32.406673 9.638763 22.226471 -0.998768 -0.045715 0.019296 0.658607 0.664197 1 0 1.000000
  0 33.005039 9.915907 44.452942 -0.996553 -0.054766 0.062302 0.656580 0.838707 1 0 1.000000
autoportal_frame
  0 32.043224 12.134772 0.000001 -0.999189 -0.040262 0.000000 0.628685 0.490592 1 0 1.000000
  0 32.406673 9.638766 -22.226471 -0.998768 -0.045715 -0.019296 0.658564 0.316895 1 0 1.000000
  0 32.138485 9.500832 0.000000 -0.999189 -0.040262 0.000000 0.659666 0.490592 1 0 1.000000
autoportal_frame
  0 32.043224 12.134772 0.000001 -0.999189 -0.040262 0.000000 0.628685 0.490592 1 0 1.000000
  0 32.295223 12.134773 -22.226471 -0.998768 -0.045715 -0.019296 0.629254 0.316761 1 0 1.000000
  0 32.406673 9.638766 -22.226471 -0.998768 -0.045715 -0.019296 0.658564 0.316895 1 0 1.000000
autoportal_frame
  0 35.176338 4.306785 0.000000 1.000000 0.000000 0.000000 0.959236 0.498161 1 0 1.000000
  0 35.176338 5.809495 -22.137716 1.000000 0.000000 0.000000 0.966352 0.326595 1 0 1.000000
  0 35.176338 5.335882 0.000000 1.000000 0.000000 0.000000 0.971301 0.498161 1 0 1.000000
autoportal_frame
  0 35.176338 4.306785 0.000000 1.000000 0.000000 0.000000 0.959236 0.498161 1 0 1.000000
  0 35.176338 4.782297 -22.226471 1.000000 0.000000 0.000000 0.954550 0.327065 1 0 1.000000
  0 35.176338 5.809495 -22.137716 1.000000 0.000000 0.000000 0.966352 0.326595 1 0 1.000000
autoportal_frame
  0 35.176338 4.782295 22.226471 1.000000 0.000000 0.000000 0.954550 0.669258 1 0 1.000000
  0 35.176338 5.335882 0.000000 1.000000 0.000000 0.000000 0.971301 0.498161 1 0 1.000000
  0 35.176338 5.809494 22.137716 1.000000 0.000000 0.000000 0.966352 0.669728 1 0 1.000000
autoportal_frame
  0 35.176338 4.782295 22.226471 1.000000 0.000000 0.000000 0.954550 0.669258 1 0 1.000000
  0 35.176338 4.306785 0.000000 1.000000 0.000000 0.000000 0.959236 0.498161 1 0 1.000000
  0 35.176338 5.335882 0.000000 1.000000 0.000000 0.000000 0.971301 0.498161 1 0 1.000000
autoportal_frame
  0 38.867615 12.134771 47.949150 -0.029630 -0.846602 0.531401 0.565220 0.114523 1 0 1.000000
  0 38.354839 9.932828 44.412529 -0.029630 -0.846602 0.531401 0.594991 0.138278 1 0 1.000000
  0 39.081409 9.915908 44.452942 -0.029630 -0.846602 0.531401 0.591075 0.142140 1 0 1.000000
autoportal_frame
  0 38.867615 12.134771 47.949150 -0.029630 -0.846602 0.531401 0.565220 0.114523 1 0 1.000000
  0 38.142845 12.148310 47.957165 -0.029630 -0.846602 0.531401 0.568942 0.110506 1 0 1.000000
  0 38.354839 9.932828 44.412529 -0.029630 -0.846602 0.531401 0.594991 0.138278 1 0 1.000000
autoportal_frame
  0 39.655537 9.215166 22.226471 0.025302 0.999640 -0.008900 0.823310 0.670586 1 0 1.000000
  0 38.322018 9.514394 44.416042 0.027683 0.999547 -0.011815 0.825449 0.838463 1 0 1.000000
  0 39.048355 9.492582 44.452942 0.027683 0.999547 -0.011815 0.820280 0.839054 1 0 1.000000
autoportal_frame
  0 39.655537 9.215166 22.226471 0.025302 0.999640 -0.008900 0.823310 0.670586 1 0 1.000000
  0 38.928284 9.233013 22.212744 0.025302 0.999640 -0.008900 0.828689 0.670682 1 0 1.000000
  0 38.322018 9.514394 44.416042 0.027683 0.999547 -0.011815 0.825449 0.838463 1 0 1.000000
autoportal_frame
  0 39.928619 9.077123 0.000000 0.022921 0.999737 0.000000 0.825818 0.498670 1 0 1.000000
  0 38.928284 9.233015 -22.212744 0.025302 0.999640 0.008900 0.828689 0.326659 1 0 1.000000
  0 39.201069 9.092546 0.000000 0.022921 0.999737 0.000000 0.831329 0.498670 1 0 1.000000
autoportal_frame
  0 39.928619 9.077123 0.000000 0.022921 0.999737 0.000000 0.825818 0.498670 1 0 1.000000
  0 39.655537 9.215168 -22.226471 0.025302 0.999640 0.008900 0.823310 0.326755 1 0 1.000000
  0 38.928284 9.233015 -22.212744 0.025302 0.999640 0.008900 0.828689 0.326659 1 0 1.000000
autoportal_frame
  0 39.947964 9.500833 0.000000 0.999189 -0.040262 0.000000 0.594183 0.489587 1 0 1.000000
  0 39.791225 12.134774 -22.226471 0.998768 -0.045715 -0.019296 0.563729 0.663370 1 0 1.000000
  0 40.043224 12.134773 0.000001 0.999189 -0.040262 0.000000 0.563203 0.489587 1 0 1.000000
autoportal_frame
  0 39.947964 9.500833 0.000000 0.999189 -0.040262 0.000000 0.594183 0.489587 1 0 1.000000
  0 39.679775 9.638766 -22.226471 0.998768 -0.045715 -0.019296 0.593095 0.663238 1 0 1.000000
  0 39.791225 12.134774 -22.226471 0.998768 -0.045715 -0.019296 0.563729 0.663370 1 0 1.000000
autoportal_frame
  0 39.048355 9.492582 44.452942 0.031182 0.849031 -0.527422 0.820280 0.839054 1 0 1.000000
  0 38.072670 12.148310 48.670383 0.031182 0.849031 -0.527422 0.848131 0.873291 1 0 1.000000
  0 38.797443 12.134771 48.662369 0.031182 0.849031 -0.527422 0.843751 0.875697 1 0 1.000000
autoportal_frame
  0 39.048355 9.492582 44.452942 0.031182 0.849031 -0.527422 0.820280 0.839054 1 0 1.000000
  0 38.322018 9.514394 44.416042 0.031182 0.849031 -0.527422 0.825449 0.838463 1 0 1.000000
  0 38.072670 12.148310 48.670383 0.031182 0.849031 -0.527422 0.848131 0.873291 1 0 1.000000
autoportal_frame
  0 36.706303 8.973193 55.541557 0.000000 -0.981617 0.190861 0.530051 0.946415 1 0 1.000000
  0 35.176338 6.754814 44.132236 0.000000 -0.993105 0.117226 0.517638 0.851968 1 0 1.000000
  0 36.910114 6.754814 44.132236 0.000000 -0.993105 0.117226 0.530051 0.851968 1 0 1.000000
autoportal_frame
  0 36.706303 8.973193 55.541557 0.000000 -0.981617 0.190861 0.530051 0.946415 1 0 1.000000
  0 35.380146 8.973193 55.541557 0.000000 -0.981617 0.190861 0.517638 0.946415 1 0 1.000000
  0 35.176338 6.754814 44.132236 0.000000 -0.993105 0.117226 0.517638 0.851968 1 0 1.000000
autoportal_frame
  0 36.910114 6.754814 44.132236 0.000000 -0.993105 0.117226 0.530051 0.851968 1 0 1.000000
  0 35.176338 5.809494 22.137716 0.000000 -0.999482 0.032166 0.517638 0.676855 1 0 1.000000
  0 36.910114 5.809494 22.137716 0.000000 -0.999482 0.032166 0.530051 0.676855 1 0 1.000000
autoportal_frame
  0 36.910114 6.754814 44.132236 0.000000 -0.993105 0.117226 0.530051 0.851968 1 0 1.000000
  0 35.176338 6.754814 44.132236 0.000000 -0.993105 0.117226 0.517638 0.851968 1 0 1.000000
  0 35.176338 5.809494 22.137716 0.000000 -0.999482 0.032166 0.517638 0.676855 1 0 1.000000
autoportal_frame
  0 36.910114 5.335882 0.000000 -1.000000 0.000000 0.000000 0.745261 0.498670 1 0 1.000000
  0 36.910114 4.782297 -22.226471 -1.000000 0.000000 0.000000 0.762012 0.327574 1 0 1.000000
  0 36.910114 4.306785 0.000000 -1.000000 0.000000 0.000000 0.757326 0.498670 1 0 1.000000
autoportal_frame
  0 36.910114 5.335882 0.000000 -1.000000 0.000000 0.000000 0.745261 0.498670 1 0 1.000000
  0 36.910114 5.809495 -22.137716 -1.000000 0.000000 0.000000 0.750210 0.327104 1 0 1.000000
  0 36.910114 4.782297 -22.226471 -1.000000 0.000000 0.000000 0.762012 0.327574 1 0 1.000000
autoportal_frame
  0 36.910114 5.809494 22.137716 -1.000000 0.000000 0.000000 0.750210 0.670237 1 0 1.000000
  0 36.910114 4.306785 0.000000 -1.000000 0.000000 0.000000 0.757326 0.498670 1 0 1.000000
  0 36.910114 4.782295 22.226471 -1.000000 0.000000 0.000000 0.762012 0.669767 1 0 1.000000
autoportal_frame
  0 36.910114 5.809494 22.137716 -1.000000 0.000000 0.000000 0.750210 0.670237 1 0 1.000000
  0 36.910114 5.335882 0.000000 -1.000000 0.000000 0.000000 0.745261 0.498670 1 0 1.000000
  0 36.910114 4.306785 0.000000 -1.000000 0.000000 0.000000 0.757326 0.498670 1 0 1.000000
autoportal_frame
  0 40.043224 12.134773 0.000001 0.999189 -0.040262 0.000000 0.563203 0.489587 1 0 1.000000
  0 39.679775 9.638764 22.226471 0.998768 -0.045715 0.019296 0.593095 0.315937 1 0 1.000000
  0 39.947964 9.500833 0.000000 0.999189 -0.040262 0.000000 0.594183 0.489587 1 0 1.000000
autoportal_frame
  0 40.043224 12.134773 0.000001 0.999189 -0.040262 0.000000 0.563203 0.489587 1 0 1.000000
  0 39.791225 12.134772 22.226471 0.998768 -0.045715 0.019296 0.563729 0.315804 1 0 1.000000
  0 39.679775 9.638764 22.226471 0.998768 -0.045715 0.019296 0.593095 0.315937 1 0 1.000000
autoportal_frame
  0 39.211609 12.134771 44.452942 0.996553 -0.054766 0.062302 0.564954 0.141980 1 0 1.000000
  0 39.679775 9.638764 22.226471 0.998768 -0.045715 0.019296 0.593095 0.315937 1 0 1.000000
  0 39.791225 12.134772 22.226471 0.998768 -0.045715 0.019296 0.563729 0.315804 1 0 1.000000
autoportal_frame
  0 39.211609 12.134771 44.452942 0.996553 -0.054766 0.062302 0.564954 0.141980 1 0 1.000000
  0 39.081409 9.915908 44.452942 0.996553 -0.054766 0.062302 0.591075 0.142140 1 0 1.000000
  0 39.679775 9.638764 22.226471 0.998768 -0.045715 0.019296 0.593095 0.315937 1 0 1.000000
autoportal_frame
  0 36.706303 8.127253 56.056808 0.000000 -0.520192 -0.854049 0.194884 1.857520 1 0 1.000000
  0 35.380146 8.973193 55.541557 0.000000 -0.520192 -0.854049 0.184821 1.846706 1 0 1.000000
  0 36.706303 8.973193 55.541557 0.000000 -0.520192 -0.854049 0.194898 1.846719 1 0 1.000000
autoportal_frame
  0 36.706303 8.127253 56.056808 0.000000 -0.520192 -0.854049 0.194884 1.857520 1 0 1.000000
  0 35.380146 8.127253 56.056808 0.000000 -0.520192 -0.854049 0.184807 1.857507 1 0 1.000000
  0 35.380146 8.973193 55.541557 0.000000 -0.520192 -0.854049 0.184821 1.846706 1 0 1.000000
autoportal_frame
  0 36.910114 5.851910 44.452942 -0.999960 -0.003871 -0.008099 0.772462 0.836638 1 0 1.000000
  0 36.706303 8.973193 55.541557 -0.999839 -0.007743 -0.016198 0.774711 0.924710 1 0 1.000000
  0 36.910114 6.754814 44.132236 -0.999960 -0.003871 -0.008099 0.762163 0.836681 1 0 1.000000
autoportal_frame
  0 36.910114 5.851910 44.452942 -0.999960 -0.003871 -0.008099 0.772462 0.836638 1 0 1.000000
  0 36.706303 8.127253 56.056808 -0.999839 -0.007743 -0.016198 0.784974 0.924287 1 0 1.000000
  0 36.706303 8.973193 55.541557 -0.999839 -0.007743 -0.016198 0.774711 0.924710 1 0 1.000000
autoportal_frame
  0 36.910114 4.782295 22.226471 -1.000000 0.000000 0.000000 0.762012 0.669767 1 0 1.000000
  0 36.910114 6.754814 44.132236 -0.999960 -0.003871 -0.008099 0.762163 0.836681 1 0 1.000000
  0 36.910114 5.809494 22.137716 -1.000000 0.000000 0.000000 0.750210 0.670237 1 0 1.000000
autoportal_frame
  0 36.910114 4.782295 22.226471 -1.000000 0.000000 0.000000 0.762012 0.669767 1 0 1.000000
  0 36.910114 5.851910 44.452942 -0.999960 -0.003871 -0.008099 0.772462 0.836638 1 0 1.000000
  0 36.910114 6.754814 44.132236 -0.999960 -0.003871 -0.008099 0.762163 0.836681 1 0 1.000000
autoportal_frame
  0 -39.211609 12.134771 -44.452942 -0.996553 -0.054766 -0.062302 0.369175 0.142154 1 0 1.000000
  0 -39.679775 9.638762 -22.226471 -0.998768 -0.045715 -0.019296 0.341162 0.315405 1 0 1.000000
  0 -39.791225 12.134770 -22.226471 -0.998768 -0.045715 -0.019296 0.370471 0.315272 1 0 1.000000
autoportal_frame
  0 -39.211609 12.134771 -44.452942 -0.996553 -0.054766 -0.062302 0.369175 0.142154 1 0 1.000000
  0 -39.081409 9.915908 -44.452942 -0.996553 -0.054766 -0.062302 0.343163 0.142321 1 0 1.000000
  0 -39.679775 9.638762 -22.226471 -0.998768 -0.045715 -0.019296 0.341162 0.315405 1 0 1.000000
autoportal_frame
  0 -36.910114 5.851911 -44.452942 0.999960 -0.003871 0.008099 0.056125 0.158705 1 0 1.000000
  0 -36.706303 8.973195 -55.541557 0.999839 -0.007743 0.016198 0.058374 0.070632 1 0 1.000000
  0 -36.910114 6.754815 -44.132236 0.999960 -0.003871 0.008099 0.045826 0.158661 1 0 1.000000
autoportal_frame
  0 -36.910114 5.851911 -44.452942 0.999960 -0.003871 0.008099 0.056125 0.158705 1 0 1.000000
  0 -36.706303 8.127254 -56.056808 0.999839 -0.007743 0.016198 0.068636 0.071055 1 0 1.000000
  0 -36.706303 8.973195 -55.541557 0.999839 -0.007743 0.016198 0.058374 0.070632 1 0 1.000000
autoportal_frame
  0 -36.910114 4.782294 -22.226471 1.000000 0.000000 0.000000 0.045675 0.325575 1 0 1.000000
  0 -36.910114 6.754815 -44.132236 0.999960 -0.003871 0.008099 0.045826 0.158661 1 0 1.000000
  0 -36.910114 5.809493 -22.137716 1.000000 0.000000 0.000000 0.033873 0.325106 1 0 1.000000
autoportal_frame
  0 -36.910114 4.782294 -22.226471 1.000000 0.000000 0.000000 0.045675 0.325575 1 0 1.000000
  0 -36.910114 5.851911 -44.452942 0.999960 -0.003871 0.008099 0.056125 0.158705 1 0 1.000000
  0 -36.910114 6.754815 -44.132236 0.999960 -0.003871 0.008099 0.045826 0.158661 1 0 1.000000
autoportal_frame
  0 -35.380146 8.973195 -55.541557 0.000000 -0.520192 0.854049 0.803839 1.929058 1 0 1.000000
  0 -36.706303 8.127254 -56.056808 0.000000 -0.520192 0.854049 0.814003 1.918135 1 0 1.000000
  0 -35.380146 8.127254 -56.056808 0.000000 -0.520192 0.854049 0.803825 1.918148 1 0 1.000000
autoportal_frame
  0 -35.380146 8.973195 -55.541557 0.000000 -0.520192 0.854049 0.803839 1.929058 1 0 1.000000
  0 -36.706303 8.973195 -55.541557 0.000000 -0.520192 0.854049 0.814017 1.929045 1 0 1.000000
  0 -36.706303 8.127254 -56.056808 0.000000 -0.520192 0.854049 0.814003 1.918135 1 0 1.000000
autoportal_frame
  0 -35.176338 6.754815 -44.132236 0.000000 -0.993105 -0.117226 0.472004 0.148299 1 0 1.000000
  0 -36.706303 8.973195 -55.541557 0.000000 -0.981617 -0.190861 0.484417 0.053851 1 0 1.000000
  0 -35.380146 8.973195 -55.541557 0.000000 -0.981617 -0.190861 0.472004 0.053851 1 0 1.000000
autoportal_frame
  0 -35.176338 6.754815 -44.132236 0.000000 -0.993105 -0.117226 0.472004 0.148299 1 0 1.000000
  0 -36.910114 6.754815 -44.132236 0.000000 -0.993105 -0.117226 0.484417 0.148299 1 0 1.000000
  0 -36.706303 8.973195 -55.541557 0.000000 -0.981617 -0.190861 0.484417 0.053851 1 0 1.000000
autoportal_frame
  0 -35.176338 6.754815 -44.132236 -0.999960 -0.003871 0.008099 0.238061 0.159170 1 0 1.000000
  0 -35.380146 8.127254 -56.056808 -0.999839 -0.007743 0.016198 0.215251 0.071564 1 0 1.000000
  0 -35.176338 5.851911 -44.452942 -0.999960 -0.003871 0.008099 0.227763 0.159214 1 0 1.000000
autoportal_frame
  0 -35.176338 6.754815 -44.132236 -0.999960 -0.003871 0.008099 0.238061 0.159170 1 0 1.000000
  0 -35.380146 8.973195 -55.541557 -0.999839 -0.007743 0.016198 0.225514 0.071141 1 0 1.000000
  0 -35.380146 8.127254 -56.056808 -0.999839 -0.007743 0.016198 0.215251 0.071564 1 0 1.000000
autoportal_frame
  0 -35.176338 5.809493 -22.137716 0.000000 -0.999482 -0.032167 0.472004 0.323412 1 0 1.000000
  0 -36.910114 6.754815 -44.132236 0.000000 -0.993105 -0.117226 0.484417 0.148299 1 0 1.000000
  0 -35.176338 6.754815 -44.132236 0.000000 -0.993105 -0.117226 0.472004 0.148299 1 0 1.000000
autoportal_frame
  0 -35.176338 5.809493 -22.137716 0.000000 -0.999482 -0.032167 0.472004 0.323412 1 0 1.000000
  0 -36.910114 5.809493 -22.137716 0.000000 -0.999482 -0.032167 0.484417 0.323412 1 0 1.000000
  0 -36.910114 6.754815 -44.132236 0.000000 -0.993105 -0.117226 0.484417 0.148299 1 0 1.000000
autoportal_frame
  0 -35.176338 5.809493 -22.137716 -1.000000 0.000000 0.000000 0.250015 0.325615 1 0 1.000000
  0 -35.176338 5.851911 -44.452942 -0.999960 -0.003871 0.008099 0.227763 0.159214 1 0 1.000000
  0 -35.176338 4.782294 -22.226471 -1.000000 0.000000 0.000000 0.238213 0.326084 1 0 1.000000
autoportal_frame
  0 -35.176338 5.809493 -22.137716 -1.000000 0.000000 0.000000 0.250015 0.325615 1 0 1.000000
  0 -35.176338 6.754815 -44.132236 -0.999960 -0.003871 0.008099 0.238061 0.159170 1 0 1.000000
  0 -35.176338 5.851911 -44.452942 -0.999960 -0.003871 0.008099 0.227763 0.159214 1 0 1.000000
autoportal_frame
  0 -34.583977 12.134772 -61.824001 0.929645 -0.015806 -0.368117 0.173835 0.022394 1 0 1.000000
  0 -33.038094 9.492583 -44.452942 0.996508 -0.048769 -0.067780 0.179945 0.156797 1 0 1.000000
  0 -34.583977 11.008221 -61.824001 0.926869 -0.215510 -0.307359 0.186248 0.024851 1 0 1.000000
autoportal_frame
  0 -34.583977 12.134772 -61.824001 0.929645 -0.015806 -0.368117 0.173835 0.022394 1 0 1.000000
  0 -33.289005 12.134772 -48.662369 0.994747 -0.039330 -0.094507 0.156474 0.120155 1 0 1.000000
  0 -33.038094 9.492583 -44.452942 0.996508 -0.048769 -0.067780 0.179945 0.156797 1 0 1.000000
autoportal_frame
  0 -32.295223 12.134771 -22.226471 0.998768 -0.045715 -0.019296 0.437494 0.662879 1 0 1.000000
  0 -33.005039 9.915909 -44.452942 0.996553 -0.054766 -0.062302 0.410148 0.836544 1 0 1.000000
  0 -32.874844 12.134772 -44.452942 0.996553 -0.054766 -0.062302 0.436269 0.836704 1 0 1.000000
autoportal_frame
  0 -32.295223 12.134771 -22.226471 0.998768 -0.045715 -0.019296 0.437494 0.662879 1 0 1.000000
  0 -32.406673 9.638763 -22.226471 0.998768 -0.045715 -0.019296 0.408128 0.662747 1 0 1.000000
  0 -33.005039 9.915909 -44.452942 0.996553 -0.054766 -0.062302 0.410148 0.836544 1 0 1.000000
autoportal_frame
  0 -38.928284 9.233009 22.212744 -0.025302 0.999640 -0.008900 0.112352 0.668684 1 0 1.000000
  0 -39.928619 9.077119 0.000000 -0.022921 0.999737 0.000000 0.109481 0.496672 1 0 1.000000
  0 -39.655537 9.215162 22.226471 -0.025302 0.999640 -0.008900 0.106972 0.668587 1 0 1.000000
autoportal_frame
  0 -38.928284 9.233009 22.212744 -0.025302 0.999640 -0.008900 0.112352 0.668684 1 0 1.000000
  0 -39.201069 9.092543 0.000000 -0.022921 0.999737 0.000000 0.114992 0.496672 1 0 1.000000
  0 -39.928619 9.077119 0.000000 -0.022921 0.999737 0.000000 0.109481 0.496672 1 0 1.000000
autoportal_frame
  0 -39.201069 9.092543 0.000000 -0.022921 0.999737 0.000000 0.114992 0.496672 1 0 1.000000
  0 -39.655537 9.215164 -22.226471 -0.025302 0.999640 0.008900 0.106972 0.324757 1 0 1.000000
  0 -39.928619 9.077119 0.000000 -0.022921 0.999737 0.000000 0.109481 0.496672 1 0 1.000000
autoportal_frame
  0 -39.201069 9.092543 0.000000 -0.022921 0.999737 0.000000 0.114992 0.496672 1 0 1.000000
  0 -38.928284 9.233011 -22.212744 -0.025302 0.999640 0.008900 0.112352 0.324660 1 0 1.000000
  0 -39.655537 9.215164 -22.226471 -0.025302 0.999640 0.008900 0.106972 0.324757 1 0 1.000000
autoportal_frame
  0 -39.201069 9.092543 0.000000 -0.998680 -0.051369 0.000000 0.297602 0.496610 1 0 1.000000
  0 -38.952522 9.656609 22.212744 -0.998029 -0.059421 0.020185 0.305732 0.711283 1 0 1.000000
  0 -39.220413 9.516253 0.000000 -0.998680 -0.051369 0.000000 0.303765 0.496610 1 0 1.000000
autoportal_frame
  0 -39.201069 9.092543 0.000000 -0.998680 -0.051369 0.000000 0.297602 0.496610 1 0 1.000000
  0 -38.928284 9.233009 22.212744 -0.998029 -0.059421 0.020185 0.299569 0.711283 1 0 1.000000
  0 -38.952522 9.656609 22.212744 -0.998029 -0.059421 0.020185 0.305732 0.711283 1 0 1.000000
autoportal_frame
  0 -39.220413 9.516253 0.000000 -0.998680 -0.051369 0.000000 0.303765 0.496610 1 0 1.000000
  0 -38.928284 9.233011 -22.212744 -0.998029 -0.059421 -0.020185 0.299569 0.281937 1 0 1.000000
  0 -39.201069 9.092543 0.000000 -0.998680 -0.051369 0.000000 0.297602 0.496610 1 0 1.000000
autoportal_frame
  0 -39.220413 9.516253 0.000000 -0.998680 -0.051369 0.000000 0.303765 0.496610 1 0 1.000000
  0 -38.952522 9.656610 -22.212744 -0.998029 -0.059421 -0.020185 0.305732 0.281938 1 0 1.000000
  0 -38.928284 9.233011 -22.212744 -0.998029 -0.059421 -0.020185 0.299569 0.281937 1 0 1.000000
autoportal_frame
  0 -39.220413 9.516253 0.000000 0.022921 -0.999737 0.000000 0.334564 0.489103 1 0 1.000000
  0 -39.679775 9.638761 22.226471 0.023633 -0.999681 0.008890 0.341119 0.662707 1 0 1.000000
  0 -39.947964 9.500829 0.000000 0.022921 -0.999737 0.000000 0.340059 0.489102 1 0 1.000000
autoportal_frame
  0 -39.220413 9.516253 0.000000 0.022921 -0.999737 0.000000 0.334564 0.489103 1 0 1.000000
  0 -38.952522 9.656609 22.212744 0.023633 -0.999681 0.008890 0.335613 0.662754 1 0 1.000000
  0 -39.679775 9.638761 22.226471 0.023633 -0.999681 0.008890 0.341119 0.662707 1 0 1.000000
autoportal_frame
  0 -38.322018 9.514390 44.416042 -0.995527 -0.068578 0.064976 0.303469 0.925927 1 0 1.000000
  0 -38.142845 12.148306 47.957165 -0.992350 -0.069591 0.101974 0.341652 0.960318 1 0 1.000000
  0 -38.354839 9.932824 44.412529 -0.995527 -0.068578 0.064976 0.309561 0.925891 1 0 1.000000
autoportal_frame
  0 -38.322018 9.514390 44.416042 -0.995527 -0.068578 0.064976 0.303469 0.925927 1 0 1.000000
  0 -38.072670 12.148306 48.670383 -0.992350 -0.069591 0.101974 0.341622 0.967241 1 0 1.000000
  0 -38.142845 12.148306 47.957165 -0.992350 -0.069591 0.101974 0.341652 0.960318 1 0 1.000000
autoportal_frame
  0 -38.354839 9.932824 44.412529 -0.995527 -0.068578 0.064976 0.309561 0.925891 1 0 1.000000
  0 -38.928284 9.233009 22.212744 -0.998029 -0.059421 0.020185 0.299569 0.711283 1 0 1.000000
  0 -38.322018 9.514390 44.416042 -0.995527 -0.068578 0.064976 0.303469 0.925927 1 0 1.000000
autoportal_frame
  0 -38.354839 9.932824 44.412529 -0.995527 -0.068578 0.064976 0.309561 0.925891 1 0 1.000000
  0 -38.952522 9.656609 22.212744 -0.998029 -0.059421 0.020185 0.305732 0.711283 1 0 1.000000
  0 -38.928284 9.233009 22.212744 -0.998029 -0.059421 0.020185 0.299569 0.711283 1 0 1.000000
autoportal_frame
  0 -32.885380 9.092543 0.000000 0.022921 0.999737 0.000000 0.168896 0.497181 1 0 1.000000
  0 -32.430912 9.215162 22.226471 0.025302 0.999640 -0.008900 0.176915 0.669096 1 0 1.000000
  0 -32.157829 9.077120 0.000000 0.022921 0.999737 0.000000 0.174406 0.497181 1 0 1.000000
autoportal_frame
  0 -32.885380 9.092543 0.000000 0.022921 0.999737 0.000000 0.168896 0.497181 1 0 1.000000
  0 -33.158169 9.233009 22.212744 0.025302 0.999640 -0.008900 0.171536 0.669193 1 0 1.000000
  0 -32.430912 9.215162 22.226471 0.025302 0.999640 -0.008900 0.176915 0.669096 1 0 1.000000
autoportal_frame
  0 -33.731609 9.932824 44.412529 0.863962 -0.499691 0.062273 0.269568 0.925832 1 0 1.000000
  0 -34.013779 12.148306 48.670383 0.992350 -0.069591 0.101974 0.237507 0.967182 1 0 1.000000
  0 -33.764431 9.514390 44.416042 0.995527 -0.068578 0.064976 0.275660 0.925869 1 0 1.000000
autoportal_frame
  0 -33.731609 9.932824 44.412529 0.863962 -0.499691 0.062273 0.269568 0.925832 1 0 1.000000
  0 -33.943604 12.148306 47.957165 0.992350 -0.069591 0.101974 0.237477 0.960259 1 0 1.000000
  0 -34.013779 12.148306 48.670383 0.992350 -0.069591 0.101974 0.237507 0.967182 1 0 1.000000
autoportal_frame
  0 -38.797443 12.134768 48.662369 -0.031182 0.849031 -0.527422 0.127414 0.873698 1 0 1.000000
  0 -38.322018 9.514390 44.416042 -0.031182 0.849031 -0.527422 0.109112 0.836465 1 0 1.000000
  0 -39.048355 9.492579 44.452942 -0.031182 0.849031 -0.527422 0.103943 0.837056 1 0 1.000000
autoportal_frame
  0 -38.797443 12.134768 48.662369 -0.031182 0.849031 -0.527422 0.127414 0.873698 1 0 1.000000
  0 -38.072670 12.148306 48.670383 -0.031182 0.849031 -0.527422 0.131794 0.871293 1 0 1.000000
  0 -38.322018 9.514390 44.416042 -0.031182 0.849031 -0.527422 0.109112 0.836465 1 0 1.000000
autoportal_frame
  0 -39.655537 9.215162 22.226471 -0.025302 0.999640 -0.008900 0.106972 0.668587 1 0 1.000000
  0 -38.322018 9.514390 44.416042 -0.027683 0.999547 -0.011815 0.109112 0.836465 1 0 1.000000
  0 -38.928284 9.233009 22.212744 -0.025302 0.999640 -0.008900 0.112352 0.668684 1 0 1.000000
autoportal_frame
  0 -39.655537 9.215162 22.226471 -0.025302 0.999640 -0.008900 0.106972 0.668587 1 0 1.000000
  0 -39.048355 9.492579 44.452942 -0.027683 0.999547 -0.011815 0.103943 0.837056 1 0 1.000000
  0 -38.322018 9.514390 44.416042 -0.027683 0.999547 -0.011815 0.109112 0.836465 1 0 1.000000
autoportal_frame
  0 -39.679775 9.638761 22.226471 0.023633 -0.999681 0.008890 0.341119 0.662707 1 0 1.000000
  0 -38.354839 9.932824 44.412529 0.024345 -0.999634 0.011796 0.337624 0.837111 1 0 1.000000
  0 -39.081409 9.915904 44.452942 0.024345 -0.999634 0.011796 0.343146 0.837217 1 0 1.000000
autoportal_frame
  0 -39.679775 9.638761 22.226471 0.023633 -0.999681 0.008890 0.341119 0.662707 1 0 1.000000
  0 -38.952522 9.656609 22.212744 0.023633 -0.999681 0.008890 0.335613 0.662754 1 0 1.000000
  0 -38.354839 9.932824 44.412529 0.024345 -0.999634 0.011796 0.337624 0.837111 1 0 1.000000
autoportal_frame
  0 -39.947964 9.500829 0.000000 0.022921 -0.999737 0.000000 0.340059 0.489102 1 0 1.000000
  0 -38.952522 9.656610 -22.212744 0.023633 -0.999681 -0.008890 0.335676 0.315356 1 0 1.000000
  0 -39.220413 9.516253 0.000000 0.022921 -0.999737 0.000000 0.334564 0.489103 1 0 1.000000
autoportal_frame
  0 -39.947964 9.500829 0.000000 0.022921 -0.999737 0.000000 0.340059 0.489102 1 0 1.000000
  0 -39.679775 9.638762 -22.226471 0.023633 -0.999681 -0.008890 0.341162 0.315405 1 0 1.000000
  0 -38.952522 9.656610 -22.212744 0.023633 -0.999681 -0.008890 0.335676 0.315356 1 0 1.000000
autoportal_frame
  0 -39.947964 9.500829 0.000000 -0.999189 -0.040262 0.000000 0.340059 0.489102 1 0 1.000000
  0 -39.791225 12.134768 22.226471 -0.998768 -0.045715 0.019296 0.370541 0.662842 1 0 1.000000
  0 -40.043224 12.134769 0.000001 -0.999189 -0.040262 0.000000 0.371040 0.489102 1 0 1.000000
autoportal_frame
  0 -39.947964 9.500829 0.000000 -0.999189 -0.040262 0.000000 0.340059 0.489102 1 0 1.000000
  0 -39.679775 9.638761 22.226471 -0.998768 -0.045715 0.019296 0.341119 0.662707 1 0 1.000000
  0 -39.791225 12.134768 22.226471 -0.998768 -0.045715 0.019296 0.370541 0.662842 1 0 1.000000
autoportal_frame
  0 32.874844 12.134775 -44.452942 -0.996553 -0.054766 -0.062302 0.630551 0.143643 1 0 1.000000
  0 32.406673 9.638766 -22.226471 -0.998768 -0.045715 -0.019296 0.658564 0.316895 1 0 1.000000
  0 32.295223 12.134773 -22.226471 -0.998768 -0.045715 -0.019296 0.629254 0.316761 1 0 1.000000
autoportal_frame
  0 32.874844 12.134775 -44.452942 -0.996553 -0.054766 -0.062302 0.630551 0.143643 1 0 1.000000
  0 33.005039 9.915912 -44.452942 -0.996553 -0.054766 -0.062302 0.656562 0.143811 1 0 1.000000
  0 32.406673 9.638766 -22.226471 -0.998768 -0.045715 -0.019296 0.658564 0.316895 1 0 1.000000
autoportal_frame
  0 35.176338 5.851914 -44.452942 0.999960 -0.003871 0.008099 0.944100 0.160194 1 0 1.000000
  0 35.380146 8.973198 -55.541557 0.999839 -0.007743 0.016198 0.941851 0.072122 1 0 1.000000
  0 35.176338 6.754818 -44.132236 0.999960 -0.003871 0.008099 0.954399 0.160151 1 0 1.000000
autoportal_frame
  0 35.176338 5.851914 -44.452942 0.999960 -0.003871 0.008099 0.944100 0.160194 1 0 1.000000
  0 35.380146 8.127257 -56.056808 0.999839 -0.007743 0.016198 0.931588 0.072545 1 0 1.000000
  0 35.380146 8.973198 -55.541557 0.999839 -0.007743 0.016198 0.941851 0.072122 1 0 1.000000
autoportal_frame
  0 35.176338 4.782297 -22.226471 1.000000 0.000000 0.000000 0.954550 0.327065 1 0 1.000000
  0 35.176338 6.754818 -44.132236 0.999960 -0.003871 0.008099 0.954399 0.160151 1 0 1.000000
  0 35.176338 5.809495 -22.137716 1.000000 0.000000 0.000000 0.966352 0.326595 1 0 1.000000
autoportal_frame
  0 35.176338 4.782297 -22.226471 1.000000 0.000000 0.000000 0.954550 0.327065 1 0 1.000000
  0 35.176338 5.851914 -44.452942 0.999960 -0.003871 0.008099 0.944100 0.160194 1 0 1.000000
  0 35.176338 6.754818 -44.132236 0.999960 -0.003871 0.008099 0.954399 0.160151 1 0 1.000000
autoportal_frame
  0 36.706303 8.973198 -55.541557 0.000000 -0.520192 0.854049 0.208700 1.934374 1 0 1.000000
  0 35.380146 8.127257 -56.056808 0.000000 -0.520192 0.854049 0.198535 1.923451 1 0 1.000000
  0 36.706303 8.127257 -56.056808 0.000000 -0.520192 0.854049 0.208714 1.923464 1 0 1.000000
autoportal_frame
  0 36.706303 8.973198 -55.541557 0.000000 -0.520192 0.854049 0.208700 1.934374 1 0 1.000000
  0 35.380146 8.973198 -55.541557 0.000000 -0.520192 0.854049 0.198521 1.934361 1 0 1.000000
  0 35.380146 8.127257 -56.056808 0.000000 -0.520192 0.854049 0.198535 1.923451 1 0 1.000000
autoportal_frame
  0 36.910114 6.754818 -44.132236 0.000000 -0.993105 -0.117226 0.530051 0.149788 1 0 1.000000
  0 35.380146 8.973198 -55.541557 0.000000 -0.981617 -0.190861 0.517638 0.055341 1 0 1.000000
  0 36.706303 8.973198 -55.541557 0.000000 -0.981617 -0.190861 0.530051 0.055341 1 0 1.000000
autoportal_frame
  0 36.910114 6.754818 -44.132236 0.000000 -0.993105 -0.117226 0.530051 0.149788 1 0 1.000000
  0 35.176338 6.754818 -44.132236 0.000000 -0.993105 -0.117226 0.517638 0.149788 1 0 1.000000
  0 35.380146 8.973198 -55.541557 0.000000 -0.981617 -0.190861 0.517638 0.055341 1 0 1.000000
autoportal_frame
  0 36.910114 6.754818 -44.132236 -0.999960 -0.003871 0.008099 0.762163 0.160660 1 0 1.000000
  0 36.706303 8.127257 -56.056808 -0.999839 -0.007743 0.016198 0.784974 0.073054 1 0 1.000000
  0 36.910114 5.851914 -44.452942 -0.999960 -0.003871 0.008099 0.772462 0.160703 1 0 1.000000
autoportal_frame
  0 36.910114 6.754818 -44.132236 -0.999960 -0.003871 0.008099 0.762163 0.160660 1 0 1.000000
  0 36.706303 8.973198 -55.541557 -0.999839 -0.007743 0.016198 0.774711 0.072631 1 0 1.000000
  0 36.706303 8.127257 -56.056808 -0.999839 -0.007743 0.016198 0.784974 0.073054 1 0 1.000000
autoportal_frame
  0 36.910114 5.809495 -22.137716 0.000000 -0.999482 -0.032167 0.530051 0.324901 1 0 1.000000
  0 35.176338 6.754818 -44.132236 0.000000 -0.993105 -0.117226 0.517638 0.149788 1 0 1.000000
  0 36.910114 6.754818 -44.132236 0.000000 -0.993105 -0.117226 0.530051 0.149788 1 0 1.000000
autoportal_frame
  0 36.910114 5.809495 -22.137716 0.000000 -0.999482 -0.032167 0.530051 0.324901 1 0 1.000000
  0 35.176338 5.809495 -22.137716 0.000000 -0.999482 -0.032167 0.517638 0.324901 1 0 1.000000
  0 35.176338 6.754818 -44.132236 0.000000 -0.993105 -0.117226 0.517638 0.149788 1 0 1.000000
autoportal_frame
  0 36.910114 5.809495 -22.137716 -1.000000 0.000000 0.000000 0.750210 0.327104 1 0 1.000000
  0 36.910114 5.851914 -44.452942 -0.999960 -0.003871 0.008099 0.772462 0.160703 1 0 1.000000
  0 36.910114 4.782297 -22.226471 -1.000000 0.000000 0.000000 0.762012 0.327574 1 0 1.000000
autoportal_frame
  0 36.910114 5.809495 -22.137716 -1.000000 0.000000 0.000000 0.750210 0.327104 1 0 1.000000
  0 36.910114 6.754818 -44.132236 -0.999960 -0.003871 0.008099 0.762163 0.160660 1 0 1.000000
  0 36.910114 5.851914 -44.452942 -0.999960 -0.003871 0.008099 0.772462 0.160703 1 0 1.000000
autoportal_frame
  0 39.791225 12.134774 -22.226471 0.998768 -0.045715 -0.019296 0.563729 0.663370 1 0 1.000000
  0 39.081409 9.915912 -44.452942 0.996553 -0.054766 -0.062302 0.591075 0.837035 1 0 1.000000
  0 39.211609 12.134775 -44.452942 0.996553 -0.054766 -0.062302 0.564954 0.837195 1 0 1.000000
autoportal_frame
  0 39.791225 12.134774 -22.226471 0.998768 -0.045715 -0.019296 0.563729 0.663370 1 0 1.000000
  0 39.679775 9.638766 -22.226471 0.998768 -0.045715 -0.019296 0.593095 0.663238 1 0 1.000000
  0 39.081409 9.915912 -44.452942 0.996553 -0.054766 -0.062302 0.591075 0.837035 1 0 1.000000
autoportal_frame
  0 33.158169 9.233013 22.212744 -0.025302 0.999640 -0.008900 0.887873 0.670173 1 0 1.000000
  0 32.157829 9.077122 0.000000 -0.022921 0.999737 0.000000 0.890744 0.498161 1 0 1.000000
  0 32.430912 9.215165 22.226471 -0.025302 0.999640 -0.008900 0.893252 0.670077 1 0 1.000000
autoportal_frame
  0 33.158169 9.233013 22.212744 -0.025302 0.999640 -0.008900 0.887873 0.670173 1 0 1.000000
  0 32.885380 9.092546 0.000000 -0.022921 0.999737 0.000000 0.885233 0.498161 1 0 1.000000
  0 32.157829 9.077122 0.000000 -0.022921 0.999737 0.000000 0.890744 0.498161 1 0 1.000000
autoportal_frame
  0 32.885380 9.092546 0.000000 -0.022921 0.999737 0.000000 0.885233 0.498161 1 0 1.000000
  0 32.430912 9.215168 -22.226471 -0.025302 0.999640 0.008900 0.893252 0.326246 1 0 1.000000
  0 32.157829 9.077122 0.000000 -0.022921 0.999737 0.000000 0.890744 0.498161 1 0 1.000000
autoportal_frame
  0 32.885380 9.092546 0.000000 -0.022921 0.999737 0.000000 0.885233 0.498161 1 0 1.000000
  0 33.158169 9.233015 -22.212744 -0.025302 0.999640 0.008900 0.887873 0.326150 1 0 1.000000
  0 32.430912 9.215168 -22.226471 -0.025302 0.999640 0.008900 0.893252 0.326246 1 0 1.000000
autoportal_frame
  0 32.885380 9.092546 0.000000 -0.998680 -0.051369 0.000000 0.702623 0.498100 1 0 1.000000
  0 33.133926 9.656612 22.212744 -0.998029 -0.059421 0.020185 0.694492 0.712772 1 0 1.000000
  0 32.866035 9.516257 0.000000 -0.998680 -0.051369 0.000000 0.696459 0.498100 1 0 1.000000
autoportal_frame
  0 32.885380 9.092546 0.000000 -0.998680 -0.051369 0.000000 0.702623 0.498100 1 0 1.000000
  0 33.158169 9.233013 22.212744 -0.998029 -0.059421 0.020185 0.700656 0.712773 1 0 1.000000
  0 33.133926 9.656612 22.212744 -0.998029 -0.059421 0.020185 0.694492 0.712772 1 0 1.000000
autoportal_frame
  0 32.866035 9.516257 0.000000 -0.998680 -0.051369 0.000000 0.696459 0.498100 1 0 1.000000
  0 33.158169 9.233015 -22.212744 -0.998029 -0.059421 -0.020185 0.700656 0.283427 1 0 1.000000
  0 32.885380 9.092546 0.000000 -0.998680 -0.051369 0.000000 0.702623 0.498100 1 0 1.000000
autoportal_frame
  0 32.866035 9.516257 0.000000 -0.998680 -0.051369 0.000000 0.696459 0.498100 1 0 1.000000
  0 33.133926 9.656614 -22.212744 -0.998029 -0.059421 -0.020185 0.694492 0.283427 1 0 1.000000
  0 33.158169 9.233015 -22.212744 -0.998029 -0.059421 -0.020185 0.700656 0.283427 1 0 1.000000
autoportal_frame
  0 32.866035 9.516257 0.000000 0.022921 -0.999737 0.000000 0.665161 0.490592 1 0 1.000000
  0 32.406673 9.638763 22.226471 0.023633 -0.999681 0.008890 0.658607 0.664197 1 0 1.000000
  0 32.138485 9.500832 0.000000 0.022921 -0.999737 0.000000 0.659666 0.490592 1 0 1.000000
autoportal_frame
  0 32.866035 9.516257 0.000000 0.022921 -0.999737 0.000000 0.665161 0.490592 1 0 1.000000
  0 33.133926 9.656612 22.212744 0.023633 -0.999681 0.008890 0.664113 0.664244 1 0 1.000000
  0 32.406673 9.638763 22.226471 0.023633 -0.999681 0.008890 0.658607 0.664197 1 0 1.000000
autoportal_frame
  0 33.764431 9.514394 44.416042 -0.995527 -0.068578 0.064976 0.696756 0.927417 1 0 1.000000
  0 33.943604 12.148309 47.957165 -0.992350 -0.069591 0.101974 0.658573 0.961807 1 0 1.000000
  0 33.731609 9.932828 44.412529 -0.995527 -0.068578 0.064976 0.690664 0.927380 1 0 1.000000
autoportal_frame
  0 33.764431 9.514394 44.416042 -0.995527 -0.068578 0.064976 0.696756 0.927417 1 0 1.000000
  0 34.013779 12.148309 48.670383 -0.992350 -0.069591 0.101974 0.658603 0.968731 1 0 1.000000
  0 33.943604 12.148309 47.957165 -0.992350 -0.069591 0.101974 0.658573 0.961807 1 0 1.000000
autoportal_frame
  0 33.731609 9.932828 44.412529 -0.995527 -0.068578 0.064976 0.690664 0.927380 1 0 1.000000
  0 33.158169 9.233013 22.212744 -0.998029 -0.059421 0.020185 0.700656 0.712773 1 0 1.000000
  0 33.764431 9.514394 44.416042 -0.995527 -0.068578 0.064976 0.696756 0.927417 1 0 1.000000
autoportal_frame
  0 33.731609 9.932828 44.412529 -0.995527 -0.068578 0.064976 0.690664 0.927380 1 0 1.000000
  0 33.133926 9.656612 22.212744 -0.998029 -0.059421 0.020185 0.694492 0.712772 1 0 1.000000
  0 33.158169 9.233013 22.212744 -0.998029 -0.059421 0.020185 0.700656 0.712773 1 0 1.000000
autoportal_frame
  0 39.201069 9.092546 0.000000 0.022921 0.999737 0.000000 0.831329 0.498670 1 0 1.000000
  0 39.655537 9.215166 22.226471 0.025302 0.999640 -0.008900 0.823310 0.670586 1 0 1.000000
  0 39.928619 9.077123 0.000000 0.022921 0.999737 0.000000 0.825818 0.498670 1 0 1.000000
autoportal_frame
  0 39.201069 9.092546 0.000000 0.022921 0.999737 0.000000 0.831329 0.498670 1 0 1.000000
  0 38.928284 9.233013 22.212744 0.025302 0.999640 -0.008900 0.828689 0.670682 1 0 1.000000
  0 39.655537 9.215166 22.226471 0.025302 0.999640 -0.008900 0.823310 0.670586 1 0 1.000000
autoportal_frame
  0 38.354839 9.932828 44.412529 0.863962 -0.499691 0.062273 0.730657 0.927322 1 0 1.000000
  0 38.072670 12.148310 48.670383 0.992350 -0.069591 0.101974 0.762718 0.968672 1 0 1.000000
  0 38.322018 9.514394 44.416042 0.995527 -0.068578 0.064976 0.724565 0.927358 1 0 1.000000
autoportal_frame
  0 38.354839 9.932828 44.412529 0.863962 -0.499691 0.062273 0.730657 0.927322 1 0 1.000000
  0 38.142845 12.148310 47.957165 0.992350 -0.069591 0.101974 0.762748 0.961748 1 0 1.000000
  0 38.072670 12.148310 48.670383 0.992350 -0.069591 0.101974 0.762718 0.968672 1 0 1.000000
autoportal_frame
  0 33.289005 12.134770 48.662369 -0.031182 0.849031 -0.527422 0.872811 0.875188 1 0 1.000000
  0 33.764431 9.514394 44.416042 -0.031182 0.849031 -0.527422 0.891113 0.837954 1 0 1.000000
  0 33.038094 9.492581 44.452942 -0.031182 0.849031 -0.527422 0.896282 0.838545 1 0 1.000000
autoportal_frame
  0 33.289005 12.134770 48.662369 -0.031182 0.849031 -0.527422 0.872811 0.875188 1 0 1.000000
  0 34.013779 12.148309 48.670383 -0.031182 0.849031 -0.527422 0.868431 0.872782 1 0 1.000000
  0 33.764431 9.514394 44.416042 -0.031182 0.849031 -0.527422 0.891113 0.837954 1 0 1.000000
autoportal_frame
  0 32.430912 9.215165 22.226471 -0.025302 0.999640 -0.008900 0.893252 0.670077 1 0 1.000000
  0 33.764431 9.514394 44.416042 -0.027683 0.999547 -0.011815 0.891113 0.837954 1 0 1.000000
  0 33.158169 9.233013 22.212744 -0.025302 0.999640 -0.008900 0.887873 0.670173 1 0 1.000000
autoportal_frame
  0 32.430912 9.215165 22.226471 -0.025302 0.999640 -0.008900 0.893252 0.670077 1 0 1.000000
  0 33.038094 9.492581 44.452942 -0.027683 0.999547 -0.011815 0.896282 0.838545 1 0 1.000000
  0 33.764431 9.514394 44.416042 -0.027683 0.999547 -0.011815 0.891113 0.837954 1 0 1.000000
autoportal_frame
  0 32.406673 9.638763 22.226471 0.023633 -0.999681 0.008890 0.658607 0.664197 1 0 1.000000
  0 33.731609 9.932828 44.412529 0.024345 -0.999634 0.011796 0.662102 0.838601 1 0 1.000000
  0 33.005039 9.915907 44.452942 0.024345 -0.999634 0.011796 0.656580 0.838707 1 0 1.000000
autoportal_frame
  0 32.406673 9.638763 22.226471 0.023633 -0.999681 0.008890 0.658607 0.664197 1 0 1.000000
  0 33.133926 9.656612 22.212744 0.023633 -0.999681 0.008890 0.664113 0.664244 1 0 1.000000
  0 33.731609 9.932828 44.412529 0.024345 -0.999634 0.011796 0.662102 0.838601 1 0 1.000000
autoportal_frame
  0 32.138485 9.500832 0.000000 0.022921 -0.999737 0.000000 0.659666 0.490592 1 0 1.000000
  0 33.133926 9.656614 -22.212744 0.023633 -0.999681 -0.008890 0.664049 0.316846 1 0 1.000000
  0 32.866035 9.516257 0.000000 0.022921 -0.999737 0.000000 0.665161 0.490592 1 0 1.000000
autoportal_frame
  0 32.138485 9.500832 0.000000 0.022921 -0.999737 0.000000 0.659666 0.490592 1 0 1.000000
  0 32.406673 9.638766 -22.226471 0.023633 -0.999681 -0.008890 0.658564 0.316895 1 0 1.000000
  0 33.133926 9.656614 -22.212744 0.023633 -0.999681 -0.008890 0.664049 0.316846 1 0 1.000000
autoportal_frame
  0 32.138485 9.500832 0.000000 -0.999189 -0.040262 0.000000 0.659666 0.490592 1 0 1.000000
  0 32.295223 12.134771 22.226471 -0.998768 -0.045715 0.019296 0.629185 0.664331 1 0 1.000000
  0 32.043224 12.134772 0.000001 -0.999189 -0.040262 0.000000 0.628685 0.490592 1 0 1.000000
autoportal_frame
  0 32.138485 9.500832 0.000000 -0.999189 -0.040262 0.000000 0.659666 0.490592 1 0 1.000000
  0 32.406673 9.638763 22.226471 -0.998768 -0.045715 0.019296 0.658607 0.664197 1 0 1.000000
  0 32.295223 12.134771 22.226471 -0.998768 -0.045715 0.019296 0.629185 0.664331 1 0 1.000000
autoportal_frame
  0 36.910114 5.809494 22.137716 0.000000 -0.999482 0.032166 0.530051 0.676855 1 0 1.000000
  0 35.176338 5.335882 0.000000 0.000000 -1.000000 0.000000 0.517638 0.500878 1 0 1.000000
  0 36.910114 5.335882 0.000000 0.000000 -1.000000 0.000000 0.530051 0.500878 1 0 1.000000
autoportal_frame
  0 36.910114 5.809494 22.137716 0.000000 -0.999482 0.032166 0.530051 0.676855 1 0 1.000000
  0 35.176338 5.809494 22.137716 0.000000 -0.999482 0.032166 0.517638 0.676855 1 0 1.000000
  0 35.176338 5.335882 0.000000 0.000000 -1.000000 0.000000 0.517638 0.500878 1 0 1.000000
autoportal_frame
  0 36.542812 11.008224 -62.744473 0.254861 -0.549909 -0.795390 0.207539 1.860143 1 0 1.000000
  0 35.516621 12.134776 -62.744473 -0.296213 -0.000188 -0.955122 0.199681 1.846665 1 0 1.000000
  0 36.569828 12.134776 -62.744473 0.296213 -0.000188 -0.955122 0.207764 1.846676 1 0 1.000000
autoportal_frame
  0 36.542812 11.008224 -62.744473 0.254861 -0.549909 -0.795390 0.207539 1.860143 1 0 1.000000
  0 35.543636 11.008224 -62.744473 -0.254861 -0.549909 -0.795390 0.199871 1.860133 1 0 1.000000
  0 35.516621 12.134776 -62.744473 -0.296213 -0.000188 -0.955122 0.199681 1.846665 1 0 1.000000
autoportal_frame
  0 36.706303 8.127257 -56.056808 0.188264 -0.925710 -0.328052 0.208714 1.923464 1 0 1.000000
  0 35.543636 11.008224 -62.744473 -0.254861 -0.549909 -0.795390 0.199871 1.860133 1 0 1.000000
  0 36.542812 11.008224 -62.744473 0.254861 -0.549909 -0.795390 0.207539 1.860143 1 0 1.000000
autoportal_frame
  0 36.706303 8.127257 -56.056808 0.188264 -0.925710 -0.328052 0.208714 1.923464 1 0 1.000000
  0 35.380146 8.127257 -56.056808 -0.188264 -0.925710 -0.328052 0.198535 1.923451 1 0 1.000000
  0 35.543636 11.008224 -62.744473 -0.254861 -0.549909 -0.795390 0.199871 1.860133 1 0 1.000000
autoportal_frame
  0 -39.081409 9.915904 44.452942 -0.996553 -0.054766 0.062302 0.343146 0.837217 1 0 1.000000
  0 -38.867615 12.134768 47.949150 -0.993502 -0.058296 0.097750 0.369123 0.864955 1 0 1.000000
  0 -39.211609 12.134768 44.452942 -0.996553 -0.054766 0.062302 0.369375 0.837370 1 0 1.000000
autoportal_frame
  0 -35.543636 11.008221 -62.744473 0.254861 -0.549909 -0.795390 0.804999 1.854826 1 0 1.000000
  0 -36.569828 12.134772 -62.744473 -0.296213 -0.000188 -0.955122 0.812858 1.841349 1 0 1.000000
  0 -35.516621 12.134772 -62.744473 0.296213 -0.000188 -0.955122 0.804774 1.841359 1 0 1.000000
autoportal_frame
  0 -35.543636 11.008221 -62.744473 0.254861 -0.549909 -0.795390 0.804999 1.854826 1 0 1.000000
  0 -36.542812 11.008221 -62.744473 -0.254861 -0.549909 -0.795390 0.812667 1.854816 1 0 1.000000
  0 -36.569828 12.134772 -62.744473 -0.296213 -0.000188 -0.955122 0.812858 1.841349 1 0 1.000000
autoportal_frame
  0 -35.380146 8.127254 -56.056808 0.188264 -0.925710 -0.328052 0.803825 1.918148 1 0 1.000000
  0 -36.542812 11.008221 -62.744473 -0.254861 -0.549909 -0.795390 0.812667 1.854816 1 0 1.000000
  0 -35.543636 11.008221 -62.744473 0.254861 -0.549909 -0.795390 0.804999 1.854826 1 0 1.000000
autoportal_frame
  0 -35.380146 8.127254 -56.056808 0.188264 -0.925710 -0.328052 0.803825 1.918148 1 0 1.000000
  0 -36.706303 8.127254 -56.056808 -0.188264 -0.925710 -0.328052 0.814003 1.918135 1 0 1.000000
  0 -36.542812 11.008221 -62.744473 -0.254861 -0.549909 -0.795390 0.812667 1.854816 1 0 1.000000
autoportal_frame
  0 -32.874844 12.134768 44.452942 0.996553 -0.054766 0.062302 0.436269 0.141489 1 0 1.000000
  0 -33.218834 12.134768 47.949150 0.993502 -0.058296 0.097750 0.436003 0.114032 1 0 1.000000
  0 -33.005039 9.915904 44.452942 0.996553 -0.054766 0.062302 0.410148 0.141649 1 0 1.000000
autoportal_frame
  0 36.542812 11.008219 62.744473 0.254861 -0.549909 0.795390 0.193562 1.920207 1 0 1.000000
  0 35.380146 8.127253 56.056808 -0.188264 -0.925710 0.328052 0.184807 1.857507 1 0 1.000000
  0 36.706303 8.127253 56.056808 0.188264 -0.925710 0.328052 0.194884 1.857520 1 0 1.000000
autoportal_frame
  0 36.542812 11.008219 62.744473 0.254861 -0.549909 0.795390 0.193562 1.920207 1 0 1.000000
  0 35.543636 11.008219 62.744473 -0.254861 -0.549909 0.795390 0.185970 1.920197 1 0 1.000000
  0 35.380146 8.127253 56.056808 -0.188264 -0.925710 0.328052 0.184807 1.857507 1 0 1.000000
autoportal_frame
  0 36.569828 12.134770 62.744473 0.296213 -0.000188 0.955122 0.193750 1.933540 1 0 1.000000
  0 35.543636 11.008219 62.744473 -0.254861 -0.549909 0.795390 0.185970 1.920197 1 0 1.000000
  0 36.542812 11.008219 62.744473 0.254861 -0.549909 0.795390 0.193562 1.920207 1 0 1.000000
autoportal_frame
  0 36.569828 12.134770 62.744473 0.296213 -0.000188 0.955122 0.193750 1.933540 1 0 1.000000
  0 35.516621 12.134770 62.744473 -0.296213 -0.000188 0.955122 0.185748 1.933530 1 0 1.000000
  0 35.543636 11.008219 62.744473 -0.254861 -0.549909 0.795390 0.185970 1.920197 1 0 1.000000
autoportal_frame
  0 33.005039 9.915907 44.452942 -0.996553 -0.054766 0.062302 0.656580 0.838707 1 0 1.000000
  0 33.218834 12.134770 47.949150 -0.993502 -0.058296 0.097750 0.630603 0.866444 1 0 1.000000
  0 32.874844 12.134770 44.452942 -0.996553 -0.054766 0.062302 0.630350 0.838859 1 0 1.000000
autoportal_frame
  0 -35.543636 11.008215 62.744473 0.254861 -0.549909 0.795390 0.818976 1.914890 1 0 1.000000
  0 -36.706303 8.127250 56.056808 -0.188264 -0.925710 0.328052 0.827731 1.852191 1 0 1.000000
  0 -35.380146 8.127250 56.056808 0.188264 -0.925710 0.328052 0.817654 1.852204 1 0 1.000000
autoportal_frame
  0 -35.543636 11.008215 62.744473 0.254861 -0.549909 0.795390 0.818976 1.914890 1 0 1.000000
  0 -36.542812 11.008215 62.744473 -0.254861 -0.549909 0.795390 0.826568 1.914880 1 0 1.000000
  0 -36.706303 8.127250 56.056808 -0.188264 -0.925710 0.328052 0.827731 1.852191 1 0 1.000000
autoportal_frame
  0 -35.516621 12.134767 62.744473 0.296213 -0.000188 0.955122 0.818788 1.928223 1 0 1.000000
  0 -36.542812 11.008215 62.744473 -0.254861 -0.549909 0.795390 0.826568 1.914880 1 0 1.000000
  0 -35.543636 11.008215 62.744473 0.254861 -0.549909 0.795390 0.818976 1.914890 1 0 1.000000
autoportal_frame
  0 -35.516621 12.134767 62.744473 0.296213 -0.000188 0.955122 0.818788 1.928223 1 0 1.000000
  0 -36.569828 12.134767 62.744473 -0.296213 -0.000188 0.955122 0.826791 1.928213 1 0 1.000000
  0 -36.542812 11.008215 62.744473 -0.254861 -0.549909 0.795390 0.826568 1.914880 1 0 1.000000
autoportal_frame
  0 32.874844 12.134775 -44.452942 -0.996553 -0.054766 -0.062302 0.630551 0.143643 1 0 1.000000
  0 33.218834 12.134775 -47.949150 -0.993502 -0.058296 -0.097750 0.630830 0.116316 1 0 1.000000
  0 33.005039 9.915912 -44.452942 -0.996553 -0.054766 -0.062302 0.656562 0.143811 1 0 1.000000
autoportal_frame
  0 39.081409 9.915912 -44.452942 0.996553 -0.054766 -0.062302 0.591075 0.837035 1 0 1.000000
  0 38.867615 12.134775 -47.949150 0.993502 -0.058296 -0.097750 0.565220 0.864651 1 0 1.000000
  0 39.211609 12.134775 -44.452942 0.996553 -0.054766 -0.062302 0.564954 0.837195 1 0 1.000000
end
