// Created by Crowbar 0.74
version 1
nodes
  0 "static_prop" -1
end
skeleton
  time 0
    0 0.000000 0.000000 0.000000 0.000000 0.000000 0.000000
end
triangles
elevator_caps
  0 66.999939 43.249004 -88.000000 -0.831705 -0.555218 0.000001 0.911854 0.109927 1 0 1.000000
  0 60.324825 53.248180 -80.149597 -0.831705 -0.555218 0.000001 0.911854 0.158597 1 0 1.000000
  0 60.324825 53.248180 -88.000000 -0.831705 -0.555218 0.000001 0.898252 0.134897 1 0 1.000000
elevator_caps
  0 110.999565 189.249756 -105.825920 0.925297 0.379242 -0.000005 0.842056 0.698127 1 0 1.000000
  0 85.950592 227.108246 -105.825920 0.768221 0.640185 -0.000001 0.797861 0.698127 1 0 1.000000
  0 85.950432 227.108429 -87.999992 0.768221 0.640185 -0.000001 0.797861 0.690070 1 0 1.000000
elevator_caps
  0 111.000412 189.248138 -87.999992 0.925297 0.379242 -0.000005 0.842056 0.690070 1 0 1.000000
  0 110.999565 189.249756 -105.825920 0.925297 0.379242 -0.000005 0.842056 0.698127 1 0 1.000000
  0 85.950432 227.108429 -87.999992 0.768221 0.640185 -0.000001 0.797861 0.690070 1 0 1.000000
elevator_caps
  0 110.999565 189.249756 -105.825920 0.925297 0.379242 -0.000005 0.842056 0.698127 1 0 1.000000
  0 111.000412 189.248138 -87.999992 0.925297 0.379242 -0.000005 0.842056 0.690070 1 0 1.000000
  0 119.878662 144.643753 -105.825920 0.996241 0.086627 -0.000005 0.885564 0.698127 1 0 1.000000
elevator_caps
  0 111.000412 189.248138 -87.999992 0.925297 0.379242 -0.000005 0.842056 0.690070 1 0 1.000000
  0 119.878677 144.643753 -87.999992 0.996241 0.086627 -0.000005 0.885564 0.690070 1 0 1.000000
  0 119.878662 144.643753 -105.825920 0.996241 0.086627 -0.000005 0.885564 0.698127 1 0 1.000000
elevator_caps
  0 45.999878 254.248856 -105.825920 0.379240 0.925298 -0.000008 0.842979 0.805981 1 0 1.000000
  0 1.158026 263.148315 -105.825912 0.086630 0.996240 -0.000001 0.799418 0.805981 1 0 1.000000
  0 1.158026 263.148315 -87.999985 0.086630 0.996240 -0.000001 0.799418 0.797925 1 0 1.000000
elevator_caps
  0 46.000256 254.248917 -87.999992 0.379240 0.925298 -0.000008 0.842979 0.797925 1 0 1.000000
  0 45.999878 254.248856 -105.825920 0.379240 0.925298 -0.000008 0.842979 0.805981 1 0 1.000000
  0 1.158026 263.148315 -87.999985 0.086630 0.996240 -0.000001 0.799418 0.797925 1 0 1.000000
elevator_caps
  0 45.999878 254.248856 -105.825920 0.379240 0.925298 -0.000008 0.842979 0.805981 1 0 1.000000
  0 46.000256 254.248917 -87.999992 0.379240 0.925298 -0.000008 0.842979 0.797925 1 0 1.000000
  0 83.859169 229.199661 -105.825920 0.640182 0.768223 -0.000001 0.887284 0.805981 1 0 1.000000
elevator_caps
  0 46.000256 254.248917 -87.999992 0.379240 0.925298 -0.000008 0.842979 0.797925 1 0 1.000000
  0 83.859001 229.199844 -87.999992 0.640182 0.768223 -0.000001 0.887284 0.797925 1 0 1.000000
  0 83.859169 229.199661 -105.825920 0.640182 0.768223 -0.000001 0.887284 0.805981 1 0 1.000000
elevator_caps
  0 -46.000343 254.248856 -105.825920 -0.379244 0.925297 -0.000001 0.842179 0.751774 1 0 1.000000
  0 -83.859283 229.199646 -105.825920 -0.640184 0.768222 -0.000003 0.797861 0.751774 1 0 1.000000
  0 -83.859291 229.199661 -87.999992 -0.640184 0.768222 -0.000003 0.797861 0.743718 1 0 1.000000
elevator_caps
  0 -46.000343 254.248856 -87.999992 -0.379244 0.925297 -0.000001 0.842179 0.743718 1 0 1.000000
  0 -46.000343 254.248856 -105.825920 -0.379244 0.925297 -0.000001 0.842179 0.751774 1 0 1.000000
  0 -83.859291 229.199661 -87.999992 -0.640184 0.768222 -0.000003 0.797861 0.743718 1 0 1.000000
elevator_caps
  0 -46.000343 254.248856 -105.825920 -0.379244 0.925297 -0.000001 0.842179 0.751774 1 0 1.000000
  0 -46.000343 254.248856 -87.999992 -0.379244 0.925297 -0.000001 0.842179 0.743718 1 0 1.000000
  0 -1.158140 263.148315 -105.825912 -0.086622 0.996241 0.000000 0.885730 0.751774 1 0 1.000000
elevator_caps
  0 -46.000343 254.248856 -87.999992 -0.379244 0.925297 -0.000001 0.842179 0.743718 1 0 1.000000
  0 -1.158140 263.148315 -87.999985 -0.086622 0.996241 0.000000 0.885730 0.743718 1 0 1.000000
  0 -1.158140 263.148315 -105.825912 -0.086622 0.996241 0.000000 0.885730 0.751774 1 0 1.000000
elevator_caps
  0 -110.999809 189.249786 -105.825920 -0.925297 0.379244 0.000002 0.842081 0.642215 1 0 1.000000
  0 -119.878769 144.643738 -105.825920 -0.996240 0.086635 -0.000008 0.798572 0.642215 1 0 1.000000
  0 -119.879013 144.643738 -87.999992 -0.996240 0.086635 -0.000008 0.798572 0.634158 1 0 1.000000
elevator_caps
  0 -110.999809 189.249786 -87.999992 -0.925297 0.379244 0.000002 0.842081 0.634158 1 0 1.000000
  0 -110.999809 189.249786 -105.825920 -0.925297 0.379244 0.000002 0.842081 0.642215 1 0 1.000000
  0 -119.879013 144.643738 -87.999992 -0.996240 0.086635 -0.000008 0.798572 0.634158 1 0 1.000000
elevator_caps
  0 -110.999809 189.249786 -105.825920 -0.925297 0.379244 0.000002 0.842081 0.642215 1 0 1.000000
  0 -110.999809 189.249786 -87.999992 -0.925297 0.379244 0.000002 0.842081 0.634158 1 0 1.000000
  0 -85.950714 227.108231 -105.825920 -0.768222 0.640184 0.000000 0.886274 0.642215 1 0 1.000000
elevator_caps
  0 -110.999809 189.249786 -87.999992 -0.925297 0.379244 0.000002 0.842081 0.634158 1 0 1.000000
  0 -85.950714 227.108231 -87.999992 -0.768222 0.640184 0.000000 0.886274 0.634158 1 0 1.000000
  0 -85.950714 227.108231 -105.825920 -0.768222 0.640184 0.000000 0.886274 0.642215 1 0 1.000000
elevator_caps
  0 -116.946190 95.082367 63.982788 -0.916263 -0.378015 -0.132537 0.121481 0.349569 1 0 1.000000
  0 -90.388474 55.090733 63.982788 -0.825957 -0.548522 -0.130070 0.020405 0.349569 1 0 1.000000
  0 -91.383217 54.095993 74.500366 -0.773011 -0.634393 0.000000 0.020405 0.314669 1 0 1.000000
elevator_caps
  0 -118.245880 94.544022 74.500374 -0.923880 -0.382683 0.000000 0.121481 0.314669 1 0 1.000000
  0 -116.946190 95.082367 63.982788 -0.916263 -0.378015 -0.132537 0.121481 0.349569 1 0 1.000000
  0 -91.383217 54.095993 74.500366 -0.773011 -0.634393 0.000000 0.020405 0.314669 1 0 1.000000
elevator_caps
  0 -126.581642 143.523056 63.982792 -0.991173 0.000000 -0.132574 0.262762 0.349569 1 0 1.000000
  0 -116.946190 95.082367 63.982788 -0.916263 -0.378015 -0.132537 0.121481 0.349569 1 0 1.000000
  0 -118.245880 94.544022 74.500374 -0.923880 -0.382683 0.000000 0.121481 0.314669 1 0 1.000000
elevator_caps
  0 -127.988419 143.523056 74.500374 -1.000000 0.000000 0.000000 0.262762 0.314669 1 0 1.000000
  0 -126.581642 143.523056 63.982792 -0.991173 0.000000 -0.132574 0.262762 0.349569 1 0 1.000000
  0 -118.245880 94.544022 74.500374 -0.923880 -0.382683 0.000000 0.121481 0.314669 1 0 1.000000
elevator_caps
  0 -116.946190 191.963745 63.982792 -0.916263 0.378015 -0.132538 0.404042 0.349569 1 0 1.000000
  0 -126.581642 143.523056 63.982792 -0.991173 0.000000 -0.132574 0.262762 0.349569 1 0 1.000000
  0 -127.988419 143.523056 74.500374 -1.000000 0.000000 0.000000 0.262762 0.314669 1 0 1.000000
elevator_caps
  0 -118.245880 192.502106 74.500374 -0.923879 0.382684 0.000000 0.404042 0.314669 1 0 1.000000
  0 -116.946190 191.963745 63.982792 -0.916263 0.378015 -0.132538 0.404042 0.349569 1 0 1.000000
  0 -127.988419 143.523056 74.500374 -1.000000 0.000000 0.000000 0.262762 0.314669 1 0 1.000000
elevator_caps
  0 -90.388481 231.955399 63.982796 -0.825957 0.548522 -0.130071 0.505116 0.349569 1 0 1.000000
  0 -116.946190 191.963745 63.982792 -0.916263 0.378015 -0.132538 0.404042 0.349569 1 0 1.000000
  0 -118.245880 192.502106 74.500374 -0.923879 0.382684 0.000000 0.404042 0.314669 1 0 1.000000
elevator_caps
  0 -91.383224 232.950150 74.500374 -0.773011 0.634393 0.000000 0.505116 0.314669 1 0 1.000000
  0 -90.388481 231.955399 63.982796 -0.825957 0.548522 -0.130071 0.505116 0.349569 1 0 1.000000
  0 -118.245880 192.502106 74.500374 -0.923879 0.382684 0.000000 0.404042 0.314669 1 0 1.000000
elevator_caps
  0 -71.106552 37.104591 96.155640 -1.000000 0.000000 0.000000 0.637541 0.680697 1 0 1.000000
  0 -71.106552 12.363733 83.072037 -1.000000 0.000000 0.000000 0.583659 0.605416 1 0 1.000000
  0 -71.106552 12.363732 96.155640 -1.000000 0.000000 0.000000 0.637541 0.605416 1 0 1.000000
elevator_caps
  0 -71.106552 37.104591 76.920296 -1.000000 0.000000 0.000000 0.579399 0.680697 1 0 1.000000
  0 -71.106552 12.363733 83.072037 -1.000000 0.000000 0.000000 0.583659 0.605416 1 0 1.000000
  0 -71.106552 37.104591 96.155640 -1.000000 0.000000 0.000000 0.637541 0.680697 1 0 1.000000
elevator_caps
  0 71.106552 37.104599 96.155640 1.000000 0.000000 0.000000 0.648360 0.148832 1 0 1.000000
  0 71.106552 12.363739 83.072037 1.000000 0.000000 0.000000 0.594479 0.224113 1 0 1.000000
  0 71.106552 37.104599 76.920296 1.000000 0.000000 0.000000 0.590219 0.148832 1 0 1.000000
elevator_caps
  0 71.106552 12.363739 96.155640 1.000000 0.000000 0.000000 0.648360 0.224113 1 0 1.000000
  0 71.106552 12.363739 83.072037 1.000000 0.000000 0.000000 0.594479 0.224113 1 0 1.000000
  0 71.106552 37.104599 96.155640 1.000000 0.000000 0.000000 0.648360 0.148832 1 0 1.000000
elevator_caps
  0 -119.025597 141.854279 -88.461487 -0.000013 1.000000 0.000003 0.016567 0.455683 1 0 1.000000
  0 -119.025360 141.854279 -105.825920 -0.000023 1.000000 0.000000 0.016567 0.432495 1 0 1.000000
  0 -119.878761 141.854263 -105.825920 -0.000023 1.000000 0.000000 0.016567 0.424372 1 0 1.000000
elevator_caps
  0 -119.879013 141.854263 -87.999992 -0.000013 1.000000 0.000003 0.016567 0.448061 1 0 1.000000
  0 -119.025597 141.854279 -88.461487 -0.000013 1.000000 0.000003 0.016567 0.455683 1 0 1.000000
  0 -119.878761 141.854263 -105.825920 -0.000023 1.000000 0.000000 0.016567 0.424372 1 0 1.000000
elevator_caps
  0 -119.879013 141.854263 -87.999992 -0.000013 1.000000 0.000003 0.016567 0.448061 1 0 1.000000
  0 -105.967407 141.854294 -79.126030 -0.000003 1.000000 0.000000 0.016567 0.499171 1 0 1.000000
  0 -119.025597 141.854279 -88.461487 -0.000013 1.000000 0.000003 0.016567 0.455683 1 0 1.000000
elevator_caps
  0 -119.025597 141.854279 -88.461487 -0.000013 1.000000 0.000003 0.016567 0.455683 1 0 1.000000
  0 -105.967407 141.854294 -79.126030 -0.000003 1.000000 0.000000 0.016567 0.499171 1 0 1.000000
  0 -105.564568 141.854294 -79.878372 -0.000003 1.000000 0.000000 0.016567 0.499171 1 0 1.000000
elevator_caps
  0 34.072498 225.784485 -105.825920 0.000000 0.000000 -1.000000 0.463455 0.760634 1 0 1.000000
  0 83.222870 228.563370 -105.825920 0.000000 0.000000 -1.000000 0.442897 0.761796 1 0 1.000000
  0 62.930882 206.454086 -105.825920 0.000000 0.000000 -1.000000 0.451384 0.752549 1 0 1.000000
elevator_caps
  0 85.314301 226.471939 -105.825920 0.000000 0.000000 -1.000000 0.442022 0.760922 1 0 1.000000
  0 62.930882 206.454086 -105.825920 0.000000 0.000000 -1.000000 0.451384 0.752549 1 0 1.000000
  0 83.222870 228.563370 -105.825920 0.000000 0.000000 -1.000000 0.442897 0.761796 1 0 1.000000
elevator_caps
  0 62.930882 206.454086 -105.825920 0.000000 0.000000 -1.000000 0.451384 0.752549 1 0 1.000000
  0 85.314301 226.471939 -105.825920 0.000000 0.000000 -1.000000 0.442022 0.760922 1 0 1.000000
  0 82.165665 177.560532 -105.825920 0.000000 0.000000 -1.000000 0.443339 0.740464 1 0 1.000000
elevator_caps
  0 85.951569 59.388020 -105.825928 0.000000 0.000000 -1.000000 0.441756 0.691037 1 0 1.000000
  0 85.315269 60.024319 -105.825928 0.000000 -0.000001 -1.000000 0.442022 0.691303 1 0 1.000000
  0 110.999794 97.249077 -105.825920 0.000000 0.000000 -1.000000 0.431279 0.706873 1 0 1.000000
elevator_caps
  0 110.999794 97.249077 -105.825920 0.000000 0.000000 -1.000000 0.431279 0.706873 1 0 1.000000
  0 85.315269 60.024319 -105.825928 0.000000 -0.000001 -1.000000 0.442022 0.691303 1 0 1.000000
  0 82.035187 109.546593 -105.825920 0.000000 0.000000 -1.000000 0.443394 0.712016 1 0 1.000000
elevator_caps
  0 110.999794 97.249077 -105.825920 0.000000 0.000000 -1.000000 0.431279 0.706873 1 0 1.000000
  0 82.035187 109.546593 -105.825920 0.000000 0.000000 -1.000000 0.443394 0.712016 1 0 1.000000
  0 119.025261 141.854279 -105.825920 0.000000 0.000000 -1.000000 0.427922 0.725529 1 0 1.000000
elevator_caps
  0 88.864777 143.523743 -105.825920 0.000000 0.000000 -1.000000 0.440537 0.726228 1 0 1.000000
  0 119.025261 141.854279 -105.825920 0.000000 0.000000 -1.000000 0.427922 0.725529 1 0 1.000000
  0 82.035187 109.546593 -105.825920 0.000000 0.000000 -1.000000 0.443394 0.712016 1 0 1.000000
elevator_caps
  0 119.025261 141.854279 -105.825920 0.000000 0.000000 -1.000000 0.427922 0.725529 1 0 1.000000
  0 88.864777 143.523743 -105.825920 0.000000 0.000000 -1.000000 0.440537 0.726228 1 0 1.000000
  0 119.025261 144.643753 -105.825920 0.000000 0.000000 -1.000000 0.427922 0.726696 1 0 1.000000
elevator_caps
  0 82.165665 177.560532 -105.825920 0.000000 0.000000 -1.000000 0.443339 0.740464 1 0 1.000000
  0 119.025261 144.643753 -105.825920 0.000000 0.000000 -1.000000 0.427922 0.726696 1 0 1.000000
  0 88.864777 143.523743 -105.825920 0.000000 0.000000 -1.000000 0.440537 0.726228 1 0 1.000000
elevator_caps
  0 119.878662 144.643753 -105.825920 0.000000 0.000000 -1.000000 0.427565 0.726696 1 0 1.000000
  0 119.025261 144.643753 -105.825920 0.000000 0.000000 -1.000000 0.427922 0.726696 1 0 1.000000
  0 82.165665 177.560532 -105.825920 0.000000 0.000000 -1.000000 0.443339 0.740464 1 0 1.000000
elevator_caps
  0 110.999565 189.249756 -105.825920 0.000000 0.000000 -1.000000 0.431279 0.745353 1 0 1.000000
  0 119.878662 144.643753 -105.825920 0.000000 0.000000 -1.000000 0.427565 0.726696 1 0 1.000000
  0 82.165665 177.560532 -105.825920 0.000000 0.000000 -1.000000 0.443339 0.740464 1 0 1.000000
elevator_caps
  0 110.999565 189.249756 -105.825920 0.000000 0.000000 -1.000000 0.431279 0.745353 1 0 1.000000
  0 82.165665 177.560532 -105.825920 0.000000 0.000000 -1.000000 0.443339 0.740464 1 0 1.000000
  0 85.314301 226.471939 -105.825920 0.000000 0.000000 -1.000000 0.442022 0.760922 1 0 1.000000
elevator_caps
  0 85.950592 227.108246 -105.825920 0.000000 0.000000 -1.000000 0.441756 0.761188 1 0 1.000000
  0 110.999565 189.249756 -105.825920 0.000000 0.000000 -1.000000 0.431279 0.745353 1 0 1.000000
  0 85.314301 226.471939 -105.825920 0.000000 0.000000 -1.000000 0.442022 0.760922 1 0 1.000000
elevator_caps
  0 119.878662 141.854279 -105.825920 0.000000 0.000000 -1.000000 0.427565 0.725529 1 0 1.000000
  0 110.999794 97.249077 -105.825920 0.000000 0.000000 -1.000000 0.431279 0.706873 1 0 1.000000
  0 119.025261 141.854279 -105.825920 0.000000 0.000000 -1.000000 0.427922 0.725529 1 0 1.000000
elevator_caps
  0 -85.950714 227.108231 -105.825920 0.000000 0.000000 -1.000000 0.513656 0.761188 1 0 1.000000
  0 -85.314415 226.471924 -105.825920 0.000000 0.000001 -1.000000 0.513390 0.760922 1 0 1.000000
  0 -82.165680 177.560516 -105.825920 0.000000 0.000000 -1.000000 0.512073 0.740464 1 0 1.000000
elevator_caps
  0 -82.165680 177.560516 -105.825920 0.000000 0.000000 -1.000000 0.512073 0.740464 1 0 1.000000
  0 -85.314415 226.471924 -105.825920 0.000000 0.000001 -1.000000 0.513390 0.760922 1 0 1.000000
  0 -62.930897 206.454086 -105.825920 0.000000 0.000001 -1.000000 0.504027 0.752549 1 0 1.000000
elevator_caps
  0 -83.222992 228.563354 -105.825920 0.000000 0.000001 -1.000000 0.512515 0.761796 1 0 1.000000
  0 -62.930897 206.454086 -105.825920 0.000000 0.000001 -1.000000 0.504027 0.752549 1 0 1.000000
  0 -85.314415 226.471924 -105.825920 0.000000 0.000001 -1.000000 0.513390 0.760922 1 0 1.000000
elevator_caps
  0 -62.930897 206.454086 -105.825920 0.000000 0.000001 -1.000000 0.504027 0.752549 1 0 1.000000
  0 -83.222992 228.563354 -105.825920 0.000000 0.000001 -1.000000 0.512515 0.761796 1 0 1.000000
  0 -34.072521 225.784485 -105.825920 0.000000 0.000000 -1.000000 0.491957 0.760634 1 0 1.000000
elevator_caps
  0 -46.000343 254.248856 -105.825920 0.000000 0.000000 -1.000000 0.496946 0.772540 1 0 1.000000
  0 -34.072521 225.784485 -105.825920 0.000000 0.000000 -1.000000 0.491957 0.760634 1 0 1.000000
  0 -83.222992 228.563354 -105.825920 0.000000 0.000001 -1.000000 0.512515 0.761796 1 0 1.000000
elevator_caps
  0 -46.000343 254.248856 -105.825920 0.000000 0.000000 -1.000000 0.496946 0.772540 1 0 1.000000
  0 -1.158140 263.148315 -105.825912 0.000000 0.000000 -1.000000 0.478190 0.776262 1 0 1.000000
  0 -34.072521 225.784485 -105.825920 0.000000 0.000000 -1.000000 0.491957 0.760634 1 0 1.000000
elevator_caps
  0 -1.158140 263.148315 -105.825912 0.000000 0.000000 -1.000000 0.478190 0.776262 1 0 1.000000
  0 -1.158143 262.310883 -105.825912 0.000000 0.000000 -1.000000 0.478190 0.775912 1 0 1.000000
  0 -34.072521 225.784485 -105.825920 0.000000 0.000000 -1.000000 0.491957 0.760634 1 0 1.000000
elevator_caps
  0 -34.072521 225.784485 -105.825920 0.000000 0.000000 -1.000000 0.491957 0.760634 1 0 1.000000
  0 -1.158143 262.310883 -105.825912 0.000000 0.000000 -1.000000 0.478190 0.775912 1 0 1.000000
  0 -0.000010 232.576035 -105.825920 0.000000 0.000000 -1.000000 0.477706 0.763475 1 0 1.000000
elevator_caps
  0 1.158023 262.310883 -105.825912 0.000000 0.000000 -1.000000 0.477221 0.775912 1 0 1.000000
  0 -0.000010 232.576035 -105.825920 0.000000 0.000000 -1.000000 0.477706 0.763475 1 0 1.000000
  0 -1.158143 262.310883 -105.825912 0.000000 0.000000 -1.000000 0.478190 0.775912 1 0 1.000000
elevator_caps
  0 -0.000010 232.576035 -105.825920 0.000000 0.000000 -1.000000 0.477706 0.763475 1 0 1.000000
  0 1.158023 262.310883 -105.825912 0.000000 0.000000 -1.000000 0.477221 0.775912 1 0 1.000000
  0 34.072498 225.784485 -105.825920 0.000000 0.000000 -1.000000 0.463455 0.760634 1 0 1.000000
elevator_caps
  0 45.999878 254.248856 -105.825920 0.000000 0.000000 -1.000000 0.458466 0.772540 1 0 1.000000
  0 34.072498 225.784485 -105.825920 0.000000 0.000000 -1.000000 0.463455 0.760634 1 0 1.000000
  0 1.158023 262.310883 -105.825912 0.000000 0.000000 -1.000000 0.477221 0.775912 1 0 1.000000
elevator_caps
  0 45.999878 254.248856 -105.825920 0.000000 0.000000 -1.000000 0.458466 0.772540 1 0 1.000000
  0 83.222870 228.563370 -105.825920 0.000000 0.000000 -1.000000 0.442897 0.761796 1 0 1.000000
  0 34.072498 225.784485 -105.825920 0.000000 0.000000 -1.000000 0.463455 0.760634 1 0 1.000000
elevator_caps
  0 83.859169 229.199661 -105.825920 0.000000 0.000000 -1.000000 0.442631 0.762063 1 0 1.000000
  0 83.222870 228.563370 -105.825920 0.000000 0.000000 -1.000000 0.442897 0.761796 1 0 1.000000
  0 45.999878 254.248856 -105.825920 0.000000 0.000000 -1.000000 0.458466 0.772540 1 0 1.000000
elevator_caps
  0 -83.859283 229.199646 -105.825920 0.000000 0.000000 -1.000000 0.512781 0.762063 1 0 1.000000
  0 -46.000343 254.248856 -105.825920 0.000000 0.000000 -1.000000 0.496946 0.772540 1 0 1.000000
  0 -83.222992 228.563354 -105.825920 0.000000 0.000001 -1.000000 0.512515 0.761796 1 0 1.000000
elevator_caps
  0 1.158026 263.148315 -105.825912 0.000000 0.000000 -1.000000 0.477221 0.776262 1 0 1.000000
  0 45.999878 254.248856 -105.825920 0.000000 0.000000 -1.000000 0.458466 0.772540 1 0 1.000000
  0 1.158023 262.310883 -105.825912 0.000000 0.000000 -1.000000 0.477221 0.775912 1 0 1.000000
elevator_caps
  0 -1.158128 0.007031 -105.825928 0.000000 0.000000 -1.000000 0.478190 0.666200 1 0 1.000000
  0 -45.999584 8.906168 -105.825928 0.000000 0.000000 -1.000000 0.496946 0.669922 1 0 1.000000
  0 -1.158128 0.844460 -105.825928 0.000000 0.000000 -1.000000 0.478190 0.666550 1 0 1.000000
elevator_caps
  0 -1.158128 0.844460 -105.825928 0.000000 0.000000 -1.000000 0.478190 0.666550 1 0 1.000000
  0 -45.999584 8.906168 -105.825928 0.000000 0.000000 -1.000000 0.496946 0.669922 1 0 1.000000
  0 -0.000002 54.846073 -105.825928 0.000000 0.000000 -1.000000 0.477706 0.689137 1 0 1.000000
elevator_caps
  0 -0.000002 54.846073 -105.825928 0.000000 0.000000 -1.000000 0.477706 0.689137 1 0 1.000000
  0 -45.999584 8.906168 -105.825928 0.000000 0.000000 -1.000000 0.496946 0.669922 1 0 1.000000
  0 -33.942036 61.583572 -105.825928 0.000000 0.000000 -1.000000 0.491902 0.691955 1 0 1.000000
elevator_caps
  0 -45.999584 8.906168 -105.825928 0.000000 0.000000 -1.000000 0.496946 0.669922 1 0 1.000000
  0 -67.000336 43.249153 -105.825928 0.000000 0.000000 -1.000000 0.505729 0.684287 1 0 1.000000
  0 -33.942036 61.583572 -105.825928 0.000000 0.000000 -1.000000 0.491902 0.691955 1 0 1.000000
elevator_caps
  0 -33.942036 61.583572 -105.825928 0.000000 0.000000 -1.000000 0.491902 0.691955 1 0 1.000000
  0 -67.000336 43.249153 -105.825928 0.000000 0.000000 -1.000000 0.505729 0.684287 1 0 1.000000
  0 -49.285618 69.765709 -105.825928 0.000000 0.000000 -1.000000 0.498320 0.695377 1 0 1.000000
elevator_caps
  0 -67.000336 43.249153 -105.825928 0.000000 0.000000 -1.000000 0.505729 0.684287 1 0 1.000000
  0 -83.859268 57.298351 -105.825928 0.000000 0.000000 -1.000000 0.512781 0.690163 1 0 1.000000
  0 -49.285618 69.765709 -105.825928 0.000000 0.000000 -1.000000 0.498320 0.695377 1 0 1.000000
elevator_caps
  0 -83.859268 57.298351 -105.825928 0.000000 0.000000 -1.000000 0.512781 0.690163 1 0 1.000000
  0 -83.222969 57.934650 -105.825928 0.000000 0.000001 -1.000000 0.512515 0.690429 1 0 1.000000
  0 -49.285618 69.765709 -105.825928 0.000000 0.000000 -1.000000 0.498320 0.695377 1 0 1.000000
elevator_caps
  0 -83.222969 57.934650 -105.825928 0.000000 0.000001 -1.000000 0.512515 0.690429 1 0 1.000000
  0 -62.743313 80.780441 -105.825928 0.000000 0.000001 -1.000000 0.503949 0.699984 1 0 1.000000
  0 -49.285618 69.765709 -105.825928 0.000000 0.000000 -1.000000 0.498320 0.695377 1 0 1.000000
elevator_caps
  0 -85.314392 60.026081 -105.825928 0.000000 0.000001 -1.000000 0.513390 0.691304 1 0 1.000000
  0 -62.743313 80.780441 -105.825928 0.000000 0.000001 -1.000000 0.503949 0.699984 1 0 1.000000
  0 -83.222969 57.934650 -105.825928 0.000000 0.000001 -1.000000 0.512515 0.690429 1 0 1.000000
elevator_caps
  0 -62.743313 80.780441 -105.825928 0.000000 0.000001 -1.000000 0.503949 0.699984 1 0 1.000000
  0 -85.314392 60.026081 -105.825928 0.000000 0.000001 -1.000000 0.513390 0.691304 1 0 1.000000
  0 -82.035202 109.546585 -105.825920 0.000000 0.000000 -1.000000 0.512018 0.712016 1 0 1.000000
elevator_caps
  0 -111.000130 97.249214 -105.825920 0.000000 0.000000 -1.000000 0.524133 0.706873 1 0 1.000000
  0 -82.035202 109.546585 -105.825920 0.000000 0.000000 -1.000000 0.512018 0.712016 1 0 1.000000
  0 -85.314392 60.026081 -105.825928 0.000000 0.000001 -1.000000 0.513390 0.691304 1 0 1.000000
elevator_caps
  0 -111.000130 97.249214 -105.825920 0.000000 0.000000 -1.000000 0.524133 0.706873 1 0 1.000000
  0 -119.878761 141.854263 -105.825920 0.000000 0.000000 -1.000000 0.527847 0.725529 1 0 1.000000
  0 -82.035202 109.546585 -105.825920 0.000000 0.000000 -1.000000 0.512018 0.712016 1 0 1.000000
elevator_caps
  0 -119.878761 141.854263 -105.825920 0.000000 0.000000 -1.000000 0.527847 0.725529 1 0 1.000000
  0 -119.025360 141.854279 -105.825920 0.000000 -0.000001 -1.000000 0.527490 0.725529 1 0 1.000000
  0 -82.035202 109.546585 -105.825920 0.000000 0.000000 -1.000000 0.512018 0.712016 1 0 1.000000
elevator_caps
  0 -82.035202 109.546585 -105.825920 0.000000 0.000000 -1.000000 0.512018 0.712016 1 0 1.000000
  0 -119.025360 141.854279 -105.825920 0.000000 -0.000001 -1.000000 0.527490 0.725529 1 0 1.000000
  0 -88.864792 143.523727 -105.825920 0.000000 -0.000001 -1.000000 0.514875 0.726228 1 0 1.000000
elevator_caps
  0 -119.025368 144.643738 -105.825920 0.000000 -0.000001 -1.000000 0.527490 0.726696 1 0 1.000000
  0 -88.864792 143.523727 -105.825920 0.000000 -0.000001 -1.000000 0.514875 0.726228 1 0 1.000000
  0 -119.025360 141.854279 -105.825920 0.000000 -0.000001 -1.000000 0.527490 0.725529 1 0 1.000000
elevator_caps
  0 -88.864792 143.523727 -105.825920 0.000000 -0.000001 -1.000000 0.514875 0.726228 1 0 1.000000
  0 -119.025368 144.643738 -105.825920 0.000000 -0.000001 -1.000000 0.527490 0.726696 1 0 1.000000
  0 -82.165680 177.560516 -105.825920 0.000000 0.000000 -1.000000 0.512073 0.740464 1 0 1.000000
elevator_caps
  0 -110.999809 189.249786 -105.825920 0.000000 0.000000 -1.000000 0.524133 0.745353 1 0 1.000000
  0 -82.165680 177.560516 -105.825920 0.000000 0.000000 -1.000000 0.512073 0.740464 1 0 1.000000
  0 -119.025368 144.643738 -105.825920 0.000000 -0.000001 -1.000000 0.527490 0.726696 1 0 1.000000
elevator_caps
  0 -110.999809 189.249786 -105.825920 0.000000 0.000000 -1.000000 0.524133 0.745353 1 0 1.000000
  0 -85.950714 227.108231 -105.825920 0.000000 0.000000 -1.000000 0.513656 0.761188 1 0 1.000000
  0 -82.165680 177.560516 -105.825920 0.000000 0.000000 -1.000000 0.512073 0.740464 1 0 1.000000
elevator_caps
  0 -119.878769 144.643738 -105.825920 0.000000 0.000000 -1.000000 0.527847 0.726696 1 0 1.000000
  0 -110.999809 189.249786 -105.825920 0.000000 0.000000 -1.000000 0.524133 0.745353 1 0 1.000000
  0 -119.025368 144.643738 -105.825920 0.000000 -0.000001 -1.000000 0.527490 0.726696 1 0 1.000000
elevator_caps
  0 -85.950691 59.389782 -105.825928 0.000000 0.000000 -1.000000 0.513656 0.691038 1 0 1.000000
  0 -111.000130 97.249214 -105.825920 0.000000 0.000000 -1.000000 0.524133 0.706873 1 0 1.000000
  0 -85.314392 60.026081 -105.825928 0.000000 0.000001 -1.000000 0.513390 0.691304 1 0 1.000000
elevator_caps
  0 -67.000336 43.249153 -105.825928 0.000000 0.000000 -1.000000 0.505729 0.684287 1 0 1.000000
  0 -45.999584 8.906168 -105.825928 0.000000 0.000000 -1.000000 0.496946 0.669922 1 0 1.000000
  0 -67.000336 19.906487 -105.825928 0.000000 0.000000 -1.000000 0.505729 0.674523 1 0 1.000000
elevator_caps
  0 119.025269 144.643753 -88.461494 -0.000002 -1.000000 0.000001 0.885564 0.687482 1 0 1.000000
  0 119.025261 144.643753 -105.825920 -0.000006 -1.000000 0.000000 0.885564 0.695421 1 0 1.000000
  0 119.878662 144.643753 -105.825920 -0.000006 -1.000000 0.000000 0.885564 0.698127 1 0 1.000000
elevator_caps
  0 119.878677 144.643753 -87.999992 -0.000002 -1.000000 0.000001 0.885564 0.690070 1 0 1.000000
  0 119.025269 144.643753 -88.461494 -0.000002 -1.000000 0.000001 0.885564 0.687482 1 0 1.000000
  0 119.878662 144.643753 -105.825920 -0.000006 -1.000000 0.000000 0.885564 0.698127 1 0 1.000000
elevator_caps
  0 119.878677 144.643753 -87.999992 -0.000002 -1.000000 0.000001 0.885564 0.690070 1 0 1.000000
  0 105.967079 144.643799 -79.126030 -0.000008 -1.000000 0.000003 0.885564 0.672692 1 0 1.000000
  0 119.025269 144.643753 -88.461494 -0.000002 -1.000000 0.000001 0.885564 0.687482 1 0 1.000000
elevator_caps
  0 119.025269 144.643753 -88.461494 -0.000002 -1.000000 0.000001 0.885564 0.687482 1 0 1.000000
  0 105.967079 144.643799 -79.126030 -0.000008 -1.000000 0.000003 0.885564 0.672692 1 0 1.000000
  0 105.564240 144.643799 -79.878372 -0.000008 -1.000000 0.000003 0.885564 0.672692 1 0 1.000000
elevator_caps
  0 -71.106552 12.363732 96.155640 0.000000 0.000000 1.000000 0.543055 0.284900 1 0 1.000000
  0 -48.979046 0.536335 96.155640 0.000000 0.000000 1.000000 0.551739 0.280259 1 0 1.000000
  0 -71.106552 37.104591 96.155640 0.000000 0.000000 1.000000 0.543055 0.294610 1 0 1.000000
elevator_caps
  0 127.988403 143.523071 96.155647 0.000000 0.000000 1.000000 0.621190 0.336374 1 0 1.000000
  0 90.528145 143.523071 96.155647 0.000000 0.000000 1.000000 0.606489 0.336374 1 0 1.000000
  0 118.245865 94.544029 96.155647 0.000000 0.000000 1.000000 0.617367 0.317152 1 0 1.000000
elevator_caps
  0 90.528145 143.523071 96.155647 0.000000 0.000000 1.000000 0.606489 0.336374 1 0 1.000000
  0 83.637100 108.879448 96.155647 0.000000 0.000000 1.000000 0.603785 0.322778 1 0 1.000000
  0 118.245865 94.544029 96.155647 0.000000 0.000000 1.000000 0.617367 0.317152 1 0 1.000000
elevator_caps
  0 118.245865 94.544029 96.155647 0.000000 0.000000 1.000000 0.617367 0.317152 1 0 1.000000
  0 83.637100 108.879448 96.155647 0.000000 0.000000 1.000000 0.603785 0.322778 1 0 1.000000
  0 90.405144 53.117931 96.155640 0.000000 0.000000 1.000000 0.606441 0.300894 1 0 1.000000
elevator_caps
  0 83.637100 108.879448 96.155647 0.000000 0.000000 1.000000 0.603785 0.322778 1 0 1.000000
  0 63.916733 79.606339 96.155640 0.000000 0.000000 1.000000 0.596045 0.311290 1 0 1.000000
  0 90.405144 53.117931 96.155640 0.000000 0.000000 1.000000 0.606441 0.300894 1 0 1.000000
elevator_caps
  0 90.405144 53.117931 96.155640 0.000000 0.000000 1.000000 0.606441 0.300894 1 0 1.000000
  0 63.916733 79.606339 96.155640 0.000000 0.000000 1.000000 0.596045 0.311290 1 0 1.000000
  0 50.294743 68.251671 96.155640 0.000000 0.000000 1.000000 0.590699 0.306834 1 0 1.000000
elevator_caps
  0 71.106552 37.104599 96.155640 0.000000 0.000000 1.000000 0.598867 0.294610 1 0 1.000000
  0 90.405144 53.117931 96.155640 0.000000 0.000000 1.000000 0.606441 0.300894 1 0 1.000000
  0 50.294743 68.251671 96.155640 0.000000 0.000000 1.000000 0.590699 0.306834 1 0 1.000000
elevator_caps
  0 34.643620 59.885963 96.155640 0.000000 0.000000 1.000000 0.584557 0.303551 1 0 1.000000
  0 71.106552 37.104599 96.155640 0.000000 0.000000 1.000000 0.598867 0.294610 1 0 1.000000
  0 50.294743 68.251671 96.155640 0.000000 0.000000 1.000000 0.590699 0.306834 1 0 1.000000
elevator_caps
  0 48.979046 0.536339 96.155640 0.000000 0.000000 1.000000 0.590183 0.280259 1 0 1.000000
  0 71.106552 37.104599 96.155640 0.000000 0.000000 1.000000 0.598867 0.294610 1 0 1.000000
  0 34.643620 59.885963 96.155640 0.000000 0.000000 1.000000 0.584557 0.303551 1 0 1.000000
elevator_caps
  0 48.979046 0.536339 96.155640 0.000000 0.000000 1.000000 0.590183 0.280259 1 0 1.000000
  0 34.643620 59.885963 96.155640 0.000000 0.000000 1.000000 0.584557 0.303551 1 0 1.000000
  0 17.661163 54.734394 96.155640 0.000000 0.000000 1.000000 0.577892 0.301529 1 0 1.000000
elevator_caps
  0 24.969301 -6.746938 96.155640 0.000000 0.000000 1.000000 0.580760 0.277400 1 0 1.000000
  0 48.979046 0.536339 96.155640 0.000000 0.000000 1.000000 0.590183 0.280259 1 0 1.000000
  0 17.661163 54.734394 96.155640 0.000000 0.000000 1.000000 0.577892 0.301529 1 0 1.000000
elevator_caps
  0 24.969301 -6.746938 96.155640 0.000000 0.000000 1.000000 0.580760 0.277400 1 0 1.000000
  0 17.661163 54.734394 96.155640 0.000000 0.000000 1.000000 0.577892 0.301529 1 0 1.000000
  0 -0.000002 53.131153 96.155640 0.000000 0.000000 1.000000 0.570961 0.300900 1 0 1.000000
elevator_caps
  0 0.000000 -9.069967 96.155640 0.000000 0.000000 1.000000 0.570961 0.276489 1 0 1.000000
  0 24.969301 -6.746938 96.155640 0.000000 0.000000 1.000000 0.580760 0.277400 1 0 1.000000
  0 -0.000002 53.131153 96.155640 0.000000 0.000000 1.000000 0.570961 0.300900 1 0 1.000000
elevator_caps
  0 0.000000 -9.069967 96.155640 0.000000 0.000000 1.000000 0.570961 0.276489 1 0 1.000000
  0 -0.000002 53.131153 96.155640 0.000000 0.000000 1.000000 0.570961 0.300900 1 0 1.000000
  0 -24.969301 -6.746940 96.155640 0.000000 0.000000 1.000000 0.561162 0.277400 1 0 1.000000
elevator_caps
  0 -0.000002 53.131153 96.155640 0.000000 0.000000 1.000000 0.570961 0.300900 1 0 1.000000
  0 -17.661167 54.734394 96.155640 0.000000 0.000000 1.000000 0.564030 0.301529 1 0 1.000000
  0 -24.969301 -6.746940 96.155640 0.000000 0.000000 1.000000 0.561162 0.277400 1 0 1.000000
elevator_caps
  0 -24.969301 -6.746940 96.155640 0.000000 0.000000 1.000000 0.561162 0.277400 1 0 1.000000
  0 -17.661167 54.734394 96.155640 0.000000 0.000000 1.000000 0.564030 0.301529 1 0 1.000000
  0 -48.979046 0.536335 96.155640 0.000000 0.000000 1.000000 0.551739 0.280259 1 0 1.000000
elevator_caps
  0 -17.661167 54.734394 96.155640 0.000000 0.000000 1.000000 0.564030 0.301529 1 0 1.000000
  0 -34.643627 59.885963 96.155640 0.000000 0.000000 1.000000 0.557365 0.303551 1 0 1.000000
  0 -48.979046 0.536335 96.155640 0.000000 0.000000 1.000000 0.551739 0.280259 1 0 1.000000
elevator_caps
  0 -48.979046 0.536335 96.155640 0.000000 0.000000 1.000000 0.551739 0.280259 1 0 1.000000
  0 -34.643627 59.885963 96.155640 0.000000 0.000000 1.000000 0.557365 0.303551 1 0 1.000000
  0 -71.106552 37.104591 96.155640 0.000000 0.000000 1.000000 0.543055 0.294610 1 0 1.000000
elevator_caps
  0 -50.294750 68.251663 96.155640 0.000000 0.000000 1.000000 0.551222 0.306834 1 0 1.000000
  0 -71.106552 37.104591 96.155640 0.000000 0.000000 1.000000 0.543055 0.294610 1 0 1.000000
  0 -34.643627 59.885963 96.155640 0.000000 0.000000 1.000000 0.557365 0.303551 1 0 1.000000
elevator_caps
  0 71.106552 37.104599 96.155640 0.000000 0.000000 1.000000 0.598867 0.294610 1 0 1.000000
  0 48.979046 0.536339 96.155640 0.000000 0.000000 1.000000 0.590183 0.280259 1 0 1.000000
  0 71.106552 12.363739 96.155640 0.000000 0.000000 1.000000 0.598867 0.284900 1 0 1.000000
elevator_caps
  0 63.916729 207.439804 96.155647 0.000000 0.000000 1.000000 0.596045 0.361459 1 0 1.000000
  0 83.637100 178.166702 96.155647 0.000000 0.000000 1.000000 0.603785 0.349970 1 0 1.000000
  0 90.405136 233.928207 96.155647 0.000000 0.000000 1.000000 0.606441 0.371854 1 0 1.000000
elevator_caps
  0 118.245865 192.502121 96.155647 0.000000 0.000000 1.000000 0.617367 0.355596 1 0 1.000000
  0 90.405136 233.928207 96.155647 0.000000 0.000000 1.000000 0.606441 0.371854 1 0 1.000000
  0 83.637100 178.166702 96.155647 0.000000 0.000000 1.000000 0.603785 0.349970 1 0 1.000000
elevator_caps
  0 118.245865 192.502121 96.155647 0.000000 0.000000 1.000000 0.617367 0.355596 1 0 1.000000
  0 83.637100 178.166702 96.155647 0.000000 0.000000 1.000000 0.603785 0.349970 1 0 1.000000
  0 127.988403 143.523071 96.155647 0.000000 0.000000 1.000000 0.621190 0.336374 1 0 1.000000
elevator_caps
  0 83.637100 178.166702 96.155647 0.000000 0.000000 1.000000 0.603785 0.349970 1 0 1.000000
  0 90.528145 143.523071 96.155647 0.000000 0.000000 1.000000 0.606489 0.336374 1 0 1.000000
  0 127.988403 143.523071 96.155647 0.000000 0.000000 1.000000 0.621190 0.336374 1 0 1.000000
elevator_caps
  0 -71.106552 37.104591 96.155640 0.000000 0.000000 1.000000 0.543055 0.294610 1 0 1.000000
  0 -50.294750 68.251663 96.155640 0.000000 0.000000 1.000000 0.551222 0.306834 1 0 1.000000
  0 -90.405144 53.117924 96.155640 0.000000 0.000000 1.000000 0.535481 0.300894 1 0 1.000000
elevator_caps
  0 -50.294750 68.251663 96.155640 0.000000 0.000000 1.000000 0.551222 0.306834 1 0 1.000000
  0 -63.916740 79.606331 96.155640 0.000000 0.000000 1.000000 0.545876 0.311290 1 0 1.000000
  0 -90.405144 53.117924 96.155640 0.000000 0.000000 1.000000 0.535481 0.300894 1 0 1.000000
elevator_caps
  0 -63.916740 79.606331 96.155640 0.000000 0.000000 1.000000 0.545876 0.311290 1 0 1.000000
  0 -83.637115 108.879440 96.155647 0.000000 0.000000 1.000000 0.538137 0.322778 1 0 1.000000
  0 -90.405144 53.117924 96.155640 0.000000 0.000000 1.000000 0.535481 0.300894 1 0 1.000000
elevator_caps
  0 -118.245880 94.544022 96.155647 0.000000 0.000000 1.000000 0.524555 0.317152 1 0 1.000000
  0 -90.405144 53.117924 96.155640 0.000000 0.000000 1.000000 0.535481 0.300894 1 0 1.000000
  0 -83.637115 108.879440 96.155647 0.000000 0.000000 1.000000 0.538137 0.322778 1 0 1.000000
elevator_caps
  0 -118.245880 94.544022 96.155647 0.000000 0.000000 1.000000 0.524555 0.317152 1 0 1.000000
  0 -83.637115 108.879440 96.155647 0.000000 0.000000 1.000000 0.538137 0.322778 1 0 1.000000
  0 -90.528160 143.523056 96.155647 0.000000 0.000000 1.000000 0.535433 0.336374 1 0 1.000000
elevator_caps
  0 -127.988419 143.523056 96.155647 0.000000 0.000000 1.000000 0.520731 0.336374 1 0 1.000000
  0 -118.245880 94.544022 96.155647 0.000000 0.000000 1.000000 0.524555 0.317152 1 0 1.000000
  0 -90.528160 143.523056 96.155647 0.000000 0.000000 1.000000 0.535433 0.336374 1 0 1.000000
elevator_caps
  0 -127.988419 143.523056 96.155647 0.000000 0.000000 1.000000 0.520731 0.336374 1 0 1.000000
  0 -90.528160 143.523056 96.155647 0.000000 0.000000 1.000000 0.535433 0.336374 1 0 1.000000
  0 -118.245880 192.502106 96.155647 0.000000 0.000000 1.000000 0.524555 0.355596 1 0 1.000000
elevator_caps
  0 -90.528160 143.523056 96.155647 0.000000 0.000000 1.000000 0.535433 0.336374 1 0 1.000000
  0 -83.637115 178.166687 96.155647 0.000000 0.000000 1.000000 0.538137 0.349970 1 0 1.000000
  0 -118.245880 192.502106 96.155647 0.000000 0.000000 1.000000 0.524555 0.355596 1 0 1.000000
elevator_caps
  0 -118.245880 192.502106 96.155647 0.000000 0.000000 1.000000 0.524555 0.355596 1 0 1.000000
  0 -83.637115 178.166687 96.155647 0.000000 0.000000 1.000000 0.538137 0.349970 1 0 1.000000
  0 -90.405151 233.928192 96.155647 0.000000 0.000000 1.000000 0.535481 0.371854 1 0 1.000000
elevator_caps
  0 -83.637115 178.166687 96.155647 0.000000 0.000000 1.000000 0.538137 0.349970 1 0 1.000000
  0 -63.916744 207.439804 96.155647 0.000000 0.000000 1.000000 0.545876 0.361459 1 0 1.000000
  0 -90.405151 233.928192 96.155647 0.000000 0.000000 1.000000 0.535481 0.371854 1 0 1.000000
elevator_caps
  0 -63.916744 207.439804 96.155647 0.000000 0.000000 1.000000 0.545876 0.361459 1 0 1.000000
  0 -34.643635 227.160172 96.155647 0.000000 0.000000 1.000000 0.557365 0.369198 1 0 1.000000
  0 -90.405151 233.928192 96.155647 0.000000 0.000000 1.000000 0.535481 0.371854 1 0 1.000000
elevator_caps
  0 -48.979057 261.768951 96.155647 0.000000 0.000000 1.000000 0.551739 0.382781 1 0 1.000000
  0 -90.405151 233.928192 96.155647 0.000000 0.000000 1.000000 0.535481 0.371854 1 0 1.000000
  0 -34.643635 227.160172 96.155647 0.000000 0.000000 1.000000 0.557365 0.369198 1 0 1.000000
elevator_caps
  0 -48.979057 261.768951 96.155647 0.000000 0.000000 1.000000 0.551739 0.382781 1 0 1.000000
  0 -34.643635 227.160172 96.155647 0.000000 0.000000 1.000000 0.557365 0.369198 1 0 1.000000
  0 -0.000012 271.375244 96.155655 0.000000 0.000000 1.000000 0.570961 0.386551 1 0 1.000000
elevator_caps
  0 -34.643635 227.160172 96.155647 0.000000 0.000000 1.000000 0.557365 0.369198 1 0 1.000000
  0 -0.000010 233.914993 96.155647 0.000000 0.000000 1.000000 0.570961 0.371849 1 0 1.000000
  0 -0.000012 271.375244 96.155655 0.000000 0.000000 1.000000 0.570961 0.386551 1 0 1.000000
elevator_caps
  0 -0.000010 233.914993 96.155647 0.000000 0.000000 1.000000 0.570961 0.371849 1 0 1.000000
  0 34.643612 227.160172 96.155647 0.000000 0.000000 1.000000 0.584557 0.369198 1 0 1.000000
  0 -0.000012 271.375244 96.155655 0.000000 0.000000 1.000000 0.570961 0.386551 1 0 1.000000
elevator_caps
  0 48.979034 261.768951 96.155647 0.000000 0.000000 1.000000 0.590183 0.382781 1 0 1.000000
  0 -0.000012 271.375244 96.155655 0.000000 0.000000 1.000000 0.570961 0.386551 1 0 1.000000
  0 34.643612 227.160172 96.155647 0.000000 0.000000 1.000000 0.584557 0.369198 1 0 1.000000
elevator_caps
  0 48.979034 261.768951 96.155647 0.000000 0.000000 1.000000 0.590183 0.382781 1 0 1.000000
  0 34.643612 227.160172 96.155647 0.000000 0.000000 1.000000 0.584557 0.369198 1 0 1.000000
  0 90.405136 233.928207 96.155647 0.000000 0.000000 1.000000 0.606441 0.371854 1 0 1.000000
elevator_caps
  0 34.643612 227.160172 96.155647 0.000000 0.000000 1.000000 0.584557 0.369198 1 0 1.000000
  0 63.916729 207.439804 96.155647 0.000000 0.000000 1.000000 0.596045 0.361459 1 0 1.000000
  0 90.405136 233.928207 96.155647 0.000000 0.000000 1.000000 0.606441 0.371854 1 0 1.000000
elevator_caps
  0 88.432327 53.134598 63.982788 0.000000 0.000000 -1.000000 0.263053 0.146085 1 0 1.000000
  0 70.324989 38.274288 63.982784 0.000000 0.000000 -1.000000 0.207794 0.146085 1 0 1.000000
  0 70.785408 70.781517 65.591637 -0.041009 0.049969 -0.997908 0.263053 0.076154 1 0 1.000000
elevator_caps
  0 70.324989 38.274288 63.982784 0.000000 0.000000 -1.000000 0.207794 0.146085 1 0 1.000000
  0 56.459888 59.024872 65.591637 -0.033056 0.055285 -0.997923 0.207794 0.076154 1 0 1.000000
  0 70.785408 70.781517 65.591637 -0.041009 0.049969 -0.997908 0.263053 0.076154 1 0 1.000000
elevator_caps
  0 70.324989 38.274288 63.982784 0.000000 0.000000 -1.000000 0.207794 0.146085 1 0 1.000000
  0 24.694853 19.373663 63.982784 0.000000 0.000000 -1.000000 0.073605 0.146085 1 0 1.000000
  0 56.459888 59.024872 65.591637 -0.033056 0.055285 -0.997923 0.207794 0.076154 1 0 1.000000
elevator_caps
  0 24.694853 19.373663 63.982784 0.000000 0.000000 -1.000000 0.073605 0.146085 1 0 1.000000
  0 19.826077 43.850643 65.591637 -0.015718 0.062466 -0.997923 0.073605 0.076154 1 0 1.000000
  0 56.459888 59.024872 65.591637 -0.033056 0.055285 -0.997923 0.207794 0.076154 1 0 1.000000
elevator_caps
  0 24.694853 19.373663 63.982784 0.000000 0.000000 -1.000000 0.073605 0.146085 1 0 1.000000
  0 1.383202 17.077667 63.982784 0.000000 0.000000 -1.000000 0.018345 0.146085 1 0 1.000000
  0 19.826077 43.850643 65.591637 -0.015718 0.062466 -0.997923 0.073605 0.076154 1 0 1.000000
elevator_caps
  0 1.383202 17.077667 63.982784 0.000000 0.000000 -1.000000 0.018345 0.146085 1 0 1.000000
  0 1.383201 42.034180 65.591637 -0.006336 0.064331 -0.997908 0.018345 0.076154 1 0 1.000000
  0 19.826077 43.850643 65.591637 -0.015718 0.062466 -0.997923 0.073605 0.076154 1 0 1.000000
elevator_caps
  0 90.388466 231.955399 63.982796 0.000000 0.000000 -1.000000 0.506197 0.261801 1 0 1.000000
  0 116.946175 191.963760 63.982792 0.000000 0.000000 -1.000000 0.405121 0.261801 1 0 1.000000
  0 72.741547 214.308487 65.591644 -0.054649 -0.036266 -0.997847 0.506197 0.193695 1 0 1.000000
elevator_caps
  0 116.946175 191.963760 63.982792 0.000000 0.000000 -1.000000 0.405121 0.261801 1 0 1.000000
  0 93.889359 182.413330 65.591644 -0.059493 -0.024533 -0.997927 0.405121 0.193695 1 0 1.000000
  0 72.741547 214.308487 65.591644 -0.054649 -0.036266 -0.997847 0.506197 0.193695 1 0 1.000000
elevator_caps
  0 116.946175 191.963760 63.982792 0.000000 0.000000 -1.000000 0.405121 0.261801 1 0 1.000000
  0 126.581627 143.523071 63.982792 0.000000 0.000000 -1.000000 0.263840 0.261801 1 0 1.000000
  0 93.889359 182.413330 65.591644 -0.059493 -0.024533 -0.997927 0.405121 0.193695 1 0 1.000000
elevator_caps
  0 126.581627 143.523071 63.982792 0.000000 0.000000 -1.000000 0.263840 0.261801 1 0 1.000000
  0 101.625114 143.523071 65.591644 -0.064333 0.000000 -0.997928 0.263840 0.193695 1 0 1.000000
  0 93.889359 182.413330 65.591644 -0.059493 -0.024533 -0.997927 0.405121 0.193695 1 0 1.000000
elevator_caps
  0 126.581627 143.523071 63.982792 0.000000 0.000000 -1.000000 0.263840 0.261801 1 0 1.000000
  0 116.946175 95.082375 63.982788 0.000000 0.000000 -1.000000 0.122559 0.261801 1 0 1.000000
  0 101.625114 143.523071 65.591644 -0.064333 0.000000 -0.997928 0.263840 0.193695 1 0 1.000000
elevator_caps
  0 116.946175 95.082375 63.982788 0.000000 0.000000 -1.000000 0.122559 0.261801 1 0 1.000000
  0 93.889359 104.632820 65.591644 -0.059493 0.024533 -0.997927 0.122559 0.193695 1 0 1.000000
  0 101.625114 143.523071 65.591644 -0.064333 0.000000 -0.997928 0.263840 0.193695 1 0 1.000000
elevator_caps
  0 116.946175 95.082375 63.982788 0.000000 0.000000 -1.000000 0.122559 0.261801 1 0 1.000000
  0 90.388474 55.090740 63.982788 0.000000 0.000000 -1.000000 0.021486 0.261801 1 0 1.000000
  0 93.889359 104.632820 65.591644 -0.059493 0.024533 -0.997927 0.122559 0.193695 1 0 1.000000
elevator_caps
  0 90.388474 55.090740 63.982788 0.000000 0.000000 -1.000000 0.021486 0.261801 1 0 1.000000
  0 72.741554 72.737663 65.591637 -0.054649 0.036266 -0.997847 0.021486 0.193695 1 0 1.000000
  0 93.889359 104.632820 65.591644 -0.059493 0.024533 -0.997927 0.122559 0.193695 1 0 1.000000
elevator_caps
  0 1.383191 269.968475 63.982796 0.000000 0.000000 -1.000000 0.816968 0.375671 1 0 1.000000
  0 48.440685 260.469269 63.982796 0.000000 0.000000 -1.000000 0.766406 0.375671 1 0 1.000000
  0 1.383192 245.011963 65.591644 -0.012999 -0.064287 -0.997847 0.816968 0.346772 1 0 1.000000
elevator_caps
  0 48.440685 260.469269 63.982796 0.000000 0.000000 -1.000000 0.766406 0.375671 1 0 1.000000
  0 38.890240 237.412445 65.591644 -0.024634 -0.059473 -0.997926 0.766406 0.346772 1 0 1.000000
  0 1.383192 245.011963 65.591644 -0.012999 -0.064287 -0.997847 0.816968 0.346772 1 0 1.000000
elevator_caps
  0 48.440685 260.469269 63.982796 0.000000 0.000000 -1.000000 0.766406 0.375671 1 0 1.000000
  0 88.432320 233.911545 63.982796 0.000000 0.000000 -1.000000 0.715844 0.375671 1 0 1.000000
  0 38.890240 237.412445 65.591644 -0.024634 -0.059473 -0.997926 0.766406 0.346772 1 0 1.000000
elevator_caps
  0 88.432320 233.911545 63.982796 0.000000 0.000000 -1.000000 0.715844 0.375671 1 0 1.000000
  0 70.785400 216.264618 65.591644 -0.036266 -0.054649 -0.997847 0.715844 0.346772 1 0 1.000000
  0 38.890240 237.412445 65.591644 -0.024634 -0.059473 -0.997926 0.766406 0.346772 1 0 1.000000
elevator_caps
  0 -88.432335 233.911545 63.982796 0.000000 0.000000 -1.000000 0.816660 0.458465 1 0 1.000000
  0 -48.440708 260.469269 63.982796 0.000000 0.000000 -1.000000 0.766098 0.458465 1 0 1.000000
  0 -70.785416 216.264618 65.591644 0.036266 -0.054649 -0.997847 0.816660 0.431636 1 0 1.000000
elevator_caps
  0 -48.440708 260.469269 63.982796 0.000000 0.000000 -1.000000 0.766098 0.458465 1 0 1.000000
  0 -38.890263 237.412445 65.591644 0.024634 -0.059473 -0.997926 0.766098 0.431636 1 0 1.000000
  0 -70.785416 216.264618 65.591644 0.036266 -0.054649 -0.997847 0.816660 0.431636 1 0 1.000000
elevator_caps
  0 -48.440708 260.469269 63.982796 0.000000 0.000000 -1.000000 0.766098 0.458465 1 0 1.000000
  0 -1.383215 269.968475 63.982796 0.000000 0.000000 -1.000000 0.715537 0.458465 1 0 1.000000
  0 -38.890263 237.412445 65.591644 0.024634 -0.059473 -0.997926 0.766098 0.431636 1 0 1.000000
elevator_caps
  0 -1.383215 269.968475 63.982796 0.000000 0.000000 -1.000000 0.715537 0.458465 1 0 1.000000
  0 -1.383214 245.011963 65.591644 0.012999 -0.064287 -0.997847 0.715537 0.431636 1 0 1.000000
  0 -38.890263 237.412445 65.591644 0.024634 -0.059473 -0.997926 0.766098 0.431636 1 0 1.000000
elevator_caps
  0 -1.383215 271.375244 74.500381 -0.098017 0.995185 0.000000 0.715537 0.471051 1 0 1.000000
  0 -1.383215 269.968475 63.982796 -0.196176 0.971904 -0.130069 0.715537 0.458465 1 0 1.000000
  0 -48.979057 261.768951 74.500374 -0.382683 0.923880 0.000000 0.766098 0.471051 1 0 1.000000
elevator_caps
  0 -1.383215 269.968475 63.982796 -0.196176 0.971904 -0.130069 0.715537 0.458465 1 0 1.000000
  0 -48.440708 260.469269 63.982796 -0.379309 0.915734 -0.132500 0.766098 0.458465 1 0 1.000000
  0 -48.979057 261.768951 74.500374 -0.382683 0.923880 0.000000 0.766098 0.471051 1 0 1.000000
elevator_caps
  0 -48.979057 261.768951 74.500374 -0.382683 0.923880 0.000000 0.766098 0.471051 1 0 1.000000
  0 -48.440708 260.469269 63.982796 -0.379309 0.915734 -0.132500 0.766098 0.458465 1 0 1.000000
  0 -89.427078 234.906281 74.500374 -0.634393 0.773011 0.000000 0.816660 0.471051 1 0 1.000000
elevator_caps
  0 -48.440708 260.469269 63.982796 -0.379309 0.915734 -0.132500 0.766098 0.458465 1 0 1.000000
  0 -88.432335 233.911545 63.982796 -0.548522 0.825957 -0.130069 0.816660 0.458465 1 0 1.000000
  0 -89.427078 234.906281 74.500374 -0.634393 0.773011 0.000000 0.816660 0.471051 1 0 1.000000
elevator_caps
  0 -105.967407 144.643768 -79.126030 0.000000 -1.000000 0.000000 0.798572 0.616780 1 0 1.000000
  0 -119.025597 144.643738 -88.461487 -0.000005 -1.000000 0.000001 0.798572 0.631570 1 0 1.000000
  0 -105.564575 144.643768 -79.878372 0.000000 -1.000000 0.000000 0.798572 0.616780 1 0 1.000000
elevator_caps
  0 -119.879013 144.643738 -87.999992 -0.000005 -1.000000 0.000001 0.798572 0.634158 1 0 1.000000
  0 -119.025597 144.643738 -88.461487 -0.000005 -1.000000 0.000001 0.798572 0.631570 1 0 1.000000
  0 -105.967407 144.643768 -79.126030 0.000000 -1.000000 0.000000 0.798572 0.616780 1 0 1.000000
elevator_caps
  0 -119.879013 144.643738 -87.999992 -0.000005 -1.000000 0.000001 0.798572 0.634158 1 0 1.000000
  0 -119.878769 144.643738 -105.825920 -0.000008 -1.000000 0.000000 0.798572 0.642215 1 0 1.000000
  0 -119.025597 144.643738 -88.461487 -0.000005 -1.000000 0.000001 0.798572 0.631570 1 0 1.000000
elevator_caps
  0 -119.878769 144.643738 -105.825920 -0.000008 -1.000000 0.000000 0.798572 0.642215 1 0 1.000000
  0 -119.025368 144.643738 -105.825920 -0.000008 -1.000000 0.000000 0.798572 0.639509 1 0 1.000000
  0 -119.025597 144.643738 -88.461487 -0.000005 -1.000000 0.000001 0.798572 0.631570 1 0 1.000000
elevator_caps
  0 89.427063 234.906281 74.500374 0.634393 0.773011 0.000000 0.715844 0.386985 1 0 1.000000
  0 88.432320 233.911545 63.982796 0.548522 0.825957 -0.130069 0.715844 0.375671 1 0 1.000000
  0 48.979034 261.768951 74.500374 0.382683 0.923880 0.000000 0.766406 0.386985 1 0 1.000000
elevator_caps
  0 88.432320 233.911545 63.982796 0.548522 0.825957 -0.130069 0.715844 0.375671 1 0 1.000000
  0 48.440685 260.469269 63.982796 0.379309 0.915734 -0.132500 0.766406 0.375671 1 0 1.000000
  0 48.979034 261.768951 74.500374 0.382683 0.923880 0.000000 0.766406 0.386985 1 0 1.000000
elevator_caps
  0 48.979034 261.768951 74.500374 0.382683 0.923880 0.000000 0.766406 0.386985 1 0 1.000000
  0 48.440685 260.469269 63.982796 0.379309 0.915734 -0.132500 0.766406 0.375671 1 0 1.000000
  0 1.383191 271.375244 74.500381 0.098017 0.995185 0.000000 0.816968 0.386985 1 0 1.000000
elevator_caps
  0 48.440685 260.469269 63.982796 0.379309 0.915734 -0.132500 0.766406 0.375671 1 0 1.000000
  0 1.383191 269.968475 63.982796 0.196176 0.971904 -0.130069 0.816968 0.375671 1 0 1.000000
  0 1.383191 271.375244 74.500381 0.098017 0.995185 0.000000 0.816968 0.386985 1 0 1.000000
elevator_caps
  0 -41.445965 43.359264 -80.149597 -0.379235 -0.925300 0.000000 0.836171 0.223308 1 0 1.000000
  0 -60.325218 53.248325 -80.149597 -0.464005 -0.885833 0.000000 0.911881 0.223308 1 0 1.000000
  0 -60.325218 53.248325 -88.000000 -0.464005 -0.885833 0.000000 0.897387 0.246241 1 0 1.000000
elevator_caps
  0 -41.445965 43.359268 -88.000000 -0.379235 -0.925300 0.000000 0.836082 0.246241 1 0 1.000000
  0 -41.445965 43.359264 -80.149597 -0.379235 -0.925300 0.000000 0.836171 0.223308 1 0 1.000000
  0 -60.325218 53.248325 -88.000000 -0.464005 -0.885833 0.000000 0.897387 0.246241 1 0 1.000000
elevator_caps
  0 -41.445965 43.359264 -80.149597 -0.379235 -0.925300 0.000000 0.836171 0.223308 1 0 1.000000
  0 -41.445965 43.359268 -88.000000 -0.379235 -0.925300 0.000000 0.836082 0.246241 1 0 1.000000
  0 -1.158127 35.349697 -80.149597 -0.086630 -0.996240 0.000000 0.718291 0.223308 1 0 1.000000
elevator_caps
  0 -41.445965 43.359268 -88.000000 -0.379235 -0.925300 0.000000 0.836082 0.246241 1 0 1.000000
  0 -1.158127 35.349697 -88.000000 -0.086630 -0.996240 0.000000 0.718291 0.246241 1 0 1.000000
  0 -1.158127 35.349697 -80.149597 -0.086630 -0.996240 0.000000 0.718291 0.223308 1 0 1.000000
elevator_caps
  0 -111.000130 97.249214 -105.825920 -0.925298 -0.379240 -0.000003 0.144564 0.424372 1 0 1.000000
  0 -85.950691 59.389782 -105.825928 -0.768221 -0.640184 0.000000 0.274495 0.424372 1 0 1.000000
  0 -85.950691 59.389782 -88.000000 -0.768221 -0.640184 0.000000 0.274495 0.448061 1 0 1.000000
elevator_caps
  0 -111.000511 97.249878 -87.999992 -0.925298 -0.379240 -0.000003 0.144564 0.448061 1 0 1.000000
  0 -111.000130 97.249214 -105.825920 -0.925298 -0.379240 -0.000003 0.144564 0.424372 1 0 1.000000
  0 -85.950691 59.389782 -88.000000 -0.768221 -0.640184 0.000000 0.274495 0.448061 1 0 1.000000
elevator_caps
  0 -111.000130 97.249214 -105.825920 -0.925298 -0.379240 -0.000003 0.144564 0.424372 1 0 1.000000
  0 -111.000511 97.249878 -87.999992 -0.925298 -0.379240 -0.000003 0.144564 0.448061 1 0 1.000000
  0 -119.878761 141.854263 -105.825920 -0.996240 -0.086639 -0.000009 0.016567 0.424372 1 0 1.000000
elevator_caps
  0 -111.000511 97.249878 -87.999992 -0.925298 -0.379240 -0.000003 0.144564 0.448061 1 0 1.000000
  0 -119.879013 141.854263 -87.999992 -0.996240 -0.086639 -0.000009 0.016567 0.448061 1 0 1.000000
  0 -119.878761 141.854263 -105.825920 -0.996240 -0.086639 -0.000009 0.016567 0.424372 1 0 1.000000
elevator_caps
  0 -1.383215 269.968475 63.982796 1.000000 0.000000 0.000000 0.715537 0.458465 1 0 1.000000
  0 -1.383215 269.043335 66.223969 1.000000 0.000000 0.000000 0.715537 0.458465 1 0 1.000000
  0 -1.383214 245.011963 65.591644 1.000000 0.000000 0.000000 0.715537 0.431636 1 0 1.000000
elevator_caps
  0 -1.383215 269.968475 63.982796 1.000000 0.000000 0.000000 0.715537 0.458465 1 0 1.000000
  0 -1.383215 271.375244 74.500381 1.000000 0.000000 0.000000 0.715537 0.471051 1 0 1.000000
  0 -1.383215 269.043335 66.223969 1.000000 0.000000 0.000000 0.715537 0.458465 1 0 1.000000
elevator_caps
  0 -1.383215 269.186768 74.500381 1.000000 0.000000 0.000000 0.715537 0.473188 1 0 1.000000
  0 -1.383215 269.043335 66.223969 1.000000 0.000000 0.000000 0.715537 0.458465 1 0 1.000000
  0 -1.383215 271.375244 74.500381 1.000000 0.000000 0.000000 0.715537 0.471051 1 0 1.000000
elevator_caps
  0 91.383217 54.096001 74.500366 0.773011 -0.634393 0.000000 0.021486 0.288771 1 0 1.000000
  0 90.388474 55.090740 63.982788 0.825957 -0.548522 -0.130070 0.021486 0.261801 1 0 1.000000
  0 118.245865 94.544029 74.500374 0.923879 -0.382684 0.000000 0.122559 0.288771 1 0 1.000000
elevator_caps
  0 90.388474 55.090740 63.982788 0.825957 -0.548522 -0.130070 0.021486 0.261801 1 0 1.000000
  0 116.946175 95.082375 63.982788 0.916263 -0.378015 -0.132537 0.122559 0.261801 1 0 1.000000
  0 118.245865 94.544029 74.500374 0.923879 -0.382684 0.000000 0.122559 0.288771 1 0 1.000000
elevator_caps
  0 118.245865 94.544029 74.500374 0.923879 -0.382684 0.000000 0.122559 0.288771 1 0 1.000000
  0 116.946175 95.082375 63.982788 0.916263 -0.378015 -0.132537 0.122559 0.261801 1 0 1.000000
  0 127.988403 143.523071 74.500374 1.000000 0.000000 0.000000 0.263840 0.288771 1 0 1.000000
elevator_caps
  0 116.946175 95.082375 63.982788 0.916263 -0.378015 -0.132537 0.122559 0.261801 1 0 1.000000
  0 126.581627 143.523071 63.982792 0.991173 0.000000 -0.132574 0.263840 0.261801 1 0 1.000000
  0 127.988403 143.523071 74.500374 1.000000 0.000000 0.000000 0.263840 0.288771 1 0 1.000000
elevator_caps
  0 127.988403 143.523071 74.500374 1.000000 0.000000 0.000000 0.263840 0.288771 1 0 1.000000
  0 126.581627 143.523071 63.982792 0.991173 0.000000 -0.132574 0.263840 0.261801 1 0 1.000000
  0 118.245865 192.502121 74.500374 0.923879 0.382684 0.000000 0.405121 0.288771 1 0 1.000000
elevator_caps
  0 126.581627 143.523071 63.982792 0.991173 0.000000 -0.132574 0.263840 0.261801 1 0 1.000000
  0 116.946175 191.963760 63.982792 0.916263 0.378015 -0.132538 0.405121 0.261801 1 0 1.000000
  0 118.245865 192.502121 74.500374 0.923879 0.382684 0.000000 0.405121 0.288771 1 0 1.000000
elevator_caps
  0 118.245865 192.502121 74.500374 0.923879 0.382684 0.000000 0.405121 0.288771 1 0 1.000000
  0 116.946175 191.963760 63.982792 0.916263 0.378015 -0.132538 0.405121 0.261801 1 0 1.000000
  0 91.383209 232.950150 74.500374 0.773011 0.634393 0.000000 0.506197 0.288771 1 0 1.000000
elevator_caps
  0 116.946175 191.963760 63.982792 0.916263 0.378015 -0.132538 0.405121 0.261801 1 0 1.000000
  0 90.388466 231.955399 63.982796 0.825957 0.548522 -0.130071 0.506197 0.261801 1 0 1.000000
  0 91.383209 232.950150 74.500374 0.773011 0.634393 0.000000 0.506197 0.288771 1 0 1.000000
elevator_caps
  0 90.388474 55.090740 63.982788 -0.707107 -0.707107 0.000000 0.021486 0.261801 1 0 1.000000
  0 89.734291 55.744923 66.223953 -0.707107 -0.707107 0.000000 0.021486 0.218176 1 0 1.000000
  0 72.741554 72.737663 65.591637 -0.707107 -0.707107 0.000000 0.021486 0.193695 1 0 1.000000
elevator_caps
  0 90.388474 55.090740 63.982788 -0.707107 -0.707107 0.000000 0.021486 0.261801 1 0 1.000000
  0 91.383217 54.096001 74.500366 -0.707107 -0.707107 0.000000 0.021486 0.288771 1 0 1.000000
  0 89.734291 55.744923 66.223953 -0.707107 -0.707107 0.000000 0.021486 0.218176 1 0 1.000000
elevator_caps
  0 89.835732 55.643490 74.500366 -0.707107 -0.707107 0.000000 0.021486 0.293980 1 0 1.000000
  0 89.734291 55.744923 66.223953 -0.707107 -0.707107 0.000000 0.021486 0.218176 1 0 1.000000
  0 91.383217 54.096001 74.500366 -0.707107 -0.707107 0.000000 0.021486 0.288771 1 0 1.000000
elevator_caps
  0 89.427071 52.139858 74.500366 0.634393 -0.773011 0.000000 0.263053 0.173465 1 0 1.000000
  0 71.106552 37.104599 74.500366 0.555570 -0.831470 0.000000 0.207794 0.173465 1 0 1.000000
  0 88.432327 53.134598 63.982788 0.628846 -0.766252 -0.131947 0.263053 0.146085 1 0 1.000000
elevator_caps
  0 71.106552 37.104599 74.500366 0.555570 -0.831470 0.000000 0.207794 0.173465 1 0 1.000000
  0 70.324989 38.274288 63.982784 0.509560 -0.850185 -0.132417 0.207794 0.146085 1 0 1.000000
  0 88.432327 53.134598 63.982788 0.628846 -0.766252 -0.131947 0.263053 0.146085 1 0 1.000000
elevator_caps
  0 24.694853 19.373663 63.982784 0.240858 -0.961485 -0.132417 0.073605 0.146085 1 0 1.000000
  0 70.324989 38.274288 63.982784 0.509560 -0.850185 -0.132417 0.207794 0.146085 1 0 1.000000
  0 71.106552 37.104599 74.500366 0.555570 -0.831470 0.000000 0.207794 0.173465 1 0 1.000000
elevator_caps
  0 24.969301 17.993919 74.500366 0.195090 -0.980785 0.000000 0.073605 0.173465 1 0 1.000000
  0 24.694853 19.373663 63.982784 0.240858 -0.961485 -0.132417 0.073605 0.146085 1 0 1.000000
  0 71.106552 37.104599 74.500366 0.555570 -0.831470 0.000000 0.207794 0.173465 1 0 1.000000
elevator_caps
  0 24.969301 17.993919 74.500366 0.195090 -0.980785 0.000000 0.073605 0.173465 1 0 1.000000
  0 1.383202 15.670892 74.500366 0.098017 -0.995185 0.000000 0.018345 0.173465 1 0 1.000000
  0 24.694853 19.373663 63.982784 0.240858 -0.961485 -0.132417 0.073605 0.146085 1 0 1.000000
elevator_caps
  0 24.694853 19.373663 63.982784 0.240858 -0.961485 -0.132417 0.073605 0.146085 1 0 1.000000
  0 1.383202 15.670892 74.500366 0.098017 -0.995185 0.000000 0.018345 0.173465 1 0 1.000000
  0 1.383202 17.077667 63.982784 0.097160 -0.986484 -0.131947 0.018345 0.146085 1 0 1.000000
elevator_caps
  0 -1.383204 15.670892 74.500366 -0.098017 -0.995185 0.000000 0.529181 0.174323 1 0 1.000000
  0 -24.969301 17.993917 74.500366 -0.195090 -0.980785 0.000000 0.473922 0.174323 1 0 1.000000
  0 -1.383204 17.077667 63.982784 -0.097160 -0.986484 -0.131947 0.529181 0.146944 1 0 1.000000
elevator_caps
  0 -24.969301 17.993917 74.500366 -0.195090 -0.980785 0.000000 0.473922 0.174323 1 0 1.000000
  0 -24.694853 19.373661 63.982784 -0.240858 -0.961485 -0.132417 0.473922 0.146944 1 0 1.000000
  0 -1.383204 17.077667 63.982784 -0.097160 -0.986484 -0.131947 0.529181 0.146944 1 0 1.000000
elevator_caps
  0 -70.324989 38.274281 63.982784 -0.509560 -0.850185 -0.132417 0.339733 0.146944 1 0 1.000000
  0 -24.694853 19.373661 63.982784 -0.240858 -0.961485 -0.132417 0.473922 0.146944 1 0 1.000000
  0 -24.969301 17.993917 74.500366 -0.195090 -0.980785 0.000000 0.473922 0.174323 1 0 1.000000
elevator_caps
  0 -71.106552 37.104591 74.500366 -0.555570 -0.831470 0.000000 0.339733 0.174323 1 0 1.000000
  0 -70.324989 38.274281 63.982784 -0.509560 -0.850185 -0.132417 0.339733 0.146944 1 0 1.000000
  0 -24.969301 17.993917 74.500366 -0.195090 -0.980785 0.000000 0.473922 0.174323 1 0 1.000000
elevator_caps
  0 -71.106552 37.104591 74.500366 -0.555570 -0.831470 0.000000 0.339733 0.174323 1 0 1.000000
  0 -89.427071 52.139851 74.500366 -0.634393 -0.773011 0.000000 0.284473 0.174323 1 0 1.000000
  0 -70.324989 38.274281 63.982784 -0.509560 -0.850185 -0.132417 0.339733 0.146944 1 0 1.000000
elevator_caps
  0 -70.324989 38.274281 63.982784 -0.509560 -0.850185 -0.132417 0.339733 0.146944 1 0 1.000000
  0 -89.427071 52.139851 74.500366 -0.634393 -0.773011 0.000000 0.284473 0.174323 1 0 1.000000
  0 -88.432327 53.134590 63.982788 -0.628847 -0.766252 -0.131947 0.284473 0.146944 1 0 1.000000
elevator_caps
  0 -105.564575 144.643768 -79.878372 -0.045499 -0.998896 -0.011707 0.798572 0.616780 1 0 1.000000
  0 -101.528450 144.451111 -79.939217 -0.045499 -0.998896 -0.011707 0.798572 0.612491 1 0 1.000000
  0 -105.967407 144.643768 -79.126030 -0.045499 -0.998896 -0.011707 0.798572 0.616780 1 0 1.000000
elevator_caps
  0 -90.388481 231.955399 63.982796 0.707105 0.707109 -0.000001 0.505116 0.349569 1 0 1.000000
  0 -89.734299 231.301224 66.223961 0.707105 0.707109 -0.000001 0.505116 0.349569 1 0 1.000000
  0 -72.741562 214.308487 65.591644 0.707106 0.707107 -0.000002 0.505116 0.407634 1 0 1.000000
elevator_caps
  0 -90.388481 231.955399 63.982796 0.707105 0.707109 -0.000001 0.505116 0.349569 1 0 1.000000
  0 -91.383224 232.950150 74.500374 0.707103 0.707110 0.000000 0.505116 0.314669 1 0 1.000000
  0 -89.734299 231.301224 66.223961 0.707105 0.707109 -0.000001 0.505116 0.349569 1 0 1.000000
elevator_caps
  0 -91.383224 232.950150 74.500374 0.707103 0.707110 0.000000 0.505116 0.314669 1 0 1.000000
  0 -89.835739 231.402664 74.500374 0.707103 0.707110 0.000000 0.505116 0.309459 1 0 1.000000
  0 -89.734299 231.301224 66.223961 0.707105 0.707109 -0.000001 0.505116 0.349569 1 0 1.000000
elevator_caps
  0 -105.564568 141.854294 -79.878372 0.015073 -0.000001 0.999886 0.533969 0.640517 1 0 1.000000
  0 -101.528442 142.046967 -79.939217 0.005025 -0.000001 0.999987 0.536812 0.640653 1 0 1.000000
  0 -105.564575 144.643768 -79.878372 0.015073 -0.000001 0.999886 0.533969 0.642482 1 0 1.000000
elevator_caps
  0 -101.528442 142.046967 -79.939217 0.005025 -0.000001 0.999987 0.536812 0.640653 1 0 1.000000
  0 -101.528450 144.451111 -79.939217 0.005025 -0.000001 0.999987 0.536812 0.642347 1 0 1.000000
  0 -105.564575 144.643768 -79.878372 0.015073 -0.000001 0.999886 0.533969 0.642482 1 0 1.000000
elevator_caps
  0 39.045334 49.258026 -79.939224 0.000000 0.000000 1.000000 0.635838 0.575289 1 0 1.000000
  0 55.547657 60.416676 -79.939224 0.000000 0.000001 1.000000 0.647462 0.583149 1 0 1.000000
  0 38.196865 51.328190 -79.939224 0.000000 0.000000 1.000000 0.635240 0.576747 1 0 1.000000
elevator_caps
  0 1.158039 41.717007 -79.939224 0.000000 -0.001904 0.999998 0.609148 0.569977 1 0 1.000000
  0 39.045334 49.258026 -79.939224 0.000000 0.000000 1.000000 0.635838 0.575289 1 0 1.000000
  0 38.196865 51.328190 -79.939224 0.000000 0.000000 1.000000 0.635240 0.576747 1 0 1.000000
elevator_caps
  0 -0.000043 43.952927 -79.939224 0.000000 0.000000 1.000000 0.608332 0.571552 1 0 1.000000
  0 1.158039 41.717007 -79.939224 0.000000 -0.001904 0.999998 0.609148 0.569977 1 0 1.000000
  0 38.196865 51.328190 -79.939224 0.000000 0.000000 1.000000 0.635240 0.576747 1 0 1.000000
elevator_caps
  0 -1.158126 41.717007 -79.939224 0.000000 -0.001903 0.999998 0.607517 0.569977 1 0 1.000000
  0 1.158039 41.717007 -79.939224 0.000000 -0.001904 0.999998 0.609148 0.569977 1 0 1.000000
  0 -0.000043 43.952927 -79.939224 0.000000 0.000000 1.000000 0.608332 0.571552 1 0 1.000000
elevator_caps
  0 -0.000043 43.952927 -79.939224 0.000000 0.000000 1.000000 0.608332 0.571552 1 0 1.000000
  0 -38.197071 51.328274 -79.939224 0.000000 0.000000 1.000000 0.581425 0.576747 1 0 1.000000
  0 -1.158126 41.717007 -79.939224 0.000000 -0.001903 0.999998 0.607517 0.569977 1 0 1.000000
elevator_caps
  0 -38.197071 51.328274 -79.939224 0.000000 0.000000 1.000000 0.581425 0.576747 1 0 1.000000
  0 -39.045532 49.258106 -79.939224 0.000000 0.000000 1.000000 0.580827 0.575289 1 0 1.000000
  0 -1.158126 41.717007 -79.939224 0.000000 -0.001903 0.999998 0.607517 0.569977 1 0 1.000000
elevator_caps
  0 -39.045532 49.258106 -79.939224 0.000000 0.000000 1.000000 0.580827 0.575289 1 0 1.000000
  0 -38.197071 51.328274 -79.939224 0.000000 0.000000 1.000000 0.581425 0.576747 1 0 1.000000
  0 -55.548050 60.416821 -79.939224 0.000000 0.000001 1.000000 0.569202 0.583150 1 0 1.000000
elevator_caps
  0 -56.791801 58.553707 -79.939224 0.000000 0.000001 1.000000 0.568326 0.581837 1 0 1.000000
  0 -39.045532 49.258106 -79.939224 0.000000 0.000000 1.000000 0.580827 0.575289 1 0 1.000000
  0 -55.548050 60.416821 -79.939224 0.000000 0.000001 1.000000 0.569202 0.583150 1 0 1.000000
elevator_caps
  0 -55.548050 60.416821 -79.939224 0.000000 0.000001 1.000000 0.569202 0.583150 1 0 1.000000
  0 -71.026390 70.415939 -79.939224 0.001195 0.001196 0.999998 0.558299 0.590193 1 0 1.000000
  0 -56.791801 58.553707 -79.939224 0.000000 0.000001 1.000000 0.568326 0.581837 1 0 1.000000
elevator_caps
  0 -70.354630 72.894363 -79.939224 0.000000 0.000001 1.000000 0.558772 0.591939 1 0 1.000000
  0 -71.026390 70.415939 -79.939224 0.001195 0.001196 0.999998 0.558299 0.590193 1 0 1.000000
  0 -55.548050 60.416821 -79.939224 0.000000 0.000001 1.000000 0.569202 0.583150 1 0 1.000000
elevator_caps
  0 -71.026390 70.415939 -79.939224 0.001195 0.001196 0.999998 0.558299 0.590193 1 0 1.000000
  0 -70.354630 72.894363 -79.939224 0.000000 0.000001 1.000000 0.558772 0.591939 1 0 1.000000
  0 -72.833061 72.222618 -79.939224 0.001195 0.001195 0.999998 0.557026 0.591466 1 0 1.000000
elevator_caps
  0 -70.354630 72.894363 -79.939224 0.000000 0.000001 1.000000 0.558772 0.591939 1 0 1.000000
  0 -91.921120 105.052498 -79.939217 0.000000 0.000000 1.000000 0.543580 0.614593 1 0 1.000000
  0 -72.833061 72.222618 -79.939224 0.001195 0.001195 0.999998 0.557026 0.591466 1 0 1.000000
elevator_caps
  0 -91.921120 105.052498 -79.939217 0.000000 0.000000 1.000000 0.543580 0.614593 1 0 1.000000
  0 -93.991287 104.204033 -79.939217 0.000000 0.000000 1.000000 0.542121 0.613995 1 0 1.000000
  0 -72.833061 72.222618 -79.939224 0.001195 0.001195 0.999998 0.557026 0.591466 1 0 1.000000
elevator_caps
  0 -101.528442 142.046967 -79.939217 0.005025 -0.000001 0.999987 0.536812 0.640653 1 0 1.000000
  0 -93.991287 104.204033 -79.939217 0.000000 0.000000 1.000000 0.542121 0.613995 1 0 1.000000
  0 -91.921120 105.052498 -79.939217 0.000000 0.000000 1.000000 0.543580 0.614593 1 0 1.000000
elevator_caps
  0 -99.300934 143.249039 -79.939217 0.000000 0.000000 1.000000 0.538381 0.641500 1 0 1.000000
  0 -101.528442 142.046967 -79.939217 0.005025 -0.000001 0.999987 0.536812 0.640653 1 0 1.000000
  0 -91.921120 105.052498 -79.939217 0.000000 0.000000 1.000000 0.543580 0.614593 1 0 1.000000
elevator_caps
  0 -101.528442 142.046967 -79.939217 0.005025 -0.000001 0.999987 0.536812 0.640653 1 0 1.000000
  0 -99.300934 143.249039 -79.939217 0.000000 0.000000 1.000000 0.538381 0.641500 1 0 1.000000
  0 -101.528450 144.451111 -79.939217 0.005025 -0.000001 0.999987 0.536812 0.642347 1 0 1.000000
elevator_caps
  0 -99.300934 143.249039 -79.939217 0.000000 0.000000 1.000000 0.538381 0.641500 1 0 1.000000
  0 -91.920433 181.447128 -79.939217 0.000000 -0.000001 1.000000 0.543580 0.668408 1 0 1.000000
  0 -101.528450 144.451111 -79.939217 0.005025 -0.000001 0.999987 0.536812 0.642347 1 0 1.000000
elevator_caps
  0 -91.920433 181.447128 -79.939217 0.000000 -0.000001 1.000000 0.543580 0.668408 1 0 1.000000
  0 -93.990593 182.295609 -79.939217 0.000000 -0.000001 1.000000 0.542122 0.669006 1 0 1.000000
  0 -101.528450 144.451111 -79.939217 0.005025 -0.000001 0.999987 0.536812 0.642347 1 0 1.000000
elevator_caps
  0 -73.721870 67.435715 -79.918877 0.003585 0.003585 0.999987 0.556400 0.588094 1 0 1.000000
  0 -71.026390 70.415939 -79.939224 0.001195 0.001196 0.999998 0.558299 0.590193 1 0 1.000000
  0 -75.813293 69.527145 -79.918877 0.003585 0.003585 0.999987 0.554927 0.589567 1 0 1.000000
elevator_caps
  0 -71.026390 70.415939 -79.939224 0.001195 0.001196 0.999998 0.558299 0.590193 1 0 1.000000
  0 -72.833061 72.222618 -79.939224 0.001195 0.001195 0.999998 0.557026 0.591466 1 0 1.000000
  0 -75.813293 69.527145 -79.918877 0.003585 0.003585 0.999987 0.554927 0.589567 1 0 1.000000
elevator_caps
  0 1.158038 37.471382 -79.963470 0.000000 -0.005711 0.999984 0.609148 0.566986 1 0 1.000000
  0 1.158039 41.717007 -79.939224 0.000000 -0.001904 0.999998 0.609148 0.569977 1 0 1.000000
  0 -1.158127 37.471382 -79.963470 0.000000 -0.005711 0.999984 0.607517 0.566986 1 0 1.000000
elevator_caps
  0 1.158039 41.717007 -79.939224 0.000000 -0.001904 0.999998 0.609148 0.569977 1 0 1.000000
  0 -1.158126 41.717007 -79.939224 0.000000 -0.001903 0.999998 0.607517 0.569977 1 0 1.000000
  0 -1.158127 37.471382 -79.963470 0.000000 -0.005711 0.999984 0.607517 0.566986 1 0 1.000000
elevator_caps
  0 -72.833092 214.275375 -79.939217 0.001195 -0.001195 0.999998 0.557026 0.691534 1 0 1.000000
  0 -93.990593 182.295609 -79.939217 0.000000 -0.000001 1.000000 0.542122 0.669006 1 0 1.000000
  0 -91.920433 181.447128 -79.939217 0.000000 -0.000001 1.000000 0.543580 0.668408 1 0 1.000000
elevator_caps
  0 -70.354668 213.603622 -79.939217 0.000000 -0.000001 1.000000 0.558772 0.691061 1 0 1.000000
  0 -72.833092 214.275375 -79.939217 0.001195 -0.001195 0.999998 0.557026 0.691534 1 0 1.000000
  0 -91.920433 181.447128 -79.939217 0.000000 -0.000001 1.000000 0.543580 0.668408 1 0 1.000000
elevator_caps
  0 -72.833092 214.275375 -79.939217 0.001195 -0.001195 0.999998 0.557026 0.691534 1 0 1.000000
  0 -70.354668 213.603622 -79.939217 0.000000 -0.000001 1.000000 0.558772 0.691061 1 0 1.000000
  0 -71.026421 216.082047 -79.939217 0.001195 -0.001196 0.999998 0.558299 0.692806 1 0 1.000000
elevator_caps
  0 -70.354668 213.603622 -79.939217 0.000000 -0.000001 1.000000 0.558772 0.691061 1 0 1.000000
  0 -38.197651 235.169495 -79.939217 0.000000 0.000001 1.000000 0.581424 0.706252 1 0 1.000000
  0 -71.026421 216.082047 -79.939217 0.001195 -0.001196 0.999998 0.558299 0.692806 1 0 1.000000
elevator_caps
  0 -38.197651 235.169495 -79.939217 0.000000 0.000001 1.000000 0.581424 0.706252 1 0 1.000000
  0 -39.046127 237.239655 -79.939217 0.000000 0.000001 1.000000 0.580827 0.707711 1 0 1.000000
  0 -71.026421 216.082047 -79.939217 0.001195 -0.001196 0.999998 0.558299 0.692806 1 0 1.000000
elevator_caps
  0 -1.158210 244.781006 -79.939217 0.000000 0.001903 0.999998 0.607517 0.713023 1 0 1.000000
  0 -39.046127 237.239655 -79.939217 0.000000 0.000001 1.000000 0.580827 0.707711 1 0 1.000000
  0 -38.197651 235.169495 -79.939217 0.000000 0.000001 1.000000 0.581424 0.706252 1 0 1.000000
elevator_caps
  0 -0.000134 242.545090 -79.939217 0.000000 -0.000001 1.000000 0.608332 0.711448 1 0 1.000000
  0 -1.158210 244.781006 -79.939217 0.000000 0.001903 0.999998 0.607517 0.713023 1 0 1.000000
  0 -38.197651 235.169495 -79.939217 0.000000 0.000001 1.000000 0.581424 0.706252 1 0 1.000000
elevator_caps
  0 1.157956 244.781006 -79.939217 0.000000 0.001903 0.999998 0.609148 0.713023 1 0 1.000000
  0 -1.158210 244.781006 -79.939217 0.000000 0.001903 0.999998 0.607517 0.713023 1 0 1.000000
  0 -0.000134 242.545090 -79.939217 0.000000 -0.000001 1.000000 0.608332 0.711448 1 0 1.000000
elevator_caps
  0 -1.158210 244.781006 -79.939217 0.000000 0.001903 0.999998 0.607517 0.713023 1 0 1.000000
  0 1.157956 244.781006 -79.939217 0.000000 0.001903 0.999998 0.609148 0.713023 1 0 1.000000
  0 1.157969 249.026627 -79.963463 0.000000 0.005711 0.999984 0.609148 0.716014 1 0 1.000000
elevator_caps
  0 -1.158197 249.026627 -79.963463 0.000000 0.005711 0.999984 0.607517 0.716014 1 0 1.000000
  0 -1.158210 244.781006 -79.939217 0.000000 0.001903 0.999998 0.607517 0.713023 1 0 1.000000
  0 1.157969 249.026627 -79.963463 0.000000 0.005711 0.999984 0.609148 0.716014 1 0 1.000000
elevator_caps
  0 -75.813324 216.970856 -79.918869 0.003585 -0.003586 0.999987 0.554926 0.693433 1 0 1.000000
  0 -72.833092 214.275375 -79.939217 0.001195 -0.001195 0.999998 0.557026 0.691534 1 0 1.000000
  0 -73.721901 219.062286 -79.918869 0.003585 -0.003586 0.999987 0.556400 0.694906 1 0 1.000000
elevator_caps
  0 -72.833092 214.275375 -79.939217 0.001195 -0.001195 0.999998 0.557026 0.691534 1 0 1.000000
  0 -71.026421 216.082047 -79.939217 0.001195 -0.001196 0.999998 0.558299 0.692806 1 0 1.000000
  0 -73.721901 219.062286 -79.918869 0.003585 -0.003586 0.999987 0.556400 0.694906 1 0 1.000000
elevator_caps
  0 -0.000134 242.545090 -79.939217 0.000000 -0.000001 1.000000 0.608332 0.711448 1 0 1.000000
  0 38.197594 235.169540 -79.939217 0.000000 0.000000 1.000000 0.635240 0.706252 1 0 1.000000
  0 1.157956 244.781006 -79.939217 0.000000 0.001903 0.999998 0.609148 0.713023 1 0 1.000000
elevator_caps
  0 38.197594 235.169540 -79.939217 0.000000 0.000000 1.000000 0.635240 0.706252 1 0 1.000000
  0 39.046070 237.239700 -79.939217 0.000000 0.000000 1.000000 0.635838 0.707711 1 0 1.000000
  0 1.157956 244.781006 -79.939217 0.000000 0.001903 0.999998 0.609148 0.713023 1 0 1.000000
elevator_caps
  0 71.026176 216.082199 -79.939217 -0.001195 -0.001195 0.999998 0.658366 0.692807 1 0 1.000000
  0 39.046070 237.239700 -79.939217 0.000000 0.000000 1.000000 0.635838 0.707711 1 0 1.000000
  0 38.197594 235.169540 -79.939217 0.000000 0.000000 1.000000 0.635240 0.706252 1 0 1.000000
elevator_caps
  0 70.354424 213.603775 -79.939217 0.000000 0.000000 1.000000 0.657893 0.691061 1 0 1.000000
  0 71.026176 216.082199 -79.939217 -0.001195 -0.001195 0.999998 0.658366 0.692807 1 0 1.000000
  0 38.197594 235.169540 -79.939217 0.000000 0.000000 1.000000 0.635240 0.706252 1 0 1.000000
elevator_caps
  0 71.026176 216.082199 -79.939217 -0.001195 -0.001195 0.999998 0.658366 0.692807 1 0 1.000000
  0 70.354424 213.603775 -79.939217 0.000000 0.000000 1.000000 0.657893 0.691061 1 0 1.000000
  0 72.832840 214.275543 -79.939217 -0.001195 -0.001195 0.999998 0.659639 0.691534 1 0 1.000000
elevator_caps
  0 70.354424 213.603775 -79.939217 0.000000 0.000000 1.000000 0.657893 0.691061 1 0 1.000000
  0 91.921021 181.445511 -79.939217 0.000000 0.000000 1.000000 0.673085 0.668407 1 0 1.000000
  0 72.832840 214.275543 -79.939217 -0.001195 -0.001195 0.999998 0.659639 0.691534 1 0 1.000000
elevator_caps
  0 91.921021 181.445511 -79.939217 0.000000 0.000000 1.000000 0.673085 0.668407 1 0 1.000000
  0 93.991180 182.293976 -79.939217 0.000000 0.000000 1.000000 0.674544 0.669005 1 0 1.000000
  0 72.832840 214.275543 -79.939217 -0.001195 -0.001195 0.999998 0.659639 0.691534 1 0 1.000000
elevator_caps
  0 101.528122 144.451187 -79.939217 -0.005025 0.000001 0.999987 0.679853 0.642347 1 0 1.000000
  0 93.991180 182.293976 -79.939217 0.000000 0.000000 1.000000 0.674544 0.669005 1 0 1.000000
  0 91.921021 181.445511 -79.939217 0.000000 0.000000 1.000000 0.673085 0.668407 1 0 1.000000
elevator_caps
  0 99.300606 143.249084 -79.939217 0.000000 0.000000 1.000000 0.678284 0.641500 1 0 1.000000
  0 101.528122 144.451187 -79.939217 -0.005025 0.000001 0.999987 0.679853 0.642347 1 0 1.000000
  0 91.921021 181.445511 -79.939217 0.000000 0.000000 1.000000 0.673085 0.668407 1 0 1.000000
elevator_caps
  0 101.528122 144.451187 -79.939217 -0.005025 0.000001 0.999987 0.679853 0.642347 1 0 1.000000
  0 99.300606 143.249084 -79.939217 0.000000 0.000000 1.000000 0.678284 0.641500 1 0 1.000000
  0 101.528114 142.046967 -79.939217 -0.005025 0.000001 0.999987 0.679853 0.640653 1 0 1.000000
elevator_caps
  0 99.300606 143.249084 -79.939217 0.000000 0.000000 1.000000 0.678284 0.641500 1 0 1.000000
  0 91.920853 105.052544 -79.939217 0.000000 0.000000 1.000000 0.673085 0.614593 1 0 1.000000
  0 101.528114 142.046967 -79.939217 -0.005025 0.000001 0.999987 0.679853 0.640653 1 0 1.000000
elevator_caps
  0 91.920853 105.052544 -79.939217 0.000000 0.000000 1.000000 0.673085 0.614593 1 0 1.000000
  0 93.991020 104.204079 -79.939217 0.000000 0.000000 1.000000 0.674543 0.613995 1 0 1.000000
  0 101.528114 142.046967 -79.939217 -0.005025 0.000001 0.999987 0.679853 0.640653 1 0 1.000000
elevator_caps
  0 72.832977 72.222641 -79.939224 -0.001195 0.001195 0.999998 0.659639 0.591466 1 0 1.000000
  0 93.991020 104.204079 -79.939217 0.000000 0.000000 1.000000 0.674543 0.613995 1 0 1.000000
  0 91.920853 105.052544 -79.939217 0.000000 0.000000 1.000000 0.673085 0.614593 1 0 1.000000
elevator_caps
  0 70.354561 72.894394 -79.939224 0.000000 0.000000 1.000000 0.657893 0.591939 1 0 1.000000
  0 72.832977 72.222641 -79.939224 -0.001195 0.001195 0.999998 0.659639 0.591466 1 0 1.000000
  0 91.920853 105.052544 -79.939217 0.000000 0.000000 1.000000 0.673085 0.614593 1 0 1.000000
elevator_caps
  0 72.832977 72.222641 -79.939224 -0.001195 0.001195 0.999998 0.659639 0.591466 1 0 1.000000
  0 70.354561 72.894394 -79.939224 0.000000 0.000000 1.000000 0.657893 0.591939 1 0 1.000000
  0 71.026314 70.415977 -79.939224 -0.001195 0.001196 0.999998 0.658366 0.590193 1 0 1.000000
elevator_caps
  0 70.354561 72.894394 -79.939224 0.000000 0.000000 1.000000 0.657893 0.591939 1 0 1.000000
  0 55.547657 60.416676 -79.939224 0.000000 0.000001 1.000000 0.647462 0.583149 1 0 1.000000
  0 71.026314 70.415977 -79.939224 -0.001195 0.001196 0.999998 0.658366 0.590193 1 0 1.000000
elevator_caps
  0 56.791409 58.553562 -79.939224 0.000000 0.000001 1.000000 0.648339 0.581837 1 0 1.000000
  0 71.026314 70.415977 -79.939224 -0.001195 0.001196 0.999998 0.658366 0.590193 1 0 1.000000
  0 55.547657 60.416676 -79.939224 0.000000 0.000001 1.000000 0.647462 0.583149 1 0 1.000000
elevator_caps
  0 56.791409 58.553562 -79.939224 0.000000 0.000001 1.000000 0.648339 0.581837 1 0 1.000000
  0 55.547657 60.416676 -79.939224 0.000000 0.000001 1.000000 0.647462 0.583149 1 0 1.000000
  0 39.045334 49.258026 -79.939224 0.000000 0.000000 1.000000 0.635838 0.575289 1 0 1.000000
elevator_caps
  0 75.813217 69.527168 -79.918877 -0.003585 0.003586 0.999987 0.661738 0.589567 1 0 1.000000
  0 72.832977 72.222641 -79.939224 -0.001195 0.001195 0.999998 0.659639 0.591466 1 0 1.000000
  0 73.721786 67.435745 -79.918877 -0.003585 0.003586 0.999987 0.660265 0.588094 1 0 1.000000
elevator_caps
  0 72.832977 72.222641 -79.939224 -0.001195 0.001195 0.999998 0.659639 0.591466 1 0 1.000000
  0 71.026314 70.415977 -79.939224 -0.001195 0.001196 0.999998 0.658366 0.590193 1 0 1.000000
  0 73.721786 67.435745 -79.918877 -0.003585 0.003586 0.999987 0.660265 0.588094 1 0 1.000000
elevator_caps
  0 73.721642 219.062439 -79.918869 -0.003585 -0.003585 0.999987 0.660265 0.694906 1 0 1.000000
  0 71.026176 216.082199 -79.939217 -0.001195 -0.001195 0.999998 0.658366 0.692807 1 0 1.000000
  0 75.813072 216.971008 -79.918869 -0.003585 -0.003585 0.999987 0.661738 0.693433 1 0 1.000000
elevator_caps
  0 71.026176 216.082199 -79.939217 -0.001195 -0.001195 0.999998 0.658366 0.692807 1 0 1.000000
  0 72.832840 214.275543 -79.939217 -0.001195 -0.001195 0.999998 0.659639 0.691534 1 0 1.000000
  0 75.813072 216.971008 -79.918869 -0.003585 -0.003585 0.999987 0.661738 0.693433 1 0 1.000000
elevator_caps
  0 105.564240 144.643799 -79.878372 -0.015073 0.000001 0.999886 0.682696 0.642482 1 0 1.000000
  0 101.528122 144.451187 -79.939217 -0.005025 0.000001 0.999987 0.679853 0.642347 1 0 1.000000
  0 105.564240 141.854324 -79.878372 -0.015073 0.000001 0.999886 0.682696 0.640517 1 0 1.000000
elevator_caps
  0 101.528122 144.451187 -79.939217 -0.005025 0.000001 0.999987 0.679853 0.642347 1 0 1.000000
  0 101.528114 142.046967 -79.939217 -0.005025 0.000001 0.999987 0.679853 0.640653 1 0 1.000000
  0 105.564240 141.854324 -79.878372 -0.015073 0.000001 0.999886 0.682696 0.640517 1 0 1.000000
elevator_caps
  0 -88.432327 53.134590 63.982788 -0.707106 0.707107 -0.000001 0.284473 0.146944 1 0 1.000000
  0 -87.778145 53.788773 66.223953 -0.707106 0.707107 -0.000001 0.284473 0.136176 1 0 1.000000
  0 -70.785408 70.781509 65.591637 -0.707106 0.707107 -0.000001 0.284473 0.077013 1 0 1.000000
elevator_caps
  0 -88.432327 53.134590 63.982788 -0.707106 0.707107 -0.000001 0.284473 0.146944 1 0 1.000000
  0 -89.427071 52.139851 74.500366 -0.707107 0.707107 0.000000 0.284473 0.174323 1 0 1.000000
  0 -87.778145 53.788773 66.223953 -0.707106 0.707107 -0.000001 0.284473 0.136176 1 0 1.000000
elevator_caps
  0 -87.879585 53.687336 74.500366 -0.707107 0.707107 0.000000 0.284473 0.179495 1 0 1.000000
  0 -87.778145 53.788773 66.223953 -0.707106 0.707107 -0.000001 0.284473 0.136176 1 0 1.000000
  0 -89.427071 52.139851 74.500366 -0.707107 0.707107 0.000000 0.284473 0.174323 1 0 1.000000
elevator_caps
  0 -119.025597 144.643738 -88.461487 -1.000000 -0.000001 -0.000013 0.524486 0.642482 1 0 1.000000
  0 -119.025368 144.643738 -105.825920 -1.000000 -0.000001 -0.000013 0.524486 0.642482 1 0 1.000000
  0 -119.025597 141.854279 -88.461487 -1.000000 -0.000001 -0.000013 0.524486 0.640517 1 0 1.000000
elevator_caps
  0 -119.025368 144.643738 -105.825920 -1.000000 -0.000001 -0.000013 0.524486 0.642482 1 0 1.000000
  0 -119.025360 141.854279 -105.825920 -1.000000 -0.000001 -0.000013 0.524486 0.640517 1 0 1.000000
  0 -119.025597 141.854279 -88.461487 -1.000000 -0.000001 -0.000013 0.524486 0.640517 1 0 1.000000
elevator_caps
  0 -105.564575 144.643768 -79.878372 -0.472040 0.000000 0.881577 0.533969 0.642482 1 0 1.000000
  0 -119.025597 144.643738 -88.461487 -0.547456 -0.000001 0.836835 0.524486 0.642482 1 0 1.000000
  0 -105.564568 141.854294 -79.878372 -0.472040 0.000000 0.881577 0.533969 0.640517 1 0 1.000000
elevator_caps
  0 -119.025597 144.643738 -88.461487 -0.547456 -0.000001 0.836835 0.524486 0.642482 1 0 1.000000
  0 -119.025597 141.854279 -88.461487 -0.547456 -0.000001 0.836835 0.524486 0.640517 1 0 1.000000
  0 -105.564568 141.854294 -79.878372 -0.472040 0.000000 0.881577 0.533969 0.640517 1 0 1.000000
elevator_caps
  0 105.564240 141.854324 -79.878372 0.045494 0.998896 -0.011706 0.706292 0.825870 1 0 1.000000
  0 101.528114 142.046967 -79.939217 0.045494 0.998896 -0.011706 0.726375 0.828017 1 0 1.000000
  0 105.967072 141.854324 -79.126030 0.045494 0.998896 -0.011706 0.704246 0.829029 1 0 1.000000
elevator_caps
  0 -89.734291 55.744915 66.223953 0.707107 -0.707107 0.000000 0.020405 0.349569 1 0 1.000000
  0 -89.835732 55.643482 74.500366 0.707106 -0.707107 0.000000 0.020405 0.309459 1 0 1.000000
  0 -91.383217 54.095993 74.500366 0.707106 -0.707107 0.000000 0.020405 0.314669 1 0 1.000000
elevator_caps
  0 -90.388474 55.090733 63.982788 0.707107 -0.707107 0.000000 0.020405 0.349569 1 0 1.000000
  0 -89.734291 55.744915 66.223953 0.707107 -0.707107 0.000000 0.020405 0.349569 1 0 1.000000
  0 -91.383217 54.095993 74.500366 0.707106 -0.707107 0.000000 0.020405 0.314669 1 0 1.000000
elevator_caps
  0 -90.388474 55.090733 63.982788 0.707107 -0.707107 0.000000 0.020405 0.349569 1 0 1.000000
  0 -72.741554 72.737656 65.591637 0.707107 -0.707107 -0.000001 0.020405 0.407634 1 0 1.000000
  0 -89.734291 55.744915 66.223953 0.707107 -0.707107 0.000000 0.020405 0.349569 1 0 1.000000
elevator_caps
  0 -1.383204 18.002819 66.223953 1.000000 0.000000 0.000000 0.529181 0.136176 1 0 1.000000
  0 -1.383204 17.859365 74.500366 1.000000 0.000000 0.000000 0.529181 0.179495 1 0 1.000000
  0 -1.383204 15.670892 74.500366 1.000000 0.000000 0.000000 0.529181 0.174323 1 0 1.000000
elevator_caps
  0 -1.383204 17.077667 63.982784 1.000000 0.000000 0.000000 0.529181 0.146944 1 0 1.000000
  0 -1.383204 18.002819 66.223953 1.000000 0.000000 0.000000 0.529181 0.136176 1 0 1.000000
  0 -1.383204 15.670892 74.500366 1.000000 0.000000 0.000000 0.529181 0.174323 1 0 1.000000
elevator_caps
  0 -1.383204 17.077667 63.982784 1.000000 0.000000 0.000000 0.529181 0.146944 1 0 1.000000
  0 -1.383205 42.034180 65.591637 1.000000 0.000000 0.000000 0.529181 0.077013 1 0 1.000000
  0 -1.383204 18.002819 66.223953 1.000000 0.000000 0.000000 0.529181 0.136176 1 0 1.000000
elevator_caps
  0 87.778145 53.788780 66.223953 0.707106 0.707107 0.000001 0.263053 0.135317 1 0 1.000000
  0 87.879585 53.687344 74.500366 0.707106 0.707107 0.000000 0.263053 0.178636 1 0 1.000000
  0 89.427071 52.139858 74.500366 0.707106 0.707107 0.000000 0.263053 0.173465 1 0 1.000000
elevator_caps
  0 88.432327 53.134598 63.982788 0.707106 0.707107 0.000001 0.263053 0.146085 1 0 1.000000
  0 87.778145 53.788780 66.223953 0.707106 0.707107 0.000001 0.263053 0.135317 1 0 1.000000
  0 89.427071 52.139858 74.500366 0.707106 0.707107 0.000000 0.263053 0.173465 1 0 1.000000
elevator_caps
  0 88.432327 53.134598 63.982788 0.707106 0.707107 0.000001 0.263053 0.146085 1 0 1.000000
  0 70.785408 70.781517 65.591637 0.707106 0.707107 0.000001 0.263053 0.076154 1 0 1.000000
  0 87.778145 53.788780 66.223953 0.707106 0.707107 0.000001 0.263053 0.135317 1 0 1.000000
elevator_caps
  0 89.734283 231.301224 66.223961 -0.707106 0.707107 -0.000001 0.506197 0.218187 1 0 1.000000
  0 89.835724 231.402664 74.500374 -0.707106 0.707108 0.000000 0.506197 0.293980 1 0 1.000000
  0 91.383209 232.950150 74.500374 -0.707106 0.707108 0.000000 0.506197 0.288771 1 0 1.000000
elevator_caps
  0 90.388466 231.955399 63.982796 -0.707106 0.707107 -0.000001 0.506197 0.261801 1 0 1.000000
  0 89.734283 231.301224 66.223961 -0.707106 0.707107 -0.000001 0.506197 0.218187 1 0 1.000000
  0 91.383209 232.950150 74.500374 -0.707106 0.707108 0.000000 0.506197 0.288771 1 0 1.000000
elevator_caps
  0 90.388466 231.955399 63.982796 -0.707106 0.707107 -0.000001 0.506197 0.261801 1 0 1.000000
  0 72.741547 214.308487 65.591644 -0.707106 0.707107 -0.000002 0.506197 0.193695 1 0 1.000000
  0 89.734283 231.301224 66.223961 -0.707106 0.707107 -0.000001 0.506197 0.218187 1 0 1.000000
elevator_caps
  0 1.383191 269.043335 66.223969 -1.000000 0.000000 0.000000 0.816968 0.371221 1 0 1.000000
  0 1.383191 269.186768 74.500381 -1.000000 0.000000 0.000000 0.816968 0.389122 1 0 1.000000
  0 1.383191 271.375244 74.500381 -1.000000 0.000000 0.000000 0.816968 0.386985 1 0 1.000000
elevator_caps
  0 1.383191 269.968475 63.982796 -1.000000 0.000000 0.000000 0.816968 0.375671 1 0 1.000000
  0 1.383191 269.043335 66.223969 -1.000000 0.000000 0.000000 0.816968 0.371221 1 0 1.000000
  0 1.383191 271.375244 74.500381 -1.000000 0.000000 0.000000 0.816968 0.386985 1 0 1.000000
elevator_caps
  0 1.383191 269.968475 63.982796 -1.000000 0.000000 0.000000 0.816968 0.375671 1 0 1.000000
  0 1.383192 245.011963 65.591644 -1.000000 0.000000 0.000000 0.816968 0.346772 1 0 1.000000
  0 1.383191 269.043335 66.223969 -1.000000 0.000000 0.000000 0.816968 0.371221 1 0 1.000000
elevator_caps
  0 -87.778152 233.257370 66.223961 -0.707107 -0.707107 0.000000 0.816660 0.458465 1 0 1.000000
  0 -87.879593 233.358795 74.500374 -0.707107 -0.707107 0.000000 0.816660 0.473188 1 0 1.000000
  0 -89.427078 234.906281 74.500374 -0.707107 -0.707107 0.000000 0.816660 0.471051 1 0 1.000000
elevator_caps
  0 -88.432335 233.911545 63.982796 -0.707107 -0.707107 0.000000 0.816660 0.458465 1 0 1.000000
  0 -87.778152 233.257370 66.223961 -0.707107 -0.707107 0.000000 0.816660 0.458465 1 0 1.000000
  0 -89.427078 234.906281 74.500374 -0.707107 -0.707107 0.000000 0.816660 0.471051 1 0 1.000000
elevator_caps
  0 -88.432335 233.911545 63.982796 -0.707107 -0.707107 0.000000 0.816660 0.458465 1 0 1.000000
  0 -70.785416 216.264618 65.591644 -0.707107 -0.707107 0.000000 0.816660 0.431636 1 0 1.000000
  0 -87.778152 233.257370 66.223961 -0.707107 -0.707107 0.000000 0.816660 0.458465 1 0 1.000000
elevator_caps
  0 88.432320 233.911545 63.982796 0.707106 -0.707107 0.000000 0.715844 0.375671 1 0 1.000000
  0 87.778137 233.257370 66.223961 0.707106 -0.707107 0.000000 0.715844 0.371221 1 0 1.000000
  0 70.785400 216.264618 65.591644 0.707107 -0.707107 0.000001 0.715844 0.346772 1 0 1.000000
elevator_caps
  0 88.432320 233.911545 63.982796 0.707106 -0.707107 0.000000 0.715844 0.375671 1 0 1.000000
  0 89.427063 234.906281 74.500374 0.707106 -0.707108 0.000000 0.715844 0.386985 1 0 1.000000
  0 87.778137 233.257370 66.223961 0.707106 -0.707107 0.000000 0.715844 0.371221 1 0 1.000000
elevator_caps
  0 89.427063 234.906281 74.500374 0.707106 -0.707108 0.000000 0.715844 0.386985 1 0 1.000000
  0 87.879578 233.358795 74.500374 0.707106 -0.707108 0.000000 0.715844 0.389122 1 0 1.000000
  0 87.778137 233.257370 66.223961 0.707106 -0.707107 0.000000 0.715844 0.371221 1 0 1.000000
elevator_caps
  0 119.025261 141.854279 -88.461494 1.000000 -0.000001 0.000000 0.692179 0.640517 1 0 1.000000
  0 119.025261 141.854279 -105.825920 1.000000 -0.000001 0.000000 0.692179 0.640517 1 0 1.000000
  0 119.025269 144.643753 -88.461494 1.000000 -0.000001 0.000000 0.692179 0.642482 1 0 1.000000
elevator_caps
  0 119.025261 141.854279 -105.825920 1.000000 -0.000001 0.000000 0.692179 0.640517 1 0 1.000000
  0 119.025261 144.643753 -105.825920 1.000000 -0.000001 0.000000 0.692179 0.642482 1 0 1.000000
  0 119.025269 144.643753 -88.461494 1.000000 -0.000001 0.000000 0.692179 0.642482 1 0 1.000000
elevator_caps
  0 105.564240 141.854324 -79.878372 0.472040 -0.000001 0.881577 0.682696 0.640517 1 0 1.000000
  0 119.025261 141.854279 -88.461494 0.547458 -0.000001 0.836833 0.692179 0.640517 1 0 1.000000
  0 105.564240 144.643799 -79.878372 0.472040 -0.000001 0.881577 0.682696 0.642482 1 0 1.000000
elevator_caps
  0 119.025261 141.854279 -88.461494 0.547458 -0.000001 0.836833 0.692179 0.640517 1 0 1.000000
  0 119.025269 144.643753 -88.461494 0.547458 -0.000001 0.836833 0.692179 0.642482 1 0 1.000000
  0 105.564240 144.643799 -79.878372 0.472040 -0.000001 0.881577 0.682696 0.642482 1 0 1.000000
elevator_caps
  0 105.967079 144.643799 -79.126030 0.045486 -0.998896 -0.011705 0.718966 0.853761 1 0 1.000000
  0 101.528122 144.451187 -79.939217 0.045486 -0.998896 -0.011705 0.706478 0.851482 1 0 1.000000
  0 105.564240 144.643799 -79.878372 0.045486 -0.998896 -0.011705 0.717833 0.851647 1 0 1.000000
elevator_caps
  0 1.383202 17.077667 63.982784 -1.000000 0.000000 0.000000 0.018345 0.146085 1 0 1.000000
  0 1.383202 18.002821 66.223953 -1.000000 0.000000 0.000000 0.018345 0.135317 1 0 1.000000
  0 1.383201 42.034180 65.591637 -1.000000 0.000000 0.000000 0.018345 0.076154 1 0 1.000000
elevator_caps
  0 1.383202 17.077667 63.982784 -1.000000 0.000000 0.000000 0.018345 0.146085 1 0 1.000000
  0 1.383202 15.670892 74.500366 -1.000000 0.000000 0.000000 0.018345 0.173465 1 0 1.000000
  0 1.383202 18.002821 66.223953 -1.000000 0.000000 0.000000 0.018345 0.135317 1 0 1.000000
elevator_caps
  0 1.383202 15.670892 74.500366 -1.000000 0.000000 0.000000 0.018345 0.173465 1 0 1.000000
  0 1.383202 17.859365 74.500366 -1.000000 0.000000 0.000000 0.018345 0.178636 1 0 1.000000
  0 1.383202 18.002821 66.223953 -1.000000 0.000000 0.000000 0.018345 0.135317 1 0 1.000000
elevator_caps
  0 -105.967407 141.854294 -79.126030 -0.045503 0.998895 -0.011709 0.016567 0.499171 1 0 1.000000
  0 -101.528442 142.046967 -79.939217 -0.045503 0.998895 -0.011709 0.016567 0.511754 1 0 1.000000
  0 -105.564568 141.854294 -79.878372 -0.045503 0.998895 -0.011709 0.016567 0.499171 1 0 1.000000
elevator_caps
  0 1.158037 0.844462 -105.825928 -1.000000 0.000000 0.000000 0.303816 0.534210 1 0 1.000000
  0 1.158037 0.007032 -105.825928 -1.000000 0.000000 0.000000 0.310126 0.533742 1 0 1.000000
  0 1.158037 1.353904 -88.837433 -1.000000 0.000000 0.000000 0.303816 0.558207 1 0 1.000000
elevator_caps
  0 1.158037 1.007029 -88.000000 -1.000000 0.000000 0.000000 0.310126 0.557739 1 0 1.000000
  0 1.158037 1.353904 -88.837433 -1.000000 0.000000 0.000000 0.303816 0.558207 1 0 1.000000
  0 1.158037 0.007032 -105.825928 -1.000000 0.000000 0.000000 0.310126 0.533742 1 0 1.000000
elevator_caps
  0 1.158037 1.353904 -88.837433 -1.000000 0.000000 0.000000 0.303816 0.558207 1 0 1.000000
  0 1.158037 1.007029 -88.000000 -1.000000 0.000000 0.000000 0.310126 0.557739 1 0 1.000000
  0 1.158038 35.349697 -88.000000 -1.000000 0.000000 0.000000 0.310126 0.652645 1 0 1.000000
elevator_caps
  0 1.158038 36.187126 -88.837433 -1.000000 0.000000 0.000000 0.303816 0.652630 1 0 1.000000
  0 1.158037 1.353904 -88.837433 -1.000000 0.000000 0.000000 0.303816 0.558207 1 0 1.000000
  0 1.158038 35.349697 -88.000000 -1.000000 0.000000 0.000000 0.310126 0.652645 1 0 1.000000
elevator_caps
  0 119.878670 141.854279 -87.999992 0.000002 1.000000 -0.000001 0.673697 0.822427 1 0 1.000000
  0 119.025261 141.854279 -88.461494 0.000002 1.000000 -0.000001 0.674664 0.821020 1 0 1.000000
  0 105.967072 141.854324 -79.126030 0.000004 1.000000 -0.000003 0.704246 0.829029 1 0 1.000000
elevator_caps
  0 105.967072 141.854324 -79.126030 0.000004 1.000000 -0.000003 0.704246 0.829029 1 0 1.000000
  0 119.025261 141.854279 -88.461494 0.000002 1.000000 -0.000001 0.674664 0.821020 1 0 1.000000
  0 105.564240 141.854324 -79.878372 0.000004 1.000000 -0.000003 0.706292 0.825870 1 0 1.000000
elevator_caps
  0 119.878670 141.854279 -87.999992 0.000002 1.000000 -0.000001 0.549691 0.448402 1 0 1.000000
  0 119.878662 141.854279 -105.825920 -0.000001 1.000000 0.000000 0.549691 0.424708 1 0 1.000000
  0 119.025261 141.854279 -88.461494 0.000002 1.000000 -0.000001 0.549691 0.456014 1 0 1.000000
elevator_caps
  0 119.878662 141.854279 -105.825920 -0.000001 1.000000 0.000000 0.549691 0.424708 1 0 1.000000
  0 119.025261 141.854279 -105.825920 -0.000001 1.000000 0.000000 0.549691 0.432664 1 0 1.000000
  0 119.025261 141.854279 -88.461494 0.000002 1.000000 -0.000001 0.549691 0.456014 1 0 1.000000
elevator_caps
  0 -73.721901 219.062286 -79.918869 -0.739918 -0.672578 -0.012619 0.797861 0.726337 1 0 1.000000
  0 -71.026421 216.082047 -79.939217 -0.739918 -0.672578 -0.012619 0.797861 0.722064 1 0 1.000000
  0 -74.022865 219.363251 -79.126030 -0.739918 -0.672578 -0.012619 0.797861 0.726337 1 0 1.000000
elevator_caps
  0 -1.158127 36.187126 -88.837433 1.000000 0.000000 0.000000 0.286384 0.650975 1 0 1.000000
  0 -1.158127 35.349697 -88.000000 1.000000 0.000000 0.000000 0.279466 0.650975 1 0 1.000000
  0 -1.158128 1.353904 -88.837433 1.000000 0.000000 0.000000 0.286384 0.556069 1 0 1.000000
elevator_caps
  0 -1.158128 1.007030 -88.000000 1.000000 0.000000 0.000000 0.279466 0.556069 1 0 1.000000
  0 -1.158128 1.353904 -88.837433 1.000000 0.000000 0.000000 0.286384 0.556069 1 0 1.000000
  0 -1.158127 35.349697 -88.000000 1.000000 0.000000 0.000000 0.279466 0.650975 1 0 1.000000
elevator_caps
  0 -1.158128 1.007030 -88.000000 1.000000 0.000000 0.000000 0.279466 0.556069 1 0 1.000000
  0 -1.158128 0.007031 -105.825928 1.000000 0.000000 0.000000 0.279466 0.532072 1 0 1.000000
  0 -1.158128 1.353904 -88.837433 1.000000 0.000000 0.000000 0.286384 0.556069 1 0 1.000000
elevator_caps
  0 -1.158128 0.007031 -105.825928 1.000000 0.000000 0.000000 0.279466 0.532072 1 0 1.000000
  0 -1.158128 0.844460 -105.825928 1.000000 0.000000 0.000000 0.286384 0.532072 1 0 1.000000
  0 -1.158128 1.353904 -88.837433 1.000000 0.000000 0.000000 0.286384 0.556069 1 0 1.000000
elevator_caps
  0 -83.222992 228.563354 -88.486710 -0.707108 0.707105 0.000000 0.549707 0.701599 1 0 1.000000
  0 -83.222992 228.563354 -105.825920 -0.707108 0.707105 0.000000 0.549707 0.701599 1 0 1.000000
  0 -85.314415 226.471924 -88.486710 -0.707108 0.707105 0.000000 0.548234 0.700126 1 0 1.000000
elevator_caps
  0 -83.222992 228.563354 -105.825920 -0.707108 0.707105 0.000000 0.549707 0.701599 1 0 1.000000
  0 -85.314415 226.471924 -105.825920 -0.707108 0.707105 0.000000 0.548234 0.700126 1 0 1.000000
  0 -85.314415 226.471924 -88.486710 -0.707108 0.707105 0.000000 0.548234 0.700126 1 0 1.000000
elevator_caps
  0 -73.721901 219.062286 -79.918869 -0.334461 0.334459 0.881063 0.556400 0.694906 1 0 1.000000
  0 -83.222992 228.563354 -88.486710 -0.387018 0.387015 0.836921 0.549707 0.701599 1 0 1.000000
  0 -75.813324 216.970856 -79.918869 -0.334461 0.334459 0.881063 0.554926 0.693433 1 0 1.000000
elevator_caps
  0 -83.222992 228.563354 -88.486710 -0.387018 0.387015 0.836921 0.549707 0.701599 1 0 1.000000
  0 -85.314415 226.471924 -88.486710 -0.387018 0.387015 0.836921 0.548234 0.700126 1 0 1.000000
  0 -75.813324 216.970856 -79.918869 -0.334461 0.334459 0.881063 0.554926 0.693433 1 0 1.000000
elevator_caps
  0 75.813072 216.971008 -79.918869 -0.672576 0.739920 -0.012629 0.797861 0.672692 1 0 1.000000
  0 72.832840 214.275543 -79.939217 -0.672576 0.739920 -0.012629 0.797861 0.668403 1 0 1.000000
  0 76.114037 217.271988 -79.126030 -0.672576 0.739920 -0.012629 0.797861 0.672692 1 0 1.000000
elevator_caps
  0 -85.314415 226.471924 -88.486710 0.707109 0.707104 -0.000002 0.886274 0.631550 1 0 1.000000
  0 -85.314415 226.471924 -105.825920 0.707107 0.707106 0.000000 0.886274 0.639692 1 0 1.000000
  0 -85.950714 227.108231 -105.825920 0.707107 0.707106 0.000000 0.886274 0.642215 1 0 1.000000
elevator_caps
  0 -85.950714 227.108231 -87.999992 0.707109 0.707104 -0.000002 0.886274 0.634158 1 0 1.000000
  0 -85.314415 226.471924 -88.486710 0.707109 0.707104 -0.000002 0.886274 0.631550 1 0 1.000000
  0 -85.950714 227.108231 -105.825920 0.707107 0.707106 0.000000 0.886274 0.642215 1 0 1.000000
elevator_caps
  0 -85.950714 227.108231 -87.999992 0.707109 0.707104 -0.000002 0.886274 0.634158 1 0 1.000000
  0 -76.114288 217.271820 -79.126030 0.707099 0.707115 0.000001 0.886274 0.616780 1 0 1.000000
  0 -85.314415 226.471924 -88.486710 0.707109 0.707104 -0.000002 0.886274 0.631550 1 0 1.000000
elevator_caps
  0 -85.314415 226.471924 -88.486710 0.707109 0.707104 -0.000002 0.886274 0.631550 1 0 1.000000
  0 -76.114288 217.271820 -79.126030 0.707099 0.707115 0.000001 0.886274 0.616780 1 0 1.000000
  0 -75.813324 216.970856 -79.918869 0.707099 0.707115 0.000001 0.886274 0.616780 1 0 1.000000
elevator_caps
  0 85.314301 226.471939 -105.825920 0.707106 0.707108 -0.000001 0.668431 0.700126 1 0 1.000000
  0 83.222870 228.563370 -105.825920 0.707106 0.707108 -0.000001 0.666958 0.701599 1 0 1.000000
  0 85.314133 226.472122 -88.486710 0.707106 0.707108 -0.000001 0.668431 0.700126 1 0 1.000000
elevator_caps
  0 85.314133 226.472122 -88.486710 0.707106 0.707108 -0.000001 0.668431 0.700126 1 0 1.000000
  0 83.222870 228.563370 -105.825920 0.707106 0.707108 -0.000001 0.666958 0.701599 1 0 1.000000
  0 83.222702 228.563553 -88.486710 0.707106 0.707108 -0.000001 0.666958 0.701599 1 0 1.000000
elevator_caps
  0 75.813072 216.971008 -79.918869 0.334459 0.334459 0.881064 0.661738 0.693433 1 0 1.000000
  0 85.314133 226.472122 -88.486710 0.387017 0.387016 0.836921 0.668431 0.700126 1 0 1.000000
  0 73.721642 219.062439 -79.918869 0.334459 0.334459 0.881064 0.660265 0.694906 1 0 1.000000
elevator_caps
  0 85.314133 226.472122 -88.486710 0.387017 0.387016 0.836921 0.668431 0.700126 1 0 1.000000
  0 83.222702 228.563553 -88.486710 0.387017 0.387016 0.836921 0.666958 0.701599 1 0 1.000000
  0 73.721642 219.062439 -79.918869 0.334459 0.334459 0.881064 0.660265 0.694906 1 0 1.000000
elevator_caps
  0 -75.813293 69.527145 -79.918877 0.672576 -0.739920 -0.012618 0.274495 0.499171 1 0 1.000000
  0 -72.833061 72.222618 -79.939224 0.672576 -0.739920 -0.012618 0.274495 0.511754 1 0 1.000000
  0 -76.114258 69.226181 -79.126038 0.672576 -0.739920 -0.012618 0.274495 0.499171 1 0 1.000000
elevator_caps
  0 83.222702 228.563553 -88.486710 0.707101 -0.707112 0.000006 0.887284 0.794981 1 0 1.000000
  0 83.222870 228.563370 -105.825920 0.707099 -0.707115 0.000015 0.887284 0.803125 1 0 1.000000
  0 83.859169 229.199661 -105.825920 0.707099 -0.707115 0.000015 0.887284 0.805981 1 0 1.000000
elevator_caps
  0 83.859001 229.199844 -87.999992 0.707101 -0.707112 0.000006 0.887284 0.797925 1 0 1.000000
  0 83.222702 228.563553 -88.486710 0.707101 -0.707112 0.000006 0.887284 0.794981 1 0 1.000000
  0 83.859169 229.199661 -105.825920 0.707099 -0.707115 0.000015 0.887284 0.805981 1 0 1.000000
elevator_caps
  0 83.859001 229.199844 -87.999992 0.707101 -0.707112 0.000006 0.887284 0.797925 1 0 1.000000
  0 74.022606 219.363403 -79.126030 0.707107 -0.707106 -0.000003 0.887284 0.780544 1 0 1.000000
  0 83.222702 228.563553 -88.486710 0.707101 -0.707112 0.000006 0.887284 0.794981 1 0 1.000000
elevator_caps
  0 83.222702 228.563553 -88.486710 0.707101 -0.707112 0.000006 0.887284 0.794981 1 0 1.000000
  0 74.022606 219.363403 -79.126030 0.707107 -0.707106 -0.000003 0.887284 0.780544 1 0 1.000000
  0 73.721642 219.062439 -79.918869 0.707107 -0.707106 -0.000003 0.887284 0.780544 1 0 1.000000
elevator_caps
  0 -85.314392 60.026081 -88.486717 -0.707108 -0.707106 0.000000 0.548234 0.582874 1 0 1.000000
  0 -85.314392 60.026081 -105.825928 -0.707108 -0.707106 0.000000 0.548234 0.582874 1 0 1.000000
  0 -83.222969 57.934650 -88.486717 -0.707108 -0.707106 0.000000 0.549707 0.581401 1 0 1.000000
elevator_caps
  0 -85.314392 60.026081 -105.825928 -0.707108 -0.707106 0.000000 0.548234 0.582874 1 0 1.000000
  0 -83.222969 57.934650 -105.825928 -0.707108 -0.707106 0.000000 0.549707 0.581401 1 0 1.000000
  0 -83.222969 57.934650 -88.486717 -0.707108 -0.707106 0.000000 0.549707 0.581401 1 0 1.000000
elevator_caps
  0 -75.813293 69.527145 -79.918877 -0.334459 -0.334459 0.881064 0.554927 0.589567 1 0 1.000000
  0 -85.314392 60.026081 -88.486717 -0.387017 -0.387017 0.836920 0.548234 0.582874 1 0 1.000000
  0 -73.721870 67.435715 -79.918877 -0.334459 -0.334459 0.881064 0.556400 0.588094 1 0 1.000000
elevator_caps
  0 -85.314392 60.026081 -88.486717 -0.387017 -0.387017 0.836920 0.548234 0.582874 1 0 1.000000
  0 -83.222969 57.934650 -88.486717 -0.387017 -0.387017 0.836920 0.549707 0.581401 1 0 1.000000
  0 -73.721870 67.435715 -79.918877 -0.334459 -0.334459 0.881064 0.556400 0.588094 1 0 1.000000
elevator_caps
  0 73.721786 67.435745 -79.918877 0.739919 0.672578 -0.012618 0.979818 0.165195 1 0 1.000000
  0 71.026314 70.415977 -79.939224 0.739919 0.672578 -0.012618 0.979818 0.176251 1 0 1.000000
  0 74.022758 67.134773 -79.126038 0.739919 0.672578 -0.012618 0.975314 0.165195 1 0 1.000000
elevator_caps
  0 85.314384 60.026001 -88.486794 -0.707109 -0.707105 0.000018 0.291759 0.456074 1 0 1.000000
  0 85.315269 60.024319 -105.825928 -0.707113 -0.707100 0.000032 0.291759 0.432128 1 0 1.000000
  0 85.951569 59.388020 -105.825928 -0.707113 -0.707100 0.000032 0.291759 0.424708 1 0 1.000000
elevator_caps
  0 85.950600 59.389786 -88.000000 -0.707109 -0.707105 0.000018 0.291759 0.448402 1 0 1.000000
  0 85.314384 60.026001 -88.486794 -0.707109 -0.707105 0.000018 0.291759 0.456074 1 0 1.000000
  0 85.951569 59.388020 -105.825928 -0.707113 -0.707100 0.000032 0.291759 0.424708 1 0 1.000000
elevator_caps
  0 85.950600 59.389786 -88.000000 -0.707109 -0.707105 0.000018 0.291759 0.448402 1 0 1.000000
  0 76.114182 69.226204 -79.126038 -0.707105 -0.707108 0.000001 0.291759 0.499510 1 0 1.000000
  0 85.314384 60.026001 -88.486794 -0.707109 -0.707105 0.000018 0.291759 0.456074 1 0 1.000000
elevator_caps
  0 85.314384 60.026001 -88.486794 -0.707109 -0.707105 0.000018 0.291759 0.456074 1 0 1.000000
  0 76.114182 69.226204 -79.126038 -0.707105 -0.707108 0.000001 0.291759 0.499510 1 0 1.000000
  0 75.813217 69.527168 -79.918877 -0.707105 -0.707108 0.000001 0.291759 0.499510 1 0 1.000000
elevator_caps
  0 73.721786 67.435745 -79.918877 0.334459 -0.334458 0.881065 0.660265 0.588094 1 0 1.000000
  0 83.222961 57.934574 -88.486794 0.387016 -0.387016 0.836921 0.666958 0.581401 1 0 1.000000
  0 75.813217 69.527168 -79.918877 0.334459 -0.334458 0.881065 0.661738 0.589567 1 0 1.000000
elevator_caps
  0 83.222961 57.934574 -88.486794 0.387016 -0.387016 0.836921 0.666958 0.581401 1 0 1.000000
  0 85.314384 60.026001 -88.486794 0.387016 -0.387016 0.836921 0.668431 0.582874 1 0 1.000000
  0 75.813217 69.527168 -79.918877 0.334459 -0.334458 0.881065 0.661738 0.589567 1 0 1.000000
elevator_caps
  0 -76.114288 217.271820 -79.126030 0.672576 0.739920 -0.012621 0.886274 0.616780 1 0 1.000000
  0 -72.833092 214.275375 -79.939217 0.672576 0.739920 -0.012621 0.886274 0.612491 1 0 1.000000
  0 -75.813324 216.970856 -79.918869 0.672576 0.739920 -0.012621 0.886274 0.616780 1 0 1.000000
elevator_caps
  0 -83.222969 57.934650 -88.486717 -0.707106 0.707107 0.000001 0.978474 0.272361 1 0 1.000000
  0 -83.222969 57.934650 -105.825928 -0.707106 0.707107 0.000000 0.978474 0.299608 1 0 1.000000
  0 -83.859268 57.298351 -105.825928 -0.707106 0.707107 0.000000 0.973810 0.299608 1 0 1.000000
elevator_caps
  0 -83.859268 57.298351 -88.000000 -0.707106 0.707107 0.000001 0.973681 0.272361 1 0 1.000000
  0 -83.222969 57.934650 -88.486717 -0.707106 0.707107 0.000001 0.978474 0.272361 1 0 1.000000
  0 -83.859268 57.298351 -105.825928 -0.707106 0.707107 0.000000 0.973810 0.299608 1 0 1.000000
elevator_caps
  0 -83.859268 57.298351 -88.000000 -0.707106 0.707107 0.000001 0.973681 0.272361 1 0 1.000000
  0 -74.022835 67.134750 -79.126038 -0.707103 0.707111 0.000004 0.973951 0.216373 1 0 1.000000
  0 -83.222969 57.934650 -88.486717 -0.707106 0.707107 0.000001 0.978474 0.272361 1 0 1.000000
elevator_caps
  0 -83.222969 57.934650 -88.486717 -0.707106 0.707107 0.000001 0.978474 0.272361 1 0 1.000000
  0 -74.022835 67.134750 -79.126038 -0.707103 0.707111 0.000004 0.973951 0.216373 1 0 1.000000
  0 -73.721870 67.435715 -79.918877 -0.707103 0.707111 0.000004 0.978474 0.216373 1 0 1.000000
elevator_caps
  0 74.022606 219.363403 -79.126030 0.739922 -0.672574 -0.012620 0.887284 0.780544 1 0 1.000000
  0 71.026176 216.082199 -79.939217 0.739922 -0.672574 -0.012620 0.887284 0.776272 1 0 1.000000
  0 73.721642 219.062439 -79.918869 0.739922 -0.672574 -0.012620 0.887284 0.780544 1 0 1.000000
elevator_caps
  0 -76.114258 69.226181 -79.126038 0.707107 -0.707106 -0.000006 0.274495 0.499171 1 0 1.000000
  0 -85.314392 60.026081 -88.486717 0.707106 -0.707107 -0.000003 0.274495 0.455727 1 0 1.000000
  0 -75.813293 69.527145 -79.918877 0.707107 -0.707106 -0.000006 0.274495 0.499171 1 0 1.000000
elevator_caps
  0 -85.950691 59.389782 -88.000000 0.707106 -0.707107 -0.000003 0.274495 0.448061 1 0 1.000000
  0 -85.314392 60.026081 -88.486717 0.707106 -0.707107 -0.000003 0.274495 0.455727 1 0 1.000000
  0 -76.114258 69.226181 -79.126038 0.707107 -0.707106 -0.000006 0.274495 0.499171 1 0 1.000000
elevator_caps
  0 -85.950691 59.389782 -88.000000 0.707106 -0.707107 -0.000003 0.274495 0.448061 1 0 1.000000
  0 -85.950691 59.389782 -105.825928 0.707106 -0.707107 0.000000 0.274495 0.424372 1 0 1.000000
  0 -85.314392 60.026081 -88.486717 0.707106 -0.707107 -0.000003 0.274495 0.455727 1 0 1.000000
elevator_caps
  0 -85.950691 59.389782 -105.825928 0.707106 -0.707107 0.000000 0.274495 0.424372 1 0 1.000000
  0 -85.314392 60.026081 -105.825928 0.707106 -0.707107 0.000000 0.274495 0.431960 1 0 1.000000
  0 -85.314392 60.026081 -88.486717 0.707106 -0.707107 -0.000003 0.274495 0.455727 1 0 1.000000
elevator_caps
  0 76.114182 69.226204 -79.126038 -0.672577 -0.739920 -0.012619 0.291759 0.499510 1 0 1.000000
  0 72.832977 72.222641 -79.939224 -0.672577 -0.739920 -0.012619 0.291759 0.512125 1 0 1.000000
  0 75.813217 69.527168 -79.918877 -0.672577 -0.739920 -0.012619 0.291759 0.499510 1 0 1.000000
elevator_caps
  0 74.022758 67.134773 -79.126038 0.707107 0.707107 0.000003 0.975314 0.165195 1 0 1.000000
  0 83.222961 57.934574 -88.486794 0.707109 0.707105 -0.000016 0.980027 0.109927 1 0 1.000000
  0 73.721786 67.435745 -79.918877 0.707107 0.707107 0.000003 0.979818 0.165195 1 0 1.000000
elevator_caps
  0 83.859177 57.298359 -88.000000 0.707109 0.707105 -0.000016 0.975510 0.109927 1 0 1.000000
  0 83.222961 57.934574 -88.486794 0.707109 0.707105 -0.000016 0.980027 0.109927 1 0 1.000000
  0 74.022758 67.134773 -79.126038 0.707107 0.707107 0.000003 0.975314 0.165195 1 0 1.000000
elevator_caps
  0 83.859177 57.298359 -88.000000 0.707109 0.707105 -0.000016 0.975510 0.109927 1 0 1.000000
  0 83.860153 57.296612 -105.825928 0.707113 0.707101 -0.000031 0.975427 0.082859 1 0 1.000000
  0 83.222961 57.934574 -88.486794 0.707109 0.707105 -0.000016 0.980027 0.109927 1 0 1.000000
elevator_caps
  0 83.860153 57.296612 -105.825928 0.707113 0.707101 -0.000031 0.975427 0.082859 1 0 1.000000
  0 83.223854 57.932911 -105.825928 0.707113 0.707101 -0.000031 0.979864 0.082859 1 0 1.000000
  0 83.222961 57.934574 -88.486794 0.707109 0.707105 -0.000016 0.980027 0.109927 1 0 1.000000
elevator_caps
  0 -74.022835 67.134750 -79.126038 -0.739918 0.672578 -0.012621 0.973951 0.216373 1 0 1.000000
  0 -71.026390 70.415939 -79.939224 -0.739918 0.672578 -0.012621 0.978474 0.203423 1 0 1.000000
  0 -73.721870 67.435715 -79.918877 -0.739918 0.672578 -0.012621 0.978474 0.216373 1 0 1.000000
elevator_caps
  0 76.114037 217.271988 -79.126030 -0.707113 0.707101 -0.000007 0.797861 0.672692 1 0 1.000000
  0 85.314133 226.472122 -88.486710 -0.707109 0.707104 -0.000009 0.797861 0.687462 1 0 1.000000
  0 75.813072 216.971008 -79.918869 -0.707113 0.707101 -0.000007 0.797861 0.672692 1 0 1.000000
elevator_caps
  0 85.950432 227.108429 -87.999992 -0.707109 0.707104 -0.000009 0.797861 0.690070 1 0 1.000000
  0 85.314133 226.472122 -88.486710 -0.707109 0.707104 -0.000009 0.797861 0.687462 1 0 1.000000
  0 76.114037 217.271988 -79.126030 -0.707113 0.707101 -0.000007 0.797861 0.672692 1 0 1.000000
elevator_caps
  0 85.950432 227.108429 -87.999992 -0.707109 0.707104 -0.000009 0.797861 0.690070 1 0 1.000000
  0 85.950592 227.108246 -105.825920 -0.707105 0.707109 -0.000015 0.797861 0.698127 1 0 1.000000
  0 85.314133 226.472122 -88.486710 -0.707109 0.707104 -0.000009 0.797861 0.687462 1 0 1.000000
elevator_caps
  0 85.950592 227.108246 -105.825920 -0.707105 0.707109 -0.000015 0.797861 0.698127 1 0 1.000000
  0 85.314301 226.471939 -105.825920 -0.707105 0.707109 -0.000015 0.797861 0.695604 1 0 1.000000
  0 85.314133 226.472122 -88.486710 -0.707109 0.707104 -0.000009 0.797861 0.687462 1 0 1.000000
elevator_caps
  0 1.158038 35.349697 -80.149597 0.086630 -0.996240 0.000000 0.718414 0.158597 1 0 1.000000
  0 1.158038 35.349697 -88.000000 0.086630 -0.996240 0.000000 0.718414 0.134897 1 0 1.000000
  0 41.445827 43.359211 -80.149597 0.379240 -0.925298 0.000000 0.837974 0.158597 1 0 1.000000
elevator_caps
  0 1.158038 35.349697 -88.000000 0.086630 -0.996240 0.000000 0.718414 0.134897 1 0 1.000000
  0 41.445827 43.359211 -88.000000 0.379240 -0.925298 0.000000 0.837974 0.134897 1 0 1.000000
  0 41.445827 43.359211 -80.149597 0.379240 -0.925298 0.000000 0.837974 0.158597 1 0 1.000000
elevator_caps
  0 60.324825 53.248180 -80.149597 0.464006 -0.885832 0.000000 0.911854 0.158597 1 0 1.000000
  0 41.445827 43.359211 -80.149597 0.379240 -0.925298 0.000000 0.837974 0.158597 1 0 1.000000
  0 41.445827 43.359211 -88.000000 0.379240 -0.925298 0.000000 0.837974 0.134897 1 0 1.000000
elevator_caps
  0 60.324825 53.248180 -88.000000 0.464006 -0.885832 0.000000 0.898252 0.134897 1 0 1.000000
  0 60.324825 53.248180 -80.149597 0.464006 -0.885832 0.000000 0.911854 0.158597 1 0 1.000000
  0 41.445827 43.359211 -88.000000 0.379240 -0.925298 0.000000 0.837974 0.134897 1 0 1.000000
elevator_caps
  0 -74.022865 219.363251 -79.126030 -0.707108 -0.707106 0.000002 0.797861 0.726337 1 0 1.000000
  0 -83.222992 228.563354 -88.486710 -0.707106 -0.707107 0.000002 0.797861 0.741051 1 0 1.000000
  0 -73.721901 219.062286 -79.918869 -0.707108 -0.707106 0.000002 0.797861 0.726337 1 0 1.000000
elevator_caps
  0 -83.859291 229.199661 -87.999992 -0.707106 -0.707107 0.000002 0.797861 0.743718 1 0 1.000000
  0 -83.222992 228.563354 -88.486710 -0.707106 -0.707107 0.000002 0.797861 0.741051 1 0 1.000000
  0 -74.022865 219.363251 -79.126030 -0.707108 -0.707106 0.000002 0.797861 0.726337 1 0 1.000000
elevator_caps
  0 -83.859291 229.199661 -87.999992 -0.707106 -0.707107 0.000002 0.797861 0.743718 1 0 1.000000
  0 -83.859283 229.199646 -105.825920 -0.707106 -0.707108 0.000000 0.797861 0.751774 1 0 1.000000
  0 -83.222992 228.563354 -88.486710 -0.707106 -0.707107 0.000002 0.797861 0.741051 1 0 1.000000
elevator_caps
  0 -83.859283 229.199646 -105.825920 -0.707106 -0.707108 0.000000 0.797861 0.751774 1 0 1.000000
  0 -83.222992 228.563354 -105.825920 -0.707106 -0.707108 0.000000 0.797861 0.749205 1 0 1.000000
  0 -83.222992 228.563354 -88.486710 -0.707106 -0.707107 0.000002 0.797861 0.741051 1 0 1.000000
elevator_caps
  0 -60.325218 53.248325 -88.000000 0.831704 -0.555219 0.000000 0.897387 0.246241 1 0 1.000000
  0 -60.325218 53.248325 -80.149597 0.831704 -0.555219 0.000000 0.911881 0.223308 1 0 1.000000
  0 -67.000336 43.249153 -88.000000 0.831704 -0.555219 0.000000 0.911784 0.272394 1 0 1.000000
elevator_caps
  0 -72.833092 214.275375 -79.939217 0.152202 -0.100650 0.983211 0.886274 0.612491 1 0 1.000000
  0 -76.114288 217.271820 -79.126030 0.152202 -0.100650 0.983211 0.886274 0.616780 1 0 1.000000
  0 -93.990593 182.295609 -79.939217 0.165639 -0.068198 0.983825 0.842081 0.612491 1 0 1.000000
elevator_caps
  0 -98.115990 183.986435 -79.126030 0.165639 -0.068198 0.983825 0.842081 0.616780 1 0 1.000000
  0 -93.990593 182.295609 -79.939217 0.165639 -0.068198 0.983825 0.842081 0.612491 1 0 1.000000
  0 -76.114288 217.271820 -79.126030 0.152202 -0.100650 0.983211 0.886274 0.616780 1 0 1.000000
elevator_caps
  0 -98.115990 183.986435 -79.126030 0.165639 -0.068198 0.983825 0.842081 0.616780 1 0 1.000000
  0 -105.967407 144.643768 -79.126030 0.178872 -0.035663 0.983226 0.798572 0.616780 1 0 1.000000
  0 -93.990593 182.295609 -79.939217 0.165639 -0.068198 0.983825 0.842081 0.612491 1 0 1.000000
elevator_caps
  0 -93.990593 182.295609 -79.939217 0.165639 -0.068198 0.983825 0.842081 0.612491 1 0 1.000000
  0 -105.967407 144.643768 -79.126030 0.178872 -0.035663 0.983226 0.798572 0.616780 1 0 1.000000
  0 -101.528450 144.451111 -79.939217 0.178872 -0.035663 0.983226 0.798572 0.612491 1 0 1.000000
elevator_caps
  0 -60.325218 53.248325 -88.000000 0.000000 0.000000 1.000000 0.084627 0.651098 1 0 1.000000
  0 -67.000336 43.249153 -88.000000 0.000000 0.000000 1.000000 0.084553 0.621457 1 0 1.000000
  0 -41.445965 43.359268 -88.000000 0.000000 0.000000 1.000000 0.152463 0.650975 1 0 1.000000
elevator_caps
  0 -41.445965 43.359268 -88.000000 0.000000 0.000000 1.000000 0.152463 0.650975 1 0 1.000000
  0 -67.000336 43.249153 -88.000000 0.000000 0.000000 1.000000 0.084553 0.621457 1 0 1.000000
  0 -67.000336 20.906485 -88.000000 0.000000 0.000000 1.000000 0.084506 0.556094 1 0 1.000000
elevator_caps
  0 -45.999584 9.906167 -88.000000 0.000000 0.000000 1.000000 0.152463 0.556069 1 0 1.000000
  0 -41.445965 43.359268 -88.000000 0.000000 0.000000 1.000000 0.152463 0.650975 1 0 1.000000
  0 -67.000336 20.906485 -88.000000 0.000000 0.000000 1.000000 0.084506 0.556094 1 0 1.000000
elevator_caps
  0 -41.445965 43.359268 -88.000000 0.000000 0.000000 1.000000 0.152463 0.650975 1 0 1.000000
  0 -45.999584 9.906167 -88.000000 0.000000 0.000000 1.000000 0.152463 0.556069 1 0 1.000000
  0 -1.158127 35.349697 -88.000000 0.000000 0.000000 1.000000 0.279466 0.650975 1 0 1.000000
elevator_caps
  0 -1.158128 1.007030 -88.000000 0.000000 0.000000 1.000000 0.279466 0.556069 1 0 1.000000
  0 -1.158127 35.349697 -88.000000 0.000000 0.000000 1.000000 0.279466 0.650975 1 0 1.000000
  0 -45.999584 9.906167 -88.000000 0.000000 0.000000 1.000000 0.152463 0.556069 1 0 1.000000
elevator_caps
  0 71.026176 216.082199 -79.939217 -0.100649 -0.152203 0.983211 0.887284 0.776272 1 0 1.000000
  0 74.022606 219.363403 -79.126030 -0.100649 -0.152203 0.983211 0.887284 0.780544 1 0 1.000000
  0 39.046070 237.239700 -79.939217 -0.068204 -0.165858 0.983788 0.842979 0.776272 1 0 1.000000
elevator_caps
  0 40.736900 241.365097 -79.126030 -0.068204 -0.165858 0.983788 0.842979 0.780544 1 0 1.000000
  0 39.046070 237.239700 -79.939217 -0.068204 -0.165858 0.983788 0.842979 0.776272 1 0 1.000000
  0 74.022606 219.363403 -79.126030 -0.100649 -0.152203 0.983211 0.887284 0.780544 1 0 1.000000
elevator_caps
  0 40.736900 241.365097 -79.126030 -0.068204 -0.165858 0.983788 0.842979 0.780544 1 0 1.000000
  0 1.157970 249.236710 -79.126030 -0.035675 -0.179307 0.983146 0.799418 0.780544 1 0 1.000000
  0 39.046070 237.239700 -79.939217 -0.068204 -0.165858 0.983788 0.842979 0.776272 1 0 1.000000
elevator_caps
  0 39.046070 237.239700 -79.939217 -0.068204 -0.165858 0.983788 0.842979 0.776272 1 0 1.000000
  0 1.157970 249.236710 -79.126030 -0.035675 -0.179307 0.983146 0.799418 0.780544 1 0 1.000000
  0 1.157956 244.781006 -79.939217 -0.035675 -0.179307 0.983146 0.799418 0.776272 1 0 1.000000
elevator_caps
  0 -85.950714 227.108231 -87.999992 -0.421677 0.351398 0.835887 0.886274 0.634158 1 0 1.000000
  0 -110.999809 189.249786 -87.999992 -0.506342 0.207530 0.836988 0.842081 0.634158 1 0 1.000000
  0 -76.114288 217.271820 -79.126030 -0.364529 0.303773 0.880250 0.886274 0.616780 1 0 1.000000
elevator_caps
  0 -76.114288 217.271820 -79.126030 -0.364529 0.303773 0.880250 0.886274 0.616780 1 0 1.000000
  0 -110.999809 189.249786 -87.999992 -0.506342 0.207530 0.836988 0.842081 0.634158 1 0 1.000000
  0 -98.115990 183.986435 -79.126030 -0.437038 0.179153 0.881420 0.842081 0.616780 1 0 1.000000
elevator_caps
  0 -110.999809 189.249786 -87.999992 -0.506342 0.207530 0.836988 0.842081 0.634158 1 0 1.000000
  0 -119.879013 144.643738 -87.999992 -0.546837 0.047557 0.835887 0.798572 0.634158 1 0 1.000000
  0 -98.115990 183.986435 -79.126030 -0.437038 0.179153 0.881420 0.842081 0.616780 1 0 1.000000
elevator_caps
  0 -98.115990 183.986435 -79.126030 -0.437038 0.179153 0.881420 0.842081 0.616780 1 0 1.000000
  0 -119.879013 144.643738 -87.999992 -0.546837 0.047557 0.835887 0.798572 0.634158 1 0 1.000000
  0 -105.967407 144.643768 -79.126030 -0.471642 0.041017 0.880836 0.798572 0.616780 1 0 1.000000
elevator_caps
  0 -1.158140 263.148315 -87.999985 -0.047547 0.546838 0.835887 0.885730 0.743718 1 0 1.000000
  0 -46.000343 254.248856 -87.999992 -0.207530 0.506342 0.836988 0.842179 0.743718 1 0 1.000000
  0 -1.158196 249.236725 -79.126030 -0.041009 0.471641 0.880836 0.885730 0.726337 1 0 1.000000
elevator_caps
  0 -1.158196 249.236725 -79.126030 -0.041009 0.471641 0.880836 0.885730 0.726337 1 0 1.000000
  0 -46.000343 254.248856 -87.999992 -0.207530 0.506342 0.836988 0.842179 0.743718 1 0 1.000000
  0 -40.736965 241.365051 -79.126030 -0.179153 0.437036 0.881421 0.842179 0.726337 1 0 1.000000
elevator_caps
  0 -46.000343 254.248856 -87.999992 -0.207530 0.506342 0.836988 0.842179 0.743718 1 0 1.000000
  0 -83.859291 229.199661 -87.999992 -0.351399 0.421677 0.835887 0.797861 0.743718 1 0 1.000000
  0 -40.736965 241.365051 -79.126030 -0.179153 0.437036 0.881421 0.842179 0.726337 1 0 1.000000
elevator_caps
  0 -40.736965 241.365051 -79.126030 -0.179153 0.437036 0.881421 0.842179 0.726337 1 0 1.000000
  0 -83.859291 229.199661 -87.999992 -0.351399 0.421677 0.835887 0.797861 0.743718 1 0 1.000000
  0 -74.022865 219.363251 -79.126030 -0.303773 0.364528 0.880251 0.797861 0.726337 1 0 1.000000
elevator_caps
  0 83.859001 229.199844 -87.999992 0.351397 0.421679 0.835887 0.887284 0.797925 1 0 1.000000
  0 46.000256 254.248917 -87.999992 0.207529 0.506343 0.836988 0.842979 0.797925 1 0 1.000000
  0 74.022606 219.363403 -79.126030 0.303771 0.364527 0.880252 0.887284 0.780544 1 0 1.000000
elevator_caps
  0 74.022606 219.363403 -79.126030 0.303771 0.364527 0.880252 0.887284 0.780544 1 0 1.000000
  0 46.000256 254.248917 -87.999992 0.207529 0.506343 0.836988 0.842979 0.797925 1 0 1.000000
  0 40.736900 241.365097 -79.126030 0.179152 0.437036 0.881422 0.842979 0.780544 1 0 1.000000
elevator_caps
  0 46.000256 254.248917 -87.999992 0.207529 0.506343 0.836988 0.842979 0.797925 1 0 1.000000
  0 1.158026 263.148315 -87.999985 0.047551 0.546838 0.835887 0.799418 0.797925 1 0 1.000000
  0 40.736900 241.365097 -79.126030 0.179152 0.437036 0.881422 0.842979 0.780544 1 0 1.000000
elevator_caps
  0 40.736900 241.365097 -79.126030 0.179152 0.437036 0.881422 0.842979 0.780544 1 0 1.000000
  0 1.158026 263.148315 -87.999985 0.047551 0.546838 0.835887 0.799418 0.797925 1 0 1.000000
  0 1.157970 249.236710 -79.126030 0.041012 0.471640 0.880837 0.799418 0.780544 1 0 1.000000
elevator_caps
  0 119.878677 144.643753 -87.999992 0.546838 0.047548 0.835887 0.885564 0.690070 1 0 1.000000
  0 111.000412 189.248138 -87.999992 0.506343 0.207527 0.836988 0.842056 0.690070 1 0 1.000000
  0 105.967079 144.643799 -79.126030 0.471641 0.041010 0.880836 0.885564 0.672692 1 0 1.000000
elevator_caps
  0 105.967079 144.643799 -79.126030 0.471641 0.041010 0.880836 0.885564 0.672692 1 0 1.000000
  0 111.000412 189.248138 -87.999992 0.506343 0.207527 0.836988 0.842056 0.690070 1 0 1.000000
  0 98.116585 183.984818 -79.126030 0.437037 0.179151 0.881421 0.842056 0.672692 1 0 1.000000
elevator_caps
  0 111.000412 189.248138 -87.999992 0.506343 0.207527 0.836988 0.842056 0.690070 1 0 1.000000
  0 85.950432 227.108429 -87.999992 0.421677 0.351399 0.835887 0.797861 0.690070 1 0 1.000000
  0 98.116585 183.984818 -79.126030 0.437037 0.179151 0.881421 0.842056 0.672692 1 0 1.000000
elevator_caps
  0 98.116585 183.984818 -79.126030 0.437037 0.179151 0.881421 0.842056 0.672692 1 0 1.000000
  0 85.950432 227.108429 -87.999992 0.421677 0.351399 0.835887 0.797861 0.690070 1 0 1.000000
  0 76.114037 217.271988 -79.126030 0.364528 0.303774 0.880250 0.797861 0.672692 1 0 1.000000
elevator_caps
  0 85.950600 59.389786 -88.000000 0.421678 -0.351398 0.835887 0.291759 0.448402 1 0 1.000000
  0 111.000244 97.249954 -87.999992 0.506344 -0.207527 0.836988 0.421733 0.448402 1 0 1.000000
  0 76.114182 69.226204 -79.126038 0.364528 -0.303773 0.880251 0.291759 0.499510 1 0 1.000000
elevator_caps
  0 76.114182 69.226204 -79.126038 0.364528 -0.303773 0.880251 0.291759 0.499510 1 0 1.000000
  0 111.000244 97.249954 -87.999992 0.506344 -0.207527 0.836988 0.421733 0.448402 1 0 1.000000
  0 98.116417 102.513268 -79.126030 0.437037 -0.179150 0.881422 0.421733 0.499510 1 0 1.000000
elevator_caps
  0 111.000244 97.249954 -87.999992 0.506344 -0.207527 0.836988 0.421733 0.448402 1 0 1.000000
  0 119.878670 141.854279 -87.999992 0.546838 -0.047551 0.835887 0.549691 0.448402 1 0 1.000000
  0 98.116417 102.513268 -79.126030 0.437037 -0.179150 0.881422 0.421733 0.499510 1 0 1.000000
elevator_caps
  0 98.116417 102.513268 -79.126030 0.437037 -0.179150 0.881422 0.421733 0.499510 1 0 1.000000
  0 119.878670 141.854279 -87.999992 0.546838 -0.047551 0.835887 0.549691 0.448402 1 0 1.000000
  0 105.967072 141.854324 -79.126030 0.471641 -0.041012 0.880836 0.549691 0.499510 1 0 1.000000
elevator_caps
  0 74.022758 67.134773 -79.126038 0.303774 -0.364528 0.880250 0.975314 0.165195 1 0 1.000000
  0 59.269939 54.840771 -79.126038 0.262240 -0.392802 0.881440 0.911854 0.165195 1 0 1.000000
  0 83.859177 57.298359 -88.000000 0.351398 -0.421678 0.835887 0.975510 0.109927 1 0 1.000000
elevator_caps
  0 1.158038 35.349697 -80.149597 0.041012 -0.471642 0.880836 0.718414 0.158597 1 0 1.000000
  0 41.445827 43.359211 -80.149597 0.179152 -0.437037 0.881421 0.837974 0.158597 1 0 1.000000
  0 1.158038 37.261295 -79.126038 0.041012 -0.471642 0.880836 0.718226 0.165233 1 0 1.000000
elevator_caps
  0 1.158038 37.261295 -79.126038 0.041012 -0.471642 0.880836 0.718226 0.165233 1 0 1.000000
  0 41.445827 43.359211 -80.149597 0.179152 -0.437037 0.881421 0.837974 0.158597 1 0 1.000000
  0 40.736156 45.132629 -79.126038 0.179152 -0.437037 0.881421 0.837974 0.165195 1 0 1.000000
elevator_caps
  0 59.269939 54.840771 -79.126038 0.262240 -0.392802 0.881440 0.911854 0.165195 1 0 1.000000
  0 40.736156 45.132629 -79.126038 0.179152 -0.437037 0.881421 0.837974 0.165195 1 0 1.000000
  0 41.445827 43.359211 -80.149597 0.179152 -0.437037 0.881421 0.837974 0.158597 1 0 1.000000
elevator_caps
  0 60.324825 53.248180 -80.149597 0.292337 -0.402922 0.867290 0.911854 0.158597 1 0 1.000000
  0 59.269939 54.840771 -79.126038 0.262240 -0.392802 0.881440 0.911854 0.165195 1 0 1.000000
  0 41.445827 43.359211 -80.149597 0.179152 -0.437037 0.881421 0.837974 0.158597 1 0 1.000000
elevator_caps
  0 60.324825 53.248180 -80.149597 0.292337 -0.402922 0.867290 0.911854 0.158597 1 0 1.000000
  0 83.859177 57.298359 -88.000000 0.351398 -0.421678 0.835887 0.975510 0.109927 1 0 1.000000
  0 59.269939 54.840771 -79.126038 0.262240 -0.392802 0.881440 0.911854 0.165195 1 0 1.000000
elevator_caps
  0 66.999939 43.249004 -88.000000 0.351398 -0.421678 0.835887 0.911854 0.109927 1 0 1.000000
  0 83.859177 57.298359 -88.000000 0.351398 -0.421678 0.835887 0.975510 0.109927 1 0 1.000000
  0 60.324825 53.248180 -80.149597 0.292337 -0.402922 0.867290 0.911854 0.158597 1 0 1.000000
elevator_caps
  0 -119.879013 141.854263 -87.999992 -0.546837 -0.047559 0.835887 0.016567 0.448061 1 0 1.000000
  0 -111.000511 97.249878 -87.999992 -0.506343 -0.207528 0.836988 0.144564 0.448061 1 0 1.000000
  0 -105.967407 141.854294 -79.126030 -0.471642 -0.041019 0.880836 0.016567 0.499171 1 0 1.000000
elevator_caps
  0 -105.967407 141.854294 -79.126030 -0.471642 -0.041019 0.880836 0.016567 0.499171 1 0 1.000000
  0 -111.000511 97.249878 -87.999992 -0.506343 -0.207528 0.836988 0.144564 0.448061 1 0 1.000000
  0 -98.116684 102.513214 -79.126030 -0.437037 -0.179150 0.881421 0.144564 0.499171 1 0 1.000000
elevator_caps
  0 -111.000511 97.249878 -87.999992 -0.506343 -0.207528 0.836988 0.144564 0.448061 1 0 1.000000
  0 -85.950691 59.389782 -88.000000 -0.421678 -0.351398 0.835887 0.274495 0.448061 1 0 1.000000
  0 -98.116684 102.513214 -79.126030 -0.437037 -0.179150 0.881421 0.144564 0.499171 1 0 1.000000
elevator_caps
  0 -98.116684 102.513214 -79.126030 -0.437037 -0.179150 0.881421 0.144564 0.499171 1 0 1.000000
  0 -85.950691 59.389782 -88.000000 -0.421678 -0.351398 0.835887 0.274495 0.448061 1 0 1.000000
  0 -76.114258 69.226181 -79.126038 -0.364528 -0.303774 0.880250 0.274495 0.499171 1 0 1.000000
elevator_caps
  0 -67.000336 19.906487 -105.825928 -1.000000 0.000000 0.000000 0.084553 0.532063 1 0 1.000000
  0 -67.000336 20.906485 -88.000000 -1.000000 0.000000 0.000000 0.084506 0.556094 1 0 1.000000
  0 -67.000336 43.249153 -105.825928 -1.000000 0.000000 0.000000 0.017938 0.532054 1 0 1.000000
elevator_caps
  0 -67.000336 20.906485 -88.000000 -1.000000 0.000000 0.000000 0.084506 0.556094 1 0 1.000000
  0 -67.000336 43.249153 -88.000000 -1.000000 0.000000 0.000000 0.017974 0.556046 1 0 1.000000
  0 -67.000336 43.249153 -105.825928 -1.000000 0.000000 0.000000 0.017938 0.532054 1 0 1.000000
elevator_caps
  0 67.000206 19.906548 -105.825928 0.000000 0.000000 -1.000000 0.449682 0.674523 1 0 1.000000
  0 45.999847 8.906313 -105.825928 0.000000 0.000000 -1.000000 0.458466 0.669922 1 0 1.000000
  0 67.000206 43.249218 -105.825928 0.000000 0.000000 -1.000000 0.449682 0.684287 1 0 1.000000
elevator_caps
  0 1.158037 0.007032 -105.825928 0.000000 0.000000 -1.000000 0.477221 0.666200 1 0 1.000000
  0 1.158037 0.844462 -105.825928 0.000000 0.000000 -1.000000 0.477221 0.666550 1 0 1.000000
  0 45.999847 8.906313 -105.825928 0.000000 0.000000 -1.000000 0.458466 0.669922 1 0 1.000000
elevator_caps
  0 -1.158128 0.844460 -105.825928 0.000000 0.000000 -1.000000 0.478190 0.666550 1 0 1.000000
  0 -0.000002 54.846073 -105.825928 0.000000 0.000000 -1.000000 0.477706 0.689137 1 0 1.000000
  0 1.158037 0.844462 -105.825928 0.000000 0.000000 -1.000000 0.477221 0.666550 1 0 1.000000
elevator_caps
  0 1.158037 0.844462 -105.825928 0.000000 0.000000 -1.000000 0.477221 0.666550 1 0 1.000000
  0 -0.000002 54.846073 -105.825928 0.000000 0.000000 -1.000000 0.477706 0.689137 1 0 1.000000
  0 45.999847 8.906313 -105.825928 0.000000 0.000000 -1.000000 0.458466 0.669922 1 0 1.000000
elevator_caps
  0 33.942028 61.583576 -105.825928 0.000000 0.000000 -1.000000 0.463509 0.691955 1 0 1.000000
  0 45.999847 8.906313 -105.825928 0.000000 0.000000 -1.000000 0.458466 0.669922 1 0 1.000000
  0 -0.000002 54.846073 -105.825928 0.000000 0.000000 -1.000000 0.477706 0.689137 1 0 1.000000
elevator_caps
  0 45.999847 8.906313 -105.825928 0.000000 0.000000 -1.000000 0.458466 0.669922 1 0 1.000000
  0 33.942028 61.583576 -105.825928 0.000000 0.000000 -1.000000 0.463509 0.691955 1 0 1.000000
  0 67.000206 43.249218 -105.825928 0.000000 0.000000 -1.000000 0.449682 0.684287 1 0 1.000000
elevator_caps
  0 49.285610 69.765717 -105.825928 0.000000 0.000000 -1.000000 0.457091 0.695377 1 0 1.000000
  0 67.000206 43.249218 -105.825928 0.000000 0.000000 -1.000000 0.449682 0.684287 1 0 1.000000
  0 33.942028 61.583576 -105.825928 0.000000 0.000000 -1.000000 0.463509 0.691955 1 0 1.000000
elevator_caps
  0 67.000206 43.249218 -105.825928 0.000000 0.000000 -1.000000 0.449682 0.684287 1 0 1.000000
  0 49.285610 69.765717 -105.825928 0.000000 0.000000 -1.000000 0.457091 0.695377 1 0 1.000000
  0 83.860153 57.296612 -105.825928 0.000000 0.000000 -1.000000 0.442630 0.690162 1 0 1.000000
elevator_caps
  0 83.860153 57.296612 -105.825928 0.000000 0.000000 -1.000000 0.442630 0.690162 1 0 1.000000
  0 49.285610 69.765717 -105.825928 0.000000 0.000000 -1.000000 0.457091 0.695377 1 0 1.000000
  0 83.223854 57.932911 -105.825928 0.000000 -0.000001 -1.000000 0.442896 0.690428 1 0 1.000000
elevator_caps
  0 49.285610 69.765717 -105.825928 0.000000 0.000000 -1.000000 0.457091 0.695377 1 0 1.000000
  0 62.743305 80.780449 -105.825928 0.000000 -0.000001 -1.000000 0.451463 0.699984 1 0 1.000000
  0 83.223854 57.932911 -105.825928 0.000000 -0.000001 -1.000000 0.442896 0.690428 1 0 1.000000
elevator_caps
  0 83.223854 57.932911 -105.825928 0.000000 -0.000001 -1.000000 0.442896 0.690428 1 0 1.000000
  0 62.743305 80.780449 -105.825928 0.000000 -0.000001 -1.000000 0.451463 0.699984 1 0 1.000000
  0 85.315269 60.024319 -105.825928 0.000000 -0.000001 -1.000000 0.442022 0.691303 1 0 1.000000
elevator_caps
  0 82.035187 109.546593 -105.825920 0.000000 0.000000 -1.000000 0.443394 0.712016 1 0 1.000000
  0 85.315269 60.024319 -105.825928 0.000000 -0.000001 -1.000000 0.442022 0.691303 1 0 1.000000
  0 62.743305 80.780449 -105.825928 0.000000 -0.000001 -1.000000 0.451463 0.699984 1 0 1.000000
elevator_caps
  0 101.528122 144.451187 -79.939217 -0.178873 -0.035660 0.983226 0.885564 0.668403 1 0 1.000000
  0 105.967079 144.643799 -79.126030 -0.178873 -0.035660 0.983226 0.885564 0.672692 1 0 1.000000
  0 93.991180 182.293976 -79.939217 -0.165640 -0.068196 0.983825 0.842056 0.668403 1 0 1.000000
elevator_caps
  0 98.116585 183.984818 -79.126030 -0.165640 -0.068196 0.983825 0.842056 0.672692 1 0 1.000000
  0 93.991180 182.293976 -79.939217 -0.165640 -0.068196 0.983825 0.842056 0.668403 1 0 1.000000
  0 105.967079 144.643799 -79.126030 -0.178873 -0.035660 0.983226 0.885564 0.672692 1 0 1.000000
elevator_caps
  0 98.116585 183.984818 -79.126030 -0.165640 -0.068196 0.983825 0.842056 0.672692 1 0 1.000000
  0 76.114037 217.271988 -79.126030 -0.152202 -0.100648 0.983211 0.797861 0.672692 1 0 1.000000
  0 93.991180 182.293976 -79.939217 -0.165640 -0.068196 0.983825 0.842056 0.668403 1 0 1.000000
elevator_caps
  0 93.991180 182.293976 -79.939217 -0.165640 -0.068196 0.983825 0.842056 0.668403 1 0 1.000000
  0 76.114037 217.271988 -79.126030 -0.152202 -0.100648 0.983211 0.797861 0.672692 1 0 1.000000
  0 72.832840 214.275543 -79.939217 -0.152202 -0.100648 0.983211 0.797861 0.668403 1 0 1.000000
elevator_caps
  0 -67.000336 43.249153 -105.825928 -0.640187 -0.768219 0.000000 0.911784 0.299641 1 0 1.000000
  0 -67.000336 43.249153 -88.000000 -0.640187 -0.768219 0.000000 0.911784 0.272394 1 0 1.000000
  0 -83.859268 57.298351 -105.825928 -0.640187 -0.768219 0.000000 0.973810 0.299608 1 0 1.000000
elevator_caps
  0 -67.000336 43.249153 -88.000000 -0.640187 -0.768219 0.000000 0.911784 0.272394 1 0 1.000000
  0 -83.859268 57.298351 -88.000000 -0.640187 -0.768219 0.000000 0.973681 0.272361 1 0 1.000000
  0 -83.859268 57.298351 -105.825928 -0.640187 -0.768219 0.000000 0.973810 0.299608 1 0 1.000000
elevator_caps
  0 83.859177 57.298359 -88.000000 0.640150 -0.768250 0.000055 0.975510 0.109927 1 0 1.000000
  0 66.999939 43.249004 -88.000000 0.640150 -0.768250 0.000055 0.911854 0.109927 1 0 1.000000
  0 83.860153 57.296612 -105.825928 0.640150 -0.768250 0.000055 0.975427 0.082859 1 0 1.000000
elevator_caps
  0 67.000206 43.249218 -105.825928 0.640150 -0.768250 0.000055 0.911854 0.082859 1 0 1.000000
  0 83.860153 57.296612 -105.825928 0.640150 -0.768250 0.000055 0.975427 0.082859 1 0 1.000000
  0 66.999939 43.249004 -88.000000 0.640150 -0.768250 0.000055 0.911854 0.109927 1 0 1.000000
elevator_caps
  0 67.000206 19.906548 -105.825928 1.000000 0.000000 0.000014 0.505038 0.533732 1 0 1.000000
  0 67.000206 43.249218 -105.825928 1.000000 0.000000 0.000015 0.571653 0.533722 1 0 1.000000
  0 66.999939 20.906334 -88.000000 1.000000 0.000001 0.000016 0.504966 0.557695 1 0 1.000000
elevator_caps
  0 67.000206 43.249218 -105.825928 1.000000 0.000000 0.000015 0.571653 0.533722 1 0 1.000000
  0 66.999939 43.249004 -88.000000 1.000000 0.000001 0.000016 0.571653 0.557568 1 0 1.000000
  0 66.999939 20.906334 -88.000000 1.000000 0.000001 0.000016 0.504966 0.557695 1 0 1.000000
elevator_caps
  0 110.999794 97.249077 -105.825920 0.925298 -0.379240 -0.000001 0.421733 0.424708 1 0 1.000000
  0 85.950600 59.389786 -88.000000 0.768249 -0.640151 0.000052 0.291759 0.448402 1 0 1.000000
  0 85.951569 59.388020 -105.825928 0.768249 -0.640151 0.000052 0.291759 0.424708 1 0 1.000000
elevator_caps
  0 111.000244 97.249954 -87.999992 0.925298 -0.379240 -0.000001 0.421733 0.448402 1 0 1.000000
  0 85.950600 59.389786 -88.000000 0.768249 -0.640151 0.000052 0.291759 0.448402 1 0 1.000000
  0 110.999794 97.249077 -105.825920 0.925298 -0.379240 -0.000001 0.421733 0.424708 1 0 1.000000
elevator_caps
  0 110.999794 97.249077 -105.825920 0.925298 -0.379240 -0.000001 0.421733 0.424708 1 0 1.000000
  0 119.878662 141.854279 -105.825920 0.996241 -0.086629 -0.000001 0.549691 0.424708 1 0 1.000000
  0 111.000244 97.249954 -87.999992 0.925298 -0.379240 -0.000001 0.421733 0.448402 1 0 1.000000
elevator_caps
  0 111.000244 97.249954 -87.999992 0.925298 -0.379240 -0.000001 0.421733 0.448402 1 0 1.000000
  0 119.878662 141.854279 -105.825920 0.996241 -0.086629 -0.000001 0.549691 0.424708 1 0 1.000000
  0 119.878670 141.854279 -87.999992 0.996241 -0.086629 -0.000001 0.549691 0.448402 1 0 1.000000
elevator_caps
  0 -48.979046 0.536335 96.155640 -0.382683 -0.923880 0.000000 0.080832 0.781156 1 0 1.000000
  0 -71.106552 12.363732 96.155640 -0.471397 -0.881921 0.000000 0.016425 0.781156 1 0 1.000000
  0 -71.106552 12.363733 83.072037 -0.471397 -0.881921 0.000000 0.016425 0.735071 1 0 1.000000
elevator_caps
  0 -24.969301 -6.746940 96.155640 -0.192438 -0.981309 0.000000 0.145683 0.781156 1 0 1.000000
  0 -48.979046 0.536335 96.155640 -0.382683 -0.923880 0.000000 0.080832 0.781156 1 0 1.000000
  0 -71.106552 12.363733 83.072037 -0.471397 -0.881921 0.000000 0.016425 0.735071 1 0 1.000000
elevator_caps
  0 -24.969301 -6.746940 83.072037 -0.192438 -0.981309 0.000000 0.145683 0.735071 1 0 1.000000
  0 -24.969301 -6.746940 96.155640 -0.192438 -0.981309 0.000000 0.145683 0.781156 1 0 1.000000
  0 -71.106552 12.363733 83.072037 -0.471397 -0.881921 0.000000 0.016425 0.735071 1 0 1.000000
elevator_caps
  0 -24.969301 -6.746940 83.072037 -0.192438 -0.981309 0.000000 0.145683 0.735071 1 0 1.000000
  0 0.000000 -9.069967 83.072037 0.000000 -1.000000 0.000000 0.211132 0.735071 1 0 1.000000
  0 -24.969301 -6.746940 96.155640 -0.192438 -0.981309 0.000000 0.145683 0.781156 1 0 1.000000
elevator_caps
  0 0.000000 -9.069967 83.072037 0.000000 -1.000000 0.000000 0.211132 0.735071 1 0 1.000000
  0 0.000000 -9.069967 96.155640 0.000000 -1.000000 0.000000 0.211132 0.781156 1 0 1.000000
  0 -24.969301 -6.746940 96.155640 -0.192438 -0.981309 0.000000 0.145683 0.781156 1 0 1.000000
elevator_caps
  0 0.000000 -9.069967 96.155640 0.000000 -1.000000 0.000000 0.211132 0.781156 1 0 1.000000
  0 0.000000 -9.069967 83.072037 0.000000 -1.000000 0.000000 0.211132 0.735071 1 0 1.000000
  0 24.969301 -6.746937 83.072037 0.192438 -0.981309 0.000000 0.276605 0.735071 1 0 1.000000
elevator_caps
  0 24.969301 -6.746938 96.155640 0.192438 -0.981309 0.000000 0.276605 0.781156 1 0 1.000000
  0 0.000000 -9.069967 96.155640 0.000000 -1.000000 0.000000 0.211132 0.781156 1 0 1.000000
  0 24.969301 -6.746937 83.072037 0.192438 -0.981309 0.000000 0.276605 0.735071 1 0 1.000000
elevator_caps
  0 24.969301 -6.746937 83.072037 0.192438 -0.981309 0.000000 0.276605 0.735071 1 0 1.000000
  0 71.106552 12.363739 83.072037 0.471397 -0.881921 0.000000 0.406256 0.735071 1 0 1.000000
  0 24.969301 -6.746938 96.155640 0.192438 -0.981309 0.000000 0.276605 0.781156 1 0 1.000000
elevator_caps
  0 24.969301 -6.746938 96.155640 0.192438 -0.981309 0.000000 0.276605 0.781156 1 0 1.000000
  0 71.106552 12.363739 83.072037 0.471397 -0.881921 0.000000 0.406256 0.735071 1 0 1.000000
  0 48.979046 0.536339 96.155640 0.382683 -0.923880 0.000000 0.341550 0.781156 1 0 1.000000
elevator_caps
  0 48.979046 0.536339 96.155640 0.382683 -0.923880 0.000000 0.341550 0.781156 1 0 1.000000
  0 71.106552 12.363739 83.072037 0.471397 -0.881921 0.000000 0.406256 0.735071 1 0 1.000000
  0 71.106552 12.363739 96.155640 0.471397 -0.881921 0.000000 0.406256 0.781156 1 0 1.000000
elevator_caps
  0 72.832977 72.222641 -79.939224 -0.152203 0.100648 0.983211 0.291759 0.512125 1 0 1.000000
  0 76.114182 69.226204 -79.126038 -0.152203 0.100648 0.983211 0.291759 0.499510 1 0 1.000000
  0 93.991020 104.204079 -79.939217 -0.165640 0.068196 0.983825 0.421733 0.512125 1 0 1.000000
elevator_caps
  0 98.116417 102.513268 -79.126030 -0.165640 0.068196 0.983825 0.421733 0.499510 1 0 1.000000
  0 93.991020 104.204079 -79.939217 -0.165640 0.068196 0.983825 0.421733 0.512125 1 0 1.000000
  0 76.114182 69.226204 -79.126038 -0.152203 0.100648 0.983211 0.291759 0.499510 1 0 1.000000
elevator_caps
  0 98.116417 102.513268 -79.126030 -0.165640 0.068196 0.983825 0.421733 0.499510 1 0 1.000000
  0 105.967072 141.854324 -79.126030 -0.178873 0.035661 0.983226 0.549691 0.499510 1 0 1.000000
  0 93.991020 104.204079 -79.939217 -0.165640 0.068196 0.983825 0.421733 0.512125 1 0 1.000000
elevator_caps
  0 93.991020 104.204079 -79.939217 -0.165640 0.068196 0.983825 0.421733 0.512125 1 0 1.000000
  0 105.967072 141.854324 -79.126030 -0.178873 0.035661 0.983226 0.549691 0.499510 1 0 1.000000
  0 101.528114 142.046967 -79.939217 -0.178873 0.035661 0.983226 0.549691 0.512125 1 0 1.000000
elevator_caps
  0 -1.383204 17.859365 74.500366 -0.031759 -0.999490 0.003293 0.555183 0.802152 1 0 1.000000
  0 -1.383204 18.002819 66.223953 0.000000 -0.999850 -0.017330 0.555183 0.790315 1 0 1.000000
  0 1.383202 17.859365 74.500366 0.031759 -0.999490 0.003293 0.558891 0.801837 1 0 1.000000
elevator_caps
  0 -1.383204 18.002819 66.223953 0.000000 -0.999850 -0.017330 0.555183 0.790315 1 0 1.000000
  0 1.383202 18.002821 66.223953 0.000000 -0.999850 -0.017330 0.558891 0.790315 1 0 1.000000
  0 1.383202 17.859365 74.500366 0.031759 -0.999490 0.003293 0.558891 0.801837 1 0 1.000000
elevator_caps
  0 116.223976 95.381523 74.500374 0.923879 -0.382684 -0.000001 0.661694 0.801352 1 0 1.000000
  0 125.799927 143.523071 74.500374 1.000000 0.000000 0.000000 0.709722 0.801352 1 0 1.000000
  0 125.799927 143.523071 76.920303 1.000000 0.000000 0.000000 0.709722 0.803971 1 0 1.000000
elevator_caps
  0 116.223976 95.381523 76.920303 0.923879 -0.382684 -0.000001 0.661694 0.803971 1 0 1.000000
  0 116.223976 95.381523 74.500374 0.923879 -0.382684 -0.000001 0.661694 0.801352 1 0 1.000000
  0 125.799927 143.523071 76.920303 1.000000 0.000000 0.000000 0.709722 0.803971 1 0 1.000000
elevator_caps
  0 116.223976 95.381523 74.500374 0.923879 -0.382684 -0.000001 0.661694 0.801352 1 0 1.000000
  0 116.223976 95.381523 76.920303 0.923879 -0.382684 -0.000001 0.661694 0.803971 1 0 1.000000
  0 89.835732 55.643490 74.500366 0.729204 -0.684289 0.003293 0.618261 0.801352 1 0 1.000000
elevator_caps
  0 88.857658 54.665417 76.920296 0.706991 -0.706989 0.018189 0.616195 0.803971 1 0 1.000000
  0 89.835732 55.643490 74.500366 0.729204 -0.684289 0.003293 0.618261 0.801352 1 0 1.000000
  0 116.223976 95.381523 76.920303 0.923879 -0.382684 -0.000001 0.661694 0.803971 1 0 1.000000
elevator_caps
  0 89.835732 55.643490 74.500366 0.729204 -0.684289 0.003293 0.618261 0.801352 1 0 1.000000
  0 88.857658 54.665417 76.920296 0.706991 -0.706989 0.018189 0.616195 0.803971 1 0 1.000000
  0 87.879585 53.687344 74.500366 0.684289 -0.729203 0.003294 0.614469 0.801837 1 0 1.000000
elevator_caps
  0 88.857658 54.665417 76.920296 0.706991 -0.706989 0.018189 0.616195 0.803971 1 0 1.000000
  0 69.890701 38.924248 76.920296 0.556679 -0.830615 0.013669 0.606971 0.803971 1 0 1.000000
  0 87.879585 53.687344 74.500366 0.684289 -0.729203 0.003294 0.614469 0.801837 1 0 1.000000
elevator_caps
  0 69.890701 38.924248 74.500366 0.556679 -0.830615 0.013669 0.606971 0.801837 1 0 1.000000
  0 87.879585 53.687344 74.500366 0.684289 -0.729203 0.003294 0.614469 0.801837 1 0 1.000000
  0 69.890701 38.924248 76.920296 0.556679 -0.830615 0.013669 0.606971 0.803971 1 0 1.000000
elevator_caps
  0 24.542351 20.140345 74.500366 0.193703 -0.980965 0.013668 0.571576 0.801837 1 0 1.000000
  0 69.890701 38.924248 74.500366 0.556679 -0.830615 0.013669 0.606971 0.801837 1 0 1.000000
  0 69.890701 38.924248 76.920296 0.556679 -0.830615 0.013669 0.606971 0.803971 1 0 1.000000
elevator_caps
  0 24.542351 20.140345 76.920296 0.193703 -0.980965 0.013668 0.571576 0.803971 1 0 1.000000
  0 24.542351 20.140345 74.500366 0.193703 -0.980965 0.013668 0.571576 0.801837 1 0 1.000000
  0 69.890701 38.924248 76.920296 0.556679 -0.830615 0.013669 0.606971 0.803971 1 0 1.000000
elevator_caps
  0 24.542351 20.140345 76.920296 0.193703 -0.980965 0.013668 0.571576 0.803971 1 0 1.000000
  0 1.383202 17.859365 74.500366 0.031759 -0.999490 0.003293 0.558891 0.801837 1 0 1.000000
  0 24.542351 20.140345 74.500366 0.193703 -0.980965 0.013668 0.571576 0.801837 1 0 1.000000
elevator_caps
  0 -0.000001 17.859365 76.920296 0.000000 -0.999834 0.018188 0.557073 0.803971 1 0 1.000000
  0 1.383202 17.859365 74.500366 0.031759 -0.999490 0.003293 0.558891 0.801837 1 0 1.000000
  0 24.542351 20.140345 76.920296 0.193703 -0.980965 0.013668 0.571576 0.803971 1 0 1.000000
elevator_caps
  0 1.383202 17.859365 74.500366 0.031759 -0.999490 0.003293 0.558891 0.801837 1 0 1.000000
  0 -0.000001 17.859365 76.920296 0.000000 -0.999834 0.018188 0.557073 0.803971 1 0 1.000000
  0 -1.383204 17.859365 74.500366 -0.031759 -0.999490 0.003293 0.555183 0.802152 1 0 1.000000
elevator_caps
  0 -0.000001 17.859365 76.920296 0.000000 -0.999834 0.018188 0.557073 0.803971 1 0 1.000000
  0 -24.542351 20.140343 76.920296 -0.193703 -0.980965 0.013668 0.539653 0.803971 1 0 1.000000
  0 -1.383204 17.859365 74.500366 -0.031759 -0.999490 0.003293 0.555183 0.802152 1 0 1.000000
elevator_caps
  0 -24.542351 20.140343 74.500366 -0.193703 -0.980965 0.013668 0.539653 0.802152 1 0 1.000000
  0 -1.383204 17.859365 74.500366 -0.031759 -0.999490 0.003293 0.555183 0.802152 1 0 1.000000
  0 -24.542351 20.140343 76.920296 -0.193703 -0.980965 0.013668 0.539653 0.803971 1 0 1.000000
elevator_caps
  0 -69.890701 38.924240 74.500366 -0.556679 -0.830615 0.013668 0.503515 0.802152 1 0 1.000000
  0 -24.542351 20.140343 74.500366 -0.193703 -0.980965 0.013668 0.539653 0.802152 1 0 1.000000
  0 -24.542351 20.140343 76.920296 -0.193703 -0.980965 0.013668 0.539653 0.803971 1 0 1.000000
elevator_caps
  0 -69.890701 38.924240 76.920296 -0.556679 -0.830615 0.013668 0.503515 0.803971 1 0 1.000000
  0 -69.890701 38.924240 74.500366 -0.556679 -0.830615 0.013668 0.503515 0.802152 1 0 1.000000
  0 -24.542351 20.140343 76.920296 -0.193703 -0.980965 0.013668 0.539653 0.803971 1 0 1.000000
elevator_caps
  0 -69.890701 38.924240 76.920296 -0.556679 -0.830615 0.013668 0.503515 0.803971 1 0 1.000000
  0 -87.879585 53.687336 74.500366 -0.684289 -0.729204 0.003294 0.497176 0.802152 1 0 1.000000
  0 -69.890701 38.924240 74.500366 -0.556679 -0.830615 0.013668 0.503515 0.802152 1 0 1.000000
elevator_caps
  0 -88.857658 54.665409 76.920296 -0.706990 -0.706990 0.018189 0.494695 0.803971 1 0 1.000000
  0 -87.879585 53.687336 74.500366 -0.684289 -0.729204 0.003294 0.497176 0.802152 1 0 1.000000
  0 -69.890701 38.924240 76.920296 -0.556679 -0.830615 0.013668 0.503515 0.803971 1 0 1.000000
elevator_caps
  0 87.879585 53.687344 74.500366 0.684289 -0.729203 0.003294 0.614469 0.801837 1 0 1.000000
  0 87.778145 53.788780 66.223953 0.707000 -0.707001 -0.017330 0.614469 0.788668 1 0 1.000000
  0 89.835732 55.643490 74.500366 0.729204 -0.684289 0.003293 0.618261 0.801352 1 0 1.000000
elevator_caps
  0 87.778145 53.788780 66.223953 0.707000 -0.707001 -0.017330 0.614469 0.788668 1 0 1.000000
  0 89.734291 55.744923 66.223953 0.707000 -0.707001 -0.017330 0.618261 0.788668 1 0 1.000000
  0 89.835732 55.643490 74.500366 0.729204 -0.684289 0.003293 0.618261 0.801352 1 0 1.000000
elevator_caps
  0 -89.835732 55.643482 74.500366 -0.729203 -0.684290 0.003293 0.493060 0.801756 1 0 1.000000
  0 -89.734291 55.744915 66.223953 -0.707000 -0.707001 -0.017330 0.493060 0.790598 1 0 1.000000
  0 -87.879585 53.687336 74.500366 -0.684289 -0.729204 0.003294 0.497176 0.802152 1 0 1.000000
elevator_caps
  0 -89.734291 55.744915 66.223953 -0.707000 -0.707001 -0.017330 0.493060 0.790598 1 0 1.000000
  0 -87.778145 53.788773 66.223953 -0.707000 -0.707001 -0.017330 0.497176 0.790598 1 0 1.000000
  0 -87.879585 53.687336 74.500366 -0.684289 -0.729204 0.003294 0.497176 0.802152 1 0 1.000000
elevator_caps
  0 -87.879585 53.687336 74.500366 -0.684289 -0.729204 0.003294 0.497176 0.802152 1 0 1.000000
  0 -88.857658 54.665409 76.920296 -0.706990 -0.706990 0.018189 0.494695 0.803971 1 0 1.000000
  0 -89.835732 55.643482 74.500366 -0.729203 -0.684290 0.003293 0.493060 0.801756 1 0 1.000000
elevator_caps
  0 -88.857658 54.665409 76.920296 -0.706990 -0.706990 0.018189 0.494695 0.803971 1 0 1.000000
  0 -116.223991 95.381516 76.920303 -0.923879 -0.382684 -0.000001 0.455873 0.803971 1 0 1.000000
  0 -89.835732 55.643482 74.500366 -0.729203 -0.684290 0.003293 0.493060 0.801756 1 0 1.000000
elevator_caps
  0 -116.223991 95.381516 76.920303 -0.923879 -0.382684 -0.000001 0.455873 0.803971 1 0 1.000000
  0 -116.223991 95.381516 74.500374 -0.923879 -0.382684 -0.000001 0.455873 0.801756 1 0 1.000000
  0 -89.835732 55.643482 74.500366 -0.729203 -0.684290 0.003293 0.493060 0.801756 1 0 1.000000
elevator_caps
  0 -116.223991 95.381516 74.500374 -0.923879 -0.382684 -0.000001 0.455873 0.801756 1 0 1.000000
  0 -116.223991 95.381516 76.920303 -0.923879 -0.382684 -0.000001 0.455873 0.803971 1 0 1.000000
  0 -125.799942 143.523056 76.920303 -1.000000 0.000000 0.000000 0.407924 0.803971 1 0 1.000000
elevator_caps
  0 -125.799942 143.523056 74.500374 -1.000000 0.000000 0.000000 0.407924 0.801756 1 0 1.000000
  0 -116.223991 95.381516 74.500374 -0.923879 -0.382684 -0.000001 0.455873 0.801756 1 0 1.000000
  0 -125.799942 143.523056 76.920303 -1.000000 0.000000 0.000000 0.407924 0.803971 1 0 1.000000
elevator_caps
  0 -74.022835 67.134750 -79.126038 0.115358 0.138429 0.983631 0.973951 0.216373 1 0 1.000000
  0 -56.791801 58.553707 -79.939224 0.099503 0.149053 0.983810 0.911881 0.203423 1 0 1.000000
  0 -71.026390 70.415939 -79.939224 0.115358 0.138429 0.983631 0.978474 0.203423 1 0 1.000000
elevator_caps
  0 -59.270340 54.840919 -79.126038 0.099503 0.149053 0.983810 0.911881 0.216373 1 0 1.000000
  0 -56.791801 58.553707 -79.939224 0.099503 0.149053 0.983810 0.911881 0.203423 1 0 1.000000
  0 -74.022835 67.134750 -79.126038 0.115358 0.138429 0.983631 0.973951 0.216373 1 0 1.000000
elevator_caps
  0 -59.270340 54.840919 -79.126038 0.099503 0.149053 0.983810 0.911881 0.216373 1 0 1.000000
  0 -40.736332 45.132698 -79.126038 0.059663 0.169521 0.983719 0.836171 0.216373 1 0 1.000000
  0 -56.791801 58.553707 -79.939224 0.099503 0.149053 0.983810 0.911881 0.203423 1 0 1.000000
elevator_caps
  0 -40.736332 45.132698 -79.126038 0.059663 0.169521 0.983719 0.836171 0.216373 1 0 1.000000
  0 -39.045532 49.258106 -79.939224 0.059663 0.169521 0.983719 0.836171 0.203423 1 0 1.000000
  0 -56.791801 58.553707 -79.939224 0.099503 0.149053 0.983810 0.911881 0.203423 1 0 1.000000
elevator_caps
  0 -40.736332 45.132698 -79.126038 0.059663 0.169521 0.983719 0.836171 0.216373 1 0 1.000000
  0 -1.158127 37.261295 -79.126038 0.035675 0.179306 0.983146 0.718529 0.216373 1 0 1.000000
  0 -39.045532 49.258106 -79.939224 0.059663 0.169521 0.983719 0.836171 0.203423 1 0 1.000000
elevator_caps
  0 -39.045532 49.258106 -79.939224 0.059663 0.169521 0.983719 0.836171 0.203423 1 0 1.000000
  0 -1.158127 37.261295 -79.126038 0.035675 0.179306 0.983146 0.718529 0.216373 1 0 1.000000
  0 -1.158126 41.717007 -79.939224 0.035675 0.179306 0.983146 0.713975 0.203423 1 0 1.000000
elevator_caps
  0 -72.741562 214.308487 65.591644 -0.006200 0.006199 -0.999961 0.673935 0.236698 1 0 1.000000
  0 -89.734299 231.301224 66.223961 -0.018599 0.018599 -0.999654 0.686402 0.249165 1 0 1.000000
  0 -70.785416 216.264618 65.591644 -0.006200 0.006199 -0.999961 0.672499 0.238133 1 0 1.000000
elevator_caps
  0 -89.734299 231.301224 66.223961 -0.018599 0.018599 -0.999654 0.686402 0.249165 1 0 1.000000
  0 -87.778152 233.257370 66.223961 -0.018599 0.018599 -0.999654 0.684967 0.250601 1 0 1.000000
  0 -70.785416 216.264618 65.591644 -0.006200 0.006199 -0.999961 0.672499 0.238133 1 0 1.000000
elevator_caps
  0 -93.889374 104.632813 65.591644 0.000000 0.000001 -1.000000 0.689451 0.156229 1 0 1.000000
  0 -91.850761 105.477234 65.591644 0.000000 0.000001 -1.000000 0.687955 0.156849 1 0 1.000000
  0 -72.741554 72.737656 65.591637 -0.006200 -0.006200 -0.999961 0.673935 0.132828 1 0 1.000000
elevator_caps
  0 -93.889374 104.632813 65.591644 0.000000 0.000001 -1.000000 0.689451 0.156229 1 0 1.000000
  0 -101.625130 143.523071 65.591644 0.000000 0.000000 -1.000000 0.695126 0.184763 1 0 1.000000
  0 -91.850761 105.477234 65.591644 0.000000 0.000001 -1.000000 0.687955 0.156849 1 0 1.000000
elevator_caps
  0 -99.418549 143.523071 65.591644 0.000000 0.000000 -1.000000 0.693507 0.184763 1 0 1.000000
  0 -91.850761 105.477234 65.591644 0.000000 0.000001 -1.000000 0.687955 0.156849 1 0 1.000000
  0 -101.625130 143.523071 65.591644 0.000000 0.000000 -1.000000 0.695126 0.184763 1 0 1.000000
elevator_caps
  0 -91.850761 181.568893 65.591644 0.000000 -0.000001 -1.000000 0.687955 0.212677 1 0 1.000000
  0 -99.418549 143.523071 65.591644 0.000000 0.000000 -1.000000 0.693507 0.184763 1 0 1.000000
  0 -101.625130 143.523071 65.591644 0.000000 0.000000 -1.000000 0.695126 0.184763 1 0 1.000000
elevator_caps
  0 -93.889374 182.413330 65.591644 0.000000 -0.000001 -1.000000 0.689451 0.213296 1 0 1.000000
  0 -91.850761 181.568893 65.591644 0.000000 -0.000001 -1.000000 0.687955 0.212677 1 0 1.000000
  0 -101.625130 143.523071 65.591644 0.000000 0.000000 -1.000000 0.695126 0.184763 1 0 1.000000
elevator_caps
  0 -93.889374 182.413330 65.591644 0.000000 -0.000001 -1.000000 0.689451 0.213296 1 0 1.000000
  0 -72.741562 214.308487 65.591644 -0.006200 0.006199 -0.999961 0.673935 0.236698 1 0 1.000000
  0 -91.850761 181.568893 65.591644 0.000000 -0.000001 -1.000000 0.687955 0.212677 1 0 1.000000
elevator_caps
  0 -70.203201 213.726273 65.591644 0.000000 -0.000001 -1.000000 0.672072 0.236271 1 0 1.000000
  0 -91.850761 181.568893 65.591644 0.000000 -0.000001 -1.000000 0.687955 0.212677 1 0 1.000000
  0 -72.741562 214.308487 65.591644 -0.006200 0.006199 -0.999961 0.673935 0.236698 1 0 1.000000
elevator_caps
  0 -70.785416 216.264618 65.591644 -0.006200 0.006199 -0.999961 0.672499 0.238133 1 0 1.000000
  0 -70.203201 213.726273 65.591644 0.000000 -0.000001 -1.000000 0.672072 0.236271 1 0 1.000000
  0 -72.741562 214.308487 65.591644 -0.006200 0.006199 -0.999961 0.673935 0.236698 1 0 1.000000
elevator_caps
  0 -70.203201 213.726273 65.591644 0.000000 -0.000001 -1.000000 0.672072 0.236271 1 0 1.000000
  0 -70.785416 216.264618 65.591644 -0.006200 0.006199 -0.999961 0.672499 0.238133 1 0 1.000000
  0 -38.045841 235.373825 65.591644 0.000000 0.000000 -1.000000 0.648479 0.252153 1 0 1.000000
elevator_caps
  0 -38.890263 237.412445 65.591644 0.000000 0.000000 -1.000000 0.649098 0.253649 1 0 1.000000
  0 -38.045841 235.373825 65.591644 0.000000 0.000000 -1.000000 0.648479 0.252153 1 0 1.000000
  0 -70.785416 216.264618 65.591644 -0.006200 0.006199 -0.999961 0.672499 0.238133 1 0 1.000000
elevator_caps
  0 -38.890263 237.412445 65.591644 0.000000 0.000000 -1.000000 0.649098 0.253649 1 0 1.000000
  0 -1.383214 245.011963 65.591644 0.000000 0.008769 -0.999961 0.621579 0.259225 1 0 1.000000
  0 -38.045841 235.373825 65.591644 0.000000 0.000000 -1.000000 0.648479 0.252153 1 0 1.000000
elevator_caps
  0 -0.000011 242.805374 65.591644 0.000000 0.000001 -1.000000 0.620564 0.257606 1 0 1.000000
  0 -38.045841 235.373825 65.591644 0.000000 0.000000 -1.000000 0.648479 0.252153 1 0 1.000000
  0 -1.383214 245.011963 65.591644 0.000000 0.008769 -0.999961 0.621579 0.259225 1 0 1.000000
elevator_caps
  0 1.383192 245.011963 65.591644 0.000000 0.008769 -0.999961 0.619550 0.259225 1 0 1.000000
  0 -0.000011 242.805374 65.591644 0.000000 0.000001 -1.000000 0.620564 0.257606 1 0 1.000000
  0 -1.383214 245.011963 65.591644 0.000000 0.008769 -0.999961 0.621579 0.259225 1 0 1.000000
elevator_caps
  0 -0.000011 242.805374 65.591644 0.000000 0.000001 -1.000000 0.620564 0.257606 1 0 1.000000
  0 1.383192 245.011963 65.591644 0.000000 0.008769 -0.999961 0.619550 0.259225 1 0 1.000000
  0 38.045818 235.373825 65.591644 0.000000 -0.000001 -1.000000 0.592650 0.252153 1 0 1.000000
elevator_caps
  0 38.890240 237.412445 65.591644 0.000000 -0.000001 -1.000000 0.592031 0.253649 1 0 1.000000
  0 38.045818 235.373825 65.591644 0.000000 -0.000001 -1.000000 0.592650 0.252153 1 0 1.000000
  0 1.383192 245.011963 65.591644 0.000000 0.008769 -0.999961 0.619550 0.259225 1 0 1.000000
elevator_caps
  0 38.890240 237.412445 65.591644 0.000000 -0.000001 -1.000000 0.592031 0.253649 1 0 1.000000
  0 70.785400 216.264618 65.591644 0.006200 0.006200 -0.999961 0.568629 0.238133 1 0 1.000000
  0 38.045818 235.373825 65.591644 0.000000 -0.000001 -1.000000 0.592650 0.252153 1 0 1.000000
elevator_caps
  0 70.203186 213.726273 65.591644 0.000000 -0.000001 -1.000000 0.569057 0.236271 1 0 1.000000
  0 38.045818 235.373825 65.591644 0.000000 -0.000001 -1.000000 0.592650 0.252153 1 0 1.000000
  0 70.785400 216.264618 65.591644 0.006200 0.006200 -0.999961 0.568629 0.238133 1 0 1.000000
elevator_caps
  0 72.741547 214.308487 65.591644 0.006200 0.006200 -0.999961 0.567194 0.236698 1 0 1.000000
  0 70.203186 213.726273 65.591644 0.000000 -0.000001 -1.000000 0.569057 0.236271 1 0 1.000000
  0 70.785400 216.264618 65.591644 0.006200 0.006200 -0.999961 0.568629 0.238133 1 0 1.000000
elevator_caps
  0 70.785400 216.264618 65.591644 0.006200 0.006200 -0.999961 0.568629 0.238133 1 0 1.000000
  0 87.778137 233.257370 66.223961 0.018599 0.018599 -0.999654 0.556162 0.250601 1 0 1.000000
  0 72.741547 214.308487 65.591644 0.006200 0.006200 -0.999961 0.567194 0.236698 1 0 1.000000
elevator_caps
  0 87.778137 233.257370 66.223961 0.018599 0.018599 -0.999654 0.556162 0.250601 1 0 1.000000
  0 89.734283 231.301224 66.223961 0.018599 0.018599 -0.999654 0.554727 0.249165 1 0 1.000000
  0 72.741547 214.308487 65.591644 0.006200 0.006200 -0.999961 0.567194 0.236698 1 0 1.000000
elevator_caps
  0 -1.383214 245.011963 65.591644 0.000000 0.008769 -0.999961 0.621579 0.259225 1 0 1.000000
  0 -1.383215 269.043335 66.223969 0.000000 0.026303 -0.999654 0.621579 0.276857 1 0 1.000000
  0 1.383192 245.011963 65.591644 0.000000 0.008769 -0.999961 0.619550 0.259225 1 0 1.000000
elevator_caps
  0 -1.383215 269.043335 66.223969 0.000000 0.026303 -0.999654 0.621579 0.276857 1 0 1.000000
  0 1.383191 269.043335 66.223969 0.000000 0.026303 -0.999654 0.619550 0.276857 1 0 1.000000
  0 1.383192 245.011963 65.591644 0.000000 0.008769 -0.999961 0.619550 0.259225 1 0 1.000000
elevator_caps
  0 70.203186 213.726273 65.591644 0.000000 -0.000001 -1.000000 0.569057 0.236271 1 0 1.000000
  0 72.741547 214.308487 65.591644 0.006200 0.006200 -0.999961 0.567194 0.236698 1 0 1.000000
  0 91.850746 181.568893 65.591644 0.000000 0.000000 -1.000000 0.553174 0.212677 1 0 1.000000
elevator_caps
  0 93.889359 182.413330 65.591644 0.000000 0.000000 -1.000000 0.551678 0.213296 1 0 1.000000
  0 91.850746 181.568893 65.591644 0.000000 0.000000 -1.000000 0.553174 0.212677 1 0 1.000000
  0 72.741547 214.308487 65.591644 0.006200 0.006200 -0.999961 0.567194 0.236698 1 0 1.000000
elevator_caps
  0 99.418533 143.523071 65.591644 0.000000 0.000000 -1.000000 0.547621 0.184763 1 0 1.000000
  0 91.850746 181.568893 65.591644 0.000000 0.000000 -1.000000 0.553174 0.212677 1 0 1.000000
  0 93.889359 182.413330 65.591644 0.000000 0.000000 -1.000000 0.551678 0.213296 1 0 1.000000
elevator_caps
  0 101.625114 143.523071 65.591644 0.000000 0.000000 -1.000000 0.546002 0.184763 1 0 1.000000
  0 99.418533 143.523071 65.591644 0.000000 0.000000 -1.000000 0.547621 0.184763 1 0 1.000000
  0 93.889359 182.413330 65.591644 0.000000 0.000000 -1.000000 0.551678 0.213296 1 0 1.000000
elevator_caps
  0 91.850746 105.477242 65.591644 0.000000 0.000001 -1.000000 0.553174 0.156849 1 0 1.000000
  0 99.418533 143.523071 65.591644 0.000000 0.000000 -1.000000 0.547621 0.184763 1 0 1.000000
  0 101.625114 143.523071 65.591644 0.000000 0.000000 -1.000000 0.546002 0.184763 1 0 1.000000
elevator_caps
  0 93.889359 104.632820 65.591644 0.000000 0.000001 -1.000000 0.551678 0.156229 1 0 1.000000
  0 91.850746 105.477242 65.591644 0.000000 0.000001 -1.000000 0.553174 0.156849 1 0 1.000000
  0 101.625114 143.523071 65.591644 0.000000 0.000000 -1.000000 0.546002 0.184763 1 0 1.000000
elevator_caps
  0 93.889359 104.632820 65.591644 0.000000 0.000001 -1.000000 0.551678 0.156229 1 0 1.000000
  0 72.741554 72.737663 65.591637 0.006200 -0.006199 -0.999961 0.567194 0.132828 1 0 1.000000
  0 91.850746 105.477242 65.591644 0.000000 0.000001 -1.000000 0.553174 0.156849 1 0 1.000000
elevator_caps
  0 70.203194 73.319878 65.591637 0.000000 0.000001 -1.000000 0.569057 0.133255 1 0 1.000000
  0 91.850746 105.477242 65.591644 0.000000 0.000001 -1.000000 0.553174 0.156849 1 0 1.000000
  0 72.741554 72.737663 65.591637 0.006200 -0.006199 -0.999961 0.567194 0.132828 1 0 1.000000
elevator_caps
  0 70.785408 70.781517 65.591637 0.006200 -0.006199 -0.999961 0.568629 0.131393 1 0 1.000000
  0 70.203194 73.319878 65.591637 0.000000 0.000001 -1.000000 0.569057 0.133255 1 0 1.000000
  0 72.741554 72.737663 65.591637 0.006200 -0.006199 -0.999961 0.567194 0.132828 1 0 1.000000
elevator_caps
  0 70.203194 73.319878 65.591637 0.000000 0.000001 -1.000000 0.569057 0.133255 1 0 1.000000
  0 70.785408 70.781517 65.591637 0.006200 -0.006199 -0.999961 0.568629 0.131393 1 0 1.000000
  0 55.233978 60.859577 65.591637 0.000000 0.000000 -1.000000 0.580040 0.124113 1 0 1.000000
elevator_caps
  0 55.233978 60.859577 65.591637 0.000000 0.000000 -1.000000 0.580040 0.124113 1 0 1.000000
  0 70.785408 70.781517 65.591637 0.006200 -0.006199 -0.999961 0.568629 0.131393 1 0 1.000000
  0 56.459888 59.024872 65.591637 0.000000 0.000000 -1.000000 0.579140 0.122767 1 0 1.000000
elevator_caps
  0 19.395594 46.014828 65.591637 0.000000 0.000000 -1.000000 0.606334 0.113221 1 0 1.000000
  0 55.233978 60.859577 65.591637 0.000000 0.000000 -1.000000 0.580040 0.124113 1 0 1.000000
  0 56.459888 59.024872 65.591637 0.000000 0.000000 -1.000000 0.579140 0.122767 1 0 1.000000
elevator_caps
  0 19.826077 43.850643 65.591637 0.000000 0.000000 -1.000000 0.606018 0.111634 1 0 1.000000
  0 19.395594 46.014828 65.591637 0.000000 0.000000 -1.000000 0.606334 0.113221 1 0 1.000000
  0 56.459888 59.024872 65.591637 0.000000 0.000000 -1.000000 0.579140 0.122767 1 0 1.000000
elevator_caps
  0 19.826077 43.850643 65.591637 0.000000 0.000000 -1.000000 0.606018 0.111634 1 0 1.000000
  0 1.383201 42.034180 65.591637 0.000000 -0.008769 -0.999961 0.619550 0.110301 1 0 1.000000
  0 19.395594 46.014828 65.591637 0.000000 0.000000 -1.000000 0.606334 0.113221 1 0 1.000000
elevator_caps
  0 -0.000002 44.240761 65.591637 0.000000 -0.000001 -1.000000 0.620564 0.111920 1 0 1.000000
  0 19.395594 46.014828 65.591637 0.000000 0.000000 -1.000000 0.606334 0.113221 1 0 1.000000
  0 1.383201 42.034180 65.591637 0.000000 -0.008769 -0.999961 0.619550 0.110301 1 0 1.000000
elevator_caps
  0 -1.383205 42.034180 65.591637 0.000000 -0.008769 -0.999961 0.621579 0.110301 1 0 1.000000
  0 -0.000002 44.240761 65.591637 0.000000 -0.000001 -1.000000 0.620564 0.111920 1 0 1.000000
  0 1.383201 42.034180 65.591637 0.000000 -0.008769 -0.999961 0.619550 0.110301 1 0 1.000000
elevator_caps
  0 -0.000002 44.240761 65.591637 0.000000 -0.000001 -1.000000 0.620564 0.111920 1 0 1.000000
  0 -1.383205 42.034180 65.591637 0.000000 -0.008769 -0.999961 0.621579 0.110301 1 0 1.000000
  0 -19.395597 46.014828 65.591637 0.000000 0.000000 -1.000000 0.634795 0.113221 1 0 1.000000
elevator_caps
  0 -19.395597 46.014828 65.591637 0.000000 0.000000 -1.000000 0.634795 0.113221 1 0 1.000000
  0 -1.383205 42.034180 65.591637 0.000000 -0.008769 -0.999961 0.621579 0.110301 1 0 1.000000
  0 -19.826080 43.850643 65.591637 0.000000 0.000000 -1.000000 0.635111 0.111634 1 0 1.000000
elevator_caps
  0 -55.233986 60.859573 65.591637 0.000000 0.000000 -1.000000 0.661089 0.124113 1 0 1.000000
  0 -19.395597 46.014828 65.591637 0.000000 0.000000 -1.000000 0.634795 0.113221 1 0 1.000000
  0 -19.826080 43.850643 65.591637 0.000000 0.000000 -1.000000 0.635111 0.111634 1 0 1.000000
elevator_caps
  0 -56.459896 59.024868 65.591637 0.000000 0.000000 -1.000000 0.661989 0.122767 1 0 1.000000
  0 -55.233986 60.859573 65.591637 0.000000 0.000000 -1.000000 0.661089 0.124113 1 0 1.000000
  0 -19.826080 43.850643 65.591637 0.000000 0.000000 -1.000000 0.635111 0.111634 1 0 1.000000
elevator_caps
  0 -56.459896 59.024868 65.591637 0.000000 0.000000 -1.000000 0.661989 0.122767 1 0 1.000000
  0 -70.785408 70.781509 65.591637 -0.006200 -0.006200 -0.999961 0.672499 0.131393 1 0 1.000000
  0 -55.233986 60.859573 65.591637 0.000000 0.000000 -1.000000 0.661089 0.124113 1 0 1.000000
elevator_caps
  0 -70.203194 73.319870 65.591637 0.000000 0.000001 -1.000000 0.672072 0.133255 1 0 1.000000
  0 -55.233986 60.859573 65.591637 0.000000 0.000000 -1.000000 0.661089 0.124113 1 0 1.000000
  0 -70.785408 70.781509 65.591637 -0.006200 -0.006200 -0.999961 0.672499 0.131393 1 0 1.000000
elevator_caps
  0 -72.741554 72.737656 65.591637 -0.006200 -0.006200 -0.999961 0.673935 0.132828 1 0 1.000000
  0 -70.203194 73.319870 65.591637 0.000000 0.000001 -1.000000 0.672072 0.133255 1 0 1.000000
  0 -70.785408 70.781509 65.591637 -0.006200 -0.006200 -0.999961 0.672499 0.131393 1 0 1.000000
elevator_caps
  0 -70.203194 73.319870 65.591637 0.000000 0.000001 -1.000000 0.672072 0.133255 1 0 1.000000
  0 -72.741554 72.737656 65.591637 -0.006200 -0.006200 -0.999961 0.673935 0.132828 1 0 1.000000
  0 -91.850761 105.477234 65.591644 0.000000 0.000001 -1.000000 0.687955 0.156849 1 0 1.000000
elevator_caps
  0 -70.785408 70.781509 65.591637 -0.006200 -0.006200 -0.999961 0.672499 0.131393 1 0 1.000000
  0 -87.778145 53.788773 66.223953 -0.018599 -0.018599 -0.999654 0.684967 0.118925 1 0 1.000000
  0 -72.741554 72.737656 65.591637 -0.006200 -0.006200 -0.999961 0.673935 0.132828 1 0 1.000000
elevator_caps
  0 -87.778145 53.788773 66.223953 -0.018599 -0.018599 -0.999654 0.684967 0.118925 1 0 1.000000
  0 -89.734291 55.744915 66.223953 -0.018599 -0.018599 -0.999654 0.686402 0.120360 1 0 1.000000
  0 -72.741554 72.737656 65.591637 -0.006200 -0.006200 -0.999961 0.673935 0.132828 1 0 1.000000
elevator_caps
  0 1.383201 42.034180 65.591637 0.000000 -0.008769 -0.999961 0.619550 0.110301 1 0 1.000000
  0 1.383202 18.002821 66.223953 0.000000 -0.026303 -0.999654 0.619550 0.092669 1 0 1.000000
  0 -1.383205 42.034180 65.591637 0.000000 -0.008769 -0.999961 0.621579 0.110301 1 0 1.000000
elevator_caps
  0 1.383202 18.002821 66.223953 0.000000 -0.026303 -0.999654 0.619550 0.092669 1 0 1.000000
  0 -1.383204 18.002819 66.223953 0.000000 -0.026303 -0.999654 0.621579 0.092669 1 0 1.000000
  0 -1.383205 42.034180 65.591637 0.000000 -0.008769 -0.999961 0.621579 0.110301 1 0 1.000000
elevator_caps
  0 -101.528442 142.046967 -79.939217 0.178872 0.035661 0.983226 0.016567 0.511754 1 0 1.000000
  0 -105.967407 141.854294 -79.126030 0.178872 0.035661 0.983226 0.016567 0.499171 1 0 1.000000
  0 -93.991287 104.204033 -79.939217 0.165640 0.068197 0.983825 0.144564 0.511754 1 0 1.000000
elevator_caps
  0 -98.116684 102.513214 -79.126030 0.165640 0.068197 0.983825 0.144564 0.499171 1 0 1.000000
  0 -93.991287 104.204033 -79.939217 0.165640 0.068197 0.983825 0.144564 0.511754 1 0 1.000000
  0 -105.967407 141.854294 -79.126030 0.178872 0.035661 0.983226 0.016567 0.499171 1 0 1.000000
elevator_caps
  0 -98.116684 102.513214 -79.126030 0.165640 0.068197 0.983825 0.144564 0.499171 1 0 1.000000
  0 -76.114258 69.226181 -79.126038 0.152203 0.100649 0.983211 0.274495 0.499171 1 0 1.000000
  0 -93.991287 104.204033 -79.939217 0.165640 0.068197 0.983825 0.144564 0.511754 1 0 1.000000
elevator_caps
  0 -93.991287 104.204033 -79.939217 0.165640 0.068197 0.983825 0.144564 0.511754 1 0 1.000000
  0 -76.114258 69.226181 -79.126038 0.152203 0.100649 0.983211 0.274495 0.499171 1 0 1.000000
  0 -72.833061 72.222618 -79.939224 0.152203 0.100649 0.983211 0.274495 0.511754 1 0 1.000000
elevator_caps
  0 72.741554 72.737663 65.591637 0.006200 -0.006199 -0.999961 0.567194 0.132828 1 0 1.000000
  0 89.734291 55.744923 66.223953 0.018599 -0.018599 -0.999654 0.554727 0.120360 1 0 1.000000
  0 70.785408 70.781517 65.591637 0.006200 -0.006199 -0.999961 0.568629 0.131393 1 0 1.000000
elevator_caps
  0 89.734291 55.744923 66.223953 0.018599 -0.018599 -0.999654 0.554727 0.120360 1 0 1.000000
  0 87.778145 53.788780 66.223953 0.018599 -0.018599 -0.999654 0.556162 0.118925 1 0 1.000000
  0 70.785408 70.781517 65.591637 0.006200 -0.006199 -0.999961 0.568629 0.131393 1 0 1.000000
elevator_caps
  0 -89.734299 231.301224 66.223961 -0.706998 0.707003 -0.017330 0.559320 0.037616 1 0 1.000000
  0 -89.835739 231.402664 74.500374 -0.729201 0.684291 0.003294 0.559320 0.047277 1 0 1.000000
  0 -87.778152 233.257370 66.223961 -0.706998 0.707003 -0.017330 0.556479 0.037616 1 0 1.000000
elevator_caps
  0 -89.835739 231.402664 74.500374 -0.729201 0.684291 0.003294 0.559320 0.047277 1 0 1.000000
  0 -87.879593 233.358795 74.500374 -0.684287 0.729206 0.003293 0.556479 0.047342 1 0 1.000000
  0 -87.778152 233.257370 66.223961 -0.706998 0.707003 -0.017330 0.556479 0.037616 1 0 1.000000
elevator_caps
  0 125.799927 143.523071 76.920303 1.000000 0.000000 0.000000 0.349742 0.049575 1 0 1.000000
  0 125.799927 143.523071 74.500374 1.000000 0.000000 0.000000 0.349742 0.047289 1 0 1.000000
  0 116.223976 191.664627 76.920303 0.923879 0.382684 0.000000 0.397686 0.049575 1 0 1.000000
elevator_caps
  0 125.799927 143.523071 74.500374 1.000000 0.000000 0.000000 0.349742 0.047289 1 0 1.000000
  0 116.223976 191.664627 74.500374 0.923879 0.382684 0.000000 0.397686 0.047289 1 0 1.000000
  0 116.223976 191.664627 76.920303 0.923879 0.382684 0.000000 0.397686 0.049575 1 0 1.000000
elevator_caps
  0 116.223976 191.664627 76.920303 0.923879 0.382684 0.000000 0.397686 0.049575 1 0 1.000000
  0 116.223976 191.664627 74.500374 0.923879 0.382684 0.000000 0.397686 0.047289 1 0 1.000000
  0 89.835724 231.402664 74.500374 0.729201 0.684292 0.003294 0.437229 0.047289 1 0 1.000000
elevator_caps
  0 88.857651 232.380722 76.920303 0.706988 0.706991 0.018190 0.438855 0.049478 1 0 1.000000
  0 116.223976 191.664627 76.920303 0.923879 0.382684 0.000000 0.397686 0.049575 1 0 1.000000
  0 89.835724 231.402664 74.500374 0.729201 0.684292 0.003294 0.437229 0.047289 1 0 1.000000
elevator_caps
  0 87.879578 233.358795 74.500374 0.684286 0.729206 0.003294 0.440007 0.047277 1 0 1.000000
  0 88.857651 232.380722 76.920303 0.706988 0.706991 0.018190 0.438855 0.049478 1 0 1.000000
  0 89.835724 231.402664 74.500374 0.729201 0.684292 0.003294 0.437229 0.047289 1 0 1.000000
elevator_caps
  0 88.857651 232.380722 76.920303 0.706988 0.706991 0.018190 0.438855 0.049478 1 0 1.000000
  0 87.879578 233.358795 74.500374 0.684286 0.729206 0.003294 0.440007 0.047277 1 0 1.000000
  0 48.141541 259.747070 76.920303 0.382683 0.923880 0.000000 0.466273 0.049575 1 0 1.000000
elevator_caps
  0 48.141541 259.747070 74.500374 0.382683 0.923880 0.000000 0.466273 0.047277 1 0 1.000000
  0 48.141541 259.747070 76.920303 0.382683 0.923880 0.000000 0.466273 0.049575 1 0 1.000000
  0 87.879578 233.358795 74.500374 0.684286 0.729206 0.003294 0.440007 0.047277 1 0 1.000000
elevator_caps
  0 48.141541 259.747070 76.920303 0.382683 0.923880 0.000000 0.466273 0.049575 1 0 1.000000
  0 48.141541 259.747070 74.500374 0.382683 0.923880 0.000000 0.466273 0.047277 1 0 1.000000
  0 1.383191 269.186768 74.500381 0.031761 0.999490 0.003294 0.498220 0.047277 1 0 1.000000
elevator_caps
  0 -0.000012 269.186768 76.920311 0.000002 0.999834 0.018188 0.499702 0.049640 1 0 1.000000
  0 48.141541 259.747070 76.920303 0.382683 0.923880 0.000000 0.466273 0.049575 1 0 1.000000
  0 1.383191 269.186768 74.500381 0.031761 0.999490 0.003294 0.498220 0.047277 1 0 1.000000
elevator_caps
  0 -1.383215 269.186768 74.500381 -0.031758 0.999490 0.003294 0.501872 0.047342 1 0 1.000000
  0 -0.000012 269.186768 76.920311 0.000002 0.999834 0.018188 0.499702 0.049640 1 0 1.000000
  0 1.383191 269.186768 74.500381 0.031761 0.999490 0.003294 0.498220 0.047277 1 0 1.000000
elevator_caps
  0 -0.000012 269.186768 76.920311 0.000002 0.999834 0.018188 0.499702 0.049640 1 0 1.000000
  0 -1.383215 269.186768 74.500381 -0.031758 0.999490 0.003294 0.501872 0.047342 1 0 1.000000
  0 -48.141563 259.747070 76.920303 -0.382684 0.923879 0.000000 0.524987 0.049640 1 0 1.000000
elevator_caps
  0 -48.141563 259.747070 74.500374 -0.382684 0.923879 0.000000 0.524987 0.047342 1 0 1.000000
  0 -48.141563 259.747070 76.920303 -0.382684 0.923879 0.000000 0.524987 0.049640 1 0 1.000000
  0 -1.383215 269.186768 74.500381 -0.031758 0.999490 0.003294 0.501872 0.047342 1 0 1.000000
elevator_caps
  0 -48.141563 259.747070 76.920303 -0.382684 0.923879 0.000000 0.524987 0.049640 1 0 1.000000
  0 -48.141563 259.747070 74.500374 -0.382684 0.923879 0.000000 0.524987 0.047342 1 0 1.000000
  0 -87.879593 233.358795 74.500374 -0.684287 0.729206 0.003293 0.556479 0.047342 1 0 1.000000
elevator_caps
  0 -88.857666 232.380722 76.920303 -0.706989 0.706991 0.018190 0.557250 0.049640 1 0 1.000000
  0 -48.141563 259.747070 76.920303 -0.382684 0.923879 0.000000 0.524987 0.049640 1 0 1.000000
  0 -87.879593 233.358795 74.500374 -0.684287 0.729206 0.003293 0.556479 0.047342 1 0 1.000000
elevator_caps
  0 -88.857666 232.380722 76.920303 -0.706989 0.706991 0.018190 0.557250 0.049640 1 0 1.000000
  0 -87.879593 233.358795 74.500374 -0.684287 0.729206 0.003293 0.556479 0.047342 1 0 1.000000
  0 -89.835739 231.402664 74.500374 -0.729201 0.684291 0.003294 0.559320 0.047277 1 0 1.000000
elevator_caps
  0 -88.857666 232.380722 76.920303 -0.706989 0.706991 0.018190 0.557250 0.049640 1 0 1.000000
  0 -89.835739 231.402664 74.500374 -0.729201 0.684291 0.003294 0.559320 0.047277 1 0 1.000000
  0 -116.223991 191.664612 76.920303 -0.923879 0.382684 0.000000 0.603609 0.049575 1 0 1.000000
elevator_caps
  0 -116.223991 191.664612 74.500374 -0.923879 0.382684 0.000000 0.603609 0.047277 1 0 1.000000
  0 -116.223991 191.664612 76.920303 -0.923879 0.382684 0.000000 0.603609 0.049575 1 0 1.000000
  0 -89.835739 231.402664 74.500374 -0.729201 0.684291 0.003294 0.559320 0.047277 1 0 1.000000
elevator_caps
  0 -116.223991 191.664612 76.920303 -0.923879 0.382684 0.000000 0.603609 0.049575 1 0 1.000000
  0 -116.223991 191.664612 74.500374 -0.923879 0.382684 0.000000 0.603609 0.047277 1 0 1.000000
  0 -125.799942 143.523056 76.920303 -1.000000 0.000000 0.000000 0.651557 0.049575 1 0 1.000000
elevator_caps
  0 -116.223991 191.664612 74.500374 -0.923879 0.382684 0.000000 0.603609 0.047277 1 0 1.000000
  0 -125.799942 143.523056 74.500374 -1.000000 0.000000 0.000000 0.651557 0.047277 1 0 1.000000
  0 -125.799942 143.523056 76.920303 -1.000000 0.000000 0.000000 0.651557 0.049575 1 0 1.000000
elevator_caps
  0 89.835724 231.402664 74.500374 0.729201 0.684292 0.003294 0.437229 0.047289 1 0 1.000000
  0 89.734283 231.301224 66.223961 0.706998 0.707003 -0.017330 0.437229 0.038628 1 0 1.000000
  0 87.879578 233.358795 74.500374 0.684286 0.729206 0.003294 0.440007 0.047277 1 0 1.000000
elevator_caps
  0 89.734283 231.301224 66.223961 0.706998 0.707003 -0.017330 0.437229 0.038628 1 0 1.000000
  0 87.778137 233.257370 66.223961 0.706998 0.707003 -0.017330 0.440007 0.038628 1 0 1.000000
  0 87.879578 233.358795 74.500374 0.684286 0.729206 0.003294 0.440007 0.047277 1 0 1.000000
elevator_caps
  0 1.383191 269.186768 74.500381 0.031761 0.999490 0.003294 0.498220 0.047277 1 0 1.000000
  0 1.383191 269.043335 66.223969 -0.000003 0.999850 -0.017328 0.498220 0.035794 1 0 1.000000
  0 -1.383215 269.186768 74.500381 -0.031758 0.999490 0.003294 0.501872 0.047342 1 0 1.000000
elevator_caps
  0 1.383191 269.043335 66.223969 -0.000003 0.999850 -0.017328 0.498220 0.035794 1 0 1.000000
  0 -1.383215 269.043335 66.223969 -0.000003 0.999850 -0.017328 0.501872 0.035794 1 0 1.000000
  0 -1.383215 269.186768 74.500381 -0.031758 0.999490 0.003294 0.501872 0.047342 1 0 1.000000
elevator_caps
  0 -45.999584 8.906168 -105.825928 -0.379235 -0.925300 0.000000 0.152463 0.532072 1 0 1.000000
  0 -1.158128 0.007031 -105.825928 -0.086630 -0.996240 0.000000 0.279466 0.532072 1 0 1.000000
  0 -1.158128 1.007030 -88.000000 -0.194367 -0.979389 0.054942 0.279466 0.556069 1 0 1.000000
elevator_caps
  0 -45.999584 9.906167 -88.000000 -0.332298 -0.941694 0.052827 0.152463 0.556069 1 0 1.000000
  0 -45.999584 8.906168 -105.825928 -0.379235 -0.925300 0.000000 0.152463 0.532072 1 0 1.000000
  0 -1.158128 1.007030 -88.000000 -0.194367 -0.979389 0.054942 0.279466 0.556069 1 0 1.000000
elevator_caps
  0 -67.000336 19.906487 -105.825928 -0.464004 -0.885833 0.000000 0.084553 0.532063 1 0 1.000000
  0 -45.999584 8.906168 -105.825928 -0.379235 -0.925300 0.000000 0.152463 0.532072 1 0 1.000000
  0 -45.999584 9.906167 -88.000000 -0.332298 -0.941694 0.052827 0.152463 0.556069 1 0 1.000000
elevator_caps
  0 -67.000336 20.906485 -88.000000 -0.463433 -0.884741 0.049632 0.084506 0.556094 1 0 1.000000
  0 -67.000336 19.906487 -105.825928 -0.464004 -0.885833 0.000000 0.084553 0.532063 1 0 1.000000
  0 -45.999584 9.906167 -88.000000 -0.332298 -0.941694 0.052827 0.152463 0.556069 1 0 1.000000
elevator_caps
  0 -1.158143 262.310883 -88.452850 1.000000 -0.000003 0.000000 0.885730 0.741073 1 0 1.000000
  0 -1.158143 262.310883 -105.825912 1.000000 -0.000003 0.000000 0.885730 0.748990 1 0 1.000000
  0 -1.158140 263.148315 -105.825912 1.000000 -0.000003 0.000000 0.885730 0.751774 1 0 1.000000
elevator_caps
  0 -1.158140 263.148315 -87.999985 1.000000 -0.000003 0.000000 0.885730 0.743718 1 0 1.000000
  0 -1.158143 262.310883 -88.452850 1.000000 -0.000003 0.000000 0.885730 0.741073 1 0 1.000000
  0 -1.158140 263.148315 -105.825912 1.000000 -0.000003 0.000000 0.885730 0.751774 1 0 1.000000
elevator_caps
  0 -1.158140 263.148315 -87.999985 1.000000 -0.000003 0.000000 0.885730 0.743718 1 0 1.000000
  0 -1.158196 249.236725 -79.126030 1.000000 -0.000009 0.000003 0.885730 0.726337 1 0 1.000000
  0 -1.158143 262.310883 -88.452850 1.000000 -0.000003 0.000000 0.885730 0.741073 1 0 1.000000
elevator_caps
  0 -1.158143 262.310883 -88.452850 1.000000 -0.000003 0.000000 0.885730 0.741073 1 0 1.000000
  0 -1.158196 249.236725 -79.126030 1.000000 -0.000009 0.000003 0.885730 0.726337 1 0 1.000000
  0 -1.158197 249.026627 -79.963463 1.000000 -0.000009 0.000003 0.885730 0.726337 1 0 1.000000
elevator_caps
  0 -1.158196 249.236725 -79.126030 1.000000 -0.000009 0.000003 0.885730 0.726337 1 0 1.000000
  0 -1.158210 244.781006 -79.939217 1.000000 -0.000003 0.000000 0.885730 0.722064 1 0 1.000000
  0 -1.158197 249.026627 -79.963463 1.000000 -0.000009 0.000003 0.885730 0.726337 1 0 1.000000
elevator_caps
  0 -83.859268 57.298351 -88.000000 -0.351399 -0.421677 0.835887 0.973681 0.272361 1 0 1.000000
  0 -67.000336 43.249153 -88.000000 -0.351399 -0.421677 0.835887 0.911784 0.272394 1 0 1.000000
  0 -74.022835 67.134750 -79.126038 -0.303775 -0.364526 0.880251 0.973951 0.216373 1 0 1.000000
elevator_caps
  0 -67.000336 43.249153 -88.000000 -0.351399 -0.421677 0.835887 0.911784 0.272394 1 0 1.000000
  0 -60.325218 53.248325 -80.149597 -0.292338 -0.402922 0.867290 0.911881 0.223308 1 0 1.000000
  0 -74.022835 67.134750 -79.126038 -0.303775 -0.364526 0.880251 0.973951 0.216373 1 0 1.000000
elevator_caps
  0 -59.270340 54.840919 -79.126038 -0.262240 -0.392803 0.881440 0.911881 0.216373 1 0 1.000000
  0 -74.022835 67.134750 -79.126038 -0.303775 -0.364526 0.880251 0.973951 0.216373 1 0 1.000000
  0 -60.325218 53.248325 -80.149597 -0.292338 -0.402922 0.867290 0.911881 0.223308 1 0 1.000000
elevator_caps
  0 -40.736332 45.132698 -79.126038 -0.179149 -0.437038 0.881421 0.836171 0.216373 1 0 1.000000
  0 -59.270340 54.840919 -79.126038 -0.262240 -0.392803 0.881440 0.911881 0.216373 1 0 1.000000
  0 -60.325218 53.248325 -80.149597 -0.292338 -0.402922 0.867290 0.911881 0.223308 1 0 1.000000
elevator_caps
  0 -41.445965 43.359264 -80.149597 -0.179149 -0.437038 0.881421 0.836171 0.223308 1 0 1.000000
  0 -40.736332 45.132698 -79.126038 -0.179149 -0.437038 0.881421 0.836171 0.216373 1 0 1.000000
  0 -60.325218 53.248325 -80.149597 -0.292338 -0.402922 0.867290 0.911881 0.223308 1 0 1.000000
elevator_caps
  0 -41.445965 43.359264 -80.149597 -0.179149 -0.437038 0.881421 0.836171 0.223308 1 0 1.000000
  0 -1.158127 35.349697 -80.149597 -0.041013 -0.471641 0.880836 0.718291 0.223308 1 0 1.000000
  0 -40.736332 45.132698 -79.126038 -0.179149 -0.437038 0.881421 0.836171 0.216373 1 0 1.000000
elevator_caps
  0 -40.736332 45.132698 -79.126038 -0.179149 -0.437038 0.881421 0.836171 0.216373 1 0 1.000000
  0 -1.158127 35.349697 -80.149597 -0.041013 -0.471641 0.880836 0.718291 0.223308 1 0 1.000000
  0 -1.158127 37.261295 -79.126038 -0.041013 -0.471641 0.880836 0.718529 0.216373 1 0 1.000000
elevator_caps
  0 -127.988419 143.523056 96.155647 -1.000000 0.000000 0.000000 0.058997 0.061259 1 0 1.000000
  0 -127.988419 143.523056 76.920303 -1.000000 0.000000 0.000000 0.058997 0.018917 1 0 1.000000
  0 -118.245880 94.544022 96.155647 -0.923880 -0.382683 0.000000 0.167485 0.061259 1 0 1.000000
elevator_caps
  0 -127.988419 143.523056 76.920303 -1.000000 0.000000 0.000000 0.058997 0.018917 1 0 1.000000
  0 -118.245880 94.544022 76.920303 -0.923880 -0.382683 0.000000 0.167485 0.018917 1 0 1.000000
  0 -118.245880 94.544022 96.155647 -0.923880 -0.382683 0.000000 0.167485 0.061259 1 0 1.000000
elevator_caps
  0 -118.245880 94.544022 96.155647 -0.923880 -0.382683 0.000000 0.167485 0.061259 1 0 1.000000
  0 -118.245880 94.544022 76.920303 -0.923880 -0.382683 0.000000 0.167485 0.018917 1 0 1.000000
  0 -90.405144 53.117924 96.155640 -0.707107 -0.707107 0.000000 0.276933 0.061259 1 0 1.000000
elevator_caps
  0 -118.245880 94.544022 76.920303 -0.923880 -0.382683 0.000000 0.167485 0.018917 1 0 1.000000
  0 -90.405144 53.117924 76.920296 -0.707107 -0.707107 0.000000 0.276933 0.018917 1 0 1.000000
  0 -90.405144 53.117924 96.155640 -0.707107 -0.707107 0.000000 0.276933 0.061259 1 0 1.000000
elevator_caps
  0 -90.405144 53.117924 96.155640 -0.707107 -0.707107 0.000000 0.276933 0.061259 1 0 1.000000
  0 -90.405144 53.117924 76.920296 -0.707107 -0.707107 0.000000 0.276933 0.018917 1 0 1.000000
  0 -71.106552 37.104591 76.920296 -0.638563 -0.769569 0.000000 0.332335 0.018917 1 0 1.000000
elevator_caps
  0 -71.106552 37.104591 96.155640 -0.638563 -0.769569 0.000000 0.332335 0.061259 1 0 1.000000
  0 -90.405144 53.117924 96.155640 -0.707107 -0.707107 0.000000 0.276933 0.061259 1 0 1.000000
  0 -71.106552 37.104591 76.920296 -0.638563 -0.769569 0.000000 0.332335 0.018917 1 0 1.000000
elevator_caps
  0 -1.158128 1.353904 -88.837433 0.000000 -0.999551 0.029974 0.607517 0.541543 1 0 1.000000
  0 -1.158128 0.844460 -105.825928 0.000000 -1.000000 0.000000 0.607517 0.541184 1 0 1.000000
  0 1.158037 1.353904 -88.837433 0.000000 -0.999551 0.029974 0.609148 0.541543 1 0 1.000000
elevator_caps
  0 -1.158128 0.844460 -105.825928 0.000000 -1.000000 0.000000 0.607517 0.541184 1 0 1.000000
  0 1.158037 0.844462 -105.825928 0.000000 -1.000000 0.000000 0.609148 0.541184 1 0 1.000000
  0 1.158037 1.353904 -88.837433 0.000000 -0.999551 0.029974 0.609148 0.541543 1 0 1.000000
elevator_caps
  0 1.158038 36.187126 -80.651123 0.000000 -0.472038 0.881578 0.609148 0.566081 1 0 1.000000
  0 1.158038 37.471382 -79.963470 0.000000 -0.472038 0.881578 0.609148 0.566986 1 0 1.000000
  0 -1.158127 36.187126 -80.651123 0.000000 -0.472038 0.881578 0.607517 0.566081 1 0 1.000000
elevator_caps
  0 1.158038 37.471382 -79.963470 0.000000 -0.472038 0.881578 0.609148 0.566986 1 0 1.000000
  0 -1.158127 37.471382 -79.963470 0.000000 -0.472038 0.881578 0.607517 0.566986 1 0 1.000000
  0 -1.158127 36.187126 -80.651123 0.000000 -0.472038 0.881578 0.607517 0.566081 1 0 1.000000
elevator_caps
  0 -1.158127 36.187126 -88.837433 0.000000 0.000000 1.000000 0.607517 0.566081 1 0 1.000000
  0 -1.158128 1.353904 -88.837433 0.000000 0.000000 1.000000 0.607517 0.541543 1 0 1.000000
  0 1.158038 36.187126 -88.837433 0.000000 0.000000 1.000000 0.609148 0.566081 1 0 1.000000
elevator_caps
  0 -1.158128 1.353904 -88.837433 0.000000 0.000000 1.000000 0.607517 0.541543 1 0 1.000000
  0 1.158037 1.353904 -88.837433 0.000000 0.000000 1.000000 0.609148 0.541543 1 0 1.000000
  0 1.158038 36.187126 -88.837433 0.000000 0.000000 1.000000 0.609148 0.566081 1 0 1.000000
elevator_caps
  0 1.158038 36.187126 -88.837433 -0.000001 -1.000000 0.000000 0.609148 0.566081 1 0 1.000000
  0 1.158038 36.187126 -80.651123 -0.000001 -1.000000 0.000000 0.609148 0.566081 1 0 1.000000
  0 -1.158127 36.187126 -88.837433 -0.000001 -1.000000 0.000000 0.607517 0.566081 1 0 1.000000
elevator_caps
  0 1.158038 36.187126 -80.651123 -0.000001 -1.000000 0.000000 0.609148 0.566081 1 0 1.000000
  0 -1.158127 36.187126 -80.651123 -0.000001 -1.000000 0.000000 0.607517 0.566081 1 0 1.000000
  0 -1.158127 36.187126 -88.837433 -0.000001 -1.000000 0.000000 0.607517 0.566081 1 0 1.000000
elevator_caps
  0 1.158023 262.310883 -88.452850 0.000005 1.000000 0.000000 0.609148 0.725372 1 0 1.000000
  0 1.158023 262.310883 -105.825912 0.000005 1.000000 0.000000 0.609148 0.725372 1 0 1.000000
  0 -1.158143 262.310883 -88.452850 0.000005 1.000000 0.000000 0.607517 0.725372 1 0 1.000000
elevator_caps
  0 1.158023 262.310883 -105.825912 0.000005 1.000000 0.000000 0.609148 0.725372 1 0 1.000000
  0 -1.158143 262.310883 -105.825912 0.000005 1.000000 0.000000 0.607517 0.725372 1 0 1.000000
  0 -1.158143 262.310883 -88.452850 0.000005 1.000000 0.000000 0.607517 0.725372 1 0 1.000000
elevator_caps
  0 1.157969 249.026627 -79.963463 0.000002 0.472039 0.881577 0.609148 0.716014 1 0 1.000000
  0 1.158023 262.310883 -88.452850 0.000002 0.547457 0.836834 0.609148 0.725372 1 0 1.000000
  0 -1.158197 249.026627 -79.963463 0.000002 0.472039 0.881577 0.607517 0.716014 1 0 1.000000
elevator_caps
  0 1.158023 262.310883 -88.452850 0.000002 0.547457 0.836834 0.609148 0.725372 1 0 1.000000
  0 -1.158143 262.310883 -88.452850 0.000002 0.547457 0.836834 0.607517 0.725372 1 0 1.000000
  0 -1.158197 249.026627 -79.963463 0.000002 0.472039 0.881577 0.607517 0.716014 1 0 1.000000
elevator_caps
  0 83.223854 57.932911 -105.825928 0.707106 -0.707107 0.000104 0.666959 0.581400 1 0 1.000000
  0 85.315269 60.024319 -105.825928 0.707106 -0.707107 0.000104 0.668432 0.582873 1 0 1.000000
  0 83.222961 57.934574 -88.486794 0.707106 -0.707107 0.000104 0.666958 0.581401 1 0 1.000000
elevator_caps
  0 83.222961 57.934574 -88.486794 0.707106 -0.707107 0.000104 0.666958 0.581401 1 0 1.000000
  0 85.315269 60.024319 -105.825928 0.707106 -0.707107 0.000104 0.668432 0.582873 1 0 1.000000
  0 85.314384 60.026001 -88.486794 0.707106 -0.707107 0.000104 0.668431 0.582874 1 0 1.000000
elevator_caps
  0 -1.383215 271.375244 74.500381 0.000000 -0.000001 1.000000 0.715537 0.471051 1 0 1.000000
  0 -48.979057 261.768951 74.500374 0.000000 0.000000 1.000000 0.766098 0.471051 1 0 1.000000
  0 -1.383215 269.186768 74.500381 0.000000 -0.000001 1.000000 0.715537 0.473188 1 0 1.000000
elevator_caps
  0 -48.979057 261.768951 74.500374 0.000000 0.000000 1.000000 0.766098 0.471051 1 0 1.000000
  0 -48.141563 259.747070 74.500374 0.000000 0.000000 1.000000 0.766098 0.473188 1 0 1.000000
  0 -1.383215 269.186768 74.500381 0.000000 -0.000001 1.000000 0.715537 0.473188 1 0 1.000000
elevator_caps
  0 -48.979057 261.768951 74.500374 0.000000 0.000000 1.000000 0.766098 0.471051 1 0 1.000000
  0 -89.427078 234.906281 74.500374 0.000000 0.000001 1.000000 0.816660 0.471051 1 0 1.000000
  0 -48.141563 259.747070 74.500374 0.000000 0.000000 1.000000 0.766098 0.473188 1 0 1.000000
elevator_caps
  0 -48.141563 259.747070 74.500374 0.000000 0.000000 1.000000 0.766098 0.473188 1 0 1.000000
  0 -89.427078 234.906281 74.500374 0.000000 0.000001 1.000000 0.816660 0.471051 1 0 1.000000
  0 -87.879593 233.358795 74.500374 0.000000 0.000001 1.000000 0.816660 0.473188 1 0 1.000000
elevator_caps
  0 89.427063 234.906281 74.500374 0.000000 0.000000 1.000000 0.715844 0.386985 1 0 1.000000
  0 48.979034 261.768951 74.500374 0.000000 0.000000 1.000000 0.766406 0.386985 1 0 1.000000
  0 87.879578 233.358795 74.500374 0.000000 0.000000 1.000000 0.715844 0.389122 1 0 1.000000
elevator_caps
  0 48.979034 261.768951 74.500374 0.000000 0.000000 1.000000 0.766406 0.386985 1 0 1.000000
  0 48.141541 259.747070 74.500374 0.000000 0.000000 1.000000 0.766406 0.389122 1 0 1.000000
  0 87.879578 233.358795 74.500374 0.000000 0.000000 1.000000 0.715844 0.389122 1 0 1.000000
elevator_caps
  0 48.979034 261.768951 74.500374 0.000000 0.000000 1.000000 0.766406 0.386985 1 0 1.000000
  0 1.383191 271.375244 74.500381 0.000000 0.000000 1.000000 0.816968 0.386985 1 0 1.000000
  0 48.141541 259.747070 74.500374 0.000000 0.000000 1.000000 0.766406 0.389122 1 0 1.000000
elevator_caps
  0 48.141541 259.747070 74.500374 0.000000 0.000000 1.000000 0.766406 0.389122 1 0 1.000000
  0 1.383191 271.375244 74.500381 0.000000 0.000000 1.000000 0.816968 0.386985 1 0 1.000000
  0 1.383191 269.186768 74.500381 0.000000 0.000000 1.000000 0.816968 0.389122 1 0 1.000000
elevator_caps
  0 -1.158196 249.236725 -79.126030 0.035675 -0.179306 0.983146 0.885730 0.726337 1 0 1.000000
  0 -40.736965 241.365051 -79.126030 0.068204 -0.165857 0.983788 0.842179 0.726337 1 0 1.000000
  0 -1.158210 244.781006 -79.939217 0.035675 -0.179306 0.983146 0.885730 0.722064 1 0 1.000000
elevator_caps
  0 -1.158210 244.781006 -79.939217 0.035675 -0.179306 0.983146 0.885730 0.722064 1 0 1.000000
  0 -40.736965 241.365051 -79.126030 0.068204 -0.165857 0.983788 0.842179 0.726337 1 0 1.000000
  0 -39.046127 237.239655 -79.939217 0.068204 -0.165857 0.983788 0.842179 0.722064 1 0 1.000000
elevator_caps
  0 -40.736965 241.365051 -79.126030 0.068204 -0.165857 0.983788 0.842179 0.726337 1 0 1.000000
  0 -74.022865 219.363251 -79.126030 0.100649 -0.152202 0.983211 0.797861 0.726337 1 0 1.000000
  0 -39.046127 237.239655 -79.939217 0.068204 -0.165857 0.983788 0.842179 0.722064 1 0 1.000000
elevator_caps
  0 -39.046127 237.239655 -79.939217 0.068204 -0.165857 0.983788 0.842179 0.722064 1 0 1.000000
  0 -74.022865 219.363251 -79.126030 0.100649 -0.152202 0.983211 0.797861 0.726337 1 0 1.000000
  0 -71.026421 216.082047 -79.939217 0.100649 -0.152202 0.983211 0.797861 0.722064 1 0 1.000000
elevator_caps
  0 1.158038 37.261295 -79.126038 -0.035674 0.179306 0.983146 0.718226 0.165233 1 0 1.000000
  0 40.736156 45.132629 -79.126038 -0.059663 0.169521 0.983719 0.837974 0.165195 1 0 1.000000
  0 1.158039 41.717007 -79.939224 -0.035674 0.179306 0.983146 0.714996 0.176251 1 0 1.000000
elevator_caps
  0 1.158039 41.717007 -79.939224 -0.035674 0.179306 0.983146 0.714996 0.176251 1 0 1.000000
  0 40.736156 45.132629 -79.126038 -0.059663 0.169521 0.983719 0.837974 0.165195 1 0 1.000000
  0 39.045334 49.258026 -79.939224 -0.059663 0.169521 0.983719 0.837974 0.176251 1 0 1.000000
elevator_caps
  0 40.736156 45.132629 -79.126038 -0.059663 0.169521 0.983719 0.837974 0.165195 1 0 1.000000
  0 56.791409 58.553562 -79.939224 -0.099502 0.149053 0.983810 0.911854 0.176251 1 0 1.000000
  0 39.045334 49.258026 -79.939224 -0.059663 0.169521 0.983719 0.837974 0.176251 1 0 1.000000
elevator_caps
  0 59.269939 54.840771 -79.126038 -0.099502 0.149053 0.983810 0.911854 0.165195 1 0 1.000000
  0 56.791409 58.553562 -79.939224 -0.099502 0.149053 0.983810 0.911854 0.176251 1 0 1.000000
  0 40.736156 45.132629 -79.126038 -0.059663 0.169521 0.983719 0.837974 0.165195 1 0 1.000000
elevator_caps
  0 59.269939 54.840771 -79.126038 -0.099502 0.149053 0.983810 0.911854 0.165195 1 0 1.000000
  0 74.022758 67.134773 -79.126038 -0.115357 0.138429 0.983631 0.975314 0.165195 1 0 1.000000
  0 56.791409 58.553562 -79.939224 -0.099502 0.149053 0.983810 0.911854 0.176251 1 0 1.000000
elevator_caps
  0 74.022758 67.134773 -79.126038 -0.115357 0.138429 0.983631 0.975314 0.165195 1 0 1.000000
  0 71.026314 70.415977 -79.939224 -0.115357 0.138429 0.983631 0.979818 0.176251 1 0 1.000000
  0 56.791409 58.553562 -79.939224 -0.099502 0.149053 0.983810 0.911854 0.176251 1 0 1.000000
elevator_caps
  0 1.158037 0.007032 -105.825928 0.086631 -0.996240 -0.000001 0.310126 0.533742 1 0 1.000000
  0 45.999847 8.906313 -105.825928 0.379242 -0.925297 -0.000001 0.437129 0.533742 1 0 1.000000
  0 1.158037 1.007029 -88.000000 0.194368 -0.979389 0.054939 0.310126 0.557739 1 0 1.000000
elevator_caps
  0 45.999847 8.906313 -105.825928 0.379242 -0.925297 -0.000001 0.437129 0.533742 1 0 1.000000
  0 45.999500 9.906140 -88.000000 0.332299 -0.941693 0.052825 0.437129 0.557739 1 0 1.000000
  0 1.158037 1.007029 -88.000000 0.194368 -0.979389 0.054939 0.310126 0.557739 1 0 1.000000
elevator_caps
  0 45.999847 8.906313 -105.825928 0.379242 -0.925297 -0.000001 0.437129 0.533742 1 0 1.000000
  0 67.000206 19.906548 -105.825928 0.464007 -0.885831 -0.000001 0.505038 0.533732 1 0 1.000000
  0 45.999500 9.906140 -88.000000 0.332299 -0.941693 0.052825 0.437129 0.557739 1 0 1.000000
elevator_caps
  0 67.000206 19.906548 -105.825928 0.464007 -0.885831 -0.000001 0.505038 0.533732 1 0 1.000000
  0 66.999939 20.906334 -88.000000 0.463435 -0.884740 0.049631 0.504966 0.557695 1 0 1.000000
  0 45.999500 9.906140 -88.000000 0.332299 -0.941693 0.052825 0.437129 0.557739 1 0 1.000000
elevator_caps
  0 -1.158127 36.187126 -88.837433 1.000000 0.000000 0.000000 0.713975 0.246241 1 0 1.000000
  0 -1.158127 36.187126 -80.651123 1.000000 0.000000 0.000000 0.713975 0.223308 1 0 1.000000
  0 -1.158127 35.349697 -88.000000 1.000000 0.000000 0.000000 0.718291 0.246241 1 0 1.000000
elevator_caps
  0 -1.158127 35.349697 -88.000000 1.000000 0.000000 0.000000 0.718291 0.246241 1 0 1.000000
  0 -1.158127 36.187126 -80.651123 1.000000 0.000000 0.000000 0.713975 0.223308 1 0 1.000000
  0 -1.158127 35.349697 -80.149597 1.000000 0.000000 0.000000 0.718291 0.223308 1 0 1.000000
elevator_caps
  0 -1.158127 35.349697 -80.149597 1.000000 0.000000 0.000000 0.718291 0.223308 1 0 1.000000
  0 -1.158127 36.187126 -80.651123 1.000000 0.000000 0.000000 0.713975 0.223308 1 0 1.000000
  0 -1.158127 37.261295 -79.126038 1.000000 0.000000 0.000000 0.718529 0.216373 1 0 1.000000
elevator_caps
  0 -1.158127 36.187126 -80.651123 1.000000 0.000000 0.000000 0.713975 0.223308 1 0 1.000000
  0 -1.158127 37.471382 -79.963470 1.000000 0.000000 0.000000 0.713975 0.216373 1 0 1.000000
  0 -1.158127 37.261295 -79.126038 1.000000 0.000000 0.000000 0.718529 0.216373 1 0 1.000000
elevator_caps
  0 -1.158127 37.261295 -79.126038 1.000000 0.000000 0.000000 0.718529 0.216373 1 0 1.000000
  0 -1.158127 37.471382 -79.963470 1.000000 0.000000 0.000000 0.713975 0.216373 1 0 1.000000
  0 -1.158126 41.717007 -79.939224 1.000000 0.000000 0.000000 0.713975 0.203423 1 0 1.000000
elevator_caps
  0 1.158038 36.187126 -88.837433 -1.000000 0.000000 0.000000 0.714996 0.134897 1 0 1.000000
  0 1.158038 35.349697 -88.000000 -1.000000 0.000000 0.000000 0.718414 0.134897 1 0 1.000000
  0 1.158038 36.187126 -80.651123 -1.000000 0.000000 0.000000 0.714996 0.158597 1 0 1.000000
elevator_caps
  0 1.158038 35.349697 -88.000000 -1.000000 0.000000 0.000000 0.718414 0.134897 1 0 1.000000
  0 1.158038 35.349697 -80.149597 -1.000000 0.000000 0.000000 0.718414 0.158597 1 0 1.000000
  0 1.158038 36.187126 -80.651123 -1.000000 0.000000 0.000000 0.714996 0.158597 1 0 1.000000
elevator_caps
  0 1.158038 35.349697 -80.149597 -1.000000 0.000000 0.000000 0.718414 0.158597 1 0 1.000000
  0 1.158038 37.261295 -79.126038 -1.000000 0.000000 0.000000 0.718226 0.165233 1 0 1.000000
  0 1.158038 36.187126 -80.651123 -1.000000 0.000000 0.000000 0.714996 0.158597 1 0 1.000000
elevator_caps
  0 1.158038 37.261295 -79.126038 -1.000000 0.000000 0.000000 0.718226 0.165233 1 0 1.000000
  0 1.158038 37.471382 -79.963470 -1.000000 0.000000 0.000000 0.714996 0.165195 1 0 1.000000
  0 1.158038 36.187126 -80.651123 -1.000000 0.000000 0.000000 0.714996 0.158597 1 0 1.000000
elevator_caps
  0 1.158038 37.261295 -79.126038 -1.000000 0.000000 0.000000 0.718226 0.165233 1 0 1.000000
  0 1.158039 41.717007 -79.939224 -1.000000 0.000000 0.000000 0.714996 0.176251 1 0 1.000000
  0 1.158038 37.471382 -79.963470 -1.000000 0.000000 0.000000 0.714996 0.165195 1 0 1.000000
elevator_caps
  0 41.445827 43.359211 -88.000000 0.000000 0.000000 1.000000 0.437129 0.652645 1 0 1.000000
  0 66.999939 43.249004 -88.000000 0.000000 0.000000 1.000000 0.505038 0.623126 1 0 1.000000
  0 60.324825 53.248180 -88.000000 0.000000 0.000001 1.000000 0.504914 0.652390 1 0 1.000000
elevator_caps
  0 66.999939 20.906334 -88.000000 0.000000 0.000000 1.000000 0.504966 0.557695 1 0 1.000000
  0 66.999939 43.249004 -88.000000 0.000000 0.000000 1.000000 0.505038 0.623126 1 0 1.000000
  0 41.445827 43.359211 -88.000000 0.000000 0.000000 1.000000 0.437129 0.652645 1 0 1.000000
elevator_caps
  0 45.999500 9.906140 -88.000000 0.000000 0.000000 1.000000 0.437129 0.557739 1 0 1.000000
  0 66.999939 20.906334 -88.000000 0.000000 0.000000 1.000000 0.504966 0.557695 1 0 1.000000
  0 41.445827 43.359211 -88.000000 0.000000 0.000000 1.000000 0.437129 0.652645 1 0 1.000000
elevator_caps
  0 45.999500 9.906140 -88.000000 0.000000 0.000000 1.000000 0.437129 0.557739 1 0 1.000000
  0 41.445827 43.359211 -88.000000 0.000000 0.000000 1.000000 0.437129 0.652645 1 0 1.000000
  0 1.158038 35.349697 -88.000000 0.000000 0.000000 1.000000 0.310126 0.652645 1 0 1.000000
elevator_caps
  0 1.158037 1.007029 -88.000000 0.000000 0.000000 1.000000 0.310126 0.557739 1 0 1.000000
  0 45.999500 9.906140 -88.000000 0.000000 0.000000 1.000000 0.437129 0.557739 1 0 1.000000
  0 1.158038 35.349697 -88.000000 0.000000 0.000000 1.000000 0.310126 0.652645 1 0 1.000000
elevator_caps
  0 1.157970 249.236710 -79.126030 -1.000000 0.000009 -0.000003 0.799418 0.780544 1 0 1.000000
  0 1.157969 249.026627 -79.963463 -1.000000 0.000009 -0.000003 0.799418 0.780544 1 0 1.000000
  0 1.157956 244.781006 -79.939217 -1.000000 0.000003 0.000000 0.799418 0.776272 1 0 1.000000
elevator_caps
  0 1.157970 249.236710 -79.126030 -1.000000 0.000009 -0.000003 0.799418 0.780544 1 0 1.000000
  0 1.158023 262.310883 -88.452850 -1.000000 0.000003 0.000000 0.799418 0.795555 1 0 1.000000
  0 1.157969 249.026627 -79.963463 -1.000000 0.000009 -0.000003 0.799418 0.780544 1 0 1.000000
elevator_caps
  0 1.158026 263.148315 -87.999985 -1.000000 0.000003 0.000000 0.799418 0.797925 1 0 1.000000
  0 1.158023 262.310883 -88.452850 -1.000000 0.000003 0.000000 0.799418 0.795555 1 0 1.000000
  0 1.157970 249.236710 -79.126030 -1.000000 0.000009 -0.000003 0.799418 0.780544 1 0 1.000000
elevator_caps
  0 1.158026 263.148315 -87.999985 -1.000000 0.000003 0.000000 0.799418 0.797925 1 0 1.000000
  0 1.158026 263.148315 -105.825912 -1.000000 0.000003 0.000000 0.799418 0.805981 1 0 1.000000
  0 1.158023 262.310883 -88.452850 -1.000000 0.000003 0.000000 0.799418 0.795555 1 0 1.000000
elevator_caps
  0 1.158026 263.148315 -105.825912 -1.000000 0.000003 0.000000 0.799418 0.805981 1 0 1.000000
  0 1.158023 262.310883 -105.825912 -1.000000 0.000003 0.000000 0.799418 0.803481 1 0 1.000000
  0 1.158023 262.310883 -88.452850 -1.000000 0.000003 0.000000 0.799418 0.795555 1 0 1.000000
elevator_caps
  0 -127.988419 143.523056 76.920303 0.000000 0.000000 -1.000000 0.638940 0.822737 1 0 1.000000
  0 -118.245880 192.502106 76.920303 0.000000 0.000001 -1.000000 0.564120 0.822737 1 0 1.000000
  0 -125.799942 143.523056 76.920303 0.000000 0.000000 -1.000000 0.638940 0.819401 1 0 1.000000
elevator_caps
  0 -118.245880 192.502106 76.920303 0.000000 0.000001 -1.000000 0.564120 0.822737 1 0 1.000000
  0 -116.223991 191.664612 76.920303 0.000000 0.000001 -1.000000 0.564120 0.819401 1 0 1.000000
  0 -125.799942 143.523056 76.920303 0.000000 0.000000 -1.000000 0.638940 0.819401 1 0 1.000000
elevator_caps
  0 -118.245880 192.502106 76.920303 0.000000 0.000001 -1.000000 0.564120 0.822737 1 0 1.000000
  0 -90.405151 233.928207 76.920303 0.000000 0.000000 -1.000000 0.488639 0.822737 1 0 1.000000
  0 -116.223991 191.664612 76.920303 0.000000 0.000001 -1.000000 0.564120 0.819401 1 0 1.000000
elevator_caps
  0 -90.405151 233.928207 76.920303 0.000000 0.000000 -1.000000 0.488639 0.822737 1 0 1.000000
  0 -88.857666 232.380722 76.920303 0.000000 0.000000 -1.000000 0.488639 0.819401 1 0 1.000000
  0 -116.223991 191.664612 76.920303 0.000000 0.000001 -1.000000 0.564120 0.819401 1 0 1.000000
elevator_caps
  0 -90.405151 233.928207 76.920303 0.000000 0.000000 -1.000000 0.488639 0.822737 1 0 1.000000
  0 -48.979057 261.768951 76.920303 0.000000 0.000000 -1.000000 0.411778 0.822737 1 0 1.000000
  0 -88.857666 232.380722 76.920303 0.000000 0.000000 -1.000000 0.488639 0.819401 1 0 1.000000
elevator_caps
  0 -48.979057 261.768951 76.920303 0.000000 0.000000 -1.000000 0.411778 0.822737 1 0 1.000000
  0 -48.141563 259.747070 76.920303 0.000000 0.000000 -1.000000 0.411778 0.819401 1 0 1.000000
  0 -88.857666 232.380722 76.920303 0.000000 0.000000 -1.000000 0.488639 0.819401 1 0 1.000000
elevator_caps
  0 -48.979057 261.768951 76.920303 0.000000 0.000000 -1.000000 0.411778 0.822737 1 0 1.000000
  0 -0.000012 271.375244 76.920311 0.000000 -0.000001 -1.000000 0.332855 0.822737 1 0 1.000000
  0 -48.141563 259.747070 76.920303 0.000000 0.000000 -1.000000 0.411778 0.819401 1 0 1.000000
elevator_caps
  0 -0.000012 271.375244 76.920311 0.000000 -0.000001 -1.000000 0.332855 0.822737 1 0 1.000000
  0 -0.000012 269.186768 76.920311 0.000000 -0.000001 -1.000000 0.332855 0.819401 1 0 1.000000
  0 -48.141563 259.747070 76.920303 0.000000 0.000000 -1.000000 0.411778 0.819401 1 0 1.000000
elevator_caps
  0 -0.000012 271.375244 76.920311 0.000000 -0.000001 -1.000000 0.332855 0.822737 1 0 1.000000
  0 48.979034 261.768951 76.920303 0.000000 0.000000 -1.000000 0.253933 0.822737 1 0 1.000000
  0 -0.000012 269.186768 76.920311 0.000000 -0.000001 -1.000000 0.332855 0.819401 1 0 1.000000
elevator_caps
  0 48.979034 261.768951 76.920303 0.000000 0.000000 -1.000000 0.253933 0.822737 1 0 1.000000
  0 48.141541 259.747070 76.920303 0.000000 0.000000 -1.000000 0.253933 0.819401 1 0 1.000000
  0 -0.000012 269.186768 76.920311 0.000000 -0.000001 -1.000000 0.332855 0.819401 1 0 1.000000
elevator_caps
  0 48.979034 261.768951 76.920303 0.000000 0.000000 -1.000000 0.253933 0.822737 1 0 1.000000
  0 90.405136 233.928207 76.920303 0.000000 0.000000 -1.000000 0.177072 0.822737 1 0 1.000000
  0 48.141541 259.747070 76.920303 0.000000 0.000000 -1.000000 0.253933 0.819401 1 0 1.000000
elevator_caps
  0 90.405136 233.928207 76.920303 0.000000 0.000000 -1.000000 0.177072 0.822737 1 0 1.000000
  0 88.857651 232.380722 76.920303 0.000000 0.000000 -1.000000 0.177072 0.819401 1 0 1.000000
  0 48.141541 259.747070 76.920303 0.000000 0.000000 -1.000000 0.253933 0.819401 1 0 1.000000
elevator_caps
  0 90.405136 233.928207 76.920303 0.000000 0.000000 -1.000000 0.177072 0.822737 1 0 1.000000
  0 118.245865 192.502121 76.920303 0.000000 0.000000 -1.000000 0.101591 0.822737 1 0 1.000000
  0 88.857651 232.380722 76.920303 0.000000 0.000000 -1.000000 0.177072 0.819401 1 0 1.000000
elevator_caps
  0 118.245865 192.502121 76.920303 0.000000 0.000000 -1.000000 0.101591 0.822737 1 0 1.000000
  0 116.223976 191.664627 76.920303 0.000000 0.000000 -1.000000 0.101591 0.819401 1 0 1.000000
  0 88.857651 232.380722 76.920303 0.000000 0.000000 -1.000000 0.177072 0.819401 1 0 1.000000
elevator_caps
  0 118.245865 192.502121 76.920303 0.000000 0.000000 -1.000000 0.101591 0.822737 1 0 1.000000
  0 127.988403 143.523071 76.920303 0.000000 0.000000 -1.000000 0.026771 0.822737 1 0 1.000000
  0 116.223976 191.664627 76.920303 0.000000 0.000000 -1.000000 0.101591 0.819401 1 0 1.000000
elevator_caps
  0 127.988403 143.523071 76.920303 0.000000 0.000000 -1.000000 0.026771 0.822737 1 0 1.000000
  0 125.799927 143.523071 76.920303 0.000000 0.000000 -1.000000 0.026771 0.819401 1 0 1.000000
  0 116.223976 191.664627 76.920303 0.000000 0.000000 -1.000000 0.101591 0.819401 1 0 1.000000
elevator_caps
  0 91.383217 54.096001 74.500366 0.000000 0.000001 1.000000 0.021486 0.288771 1 0 1.000000
  0 118.245865 94.544029 74.500374 0.000000 0.000000 1.000000 0.122559 0.288771 1 0 1.000000
  0 89.835732 55.643490 74.500366 0.000000 0.000001 1.000000 0.021486 0.293980 1 0 1.000000
elevator_caps
  0 118.245865 94.544029 74.500374 0.000000 0.000000 1.000000 0.122559 0.288771 1 0 1.000000
  0 116.223976 95.381523 74.500374 0.000000 0.000000 1.000000 0.122559 0.293980 1 0 1.000000
  0 89.835732 55.643490 74.500366 0.000000 0.000001 1.000000 0.021486 0.293980 1 0 1.000000
elevator_caps
  0 118.245865 94.544029 74.500374 0.000000 0.000000 1.000000 0.122559 0.288771 1 0 1.000000
  0 127.988403 143.523071 74.500374 0.000000 0.000000 1.000000 0.263840 0.288771 1 0 1.000000
  0 116.223976 95.381523 74.500374 0.000000 0.000000 1.000000 0.122559 0.293980 1 0 1.000000
elevator_caps
  0 116.223976 95.381523 74.500374 0.000000 0.000000 1.000000 0.122559 0.293980 1 0 1.000000
  0 127.988403 143.523071 74.500374 0.000000 0.000000 1.000000 0.263840 0.288771 1 0 1.000000
  0 125.799927 143.523071 74.500374 0.000000 0.000000 1.000000 0.263840 0.293980 1 0 1.000000
elevator_caps
  0 127.988403 143.523071 74.500374 0.000000 0.000000 1.000000 0.263840 0.288771 1 0 1.000000
  0 118.245865 192.502121 74.500374 0.000000 0.000001 1.000000 0.405121 0.288771 1 0 1.000000
  0 125.799927 143.523071 74.500374 0.000000 0.000000 1.000000 0.263840 0.293980 1 0 1.000000
elevator_caps
  0 125.799927 143.523071 74.500374 0.000000 0.000000 1.000000 0.263840 0.293980 1 0 1.000000
  0 118.245865 192.502121 74.500374 0.000000 0.000001 1.000000 0.405121 0.288771 1 0 1.000000
  0 116.223976 191.664627 74.500374 0.000000 0.000001 1.000000 0.405121 0.293980 1 0 1.000000
elevator_caps
  0 118.245865 192.502121 74.500374 0.000000 0.000001 1.000000 0.405121 0.288771 1 0 1.000000
  0 91.383209 232.950150 74.500374 0.000000 0.000001 1.000000 0.506197 0.288771 1 0 1.000000
  0 116.223976 191.664627 74.500374 0.000000 0.000001 1.000000 0.405121 0.293980 1 0 1.000000
elevator_caps
  0 116.223976 191.664627 74.500374 0.000000 0.000001 1.000000 0.405121 0.293980 1 0 1.000000
  0 91.383209 232.950150 74.500374 0.000000 0.000001 1.000000 0.506197 0.288771 1 0 1.000000
  0 89.835724 231.402664 74.500374 0.000000 0.000001 1.000000 0.506197 0.293980 1 0 1.000000
elevator_caps
  0 1.383202 15.670892 74.500366 0.000000 0.000001 1.000000 0.018345 0.173465 1 0 1.000000
  0 24.969301 17.993919 74.500366 0.000000 0.000001 1.000000 0.073605 0.173465 1 0 1.000000
  0 1.383202 17.859365 74.500366 0.000000 0.000001 1.000000 0.018345 0.178636 1 0 1.000000
elevator_caps
  0 24.542351 20.140345 74.500366 0.000000 0.000001 1.000000 0.073605 0.178636 1 0 1.000000
  0 1.383202 17.859365 74.500366 0.000000 0.000001 1.000000 0.018345 0.178636 1 0 1.000000
  0 24.969301 17.993919 74.500366 0.000000 0.000001 1.000000 0.073605 0.173465 1 0 1.000000
elevator_caps
  0 24.969301 17.993919 74.500366 0.000000 0.000001 1.000000 0.073605 0.173465 1 0 1.000000
  0 71.106552 37.104599 74.500366 0.000000 0.000000 1.000000 0.207794 0.173465 1 0 1.000000
  0 24.542351 20.140345 74.500366 0.000000 0.000001 1.000000 0.073605 0.178636 1 0 1.000000
elevator_caps
  0 24.542351 20.140345 74.500366 0.000000 0.000001 1.000000 0.073605 0.178636 1 0 1.000000
  0 71.106552 37.104599 74.500366 0.000000 0.000000 1.000000 0.207794 0.173465 1 0 1.000000
  0 69.890701 38.924248 74.500366 0.000000 0.000000 1.000000 0.207794 0.178636 1 0 1.000000
elevator_caps
  0 87.879585 53.687344 74.500366 0.000000 -0.000001 1.000000 0.263053 0.178636 1 0 1.000000
  0 69.890701 38.924248 74.500366 0.000000 0.000000 1.000000 0.207794 0.178636 1 0 1.000000
  0 71.106552 37.104599 74.500366 0.000000 0.000000 1.000000 0.207794 0.173465 1 0 1.000000
elevator_caps
  0 89.427071 52.139858 74.500366 0.000000 -0.000001 1.000000 0.263053 0.173465 1 0 1.000000
  0 87.879585 53.687344 74.500366 0.000000 -0.000001 1.000000 0.263053 0.178636 1 0 1.000000
  0 71.106552 37.104599 74.500366 0.000000 0.000000 1.000000 0.207794 0.173465 1 0 1.000000
elevator_caps
  0 24.969301 17.993919 76.920296 0.019846 -0.100179 -0.994771 0.276605 0.668433 1 0 1.000000
  0 71.106552 37.104599 76.920296 0.035546 -0.066501 -0.997153 0.406256 0.668433 1 0 1.000000
  0 71.106552 12.363739 83.072037 0.099454 -0.240103 -0.965639 0.406256 0.735071 1 0 1.000000
elevator_caps
  0 24.969301 -6.746937 83.072037 0.060994 -0.240850 -0.968644 0.276605 0.735071 1 0 1.000000
  0 24.969301 17.993919 76.920296 0.019846 -0.100179 -0.994771 0.276605 0.668433 1 0 1.000000
  0 71.106552 12.363739 83.072037 0.099454 -0.240103 -0.965639 0.406256 0.735071 1 0 1.000000
elevator_caps
  0 24.969301 17.993919 76.920296 0.019846 -0.100179 -0.994771 0.276605 0.668433 1 0 1.000000
  0 24.969301 -6.746937 83.072037 0.060994 -0.240850 -0.968644 0.276605 0.735071 1 0 1.000000
  0 -0.000001 15.670891 76.920296 0.000000 -0.100240 -0.994963 0.211132 0.668433 1 0 1.000000
elevator_caps
  0 -0.000001 15.670891 76.920296 0.000000 -0.100240 -0.994963 0.211132 0.668433 1 0 1.000000
  0 24.969301 -6.746937 83.072037 0.060994 -0.240850 -0.968644 0.276605 0.735071 1 0 1.000000
  0 0.000000 -9.069967 83.072037 0.000000 -0.241300 -0.970450 0.211132 0.735071 1 0 1.000000
elevator_caps
  0 -0.000001 15.670891 76.920296 0.000000 -0.100240 -0.994963 0.211132 0.668433 1 0 1.000000
  0 0.000000 -9.069967 83.072037 0.000000 -0.241300 -0.970450 0.211132 0.735071 1 0 1.000000
  0 -24.969301 -6.746940 83.072037 -0.060994 -0.240850 -0.968644 0.145683 0.735071 1 0 1.000000
elevator_caps
  0 -24.969301 17.993917 76.920296 -0.019846 -0.100179 -0.994771 0.145683 0.668433 1 0 1.000000
  0 -0.000001 15.670891 76.920296 0.000000 -0.100240 -0.994963 0.211132 0.668433 1 0 1.000000
  0 -24.969301 -6.746940 83.072037 -0.060994 -0.240850 -0.968644 0.145683 0.735071 1 0 1.000000
elevator_caps
  0 -24.969301 -6.746940 83.072037 -0.060994 -0.240850 -0.968644 0.145683 0.735071 1 0 1.000000
  0 -71.106552 12.363733 83.072037 -0.099454 -0.240103 -0.965639 0.016425 0.735071 1 0 1.000000
  0 -24.969301 17.993917 76.920296 -0.019846 -0.100179 -0.994771 0.145683 0.668433 1 0 1.000000
elevator_caps
  0 -71.106552 12.363733 83.072037 -0.099454 -0.240103 -0.965639 0.016425 0.735071 1 0 1.000000
  0 -71.106552 37.104591 76.920296 -0.035546 -0.066501 -0.997153 0.016425 0.668433 1 0 1.000000
  0 -24.969301 17.993917 76.920296 -0.019846 -0.100179 -0.994771 0.145683 0.668433 1 0 1.000000
elevator_caps
  0 -89.427071 52.139851 74.500366 0.000000 0.000000 1.000000 0.284473 0.174323 1 0 1.000000
  0 -71.106552 37.104591 74.500366 0.000000 0.000000 1.000000 0.339733 0.174323 1 0 1.000000
  0 -87.879585 53.687336 74.500366 0.000000 0.000000 1.000000 0.284473 0.179495 1 0 1.000000
elevator_caps
  0 -69.890701 38.924240 74.500366 0.000000 0.000000 1.000000 0.339733 0.179495 1 0 1.000000
  0 -87.879585 53.687336 74.500366 0.000000 0.000000 1.000000 0.284473 0.179495 1 0 1.000000
  0 -71.106552 37.104591 74.500366 0.000000 0.000000 1.000000 0.339733 0.174323 1 0 1.000000
elevator_caps
  0 -71.106552 37.104591 74.500366 0.000000 0.000000 1.000000 0.339733 0.174323 1 0 1.000000
  0 -24.969301 17.993917 74.500366 0.000000 0.000000 1.000000 0.473922 0.174323 1 0 1.000000
  0 -69.890701 38.924240 74.500366 0.000000 0.000000 1.000000 0.339733 0.179495 1 0 1.000000
elevator_caps
  0 -69.890701 38.924240 74.500366 0.000000 0.000000 1.000000 0.339733 0.179495 1 0 1.000000
  0 -24.969301 17.993917 74.500366 0.000000 0.000000 1.000000 0.473922 0.174323 1 0 1.000000
  0 -24.542351 20.140343 74.500366 0.000000 0.000000 1.000000 0.473922 0.179495 1 0 1.000000
elevator_caps
  0 -1.383204 17.859365 74.500366 0.000000 0.000000 1.000000 0.529181 0.179495 1 0 1.000000
  0 -24.542351 20.140343 74.500366 0.000000 0.000000 1.000000 0.473922 0.179495 1 0 1.000000
  0 -24.969301 17.993917 74.500366 0.000000 0.000000 1.000000 0.473922 0.174323 1 0 1.000000
elevator_caps
  0 -1.383204 15.670892 74.500366 0.000000 0.000000 1.000000 0.529181 0.174323 1 0 1.000000
  0 -1.383204 17.859365 74.500366 0.000000 0.000000 1.000000 0.529181 0.179495 1 0 1.000000
  0 -24.969301 17.993917 74.500366 0.000000 0.000000 1.000000 0.473922 0.174323 1 0 1.000000
elevator_caps
  0 118.245865 192.502121 96.155647 0.923879 0.382684 0.000000 0.101591 0.851938 1 0 1.000000
  0 127.988403 143.523071 96.155647 1.000000 0.000000 0.000000 0.026771 0.851938 1 0 1.000000
  0 127.988403 143.523071 76.920303 1.000000 0.000000 0.000000 0.026771 0.822737 1 0 1.000000
elevator_caps
  0 118.245865 192.502121 76.920303 0.923879 0.382684 0.000000 0.101591 0.822737 1 0 1.000000
  0 118.245865 192.502121 96.155647 0.923879 0.382684 0.000000 0.101591 0.851938 1 0 1.000000
  0 127.988403 143.523071 76.920303 1.000000 0.000000 0.000000 0.026771 0.822737 1 0 1.000000
elevator_caps
  0 118.245865 192.502121 96.155647 0.923879 0.382684 0.000000 0.101591 0.851938 1 0 1.000000
  0 118.245865 192.502121 76.920303 0.923879 0.382684 0.000000 0.101591 0.822737 1 0 1.000000
  0 90.405136 233.928207 96.155647 0.707107 0.707107 0.000000 0.177072 0.851938 1 0 1.000000
elevator_caps
  0 118.245865 192.502121 76.920303 0.923879 0.382684 0.000000 0.101591 0.822737 1 0 1.000000
  0 90.405136 233.928207 76.920303 0.707107 0.707107 0.000000 0.177072 0.822737 1 0 1.000000
  0 90.405136 233.928207 96.155647 0.707107 0.707107 0.000000 0.177072 0.851938 1 0 1.000000
elevator_caps
  0 48.979034 261.768951 96.155647 0.382683 0.923880 0.000000 0.253933 0.851938 1 0 1.000000
  0 90.405136 233.928207 96.155647 0.707107 0.707107 0.000000 0.177072 0.851938 1 0 1.000000
  0 90.405136 233.928207 76.920303 0.707107 0.707107 0.000000 0.177072 0.822737 1 0 1.000000
elevator_caps
  0 48.979034 261.768951 76.920303 0.382683 0.923880 0.000000 0.253933 0.822737 1 0 1.000000
  0 48.979034 261.768951 96.155647 0.382683 0.923880 0.000000 0.253933 0.851938 1 0 1.000000
  0 90.405136 233.928207 76.920303 0.707107 0.707107 0.000000 0.177072 0.822737 1 0 1.000000
elevator_caps
  0 48.979034 261.768951 96.155647 0.382683 0.923880 0.000000 0.253933 0.851938 1 0 1.000000
  0 48.979034 261.768951 76.920303 0.382683 0.923880 0.000000 0.253933 0.822737 1 0 1.000000
  0 -0.000012 271.375244 96.155655 0.000000 1.000000 0.000000 0.332855 0.851938 1 0 1.000000
elevator_caps
  0 48.979034 261.768951 76.920303 0.382683 0.923880 0.000000 0.253933 0.822737 1 0 1.000000
  0 -0.000012 271.375244 76.920311 0.000000 1.000000 0.000000 0.332855 0.822737 1 0 1.000000
  0 -0.000012 271.375244 96.155655 0.000000 1.000000 0.000000 0.332855 0.851938 1 0 1.000000
elevator_caps
  0 -48.979057 261.768951 96.155647 -0.382683 0.923880 0.000000 0.411778 0.851938 1 0 1.000000
  0 -0.000012 271.375244 96.155655 0.000000 1.000000 0.000000 0.332855 0.851938 1 0 1.000000
  0 -0.000012 271.375244 76.920311 0.000000 1.000000 0.000000 0.332855 0.822737 1 0 1.000000
elevator_caps
  0 -48.979057 261.768951 76.920303 -0.382683 0.923880 0.000000 0.411778 0.822737 1 0 1.000000
  0 -48.979057 261.768951 96.155647 -0.382683 0.923880 0.000000 0.411778 0.851938 1 0 1.000000
  0 -0.000012 271.375244 76.920311 0.000000 1.000000 0.000000 0.332855 0.822737 1 0 1.000000
elevator_caps
  0 -48.979057 261.768951 96.155647 -0.382683 0.923880 0.000000 0.411778 0.851938 1 0 1.000000
  0 -48.979057 261.768951 76.920303 -0.382683 0.923880 0.000000 0.411778 0.822737 1 0 1.000000
  0 -90.405151 233.928192 96.155647 -0.707107 0.707107 0.000000 0.488639 0.851938 1 0 1.000000
elevator_caps
  0 -48.979057 261.768951 76.920303 -0.382683 0.923880 0.000000 0.411778 0.822737 1 0 1.000000
  0 -90.405151 233.928207 76.920303 -0.707107 0.707107 0.000000 0.488639 0.822737 1 0 1.000000
  0 -90.405151 233.928192 96.155647 -0.707107 0.707107 0.000000 0.488639 0.851938 1 0 1.000000
elevator_caps
  0 -118.245880 192.502106 96.155647 -0.923879 0.382684 0.000000 0.564120 0.851938 1 0 1.000000
  0 -90.405151 233.928192 96.155647 -0.707107 0.707107 0.000000 0.488639 0.851938 1 0 1.000000
  0 -90.405151 233.928207 76.920303 -0.707107 0.707107 0.000000 0.488639 0.822737 1 0 1.000000
elevator_caps
  0 -118.245880 192.502106 76.920303 -0.923879 0.382684 0.000000 0.564120 0.822737 1 0 1.000000
  0 -118.245880 192.502106 96.155647 -0.923879 0.382684 0.000000 0.564120 0.851938 1 0 1.000000
  0 -90.405151 233.928207 76.920303 -0.707107 0.707107 0.000000 0.488639 0.822737 1 0 1.000000
elevator_caps
  0 -127.988419 143.523056 96.155647 -1.000000 0.000000 0.000000 0.638940 0.851938 1 0 1.000000
  0 -118.245880 192.502106 96.155647 -0.923879 0.382684 0.000000 0.564120 0.851938 1 0 1.000000
  0 -118.245880 192.502106 76.920303 -0.923879 0.382684 0.000000 0.564120 0.822737 1 0 1.000000
elevator_caps
  0 -127.988419 143.523056 76.920303 -1.000000 0.000000 0.000000 0.638940 0.822737 1 0 1.000000
  0 -127.988419 143.523056 96.155647 -1.000000 0.000000 0.000000 0.638940 0.851938 1 0 1.000000
  0 -118.245880 192.502106 76.920303 -0.923879 0.382684 0.000000 0.564120 0.822737 1 0 1.000000
elevator_caps
  0 83.474930 177.955643 -79.126030 0.000000 0.000000 1.000000 0.877513 0.459207 1 0 1.000000
  0 90.191338 143.249069 -79.126030 0.000000 0.000000 1.000000 0.886593 0.412286 1 0 1.000000
  0 99.300606 143.249084 -79.939217 0.088861 0.000000 0.996044 0.905352 0.412286 1 0 1.000000
elevator_caps
  0 91.921021 181.445511 -79.939217 0.082003 0.033780 0.996059 0.894897 0.466404 1 0 1.000000
  0 83.474930 177.955643 -79.126030 0.000000 0.000000 1.000000 0.877513 0.459207 1 0 1.000000
  0 99.300606 143.249084 -79.939217 0.088861 0.000000 0.996044 0.905352 0.412286 1 0 1.000000
elevator_caps
  0 91.921021 181.445511 -79.939217 0.082003 0.033780 0.996059 0.894897 0.466404 1 0 1.000000
  0 70.354424 213.603775 -79.939217 0.062762 0.062761 0.996053 0.864341 0.511966 1 0 1.000000
  0 83.474930 177.955643 -79.126030 0.000000 0.000000 1.000000 0.877513 0.459207 1 0 1.000000
elevator_caps
  0 83.474930 177.955643 -79.126030 0.000000 0.000000 1.000000 0.877513 0.459207 1 0 1.000000
  0 70.354424 213.603775 -79.939217 0.062762 0.062761 0.996053 0.864341 0.511966 1 0 1.000000
  0 63.905735 207.155060 -79.126030 0.000000 0.000000 1.000000 0.851057 0.498683 1 0 1.000000
elevator_caps
  0 34.707649 226.723495 -79.126030 0.000000 0.000000 1.000000 0.811583 0.525138 1 0 1.000000
  0 63.905735 207.155060 -79.126030 0.000000 0.000000 1.000000 0.851057 0.498683 1 0 1.000000
  0 70.354424 213.603775 -79.939217 0.062762 0.062761 0.996053 0.864341 0.511966 1 0 1.000000
elevator_caps
  0 38.197594 235.169540 -79.939217 0.033755 0.081960 0.996064 0.818780 0.542522 1 0 1.000000
  0 34.707649 226.723495 -79.126030 0.000000 0.000000 1.000000 0.811583 0.525138 1 0 1.000000
  0 70.354424 213.603775 -79.939217 0.062762 0.062761 0.996053 0.864341 0.511966 1 0 1.000000
elevator_caps
  0 38.197594 235.169540 -79.939217 0.033755 0.081960 0.996064 0.818780 0.542522 1 0 1.000000
  0 -0.000134 242.545090 -79.939217 0.000000 0.088774 0.996052 0.764660 0.552971 1 0 1.000000
  0 34.707649 226.723495 -79.126030 0.000000 0.000000 1.000000 0.811583 0.525138 1 0 1.000000
elevator_caps
  0 34.707649 226.723495 -79.126030 0.000000 0.000000 1.000000 0.811583 0.525138 1 0 1.000000
  0 -0.000134 242.545090 -79.939217 0.000000 0.088774 0.996052 0.764660 0.552971 1 0 1.000000
  0 -0.000140 233.416489 -79.126030 0.000000 0.000000 1.000000 0.764660 0.534187 1 0 1.000000
elevator_caps
  0 -34.707703 226.723450 -79.126030 0.000000 0.000000 1.000000 0.717738 0.525138 1 0 1.000000
  0 -0.000140 233.416489 -79.126030 0.000000 0.000000 1.000000 0.764660 0.534187 1 0 1.000000
  0 -0.000134 242.545090 -79.939217 0.000000 0.088774 0.996052 0.764660 0.552971 1 0 1.000000
elevator_caps
  0 -38.197651 235.169495 -79.939217 -0.033755 0.081960 0.996064 0.710541 0.542521 1 0 1.000000
  0 -34.707703 226.723450 -79.126030 0.000000 0.000000 1.000000 0.717738 0.525138 1 0 1.000000
  0 -0.000134 242.545090 -79.939217 0.000000 0.088774 0.996052 0.764660 0.552971 1 0 1.000000
elevator_caps
  0 -38.197651 235.169495 -79.939217 -0.033755 0.081960 0.996064 0.710541 0.542521 1 0 1.000000
  0 -70.354668 213.603622 -79.939217 -0.062761 0.062762 0.996053 0.664980 0.511966 1 0 1.000000
  0 -34.707703 226.723450 -79.126030 0.000000 0.000000 1.000000 0.717738 0.525138 1 0 1.000000
elevator_caps
  0 -34.707703 226.723450 -79.126030 0.000000 0.000000 1.000000 0.717738 0.525138 1 0 1.000000
  0 -70.354668 213.603622 -79.939217 -0.062761 0.062762 0.996053 0.664980 0.511966 1 0 1.000000
  0 -63.905960 207.154922 -79.126030 0.000000 0.000000 1.000000 0.678263 0.498682 1 0 1.000000
elevator_caps
  0 -83.474388 177.957153 -79.126030 0.000000 0.000000 1.000000 0.651808 0.459209 1 0 1.000000
  0 -63.905960 207.154922 -79.126030 0.000000 0.000000 1.000000 0.678263 0.498682 1 0 1.000000
  0 -70.354668 213.603622 -79.939217 -0.062761 0.062762 0.996053 0.664980 0.511966 1 0 1.000000
elevator_caps
  0 -91.920433 181.447128 -79.939217 -0.082003 0.033781 0.996059 0.634424 0.466406 1 0 1.000000
  0 -83.474388 177.957153 -79.126030 0.000000 0.000000 1.000000 0.651808 0.459209 1 0 1.000000
  0 -70.354668 213.603622 -79.939217 -0.062761 0.062762 0.996053 0.664980 0.511966 1 0 1.000000
elevator_caps
  0 -91.920433 181.447128 -79.939217 -0.082003 0.033781 0.996059 0.634424 0.466406 1 0 1.000000
  0 -99.300934 143.249039 -79.939217 -0.088860 0.000000 0.996044 0.623968 0.412286 1 0 1.000000
  0 -83.474388 177.957153 -79.126030 0.000000 0.000000 1.000000 0.651808 0.459209 1 0 1.000000
elevator_caps
  0 -83.474388 177.957153 -79.126030 0.000000 0.000000 1.000000 0.651808 0.459209 1 0 1.000000
  0 -99.300934 143.249039 -79.939217 -0.088860 0.000000 0.996044 0.623968 0.412286 1 0 1.000000
  0 -90.191650 143.249054 -79.126030 0.000000 0.000000 1.000000 0.642727 0.412286 1 0 1.000000
elevator_caps
  0 -83.475029 108.542374 -79.126030 0.000000 0.000000 1.000000 0.651807 0.365364 1 0 1.000000
  0 -90.191650 143.249054 -79.126030 0.000000 0.000000 1.000000 0.642727 0.412286 1 0 1.000000
  0 -99.300934 143.249039 -79.939217 -0.088860 0.000000 0.996044 0.623968 0.412286 1 0 1.000000
elevator_caps
  0 -91.921120 105.052498 -79.939217 -0.082003 -0.033780 0.996059 0.634423 0.358168 1 0 1.000000
  0 -83.475029 108.542374 -79.126030 0.000000 0.000000 1.000000 0.651807 0.365364 1 0 1.000000
  0 -99.300934 143.249039 -79.939217 -0.088860 0.000000 0.996044 0.623968 0.412286 1 0 1.000000
elevator_caps
  0 -91.921120 105.052498 -79.939217 -0.082003 -0.033780 0.996059 0.634423 0.358168 1 0 1.000000
  0 -70.354630 72.894363 -79.939224 -0.066263 -0.059258 0.996041 0.664980 0.312605 1 0 1.000000
  0 -83.475029 108.542374 -79.126030 0.000000 0.000000 1.000000 0.651807 0.365364 1 0 1.000000
elevator_caps
  0 -83.475029 108.542374 -79.126030 0.000000 0.000000 1.000000 0.651807 0.365364 1 0 1.000000
  0 -70.354630 72.894363 -79.939224 -0.066263 -0.059258 0.996041 0.664980 0.312605 1 0 1.000000
  0 -63.905930 79.343063 -79.126038 0.000000 0.000000 1.000000 0.678263 0.325889 1 0 1.000000
elevator_caps
  0 -50.456264 68.023811 -79.126038 0.000000 0.000000 1.000000 0.696446 0.310586 1 0 1.000000
  0 -63.905930 79.343063 -79.126038 0.000000 0.000000 1.000000 0.678263 0.325889 1 0 1.000000
  0 -70.354630 72.894363 -79.939224 -0.066263 -0.059258 0.996041 0.664980 0.312605 1 0 1.000000
elevator_caps
  0 -55.548050 60.416821 -79.939224 -0.049341 -0.073489 0.996075 0.685958 0.294926 1 0 1.000000
  0 -50.456264 68.023811 -79.126038 0.000000 0.000000 1.000000 0.696446 0.310586 1 0 1.000000
  0 -70.354630 72.894363 -79.939224 -0.066263 -0.059258 0.996041 0.664980 0.312605 1 0 1.000000
elevator_caps
  0 -55.548050 60.416821 -79.939224 -0.049341 -0.073489 0.996075 0.685958 0.294926 1 0 1.000000
  0 -38.197071 51.328274 -79.939224 -0.029214 -0.083805 0.996054 0.710541 0.282049 1 0 1.000000
  0 -50.456264 68.023811 -79.126038 0.000000 0.000000 1.000000 0.696446 0.310586 1 0 1.000000
elevator_caps
  0 -50.456264 68.023811 -79.126038 0.000000 0.000000 1.000000 0.696446 0.310586 1 0 1.000000
  0 -38.197071 51.328274 -79.939224 -0.029214 -0.083805 0.996054 0.710541 0.282049 1 0 1.000000
  0 -34.707188 59.774357 -79.126038 0.000000 0.000000 1.000000 0.717738 0.299433 1 0 1.000000
elevator_caps
  0 -38.197071 51.328274 -79.939224 -0.029214 -0.083805 0.996054 0.710541 0.282049 1 0 1.000000
  0 -0.000043 43.952927 -79.939224 0.000000 -0.088774 0.996052 0.764660 0.271600 1 0 1.000000
  0 -34.707188 59.774357 -79.126038 0.000000 0.000000 1.000000 0.717738 0.299433 1 0 1.000000
elevator_caps
  0 -34.707188 59.774357 -79.126038 0.000000 0.000000 1.000000 0.717738 0.299433 1 0 1.000000
  0 -0.000043 43.952927 -79.939224 0.000000 -0.088774 0.996052 0.764660 0.271600 1 0 1.000000
  0 -0.000042 53.081528 -79.126038 0.000000 0.000000 1.000000 0.764660 0.290385 1 0 1.000000
elevator_caps
  0 34.706970 59.774265 -79.126038 0.000000 0.000000 1.000000 0.811582 0.299433 1 0 1.000000
  0 -0.000042 53.081528 -79.126038 0.000000 0.000000 1.000000 0.764660 0.290385 1 0 1.000000
  0 -0.000043 43.952927 -79.939224 0.000000 -0.088774 0.996052 0.764660 0.271600 1 0 1.000000
elevator_caps
  0 38.196865 51.328190 -79.939224 0.029214 -0.083805 0.996054 0.818779 0.282049 1 0 1.000000
  0 34.706970 59.774265 -79.126038 0.000000 0.000000 1.000000 0.811582 0.299433 1 0 1.000000
  0 -0.000043 43.952927 -79.939224 0.000000 -0.088774 0.996052 0.764660 0.271600 1 0 1.000000
elevator_caps
  0 34.706970 59.774265 -79.126038 0.000000 0.000000 1.000000 0.811582 0.299433 1 0 1.000000
  0 38.196865 51.328190 -79.939224 0.029214 -0.083805 0.996054 0.818779 0.282049 1 0 1.000000
  0 50.455894 68.023674 -79.126038 0.000000 0.000000 1.000000 0.832874 0.310586 1 0 1.000000
elevator_caps
  0 55.547657 60.416676 -79.939224 0.049340 -0.073489 0.996075 0.843362 0.294926 1 0 1.000000
  0 50.455894 68.023674 -79.126038 0.000000 0.000000 1.000000 0.832874 0.310586 1 0 1.000000
  0 38.196865 51.328190 -79.939224 0.029214 -0.083805 0.996054 0.818779 0.282049 1 0 1.000000
elevator_caps
  0 55.547657 60.416676 -79.939224 0.049340 -0.073489 0.996075 0.843362 0.294926 1 0 1.000000
  0 70.354561 72.894394 -79.939224 0.066263 -0.059258 0.996041 0.864341 0.312605 1 0 1.000000
  0 50.455894 68.023674 -79.126038 0.000000 0.000000 1.000000 0.832874 0.310586 1 0 1.000000
elevator_caps
  0 63.905853 79.343102 -79.126038 0.000000 0.000000 1.000000 0.851057 0.325889 1 0 1.000000
  0 50.455894 68.023674 -79.126038 0.000000 0.000000 1.000000 0.832874 0.310586 1 0 1.000000
  0 70.354561 72.894394 -79.939224 0.066263 -0.059258 0.996041 0.864341 0.312605 1 0 1.000000
elevator_caps
  0 83.474777 108.542412 -79.126030 0.000000 0.000000 1.000000 0.877513 0.365364 1 0 1.000000
  0 63.905853 79.343102 -79.126038 0.000000 0.000000 1.000000 0.851057 0.325889 1 0 1.000000
  0 70.354561 72.894394 -79.939224 0.066263 -0.059258 0.996041 0.864341 0.312605 1 0 1.000000
elevator_caps
  0 91.920853 105.052544 -79.939217 0.082004 -0.033780 0.996059 0.894897 0.358168 1 0 1.000000
  0 83.474777 108.542412 -79.126030 0.000000 0.000000 1.000000 0.877513 0.365364 1 0 1.000000
  0 70.354561 72.894394 -79.939224 0.066263 -0.059258 0.996041 0.864341 0.312605 1 0 1.000000
elevator_caps
  0 91.920853 105.052544 -79.939217 0.082004 -0.033780 0.996059 0.894897 0.358168 1 0 1.000000
  0 99.300606 143.249084 -79.939217 0.088861 0.000000 0.996044 0.905352 0.412286 1 0 1.000000
  0 83.474777 108.542412 -79.126030 0.000000 0.000000 1.000000 0.877513 0.365364 1 0 1.000000
elevator_caps
  0 83.474777 108.542412 -79.126030 0.000000 0.000000 1.000000 0.877513 0.365364 1 0 1.000000
  0 99.300606 143.249084 -79.939217 0.088861 0.000000 0.996044 0.905352 0.412286 1 0 1.000000
  0 90.191338 143.249069 -79.126030 0.000000 0.000000 1.000000 0.886593 0.412286 1 0 1.000000
elevator_caps
  0 -0.000010 232.576035 -105.825920 -0.000002 -0.999309 0.037157 0.019676 0.934837 1 0 1.000000
  0 34.072498 225.784485 -105.825920 -0.380945 -0.923591 0.043141 0.080105 0.934837 1 0 1.000000
  0 -0.000140 233.416489 -79.126030 -0.000002 -0.999309 0.037157 0.019676 0.980529 1 0 1.000000
elevator_caps
  0 34.707649 226.723495 -79.126030 -0.380945 -0.923591 0.043141 0.080105 0.980529 1 0 1.000000
  0 -0.000140 233.416489 -79.126030 -0.000002 -0.999309 0.037157 0.019676 0.980529 1 0 1.000000
  0 34.072498 225.784485 -105.825920 -0.380945 -0.923591 0.043141 0.080105 0.934837 1 0 1.000000
elevator_caps
  0 34.072498 225.784485 -105.825920 -0.380945 -0.923591 0.043141 0.080105 0.934837 1 0 1.000000
  0 62.930882 206.454086 -105.825920 -0.706787 -0.705765 0.048451 0.140304 0.934837 1 0 1.000000
  0 34.707649 226.723495 -79.126030 -0.380945 -0.923591 0.043141 0.080105 0.980529 1 0 1.000000
elevator_caps
  0 62.930882 206.454086 -105.825920 -0.706787 -0.705765 0.048451 0.140304 0.934837 1 0 1.000000
  0 63.905735 207.155060 -79.126030 -0.706787 -0.705765 0.048451 0.140304 0.980529 1 0 1.000000
  0 34.707649 226.723495 -79.126030 -0.380945 -0.923591 0.043141 0.080105 0.980529 1 0 1.000000
elevator_caps
  0 62.930882 206.454086 -105.825920 -0.706787 -0.705765 0.048451 0.140304 0.934837 1 0 1.000000
  0 82.165665 177.560532 -105.825920 -0.923679 -0.379557 0.052474 0.200230 0.934837 1 0 1.000000
  0 63.905735 207.155060 -79.126030 -0.706787 -0.705765 0.048451 0.140304 0.980529 1 0 1.000000
elevator_caps
  0 83.474930 177.955643 -79.126030 -0.923679 -0.379557 0.052474 0.200230 0.980529 1 0 1.000000
  0 63.905735 207.155060 -79.126030 -0.706787 -0.705765 0.048451 0.140304 0.980529 1 0 1.000000
  0 82.165665 177.560532 -105.825920 -0.923679 -0.379557 0.052474 0.200230 0.934837 1 0 1.000000
elevator_caps
  0 82.165665 177.560532 -105.825920 -0.923679 -0.379557 0.052474 0.200230 0.934837 1 0 1.000000
  0 88.864777 143.523743 -105.825920 -0.998497 0.001027 0.054796 0.260203 0.934825 1 0 1.000000
  0 83.474930 177.955643 -79.126030 -0.923679 -0.379557 0.052474 0.200230 0.980529 1 0 1.000000
elevator_caps
  0 90.191338 143.249069 -79.126030 -0.998497 0.001027 0.054796 0.260203 0.980541 1 0 1.000000
  0 83.474930 177.955643 -79.126030 -0.923679 -0.379557 0.052474 0.200230 0.980529 1 0 1.000000
  0 88.864777 143.523743 -105.825920 -0.998497 0.001027 0.054796 0.260203 0.934825 1 0 1.000000
elevator_caps
  0 88.864777 143.523743 -105.825920 -0.998497 0.001027 0.054796 0.260203 0.934825 1 0 1.000000
  0 82.035187 109.546593 -105.825920 -0.922261 0.380969 0.065559 0.320513 0.934812 1 0 1.000000
  0 90.191338 143.249069 -79.126030 -0.998497 0.001027 0.054796 0.260203 0.980541 1 0 1.000000
elevator_caps
  0 82.035187 109.546593 -105.825920 -0.922261 0.380969 0.065559 0.320513 0.934812 1 0 1.000000
  0 83.474777 108.542412 -79.126030 -0.922261 0.380969 0.065559 0.320513 0.980554 1 0 1.000000
  0 90.191338 143.249069 -79.126030 -0.998497 0.001027 0.054796 0.260203 0.980541 1 0 1.000000
elevator_caps
  0 82.035187 109.546593 -105.825920 -0.922261 0.380969 0.065559 0.320513 0.934812 1 0 1.000000
  0 62.743305 80.780449 -105.825928 -0.704729 0.705743 0.072688 0.380617 0.934812 1 0 1.000000
  0 83.474777 108.542412 -79.126030 -0.922261 0.380969 0.065559 0.320513 0.980554 1 0 1.000000
elevator_caps
  0 62.743305 80.780449 -105.825928 -0.704729 0.705743 0.072688 0.380617 0.934812 1 0 1.000000
  0 63.905853 79.343102 -79.126038 -0.704729 0.705743 0.072688 0.380617 0.980554 1 0 1.000000
  0 83.474777 108.542412 -79.126030 -0.922261 0.380969 0.065559 0.320513 0.980554 1 0 1.000000
elevator_caps
  0 62.743305 80.780449 -105.825928 -0.704729 0.705743 0.072688 0.380617 0.934812 1 0 1.000000
  0 49.285610 69.765717 -105.825928 -0.554369 0.828892 0.074913 0.410479 0.934812 1 0 1.000000
  0 63.905853 79.343102 -79.126038 -0.704729 0.705743 0.072688 0.380617 0.980554 1 0 1.000000
elevator_caps
  0 63.905853 79.343102 -79.126038 -0.704729 0.705743 0.072688 0.380617 0.980554 1 0 1.000000
  0 49.285610 69.765717 -105.825928 -0.554369 0.828892 0.074913 0.410479 0.934812 1 0 1.000000
  0 50.455894 68.023674 -79.126038 -0.554369 0.828892 0.074913 0.410479 0.980554 1 0 1.000000
elevator_caps
  0 50.455894 68.023674 -79.126038 -0.554369 0.828892 0.074913 0.410479 0.980554 1 0 1.000000
  0 49.285610 69.765717 -105.825928 -0.554369 0.828892 0.074913 0.410479 0.934812 1 0 1.000000
  0 34.706970 59.774265 -79.126038 -0.379514 0.922155 0.074833 0.440459 0.980554 1 0 1.000000
elevator_caps
  0 49.285610 69.765717 -105.825928 -0.554369 0.828892 0.074913 0.410479 0.934812 1 0 1.000000
  0 33.942028 61.583576 -105.825928 -0.379514 0.922155 0.074833 0.440459 0.934812 1 0 1.000000
  0 34.706970 59.774265 -79.126038 -0.379514 0.922155 0.074833 0.440459 0.980554 1 0 1.000000
elevator_caps
  0 33.942028 61.583576 -105.825928 -0.379514 0.922155 0.074833 0.440459 0.934812 1 0 1.000000
  0 -0.000002 54.846073 -105.825928 0.000000 0.997443 0.071464 0.500341 0.934813 1 0 1.000000
  0 34.706970 59.774265 -79.126038 -0.379514 0.922155 0.074833 0.440459 0.980554 1 0 1.000000
elevator_caps
  0 -0.000042 53.081528 -79.126038 0.000000 0.997443 0.071464 0.500341 0.980553 1 0 1.000000
  0 34.706970 59.774265 -79.126038 -0.379514 0.922155 0.074833 0.440459 0.980554 1 0 1.000000
  0 -0.000002 54.846073 -105.825928 0.000000 0.997443 0.071464 0.500341 0.934813 1 0 1.000000
elevator_caps
  0 -0.000002 54.846073 -105.825928 0.000000 0.997443 0.071464 0.500341 0.934813 1 0 1.000000
  0 -33.942036 61.583572 -105.825928 0.379511 0.922156 0.074831 0.560623 0.934814 1 0 1.000000
  0 -0.000042 53.081528 -79.126038 0.000000 0.997443 0.071464 0.500341 0.980553 1 0 1.000000
elevator_caps
  0 -34.707188 59.774357 -79.126038 0.379511 0.922156 0.074831 0.560623 0.980552 1 0 1.000000
  0 -0.000042 53.081528 -79.126038 0.000000 0.997443 0.071464 0.500341 0.980553 1 0 1.000000
  0 -33.942036 61.583572 -105.825928 0.379511 0.922156 0.074831 0.560623 0.934814 1 0 1.000000
elevator_caps
  0 -34.707188 59.774357 -79.126038 0.379511 0.922156 0.074831 0.560623 0.980552 1 0 1.000000
  0 -33.942036 61.583572 -105.825928 0.379511 0.922156 0.074831 0.560623 0.934814 1 0 1.000000
  0 -50.456264 68.023811 -79.126038 0.554370 0.828892 0.074915 0.590779 0.980552 1 0 1.000000
elevator_caps
  0 -33.942036 61.583572 -105.825928 0.379511 0.922156 0.074831 0.560623 0.934814 1 0 1.000000
  0 -49.285618 69.765709 -105.825928 0.554370 0.828892 0.074915 0.590779 0.934814 1 0 1.000000
  0 -50.456264 68.023811 -79.126038 0.554370 0.828892 0.074915 0.590779 0.980552 1 0 1.000000
elevator_caps
  0 -50.456264 68.023811 -79.126038 0.554370 0.828892 0.074915 0.590779 0.980552 1 0 1.000000
  0 -49.285618 69.765709 -105.825928 0.554370 0.828892 0.074915 0.590779 0.934814 1 0 1.000000
  0 -63.905930 79.343063 -79.126038 0.704729 0.705743 0.072691 0.620735 0.980552 1 0 1.000000
elevator_caps
  0 -49.285618 69.765709 -105.825928 0.554370 0.828892 0.074915 0.590779 0.934814 1 0 1.000000
  0 -62.743313 80.780441 -105.825928 0.704729 0.705743 0.072691 0.620735 0.934814 1 0 1.000000
  0 -63.905930 79.343063 -79.126038 0.704729 0.705743 0.072691 0.620735 0.980552 1 0 1.000000
elevator_caps
  0 -62.743313 80.780441 -105.825928 0.704729 0.705743 0.072691 0.620735 0.934814 1 0 1.000000
  0 -83.475029 108.542374 -79.126030 0.922260 0.380969 0.065565 0.680568 0.980552 1 0 1.000000
  0 -63.905930 79.343063 -79.126038 0.704729 0.705743 0.072691 0.620735 0.980552 1 0 1.000000
elevator_caps
  0 -82.035202 109.546585 -105.825920 0.922260 0.380969 0.065565 0.680568 0.934814 1 0 1.000000
  0 -83.475029 108.542374 -79.126030 0.922260 0.380969 0.065565 0.680568 0.980552 1 0 1.000000
  0 -62.743313 80.780441 -105.825928 0.704729 0.705743 0.072691 0.620735 0.934814 1 0 1.000000
elevator_caps
  0 -82.035202 109.546585 -105.825920 0.922260 0.380969 0.065565 0.680568 0.934814 1 0 1.000000
  0 -90.191650 143.249054 -79.126030 0.998497 0.001027 0.054802 0.740477 0.980539 1 0 1.000000
  0 -83.475029 108.542374 -79.126030 0.922260 0.380969 0.065565 0.680568 0.980552 1 0 1.000000
elevator_caps
  0 -88.864792 143.523727 -105.825920 0.998497 0.001027 0.054802 0.740477 0.934827 1 0 1.000000
  0 -90.191650 143.249054 -79.126030 0.998497 0.001027 0.054802 0.740477 0.980539 1 0 1.000000
  0 -82.035202 109.546585 -105.825920 0.922260 0.380969 0.065565 0.680568 0.934814 1 0 1.000000
elevator_caps
  0 -88.864792 143.523727 -105.825920 0.998497 0.001027 0.054802 0.740477 0.934827 1 0 1.000000
  0 -82.165680 177.560516 -105.825920 0.923678 -0.379560 0.052476 0.800434 0.934839 1 0 1.000000
  0 -90.191650 143.249054 -79.126030 0.998497 0.001027 0.054802 0.740477 0.980539 1 0 1.000000
elevator_caps
  0 -83.474388 177.957153 -79.126030 0.923678 -0.379560 0.052476 0.800434 0.980527 1 0 1.000000
  0 -90.191650 143.249054 -79.126030 0.998497 0.001027 0.054802 0.740477 0.980539 1 0 1.000000
  0 -82.165680 177.560516 -105.825920 0.923678 -0.379560 0.052476 0.800434 0.934839 1 0 1.000000
elevator_caps
  0 -82.165680 177.560516 -105.825920 0.923678 -0.379560 0.052476 0.800434 0.934839 1 0 1.000000
  0 -62.930897 206.454086 -105.825920 0.706789 -0.705763 0.048454 0.860353 0.934839 1 0 1.000000
  0 -83.474388 177.957153 -79.126030 0.923678 -0.379560 0.052476 0.800434 0.980527 1 0 1.000000
elevator_caps
  0 -63.905960 207.154922 -79.126030 0.706789 -0.705763 0.048454 0.860353 0.980527 1 0 1.000000
  0 -83.474388 177.957153 -79.126030 0.923678 -0.379560 0.052476 0.800434 0.980527 1 0 1.000000
  0 -62.930897 206.454086 -105.825920 0.706789 -0.705763 0.048454 0.860353 0.934839 1 0 1.000000
elevator_caps
  0 -62.930897 206.454086 -105.825920 0.706789 -0.705763 0.048454 0.860353 0.934839 1 0 1.000000
  0 -34.707703 226.723450 -79.126030 0.380946 -0.923590 0.043141 0.920556 0.980527 1 0 1.000000
  0 -63.905960 207.154922 -79.126030 0.706789 -0.705763 0.048454 0.860353 0.980527 1 0 1.000000
elevator_caps
  0 -34.072521 225.784485 -105.825920 0.380946 -0.923590 0.043141 0.920556 0.934839 1 0 1.000000
  0 -34.707703 226.723450 -79.126030 0.380946 -0.923590 0.043141 0.920556 0.980527 1 0 1.000000
  0 -62.930897 206.454086 -105.825920 0.706789 -0.705763 0.048454 0.860353 0.934839 1 0 1.000000
elevator_caps
  0 -34.072521 225.784485 -105.825920 0.380946 -0.923590 0.043141 0.920556 0.934839 1 0 1.000000
  0 -0.000010 232.576035 -105.825920 -0.000002 -0.999309 0.037157 0.980998 0.934839 1 0 1.000000
  0 -34.707703 226.723450 -79.126030 0.380946 -0.923590 0.043141 0.920556 0.980527 1 0 1.000000
elevator_caps
  0 -0.000140 233.416489 -79.126030 -0.000002 -0.999309 0.037157 0.980998 0.980527 1 0 1.000000
  0 -34.707703 226.723450 -79.126030 0.380946 -0.923590 0.043141 0.920556 0.980527 1 0 1.000000
  0 -0.000010 232.576035 -105.825920 -0.000002 -0.999309 0.037157 0.980998 0.934839 1 0 1.000000
elevator_caps
  0 55.233978 60.859577 65.591637 0.092005 -0.152609 -0.983995 0.763130 0.591238 1 0 1.000000
  0 50.294743 68.251671 63.982788 0.092005 -0.152609 -0.983995 0.772932 0.605908 1 0 1.000000
  0 70.203194 73.319878 65.591637 0.132548 -0.119449 -0.983953 0.742068 0.608770 1 0 1.000000
elevator_caps
  0 50.294743 68.251671 63.982788 0.092005 -0.152609 -0.983995 0.772932 0.605908 1 0 1.000000
  0 63.916733 79.606339 63.982788 0.132548 -0.119449 -0.983953 0.754538 0.621240 1 0 1.000000
  0 70.203194 73.319878 65.591637 0.132548 -0.119449 -0.983953 0.742068 0.608770 1 0 1.000000
elevator_caps
  0 63.916733 79.606339 63.982788 0.132548 -0.119449 -0.983953 0.754538 0.621240 1 0 1.000000
  0 83.637100 108.879448 63.982788 0.164338 -0.068419 -0.984028 0.727909 0.660769 1 0 1.000000
  0 70.203194 73.319878 65.591637 0.132548 -0.119449 -0.983953 0.742068 0.608770 1 0 1.000000
elevator_caps
  0 91.850746 105.477242 65.591644 0.164338 -0.068419 -0.984028 0.711608 0.654017 1 0 1.000000
  0 70.203194 73.319878 65.591637 0.132548 -0.119449 -0.983953 0.742068 0.608770 1 0 1.000000
  0 83.637100 108.879448 63.982788 0.164338 -0.068419 -0.984028 0.727909 0.660769 1 0 1.000000
elevator_caps
  0 91.850746 105.477242 65.591644 0.164338 -0.068419 -0.984028 0.711608 0.654017 1 0 1.000000
  0 83.637100 108.879448 63.982788 0.164338 -0.068419 -0.984028 0.727909 0.660769 1 0 1.000000
  0 99.418533 143.523071 65.591644 0.178073 0.000000 -0.984017 0.700960 0.707549 1 0 1.000000
elevator_caps
  0 83.637100 108.879448 63.982788 0.164338 -0.068419 -0.984028 0.727909 0.660769 1 0 1.000000
  0 90.528145 143.523071 63.982792 0.178073 0.000000 -0.984017 0.718604 0.707549 1 0 1.000000
  0 99.418533 143.523071 65.591644 0.178073 0.000000 -0.984017 0.700960 0.707549 1 0 1.000000
elevator_caps
  0 99.418533 143.523071 65.591644 0.178073 0.000000 -0.984017 0.700960 0.707549 1 0 1.000000
  0 90.528145 143.523071 63.982792 0.178073 0.000000 -0.984017 0.718604 0.707549 1 0 1.000000
  0 91.850746 181.568893 65.591644 0.164338 0.068419 -0.984028 0.711608 0.761082 1 0 1.000000
elevator_caps
  0 90.528145 143.523071 63.982792 0.178073 0.000000 -0.984017 0.718604 0.707549 1 0 1.000000
  0 83.637100 178.166702 63.982792 0.164338 0.068419 -0.984028 0.727909 0.754330 1 0 1.000000
  0 91.850746 181.568893 65.591644 0.164338 0.068419 -0.984028 0.711608 0.761082 1 0 1.000000
elevator_caps
  0 91.850746 181.568893 65.591644 0.164338 0.068419 -0.984028 0.711608 0.761082 1 0 1.000000
  0 83.637100 178.166702 63.982792 0.164338 0.068419 -0.984028 0.727909 0.754330 1 0 1.000000
  0 70.203186 213.726273 65.591644 0.126004 0.126004 -0.983995 0.742068 0.806329 1 0 1.000000
elevator_caps
  0 83.637100 178.166702 63.982792 0.164338 0.068419 -0.984028 0.727909 0.754330 1 0 1.000000
  0 63.916729 207.439804 63.982792 0.126004 0.126004 -0.983995 0.754538 0.793858 1 0 1.000000
  0 70.203186 213.726273 65.591644 0.126004 0.126004 -0.983995 0.742068 0.806329 1 0 1.000000
elevator_caps
  0 63.916729 207.439804 63.982792 0.126004 0.126004 -0.983995 0.754538 0.793858 1 0 1.000000
  0 34.643612 227.160172 63.982796 0.068098 0.164404 -0.984039 0.794067 0.820488 1 0 1.000000
  0 70.203186 213.726273 65.591644 0.126004 0.126004 -0.983995 0.742068 0.806329 1 0 1.000000
elevator_caps
  0 38.045818 235.373825 65.591644 0.068098 0.164404 -0.984039 0.787315 0.836788 1 0 1.000000
  0 70.203186 213.726273 65.591644 0.126004 0.126004 -0.983995 0.742068 0.806329 1 0 1.000000
  0 34.643612 227.160172 63.982796 0.068098 0.164404 -0.984039 0.794067 0.820488 1 0 1.000000
elevator_caps
  0 38.045818 235.373825 65.591644 0.068098 0.164404 -0.984039 0.787315 0.836788 1 0 1.000000
  0 34.643612 227.160172 63.982796 0.068098 0.164404 -0.984039 0.794067 0.820488 1 0 1.000000
  0 -0.000011 242.805374 65.591644 0.000000 0.178197 -0.983995 0.840847 0.847245 1 0 1.000000
elevator_caps
  0 34.643612 227.160172 63.982796 0.068098 0.164404 -0.984039 0.794067 0.820488 1 0 1.000000
  0 -0.000010 233.914993 63.982796 0.000000 0.178197 -0.983995 0.840847 0.829609 1 0 1.000000
  0 -0.000011 242.805374 65.591644 0.000000 0.178197 -0.983995 0.840847 0.847245 1 0 1.000000
elevator_caps
  0 -0.000010 233.914993 63.982796 0.000000 0.178197 -0.983995 0.840847 0.829609 1 0 1.000000
  0 -34.643635 227.160172 63.982796 -0.068098 0.164404 -0.984039 0.887628 0.820488 1 0 1.000000
  0 -0.000011 242.805374 65.591644 0.000000 0.178197 -0.983995 0.840847 0.847245 1 0 1.000000
elevator_caps
  0 -38.045841 235.373825 65.591644 -0.068098 0.164404 -0.984039 0.894380 0.836788 1 0 1.000000
  0 -0.000011 242.805374 65.591644 0.000000 0.178197 -0.983995 0.840847 0.847245 1 0 1.000000
  0 -34.643635 227.160172 63.982796 -0.068098 0.164404 -0.984039 0.887628 0.820488 1 0 1.000000
elevator_caps
  0 -38.045841 235.373825 65.591644 -0.068098 0.164404 -0.984039 0.894380 0.836788 1 0 1.000000
  0 -34.643635 227.160172 63.982796 -0.068098 0.164404 -0.984039 0.887628 0.820488 1 0 1.000000
  0 -70.203201 213.726273 65.591644 -0.126004 0.126004 -0.983995 0.939627 0.806329 1 0 1.000000
elevator_caps
  0 -34.643635 227.160172 63.982796 -0.068098 0.164404 -0.984039 0.887628 0.820488 1 0 1.000000
  0 -63.916744 207.439804 63.982792 -0.126004 0.126004 -0.983995 0.927156 0.793858 1 0 1.000000
  0 -70.203201 213.726273 65.591644 -0.126004 0.126004 -0.983995 0.939627 0.806329 1 0 1.000000
elevator_caps
  0 -63.916744 207.439804 63.982792 -0.126004 0.126004 -0.983995 0.927156 0.793858 1 0 1.000000
  0 -83.637115 178.166702 63.982792 -0.164338 0.068419 -0.984028 0.953785 0.754330 1 0 1.000000
  0 -70.203201 213.726273 65.591644 -0.126004 0.126004 -0.983995 0.939627 0.806329 1 0 1.000000
elevator_caps
  0 -91.850761 181.568893 65.591644 -0.164338 0.068419 -0.984028 0.970086 0.761082 1 0 1.000000
  0 -70.203201 213.726273 65.591644 -0.126004 0.126004 -0.983995 0.939627 0.806329 1 0 1.000000
  0 -83.637115 178.166702 63.982792 -0.164338 0.068419 -0.984028 0.953785 0.754330 1 0 1.000000
elevator_caps
  0 -91.850761 181.568893 65.591644 -0.164338 0.068419 -0.984028 0.970086 0.761082 1 0 1.000000
  0 -83.637115 178.166702 63.982792 -0.164338 0.068419 -0.984028 0.953785 0.754330 1 0 1.000000
  0 -99.418549 143.523071 65.591644 -0.178073 0.000000 -0.984017 0.980734 0.707549 1 0 1.000000
elevator_caps
  0 -83.637115 178.166702 63.982792 -0.164338 0.068419 -0.984028 0.953785 0.754330 1 0 1.000000
  0 -90.528160 143.523071 63.982792 -0.178073 0.000000 -0.984017 0.963091 0.707549 1 0 1.000000
  0 -99.418549 143.523071 65.591644 -0.178073 0.000000 -0.984017 0.980734 0.707549 1 0 1.000000
elevator_caps
  0 -90.528160 143.523071 63.982792 -0.178073 0.000000 -0.984017 0.963091 0.707549 1 0 1.000000
  0 -83.637115 108.879440 63.982788 -0.164338 -0.068419 -0.984028 0.953785 0.660769 1 0 1.000000
  0 -99.418549 143.523071 65.591644 -0.178073 0.000000 -0.984017 0.980734 0.707549 1 0 1.000000
elevator_caps
  0 -91.850761 105.477234 65.591644 -0.164338 -0.068419 -0.984028 0.970086 0.654017 1 0 1.000000
  0 -99.418549 143.523071 65.591644 -0.178073 0.000000 -0.984017 0.980734 0.707549 1 0 1.000000
  0 -83.637115 108.879440 63.982788 -0.164338 -0.068419 -0.984028 0.953785 0.660769 1 0 1.000000
elevator_caps
  0 -91.850761 105.477234 65.591644 -0.164338 -0.068419 -0.984028 0.970086 0.654017 1 0 1.000000
  0 -83.637115 108.879440 63.982788 -0.164338 -0.068419 -0.984028 0.953785 0.660769 1 0 1.000000
  0 -70.203194 73.319870 65.591637 -0.132548 -0.119450 -0.983953 0.939627 0.608770 1 0 1.000000
elevator_caps
  0 -83.637115 108.879440 63.982788 -0.164338 -0.068419 -0.984028 0.953785 0.660769 1 0 1.000000
  0 -63.916740 79.606331 63.982788 -0.132548 -0.119450 -0.983953 0.927156 0.621240 1 0 1.000000
  0 -70.203194 73.319870 65.591637 -0.132548 -0.119450 -0.983953 0.939627 0.608770 1 0 1.000000
elevator_caps
  0 -70.203194 73.319870 65.591637 -0.132548 -0.119450 -0.983953 0.939627 0.608770 1 0 1.000000
  0 -63.916740 79.606331 63.982788 -0.132548 -0.119450 -0.983953 0.927156 0.621240 1 0 1.000000
  0 -50.294750 68.251663 63.982788 -0.092005 -0.152609 -0.983995 0.908762 0.605908 1 0 1.000000
elevator_caps
  0 -55.233986 60.859573 65.591637 -0.092005 -0.152609 -0.983995 0.918564 0.591238 1 0 1.000000
  0 -70.203194 73.319870 65.591637 -0.132548 -0.119450 -0.983953 0.939627 0.608770 1 0 1.000000
  0 -50.294750 68.251663 63.982788 -0.092005 -0.152609 -0.983995 0.908762 0.605908 1 0 1.000000
elevator_caps
  0 -55.233986 60.859573 65.591637 -0.092005 -0.152609 -0.983995 0.918564 0.591238 1 0 1.000000
  0 -50.294750 68.251663 63.982788 -0.092005 -0.152609 -0.983995 0.908762 0.605908 1 0 1.000000
  0 -19.395597 46.014828 65.591637 -0.034740 -0.166160 -0.985487 0.868138 0.570350 1 0 1.000000
elevator_caps
  0 -50.294750 68.251663 63.982788 -0.092005 -0.152609 -0.983995 0.908762 0.605908 1 0 1.000000
  0 -17.661167 54.734394 63.982788 0.000000 0.000000 -1.000000 0.864696 0.587655 1 0 1.000000
  0 -19.395597 46.014828 65.591637 -0.034740 -0.166160 -0.985487 0.868138 0.570350 1 0 1.000000
elevator_caps
  0 -19.395597 46.014828 65.591637 -0.034740 -0.166160 -0.985487 0.868138 0.570350 1 0 1.000000
  0 -17.661167 54.734394 63.982788 0.000000 0.000000 -1.000000 0.864696 0.587655 1 0 1.000000
  0 -0.000002 44.240761 65.591637 0.000000 -0.164482 -0.986380 0.840847 0.567854 1 0 1.000000
elevator_caps
  0 -17.661167 54.734394 63.982788 0.000000 0.000000 -1.000000 0.864696 0.587655 1 0 1.000000
  0 17.661163 54.734394 63.982788 0.000000 0.000000 -1.000000 0.816999 0.587655 1 0 1.000000
  0 -0.000002 44.240761 65.591637 0.000000 -0.164482 -0.986380 0.840847 0.567854 1 0 1.000000
elevator_caps
  0 -0.000002 44.240761 65.591637 0.000000 -0.164482 -0.986380 0.840847 0.567854 1 0 1.000000
  0 17.661163 54.734394 63.982788 0.000000 0.000000 -1.000000 0.816999 0.587655 1 0 1.000000
  0 19.395594 46.014828 65.591637 0.034740 -0.166159 -0.985487 0.813557 0.570350 1 0 1.000000
elevator_caps
  0 19.395594 46.014828 65.591637 0.034740 -0.166159 -0.985487 0.813557 0.570350 1 0 1.000000
  0 17.661163 54.734394 63.982788 0.000000 0.000000 -1.000000 0.816999 0.587655 1 0 1.000000
  0 55.233978 60.859577 65.591637 0.092005 -0.152609 -0.983995 0.763130 0.591238 1 0 1.000000
elevator_caps
  0 17.661163 54.734394 63.982788 0.000000 0.000000 -1.000000 0.816999 0.587655 1 0 1.000000
  0 50.294743 68.251671 63.982788 0.092005 -0.152609 -0.983995 0.772932 0.605908 1 0 1.000000
  0 55.233978 60.859577 65.591637 0.092005 -0.152609 -0.983995 0.763130 0.591238 1 0 1.000000
elevator_caps
  0 -0.000010 233.914993 96.151474 0.000000 -1.000000 0.000000 0.981634 0.922986 1 0 1.000000
  0 -34.643635 227.160172 96.151474 0.382684 -0.923879 0.000000 0.921538 0.922982 1 0 1.000000
  0 -0.000010 233.914993 63.982796 0.000000 -1.000000 0.000000 0.981633 0.870241 1 0 1.000000
elevator_caps
  0 -34.643635 227.160172 96.151474 0.382684 -0.923879 0.000000 0.921538 0.922982 1 0 1.000000
  0 -34.643635 227.160172 63.982796 0.382684 -0.923879 0.000000 0.921544 0.870238 1 0 1.000000
  0 -0.000010 233.914993 63.982796 0.000000 -1.000000 0.000000 0.981633 0.870241 1 0 1.000000
elevator_caps
  0 -34.643635 227.160172 96.151474 0.382684 -0.923879 0.000000 0.921538 0.922982 1 0 1.000000
  0 -63.916744 207.439804 96.151474 0.707107 -0.707107 0.000000 0.861449 0.922972 1 0 1.000000
  0 -34.643635 227.160172 63.982796 0.382684 -0.923879 0.000000 0.921544 0.870238 1 0 1.000000
elevator_caps
  0 -63.916744 207.439804 96.151474 0.707107 -0.707107 0.000000 0.861449 0.922972 1 0 1.000000
  0 -63.916744 207.439804 63.982792 0.707107 -0.707107 0.000000 0.861449 0.870232 1 0 1.000000
  0 -34.643635 227.160172 63.982796 0.382684 -0.923879 0.000000 0.921544 0.870238 1 0 1.000000
elevator_caps
  0 -63.916744 207.439804 96.151474 0.707107 -0.707107 0.000000 0.861449 0.922972 1 0 1.000000
  0 -83.637115 178.166687 96.151474 0.923880 -0.382683 0.000000 0.801366 0.922979 1 0 1.000000
  0 -63.916744 207.439804 63.982792 0.707107 -0.707107 0.000000 0.861449 0.870232 1 0 1.000000
elevator_caps
  0 -83.637115 178.166687 96.151474 0.923880 -0.382683 0.000000 0.801366 0.922979 1 0 1.000000
  0 -83.637115 178.166702 63.982792 0.923880 -0.382683 0.000000 0.801359 0.870243 1 0 1.000000
  0 -63.916744 207.439804 63.982792 0.707107 -0.707107 0.000000 0.861449 0.870232 1 0 1.000000
elevator_caps
  0 -83.637115 178.166687 96.151474 0.923880 -0.382683 0.000000 0.801366 0.922979 1 0 1.000000
  0 -90.528160 143.523056 96.151474 1.000000 0.000000 0.000000 0.741255 0.922983 1 0 1.000000
  0 -83.637115 178.166702 63.982792 0.923880 -0.382683 0.000000 0.801359 0.870243 1 0 1.000000
elevator_caps
  0 -90.528160 143.523056 96.151474 1.000000 0.000000 0.000000 0.741255 0.922983 1 0 1.000000
  0 -90.528160 143.523071 63.982792 1.000000 0.000000 0.000000 0.741256 0.870248 1 0 1.000000
  0 -83.637115 178.166702 63.982792 0.923880 -0.382683 0.000000 0.801359 0.870243 1 0 1.000000
elevator_caps
  0 -90.528160 143.523056 96.151474 1.000000 0.000000 0.000000 0.741255 0.922983 1 0 1.000000
  0 -83.637115 108.879440 96.151474 0.923880 0.382683 0.000000 0.681145 0.922978 1 0 1.000000
  0 -90.528160 143.523071 63.982792 1.000000 0.000000 0.000000 0.741256 0.870248 1 0 1.000000
elevator_caps
  0 -83.637115 108.879440 96.151474 0.923880 0.382683 0.000000 0.681145 0.922978 1 0 1.000000
  0 -83.637115 108.879440 63.982788 0.923880 0.382683 0.000000 0.681152 0.870242 1 0 1.000000
  0 -90.528160 143.523071 63.982792 1.000000 0.000000 0.000000 0.741256 0.870248 1 0 1.000000
elevator_caps
  0 -83.637115 108.879440 96.151474 0.923880 0.382683 0.000000 0.681145 0.922978 1 0 1.000000
  0 -63.916740 79.606331 96.151466 0.707107 0.707107 0.000000 0.621062 0.922971 1 0 1.000000
  0 -83.637115 108.879440 63.982788 0.923880 0.382683 0.000000 0.681152 0.870242 1 0 1.000000
elevator_caps
  0 -63.916740 79.606331 96.151466 0.707107 0.707107 0.000000 0.621062 0.922971 1 0 1.000000
  0 -63.916740 79.606331 63.982788 0.707107 0.707107 0.000000 0.621063 0.870231 1 0 1.000000
  0 -83.637115 108.879440 63.982788 0.923880 0.382683 0.000000 0.681152 0.870242 1 0 1.000000
elevator_caps
  0 -63.916740 79.606331 63.982788 0.707107 0.707107 0.000000 0.621063 0.870231 1 0 1.000000
  0 -63.916740 79.606331 96.151466 0.707107 0.707107 0.000000 0.621062 0.922971 1 0 1.000000
  0 -50.294750 68.251663 63.982788 0.558745 0.829340 0.000000 0.591025 0.870232 1 0 1.000000
elevator_caps
  0 -63.916740 79.606331 96.151466 0.707107 0.707107 0.000000 0.621062 0.922971 1 0 1.000000
  0 -50.294750 68.251663 96.151466 0.558745 0.829340 0.000000 0.591029 0.922974 1 0 1.000000
  0 -50.294750 68.251663 63.982788 0.558745 0.829340 0.000000 0.591025 0.870232 1 0 1.000000
elevator_caps
  0 -50.294750 68.251663 96.151466 0.558745 0.829340 0.000000 0.591029 0.922974 1 0 1.000000
  0 -17.661167 54.734394 96.151466 0.191340 0.981524 0.000000 0.530914 0.922984 1 0 1.000000
  0 -50.294750 68.251663 63.982788 0.558745 0.829340 0.000000 0.591025 0.870232 1 0 1.000000
elevator_caps
  0 -17.661167 54.734394 96.151466 0.191340 0.981524 0.000000 0.530914 0.922984 1 0 1.000000
  0 -17.661167 54.734394 63.982788 0.191340 0.981524 0.000000 0.530912 0.870239 1 0 1.000000
  0 -50.294750 68.251663 63.982788 0.558745 0.829340 0.000000 0.591025 0.870232 1 0 1.000000
elevator_caps
  0 -17.661167 54.734394 63.982788 0.191340 0.981524 0.000000 0.530912 0.870239 1 0 1.000000
  0 -17.661167 54.734394 96.151466 0.191340 0.981524 0.000000 0.530914 0.922984 1 0 1.000000
  0 17.661163 54.734394 63.982788 -0.191340 0.981524 0.000000 0.470844 0.870237 1 0 1.000000
elevator_caps
  0 -17.661167 54.734394 96.151466 0.191340 0.981524 0.000000 0.530914 0.922984 1 0 1.000000
  0 17.661163 54.734394 96.151466 -0.191340 0.981524 0.000000 0.470838 0.922982 1 0 1.000000
  0 17.661163 54.734394 63.982788 -0.191340 0.981524 0.000000 0.470844 0.870237 1 0 1.000000
elevator_caps
  0 17.661163 54.734394 96.151466 -0.191340 0.981524 0.000000 0.470838 0.922982 1 0 1.000000
  0 50.294743 68.251671 96.151466 -0.558745 0.829340 0.000000 0.410723 0.922967 1 0 1.000000
  0 17.661163 54.734394 63.982788 -0.191340 0.981524 0.000000 0.470844 0.870237 1 0 1.000000
elevator_caps
  0 50.294743 68.251671 96.151466 -0.558745 0.829340 0.000000 0.410723 0.922967 1 0 1.000000
  0 50.294743 68.251671 63.982788 -0.558745 0.829340 0.000000 0.410731 0.870226 1 0 1.000000
  0 17.661163 54.734394 63.982788 -0.191340 0.981524 0.000000 0.470844 0.870237 1 0 1.000000
elevator_caps
  0 50.294743 68.251671 63.982788 -0.558745 0.829340 0.000000 0.410731 0.870226 1 0 1.000000
  0 50.294743 68.251671 96.151466 -0.558745 0.829340 0.000000 0.410723 0.922967 1 0 1.000000
  0 63.916733 79.606339 63.982788 -0.707107 0.707107 0.000000 0.380693 0.870223 1 0 1.000000
elevator_caps
  0 50.294743 68.251671 96.151466 -0.558745 0.829340 0.000000 0.410723 0.922967 1 0 1.000000
  0 63.916733 79.606339 96.151466 -0.707107 0.707107 0.000000 0.380691 0.922962 1 0 1.000000
  0 63.916733 79.606339 63.982788 -0.707107 0.707107 0.000000 0.380693 0.870223 1 0 1.000000
elevator_caps
  0 63.916733 79.606339 96.151466 -0.707107 0.707107 0.000000 0.380691 0.922962 1 0 1.000000
  0 83.637100 108.879448 96.151474 -0.923880 0.382683 0.000000 0.320608 0.922966 1 0 1.000000
  0 63.916733 79.606339 63.982788 -0.707107 0.707107 0.000000 0.380693 0.870223 1 0 1.000000
elevator_caps
  0 83.637100 108.879448 96.151474 -0.923880 0.382683 0.000000 0.320608 0.922966 1 0 1.000000
  0 83.637100 108.879448 63.982788 -0.923880 0.382683 0.000000 0.320604 0.870230 1 0 1.000000
  0 63.916733 79.606339 63.982788 -0.707107 0.707107 0.000000 0.380693 0.870223 1 0 1.000000
elevator_caps
  0 83.637100 108.879448 96.151474 -0.923880 0.382683 0.000000 0.320608 0.922966 1 0 1.000000
  0 90.528145 143.523071 96.151474 -1.000000 0.000000 0.000000 0.260497 0.922967 1 0 1.000000
  0 83.637100 108.879448 63.982788 -0.923880 0.382683 0.000000 0.320604 0.870230 1 0 1.000000
elevator_caps
  0 90.528145 143.523071 96.151474 -1.000000 0.000000 0.000000 0.260497 0.922967 1 0 1.000000
  0 90.528145 143.523071 63.982792 -1.000000 0.000000 0.000000 0.260500 0.870232 1 0 1.000000
  0 83.637100 108.879448 63.982788 -0.923880 0.382683 0.000000 0.320604 0.870230 1 0 1.000000
elevator_caps
  0 90.528145 143.523071 96.151474 -1.000000 0.000000 0.000000 0.260497 0.922967 1 0 1.000000
  0 83.637100 178.166702 96.151474 -0.923880 -0.382683 0.000000 0.200386 0.922958 1 0 1.000000
  0 90.528145 143.523071 63.982792 -1.000000 0.000000 0.000000 0.260500 0.870232 1 0 1.000000
elevator_caps
  0 83.637100 178.166702 96.151474 -0.923880 -0.382683 0.000000 0.200386 0.922958 1 0 1.000000
  0 83.637100 178.166702 63.982792 -0.923880 -0.382683 0.000000 0.200397 0.870222 1 0 1.000000
  0 90.528145 143.523071 63.982792 -1.000000 0.000000 0.000000 0.260500 0.870232 1 0 1.000000
elevator_caps
  0 83.637100 178.166702 96.151474 -0.923880 -0.382683 0.000000 0.200386 0.922958 1 0 1.000000
  0 63.916729 207.439804 96.151474 -0.707107 -0.707106 0.000000 0.140303 0.922948 1 0 1.000000
  0 83.637100 178.166702 63.982792 -0.923880 -0.382683 0.000000 0.200397 0.870222 1 0 1.000000
elevator_caps
  0 63.916729 207.439804 96.151474 -0.707107 -0.707106 0.000000 0.140303 0.922948 1 0 1.000000
  0 63.916729 207.439804 63.982792 -0.707107 -0.707106 0.000000 0.140307 0.870208 1 0 1.000000
  0 83.637100 178.166702 63.982792 -0.923880 -0.382683 0.000000 0.200397 0.870222 1 0 1.000000
elevator_caps
  0 63.916729 207.439804 96.151474 -0.707107 -0.707106 0.000000 0.140303 0.922948 1 0 1.000000
  0 34.643612 227.160172 96.151474 -0.382683 -0.923880 0.000000 0.080215 0.922953 1 0 1.000000
  0 63.916729 207.439804 63.982792 -0.707107 -0.707106 0.000000 0.140307 0.870208 1 0 1.000000
elevator_caps
  0 34.643612 227.160172 96.151474 -0.382683 -0.923880 0.000000 0.080215 0.922953 1 0 1.000000
  0 34.643612 227.160172 63.982796 -0.382683 -0.923880 0.000000 0.080212 0.870209 1 0 1.000000
  0 63.916729 207.439804 63.982792 -0.707107 -0.707106 0.000000 0.140307 0.870208 1 0 1.000000
elevator_caps
  0 34.643612 227.160172 96.151474 -0.382683 -0.923880 0.000000 0.080215 0.922953 1 0 1.000000
  0 -0.000010 233.914993 96.151474 0.000000 -1.000000 0.000000 0.020118 0.922954 1 0 1.000000
  0 34.643612 227.160172 63.982796 -0.382683 -0.923880 0.000000 0.080212 0.870209 1 0 1.000000
elevator_caps
  0 -0.000010 233.914993 96.151474 0.000000 -1.000000 0.000000 0.020118 0.922954 1 0 1.000000
  0 -0.000010 233.914993 63.982796 0.000000 -1.000000 0.000000 0.020123 0.870209 1 0 1.000000
  0 34.643612 227.160172 63.982796 -0.382683 -0.923880 0.000000 0.080212 0.870209 1 0 1.000000
elevator_caps
  0 127.988403 143.523071 76.920303 0.000000 0.000000 -1.000000 0.946641 0.018917 1 0 1.000000
  0 118.245865 94.544029 76.920303 0.000000 -0.000001 -1.000000 0.838152 0.018917 1 0 1.000000
  0 125.799927 143.523071 76.920303 0.000000 0.000000 -1.000000 0.946641 0.014080 1 0 1.000000
elevator_caps
  0 118.245865 94.544029 76.920303 0.000000 -0.000001 -1.000000 0.838152 0.018917 1 0 1.000000
  0 116.223976 95.381523 76.920303 0.000000 -0.000001 -1.000000 0.838152 0.014080 1 0 1.000000
  0 125.799927 143.523071 76.920303 0.000000 0.000000 -1.000000 0.946641 0.014080 1 0 1.000000
elevator_caps
  0 118.245865 94.544029 76.920303 0.000000 -0.000001 -1.000000 0.838152 0.018917 1 0 1.000000
  0 90.405144 53.117931 76.920296 0.000000 0.000000 -1.000000 0.728704 0.018917 1 0 1.000000
  0 116.223976 95.381523 76.920303 0.000000 -0.000001 -1.000000 0.838152 0.014080 1 0 1.000000
elevator_caps
  0 90.405144 53.117931 76.920296 0.000000 0.000000 -1.000000 0.728704 0.018917 1 0 1.000000
  0 88.857658 54.665417 76.920296 0.000000 0.000000 -1.000000 0.728704 0.014080 1 0 1.000000
  0 116.223976 95.381523 76.920303 0.000000 -0.000001 -1.000000 0.838152 0.014080 1 0 1.000000
elevator_caps
  0 69.890701 38.924248 76.920296 0.000000 0.000001 -1.000000 0.673303 0.014080 1 0 1.000000
  0 88.857658 54.665417 76.920296 0.000000 0.000000 -1.000000 0.728704 0.014080 1 0 1.000000
  0 90.405144 53.117931 76.920296 0.000000 0.000000 -1.000000 0.728704 0.018917 1 0 1.000000
elevator_caps
  0 71.106552 37.104599 76.920296 0.035546 -0.066501 -0.997153 0.673303 0.018917 1 0 1.000000
  0 69.890701 38.924248 76.920296 0.000000 0.000001 -1.000000 0.673303 0.014080 1 0 1.000000
  0 90.405144 53.117931 76.920296 0.000000 0.000000 -1.000000 0.728704 0.018917 1 0 1.000000
elevator_caps
  0 24.542351 20.140345 76.920296 0.000000 0.000001 -1.000000 0.560463 0.014080 1 0 1.000000
  0 69.890701 38.924248 76.920296 0.000000 0.000001 -1.000000 0.673303 0.014080 1 0 1.000000
  0 71.106552 37.104599 76.920296 0.035546 -0.066501 -0.997153 0.673303 0.018917 1 0 1.000000
elevator_caps
  0 24.969301 17.993919 76.920296 0.019846 -0.100179 -0.994771 0.560463 0.018917 1 0 1.000000
  0 24.542351 20.140345 76.920296 0.000000 0.000001 -1.000000 0.560463 0.014080 1 0 1.000000
  0 71.106552 37.104599 76.920296 0.035546 -0.066501 -0.997153 0.673303 0.018917 1 0 1.000000
elevator_caps
  0 24.969301 17.993919 76.920296 0.019846 -0.100179 -0.994771 0.560463 0.018917 1 0 1.000000
  0 -0.000001 15.670891 76.920296 0.000000 -0.100240 -0.994963 0.502819 0.018917 1 0 1.000000
  0 24.542351 20.140345 76.920296 0.000000 0.000001 -1.000000 0.560463 0.014080 1 0 1.000000
elevator_caps
  0 -0.000001 15.670891 76.920296 0.000000 -0.100240 -0.994963 0.502819 0.018917 1 0 1.000000
  0 -0.000001 17.859365 76.920296 0.000000 0.000001 -1.000000 0.502819 0.014080 1 0 1.000000
  0 24.542351 20.140345 76.920296 0.000000 0.000001 -1.000000 0.560463 0.014080 1 0 1.000000
elevator_caps
  0 -24.542351 20.140343 76.920296 0.000000 0.000001 -1.000000 0.445174 0.014080 1 0 1.000000
  0 -0.000001 17.859365 76.920296 0.000000 0.000001 -1.000000 0.502819 0.014080 1 0 1.000000
  0 -0.000001 15.670891 76.920296 0.000000 -0.100240 -0.994963 0.502819 0.018917 1 0 1.000000
elevator_caps
  0 -24.969301 17.993917 76.920296 -0.019846 -0.100179 -0.994771 0.445174 0.018917 1 0 1.000000
  0 -24.542351 20.140343 76.920296 0.000000 0.000001 -1.000000 0.445174 0.014080 1 0 1.000000
  0 -0.000001 15.670891 76.920296 0.000000 -0.100240 -0.994963 0.502819 0.018917 1 0 1.000000
elevator_caps
  0 -69.890701 38.924240 76.920296 0.000000 0.000001 -1.000000 0.332335 0.014080 1 0 1.000000
  0 -24.542351 20.140343 76.920296 0.000000 0.000001 -1.000000 0.445174 0.014080 1 0 1.000000
  0 -24.969301 17.993917 76.920296 -0.019846 -0.100179 -0.994771 0.445174 0.018917 1 0 1.000000
elevator_caps
  0 -71.106552 37.104591 76.920296 -0.035546 -0.066501 -0.997153 0.332335 0.018917 1 0 1.000000
  0 -69.890701 38.924240 76.920296 0.000000 0.000001 -1.000000 0.332335 0.014080 1 0 1.000000
  0 -24.969301 17.993917 76.920296 -0.019846 -0.100179 -0.994771 0.445174 0.018917 1 0 1.000000
elevator_caps
  0 -71.106552 37.104591 76.920296 -0.035546 -0.066501 -0.997153 0.332335 0.018917 1 0 1.000000
  0 -90.405144 53.117924 76.920296 0.000000 0.000000 -1.000000 0.276933 0.018917 1 0 1.000000
  0 -69.890701 38.924240 76.920296 0.000000 0.000001 -1.000000 0.332335 0.014080 1 0 1.000000
elevator_caps
  0 -90.405144 53.117924 76.920296 0.000000 0.000000 -1.000000 0.276933 0.018917 1 0 1.000000
  0 -88.857658 54.665409 76.920296 0.000000 0.000000 -1.000000 0.276933 0.014080 1 0 1.000000
  0 -69.890701 38.924240 76.920296 0.000000 0.000001 -1.000000 0.332335 0.014080 1 0 1.000000
elevator_caps
  0 -90.405144 53.117924 76.920296 0.000000 0.000000 -1.000000 0.276933 0.018917 1 0 1.000000
  0 -118.245880 94.544022 76.920303 0.000000 0.000000 -1.000000 0.167485 0.018917 1 0 1.000000
  0 -88.857658 54.665409 76.920296 0.000000 0.000000 -1.000000 0.276933 0.014080 1 0 1.000000
elevator_caps
  0 -118.245880 94.544022 76.920303 0.000000 0.000000 -1.000000 0.167485 0.018917 1 0 1.000000
  0 -116.223991 95.381516 76.920303 0.000000 0.000000 -1.000000 0.167485 0.014080 1 0 1.000000
  0 -88.857658 54.665409 76.920296 0.000000 0.000000 -1.000000 0.276933 0.014080 1 0 1.000000
elevator_caps
  0 -118.245880 94.544022 76.920303 0.000000 0.000000 -1.000000 0.167485 0.018917 1 0 1.000000
  0 -127.988419 143.523056 76.920303 0.000000 0.000000 -1.000000 0.058997 0.018917 1 0 1.000000
  0 -116.223991 95.381516 76.920303 0.000000 0.000000 -1.000000 0.167485 0.014080 1 0 1.000000
elevator_caps
  0 -127.988419 143.523056 76.920303 0.000000 0.000000 -1.000000 0.058997 0.018917 1 0 1.000000
  0 -125.799942 143.523056 76.920303 0.000000 0.000000 -1.000000 0.058997 0.014080 1 0 1.000000
  0 -116.223991 95.381516 76.920303 0.000000 0.000000 -1.000000 0.167485 0.014080 1 0 1.000000
elevator_caps
  0 -91.383224 232.950150 74.500374 0.000000 -0.000001 1.000000 0.505116 0.314669 1 0 1.000000
  0 -118.245880 192.502106 74.500374 0.000000 0.000000 1.000000 0.404042 0.314669 1 0 1.000000
  0 -89.835739 231.402664 74.500374 0.000000 -0.000001 1.000000 0.505116 0.309459 1 0 1.000000
elevator_caps
  0 -118.245880 192.502106 74.500374 0.000000 0.000000 1.000000 0.404042 0.314669 1 0 1.000000
  0 -116.223991 191.664612 74.500374 0.000000 0.000000 1.000000 0.404042 0.309459 1 0 1.000000
  0 -89.835739 231.402664 74.500374 0.000000 -0.000001 1.000000 0.505116 0.309459 1 0 1.000000
elevator_caps
  0 -118.245880 192.502106 74.500374 0.000000 0.000000 1.000000 0.404042 0.314669 1 0 1.000000
  0 -127.988419 143.523056 74.500374 0.000000 0.000000 1.000000 0.262762 0.314669 1 0 1.000000
  0 -116.223991 191.664612 74.500374 0.000000 0.000000 1.000000 0.404042 0.309459 1 0 1.000000
elevator_caps
  0 -116.223991 191.664612 74.500374 0.000000 0.000000 1.000000 0.404042 0.309459 1 0 1.000000
  0 -127.988419 143.523056 74.500374 0.000000 0.000000 1.000000 0.262762 0.314669 1 0 1.000000
  0 -125.799942 143.523056 74.500374 0.000000 0.000000 1.000000 0.262762 0.309459 1 0 1.000000
elevator_caps
  0 -127.988419 143.523056 74.500374 0.000000 0.000000 1.000000 0.262762 0.314669 1 0 1.000000
  0 -118.245880 94.544022 74.500374 0.000000 -0.000001 1.000000 0.121481 0.314669 1 0 1.000000
  0 -125.799942 143.523056 74.500374 0.000000 0.000000 1.000000 0.262762 0.309459 1 0 1.000000
elevator_caps
  0 -125.799942 143.523056 74.500374 0.000000 0.000000 1.000000 0.262762 0.309459 1 0 1.000000
  0 -118.245880 94.544022 74.500374 0.000000 -0.000001 1.000000 0.121481 0.314669 1 0 1.000000
  0 -116.223991 95.381516 74.500374 0.000000 -0.000001 1.000000 0.121481 0.309459 1 0 1.000000
elevator_caps
  0 -118.245880 94.544022 74.500374 0.000000 -0.000001 1.000000 0.121481 0.314669 1 0 1.000000
  0 -91.383217 54.095993 74.500366 0.000000 -0.000001 1.000000 0.020405 0.314669 1 0 1.000000
  0 -116.223991 95.381516 74.500374 0.000000 -0.000001 1.000000 0.121481 0.309459 1 0 1.000000
elevator_caps
  0 -116.223991 95.381516 74.500374 0.000000 -0.000001 1.000000 0.121481 0.309459 1 0 1.000000
  0 -91.383217 54.095993 74.500366 0.000000 -0.000001 1.000000 0.020405 0.314669 1 0 1.000000
  0 -89.835732 55.643482 74.500366 0.000000 -0.000001 1.000000 0.020405 0.309459 1 0 1.000000
elevator_caps
  0 -90.388474 55.090733 63.982788 0.000000 0.000000 -1.000000 0.020405 0.349569 1 0 1.000000
  0 -116.946190 95.082367 63.982788 0.000000 0.000000 -1.000000 0.121481 0.349569 1 0 1.000000
  0 -72.741554 72.737656 65.591637 0.054649 0.036266 -0.997847 0.020405 0.407634 1 0 1.000000
elevator_caps
  0 -116.946190 95.082367 63.982788 0.000000 0.000000 -1.000000 0.121481 0.349569 1 0 1.000000
  0 -93.889374 104.632813 65.591644 0.059493 0.024533 -0.997927 0.121481 0.407634 1 0 1.000000
  0 -72.741554 72.737656 65.591637 0.054649 0.036266 -0.997847 0.020405 0.407634 1 0 1.000000
elevator_caps
  0 -116.946190 95.082367 63.982788 0.000000 0.000000 -1.000000 0.121481 0.349569 1 0 1.000000
  0 -126.581642 143.523056 63.982792 0.000000 0.000000 -1.000000 0.262762 0.349569 1 0 1.000000
  0 -93.889374 104.632813 65.591644 0.059493 0.024533 -0.997927 0.121481 0.407634 1 0 1.000000
elevator_caps
  0 -93.889374 104.632813 65.591644 0.059493 0.024533 -0.997927 0.121481 0.407634 1 0 1.000000
  0 -126.581642 143.523056 63.982792 0.000000 0.000000 -1.000000 0.262762 0.349569 1 0 1.000000
  0 -101.625130 143.523071 65.591644 0.064333 0.000000 -0.997928 0.262762 0.407634 1 0 1.000000
elevator_caps
  0 -126.581642 143.523056 63.982792 0.000000 0.000000 -1.000000 0.262762 0.349569 1 0 1.000000
  0 -116.946190 191.963745 63.982792 0.000000 0.000000 -1.000000 0.404042 0.349569 1 0 1.000000
  0 -101.625130 143.523071 65.591644 0.064333 0.000000 -0.997928 0.262762 0.407634 1 0 1.000000
elevator_caps
  0 -116.946190 191.963745 63.982792 0.000000 0.000000 -1.000000 0.404042 0.349569 1 0 1.000000
  0 -93.889374 182.413330 65.591644 0.059493 -0.024533 -0.997927 0.404042 0.407634 1 0 1.000000
  0 -101.625130 143.523071 65.591644 0.064333 0.000000 -0.997928 0.262762 0.407634 1 0 1.000000
elevator_caps
  0 -116.946190 191.963745 63.982792 0.000000 0.000000 -1.000000 0.404042 0.349569 1 0 1.000000
  0 -90.388481 231.955399 63.982796 0.000000 0.000000 -1.000000 0.505116 0.349569 1 0 1.000000
  0 -93.889374 182.413330 65.591644 0.059493 -0.024533 -0.997927 0.404042 0.407634 1 0 1.000000
elevator_caps
  0 -90.388481 231.955399 63.982796 0.000000 0.000000 -1.000000 0.505116 0.349569 1 0 1.000000
  0 -72.741562 214.308487 65.591644 0.054649 -0.036266 -0.997847 0.505116 0.407634 1 0 1.000000
  0 -93.889374 182.413330 65.591644 0.059493 -0.024533 -0.997927 0.404042 0.407634 1 0 1.000000
elevator_caps
  0 -1.383204 17.077667 63.982784 0.000000 0.000000 -1.000000 0.529181 0.146944 1 0 1.000000
  0 -24.694853 19.373661 63.982784 0.000000 0.000000 -1.000000 0.473922 0.146944 1 0 1.000000
  0 -1.383205 42.034180 65.591637 0.006336 0.064331 -0.997908 0.529181 0.077013 1 0 1.000000
elevator_caps
  0 -24.694853 19.373661 63.982784 0.000000 0.000000 -1.000000 0.473922 0.146944 1 0 1.000000
  0 -19.826080 43.850643 65.591637 0.015718 0.062466 -0.997923 0.473922 0.077013 1 0 1.000000
  0 -1.383205 42.034180 65.591637 0.006336 0.064331 -0.997908 0.529181 0.077013 1 0 1.000000
elevator_caps
  0 -24.694853 19.373661 63.982784 0.000000 0.000000 -1.000000 0.473922 0.146944 1 0 1.000000
  0 -70.324989 38.274281 63.982784 0.000000 0.000000 -1.000000 0.339733 0.146944 1 0 1.000000
  0 -19.826080 43.850643 65.591637 0.015718 0.062466 -0.997923 0.473922 0.077013 1 0 1.000000
elevator_caps
  0 -70.324989 38.274281 63.982784 0.000000 0.000000 -1.000000 0.339733 0.146944 1 0 1.000000
  0 -56.459896 59.024868 65.591637 0.033056 0.055285 -0.997923 0.339733 0.077013 1 0 1.000000
  0 -19.826080 43.850643 65.591637 0.015718 0.062466 -0.997923 0.473922 0.077013 1 0 1.000000
elevator_caps
  0 -70.324989 38.274281 63.982784 0.000000 0.000000 -1.000000 0.339733 0.146944 1 0 1.000000
  0 -88.432327 53.134590 63.982788 0.000000 0.000000 -1.000000 0.284473 0.146944 1 0 1.000000
  0 -56.459896 59.024868 65.591637 0.033056 0.055285 -0.997923 0.339733 0.077013 1 0 1.000000
elevator_caps
  0 -88.432327 53.134590 63.982788 0.000000 0.000000 -1.000000 0.284473 0.146944 1 0 1.000000
  0 -70.785408 70.781509 65.591637 0.041009 0.049970 -0.997908 0.284473 0.077013 1 0 1.000000
  0 -56.459896 59.024868 65.591637 0.033056 0.055285 -0.997923 0.339733 0.077013 1 0 1.000000
elevator_caps
  0 127.988403 143.523071 76.920303 1.000000 0.000000 0.000000 0.946641 0.018917 1 0 1.000000
  0 127.988403 143.523071 96.155647 1.000000 0.000000 0.000000 0.946641 0.061259 1 0 1.000000
  0 118.245865 94.544029 76.920303 0.923880 -0.382683 0.000000 0.838152 0.018917 1 0 1.000000
elevator_caps
  0 127.988403 143.523071 96.155647 1.000000 0.000000 0.000000 0.946641 0.061259 1 0 1.000000
  0 118.245865 94.544029 96.155647 0.923880 -0.382683 0.000000 0.838152 0.061259 1 0 1.000000
  0 118.245865 94.544029 76.920303 0.923880 -0.382683 0.000000 0.838152 0.018917 1 0 1.000000
elevator_caps
  0 118.245865 94.544029 76.920303 0.923880 -0.382683 0.000000 0.838152 0.018917 1 0 1.000000
  0 118.245865 94.544029 96.155647 0.923880 -0.382683 0.000000 0.838152 0.061259 1 0 1.000000
  0 90.405144 53.117931 76.920296 0.707107 -0.707107 0.000000 0.728704 0.018917 1 0 1.000000
elevator_caps
  0 118.245865 94.544029 96.155647 0.923880 -0.382683 0.000000 0.838152 0.061259 1 0 1.000000
  0 90.405144 53.117931 96.155640 0.707107 -0.707107 0.000000 0.728704 0.061259 1 0 1.000000
  0 90.405144 53.117931 76.920296 0.707107 -0.707107 0.000000 0.728704 0.018917 1 0 1.000000
elevator_caps
  0 90.405144 53.117931 76.920296 0.707107 -0.707107 0.000000 0.728704 0.018917 1 0 1.000000
  0 90.405144 53.117931 96.155640 0.707107 -0.707107 0.000000 0.728704 0.061259 1 0 1.000000
  0 71.106552 37.104599 96.155640 0.638563 -0.769569 0.000000 0.673303 0.061259 1 0 1.000000
elevator_caps
  0 71.106552 37.104599 76.920296 0.638563 -0.769569 0.000000 0.673303 0.018917 1 0 1.000000
  0 90.405144 53.117931 76.920296 0.707107 -0.707107 0.000000 0.728704 0.018917 1 0 1.000000
  0 71.106552 37.104599 96.155640 0.638563 -0.769569 0.000000 0.673303 0.061259 1 0 1.000000
end
