version 1
nodes
0 "root" -1
end
skeleton
time 0
0  0.000000 0.000000 0.000000  0.000000 -0.000000 0.000000
end
triangles
portal_cleanser_Glass
0  5.258029 6.889090 9.374070  -0.854488 0.519209 0.016521  0.730641 0.072912 1 0 1.000000
0  5.260900 6.559548 9.595502  -0.019894 0.037705 0.999091  0.728420 0.076291 1 0 1.000000
0  5.471972 6.900714 9.508785  0.304653 0.455461 0.836505  0.729251 0.070427 1 0 1.000000
portal_cleanser_Glass
0  5.619838 -7.134718 9.129794  0.550776 -0.763949 0.336197  0.881348 0.782006 1 0 1.000000
0  6.905255 -6.156726 8.643660  0.609176 -0.743749 -0.275213  0.877917 0.761285 1 0 1.000000
0  6.889693 -6.151429 9.141526  0.598962 -0.727788 0.334020  0.881348 0.761285 1 0 1.000000
portal_cleanser_Glass
0  5.258033 -6.889093 9.374070  -0.854445 -0.519273 0.016714  0.761349 0.073133 1 0 1.000000
0  5.162332 -6.632552 9.549942  -0.623590 -0.414503 0.662814  0.762713 0.076501 1 0 1.000000
0  5.125384 -6.660260 9.435756  -0.863087 -0.504326 0.027144  0.761882 0.076501 1 0 1.000000
portal_cleanser_Glass
0  5.258033 -6.889093 9.374070  -0.854445 -0.519273 0.016714  0.761349 0.073133 1 0 1.000000
0  5.428060 -7.081398 9.322112  -0.334499 -0.853830 0.398855  0.760997 0.069789 1 0 1.000000
0  5.347587 -6.949211 9.476646  -0.231395 -0.662377 0.712540  0.762006 0.071753 1 0 1.000000
portal_cleanser_Glass
0  3.428670 0.122171 -47.438938  0.929713 0.215518 -0.298638  0.669961 0.828951 1 0 1.000000
0  2.617810 0.343059 -49.122959  0.233086 0.968958 -0.082409  0.680344 0.832682 1 0 1.000000
0  3.205055 0.343073 -47.369034  0.234662 0.969149 -0.075396  0.669961 0.832682 1 0 1.000000
portal_cleanser_Glass
0  7.539768 5.088105 9.556146  0.405204 0.373340 0.834522  0.852637 0.781111 1 0 1.000000
0  6.889689 6.151428 9.141526  0.599000 0.727764 0.334004  0.849383 0.765507 1 0 1.000000
0  6.714049 5.933628 9.534118  0.335405 0.426319 0.840093  0.852637 0.765507 1 0 1.000000
portal_cleanser_Glass
0  8.014116 -3.944718 8.087435  0.068664 -0.041522 -0.996775  0.871930 0.729687 1 0 1.000000
0  7.946194 -4.676881 8.197657  0.467631 -0.381595 -0.797312  0.874654 0.738116 1 0 1.000000
0  7.641993 -4.428741 8.087830  0.057209 -0.053478 -0.996929  0.871930 0.738116 1 0 1.000000
portal_cleanser_Glass
0  7.755043 5.286521 8.626472  0.722390 0.642585 -0.255415  0.845951 0.781111 1 0 1.000000
0  6.889689 6.151428 9.141526  0.599000 0.727764 0.334004  0.849383 0.765507 1 0 1.000000
0  7.741367 5.277657 9.149735  0.709083 0.630266 0.316174  0.849383 0.781111 1 0 1.000000
portal_cleanser_Glass
0  7.755043 5.286521 8.626472  0.722390 0.642585 -0.255415  0.845951 0.781111 1 0 1.000000
0  6.751025 5.951997 8.227919  0.367823 0.470624 -0.802009  0.842689 0.765507 1 0 1.000000
0  6.905252 6.156725 8.643660  0.609158 0.743755 -0.275236  0.845951 0.765507 1 0 1.000000
portal_cleanser_Glass
0  7.246221 4.817755 9.641681  0.001811 0.021743 0.999762  0.855364 0.781111 1 0 1.000000
0  6.714049 5.933628 9.534118  0.335405 0.426319 0.840093  0.852637 0.765507 1 0 1.000000
0  6.454652 5.626368 9.618527  -0.001039 0.025829 0.999666  0.855364 0.765507 1 0 1.000000
portal_cleanser_Glass
0  5.471977 -6.900716 9.508785  0.304501 -0.455687 0.836438  0.884602 0.782006 1 0 1.000000
0  6.454656 -5.626369 9.618527  -0.000931 -0.026188 0.999657  0.887330 0.761285 1 0 1.000000
0  5.260903 -6.559551 9.595502  -0.019480 -0.037972 0.999089  0.887330 0.782006 1 0 1.000000
portal_cleanser_Glass
0  6.495011 -5.649806 8.119091  0.038181 -0.075425 -0.996420  0.871930 0.761285 1 0 1.000000
0  5.510566 -6.915088 8.258160  0.337581 -0.503299 -0.795443  0.874654 0.782006 1 0 1.000000
0  5.303523 -6.578048 8.142739  0.018447 -0.090059 -0.995766  0.871930 0.782006 1 0 1.000000
portal_cleanser_Glass
0  5.287487 -6.901569 8.386513  -0.851320 -0.521734 -0.055215  0.754935 0.073067 1 0 1.000000
0  5.158965 -6.674586 8.305040  -0.859134 -0.507175 -0.068273  0.754372 0.076501 1 0 1.000000
0  5.203492 -6.649033 8.189852  -0.587092 -0.450092 -0.672860  0.753527 0.076501 1 0 1.000000
portal_cleanser_Glass
0  5.384979 -6.962458 8.290075  -0.198827 -0.699037 -0.686888  0.754268 0.071672 1 0 1.000000
0  5.454780 -7.091532 8.458350  -0.305946 -0.868577 -0.389835  0.755347 0.069717 1 0 1.000000
0  5.287487 -6.901569 8.386513  -0.851320 -0.521734 -0.055215  0.754935 0.073067 1 0 1.000000
portal_cleanser_Glass
0  8.605106 -2.867332 9.631939  0.021709 0.012357 0.999688  0.887330 0.712481 1 0 1.000000
0  8.648718 -3.610716 9.558937  0.477293 -0.277501 0.833777  0.884602 0.721170 1 0 1.000000
0  8.968380 -3.039781 9.547680  0.487529 -0.249334 0.836749  0.884602 0.712481 1 0 1.000000
portal_cleanser_Glass
0  6.889689 6.151428 9.141526  0.599000 0.727764 0.334004  0.849383 0.765507 1 0 1.000000
0  5.471972 6.900714 9.508785  0.304653 0.455461 0.836505  0.852637 0.744786 1 0 1.000000
0  6.714049 5.933628 9.534118  0.335405 0.426319 0.840093  0.852637 0.765507 1 0 1.000000
portal_cleanser_Glass
0  6.905252 6.156725 8.643660  0.609158 0.743755 -0.275236  0.845951 0.765507 1 0 1.000000
0  5.510561 6.915086 8.258160  0.337565 0.503278 -0.795463  0.842689 0.744786 1 0 1.000000
0  5.634261 7.140050 8.665932  0.560690 0.779190 -0.280159  0.845951 0.744786 1 0 1.000000
portal_cleanser_Glass
0  6.432913 -5.076170 17.133083  -0.031421 0.004839 0.999494  0.911663 0.698998 1 0 1.000000
0  7.088294 -4.959692 17.072010  0.382924 -0.354291 0.853139  0.908928 0.691600 1 0 1.000000
0  6.793320 -4.686961 17.141691  -0.027919 0.008817 0.999571  0.911663 0.691600 1 0 1.000000
portal_cleanser_Glass
0  -9.007361 -0.342233 -63.990433  0.025195 -0.966994 -0.253551  0.791521 0.822479 1 0 1.000000
0  -8.130920 -0.383545 -63.511112  0.025406 -0.993316 -0.112593  0.786039 0.818592 1 0 1.000000
0  -9.046671 -0.383426 -63.649242  0.011688 -0.992911 -0.118285  0.791521 0.818592 1 0 1.000000
portal_cleanser_Glass
0  -3.909307 0.345142 61.125557  0.187657 0.967790 0.167833  0.043987 0.832682 1 0 1.000000
0  -3.392891 0.383561 60.008381  0.094546 0.992604 0.076151  0.050653 0.836568 1 0 1.000000
0  -4.151835 0.384376 60.880596  0.085412 0.993487 0.075425  0.043987 0.836568 1 0 1.000000
portal_cleanser_Glass
0  -1.042977 0.120252 -57.675850  0.832535 0.217293 -0.509578  0.732512 0.828951 1 0 1.000000
0  -2.265643 0.340114 -59.118107  0.212269 0.965280 -0.152240  0.743021 0.832682 1 0 1.000000
0  -1.242050 0.341631 -57.554066  0.218039 0.966713 -0.133885  0.732512 0.832682 1 0 1.000000
portal_cleanser_Glass
0  6.461932 6.018976 16.663319  0.596451 0.715516 0.363708  0.813591 0.822085 1 0 1.000000
0  6.709929 5.368396 17.063631  0.360610 0.372382 0.855156  0.810307 0.814174 1 0 1.000000
0  6.907670 5.586362 16.667234  0.666056 0.655582 0.355783  0.813591 0.814174 1 0 1.000000
portal_cleanser_Glass
0  7.755043 5.286521 8.626472  0.722390 0.642585 -0.255415  0.845951 0.781111 1 0 1.000000
0  8.524942 4.304912 9.153316  0.774786 0.549058 0.313436  0.849383 0.797105 1 0 1.000000
0  8.539606 4.313043 8.624554  0.789710 0.559227 -0.252237  0.845951 0.797105 1 0 1.000000
portal_cleanser_Glass
0  7.574390 5.112288 8.202703  0.441456 0.405903 -0.800225  0.842689 0.781111 1 0 1.000000
0  6.495008 5.649804 8.119091  0.037741 0.074847 -0.996481  0.839965 0.765507 1 0 1.000000
0  6.751025 5.951997 8.227919  0.367823 0.470624 -0.802009  0.842689 0.765507 1 0 1.000000
portal_cleanser_Glass
0  9.099250 2.481936 9.394218  0.346302 -0.937100 0.043795  0.717209 0.050360 1 0 1.000000
0  9.411873 2.801661 9.142738  0.876468 0.349653 0.330979  0.718646 0.057047 1 0 1.000000
0  9.143038 2.702440 9.541100  0.523089 0.154175 0.838217  0.715718 0.052801 1 0 1.000000
portal_cleanser_Glass
0  9.428669 2.806842 8.637377  0.894050 0.359548 -0.267208  0.722450 0.057124 1 0 1.000000
0  9.324833 2.554226 9.100736  0.399605 -0.915279 0.050796  0.719174 0.053288 1 0 1.000000
0  9.340370 2.556801 8.668246  0.403749 -0.914085 -0.037881  0.721963 0.053304 1 0 1.000000
portal_cleanser_Glass
0  9.428671 -2.806843 8.637377  0.894140 -0.359304 -0.267236  0.693761 0.058882 1 0 1.000000
0  9.135092 -2.489923 8.364263  0.349223 0.936354 -0.035850  0.692341 0.052134 1 0 1.000000
0  9.340372 -2.556801 8.668246  0.403758 0.914081 -0.037884  0.694267 0.055089 1 0 1.000000
portal_cleanser_Glass
0  8.296980 -4.148254 9.563341  0.454451 -0.319379 0.831547  0.884602 0.729687 1 0 1.000000
0  8.304029 -3.408440 9.644226  0.020049 0.004173 0.999790  0.887330 0.721170 1 0 1.000000
0  7.970129 -3.920216 9.649822  0.015718 -0.007716 0.999847  0.887330 0.729687 1 0 1.000000
portal_cleanser_Glass
0  9.340370 2.556801 8.668246  0.403749 -0.914085 -0.037881  0.721963 0.053304 1 0 1.000000
0  9.186344 2.716716 8.225993  0.566695 0.174066 -0.805331  0.725401 0.052806 1 0 1.000000
0  9.428669 2.806842 8.637377  0.894050 0.359548 -0.267208  0.722450 0.057124 1 0 1.000000
portal_cleanser_Glass
0  7.539768 5.088105 9.556146  0.405204 0.373340 0.834522  0.852637 0.781111 1 0 1.000000
0  8.524942 4.304912 9.153316  0.774786 0.549058 0.313436  0.849383 0.797105 1 0 1.000000
0  7.741367 5.277657 9.149735  0.709083 0.630266 0.316174  0.849383 0.781111 1 0 1.000000
portal_cleanser_Glass
0  8.605104 2.867331 9.631939  0.021339 -0.012798 0.999690  0.855364 0.814311 1 0 1.000000
0  8.296978 4.148253 9.563341  0.454277 0.319335 0.831659  0.852637 0.797105 1 0 1.000000
0  7.970127 3.920214 9.649822  0.015406 0.007535 0.999853  0.855364 0.797105 1 0 1.000000
portal_cleanser_Glass
0  9.143038 2.702440 9.541100  0.523089 0.154175 0.838217  0.852637 0.819346 1 0 1.000000
0  9.226444 3.153240 9.145849  0.830175 0.453960 0.323619  0.849383 0.814311 1 0 1.000000
0  8.968378 3.039780 9.547680  0.487471 0.249326 0.836785  0.852637 0.814311 1 0 1.000000
portal_cleanser_Glass
0  8.444395 3.667476 16.668898  0.794095 0.489879 0.359766  0.813591 0.782696 1 0 1.000000
0  8.107288 4.238578 16.143581  0.791538 0.573815 -0.210248  0.817059 0.791100 1 0 1.000000
0  8.076122 4.214357 16.672909  0.758541 0.548456 0.351869  0.813591 0.791100 1 0 1.000000
portal_cleanser_Glass
0  5.208395 -6.998964 16.675781  0.550057 -0.750495 0.366326  0.686529 0.066899 1 0 1.000000
0  5.117641 -7.041964 16.178585  -0.362059 -0.915243 -0.176756  0.683128 0.068502 1 0 1.000000
0  5.240974 -7.014926 16.176891  0.570748 -0.788744 -0.228320  0.682926 0.066892 1 0 1.000000
portal_cleanser_Glass
0  8.350452 -3.430522 8.095081  0.076066 -0.025909 -0.996766  0.871930 0.721170 1 0 1.000000
0  8.335070 -4.169771 8.198101  0.495850 -0.346720 -0.796190  0.874654 0.729687 1 0 1.000000
0  8.014116 -3.944718 8.087435  0.068664 -0.041522 -0.996775  0.871930 0.729687 1 0 1.000000
portal_cleanser_Glass
0  -2.073519 0.116366 59.264702  0.794024 0.216158 0.568156  0.058572 0.828951 1 0 1.000000
0  -3.131879 0.341181 60.232735  0.201839 0.965584 0.164041  0.050653 0.832682 1 0 1.000000
0  -2.955437 0.118101 60.383564  0.753535 0.216913 0.620591  0.050653 0.828951 1 0 1.000000
portal_cleanser_Glass
0  6.043025 0.383286 -34.781799  0.113895 0.993240 -0.022404  0.597439 0.836569 1 0 1.000000
0  6.011384 0.343110 -36.658188  0.240677 0.969331 -0.049726  0.607800 0.832682 1 0 1.000000
0  5.675260 0.383285 -36.585735  0.113565 0.993243 -0.023916  0.607800 0.836569 1 0 1.000000
portal_cleanser_Glass
0  7.229734 4.357388 15.578611  0.090460 0.078387 -0.992810  0.823045 0.799371 1 0 1.000000
0  7.161745 5.027743 15.708881  0.464864 0.431144 -0.773315  0.820317 0.806776 1 0 1.000000
0  7.529003 4.602935 15.704842  0.490869 0.405784 -0.770965  0.820317 0.799371 1 0 1.000000
portal_cleanser_Glass
0  3.971139 -0.122046 45.674423  0.935800 -0.214800 0.279534  0.142021 0.826211 1 0 1.000000
0  3.203547 -0.343295 47.373657  0.234574 -0.969197 0.075049  0.131656 0.822479 1 0 1.000000
0  3.747301 -0.343293 45.608624  0.235577 -0.969301 0.070417  0.142021 0.822479 1 0 1.000000
portal_cleanser_Glass
0  -8.048609 0.343524 -63.845547  0.057076 0.967383 -0.246803  0.786039 0.832682 1 0 1.000000
0  -7.050725 0.123540 -63.766476  0.367789 0.210110 -0.905861  0.780603 0.828951 1 0 1.000000
0  -7.993115 0.122910 -64.073868  0.224773 0.210790 -0.951338  0.786039 0.828951 1 0 1.000000
portal_cleanser_Glass
0  9.428669 2.806842 8.637377  0.894050 0.359548 -0.267208  0.845951 0.819346 1 0 1.000000
0  9.010586 3.056145 8.217698  0.531254 0.271012 -0.802697  0.842689 0.814311 1 0 1.000000
0  9.242567 3.159517 8.634346  0.846908 0.463594 -0.260438  0.845951 0.814311 1 0 1.000000
portal_cleanser_Glass
0  8.335068 4.169769 8.198101  0.495335 0.346367 -0.796664  0.842689 0.797105 1 0 1.000000
0  8.653765 2.885629 8.109543  0.078366 0.013369 -0.996835  0.839965 0.814311 1 0 1.000000
0  8.014114 3.944716 8.087435  0.068101 0.041238 -0.996826  0.839965 0.797105 1 0 1.000000
portal_cleanser_Glass
0  8.124843 -4.827913 9.152241  0.739127 -0.596569 0.312725  0.881348 0.738116 1 0 1.000000
0  7.755045 -5.286522 8.626472  0.722344 -0.642572 -0.255579  0.877917 0.745681 1 0 1.000000
0  8.138772 -4.836647 8.623883  0.753059 -0.607544 -0.252573  0.877917 0.738116 1 0 1.000000
portal_cleanser_Glass
0  -2.077372 -0.118094 -59.253574  0.794032 -0.216821 -0.567893  0.743021 0.826211 1 0 1.000000
0  -3.419253 -0.339856 -60.601788  0.205233 -0.964988 -0.163333  0.753594 0.822479 1 0 1.000000
0  -3.245210 -0.117357 -60.754635  0.758830 -0.216045 -0.614412  0.753594 0.826211 1 0 1.000000
portal_cleanser_Glass
0  5.208395 -6.998964 16.675781  0.550057 -0.750495 0.366326  0.905643 0.727376 1 0 1.000000
0  6.488477 -6.043420 16.157221  0.618143 -0.751511 -0.230502  0.902175 0.706909 1 0 1.000000
0  6.461936 -6.018978 16.663319  0.596434 -0.715524 0.363721  0.905643 0.706909 1 0 1.000000
portal_cleanser_Glass
0  4.855014 -6.730703 16.915314  -0.874971 -0.483725 -0.020869  0.688069 0.073276 1 0 1.000000
0  4.759725 -6.467050 17.066715  -0.670301 -0.340451 0.659386  0.689357 0.076671 1 0 1.000000
0  4.731864 -6.491485 16.961277  -0.886936 -0.461763 -0.010910  0.688583 0.076671 1 0 1.000000
portal_cleanser_Glass
0  4.855014 -6.730703 16.915314  -0.874971 -0.483725 -0.020869  0.688069 0.073276 1 0 1.000000
0  5.012416 -6.937129 16.871395  -0.417071 -0.832566 0.364534  0.687690 0.069940 1 0 1.000000
0  4.928063 -6.800626 17.014652  -0.266295 -0.617162 0.740404  0.688649 0.071884 1 0 1.000000
portal_cleanser_Glass
0  6.432910 5.076168 17.133083  -0.031175 -0.004336 0.999505  0.807571 0.814174 1 0 1.000000
0  7.088291 4.959692 17.072010  0.382804 0.354202 0.853230  0.810307 0.806776 1 0 1.000000
0  6.709929 5.368396 17.063631  0.360610 0.372382 0.855156  0.810307 0.814174 1 0 1.000000
portal_cleanser_Glass
0  7.229734 4.357388 15.578611  0.090460 0.078387 -0.992810  0.823045 0.799371 1 0 1.000000
0  7.916402 4.108928 15.707314  0.520632 0.369951 -0.769466  0.820317 0.791100 1 0 1.000000
0  7.600341 3.886383 15.580023  0.103709 0.063097 -0.992604  0.823045 0.791100 1 0 1.000000
portal_cleanser_Glass
0  6.461932 6.018976 16.663319  0.596451 0.715516 0.363708  0.813591 0.822085 1 0 1.000000
0  6.934688 5.613074 16.148302  0.693886 0.685613 -0.220131  0.817059 0.814174 1 0 1.000000
0  6.488473 6.043418 16.157221  0.618137 0.751463 -0.230672  0.817059 0.822085 1 0 1.000000
portal_cleanser_Glass
0  8.524944 -4.304912 9.153316  0.774791 -0.549075 0.313394  0.881348 0.729687 1 0 1.000000
0  7.910344 -4.653508 9.561710  0.428720 -0.351809 0.832124  0.884602 0.738116 1 0 1.000000
0  8.124843 -4.827913 9.152241  0.739127 -0.596569 0.312725  0.881348 0.738116 1 0 1.000000
portal_cleanser_Glass
0  -1.518202 -0.382996 57.388100  0.106531 -0.992131 0.065780  0.069099 0.818592 1 0 1.000000
0  -2.259686 -0.338840 59.128170  0.215596 -0.964294 0.153802  0.058572 0.822479 1 0 1.000000
0  -2.537140 -0.382930 58.924538  0.102780 -0.991997 0.073343  0.058572 0.818592 1 0 1.000000
portal_cleanser_Glass
0  4.854848 6.396053 17.106720  -0.041155 -0.004900 0.999141  0.807571 0.842552 1 0 1.000000
0  6.280919 5.784006 17.052521  0.318489 0.393215 0.862523  0.810307 0.822085 1 0 1.000000
0  5.050759 6.753471 17.042063  0.292453 0.419775 0.859221  0.810307 0.842552 1 0 1.000000
portal_cleanser_Glass
0  8.444397 -3.667477 16.668898  0.794065 -0.489907 0.359794  0.905643 0.667520 1 0 1.000000
0  7.834826 -4.046599 17.074446  0.427292 -0.300225 0.852811  0.908928 0.675924 1 0 1.000000
0  8.076124 -4.214359 16.672909  0.758534 -0.548445 0.351902  0.905643 0.675924 1 0 1.000000
portal_cleanser_Glass
0  4.810027 6.529133 15.792887  -0.882079 0.464956 -0.075848  0.667718 0.047733 1 0 1.000000
0  5.126773 6.801994 15.760325  0.353996 0.515266 -0.780505  0.666960 0.053599 1 0 1.000000
0  4.941752 6.451855 15.645064  0.029405 0.102873 -0.994260  0.666128 0.047733 1 0 1.000000
portal_cleanser_Glass
0  6.347915 -5.849388 15.734384  0.381069 -0.484430 -0.787473  0.898917 0.706909 1 0 1.000000
0  4.941756 -6.451858 15.645064  0.029530 -0.102859 -0.994258  0.896189 0.727376 1 0 1.000000
0  6.101222 -5.544841 15.612804  0.049854 -0.096495 -0.994084  0.896189 0.706909 1 0 1.000000
portal_cleanser_Glass
0  4.928931 -6.760520 15.873694  -0.872241 -0.484720 -0.065136  0.681268 0.073209 1 0 1.000000
0  4.810031 -6.529136 15.792887  -0.882076 -0.464948 -0.075927  0.680741 0.076671 1 0 1.000000
0  4.847610 -6.515177 15.684759  -0.638166 -0.417402 -0.646931  0.679950 0.076671 1 0 1.000000
portal_cleanser_Glass
0  5.009037 -6.840952 15.782175  -0.244017 -0.695954 -0.675355  0.680656 0.071809 1 0 1.000000
0  5.076225 -6.964131 15.951391  -0.412022 -0.852099 -0.322747  0.681682 0.069853 1 0 1.000000
0  4.928931 -6.760520 15.873694  -0.872241 -0.484720 -0.065136  0.681268 0.073209 1 0 1.000000
portal_cleanser_Glass
0  6.488473 6.043418 16.157221  0.618137 0.751463 -0.230672  0.817059 0.822085 1 0 1.000000
0  5.126773 6.801994 15.760325  0.353996 0.515266 -0.780505  0.820317 0.842552 1 0 1.000000
0  5.240969 7.014924 16.176891  0.570876 0.788659 -0.228293  0.817059 0.842552 1 0 1.000000
portal_cleanser_Glass
0  8.477390 3.690385 16.148384  0.830211 0.514289 -0.215076  0.817059 0.782696 1 0 1.000000
0  7.916402 4.108928 15.707314  0.520632 0.369951 -0.769466  0.820317 0.791100 1 0 1.000000
0  8.107288 4.238578 16.143581  0.791538 0.573815 -0.210248  0.817059 0.791100 1 0 1.000000
portal_cleanser_Glass
0  4.928931 -6.760520 15.873694  -0.872241 -0.484720 -0.065136  0.681268 0.073209 1 0 1.000000
0  4.847610 -6.515177 15.684759  -0.638166 -0.417402 -0.646931  0.679950 0.076671 1 0 1.000000
0  5.009037 -6.840952 15.782175  -0.244017 -0.695954 -0.675355  0.680656 0.071809 1 0 1.000000
portal_cleanser_Glass
0  9.340372 -2.556801 8.668246  0.403758 0.914081 -0.037884  0.694267 0.055089 1 0 1.000000
0  9.411875 -2.801661 9.142738  0.876601 -0.349326 0.330973  0.697542 0.058916 1 0 1.000000
0  9.428671 -2.806843 8.637377  0.894140 -0.359304 -0.267236  0.693761 0.058882 1 0 1.000000
portal_cleanser_Glass
0  6.513683 5.154043 15.595779  0.063001 0.098525 -0.993138  0.823045 0.814174 1 0 1.000000
0  6.347911 5.849386 15.734384  0.381023 0.484422 -0.787500  0.820317 0.822085 1 0 1.000000
0  6.779746 5.437542 15.719085  0.435365 0.454138 -0.777313  0.820317 0.814174 1 0 1.000000
portal_cleanser_Glass
0  6.907670 5.586362 16.667234  0.666056 0.655582 0.355783  0.813591 0.814174 1 0 1.000000
0  7.088291 4.959692 17.072010  0.382804 0.354202 0.853230  0.810307 0.806776 1 0 1.000000
0  7.301292 5.161519 16.671217  0.696917 0.625407 0.350960  0.813591 0.806776 1 0 1.000000
portal_cleanser_Glass
0  6.879651 -5.215926 9.631545  -0.002268 -0.026138 0.999656  0.887330 0.753179 1 0 1.000000
0  7.539771 -5.088106 9.556146  0.404979 -0.373128 0.834726  0.884602 0.745681 1 0 1.000000
0  7.246224 -4.817756 9.641681  0.002240 -0.022057 0.999754  0.887330 0.745681 1 0 1.000000
portal_cleanser_Glass
0  7.329597 5.187871 16.143547  0.727111 0.652754 -0.212655  0.817059 0.806776 1 0 1.000000
0  6.779746 5.437542 15.719085  0.435365 0.454138 -0.777313  0.820317 0.814174 1 0 1.000000
0  6.934688 5.613074 16.148302  0.693886 0.685613 -0.220131  0.817059 0.814174 1 0 1.000000
portal_cleanser_Glass
0  -6.420074 -0.384397 62.838898  0.050608 -0.994932 0.086884  0.026455 0.818592 1 0 1.000000
0  -5.456185 -0.349769 62.595459  0.148520 -0.970471 0.190073  0.031949 0.822479 1 0 1.000000
0  -6.257496 -0.349350 63.144779  0.121772 -0.970063 0.210118  0.026455 0.822479 1 0 1.000000
portal_cleanser_Glass
0  8.970234 2.724725 16.661108  0.859506 0.345038 0.377093  0.711572 0.066538 1 0 1.000000
0  8.634650 2.406680 16.899254  0.263460 -0.964565 0.014272  0.713060 0.073293 1 0 1.000000
0  8.877995 2.483582 16.613197  0.362525 -0.931601 0.026349  0.711081 0.070289 1 0 1.000000
portal_cleanser_Glass
0  7.834826 -4.046599 17.074446  0.427292 -0.300225 0.852811  0.908928 0.675924 1 0 1.000000
0  7.836039 -3.319722 17.133554  -0.016914 0.035229 0.999236  0.911663 0.667520 1 0 1.000000
0  7.505465 -3.816662 17.143990  -0.016515 0.024061 0.999574  0.911663 0.675924 1 0 1.000000
portal_cleanser_Glass
0  8.076122 4.214357 16.672909  0.758541 0.548456 0.351869  0.813591 0.791100 1 0 1.000000
0  8.186005 3.521133 17.066174  0.446902 0.257363 0.856763  0.810307 0.782696 1 0 1.000000
0  8.444395 3.667476 16.668898  0.794095 0.489879 0.359766  0.813591 0.782696 1 0 1.000000
portal_cleanser_Glass
0  1.490216 -0.122016 52.678265  0.897883 -0.215727 0.383755  0.100436 0.826211 1 0 1.000000
0  0.522371 -0.342726 54.275894  0.227219 -0.967882 0.107593  0.090052 0.822479 1 0 1.000000
0  1.275483 -0.343170 52.586559  0.227755 -0.968840 0.097352  0.100436 0.822479 1 0 1.000000
portal_cleanser_Glass
0  7.141128 4.282972 17.145901  -0.021754 -0.014867 0.999653  0.807571 0.799371 1 0 1.000000
0  7.834823 4.046598 17.074446  0.427076 0.300166 0.852940  0.810307 0.791100 1 0 1.000000
0  7.451957 4.537443 17.075933  0.403838 0.332678 0.852197  0.810307 0.799371 1 0 1.000000
portal_cleanser_Glass
0  7.567090 0.122039 29.435366  0.964630 0.214621 0.153057  0.235255 0.828951 1 0 1.000000
0  7.036801 0.343226 31.219242  0.242190 0.969353 0.041219  0.224907 0.832682 1 0 1.000000
0  7.267546 0.122099 31.257542  0.962698 0.215471 0.163658  0.224907 0.828951 1 0 1.000000
portal_cleanser_Glass
0  8.280653 2.485382 17.107290  -0.011923 -0.118533 0.992878  0.807571 0.769039 1 0 1.000000
0  8.503220 2.956781 17.053034  0.451847 0.229984 0.861940  0.810307 0.774087 1 0 1.000000
0  8.127596 2.793023 17.116766  -0.023202 -0.041567 0.998866  0.807571 0.774087 1 0 1.000000
portal_cleanser_Glass
0  8.127596 2.793023 17.116766  -0.023202 -0.041567 0.998866  0.807571 0.774087 1 0 1.000000
0  8.186005 3.521133 17.066174  0.446902 0.257363 0.856763  0.810307 0.782696 1 0 1.000000
0  7.836037 3.319720 17.133554  -0.016949 -0.035242 0.999235  0.807571 0.782696 1 0 1.000000
portal_cleanser_Glass
0  7.301292 5.161519 16.671217  0.696917 0.625407 0.350960  0.813591 0.806776 1 0 1.000000
0  7.708061 4.749173 16.141937  0.756251 0.619700 -0.209896  0.817059 0.799371 1 0 1.000000
0  7.329597 5.187871 16.143547  0.727111 0.652754 -0.212655  0.817059 0.806776 1 0 1.000000
portal_cleanser_Glass
0  7.678455 4.723801 16.673397  0.724768 0.593732 0.349562  0.813591 0.799371 1 0 1.000000
0  7.834823 4.046598 17.074446  0.427076 0.300166 0.852940  0.810307 0.791100 1 0 1.000000
0  8.076122 4.214357 16.672909  0.758541 0.548456 0.351869  0.813591 0.791100 1 0 1.000000
portal_cleanser_Glass
0  8.679512 2.615970 17.048639  0.479945 0.137415 0.866470  0.810307 0.769039 1 0 1.000000
0  8.782167 3.077862 16.662693  0.813380 0.450083 0.368562  0.813591 0.774087 1 0 1.000000
0  8.503220 2.956781 17.053034  0.451847 0.229984 0.861940  0.810307 0.774087 1 0 1.000000
portal_cleanser_Glass
0  8.909264 2.500775 16.176477  0.367029 -0.928812 -0.050972  0.708255 0.070284 1 0 1.000000
0  8.770809 2.669897 15.739090  0.585574 0.189397 -0.788183  0.704852 0.070856 1 0 1.000000
0  9.005871 2.745161 16.156420  0.900665 0.367925 -0.231159  0.707772 0.066439 1 0 1.000000
portal_cleanser_Glass
0  8.679514 -2.615971 17.048639  0.479869 -0.137542 0.866492  0.751913 0.052750 1 0 1.000000
0  8.359303 -2.341687 16.945913  0.233733 0.972108 0.019386  0.751012 0.046701 1 0 1.000000
0  8.280655 -2.485383 17.107290  -0.011891 0.118481 0.992885  0.752727 0.046701 1 0 1.000000
portal_cleanser_Glass
0  7.936365 -3.385962 15.590858  0.113218 -0.042812 -0.992647  0.896189 0.667520 1 0 1.000000
0  7.916405 -4.108930 15.707314  0.520666 -0.369975 -0.769432  0.898917 0.675924 1 0 1.000000
0  7.600344 -3.886384 15.580023  0.103710 -0.063125 -0.992602  0.896189 0.675924 1 0 1.000000
portal_cleanser_Glass
0  8.444397 -3.667477 16.668898  0.794065 -0.489907 0.359794  0.905643 0.667520 1 0 1.000000
0  8.107290 -4.238579 16.143581  0.791475 -0.573804 -0.210515  0.902175 0.675924 1 0 1.000000
0  8.477392 -3.690386 16.148384  0.830148 -0.514320 -0.215242  0.902175 0.667520 1 0 1.000000
portal_cleanser_Glass
0  8.593811 3.011731 15.732254  0.556059 0.285675 -0.780505  0.820317 0.774087 1 0 1.000000
0  8.386398 2.543066 15.620419  0.127858 -0.053816 -0.990331  0.823045 0.769039 1 0 1.000000
0  8.232641 2.853559 15.609076  0.113477 0.028050 -0.993145  0.823045 0.774087 1 0 1.000000
portal_cleanser_Glass
0  8.272654 3.580112 15.716900  0.546030 0.320533 -0.774022  0.820317 0.782696 1 0 1.000000
0  8.232641 2.853559 15.609076  0.113477 0.028050 -0.993145  0.823045 0.774087 1 0 1.000000
0  7.936363 3.385960 15.590858  0.113195 0.042772 -0.992652  0.823045 0.782696 1 0 1.000000
portal_cleanser_Glass
0  7.708061 4.749173 16.141937  0.756251 0.619700 -0.209896  0.817059 0.799371 1 0 1.000000
0  7.161745 5.027743 15.708881  0.464864 0.431144 -0.773315  0.820317 0.806776 1 0 1.000000
0  7.329597 5.187871 16.143547  0.727111 0.652754 -0.212655  0.817059 0.806776 1 0 1.000000
portal_cleanser_Glass
0  7.301292 5.161519 16.671217  0.696917 0.625407 0.350960  0.813591 0.806776 1 0 1.000000
0  7.451957 4.537443 17.075933  0.403838 0.332678 0.852197  0.810307 0.799371 1 0 1.000000
0  7.678455 4.723801 16.673397  0.724768 0.593732 0.349562  0.813591 0.799371 1 0 1.000000
portal_cleanser_Glass
0  7.191062 -5.528320 8.213034  0.414727 -0.429680 -0.802108  0.874654 0.753179 1 0 1.000000
0  6.495011 -5.649806 8.119091  0.038181 -0.075425 -0.996420  0.871930 0.761285 1 0 1.000000
0  6.919261 -5.242866 8.105013  0.038518 -0.068509 -0.996907  0.871930 0.753179 1 0 1.000000
portal_cleanser_Glass
0  -0.306014 0.341114 55.943542  0.225924 0.966492 0.121865  0.079590 0.832682 1 0 1.000000
0  -1.518215 0.382972 57.388103  0.106574 0.992121 0.065864  0.069099 0.836568 1 0 1.000000
0  -1.224960 0.339326 57.567932  0.222943 0.965089 0.137473  0.069099 0.832682 1 0 1.000000
portal_cleanser_Glass
0  8.107288 4.238578 16.143581  0.791538 0.573815 -0.210248  0.817059 0.791100 1 0 1.000000
0  7.529003 4.602935 15.704842  0.490869 0.405784 -0.770965  0.820317 0.799371 1 0 1.000000
0  7.708061 4.749173 16.141937  0.756251 0.619700 -0.209896  0.817059 0.799371 1 0 1.000000
portal_cleanser_Glass
0  6.461936 -6.018978 16.663319  0.596434 -0.715524 0.363721  0.905643 0.706909 1 0 1.000000
0  6.934691 -5.613075 16.148302  0.693848 -0.685933 -0.219252  0.902175 0.698998 1 0 1.000000
0  6.907674 -5.586363 16.667234  0.666090 -0.655492 0.355885  0.905643 0.698998 1 0 1.000000
portal_cleanser_Glass
0  8.442211 -2.386985 15.779189  0.240382 0.968675 -0.062330  0.743173 0.046701 1 0 1.000000
0  8.770811 -2.669898 15.739090  0.585479 -0.189564 -0.788213  0.742235 0.052690 1 0 1.000000
0  8.386400 -2.543067 15.620419  0.127918 0.053746 -0.990327  0.741464 0.046701 1 0 1.000000
portal_cleanser_Glass
0  9.135090 2.489922 8.364263  0.349390 -0.936280 -0.036135  0.723900 0.050343 1 0 1.000000
0  8.814137 2.568831 8.120909  0.105715 -0.072924 -0.991719  0.726181 0.046885 1 0 1.000000
0  9.186344 2.716716 8.225993  0.566695 0.174066 -0.805331  0.725401 0.052806 1 0 1.000000
portal_cleanser_Glass
0  9.411873 2.801661 9.142738  0.876468 0.349653 0.330979  0.849383 0.819346 1 0 1.000000
0  9.242567 3.159517 8.634346  0.846908 0.463594 -0.260438  0.845951 0.814311 1 0 1.000000
0  9.226444 3.153240 9.145849  0.830175 0.453960 0.323619  0.849383 0.814311 1 0 1.000000
portal_cleanser_Glass
0  8.539606 4.313043 8.624554  0.789710 0.559227 -0.252237  0.845951 0.797105 1 0 1.000000
0  9.226444 3.153240 9.145849  0.830175 0.453960 0.323619  0.849383 0.814311 1 0 1.000000
0  9.242567 3.159517 8.634346  0.846908 0.463594 -0.260438  0.845951 0.814311 1 0 1.000000
portal_cleanser_Glass
0  5.378393 -7.081168 9.093960  -0.819665 -0.572530 0.018949  0.759502 0.070247 1 0 1.000000
0  5.486995 -7.171375 9.120802  -0.270763 -0.931356 0.243440  0.759676 0.068402 1 0 1.000000
0  5.428060 -7.081398 9.322112  -0.334499 -0.853830 0.398855  0.760997 0.069789 1 0 1.000000
portal_cleanser_Glass
0  5.378393 -7.081168 9.093960  -0.819665 -0.572530 0.018949  0.759502 0.070247 1 0 1.000000
0  5.428060 -7.081398 9.322112  -0.334499 -0.853830 0.398855  0.760997 0.069789 1 0 1.000000
0  5.258033 -6.889093 9.374070  -0.854445 -0.519273 0.016714  0.761349 0.073133 1 0 1.000000
portal_cleanser_Glass
0  -8.995085 -0.122127 64.223320  0.094505 -0.210536 0.973007  0.010003 0.826211 1 0 1.000000
0  -9.994370 -0.346081 64.039696  0.010732 -0.966043 0.258158  0.004489 0.822479 1 0 1.000000
0  -9.018108 -0.349392 63.989819  0.022788 -0.967934 0.250168  0.010003 0.822479 1 0 1.000000
portal_cleanser_Glass
0  7.343459 -5.710381 9.146084  0.676319 -0.662308 0.322398  0.881348 0.753179 1 0 1.000000
0  7.755045 -5.286522 8.626472  0.722344 -0.642572 -0.255579  0.877917 0.745681 1 0 1.000000
0  7.741370 -5.277658 9.149735  0.709125 -0.630317 0.315978  0.881348 0.745681 1 0 1.000000
portal_cleanser_Glass
0  5.454780 -7.091532 8.458350  -0.305946 -0.868577 -0.389835  0.755347 0.069717 1 0 1.000000
0  5.500366 -7.177183 8.671215  -0.250165 -0.939984 -0.232050  0.756723 0.068359 1 0 1.000000
0  5.389261 -7.087491 8.685596  -0.815803 -0.575892 -0.053041  0.756861 0.070219 1 0 1.000000
portal_cleanser_Glass
0  5.454780 -7.091532 8.458350  -0.305946 -0.868577 -0.389835  0.755347 0.069717 1 0 1.000000
0  5.389261 -7.087491 8.685596  -0.815803 -0.575892 -0.053041  0.756861 0.070219 1 0 1.000000
0  5.287487 -6.901569 8.386513  -0.851320 -0.521734 -0.055215  0.754935 0.073067 1 0 1.000000
portal_cleanser_Glass
0  -8.054871 -0.350424 63.848221  0.053562 -0.968666 0.242523  0.015506 0.822479 1 0 1.000000
0  -7.045887 -0.124673 63.789478  0.355339 -0.208526 0.911181  0.020975 0.826211 1 0 1.000000
0  -8.001626 -0.123775 64.078316  0.212561 -0.208553 0.954633  0.015506 0.826211 1 0 1.000000
portal_cleanser_Glass
0  8.843498 2.394765 9.454762  0.330550 -0.942326 0.052512  0.716674 0.046885 1 0 1.000000
0  9.143038 2.702440 9.541100  0.523089 0.154175 0.838217  0.715718 0.052801 1 0 1.000000
0  8.764210 2.553314 9.622964  0.048682 -0.096235 0.994167  0.714912 0.046885 1 0 1.000000
portal_cleanser_Glass
0  8.539606 4.313043 8.624554  0.789710 0.559227 -0.252237  0.845951 0.797105 1 0 1.000000
0  7.574390 5.112288 8.202703  0.441456 0.405903 -0.800225  0.842689 0.781111 1 0 1.000000
0  7.755043 5.286521 8.626472  0.722390 0.642585 -0.255415  0.845951 0.781111 1 0 1.000000
portal_cleanser_Glass
0  7.574393 -5.112289 8.202703  0.441441 -0.406419 -0.799971  0.874654 0.745681 1 0 1.000000
0  6.919261 -5.242866 8.105013  0.038518 -0.068509 -0.996907  0.871930 0.753179 1 0 1.000000
0  7.285552 -4.846002 8.093882  0.046630 -0.062309 -0.996967  0.871930 0.745681 1 0 1.000000
portal_cleanser_Glass
0  -2.955436 -0.118128 60.383564  0.753514 -0.216938 0.620609  0.050653 0.826211 1 0 1.000000
0  -3.909325 -0.345172 61.125561  0.187680 -0.967780 0.167866  0.043987 0.822479 1 0 1.000000
0  -3.131879 -0.341210 60.232731  0.201767 -0.965612 0.163963  0.050653 0.822479 1 0 1.000000
portal_cleanser_Glass
0  9.010586 3.056145 8.217698  0.531254 0.271012 -0.802697  0.842689 0.814311 1 0 1.000000
0  8.539606 4.313043 8.624554  0.789710 0.559227 -0.252237  0.845951 0.797105 1 0 1.000000
0  9.242567 3.159517 8.634346  0.846908 0.463594 -0.260438  0.845951 0.814311 1 0 1.000000
portal_cleanser_Glass
0  4.855010 6.730699 16.915314  -0.874979 0.483707 -0.020955  0.675044 0.051137 1 0 1.000000
0  4.854848 6.396053 17.106720  -0.041155 -0.004900 0.999141  0.677164 0.047733 1 0 1.000000
0  5.050759 6.753471 17.042063  0.292453 0.419775 0.859221  0.676338 0.053608 1 0 1.000000
portal_cleanser_Glass
0  4.989204 -6.925979 16.641071  -0.828411 -0.559434 -0.027719  0.686209 0.070389 1 0 1.000000
0  5.082361 -7.028729 16.669979  -0.358866 -0.911206 0.202285  0.686359 0.068560 1 0 1.000000
0  5.012416 -6.937129 16.871395  -0.417071 -0.832566 0.364534  0.687690 0.069940 1 0 1.000000
portal_cleanser_Glass
0  4.989204 -6.925979 16.641071  -0.828411 -0.559434 -0.027719  0.686209 0.070389 1 0 1.000000
0  5.012416 -6.937129 16.871395  -0.417071 -0.832566 0.364534  0.687690 0.069940 1 0 1.000000
0  4.855014 -6.730703 16.915314  -0.874971 -0.483725 -0.020869  0.688069 0.073276 1 0 1.000000
portal_cleanser_Glass
0  9.186346 -2.716717 8.225993  0.566812 -0.173774 -0.805311  0.690843 0.054610 1 0 1.000000
0  8.884008 -2.403796 8.288511  0.333707 0.941583 -0.045405  0.691819 0.048698 1 0 1.000000
0  9.135092 -2.489923 8.364263  0.349223 0.936354 -0.035850  0.692341 0.052134 1 0 1.000000
portal_cleanser_Glass
0  5.076225 -6.964131 15.951391  -0.412022 -0.852099 -0.322747  0.681682 0.069853 1 0 1.000000
0  5.117641 -7.041964 16.178585  -0.362059 -0.915243 -0.176756  0.683128 0.068502 1 0 1.000000
0  5.022764 -6.937169 16.191990  -0.827121 -0.559090 -0.057343  0.683277 0.070351 1 0 1.000000
portal_cleanser_Glass
0  5.076225 -6.964131 15.951391  -0.412022 -0.852099 -0.322747  0.681682 0.069853 1 0 1.000000
0  5.022764 -6.937169 16.191990  -0.827121 -0.559090 -0.057343  0.683277 0.070351 1 0 1.000000
0  4.928931 -6.760520 15.873694  -0.872241 -0.484720 -0.065136  0.681268 0.073209 1 0 1.000000
portal_cleanser_Glass
0  6.934688 5.613074 16.148302  0.693886 0.685613 -0.220131  0.817059 0.814174 1 0 1.000000
0  6.347911 5.849386 15.734384  0.381023 0.484422 -0.787500  0.820317 0.822085 1 0 1.000000
0  6.488473 6.043418 16.157221  0.618137 0.751463 -0.230672  0.817059 0.822085 1 0 1.000000
portal_cleanser_Glass
0  8.770809 2.669897 15.739090  0.585574 0.189397 -0.788183  0.704852 0.070856 1 0 1.000000
0  8.442209 2.386983 15.779189  0.240309 -0.968699 -0.062239  0.705774 0.076893 1 0 1.000000
0  8.386398 2.543066 15.620419  0.127858 -0.053816 -0.990331  0.704066 0.076893 1 0 1.000000
portal_cleanser_Glass
0  5.634261 7.140050 8.665932  0.560690 0.779190 -0.280159  0.735539 0.066430 1 0 1.000000
0  5.378388 7.081166 9.093960  -0.819684 0.572499 0.019074  0.732501 0.070033 1 0 1.000000
0  5.619833 7.134716 9.129794  0.550796 0.763903 0.336267  0.732105 0.066429 1 0 1.000000
portal_cleanser_Glass
0  7.329600 -5.187872 16.143547  0.727087 -0.652770 -0.212687  0.902175 0.691600 1 0 1.000000
0  6.779750 -5.437544 15.719085  0.435221 -0.453603 -0.777706  0.898917 0.698998 1 0 1.000000
0  7.161747 -5.027744 15.708881  0.464912 -0.431180 -0.773266  0.898917 0.691600 1 0 1.000000
portal_cleanser_Glass
0  8.503220 2.956781 17.053034  0.451847 0.229984 0.861940  0.810307 0.774087 1 0 1.000000
0  8.444395 3.667476 16.668898  0.794095 0.489879 0.359766  0.813591 0.782696 1 0 1.000000
0  8.186005 3.521133 17.066174  0.446902 0.257363 0.856763  0.810307 0.782696 1 0 1.000000
portal_cleanser_Glass
0  4.989204 -6.925979 16.641071  -0.828411 -0.559434 -0.027719  0.686209 0.070389 1 0 1.000000
0  5.117641 -7.041964 16.178585  -0.362059 -0.915243 -0.176756  0.683128 0.068502 1 0 1.000000
0  5.082361 -7.028729 16.669979  -0.358866 -0.911206 0.202285  0.686359 0.068560 1 0 1.000000
portal_cleanser_Glass
0  8.272654 3.580112 15.716900  0.546030 0.320533 -0.774022  0.820317 0.782696 1 0 1.000000
0  8.816895 3.099071 16.154757  0.852341 0.473547 -0.221964  0.817059 0.774087 1 0 1.000000
0  8.593811 3.011731 15.732254  0.556059 0.285675 -0.780505  0.820317 0.774087 1 0 1.000000
portal_cleanser_Glass
0  8.970234 2.724725 16.661108  0.859506 0.345038 0.377093  0.711572 0.066538 1 0 1.000000
0  8.909264 2.500775 16.176477  0.367029 -0.928812 -0.050972  0.708255 0.070284 1 0 1.000000
0  9.005871 2.745161 16.156420  0.900665 0.367925 -0.231159  0.707772 0.066439 1 0 1.000000
portal_cleanser_Glass
0  8.782167 3.077862 16.662693  0.813380 0.450083 0.368562  0.813591 0.774087 1 0 1.000000
0  8.477390 3.690385 16.148384  0.830211 0.514289 -0.215076  0.817059 0.782696 1 0 1.000000
0  8.444395 3.667476 16.668898  0.794095 0.489879 0.359766  0.813591 0.782696 1 0 1.000000
portal_cleanser_Glass
0  9.099250 2.481936 9.394218  0.346302 -0.937100 0.043795  0.717209 0.050360 1 0 1.000000
0  8.884007 2.403795 8.288511  0.333902 -0.941472 -0.046265  0.724419 0.046885 1 0 1.000000
0  9.135090 2.489922 8.364263  0.349390 -0.936280 -0.036135  0.723900 0.050343 1 0 1.000000
portal_cleanser_Glass
0  4.731860 6.491482 16.961277  -0.886929 0.461774 -0.011055  0.675559 0.047733 1 0 1.000000
0  4.928927 6.760516 15.873694  -0.872230 0.484731 -0.065193  0.668243 0.051188 1 0 1.000000
0  4.810027 6.529133 15.792887  -0.882079 0.464956 -0.075848  0.667718 0.047733 1 0 1.000000
portal_cleanser_Glass
0  9.135092 -2.489923 8.364263  0.349223 0.936354 -0.035850  0.692341 0.052134 1 0 1.000000
0  9.099252 -2.481937 9.394218  0.346184 0.937155 0.043555  0.699040 0.052190 1 0 1.000000
0  9.324835 -2.554226 9.100736  0.399685 0.915246 0.050762  0.697061 0.055109 1 0 1.000000
portal_cleanser_Glass
0  9.135092 -2.489923 8.364263  0.349223 0.936354 -0.035850  0.692341 0.052134 1 0 1.000000
0  9.324835 -2.554226 9.100736  0.399685 0.915246 0.050762  0.697061 0.055109 1 0 1.000000
0  9.340372 -2.556801 8.668246  0.403758 0.914081 -0.037884  0.694267 0.055089 1 0 1.000000
portal_cleanser_Glass
0  9.324835 -2.554226 9.100736  0.399685 0.915246 0.050762  0.697061 0.055109 1 0 1.000000
0  9.143040 -2.702441 9.541100  0.523218 -0.153895 0.838188  0.700523 0.054648 1 0 1.000000
0  9.411875 -2.801661 9.142738  0.876601 -0.349326 0.330973  0.697542 0.058916 1 0 1.000000
portal_cleanser_Glass
0  8.707151 -2.448810 15.865244  0.268138 0.961854 -0.054216  0.743714 0.050269 1 0 1.000000
0  8.634652 -2.406681 16.899254  0.263611 0.964523 0.014300  0.750445 0.050320 1 0 1.000000
0  8.877996 -2.483582 16.613197  0.362634 0.931558 0.026381  0.748456 0.053328 1 0 1.000000
portal_cleanser_Glass
0  8.707151 -2.448810 15.865244  0.268138 0.961854 -0.054216  0.743714 0.050269 1 0 1.000000
0  8.877996 -2.483582 16.613197  0.362634 0.931558 0.026381  0.748456 0.053328 1 0 1.000000
0  8.909266 -2.500776 16.176477  0.367053 0.928798 -0.051048  0.745633 0.053308 1 0 1.000000
portal_cleanser_Glass
0  5.258033 -6.889093 9.374070  -0.854445 -0.519273 0.016714  0.761349 0.073133 1 0 1.000000
0  5.287487 -6.901569 8.386513  -0.851320 -0.521734 -0.055215  0.754935 0.073067 1 0 1.000000
0  5.389261 -7.087491 8.685596  -0.815803 -0.575892 -0.053041  0.756861 0.070219 1 0 1.000000
portal_cleanser_Glass
0  5.258033 -6.889093 9.374070  -0.854445 -0.519273 0.016714  0.761349 0.073133 1 0 1.000000
0  5.389261 -7.087491 8.685596  -0.815803 -0.575892 -0.053041  0.756861 0.070219 1 0 1.000000
0  5.378393 -7.081168 9.093960  -0.819665 -0.572530 0.018949  0.759502 0.070247 1 0 1.000000
portal_cleanser_Glass
0  4.855014 -6.730703 16.915314  -0.874971 -0.483725 -0.020869  0.688069 0.073276 1 0 1.000000
0  4.928931 -6.760520 15.873694  -0.872241 -0.484720 -0.065136  0.681268 0.073209 1 0 1.000000
0  5.022764 -6.937169 16.191990  -0.827121 -0.559090 -0.057343  0.683277 0.070351 1 0 1.000000
portal_cleanser_Glass
0  4.855014 -6.730703 16.915314  -0.874971 -0.483725 -0.020869  0.688069 0.073276 1 0 1.000000
0  5.022764 -6.937169 16.191990  -0.827121 -0.559090 -0.057343  0.683277 0.070351 1 0 1.000000
0  4.989204 -6.925979 16.641071  -0.828411 -0.559434 -0.027719  0.686209 0.070389 1 0 1.000000
portal_cleanser_Glass
0  -6.257496 -0.349350 63.144779  0.121772 -0.970063 0.210118  0.026455 0.822479 1 0 1.000000
0  -7.045887 -0.124673 63.789478  0.355339 -0.208526 0.911181  0.020975 0.826211 1 0 1.000000
0  -7.128917 -0.349697 63.567673  0.089965 -0.969436 0.228255  0.020975 0.822479 1 0 1.000000
portal_cleanser_Glass
0  -4.043931 -0.345091 -61.310490  0.185206 -0.967687 -0.171113  0.758913 0.822479 1 0 1.000000
0  -4.950566 -0.385027 -61.709648  0.071601 -0.994363 -0.078204  0.764289 0.818592 1 0 1.000000
0  -4.728282 -0.348791 -61.974033  0.163063 -0.969998 -0.180315  0.764289 0.822479 1 0 1.000000
portal_cleanser_Glass
0  3.972524 -0.122039 -45.669735  0.935812 -0.214763 -0.279523  0.659596 0.826211 1 0 1.000000
0  3.205057 -0.343064 -47.369038  0.234670 -0.969145 -0.075420  0.669961 0.822479 1 0 1.000000
0  3.428671 -0.122165 -47.438938  0.929709 -0.215535 -0.298640  0.669961 0.826211 1 0 1.000000
portal_cleanser_Glass
0  8.816895 3.099071 16.154757  0.852341 0.473547 -0.221964  0.817059 0.774087 1 0 1.000000
0  8.970234 2.724725 16.661108  0.859506 0.345038 0.377093  0.813591 0.769039 1 0 1.000000
0  9.005871 2.745161 16.156420  0.900665 0.367925 -0.231159  0.817059 0.769039 1 0 1.000000
portal_cleanser_Glass
0  2.617810 -0.343051 -49.122959  0.232284 -0.968943 -0.084810  0.680344 0.822479 1 0 1.000000
0  1.649207 -0.383268 -50.739655  0.108244 -0.993226 -0.042250  0.690805 0.818592 1 0 1.000000
0  1.968268 -0.343041 -50.867893  0.230264 -0.968970 -0.089869  0.690805 0.822479 1 0 1.000000
portal_cleanser_Glass
0  -2.073517 -0.116390 59.264702  0.794029 -0.216138 0.568156  0.058572 0.826211 1 0 1.000000
0  -3.131879 -0.341210 60.232731  0.201767 -0.965612 0.163963  0.050653 0.822479 1 0 1.000000
0  -2.259686 -0.338840 59.128170  0.215596 -0.964294 0.153802  0.058572 0.822479 1 0 1.000000
portal_cleanser_Glass
0  7.970129 -3.920216 9.649822  0.015718 -0.007716 0.999847  0.887330 0.729687 1 0 1.000000
0  7.910344 -4.653508 9.561710  0.428720 -0.351809 0.832124  0.884602 0.738116 1 0 1.000000
0  8.296980 -4.148254 9.563341  0.454451 -0.319379 0.831547  0.884602 0.729687 1 0 1.000000
portal_cleanser_Glass
0  7.301295 -5.161520 16.671217  0.696845 -0.625331 0.351237  0.905643 0.691600 1 0 1.000000
0  7.708064 -4.749174 16.141937  0.756320 -0.619657 -0.209775  0.902175 0.684195 1 0 1.000000
0  7.678458 -4.723802 16.673397  0.724871 -0.593691 0.349418  0.905643 0.684195 1 0 1.000000
portal_cleanser_Glass
0  6.454656 -5.626369 9.618527  -0.000931 -0.026188 0.999657  0.887330 0.761285 1 0 1.000000
0  7.155847 -5.505490 9.546643  0.381130 -0.392256 0.837183  0.884602 0.753179 1 0 1.000000
0  6.879651 -5.215926 9.631545  -0.002268 -0.026138 0.999656  0.887330 0.753179 1 0 1.000000
portal_cleanser_Glass
0  -6.145845 0.124875 -63.323399  0.490165 0.209296 -0.846129  0.775089 0.828951 1 0 1.000000
0  -7.134856 0.345037 -63.546688  0.092608 0.968547 -0.230956  0.780603 0.832682 1 0 1.000000
0  -6.260239 0.347178 -63.117031  0.121941 0.969406 -0.213032  0.775089 0.832682 1 0 1.000000
portal_cleanser_Glass
0  -9.007361 -0.342233 -63.990433  0.025195 -0.966994 -0.253551  0.791521 0.822479 1 0 1.000000
0  -9.976589 -0.383347 -63.702099  0.006372 -0.992737 -0.120137  0.796999 0.818592 1 0 1.000000
0  -9.976236 -0.341366 -64.046478  0.013885 -0.965958 -0.258327  0.796999 0.822479 1 0 1.000000
portal_cleanser_Glass
0  6.889693 -6.151429 9.141526  0.598962 -0.727788 0.334020  0.881348 0.761285 1 0 1.000000
0  7.357743 -5.718318 8.632507  0.687979 -0.676903 -0.261700  0.877917 0.753179 1 0 1.000000
0  7.343459 -5.710381 9.146084  0.676319 -0.662308 0.322398  0.881348 0.753179 1 0 1.000000
portal_cleanser_Glass
0  9.242569 -3.159517 8.634346  0.846930 -0.463537 -0.260467  0.877917 0.712481 1 0 1.000000
0  9.411875 -2.801661 9.142738  0.876601 -0.349326 0.330973  0.881348 0.707446 1 0 1.000000
0  9.226446 -3.153241 9.145849  0.830231 -0.453852 0.323627  0.881348 0.712481 1 0 1.000000
portal_cleanser_Glass
0  4.260836 -0.343291 43.834259  0.236567 -0.969320 0.066749  0.152388 0.822479 1 0 1.000000
0  3.971139 -0.122046 45.674423  0.935800 -0.214800 0.279534  0.142021 0.826211 1 0 1.000000
0  3.747301 -0.343293 45.608624  0.235577 -0.969301 0.070417  0.142021 0.822479 1 0 1.000000
portal_cleanser_Glass
0  -0.116953 -0.120351 -56.050716  0.861127 -0.216711 -0.459888  0.722068 0.826211 1 0 1.000000
0  -1.242048 -0.341623 -57.554066  0.218062 -0.966709 -0.133879  0.732512 0.822479 1 0 1.000000
0  -1.042977 -0.120232 -57.675858  0.832559 -0.217197 -0.509580  0.732512 0.826211 1 0 1.000000
portal_cleanser_Glass
0  5.125381 6.660257 9.435756  -0.863101 0.504316 0.026889  0.730107 0.076291 1 0 1.000000
0  5.287482 6.901567 8.386513  -0.851377 0.521655 -0.055071  0.737064 0.072870 1 0 1.000000
0  5.158961 6.674583 8.305040  -0.859173 0.507129 -0.068127  0.737624 0.076291 1 0 1.000000
portal_cleanser_Glass
0  2.193230 0.122113 50.959103  0.910089 0.214861 0.354363  0.110826 0.828951 1 0 1.000000
0  1.275484 0.343149 52.586548  0.227672 0.968850 0.097442  0.100436 0.832682 1 0 1.000000
0  1.490215 0.121995 52.678261  0.897921 0.215632 0.383719  0.100436 0.828951 1 0 1.000000
portal_cleanser_Glass
0  7.451960 -4.537444 17.075933  0.404003 -0.332682 0.852118  0.908928 0.684195 1 0 1.000000
0  7.505465 -3.816662 17.143990  -0.016515 0.024061 0.999574  0.911663 0.675924 1 0 1.000000
0  7.141131 -4.282974 17.145901  -0.021725 0.014860 0.999654  0.911663 0.684195 1 0 1.000000
portal_cleanser_Glass
0  7.301292 5.161519 16.671217  0.696917 0.625407 0.350960  0.813591 0.806776 1 0 1.000000
0  6.934688 5.613074 16.148302  0.693886 0.685613 -0.220131  0.817059 0.814174 1 0 1.000000
0  6.907670 5.586362 16.667234  0.666056 0.655582 0.355783  0.813591 0.814174 1 0 1.000000
portal_cleanser_Glass
0  8.107290 -4.238579 16.143581  0.791475 -0.573804 -0.210515  0.902175 0.675924 1 0 1.000000
0  8.272655 -3.580114 15.716900  0.546367 -0.320690 -0.773719  0.898917 0.667520 1 0 1.000000
0  8.477392 -3.690386 16.148384  0.830148 -0.514320 -0.215242  0.902175 0.667520 1 0 1.000000
portal_cleanser_Glass
0  -1.027812 0.117804 57.689182  0.831867 0.216419 0.511038  0.069099 0.828951 1 0 1.000000
0  -2.259711 0.338817 59.128189  0.215524 0.964311 0.153796  0.058572 0.832682 1 0 1.000000
0  -2.073519 0.116366 59.264702  0.794024 0.216158 0.568156  0.058572 0.828951 1 0 1.000000
portal_cleanser_Glass
0  5.240974 -7.014926 16.176891  0.570748 -0.788744 -0.228320  0.902175 0.727376 1 0 1.000000
0  6.347915 -5.849388 15.734384  0.381069 -0.484430 -0.787473  0.898917 0.706909 1 0 1.000000
0  6.488477 -6.043420 16.157221  0.618143 -0.751511 -0.230502  0.902175 0.706909 1 0 1.000000
portal_cleanser_Glass
0  7.708064 -4.749174 16.141937  0.756320 -0.619657 -0.209775  0.902175 0.684195 1 0 1.000000
0  7.916405 -4.108930 15.707314  0.520666 -0.369975 -0.769432  0.898917 0.675924 1 0 1.000000
0  8.107290 -4.238579 16.143581  0.791475 -0.573804 -0.210515  0.902175 0.675924 1 0 1.000000
portal_cleanser_Glass
0  9.005873 -2.745162 16.156420  0.900643 -0.367930 -0.231237  0.745114 0.057124 1 0 1.000000
0  8.707151 -2.448810 15.865244  0.268138 0.961854 -0.054216  0.743714 0.050269 1 0 1.000000
0  8.909266 -2.500776 16.176477  0.367053 0.928798 -0.051048  0.745633 0.053308 1 0 1.000000
portal_cleanser_Glass
0  -1.042977 -0.120232 -57.675858  0.832559 -0.217197 -0.509580  0.732512 0.826211 1 0 1.000000
0  -2.265653 -0.340106 -59.118114  0.212258 -0.965283 -0.152233  0.743021 0.822479 1 0 1.000000
0  -2.077372 -0.118094 -59.253574  0.794032 -0.216821 -0.567893  0.743021 0.826211 1 0 1.000000
portal_cleanser_Glass
0  8.503222 -2.956783 17.053034  0.451864 -0.230018 0.861923  0.908928 0.658911 1 0 1.000000
0  8.970236 -2.724725 16.661108  0.859477 -0.345131 0.377072  0.905643 0.653863 1 0 1.000000
0  8.679514 -2.615971 17.048639  0.479869 -0.137542 0.866492  0.908928 0.653863 1 0 1.000000
portal_cleanser_Glass
0  8.076124 -4.214359 16.672909  0.758534 -0.548445 0.351902  0.905643 0.675924 1 0 1.000000
0  7.451960 -4.537444 17.075933  0.404003 -0.332682 0.852118  0.908928 0.684195 1 0 1.000000
0  7.678458 -4.723802 16.673397  0.724871 -0.593691 0.349418  0.905643 0.684195 1 0 1.000000
portal_cleanser_Glass
0  8.138772 -4.836647 8.623883  0.753059 -0.607544 -0.252573  0.877917 0.738116 1 0 1.000000
0  8.335070 -4.169771 8.198101  0.495850 -0.346720 -0.796190  0.874654 0.729687 1 0 1.000000
0  8.539608 -4.313043 8.624554  0.789746 -0.559244 -0.252086  0.877917 0.729687 1 0 1.000000
portal_cleanser_Glass
0  5.208390 6.998961 16.675781  0.550145 0.750411 0.366365  0.813591 0.842552 1 0 1.000000
0  6.280919 5.784006 17.052521  0.318489 0.393215 0.862523  0.810307 0.822085 1 0 1.000000
0  6.461932 6.018976 16.663319  0.596451 0.715516 0.363708  0.813591 0.822085 1 0 1.000000
portal_cleanser_Glass
0  -5.467544 -0.349752 -62.575600  0.142870 -0.970839 -0.192507  0.769664 0.822479 1 0 1.000000
0  -4.950566 -0.385027 -61.709648  0.071601 -0.994363 -0.078204  0.764289 0.818592 1 0 1.000000
0  -5.666373 -0.384861 -62.293781  0.061394 -0.994646 -0.083126  0.769664 0.818592 1 0 1.000000
portal_cleanser_Glass
0  -2.544966 0.382992 -58.917309  0.100714 0.992303 -0.072047  0.743021 0.836569 1 0 1.000000
0  -3.419244 0.339868 -60.601765  0.204654 0.964998 -0.164001  0.753594 0.832682 1 0 1.000000
0  -3.676696 0.383622 -60.372936  0.096713 0.992351 -0.076727  0.753594 0.836569 1 0 1.000000
portal_cleanser_Glass
0  9.005871 2.745161 16.156420  0.900665 0.367925 -0.231159  0.817059 0.769039 1 0 1.000000
0  8.593811 3.011731 15.732254  0.556059 0.285675 -0.780505  0.820317 0.774087 1 0 1.000000
0  8.816895 3.099071 16.154757  0.852341 0.473547 -0.221964  0.817059 0.774087 1 0 1.000000
portal_cleanser_Glass
0  5.050763 -6.753474 17.042063  0.292100 -0.418830 0.859802  0.908928 0.727376 1 0 1.000000
0  6.024682 -5.470170 17.121147  -0.025826 0.010831 0.999608  0.911663 0.706909 1 0 1.000000
0  4.854852 -6.396056 17.106720  -0.041081 0.004779 0.999144  0.911663 0.727376 1 0 1.000000
portal_cleanser_Glass
0  5.471977 -6.900716 9.508785  0.304501 -0.455687 0.836438  0.762745 0.070665 1 0 1.000000
0  5.347587 -6.949211 9.476646  -0.231395 -0.662377 0.712540  0.762006 0.071753 1 0 1.000000
0  5.428060 -7.081398 9.322112  -0.334499 -0.853830 0.398855  0.760997 0.069789 1 0 1.000000
portal_cleanser_Glass
0  5.619833 7.134716 9.129794  0.550796 0.763903 0.336267  0.849383 0.744786 1 0 1.000000
0  6.905252 6.156725 8.643660  0.609158 0.743755 -0.275236  0.845951 0.765507 1 0 1.000000
0  5.634261 7.140050 8.665932  0.560690 0.779190 -0.280159  0.845951 0.744786 1 0 1.000000
portal_cleanser_Glass
0  5.378388 7.081166 9.093960  -0.819684 0.572499 0.019074  0.732501 0.070033 1 0 1.000000
0  5.471972 6.900714 9.508785  0.304653 0.455461 0.836505  0.729251 0.070427 1 0 1.000000
0  5.619833 7.134716 9.129794  0.550796 0.763903 0.336267  0.732105 0.066429 1 0 1.000000
portal_cleanser_Glass
0  5.619838 -7.134718 9.129794  0.550776 -0.763949 0.336197  0.881348 0.782006 1 0 1.000000
0  6.714053 -5.933630 9.534118  0.335378 -0.426314 0.840106  0.884602 0.761285 1 0 1.000000
0  5.471977 -6.900716 9.508785  0.304501 -0.455687 0.836438  0.884602 0.782006 1 0 1.000000
portal_cleanser_Glass
0  1.481822 -0.121850 -52.674812  0.897807 -0.214229 -0.384772  0.701200 0.826211 1 0 1.000000
0  0.510726 -0.342330 -54.270355  0.226181 -0.968151 -0.107360  0.711589 0.822479 1 0 1.000000
0  0.721993 -0.121286 -54.369476  0.882524 -0.215410 -0.418031  0.711589 0.826211 1 0 1.000000
portal_cleanser_Glass
0  6.905255 -6.156726 8.643660  0.609176 -0.743749 -0.275213  0.877917 0.761285 1 0 1.000000
0  5.510566 -6.915088 8.258160  0.337581 -0.503299 -0.795443  0.874654 0.782006 1 0 1.000000
0  6.751029 -5.951999 8.227919  0.367826 -0.470623 -0.802009  0.874654 0.761285 1 0 1.000000
portal_cleanser_Glass
0  8.890743 -3.747602 9.151408  0.810694 -0.491648 0.317896  0.881348 0.721170 1 0 1.000000
0  8.296980 -4.148254 9.563341  0.454451 -0.319379 0.831547  0.884602 0.729687 1 0 1.000000
0  8.524944 -4.304912 9.153316  0.774791 -0.549075 0.313394  0.881348 0.729687 1 0 1.000000
portal_cleanser_Glass
0  7.343459 -5.710381 9.146084  0.676319 -0.662308 0.322398  0.881348 0.753179 1 0 1.000000
0  7.539771 -5.088106 9.556146  0.404979 -0.373128 0.834726  0.884602 0.745681 1 0 1.000000
0  7.155847 -5.505490 9.546643  0.381130 -0.392256 0.837183  0.884602 0.753179 1 0 1.000000
portal_cleanser_Glass
0  -1.224958 -0.339350 57.567928  0.222968 -0.965081 0.137493  0.069099 0.822479 1 0 1.000000
0  -2.073517 -0.116390 59.264702  0.794029 -0.216138 0.568156  0.058572 0.826211 1 0 1.000000
0  -2.259686 -0.338840 59.128170  0.215596 -0.964294 0.153802  0.058572 0.822479 1 0 1.000000
portal_cleanser_Glass
0  5.384979 -6.962458 8.290075  -0.198827 -0.699037 -0.686888  0.754268 0.071672 1 0 1.000000
0  5.303523 -6.578048 8.142739  0.018447 -0.090059 -0.995766  0.752669 0.076501 1 0 1.000000
0  5.510566 -6.915088 8.258160  0.337581 -0.503299 -0.795443  0.753534 0.070644 1 0 1.000000
portal_cleanser_Glass
0  0.734585 0.121059 54.372955  0.883075 0.216604 0.416247  0.090052 0.828951 1 0 1.000000
0  -0.306014 0.341114 55.943542  0.225924 0.966492 0.121865  0.079590 0.832682 1 0 1.000000
0  -0.099693 0.119155 56.052174  0.862014 0.217029 0.458072  0.079590 0.828951 1 0 1.000000
portal_cleanser_Glass
0  5.634265 -7.140052 8.665932  0.561599 -0.780463 -0.274743  0.756477 0.066604 1 0 1.000000
0  5.500366 -7.177183 8.671215  -0.250165 -0.939984 -0.232050  0.756723 0.068359 1 0 1.000000
0  5.454780 -7.091532 8.458350  -0.305946 -0.868577 -0.389835  0.755347 0.069717 1 0 1.000000
portal_cleanser_Glass
0  5.287487 -6.901569 8.386513  -0.851320 -0.521734 -0.055215  0.754935 0.073067 1 0 1.000000
0  5.203492 -6.649033 8.189852  -0.587092 -0.450092 -0.672860  0.753527 0.076501 1 0 1.000000
0  5.384979 -6.962458 8.290075  -0.198827 -0.699037 -0.686888  0.754268 0.071672 1 0 1.000000
portal_cleanser_Glass
0  6.495008 5.649804 8.119091  0.037741 0.074847 -0.996481  0.839965 0.765507 1 0 1.000000
0  5.510561 6.915086 8.258160  0.337565 0.503278 -0.795463  0.842689 0.744786 1 0 1.000000
0  6.751025 5.951997 8.227919  0.367823 0.470624 -0.802009  0.842689 0.765507 1 0 1.000000
portal_cleanser_Glass
0  5.634261 7.140050 8.665932  0.560690 0.779190 -0.280159  0.735539 0.066430 1 0 1.000000
0  5.287482 6.901567 8.386513  -0.851377 0.521655 -0.055071  0.737064 0.072870 1 0 1.000000
0  5.389256 7.087489 8.685596  -0.815860 0.575802 -0.053153  0.735142 0.070029 1 0 1.000000
portal_cleanser_Glass
0  7.357743 -5.718318 8.632507  0.687979 -0.676903 -0.261700  0.877917 0.753179 1 0 1.000000
0  7.574393 -5.112289 8.202703  0.441441 -0.406419 -0.799971  0.874654 0.745681 1 0 1.000000
0  7.755045 -5.286522 8.626472  0.722344 -0.642572 -0.255579  0.877917 0.745681 1 0 1.000000
portal_cleanser_Glass
0  6.905255 -6.156726 8.643660  0.609176 -0.743749 -0.275213  0.877917 0.761285 1 0 1.000000
0  7.191062 -5.528320 8.213034  0.414727 -0.429680 -0.802108  0.874654 0.753179 1 0 1.000000
0  7.357743 -5.718318 8.632507  0.687979 -0.676903 -0.261700  0.877917 0.753179 1 0 1.000000
portal_cleanser_Glass
0  -4.497724 0.124919 62.076267  0.673280 0.213450 0.707908  0.037961 0.828951 1 0 1.000000
0  -5.456181 0.349742 62.595459  0.148505 0.970473 0.190075  0.031949 0.832682 1 0 1.000000
0  -5.317719 0.126625 62.789089  0.599033 0.211435 0.772305  0.031949 0.828951 1 0 1.000000
portal_cleanser_Glass
0  7.970127 3.920214 9.649822  0.015406 0.007535 0.999853  0.855364 0.797105 1 0 1.000000
0  7.539768 5.088105 9.556146  0.405204 0.373340 0.834522  0.852637 0.781111 1 0 1.000000
0  7.246221 4.817755 9.641681  0.001811 0.021743 0.999762  0.855364 0.781111 1 0 1.000000
portal_cleanser_Glass
0  -3.676696 0.383622 -60.372936  0.096713 0.992351 -0.076727  0.753594 0.836569 1 0 1.000000
0  -4.043959 0.345105 -61.310501  0.185729 0.967709 -0.170424  0.758913 0.832682 1 0 1.000000
0  -4.287682 0.384601 -61.065910  0.085000 0.993408 -0.076908  0.758913 0.836569 1 0 1.000000
portal_cleanser_Glass
0  3.748721 0.343084 -45.603973  0.235617 0.969293 -0.070400  0.659596 0.832682 1 0 1.000000
0  3.428670 0.122171 -47.438938  0.929713 0.215518 -0.298638  0.669961 0.828951 1 0 1.000000
0  3.205055 0.343073 -47.369034  0.234662 0.969149 -0.075396  0.669961 0.832682 1 0 1.000000
portal_cleanser_Glass
0  7.600972 -4.401728 9.647996  0.009275 -0.016504 0.999821  0.887330 0.738116 1 0 1.000000
0  7.539771 -5.088106 9.556146  0.404979 -0.373128 0.834726  0.884602 0.745681 1 0 1.000000
0  7.910344 -4.653508 9.561710  0.428720 -0.351809 0.832124  0.884602 0.738116 1 0 1.000000
portal_cleanser_Glass
0  7.329600 -5.187872 16.143547  0.727087 -0.652770 -0.212687  0.902175 0.691600 1 0 1.000000
0  7.529006 -4.602936 15.704842  0.491725 -0.405667 -0.770481  0.898917 0.684195 1 0 1.000000
0  7.708064 -4.749174 16.141937  0.756320 -0.619657 -0.209775  0.902175 0.684195 1 0 1.000000
portal_cleanser_Glass
0  9.010588 -3.056146 8.217698  0.531270 -0.270962 -0.802703  0.874654 0.712481 1 0 1.000000
0  8.814138 -2.568832 8.120909  0.106079 0.073214 -0.991659  0.871930 0.707446 1 0 1.000000
0  9.186346 -2.716717 8.225993  0.566812 -0.173774 -0.805311  0.874654 0.707446 1 0 1.000000
portal_cleanser_Glass
0  6.024678 5.470168 17.121147  -0.025859 -0.010872 0.999607  0.807571 0.822085 1 0 1.000000
0  6.709929 5.368396 17.063631  0.360610 0.372382 0.855156  0.810307 0.814174 1 0 1.000000
0  6.280919 5.784006 17.052521  0.318489 0.393215 0.862523  0.810307 0.822085 1 0 1.000000
portal_cleanser_Glass
0  8.764212 -2.553315 9.622964  0.049050 0.096377 0.994135  0.887330 0.707446 1 0 1.000000
0  8.968380 -3.039781 9.547680  0.487529 -0.249334 0.836749  0.884602 0.712481 1 0 1.000000
0  9.143040 -2.702441 9.541100  0.523218 -0.153895 0.838188  0.884602 0.707446 1 0 1.000000
portal_cleanser_Glass
0  6.934691 -5.613075 16.148302  0.693848 -0.685933 -0.219252  0.902175 0.698998 1 0 1.000000
0  6.347915 -5.849388 15.734384  0.381069 -0.484430 -0.787473  0.898917 0.706909 1 0 1.000000
0  6.779750 -5.437544 15.719085  0.435221 -0.453603 -0.777706  0.898917 0.698998 1 0 1.000000
portal_cleanser_Glass
0  8.968380 -3.039781 9.547680  0.487529 -0.249334 0.836749  0.884602 0.712481 1 0 1.000000
0  9.411875 -2.801661 9.142738  0.876601 -0.349326 0.330973  0.881348 0.707446 1 0 1.000000
0  9.143040 -2.702441 9.541100  0.523218 -0.153895 0.838188  0.884602 0.707446 1 0 1.000000
portal_cleanser_Glass
0  8.890743 -3.747602 9.151408  0.810694 -0.491648 0.317896  0.881348 0.721170 1 0 1.000000
0  8.968380 -3.039781 9.547680  0.487529 -0.249334 0.836749  0.884602 0.712481 1 0 1.000000
0  8.648718 -3.610716 9.558937  0.477293 -0.277501 0.833777  0.884602 0.721170 1 0 1.000000
portal_cleanser_Glass
0  9.135090 2.489922 8.364263  0.349390 -0.936280 -0.036135  0.723900 0.050343 1 0 1.000000
0  8.884007 2.403795 8.288511  0.333902 -0.941472 -0.046265  0.724419 0.046885 1 0 1.000000
0  8.866995 2.454186 8.170322  0.321847 -0.668874 -0.670091  0.725293 0.046885 1 0 1.000000
portal_cleanser_Glass
0  7.285549 4.846001 8.093882  0.046750 0.062022 -0.996979  0.839965 0.781111 1 0 1.000000
0  8.335068 4.169769 8.198101  0.495335 0.346367 -0.796664  0.842689 0.797105 1 0 1.000000
0  8.014114 3.944716 8.087435  0.068101 0.041238 -0.996826  0.839965 0.797105 1 0 1.000000
portal_cleanser_Glass
0  8.539608 -4.313043 8.624554  0.789746 -0.559244 -0.252086  0.877917 0.729687 1 0 1.000000
0  8.689001 -3.630020 8.204725  0.520205 -0.302164 -0.798802  0.874654 0.721170 1 0 1.000000
0  8.906164 -3.754974 8.628300  0.826708 -0.501401 -0.255245  0.877917 0.721170 1 0 1.000000
portal_cleanser_Glass
0  7.641993 -4.428741 8.087830  0.057209 -0.053478 -0.996929  0.871930 0.738116 1 0 1.000000
0  7.574393 -5.112289 8.202703  0.441441 -0.406419 -0.799971  0.874654 0.745681 1 0 1.000000
0  7.285552 -4.846002 8.093882  0.046630 -0.062309 -0.996967  0.871930 0.745681 1 0 1.000000
portal_cleanser_Glass
0  8.232643 -2.853560 15.609076  0.113605 -0.028175 -0.993127  0.896189 0.658911 1 0 1.000000
0  8.770811 -2.669898 15.739090  0.585479 -0.189564 -0.788213  0.898917 0.653863 1 0 1.000000
0  8.593813 -3.011733 15.732254  0.556053 -0.285728 -0.780490  0.898917 0.658911 1 0 1.000000
portal_cleanser_Glass
0  8.350452 -3.430522 8.095081  0.076066 -0.025909 -0.996766  0.871930 0.721170 1 0 1.000000
0  9.010588 -3.056146 8.217698  0.531270 -0.270962 -0.802703  0.874654 0.712481 1 0 1.000000
0  8.689001 -3.630020 8.204725  0.520205 -0.302164 -0.798802  0.874654 0.721170 1 0 1.000000
portal_cleanser_Glass
0  8.124843 -4.827913 9.152241  0.739127 -0.596569 0.312725  0.881348 0.738116 1 0 1.000000
0  8.539608 -4.313043 8.624554  0.789746 -0.559244 -0.252086  0.877917 0.729687 1 0 1.000000
0  8.524944 -4.304912 9.153316  0.774791 -0.549075 0.313394  0.881348 0.729687 1 0 1.000000
portal_cleanser_Glass
0  8.906164 -3.754974 8.628300  0.826708 -0.501401 -0.255245  0.877917 0.721170 1 0 1.000000
0  9.226446 -3.153241 9.145849  0.830231 -0.453852 0.323627  0.881348 0.712481 1 0 1.000000
0  8.890743 -3.747602 9.151408  0.810694 -0.491648 0.317896  0.881348 0.721170 1 0 1.000000
portal_cleanser_Glass
0  7.755045 -5.286522 8.626472  0.722344 -0.642572 -0.255579  0.877917 0.745681 1 0 1.000000
0  7.946194 -4.676881 8.197657  0.467631 -0.381595 -0.797312  0.874654 0.738116 1 0 1.000000
0  8.138772 -4.836647 8.623883  0.753059 -0.607544 -0.252573  0.877917 0.738116 1 0 1.000000
portal_cleanser_Glass
0  9.428671 -2.806843 8.637377  0.894140 -0.359304 -0.267236  0.877917 0.707446 1 0 1.000000
0  9.010588 -3.056146 8.217698  0.531270 -0.270962 -0.802703  0.874654 0.712481 1 0 1.000000
0  9.186346 -2.716717 8.225993  0.566812 -0.173774 -0.805311  0.874654 0.707446 1 0 1.000000
portal_cleanser_Glass
0  9.010588 -3.056146 8.217698  0.531270 -0.270962 -0.802703  0.874654 0.712481 1 0 1.000000
0  8.906164 -3.754974 8.628300  0.826708 -0.501401 -0.255245  0.877917 0.721170 1 0 1.000000
0  8.689001 -3.630020 8.204725  0.520205 -0.302164 -0.798802  0.874654 0.721170 1 0 1.000000
portal_cleanser_Glass
0  5.389261 -7.087491 8.685596  -0.815803 -0.575892 -0.053041  0.756861 0.070219 1 0 1.000000
0  5.486995 -7.171375 9.120802  -0.270763 -0.931356 0.243440  0.759676 0.068402 1 0 1.000000
0  5.378393 -7.081168 9.093960  -0.819665 -0.572530 0.018949  0.759502 0.070247 1 0 1.000000
portal_cleanser_Glass
0  5.012416 -6.937129 16.871395  -0.417071 -0.832566 0.364534  0.687690 0.069940 1 0 1.000000
0  5.208395 -6.998964 16.675781  0.550057 -0.750495 0.366326  0.686529 0.066899 1 0 1.000000
0  5.050763 -6.753474 17.042063  0.292100 -0.418830 0.859802  0.689365 0.070808 1 0 1.000000
portal_cleanser_Glass
0  4.928063 -6.800626 17.014652  -0.266295 -0.617162 0.740404  0.688649 0.071884 1 0 1.000000
0  4.759725 -6.467050 17.066715  -0.670301 -0.340451 0.659386  0.689357 0.076671 1 0 1.000000
0  4.855014 -6.730703 16.915314  -0.874971 -0.483725 -0.020869  0.688069 0.073276 1 0 1.000000
portal_cleanser_Glass
0  6.461932 6.018976 16.663319  0.596451 0.715516 0.363708  0.813591 0.822085 1 0 1.000000
0  5.240969 7.014924 16.176891  0.570876 0.788659 -0.228293  0.817059 0.842552 1 0 1.000000
0  5.208390 6.998961 16.675781  0.550145 0.750411 0.366365  0.813591 0.842552 1 0 1.000000
portal_cleanser_Glass
0  4.989199 6.925976 16.641071  -0.828388 0.559468 -0.027723  0.673178 0.054025 1 0 1.000000
0  5.050759 6.753471 17.042063  0.292453 0.419775 0.859221  0.676338 0.053608 1 0 1.000000
0  5.208390 6.998961 16.675781  0.550145 0.750411 0.366365  0.673481 0.057531 1 0 1.000000
portal_cleanser_Glass
0  5.208395 -6.998964 16.675781  0.550057 -0.750495 0.366326  0.905643 0.727376 1 0 1.000000
0  6.280923 -5.784008 17.052521  0.318509 -0.393221 0.862513  0.908928 0.706909 1 0 1.000000
0  5.050763 -6.753474 17.042063  0.292100 -0.418830 0.859802  0.908928 0.727376 1 0 1.000000
portal_cleanser_Glass
0  8.127598 -2.793024 17.116766  -0.022549 0.041469 0.998885  0.911663 0.658911 1 0 1.000000
0  8.186007 -3.521134 17.066174  0.447029 -0.257390 0.856689  0.908928 0.667520 1 0 1.000000
0  8.503222 -2.956783 17.053034  0.451864 -0.230018 0.861923  0.908928 0.658911 1 0 1.000000
portal_cleanser_Glass
0  6.024682 -5.470170 17.121147  -0.025826 0.010831 0.999608  0.911663 0.706909 1 0 1.000000
0  6.709933 -5.368398 17.063631  0.360534 -0.371831 0.855428  0.908928 0.698998 1 0 1.000000
0  6.432913 -5.076170 17.133083  -0.031421 0.004839 0.999494  0.911663 0.698998 1 0 1.000000
portal_cleanser_Glass
0  6.907674 -5.586363 16.667234  0.666090 -0.655492 0.355885  0.905643 0.698998 1 0 1.000000
0  7.329600 -5.187872 16.143547  0.727087 -0.652770 -0.212687  0.902175 0.691600 1 0 1.000000
0  7.301295 -5.161520 16.671217  0.696845 -0.625331 0.351237  0.905643 0.691600 1 0 1.000000
portal_cleanser_Glass
0  6.907674 -5.586363 16.667234  0.666090 -0.655492 0.355885  0.905643 0.698998 1 0 1.000000
0  7.088294 -4.959692 17.072010  0.382924 -0.354291 0.853139  0.908928 0.691600 1 0 1.000000
0  6.709933 -5.368398 17.063631  0.360534 -0.371831 0.855428  0.908928 0.698998 1 0 1.000000
portal_cleanser_Glass
0  -4.728281 0.348797 -61.974033  0.162878 0.970067 -0.180111  0.764289 0.832682 1 0 1.000000
0  -3.876989 0.125400 -61.476143  0.708490 0.215459 -0.672026  0.758913 0.828951 1 0 1.000000
0  -4.574651 0.130016 -62.154903  0.650017 0.213477 -0.729318  0.764289 0.828951 1 0 1.000000
portal_cleanser_Glass
0  5.050763 -6.753474 17.042063  0.292100 -0.418830 0.859802  0.689365 0.070808 1 0 1.000000
0  4.759725 -6.467050 17.066715  -0.670301 -0.340451 0.659386  0.689357 0.076671 1 0 1.000000
0  4.928063 -6.800626 17.014652  -0.266295 -0.617162 0.740404  0.688649 0.071884 1 0 1.000000
portal_cleanser_Glass
0  6.347911 5.849386 15.734384  0.381023 0.484422 -0.787500  0.820317 0.822085 1 0 1.000000
0  4.941752 6.451855 15.645064  0.029405 0.102873 -0.994260  0.823045 0.842552 1 0 1.000000
0  5.126773 6.801994 15.760325  0.353996 0.515266 -0.780505  0.820317 0.842552 1 0 1.000000
portal_cleanser_Glass
0  5.022759 6.937166 16.191990  -0.827023 0.559231 -0.057394  0.670245 0.054045 1 0 1.000000
0  5.126773 6.801994 15.760325  0.353996 0.515266 -0.780505  0.666960 0.053599 1 0 1.000000
0  4.928927 6.760516 15.873694  -0.872230 0.484731 -0.065193  0.668243 0.051188 1 0 1.000000
portal_cleanser_Glass
0  6.513686 -5.154045 15.595779  0.062793 -0.098028 -0.993201  0.896189 0.698998 1 0 1.000000
0  7.161747 -5.027744 15.708881  0.464912 -0.431180 -0.773266  0.898917 0.691600 1 0 1.000000
0  6.779750 -5.437544 15.719085  0.435221 -0.453603 -0.777706  0.898917 0.698998 1 0 1.000000
portal_cleanser_Glass
0  5.240974 -7.014926 16.176891  0.570748 -0.788744 -0.228320  0.682926 0.066892 1 0 1.000000
0  5.117641 -7.041964 16.178585  -0.362059 -0.915243 -0.176756  0.683128 0.068502 1 0 1.000000
0  5.076225 -6.964131 15.951391  -0.412022 -0.852099 -0.322747  0.681682 0.069853 1 0 1.000000
portal_cleanser_Glass
0  7.088291 4.959692 17.072010  0.382804 0.354202 0.853230  0.810307 0.806776 1 0 1.000000
0  7.141128 4.282972 17.145901  -0.021754 -0.014867 0.999653  0.807571 0.799371 1 0 1.000000
0  7.451957 4.537443 17.075933  0.403838 0.332678 0.852197  0.810307 0.799371 1 0 1.000000
portal_cleanser_Glass
0  8.877996 -2.483582 16.613197  0.362634 0.931558 0.026381  0.748456 0.053328 1 0 1.000000
0  8.679514 -2.615971 17.048639  0.479869 -0.137542 0.866492  0.751913 0.052750 1 0 1.000000
0  8.970236 -2.724725 16.661108  0.859477 -0.345131 0.377072  0.748927 0.057099 1 0 1.000000
portal_cleanser_Glass
0  6.779750 -5.437544 15.719085  0.435221 -0.453603 -0.777706  0.898917 0.698998 1 0 1.000000
0  6.101222 -5.544841 15.612804  0.049854 -0.096495 -0.994084  0.896189 0.706909 1 0 1.000000
0  6.513686 -5.154045 15.595779  0.062793 -0.098028 -0.993201  0.896189 0.698998 1 0 1.000000
portal_cleanser_Glass
0  9.005873 -2.745162 16.156420  0.900643 -0.367930 -0.231237  0.745114 0.057124 1 0 1.000000
0  8.877996 -2.483582 16.613197  0.362634 0.931558 0.026381  0.748456 0.053328 1 0 1.000000
0  8.970236 -2.724725 16.661108  0.859477 -0.345131 0.377072  0.748927 0.057099 1 0 1.000000
portal_cleanser_Glass
0  7.505462 3.816660 17.143990  -0.016709 -0.024130 0.999569  0.807571 0.791100 1 0 1.000000
0  8.186005 3.521133 17.066174  0.446902 0.257363 0.856763  0.810307 0.782696 1 0 1.000000
0  7.834823 4.046598 17.074446  0.427076 0.300166 0.852940  0.810307 0.791100 1 0 1.000000
portal_cleanser_Glass
0  1.968268 0.343044 -50.867893  0.230582 0.968950 -0.089265  0.690805 0.832682 1 0 1.000000
0  1.481825 0.121858 -52.674805  0.897817 0.214235 -0.384744  0.701200 0.828951 1 0 1.000000
0  1.267988 0.342946 -52.581734  0.227769 0.968795 -0.097766  0.701200 0.832682 1 0 1.000000
portal_cleanser_Glass
0  7.141131 -4.282974 17.145901  -0.021725 0.014860 0.999654  0.911663 0.684195 1 0 1.000000
0  7.088294 -4.959692 17.072010  0.382924 -0.354291 0.853139  0.908928 0.691600 1 0 1.000000
0  7.451960 -4.537444 17.075933  0.404003 -0.332682 0.852118  0.908928 0.684195 1 0 1.000000
portal_cleanser_Glass
0  8.280655 -2.485383 17.107290  -0.011891 0.118481 0.992885  0.911663 0.653863 1 0 1.000000
0  8.503222 -2.956783 17.053034  0.451864 -0.230018 0.861923  0.908928 0.658911 1 0 1.000000
0  8.679514 -2.615971 17.048639  0.479869 -0.137542 0.866492  0.908928 0.653863 1 0 1.000000
portal_cleanser_Glass
0  7.678458 -4.723802 16.673397  0.724871 -0.593691 0.349418  0.905643 0.684195 1 0 1.000000
0  8.107290 -4.238579 16.143581  0.791475 -0.573804 -0.210515  0.902175 0.675924 1 0 1.000000
0  8.076124 -4.214359 16.672909  0.758534 -0.548445 0.351902  0.905643 0.675924 1 0 1.000000
portal_cleanser_Glass
0  7.678458 -4.723802 16.673397  0.724871 -0.593691 0.349418  0.905643 0.684195 1 0 1.000000
0  7.088294 -4.959692 17.072010  0.382924 -0.354291 0.853139  0.908928 0.691600 1 0 1.000000
0  7.301295 -5.161520 16.671217  0.696845 -0.625331 0.351237  0.905643 0.691600 1 0 1.000000
portal_cleanser_Glass
0  -0.116955 0.120359 -56.050724  0.861172 0.216724 -0.459797  0.722068 0.828951 1 0 1.000000
0  -1.242050 0.341631 -57.554066  0.218039 0.966713 -0.133885  0.732512 0.832682 1 0 1.000000
0  -0.321779 0.342129 -55.938808  0.223532 0.967441 -0.118705  0.722068 0.832682 1 0 1.000000
portal_cleanser_Glass
0  8.503222 -2.956783 17.053034  0.451864 -0.230018 0.861923  0.908928 0.658911 1 0 1.000000
0  8.444397 -3.667477 16.668898  0.794065 -0.489907 0.359794  0.905643 0.667520 1 0 1.000000
0  8.782169 -3.077863 16.662693  0.813383 -0.450080 0.368559  0.905643 0.658911 1 0 1.000000
portal_cleanser_Glass
0  -5.317719 0.126625 62.789089  0.599033 0.211435 0.772305  0.031949 0.828951 1 0 1.000000
0  -6.257493 0.349320 63.144779  0.121785 0.970054 0.210150  0.026455 0.832682 1 0 1.000000
0  -6.145524 0.125767 63.354389  0.489857 0.209344 0.846295  0.026455 0.828951 1 0 1.000000
portal_cleanser_Glass
0  -6.260239 0.347178 -63.117031  0.121941 0.969406 -0.213032  0.775089 0.832682 1 0 1.000000
0  -5.329687 0.130022 -62.768951  0.583018 0.211757 -0.784378  0.769664 0.828951 1 0 1.000000
0  -6.145845 0.124875 -63.323399  0.490165 0.209296 -0.846129  0.775089 0.828951 1 0 1.000000
portal_cleanser_Glass
0  7.600341 3.886383 15.580023  0.103709 0.063097 -0.992604  0.823045 0.791100 1 0 1.000000
0  8.272654 3.580112 15.716900  0.546030 0.320533 -0.774022  0.820317 0.782696 1 0 1.000000
0  7.936363 3.385960 15.590858  0.113195 0.042772 -0.992652  0.823045 0.782696 1 0 1.000000
portal_cleanser_Glass
0  7.229737 -4.357389 15.578611  0.090464 -0.078410 -0.992808  0.896189 0.684195 1 0 1.000000
0  7.161747 -5.027744 15.708881  0.464912 -0.431180 -0.773266  0.898917 0.691600 1 0 1.000000
0  6.877764 -4.764547 15.583506  0.076783 -0.089656 -0.993009  0.896189 0.691600 1 0 1.000000
portal_cleanser_Glass
0  7.600344 -3.886384 15.580023  0.103710 -0.063125 -0.992602  0.896189 0.675924 1 0 1.000000
0  7.529006 -4.602936 15.704842  0.491725 -0.405667 -0.770481  0.898917 0.684195 1 0 1.000000
0  7.229737 -4.357389 15.578611  0.090464 -0.078410 -0.992808  0.896189 0.684195 1 0 1.000000
portal_cleanser_Glass
0  9.005873 -2.745162 16.156420  0.900643 -0.367930 -0.231237  0.902175 0.653863 1 0 1.000000
0  8.593813 -3.011733 15.732254  0.556053 -0.285728 -0.780490  0.898917 0.658911 1 0 1.000000
0  8.770811 -2.669898 15.739090  0.585479 -0.189564 -0.788213  0.898917 0.653863 1 0 1.000000
portal_cleanser_Glass
0  8.272655 -3.580114 15.716900  0.546367 -0.320690 -0.773719  0.898917 0.667520 1 0 1.000000
0  8.816896 -3.099072 16.154757  0.852341 -0.473547 -0.221964  0.902175 0.658911 1 0 1.000000
0  8.477392 -3.690386 16.148384  0.830148 -0.514320 -0.215242  0.902175 0.667520 1 0 1.000000
portal_cleanser_Glass
0  7.936365 -3.385962 15.590858  0.113218 -0.042812 -0.992647  0.896189 0.667520 1 0 1.000000
0  8.593813 -3.011733 15.732254  0.556053 -0.285728 -0.780490  0.898917 0.658911 1 0 1.000000
0  8.272655 -3.580114 15.716900  0.546367 -0.320690 -0.773719  0.898917 0.667520 1 0 1.000000
portal_cleanser_Glass
0  7.343459 -5.710381 9.146084  0.676319 -0.662308 0.322398  0.881348 0.753179 1 0 1.000000
0  6.714053 -5.933630 9.534118  0.335378 -0.426314 0.840106  0.884602 0.761285 1 0 1.000000
0  6.889693 -6.151429 9.141526  0.598962 -0.727788 0.334020  0.881348 0.761285 1 0 1.000000
portal_cleanser_Glass
0  5.287482 6.901567 8.386513  -0.851377 0.521655 -0.055071  0.737064 0.072870 1 0 1.000000
0  5.303519 6.578045 8.142739  0.018036 0.089806 -0.995796  0.739330 0.076291 1 0 1.000000
0  5.158961 6.674583 8.305040  -0.859173 0.507129 -0.068127  0.737624 0.076291 1 0 1.000000
portal_cleanser_Glass
0  0.199250 0.383257 -54.124352  0.106315 0.993049 -0.050508  0.711589 0.836569 1 0 1.000000
0  -0.321779 0.342129 -55.938808  0.223532 0.967441 -0.118705  0.722068 0.832682 1 0 1.000000
0  -0.623694 0.383258 -55.773438  0.104690 0.992927 -0.055998  0.722068 0.836569 1 0 1.000000
portal_cleanser_Glass
0  -7.128915 0.349659 63.567673  0.091451 0.969418 0.227738  0.020975 0.832682 1 0 1.000000
0  -8.131811 0.383955 63.511570  0.021278 0.995196 0.095557  0.015506 0.836568 1 0 1.000000
0  -8.054869 0.350380 63.848221  0.052811 0.968668 0.242680  0.015506 0.832682 1 0 1.000000
portal_cleanser_Glass
0  6.461936 -6.018978 16.663319  0.596434 -0.715524 0.363721  0.905643 0.706909 1 0 1.000000
0  6.709933 -5.368398 17.063631  0.360534 -0.371831 0.855428  0.908928 0.698998 1 0 1.000000
0  6.280923 -5.784008 17.052521  0.318509 -0.393221 0.862513  0.908928 0.706909 1 0 1.000000
portal_cleanser_Glass
0  5.126777 -6.801997 15.760325  0.353798 -0.515474 -0.780457  0.679989 0.070789 1 0 1.000000
0  4.847610 -6.515177 15.684759  -0.638166 -0.417402 -0.646931  0.679950 0.076671 1 0 1.000000
0  4.941756 -6.451858 15.645064  0.029530 -0.102859 -0.994258  0.679152 0.076671 1 0 1.000000
portal_cleanser_Glass
0  9.508368 0.343134 0.001325  0.245613 0.969368 -0.000107  0.400817 0.832682 1 0 1.000000
0  9.729717 0.122110 -1.844726  0.976386 0.215798 -0.010045  0.411160 0.828951 1 0 1.000000
0  9.496124 0.343133 -1.842119  0.245383 0.969423 -0.002517  0.411160 0.832682 1 0 1.000000
portal_cleanser_Glass
0  0.734585 -0.121079 54.372959  0.883053 -0.216709 0.416238  0.090052 0.826211 1 0 1.000000
0  -0.306013 -0.341132 55.943539  0.226355 -0.966500 0.121001  0.079590 0.822479 1 0 1.000000
0  0.522371 -0.342726 54.275894  0.227219 -0.967882 0.107593  0.090052 0.822479 1 0 1.000000
portal_cleanser_Glass
0  -3.909307 0.345142 61.125557  0.187657 0.967790 0.167833  0.043987 0.832682 1 0 1.000000
0  -4.873284 0.384872 61.630768  0.074698 0.994290 0.076211  0.037961 0.836568 1 0 1.000000
0  -4.651192 0.348141 61.895618  0.169827 0.969678 0.175736  0.037961 0.832682 1 0 1.000000
portal_cleanser_Glass
0  8.970236 -2.724725 16.661108  0.859477 -0.345131 0.377072  0.905643 0.653863 1 0 1.000000
0  8.816896 -3.099072 16.154757  0.852341 -0.473547 -0.221964  0.902175 0.658911 1 0 1.000000
0  9.005873 -2.745162 16.156420  0.900643 -0.367930 -0.231237  0.902175 0.653863 1 0 1.000000
portal_cleanser_Glass
0  5.125384 -6.660260 9.435756  -0.863087 -0.504326 0.027144  0.761882 0.076501 1 0 1.000000
0  5.287487 -6.901569 8.386513  -0.851320 -0.521734 -0.055215  0.754935 0.073067 1 0 1.000000
0  5.258033 -6.889093 9.374070  -0.854445 -0.519273 0.016714  0.761349 0.073133 1 0 1.000000
portal_cleanser_Glass
0  4.731864 -6.491485 16.961277  -0.886936 -0.461763 -0.010910  0.688583 0.076671 1 0 1.000000
0  4.928931 -6.760520 15.873694  -0.872241 -0.484720 -0.065136  0.681268 0.073209 1 0 1.000000
0  4.855014 -6.730703 16.915314  -0.874971 -0.483725 -0.020869  0.688069 0.073276 1 0 1.000000
portal_cleanser_Glass
0  8.634652 -2.406681 16.899254  0.263611 0.964523 0.014300  0.750445 0.050320 1 0 1.000000
0  8.442211 -2.386985 15.779189  0.240382 0.968675 -0.062330  0.743173 0.046701 1 0 1.000000
0  8.359303 -2.341687 16.945913  0.233733 0.972108 0.019386  0.751012 0.046701 1 0 1.000000
portal_cleanser_Glass
0  9.099252 -2.481937 9.394218  0.346184 0.937155 0.043555  0.699040 0.052190 1 0 1.000000
0  8.884008 -2.403796 8.288511  0.333707 0.941583 -0.045405  0.691819 0.048698 1 0 1.000000
0  8.843500 -2.394766 9.454762  0.330527 0.942350 0.052233  0.699579 0.048698 1 0 1.000000
portal_cleanser_Glass
0  9.135090 2.489922 8.364263  0.349390 -0.936280 -0.036135  0.723900 0.050343 1 0 1.000000
0  9.340370 2.556801 8.668246  0.403749 -0.914085 -0.037881  0.721963 0.053304 1 0 1.000000
0  9.324833 2.554226 9.100736  0.399605 -0.915279 0.050796  0.719174 0.053288 1 0 1.000000
portal_cleanser_Glass
0  9.135090 2.489922 8.364263  0.349390 -0.936280 -0.036135  0.723900 0.050343 1 0 1.000000
0  9.324833 2.554226 9.100736  0.399605 -0.915279 0.050796  0.719174 0.053288 1 0 1.000000
0  9.099250 2.481936 9.394218  0.346302 -0.937100 0.043795  0.717209 0.050360 1 0 1.000000
portal_cleanser_Glass
0  8.707150 2.448808 15.865244  0.268105 -0.961869 -0.054113  0.706317 0.073313 1 0 1.000000
0  8.909264 2.500775 16.176477  0.367029 -0.928812 -0.050972  0.708255 0.070284 1 0 1.000000
0  8.877995 2.483582 16.613197  0.362525 -0.931601 0.026349  0.711081 0.070289 1 0 1.000000
portal_cleanser_Glass
0  8.707150 2.448808 15.865244  0.268105 -0.961869 -0.054113  0.706317 0.073313 1 0 1.000000
0  8.877995 2.483582 16.613197  0.362525 -0.931601 0.026349  0.711081 0.070289 1 0 1.000000
0  8.634650 2.406680 16.899254  0.263460 -0.964565 0.014272  0.713060 0.073293 1 0 1.000000
portal_cleanser_Glass
0  5.258029 6.889090 9.374070  -0.854488 0.519209 0.016521  0.730641 0.072912 1 0 1.000000
0  5.378388 7.081166 9.093960  -0.819684 0.572499 0.019074  0.732501 0.070033 1 0 1.000000
0  5.389256 7.087489 8.685596  -0.815860 0.575802 -0.053153  0.735142 0.070029 1 0 1.000000
portal_cleanser_Glass
0  5.258029 6.889090 9.374070  -0.854488 0.519209 0.016521  0.730641 0.072912 1 0 1.000000
0  5.389256 7.087489 8.685596  -0.815860 0.575802 -0.053153  0.735142 0.070029 1 0 1.000000
0  5.287482 6.901567 8.386513  -0.851377 0.521655 -0.055071  0.737064 0.072870 1 0 1.000000
portal_cleanser_Glass
0  4.855010 6.730699 16.915314  -0.874979 0.483707 -0.020955  0.675044 0.051137 1 0 1.000000
0  4.989199 6.925976 16.641071  -0.828388 0.559468 -0.027723  0.673178 0.054025 1 0 1.000000
0  5.022759 6.937166 16.191990  -0.827023 0.559231 -0.057394  0.670245 0.054045 1 0 1.000000
portal_cleanser_Glass
0  4.855010 6.730699 16.915314  -0.874979 0.483707 -0.020955  0.675044 0.051137 1 0 1.000000
0  5.022759 6.937166 16.191990  -0.827023 0.559231 -0.057394  0.670245 0.054045 1 0 1.000000
0  4.928927 6.760516 15.873694  -0.872230 0.484731 -0.065193  0.668243 0.051188 1 0 1.000000
portal_cleanser_Glass
0  3.971137 0.122032 45.674431  0.935809 0.214735 0.279554  0.142021 0.828951 1 0 1.000000
0  3.203547 0.343277 47.373653  0.234464 0.969186 0.075535  0.131656 0.832682 1 0 1.000000
0  3.427217 0.122166 47.443554  0.930112 0.215230 0.297603  0.131656 0.828951 1 0 1.000000
portal_cleanser_Glass
0  -6.257496 -0.349350 63.144779  0.121772 -0.970063 0.210118  0.026455 0.822479 1 0 1.000000
0  -5.317718 -0.126653 62.789089  0.598995 -0.211438 0.772333  0.031949 0.826211 1 0 1.000000
0  -6.145522 -0.125796 63.354389  0.489836 -0.209332 0.846310  0.026455 0.826211 1 0 1.000000
portal_cleanser_Glass
0  -8.981277 0.121581 -64.222359  0.100317 0.212609 -0.971974  0.791521 0.828951 1 0 1.000000
0  -9.976237 0.341372 -64.046478  0.013889 0.965944 -0.258379  0.796999 0.832682 1 0 1.000000
0  -9.007361 0.342250 -63.990440  0.024935 0.966990 -0.253590  0.791521 0.832682 1 0 1.000000
portal_cleanser_Glass
0  -4.873288 -0.384900 61.630768  0.074699 -0.994290 0.076213  0.037961 0.818592 1 0 1.000000
0  -3.909325 -0.345172 61.125561  0.187680 -0.967780 0.167866  0.043987 0.822479 1 0 1.000000
0  -4.651194 -0.348168 61.895618  0.169811 -0.969679 0.175745  0.037961 0.822479 1 0 1.000000
portal_cleanser_Glass
0  0.522369 0.342692 54.275883  0.227239 0.967874 0.107626  0.090052 0.832682 1 0 1.000000
0  -0.610573 0.383198 55.783852  0.106870 0.992624 0.057233  0.079590 0.836568 1 0 1.000000
0  -0.306014 0.341114 55.943542  0.225924 0.966492 0.121865  0.079590 0.832682 1 0 1.000000
portal_cleanser_Glass
0  -0.099693 0.119155 56.052174  0.862014 0.217029 0.458072  0.079590 0.828951 1 0 1.000000
0  -1.224960 0.339326 57.567932  0.222943 0.965089 0.137473  0.069099 0.832682 1 0 1.000000
0  -1.027812 0.117804 57.689182  0.831867 0.216419 0.511038  0.069099 0.828951 1 0 1.000000
portal_cleanser_Glass
0  7.161745 5.027743 15.708881  0.464864 0.431144 -0.773315  0.820317 0.806776 1 0 1.000000
0  6.513683 5.154043 15.595779  0.063001 0.098525 -0.993138  0.823045 0.814174 1 0 1.000000
0  6.779746 5.437542 15.719085  0.435365 0.454138 -0.777313  0.820317 0.814174 1 0 1.000000
portal_cleanser_Glass
0  -9.018108 0.349349 63.989819  0.025108 0.967933 0.249952  0.010003 0.832682 1 0 1.000000
0  -9.979334 0.384071 63.694477  0.003683 0.994473 0.104932  0.004489 0.836568 1 0 1.000000
0  -9.994369 0.346048 64.039696  0.010732 0.966043 0.258160  0.004489 0.832682 1 0 1.000000
portal_cleanser_Glass
0  8.524944 -4.304912 9.153316  0.774791 -0.549075 0.313394  0.881348 0.729687 1 0 1.000000
0  8.906164 -3.754974 8.628300  0.826708 -0.501401 -0.255245  0.877917 0.721170 1 0 1.000000
0  8.890743 -3.747602 9.151408  0.810694 -0.491648 0.317896  0.881348 0.721170 1 0 1.000000
portal_cleanser_Glass
0  -3.743312 0.121747 61.291458  0.721987 0.215629 0.657449  0.043987 0.828951 1 0 1.000000
0  -4.651192 0.348141 61.895618  0.169827 0.969678 0.175736  0.037961 0.832682 1 0 1.000000
0  -4.497724 0.124919 62.076267  0.673280 0.213450 0.707908  0.037961 0.828951 1 0 1.000000
portal_cleanser_Glass
0  -5.329277 -0.126660 -62.768730  0.583582 -0.209794 -0.784486  0.769664 0.826211 1 0 1.000000
0  -6.260239 -0.347174 -63.117035  0.121959 -0.969390 -0.213093  0.775089 0.822479 1 0 1.000000
0  -6.145832 -0.124877 -63.323387  0.490566 -0.209089 -0.845947  0.775089 0.826211 1 0 1.000000
portal_cleanser_Glass
0  -3.245199 0.117370 -60.754620  0.758882 0.216322 -0.614250  0.753594 0.828951 1 0 1.000000
0  -4.043959 0.345105 -61.310501  0.185729 0.967709 -0.170424  0.758913 0.832682 1 0 1.000000
0  -3.419244 0.339868 -60.601765  0.204654 0.964998 -0.164001  0.753594 0.832682 1 0 1.000000
portal_cleanser_Glass
0  8.634650 2.406680 16.899254  0.263460 -0.964565 0.014272  0.713060 0.073293 1 0 1.000000
0  8.442209 2.386983 15.779189  0.240309 -0.968699 -0.062239  0.705774 0.076893 1 0 1.000000
0  8.707150 2.448808 15.865244  0.268105 -0.961869 -0.054113  0.706317 0.073313 1 0 1.000000
portal_cleanser_Glass
0  5.347587 -6.949211 9.476646  -0.231395 -0.662377 0.712540  0.762006 0.071753 1 0 1.000000
0  5.162332 -6.632552 9.549942  -0.623590 -0.414503 0.662814  0.762713 0.076501 1 0 1.000000
0  5.258033 -6.889093 9.374070  -0.854445 -0.519273 0.016714  0.761349 0.073133 1 0 1.000000
portal_cleanser_Glass
0  8.968378 3.039780 9.547680  0.487471 0.249326 0.836785  0.852637 0.814311 1 0 1.000000
0  8.524942 4.304912 9.153316  0.774786 0.549058 0.313436  0.849383 0.797105 1 0 1.000000
0  8.296978 4.148253 9.563341  0.454277 0.319335 0.831659  0.852637 0.797105 1 0 1.000000
portal_cleanser_Glass
0  -4.873288 -0.384900 61.630768  0.074699 -0.994290 0.076213  0.037961 0.818592 1 0 1.000000
0  -5.456185 -0.349769 62.595459  0.148520 -0.970471 0.190073  0.031949 0.822479 1 0 1.000000
0  -5.655728 -0.384933 62.312920  0.063304 -0.994758 0.080307  0.031949 0.818592 1 0 1.000000
portal_cleanser_Glass
0  7.614987 0.343222 27.576569  0.242897 0.969381 0.036067  0.245601 0.832682 1 0 1.000000
0  6.996392 0.383296 29.346613  0.114272 0.993284 0.018134  0.235255 0.836568 1 0 1.000000
0  7.336316 0.343225 29.399458  0.242559 0.969372 0.038508  0.235255 0.832682 1 0 1.000000
portal_cleanser_Glass
0  9.672553 -0.122163 5.539193  0.976056 -0.216085 0.024918  0.369777 0.826211 1 0 1.000000
0  9.382466 -0.343185 7.375840  0.245113 -0.969461 0.008051  0.359434 0.822479 1 0 1.000000
0  9.438697 -0.343154 5.533193  0.245491 -0.969379 0.006182  0.369777 0.822479 1 0 1.000000
portal_cleanser_Glass
0  -4.651194 -0.348168 61.895618  0.169811 -0.969679 0.175745  0.037961 0.822479 1 0 1.000000
0  -5.317718 -0.126653 62.789089  0.598995 -0.211438 0.772333  0.031949 0.826211 1 0 1.000000
0  -5.456185 -0.349769 62.595459  0.148520 -0.970471 0.190073  0.031949 0.822479 1 0 1.000000
portal_cleanser_Glass
0  -0.099695 -0.119189 56.052174  0.861999 -0.217023 0.458104  0.079590 0.826211 1 0 1.000000
0  -1.224958 -0.339350 57.567928  0.222968 -0.965081 0.137493  0.069099 0.822479 1 0 1.000000
0  -0.306013 -0.341132 55.943539  0.226355 -0.966500 0.121001  0.079590 0.822479 1 0 1.000000
portal_cleanser_Glass
0  0.721993 -0.121286 -54.369476  0.882524 -0.215410 -0.418031  0.711589 0.826211 1 0 1.000000
0  -0.321785 -0.342113 -55.938816  0.223140 -0.967462 -0.119276  0.722068 0.822479 1 0 1.000000
0  -0.116953 -0.120351 -56.050716  0.861127 -0.216711 -0.459888  0.722068 0.826211 1 0 1.000000
portal_cleanser_Glass
0  2.837758 0.122060 49.216991  0.921533 0.214813 0.323469  0.121218 0.828951 1 0 1.000000
0  1.975910 0.343356 50.873413  0.230215 0.969032 0.089318  0.110826 0.832682 1 0 1.000000
0  2.193230 0.122113 50.959103  0.910089 0.214861 0.354363  0.110826 0.828951 1 0 1.000000
portal_cleanser_Glass
0  9.615873 0.122057 7.383599  0.975866 0.215990 0.032135  0.359434 0.828951 1 0 1.000000
0  9.317469 0.343166 9.216361  0.245395 0.969375 0.009624  0.349103 0.832682 1 0 1.000000
0  9.551211 0.122153 9.224947  0.975630 0.216062 0.038239  0.349103 0.828951 1 0 1.000000
portal_cleanser_Glass
0  3.427215 -0.122183 47.443550  0.930116 -0.215241 0.297581  0.131656 0.826211 1 0 1.000000
0  2.618266 -0.343323 49.137505  0.233015 -0.969032 0.081742  0.121218 0.822479 1 0 1.000000
0  3.203547 -0.343295 47.373657  0.234574 -0.969197 0.075049  0.131656 0.822479 1 0 1.000000
portal_cleanser_Glass
0  4.974051 -0.122194 -42.104069  0.944229 -0.216994 -0.247681  0.638858 0.826211 1 0 1.000000
0  4.262166 -0.343089 -43.829575  0.236741 -0.969300 -0.066417  0.649230 0.822479 1 0 1.000000
0  4.488033 -0.122086 -43.891685  0.940219 -0.215201 -0.263962  0.649230 0.826211 1 0 1.000000
portal_cleanser_Glass
0  8.513959 0.343153 -20.248116  0.244275 0.969412 -0.023881  0.514610 0.832682 1 0 1.000000
0  8.557552 0.122032 -22.106476  0.970687 0.215394 -0.106640  0.524951 0.828951 1 0 1.000000
0  8.325555 0.343132 -22.081738  0.244197 0.969355 -0.026808  0.524951 0.832682 1 0 1.000000
portal_cleanser_Glass
0  5.620018 -0.343266 38.468903  0.239580 -0.969358 0.054288  0.183448 0.822479 1 0 1.000000
0  5.426774 -0.122133 40.314133  0.948458 -0.216375 0.231537  0.173125 0.826211 1 0 1.000000
0  5.198542 -0.343274 40.260303  0.238701 -0.969342 0.058293  0.173125 0.822479 1 0 1.000000
portal_cleanser_Glass
0  0.721992 0.121282 -54.369492  0.882554 0.215462 -0.417941  0.711589 0.828951 1 0 1.000000
0  -0.116953 -0.120351 -56.050716  0.861127 -0.216711 -0.459888  0.722068 0.826211 1 0 1.000000
0  -0.116955 0.120359 -56.050724  0.861172 0.216724 -0.459797  0.722068 0.828951 1 0 1.000000
portal_cleanser_Glass
0  6.607083 -0.122140 34.899315  0.958552 -0.215605 0.186259  0.204179 0.826211 1 0 1.000000
0  6.013370 -0.343261 36.664070  0.240657 -0.969326 0.049906  0.193815 0.822479 1 0 1.000000
0  6.377575 -0.343246 34.853588  0.241226 -0.969356 0.046466  0.204179 0.822479 1 0 1.000000
portal_cleanser_Glass
0  7.846095 -0.122050 27.610270  0.966354 -0.214249 0.142330  0.245601 0.826211 1 0 1.000000
0  7.336318 -0.343236 29.399450  0.242589 -0.969366 0.038478  0.235255 0.822479 1 0 1.000000
0  7.614988 -0.343232 27.576559  0.242963 -0.969376 0.035756  0.245601 0.822479 1 0 1.000000
portal_cleanser_Glass
0  8.111075 -0.343213 23.921356  0.243853 -0.969349 0.029969  0.266298 0.822479 1 0 1.000000
0  8.105145 -0.122034 25.782059  0.967913 -0.214201 0.131388  0.255949 0.826211 1 0 1.000000
0  7.873819 -0.343226 25.750622  0.243323 -0.969383 0.033013  0.255949 0.822479 1 0 1.000000
portal_cleanser_Glass
0  9.729718 -0.122112 -1.844724  0.976405 -0.215715 -0.010029  0.411160 0.826211 1 0 1.000000
0  9.470363 -0.343135 -3.684042  0.245408 -0.969410 -0.004323  0.421494 0.822479 1 0 1.000000
0  9.703938 -0.122109 -3.687718  0.976231 -0.216064 -0.017036  0.421494 0.826211 1 0 1.000000
portal_cleanser_Glass
0  9.352326 -0.121995 12.922594  0.974530 -0.214001 0.067042  0.328367 0.826211 1 0 1.000000
0  8.985206 -0.343206 14.742076  0.244331 -0.969519 0.018318  0.318039 0.822479 1 0 1.000000
0  9.119380 -0.343202 12.905782  0.244741 -0.969442 0.016871  0.328367 0.822479 1 0 1.000000
portal_cleanser_Glass
0  8.921741 -0.122055 18.436592  0.972697 -0.214986 0.087410  0.297360 0.826211 1 0 1.000000
0  8.514081 -0.343222 20.252495  0.244174 -0.969429 0.024229  0.287009 0.822479 1 0 1.000000
0  8.689112 -0.343222 18.416094  0.244539 -0.969391 0.021966  0.297360 0.822479 1 0 1.000000
portal_cleanser_Glass
0  9.741792 -0.122042 0.000608  0.976647 -0.214847 -0.000962  0.400817 0.826211 1 0 1.000000
0  9.496124 -0.343130 -1.842115  0.245343 -0.969433 -0.002584  0.411160 0.822479 1 0 1.000000
0  9.729718 -0.122112 -1.844724  0.976405 -0.215715 -0.010029  0.411160 0.826211 1 0 1.000000
portal_cleanser_Glass
0  -3.245210 -0.117357 -60.754635  0.758830 -0.216045 -0.614412  0.753594 0.826211 1 0 1.000000
0  -4.043931 -0.345091 -61.310490  0.185206 -0.967687 -0.171113  0.758913 0.822479 1 0 1.000000
0  -3.876606 -0.122053 -61.475883  0.708703 -0.213347 -0.672475  0.758913 0.826211 1 0 1.000000
portal_cleanser_Glass
0  2.185234 -0.122096 -50.954853  0.909832 -0.214407 -0.355296  0.690805 0.826211 1 0 1.000000
0  1.267990 -0.342938 -52.581730  0.227903 -0.968804 -0.097355  0.701200 0.822479 1 0 1.000000
0  1.481822 -0.121850 -52.674812  0.897807 -0.214229 -0.384772  0.701200 0.826211 1 0 1.000000
portal_cleanser_Glass
0  9.382466 -0.343185 7.375840  0.245113 -0.969461 0.008051  0.359434 0.822479 1 0 1.000000
0  9.551210 -0.122161 9.224955  0.975626 -0.216085 0.038232  0.349103 0.826211 1 0 1.000000
0  9.317468 -0.343166 9.216352  0.245398 -0.969374 0.009644  0.349103 0.822479 1 0 1.000000
portal_cleanser_Glass
0  4.972844 -0.122204 42.108810  0.944319 -0.216476 0.247791  0.162759 0.826211 1 0 1.000000
0  4.260836 -0.343291 43.834259  0.236567 -0.969320 0.066749  0.152388 0.822479 1 0 1.000000
0  4.745414 -0.343267 42.050964  0.237903 -0.969282 0.062405  0.162759 0.822479 1 0 1.000000
portal_cleanser_Glass
0  6.013370 -0.343261 36.664070  0.240657 -0.969326 0.049906  0.193815 0.822479 1 0 1.000000
0  5.848334 -0.122136 38.522385  0.952458 -0.215328 0.215542  0.183448 0.826211 1 0 1.000000
0  5.620018 -0.343266 38.468903  0.239580 -0.969358 0.054288  0.183448 0.822479 1 0 1.000000
portal_cleanser_Glass
0  7.341782 0.343128 -29.398308  0.242659 0.969350 -0.038435  0.566380 0.832682 1 0 1.000000
0  7.273433 0.122134 -31.256676  0.962740 0.215552 -0.163308  0.576723 0.828951 1 0 1.000000
0  7.042698 0.343123 -31.217398  0.242130 0.969372 -0.041127  0.576723 0.832682 1 0 1.000000
portal_cleanser_Glass
0  7.851693 -0.122107 -27.605322  0.966228 -0.215294 -0.141605  0.556012 0.826211 1 0 1.000000
0  7.341783 -0.343121 -29.398314  0.242632 -0.969366 -0.038205  0.566380 0.822479 1 0 1.000000
0  7.572216 -0.122037 -29.435537  0.964615 -0.214881 -0.152791  0.566380 0.826211 1 0 1.000000
portal_cleanser_Glass
0  6.378542 -0.383311 32.976627  0.113687 -0.993302 0.020637  0.214534 0.818592 1 0 1.000000
0  6.377575 -0.343246 34.853588  0.241226 -0.969356 0.046466  0.204179 0.822479 1 0 1.000000
0  6.039804 -0.383312 34.786186  0.113431 -0.993302 0.022018  0.204179 0.818592 1 0 1.000000
portal_cleanser_Glass
0  7.572216 -0.122037 -29.435537  0.964615 -0.214881 -0.152791  0.566380 0.826211 1 0 1.000000
0  7.042699 -0.343118 -31.217398  0.242126 -0.969373 -0.041115  0.576723 0.822479 1 0 1.000000
0  7.273433 -0.122132 -31.256668  0.962757 -0.215512 -0.163257  0.576723 0.826211 1 0 1.000000
portal_cleanser_Glass
0  5.847698 -0.122202 -38.516548  0.952101 -0.217582 -0.214853  0.618166 0.826211 1 0 1.000000
0  5.199659 -0.343088 -40.255108  0.238907 -0.969263 -0.058769  0.628489 0.822479 1 0 1.000000
0  5.428201 -0.122200 -40.308731  0.948299 -0.217729 -0.230917  0.628489 0.826211 1 0 1.000000
portal_cleanser_Glass
0  8.108492 -0.122116 -25.776941  0.967718 -0.215877 -0.130074  0.545666 0.826211 1 0 1.000000
0  7.620521 -0.343112 -27.572073  0.243055 -0.969359 -0.035615  0.556012 0.822479 1 0 1.000000
0  7.851693 -0.122107 -27.605322  0.966228 -0.215294 -0.141605  0.556012 0.826211 1 0 1.000000
portal_cleanser_Glass
0  9.470362 0.343139 -3.684041  0.245379 0.969418 -0.004296  0.421494 0.832682 1 0 1.000000
0  9.665314 0.122092 -5.534315  0.976208 0.215469 -0.024310  0.431843 0.828951 1 0 1.000000
0  9.431406 0.343164 -5.528234  0.245379 0.969408 -0.006080  0.431843 0.832682 1 0 1.000000
portal_cleanser_Glass
0  8.747584 -0.122188 -20.271233  0.971684 -0.216112 -0.095534  0.514610 0.826211 1 0 1.000000
0  8.325556 -0.343129 -22.081734  0.244180 -0.969361 -0.026735  0.524951 0.822479 1 0 1.000000
0  8.557553 -0.122031 -22.106485  0.970690 -0.215391 -0.106618  0.524951 0.826211 1 0 1.000000
portal_cleanser_Glass
0  9.073212 -0.122123 -16.592541  0.973318 -0.215684 -0.078307  0.493914 0.826211 1 0 1.000000
0  8.685616 -0.343156 -18.411860  0.244474 -0.969414 -0.021640  0.504262 0.822479 1 0 1.000000
0  8.918778 -0.122051 -18.432653  0.972633 -0.215786 -0.086150  0.504262 0.826211 1 0 1.000000
portal_cleanser_Glass
0  -8.054871 -0.350424 63.848221  0.053562 -0.968666 0.242523  0.015506 0.822479 1 0 1.000000
0  -8.995085 -0.122127 64.223320  0.094505 -0.210536 0.973007  0.010003 0.826211 1 0 1.000000
0  -9.018108 -0.349392 63.989819  0.022788 -0.967934 0.250168  0.010003 0.822479 1 0 1.000000
portal_cleanser_Glass
0  9.453910 -0.122090 -11.067782  0.975217 -0.214971 -0.052348  0.462878 0.826211 1 0 1.000000
0  9.111560 -0.343145 -12.899253  0.245039 -0.969383 -0.015877  0.473243 0.822479 1 0 1.000000
0  9.344522 -0.122094 -12.915236  0.974507 -0.215266 -0.063212  0.473243 0.826211 1 0 1.000000
portal_cleanser_Glass
0  7.876984 -0.343112 -25.745874  0.243393 -0.969375 -0.032745  0.545666 0.822479 1 0 1.000000
0  7.279493 -0.383285 -27.522957  0.114590 -0.993271 -0.016780  0.556012 0.818592 1 0 1.000000
0  7.620521 -0.343112 -27.572073  0.243055 -0.969359 -0.035615  0.556012 0.822479 1 0 1.000000
portal_cleanser_Glass
0  -8.995085 -0.122127 64.223320  0.094505 -0.210536 0.973007  0.010003 0.826211 1 0 1.000000
0  -9.996796 0.119547 64.272484  0.046909 0.209833 0.976611  0.004489 0.828951 1 0 1.000000
0  -9.996797 -0.119579 64.272491  0.047304 -0.209686 0.976624  0.004489 0.826211 1 0 1.000000
portal_cleanser_Glass
0  -4.574651 0.130016 -62.154903  0.650017 0.213477 -0.729318  0.764289 0.828951 1 0 1.000000
0  -5.329277 -0.126660 -62.768730  0.583582 -0.209794 -0.784486  0.769664 0.826211 1 0 1.000000
0  -5.329687 0.130022 -62.768951  0.583018 0.211757 -0.784378  0.769664 0.828951 1 0 1.000000
portal_cleanser_Glass
0  -7.134855 -0.345023 -63.546692  0.092612 -0.968560 -0.230901  0.780603 0.822479 1 0 1.000000
0  -6.427275 -0.384109 -62.815353  0.051920 -0.994316 -0.092954  0.775089 0.818592 1 0 1.000000
0  -7.258492 -0.383727 -63.225407  0.040972 -0.993782 -0.103527  0.780603 0.818592 1 0 1.000000
portal_cleanser_Glass
0  -4.043931 -0.345091 -61.310490  0.185206 -0.967687 -0.171113  0.758913 0.822479 1 0 1.000000
0  -3.676698 -0.383615 -60.372925  0.096793 -0.992335 -0.076824  0.753594 0.818592 1 0 1.000000
0  -4.287675 -0.384592 -61.065895  0.085049 -0.993406 -0.076890  0.758913 0.818592 1 0 1.000000
portal_cleanser_Glass
0  -2.265653 -0.340106 -59.118114  0.212258 -0.965283 -0.152233  0.743021 0.822479 1 0 1.000000
0  -3.676698 -0.383615 -60.372925  0.096793 -0.992335 -0.076824  0.753594 0.818592 1 0 1.000000
0  -3.419253 -0.339856 -60.601788  0.205233 -0.964988 -0.163333  0.753594 0.822479 1 0 1.000000
portal_cleanser_Glass
0  -1.242048 -0.341623 -57.554066  0.218062 -0.966709 -0.133879  0.732512 0.822479 1 0 1.000000
0  -2.544972 -0.382985 -58.917297  0.100369 -0.992348 -0.071919  0.743021 0.818592 1 0 1.000000
0  -2.265653 -0.340106 -59.118114  0.212258 -0.965283 -0.152233  0.743021 0.822479 1 0 1.000000
portal_cleanser_Glass
0  0.510726 -0.342330 -54.270355  0.226181 -0.968151 -0.107360  0.711589 0.822479 1 0 1.000000
0  -0.623697 -0.383250 -55.773434  0.104640 -0.992939 -0.055887  0.722068 0.818592 1 0 1.000000
0  -0.321785 -0.342113 -55.938816  0.223140 -0.967462 -0.119276  0.722068 0.822479 1 0 1.000000
portal_cleanser_Glass
0  1.267990 -0.342938 -52.581730  0.227903 -0.968804 -0.097355  0.701200 0.822479 1 0 1.000000
0  0.199244 -0.383249 -54.124352  0.106598 -0.993012 -0.050640  0.711589 0.818592 1 0 1.000000
0  0.510726 -0.342330 -54.270355  0.226181 -0.968151 -0.107360  0.711589 0.822479 1 0 1.000000
portal_cleanser_Glass
0  2.618266 -0.343323 49.137505  0.233015 -0.969032 0.081742  0.121218 0.822479 1 0 1.000000
0  2.193227 -0.122132 50.959114  0.910078 -0.214912 0.354360  0.110826 0.826211 1 0 1.000000
0  1.975911 -0.343376 50.873413  0.230077 -0.969036 0.089637  0.110826 0.822479 1 0 1.000000
portal_cleanser_Glass
0  4.262167 0.343096 -43.829578  0.236627 0.969306 -0.066740  0.649230 0.832682 1 0 1.000000
0  3.972527 0.122047 -45.669731  0.935801 0.214798 -0.279531  0.659596 0.828951 1 0 1.000000
0  3.748721 0.343084 -45.603973  0.235617 0.969293 -0.070400  0.659596 0.832682 1 0 1.000000
portal_cleanser_Glass
0  8.746716 0.122062 20.275541  0.971820 0.215066 0.096497  0.287009 0.828951 1 0 1.000000
0  8.324667 0.343191 22.085661  0.244247 0.969341 0.026859  0.276670 0.832682 1 0 1.000000
0  8.557078 0.122127 22.110287  0.970653 0.215518 0.106698  0.276670 0.828951 1 0 1.000000
portal_cleanser_Glass
0  4.745412 0.343255 42.050972  0.237459 0.969289 0.063968  0.162759 0.832682 1 0 1.000000
0  3.929161 0.383301 43.743137  0.111290 0.993297 0.031236  0.152388 0.836568 1 0 1.000000
0  4.260833 0.343277 43.834259  0.236613 0.969333 0.066393  0.152388 0.832682 1 0 1.000000
portal_cleanser_Glass
0  5.199659 -0.343088 -40.255108  0.238907 -0.969263 -0.058769  0.628489 0.822479 1 0 1.000000
0  4.413417 -0.383277 -41.961620  0.112315 -0.993236 -0.029469  0.638858 0.818592 1 0 1.000000
0  4.746649 -0.343084 -42.046265  0.237982 -0.969264 -0.062387  0.638858 0.822479 1 0 1.000000
portal_cleanser_Glass
0  5.619074 -0.343092 -38.463257  0.239980 -0.969298 -0.053585  0.618166 0.822479 1 0 1.000000
0  4.864943 -0.383278 -40.176674  0.112820 -0.993235 -0.027478  0.628489 0.818592 1 0 1.000000
0  5.199659 -0.343088 -40.255108  0.238907 -0.969263 -0.058769  0.628489 0.822479 1 0 1.000000
portal_cleanser_Glass
0  8.514081 -0.343222 20.252495  0.244174 -0.969429 0.024229  0.287009 0.822479 1 0 1.000000
0  8.557077 -0.122135 22.110292  0.970639 -0.215589 0.106679  0.276670 0.826211 1 0 1.000000
0  8.324668 -0.343199 22.085661  0.244242 -0.969343 0.026826  0.276670 0.822479 1 0 1.000000
portal_cleanser_Glass
0  6.724775 -0.343094 -33.035198  0.241863 -0.969320 -0.043834  0.587078 0.822479 1 0 1.000000
0  6.043026 -0.383280 -34.781796  0.113885 -0.993241 -0.022421  0.597439 0.818592 1 0 1.000000
0  6.380140 -0.343102 -34.849163  0.241148 -0.969326 -0.047494  0.597439 0.822479 1 0 1.000000
portal_cleanser_Glass
0  8.513957 -0.343150 -20.248114  0.244295 -0.969406 -0.023899  0.514610 0.822479 1 0 1.000000
0  7.982963 -0.383289 -22.045206  0.115101 -0.993274 -0.012620  0.524951 0.818592 1 0 1.000000
0  8.325556 -0.343129 -22.081734  0.244180 -0.969361 -0.026735  0.524951 0.822479 1 0 1.000000
portal_cleanser_Glass
0  7.873820 0.343216 25.750626  0.243289 0.969393 0.032973  0.255949 0.832682 1 0 1.000000
0  7.274581 0.383296 27.526937  0.114473 0.993283 0.016862  0.245601 0.836568 1 0 1.000000
0  7.614987 0.343222 27.576569  0.242897 0.969381 0.036067  0.245601 0.832682 1 0 1.000000
portal_cleanser_Glass
0  8.839945 -0.343146 -16.574034  0.244472 -0.969455 -0.019758  0.493914 0.822479 1 0 1.000000
0  8.343020 -0.383289 -18.381203  0.115441 -0.993262 -0.010234  0.504262 0.818592 1 0 1.000000
0  8.685616 -0.343156 -18.411860  0.244474 -0.969414 -0.021640  0.504262 0.822479 1 0 1.000000
portal_cleanser_Glass
0  8.981880 -0.343143 -14.737288  0.244581 -0.969464 -0.017890  0.483580 0.822479 1 0 1.000000
0  8.497089 -0.383289 -16.546772  0.115544 -0.993259 -0.009314  0.493914 0.818592 1 0 1.000000
0  8.839945 -0.343146 -16.574034  0.244472 -0.969455 -0.019758  0.493914 0.822479 1 0 1.000000
portal_cleanser_Glass
0  5.426772 0.122119 40.314137  0.948469 0.216342 0.231521  0.173125 0.828951 1 0 1.000000
0  4.745412 0.343255 42.050972  0.237459 0.969289 0.063968  0.162759 0.832682 1 0 1.000000
0  4.972846 0.122187 42.108803  0.944329 0.216431 0.247791  0.162759 0.828951 1 0 1.000000
portal_cleanser_Glass
0  9.163950 0.383286 0.002450  0.115792 0.993273 -0.000119  0.400817 0.836568 1 0 1.000000
0  9.496124 0.343133 -1.842119  0.245383 0.969423 -0.002517  0.411160 0.832682 1 0 1.000000
0  9.151583 0.383288 -1.838267  0.115749 0.993278 -0.001196  0.411160 0.836568 1 0 1.000000
portal_cleanser_Glass
0  9.551210 -0.122161 9.224955  0.975626 -0.216085 0.038232  0.349103 0.826211 1 0 1.000000
0  9.237877 -0.343193 11.063380  0.245882 -0.969210 0.013205  0.338727 0.822479 1 0 1.000000
0  9.317468 -0.343166 9.216352  0.245398 -0.969374 0.009644  0.349103 0.822479 1 0 1.000000
portal_cleanser_Glass
0  9.431406 -0.343164 -5.528234  0.245422 -0.969398 -0.005892  0.431843 0.822479 1 0 1.000000
0  9.034505 -0.383293 -7.359201  0.115789 -0.993266 -0.003840  0.442182 0.818592 1 0 1.000000
0  9.378420 -0.343160 -7.370293  0.245398 -0.969388 -0.008113  0.442182 0.822479 1 0 1.000000
portal_cleanser_Glass
0  9.496124 -0.343130 -1.842115  0.245343 -0.969433 -0.002584  0.411160 0.822479 1 0 1.000000
0  9.125841 -0.383291 -3.678684  0.115742 -0.993277 -0.002008  0.421494 0.818592 1 0 1.000000
0  9.470363 -0.343135 -3.684042  0.245408 -0.969410 -0.004323  0.421494 0.822479 1 0 1.000000
portal_cleanser_Glass
0  9.151584 -0.383289 -1.838263  0.115764 -0.993276 -0.001193  0.411160 0.818592 1 0 1.000000
0  9.508369 -0.343128 0.001322  0.245616 -0.969367 0.000227  0.400817 0.822479 1 0 1.000000
0  9.163952 -0.383288 0.002450  0.115823 -0.993270 -0.000114  0.400817 0.818592 1 0 1.000000
portal_cleanser_Glass
0  -6.420074 -0.384397 62.838898  0.050608 -0.994932 0.086884  0.026455 0.818592 1 0 1.000000
0  -7.128917 -0.349697 63.567673  0.089965 -0.969436 0.228255  0.020975 0.822479 1 0 1.000000
0  -7.251447 -0.384013 63.244080  0.035933 -0.995118 0.091923  0.020975 0.818592 1 0 1.000000
portal_cleanser_Glass
0  -3.392915 -0.383589 60.008389  0.094289 -0.992634 0.076078  0.050653 0.818592 1 0 1.000000
0  -3.909325 -0.345172 61.125561  0.187680 -0.967780 0.167866  0.043987 0.822479 1 0 1.000000
0  -4.151838 -0.384403 60.880596  0.085365 -0.993490 0.075440  0.043987 0.818592 1 0 1.000000
portal_cleanser_Glass
0  9.143038 2.702440 9.541100  0.523089 0.154175 0.838217  0.852637 0.819346 1 0 1.000000
0  8.605104 2.867331 9.631939  0.021339 -0.012798 0.999690  0.855364 0.814311 1 0 1.000000
0  8.764210 2.553314 9.622964  0.048682 -0.096235 0.994167  0.855364 0.819346 1 0 1.000000
portal_cleanser_Glass
0  -0.610555 -0.383221 55.783867  0.106992 -0.992598 0.057459  0.079590 0.818592 1 0 1.000000
0  -1.224958 -0.339350 57.567928  0.222968 -0.965081 0.137493  0.069099 0.822479 1 0 1.000000
0  -1.518202 -0.382996 57.388100  0.106531 -0.992131 0.065780  0.069099 0.818592 1 0 1.000000
portal_cleanser_Glass
0  0.209040 -0.383335 54.133205  0.106039 -0.993084 0.050391  0.090052 0.818592 1 0 1.000000
0  -0.306013 -0.341132 55.943539  0.226355 -0.966500 0.121001  0.079590 0.822479 1 0 1.000000
0  -0.610555 -0.383221 55.783867  0.106992 -0.992598 0.057459  0.079590 0.818592 1 0 1.000000
portal_cleanser_Glass
0  2.193227 -0.122132 50.959114  0.910078 -0.214912 0.354360  0.110826 0.826211 1 0 1.000000
0  1.275483 -0.343170 52.586559  0.227755 -0.968840 0.097352  0.100436 0.822479 1 0 1.000000
0  1.975911 -0.343376 50.873413  0.230077 -0.969036 0.089637  0.110826 0.822479 1 0 1.000000
portal_cleanser_Glass
0  2.294460 -0.383331 49.019920  0.108860 -0.993324 0.038174  0.121218 0.818592 1 0 1.000000
0  1.975911 -0.343376 50.873413  0.230077 -0.969036 0.089637  0.110826 0.822479 1 0 1.000000
0  1.655324 -0.383346 50.746880  0.107370 -0.993338 0.041846  0.110826 0.818592 1 0 1.000000
portal_cleanser_Glass
0  7.982962 0.383293 -22.045210  0.115092 0.993274 -0.012637  0.524951 0.836568 1 0 1.000000
0  8.112040 0.343118 -23.916704  0.243864 0.969363 -0.029416  0.535318 0.832682 1 0 1.000000
0  7.770119 0.383290 -23.874136  0.114947 0.993272 -0.014074  0.535318 0.836568 1 0 1.000000
portal_cleanser_Glass
0  4.412115 -0.383316 41.966408  0.111898 -0.993286 0.029358  0.162759 0.818592 1 0 1.000000
0  4.260836 -0.343291 43.834259  0.236567 -0.969320 0.066749  0.152388 0.822479 1 0 1.000000
0  3.929161 -0.383319 43.743149  0.111288 -0.993297 0.031231  0.152388 0.818592 1 0 1.000000
portal_cleanser_Glass
0  6.697566 -0.383308 31.163046  0.114096 -0.993280 0.019403  0.224907 0.818592 1 0 1.000000
0  6.717158 -0.343246 33.039654  0.241852 -0.969362 0.042945  0.214534 0.822479 1 0 1.000000
0  6.378542 -0.383311 32.976627  0.113687 -0.993302 0.020637  0.214534 0.818592 1 0 1.000000
portal_cleanser_Glass
0  8.346413 -0.383303 18.385988  0.115263 -0.993281 0.010349  0.297360 0.818592 1 0 1.000000
0  8.514081 -0.343222 20.252495  0.244174 -0.969429 0.024229  0.287009 0.822479 1 0 1.000000
0  8.171811 -0.383304 20.218649  0.115179 -0.993279 0.011445  0.287009 0.818592 1 0 1.000000
portal_cleanser_Glass
0  8.500975 -0.383303 16.551744  0.115264 -0.993292 0.009284  0.307702 0.818592 1 0 1.000000
0  8.689112 -0.343222 18.416094  0.244539 -0.969391 0.021966  0.297360 0.822479 1 0 1.000000
0  8.346413 -0.383303 18.385988  0.115263 -0.993281 0.010349  0.297360 0.818592 1 0 1.000000
portal_cleanser_Glass
0  8.776173 -0.383301 12.880939  0.115470 -0.993279 0.007937  0.328367 0.818592 1 0 1.000000
0  8.985206 -0.343206 14.742076  0.244331 -0.969519 0.018318  0.318039 0.822479 1 0 1.000000
0  8.641742 -0.383302 14.716487  0.115313 -0.993292 0.008644  0.318039 0.818592 1 0 1.000000
portal_cleanser_Glass
0  6.947233 0.122125 33.082390  0.960676 0.216179 0.174262  0.214534 0.828951 1 0 1.000000
0  6.377576 0.343233 34.853592  0.241168 0.969355 0.046794  0.204179 0.832682 1 0 1.000000
0  6.607086 0.122127 34.899307  0.958558 0.215578 0.186258  0.204179 0.828951 1 0 1.000000
portal_cleanser_Glass
0  8.973231 -0.383297 9.203769  0.115639 -0.993281 0.004535  0.349103 0.818592 1 0 1.000000
0  9.237877 -0.343193 11.063380  0.245882 -0.969210 0.013205  0.338727 0.822479 1 0 1.000000
0  8.894562 -0.383298 11.043664  0.115670 -0.993268 0.006187  0.338727 0.818592 1 0 1.000000
portal_cleanser_Glass
0  9.094361 -0.383294 5.524439  0.115715 -0.993278 0.002944  0.369777 0.818592 1 0 1.000000
0  9.382466 -0.343185 7.375840  0.245113 -0.969461 0.008051  0.359434 0.822479 1 0 1.000000
0  9.038499 -0.383297 7.364408  0.115703 -0.993277 0.003804  0.359434 0.818592 1 0 1.000000
portal_cleanser_Glass
0  -7.050734 -0.124141 -63.766472  0.367806 -0.210407 -0.905786  0.780603 0.826211 1 0 1.000000
0  -6.260239 -0.347174 -63.117035  0.121959 -0.969390 -0.213093  0.775089 0.822479 1 0 1.000000
0  -7.134855 -0.345023 -63.546692  0.092612 -0.968560 -0.230901  0.780603 0.822479 1 0 1.000000
portal_cleanser_Glass
0  -4.574226 -0.125486 -62.154682  0.650007 -0.210768 -0.730115  0.764289 0.826211 1 0 1.000000
0  -5.467544 -0.349752 -62.575600  0.142870 -0.970839 -0.192507  0.769664 0.822479 1 0 1.000000
0  -5.329277 -0.126660 -62.768730  0.583582 -0.209794 -0.784486  0.769664 0.826211 1 0 1.000000
portal_cleanser_Glass
0  1.975910 0.343356 50.873413  0.230215 0.969032 0.089318  0.110826 0.832682 1 0 1.000000
0  0.958513 0.383331 52.451294  0.106450 0.993275 0.045526  0.100436 0.836568 1 0 1.000000
0  1.275484 0.343149 52.586548  0.227672 0.968850 0.097442  0.100436 0.832682 1 0 1.000000
portal_cleanser_Glass
0  2.839185 -0.122101 -49.198242  0.920702 -0.215217 -0.325561  0.680344 0.826211 1 0 1.000000
0  1.968268 -0.343041 -50.867893  0.230264 -0.968970 -0.089869  0.690805 0.822479 1 0 1.000000
0  2.185234 -0.122096 -50.954853  0.909832 -0.214407 -0.355296  0.690805 0.826211 1 0 1.000000
portal_cleanser_Glass
0  -8.981280 -0.121588 -64.222351  0.099807 -0.212648 -0.972018  0.791521 0.826211 1 0 1.000000
0  -9.976236 -0.341366 -64.046478  0.013885 -0.965958 -0.258327  0.796999 0.822479 1 0 1.000000
0  -9.974914 -0.119254 -64.278450  0.054123 -0.212052 -0.975759  0.796999 0.826211 1 0 1.000000
portal_cleanser_Glass
0  8.124843 -4.827913 9.152241  0.739127 -0.596569 0.312725  0.881348 0.738116 1 0 1.000000
0  7.539771 -5.088106 9.556146  0.404979 -0.373128 0.834726  0.884602 0.745681 1 0 1.000000
0  7.741370 -5.277658 9.149735  0.709125 -0.630317 0.315978  0.881348 0.745681 1 0 1.000000
portal_cleanser_Glass
0  5.198542 -0.343274 40.260303  0.238701 -0.969342 0.058293  0.173125 0.822479 1 0 1.000000
0  4.972844 -0.122204 42.108810  0.944319 -0.216476 0.247791  0.162759 0.826211 1 0 1.000000
0  4.745414 -0.343267 42.050964  0.237903 -0.969282 0.062405  0.162759 0.822479 1 0 1.000000
portal_cleanser_Glass
0  6.039804 -0.383312 34.786186  0.113431 -0.993302 0.022018  0.204179 0.818592 1 0 1.000000
0  6.013370 -0.343261 36.664070  0.240657 -0.969326 0.049906  0.193815 0.822479 1 0 1.000000
0  5.676842 -0.383314 36.591244  0.113103 -0.993301 0.023687  0.193815 0.818592 1 0 1.000000
portal_cleanser_Glass
0  7.273433 0.122134 -31.256676  0.962740 0.215552 -0.163308  0.576723 0.828951 1 0 1.000000
0  6.724775 0.343100 -33.035202  0.241817 0.969319 -0.044101  0.587078 0.832682 1 0 1.000000
0  7.042698 0.343123 -31.217398  0.242130 0.969372 -0.041127  0.576723 0.832682 1 0 1.000000
portal_cleanser_Glass
0  6.610326 -0.122195 -34.895073  0.957808 -0.217035 -0.188413  0.597439 0.826211 1 0 1.000000
0  6.011384 -0.343103 -36.658180  0.240570 -0.969326 -0.050322  0.607800 0.822479 1 0 1.000000
0  6.240803 -0.122162 -36.707500  0.955136 -0.217386 -0.201146  0.607800 0.826211 1 0 1.000000
portal_cleanser_Glass
0  -5.329687 0.130022 -62.768951  0.583018 0.211757 -0.784378  0.769664 0.828951 1 0 1.000000
0  -6.145832 -0.124877 -63.323387  0.490566 -0.209089 -0.845947  0.775089 0.826211 1 0 1.000000
0  -6.145845 0.124875 -63.323399  0.490165 0.209296 -0.846129  0.775089 0.828951 1 0 1.000000
portal_cleanser_Glass
0  9.665315 -0.122090 -5.534314  0.976213 -0.215443 -0.024355  0.431843 0.826211 1 0 1.000000
0  9.378420 -0.343160 -7.370293  0.245398 -0.969388 -0.008113  0.442182 0.822479 1 0 1.000000
0  9.611891 -0.122055 -7.377800  0.976118 -0.214803 -0.032455  0.442182 0.826211 1 0 1.000000
portal_cleanser_Glass
0  9.703938 -0.122109 -3.687718  0.976231 -0.216064 -0.017036  0.421494 0.826211 1 0 1.000000
0  9.431406 -0.343164 -5.528234  0.245422 -0.969398 -0.005892  0.431843 0.822479 1 0 1.000000
0  9.665315 -0.122090 -5.534314  0.976213 -0.215443 -0.024355  0.431843 0.826211 1 0 1.000000
portal_cleanser_Glass
0  -8.001629 0.123746 64.078300  0.212565 0.208621 0.954617  0.015506 0.828951 1 0 1.000000
0  -9.018108 0.349349 63.989819  0.025108 0.967933 0.249952  0.010003 0.832682 1 0 1.000000
0  -8.995088 0.122095 64.223312  0.094529 0.210612 0.972989  0.010003 0.828951 1 0 1.000000
portal_cleanser_Glass
0  5.428201 -0.122200 -40.308731  0.948299 -0.217729 -0.230917  0.628489 0.826211 1 0 1.000000
0  4.746649 -0.343084 -42.046265  0.237982 -0.969264 -0.062387  0.638858 0.822479 1 0 1.000000
0  4.974051 -0.122194 -42.104069  0.944229 -0.216994 -0.247681  0.638858 0.826211 1 0 1.000000
portal_cleanser_Glass
0  6.610326 0.122200 -34.895077  0.957798 0.217082 -0.188411  0.597439 0.828951 1 0 1.000000
0  6.011384 0.343110 -36.658188  0.240677 0.969331 -0.049726  0.607800 0.832682 1 0 1.000000
0  6.380140 0.343109 -34.849163  0.241153 0.969326 -0.047452  0.597439 0.832682 1 0 1.000000
portal_cleanser_Glass
0  7.336318 -0.343236 29.399450  0.242589 -0.969366 0.038478  0.235255 0.822479 1 0 1.000000
0  7.267546 -0.122105 31.257545  0.962708 -0.215421 0.163670  0.224907 0.826211 1 0 1.000000
0  7.036801 -0.343239 31.219244  0.242115 -0.969373 0.041196  0.224907 0.822479 1 0 1.000000
portal_cleanser_Glass
0  4.260833 0.343277 43.834259  0.236613 0.969333 0.066393  0.152388 0.832682 1 0 1.000000
0  3.416873 0.383303 45.511593  0.110628 0.993313 0.033038  0.142021 0.836568 1 0 1.000000
0  3.747302 0.343278 45.608624  0.235553 0.969311 0.070367  0.142021 0.832682 1 0 1.000000
portal_cleanser_Glass
0  7.002054 0.383289 -29.343243  0.114486 0.993259 -0.018134  0.566380 0.836568 1 0 1.000000
0  7.042698 0.343123 -31.217398  0.242130 0.969372 -0.041127  0.576723 0.832682 1 0 1.000000
0  6.703756 0.383288 -31.159653  0.114387 0.993247 -0.019403  0.576723 0.836569 1 0 1.000000
portal_cleanser_Glass
0  9.077447 -0.122159 16.598078  0.973324 -0.215628 0.078386  0.307702 0.826211 1 0 1.000000
0  8.689112 -0.343222 18.416094  0.244539 -0.969391 0.021966  0.297360 0.822479 1 0 1.000000
0  8.844377 -0.343198 16.579311  0.244614 -0.969421 0.019666  0.307702 0.822479 1 0 1.000000
portal_cleanser_Glass
0  8.342741 0.122060 23.950327  0.969322 0.214930 0.119249  0.266298 0.828951 1 0 1.000000
0  7.873820 0.343216 25.750626  0.243289 0.969393 0.032973  0.255949 0.832682 1 0 1.000000
0  8.105145 0.122022 25.782059  0.967917 0.214200 0.131359  0.255949 0.828951 1 0 1.000000
portal_cleanser_Glass
0  9.611891 -0.122055 -7.377800  0.976118 -0.214803 -0.032455  0.442182 0.826211 1 0 1.000000
0  9.309040 -0.343176 -9.214276  0.245305 -0.969389 -0.010513  0.452536 0.822479 1 0 1.000000
0  9.542573 -0.122066 -9.224607  0.975785 -0.214700 -0.041809  0.452536 0.826211 1 0 1.000000
portal_cleanser_Glass
0  9.077449 0.122148 16.598066  0.973333 0.215610 0.078331  0.307702 0.828951 1 0 1.000000
0  8.689114 0.343211 18.416086  0.244555 0.969387 0.021931  0.297360 0.832682 1 0 1.000000
0  8.921741 0.122045 18.436590  0.972698 0.214986 0.087409  0.297360 0.828951 1 0 1.000000
portal_cleanser_Glass
0  -8.995088 0.122095 64.223312  0.094529 0.210612 0.972989  0.010003 0.828951 1 0 1.000000
0  -9.994369 0.346048 64.039696  0.010732 0.966043 0.258160  0.004489 0.832682 1 0 1.000000
0  -9.996796 0.119547 64.272484  0.046909 0.209833 0.976611  0.004489 0.828951 1 0 1.000000
portal_cleanser_Glass
0  -4.497720 -0.124948 62.076263  0.673271 -0.213470 0.707910  0.037961 0.826211 1 0 1.000000
0  -5.317719 0.126625 62.789089  0.599033 0.211435 0.772305  0.031949 0.828951 1 0 1.000000
0  -5.317718 -0.126653 62.789089  0.598995 -0.211438 0.772333  0.031949 0.826211 1 0 1.000000
portal_cleanser_Glass
0  3.972527 0.122047 -45.669731  0.935801 0.214798 -0.279531  0.659596 0.828951 1 0 1.000000
0  3.428671 -0.122165 -47.438938  0.929709 -0.215535 -0.298640  0.669961 0.826211 1 0 1.000000
0  3.428670 0.122171 -47.438938  0.929713 0.215518 -0.298638  0.669961 0.828951 1 0 1.000000
portal_cleanser_Glass
0  1.490216 -0.122016 52.678265  0.897883 -0.215727 0.383755  0.100436 0.826211 1 0 1.000000
0  0.734585 0.121059 54.372955  0.883075 0.216604 0.416247  0.090052 0.828951 1 0 1.000000
0  0.734585 -0.121079 54.372959  0.883053 -0.216709 0.416238  0.090052 0.826211 1 0 1.000000
portal_cleanser_Glass
0  5.284337 0.383284 -38.384914  0.113250 0.993238 -0.025553  0.618166 0.836569 1 0 1.000000
0  5.199660 0.343095 -40.255100  0.238646 0.969259 -0.059875  0.628489 0.832682 1 0 1.000000
0  4.864943 0.383284 -40.176674  0.112818 0.993236 -0.027475  0.628489 0.836569 1 0 1.000000
portal_cleanser_Glass
0  7.567090 -0.122051 29.435364  0.964630 -0.214641 0.153031  0.235255 0.826211 1 0 1.000000
0  7.267546 0.122099 31.257542  0.962698 0.215471 0.163658  0.224907 0.828951 1 0 1.000000
0  7.267546 -0.122105 31.257545  0.962708 -0.215421 0.163670  0.224907 0.826211 1 0 1.000000
portal_cleanser_Glass
0  9.344521 0.122096 -12.915237  0.974510 0.215262 -0.063183  0.473243 0.828951 1 0 1.000000
0  9.214768 -0.122108 -14.754656  0.973805 -0.215722 -0.071894  0.483580 0.826211 1 0 1.000000
0  9.214768 0.122110 -14.754660  0.973805 0.215729 -0.071868  0.483580 0.828951 1 0 1.000000
portal_cleanser_Glass
0  9.733038 0.122049 1.847395  0.976612 0.214845 0.008370  0.390469 0.828951 1 0 1.000000
0  9.741792 -0.122042 0.000608  0.976647 -0.214847 -0.000962  0.400817 0.826211 1 0 1.000000
0  9.741793 0.122039 0.000615  0.976651 0.214831 -0.000883  0.400817 0.828951 1 0 1.000000
portal_cleanser_Glass
0  2.839185 0.122118 -49.198238  0.920693 0.215314 -0.325523  0.680344 0.828951 1 0 1.000000
0  2.185234 -0.122096 -50.954853  0.909832 -0.214407 -0.355296  0.690805 0.826211 1 0 1.000000
0  2.185232 0.122114 -50.954861  0.909859 0.214411 -0.355226  0.690805 0.828951 1 0 1.000000
portal_cleanser_Glass
0  9.551210 -0.122161 9.224955  0.975626 -0.216085 0.038232  0.349103 0.826211 1 0 1.000000
0  9.471292 0.122080 11.076740  0.975207 0.214987 0.052459  0.338727 0.828951 1 0 1.000000
0  9.471292 -0.122088 11.076744  0.975199 -0.215039 0.052387  0.338727 0.826211 1 0 1.000000
portal_cleanser_Glass
0  8.108492 0.122121 -25.776939  0.967709 0.215881 -0.130131  0.545666 0.828951 1 0 1.000000
0  7.851693 -0.122107 -27.605322  0.966228 -0.215294 -0.141605  0.556012 0.826211 1 0 1.000000
0  7.851693 0.122113 -27.605322  0.966238 0.215263 -0.141585  0.556012 0.828951 1 0 1.000000
portal_cleanser_Glass
0  3.971139 -0.122046 45.674423  0.935800 -0.214800 0.279534  0.142021 0.826211 1 0 1.000000
0  3.427217 0.122166 47.443554  0.930112 0.215230 0.297603  0.131656 0.828951 1 0 1.000000
0  3.427215 -0.122183 47.443550  0.930116 -0.215241 0.297581  0.131656 0.826211 1 0 1.000000
portal_cleanser_Glass
0  7.851693 0.122113 -27.605322  0.966238 0.215263 -0.141585  0.556012 0.828951 1 0 1.000000
0  7.572216 -0.122037 -29.435537  0.964615 -0.214881 -0.152791  0.566380 0.826211 1 0 1.000000
0  7.572218 0.122041 -29.435528  0.964611 0.214905 -0.152778  0.566380 0.828951 1 0 1.000000
portal_cleanser_Glass
0  5.848334 -0.122136 38.522385  0.952458 -0.215328 0.215542  0.183448 0.826211 1 0 1.000000
0  5.426772 0.122119 40.314137  0.948469 0.216342 0.231521  0.173125 0.828951 1 0 1.000000
0  5.426774 -0.122133 40.314133  0.948458 -0.216375 0.231537  0.173125 0.826211 1 0 1.000000
portal_cleanser_Glass
0  7.267546 -0.122105 31.257545  0.962708 -0.215421 0.163670  0.224907 0.826211 1 0 1.000000
0  6.947233 0.122125 33.082390  0.960676 0.216179 0.174262  0.214534 0.828951 1 0 1.000000
0  6.947234 -0.122134 33.082390  0.960676 -0.216213 0.174220  0.214534 0.826211 1 0 1.000000
portal_cleanser_Glass
0  9.542573 0.122067 -9.224607  0.975786 0.214700 -0.041782  0.452536 0.828951 1 0 1.000000
0  9.453910 -0.122090 -11.067782  0.975217 -0.214971 -0.052348  0.462878 0.826211 1 0 1.000000
0  9.453910 0.122091 -11.067787  0.975227 0.214922 -0.052354  0.462878 0.828951 1 0 1.000000
portal_cleanser_Glass
0  9.611892 0.122056 -7.377794  0.976119 0.214799 -0.032464  0.442182 0.828951 1 0 1.000000
0  9.542573 -0.122066 -9.224607  0.975785 -0.214700 -0.041809  0.452536 0.826211 1 0 1.000000
0  9.542573 0.122067 -9.224607  0.975786 0.214700 -0.041782  0.452536 0.828951 1 0 1.000000
portal_cleanser_Glass
0  7.273433 0.122134 -31.256676  0.962740 0.215552 -0.163308  0.576723 0.828951 1 0 1.000000
0  6.954735 -0.122117 -33.077381  0.960493 -0.216286 -0.175136  0.587078 0.826211 1 0 1.000000
0  6.954735 0.122120 -33.077377  0.960502 0.216286 -0.175091  0.587078 0.828951 1 0 1.000000
portal_cleanser_Glass
0  9.703938 0.122109 -3.687715  0.976246 0.215996 -0.017018  0.421494 0.828951 1 0 1.000000
0  9.665315 -0.122090 -5.534314  0.976213 -0.215443 -0.024355  0.431843 0.826211 1 0 1.000000
0  9.665314 0.122092 -5.534315  0.976208 0.215469 -0.024310  0.431843 0.828951 1 0 1.000000
portal_cleanser_Glass
0  8.746718 -0.122067 20.275532  0.971821 -0.215083 0.096454  0.287009 0.826211 1 0 1.000000
0  8.557078 0.122127 22.110287  0.970653 0.215518 0.106698  0.276670 0.828951 1 0 1.000000
0  8.557077 -0.122135 22.110292  0.970639 -0.215589 0.106679  0.276670 0.826211 1 0 1.000000
portal_cleanser_Glass
0  -8.981280 -0.121588 -64.222351  0.099807 -0.212648 -0.972018  0.791521 0.826211 1 0 1.000000
0  -8.048610 -0.343504 -63.845543  0.055610 -0.967379 -0.247154  0.786039 0.822479 1 0 1.000000
0  -9.007361 -0.342233 -63.990433  0.025195 -0.966994 -0.253551  0.791521 0.822479 1 0 1.000000
portal_cleanser_Glass
0  -7.050725 0.123540 -63.766476  0.367789 0.210110 -0.905861  0.780603 0.828951 1 0 1.000000
0  -7.993124 -0.123259 -64.073860  0.224556 -0.211161 -0.951307  0.786039 0.826211 1 0 1.000000
0  -7.993115 0.122910 -64.073868  0.224773 0.210790 -0.951338  0.786039 0.828951 1 0 1.000000
portal_cleanser_Glass
0  -1.027810 -0.117830 57.689182  0.831870 -0.216383 0.511048  0.069099 0.826211 1 0 1.000000
0  -2.073519 0.116366 59.264702  0.794024 0.216158 0.568156  0.058572 0.828951 1 0 1.000000
0  -2.073517 -0.116390 59.264702  0.794029 -0.216138 0.568156  0.058572 0.826211 1 0 1.000000
portal_cleanser_Glass
0  9.352326 -0.121995 12.922594  0.974530 -0.214001 0.067042  0.328367 0.826211 1 0 1.000000
0  9.217863 0.122039 14.759450  0.973943 0.214765 0.072880  0.318039 0.828951 1 0 1.000000
0  9.217865 -0.122046 14.759449  0.973928 -0.214838 0.072860  0.318039 0.826211 1 0 1.000000
portal_cleanser_Glass
0  2.837760 -0.122081 49.216988  0.921533 -0.214841 0.323450  0.121218 0.826211 1 0 1.000000
0  2.193230 0.122113 50.959103  0.910089 0.214861 0.354363  0.110826 0.828951 1 0 1.000000
0  2.193227 -0.122132 50.959114  0.910078 -0.214912 0.354360  0.110826 0.826211 1 0 1.000000
portal_cleanser_Glass
0  6.610326 0.122200 -34.895077  0.957798 0.217082 -0.188411  0.597439 0.828951 1 0 1.000000
0  6.240803 -0.122162 -36.707500  0.955136 -0.217386 -0.201146  0.607800 0.826211 1 0 1.000000
0  6.240804 0.122169 -36.707500  0.955139 0.217380 -0.201135  0.607800 0.828951 1 0 1.000000
portal_cleanser_Glass
0  6.241491 -0.122032 36.713303  0.955929 -0.214790 0.200164  0.193815 0.826211 1 0 1.000000
0  5.848335 0.122124 38.522381  0.952471 0.215277 0.215532  0.183448 0.828951 1 0 1.000000
0  5.848334 -0.122136 38.522385  0.952458 -0.215328 0.215542  0.183448 0.826211 1 0 1.000000
portal_cleanser_Glass
0  9.453910 0.122091 -11.067787  0.975227 0.214922 -0.052354  0.462878 0.828951 1 0 1.000000
0  9.344522 -0.122094 -12.915236  0.974507 -0.215266 -0.063212  0.473243 0.826211 1 0 1.000000
0  9.344521 0.122096 -12.915237  0.974510 0.215262 -0.063183  0.473243 0.828951 1 0 1.000000
portal_cleanser_Glass
0  8.105145 -0.122034 25.782059  0.967913 -0.214201 0.131388  0.255949 0.826211 1 0 1.000000
0  7.846094 0.122038 27.610271  0.966362 0.214221 0.142320  0.245601 0.828951 1 0 1.000000
0  7.846095 -0.122050 27.610270  0.966354 -0.214249 0.142330  0.245601 0.826211 1 0 1.000000
portal_cleanser_Glass
0  9.710214 -0.122094 3.693066  0.976313 -0.215772 0.015993  0.380124 0.826211 1 0 1.000000
0  9.672554 0.122159 5.539185  0.976061 0.216067 0.024912  0.369777 0.828951 1 0 1.000000
0  9.672553 -0.122163 5.539193  0.976056 -0.216085 0.024918  0.369777 0.826211 1 0 1.000000
portal_cleanser_Glass
0  5.426774 -0.122133 40.314133  0.948458 -0.216375 0.231537  0.173125 0.826211 1 0 1.000000
0  4.972846 0.122187 42.108803  0.944329 0.216431 0.247791  0.162759 0.828951 1 0 1.000000
0  4.972844 -0.122204 42.108810  0.944319 -0.216476 0.247791  0.162759 0.826211 1 0 1.000000
portal_cleanser_Glass
0  4.974049 0.122205 -42.104073  0.944232 0.216924 -0.247730  0.638858 0.828951 1 0 1.000000
0  4.488033 -0.122086 -43.891685  0.940219 -0.215201 -0.263962  0.649230 0.826211 1 0 1.000000
0  4.488033 0.122097 -43.891682  0.940211 0.215229 -0.263971  0.649230 0.828951 1 0 1.000000
portal_cleanser_Glass
0  3.428670 0.122171 -47.438938  0.929713 0.215518 -0.298638  0.669961 0.828951 1 0 1.000000
0  2.839185 -0.122101 -49.198242  0.920702 -0.215217 -0.325561  0.680344 0.826211 1 0 1.000000
0  2.839185 0.122118 -49.198238  0.920693 0.215314 -0.325523  0.680344 0.828951 1 0 1.000000
portal_cleanser_Glass
0  9.672553 -0.122163 5.539193  0.976056 -0.216085 0.024918  0.369777 0.826211 1 0 1.000000
0  9.615873 0.122057 7.383599  0.975866 0.215990 0.032135  0.359434 0.828951 1 0 1.000000
0  9.615873 -0.122055 7.383587  0.975882 -0.215931 0.032074  0.359434 0.826211 1 0 1.000000
portal_cleanser_Glass
0  8.557077 -0.122135 22.110292  0.970639 -0.215589 0.106679  0.276670 0.826211 1 0 1.000000
0  8.342741 0.122060 23.950327  0.969322 0.214930 0.119249  0.266298 0.828951 1 0 1.000000
0  8.342740 -0.122075 23.950317  0.969307 -0.215000 0.119244  0.266298 0.826211 1 0 1.000000
portal_cleanser_Glass
0  -0.321785 -0.342113 -55.938816  0.223140 -0.967462 -0.119276  0.722068 0.822479 1 0 1.000000
0  -1.535675 -0.383241 -57.374683  0.102687 -0.992707 -0.063145  0.732512 0.818592 1 0 1.000000
0  -1.242048 -0.341623 -57.554066  0.218062 -0.966709 -0.133879  0.732512 0.822479 1 0 1.000000
portal_cleanser_Glass
0  1.481825 0.121858 -52.674805  0.897817 0.214235 -0.384744  0.701200 0.828951 1 0 1.000000
0  0.510729 0.342332 -54.270351  0.226110 0.968164 -0.107388  0.711589 0.832682 1 0 1.000000
0  1.267988 0.342946 -52.581734  0.227769 0.968795 -0.097766  0.701200 0.832682 1 0 1.000000
portal_cleanser_Glass
0  2.617810 0.343059 -49.122959  0.233086 0.968958 -0.082409  0.680344 0.832682 1 0 1.000000
0  2.185232 0.122114 -50.954861  0.909859 0.214411 -0.355226  0.690805 0.828951 1 0 1.000000
0  1.968268 0.343044 -50.867893  0.230582 0.968950 -0.089265  0.690805 0.832682 1 0 1.000000
portal_cleanser_Glass
0  4.746650 0.343092 -42.046257  0.237999 0.969258 -0.062412  0.638858 0.832682 1 0 1.000000
0  4.488033 0.122097 -43.891682  0.940211 0.215229 -0.263971  0.649230 0.828951 1 0 1.000000
0  4.262167 0.343096 -43.829578  0.236627 0.969306 -0.066740  0.649230 0.832682 1 0 1.000000
portal_cleanser_Glass
0  5.619075 0.343102 -38.463249  0.239895 0.969288 -0.054137  0.618166 0.832682 1 0 1.000000
0  5.428201 0.122207 -40.308735  0.948307 0.217679 -0.230934  0.628489 0.828951 1 0 1.000000
0  5.199660 0.343095 -40.255100  0.238646 0.969259 -0.059875  0.628489 0.832682 1 0 1.000000
portal_cleanser_Glass
0  6.011384 0.343110 -36.658188  0.240677 0.969331 -0.049726  0.607800 0.832682 1 0 1.000000
0  5.847698 0.122208 -38.516552  0.952111 0.217517 -0.214874  0.618166 0.828951 1 0 1.000000
0  5.619075 0.343102 -38.463249  0.239895 0.969288 -0.054137  0.618166 0.832682 1 0 1.000000
portal_cleanser_Glass
0  7.620521 0.343113 -27.572060  0.243069 0.969356 -0.035578  0.556012 0.832682 1 0 1.000000
0  7.572218 0.122041 -29.435528  0.964611 0.214905 -0.152778  0.566380 0.828951 1 0 1.000000
0  7.341782 0.343128 -29.398308  0.242659 0.969350 -0.038435  0.566380 0.832682 1 0 1.000000
portal_cleanser_Glass
0  6.996392 -0.383307 29.346619  0.114273 -0.993284 0.018138  0.235255 0.818592 1 0 1.000000
0  7.036801 -0.343239 31.219244  0.242115 -0.969373 0.041196  0.224907 0.822479 1 0 1.000000
0  6.697566 -0.383308 31.163046  0.114096 -0.993280 0.019403  0.224907 0.818592 1 0 1.000000
portal_cleanser_Glass
0  8.918778 0.122053 -18.432650  0.972636 0.215787 -0.086114  0.504262 0.828951 1 0 1.000000
0  8.513959 0.343153 -20.248116  0.244275 0.969412 -0.023881  0.514610 0.832682 1 0 1.000000
0  8.685616 0.343159 -18.411863  0.244469 0.969415 -0.021685  0.504262 0.832682 1 0 1.000000
portal_cleanser_Glass
0  5.848335 0.122124 38.522381  0.952471 0.215277 0.215532  0.183448 0.828951 1 0 1.000000
0  5.198540 0.343259 40.260303  0.238623 0.969325 0.058890  0.173125 0.832682 1 0 1.000000
0  5.426772 0.122119 40.314137  0.948469 0.216342 0.231521  0.173125 0.828951 1 0 1.000000
portal_cleanser_Glass
0  9.344521 0.122096 -12.915237  0.974510 0.215262 -0.063183  0.473243 0.828951 1 0 1.000000
0  8.981878 0.343146 -14.737297  0.244594 0.969459 -0.017998  0.483580 0.832682 1 0 1.000000
0  9.111562 0.343147 -12.899243  0.245068 0.969380 -0.015631  0.473243 0.832682 1 0 1.000000
portal_cleanser_Glass
0  9.237877 -0.343193 11.063380  0.245882 -0.969210 0.013205  0.338727 0.822479 1 0 1.000000
0  9.352326 -0.121995 12.922594  0.974530 -0.214001 0.067042  0.328367 0.826211 1 0 1.000000
0  9.119380 -0.343202 12.905782  0.244741 -0.969442 0.016871  0.328367 0.822479 1 0 1.000000
portal_cleanser_Glass
0  9.496124 0.343133 -1.842119  0.245383 0.969423 -0.002517  0.411160 0.832682 1 0 1.000000
0  9.703938 0.122109 -3.687715  0.976246 0.215996 -0.017018  0.421494 0.828951 1 0 1.000000
0  9.470362 0.343139 -3.684041  0.245379 0.969418 -0.004296  0.421494 0.832682 1 0 1.000000
portal_cleanser_Glass
0  9.111560 -0.343145 -12.899253  0.245039 -0.969383 -0.015877  0.473243 0.822479 1 0 1.000000
0  8.638315 -0.383291 -14.711596  0.115435 -0.993279 -0.008515  0.483580 0.818592 1 0 1.000000
0  8.981880 -0.343143 -14.737288  0.244581 -0.969464 -0.017890  0.483580 0.822479 1 0 1.000000
portal_cleanser_Glass
0  9.352326 0.121993 12.922599  0.974531 0.214001 0.067036  0.328367 0.828951 1 0 1.000000
0  8.985203 0.343201 14.742068  0.244350 0.969515 0.018277  0.318039 0.832682 1 0 1.000000
0  9.217863 0.122039 14.759450  0.973943 0.214765 0.072880  0.318039 0.828951 1 0 1.000000
portal_cleanser_Glass
0  -7.993115 0.122910 -64.073868  0.224773 0.210790 -0.951338  0.786039 0.828951 1 0 1.000000
0  -8.981280 -0.121588 -64.222351  0.099807 -0.212648 -0.972018  0.791521 0.826211 1 0 1.000000
0  -8.981277 0.121581 -64.222359  0.100317 0.212609 -0.971974  0.791521 0.828951 1 0 1.000000
portal_cleanser_Glass
0  9.672554 0.122159 5.539185  0.976061 0.216067 0.024912  0.369777 0.828951 1 0 1.000000
0  9.382467 0.343182 7.375841  0.245128 0.969457 0.008083  0.359434 0.832682 1 0 1.000000
0  9.615873 0.122057 7.383599  0.975866 0.215990 0.032135  0.359434 0.828951 1 0 1.000000
portal_cleanser_Glass
0  -6.145524 0.125767 63.354389  0.489857 0.209344 0.846295  0.026455 0.828951 1 0 1.000000
0  -7.128915 0.349659 63.567673  0.091451 0.969418 0.227738  0.020975 0.832682 1 0 1.000000
0  -7.045889 0.124644 63.789474  0.355384 0.208526 0.911163  0.020975 0.828951 1 0 1.000000
portal_cleanser_Glass
0  -2.955437 0.118101 60.383564  0.753535 0.216913 0.620591  0.050653 0.828951 1 0 1.000000
0  -3.909307 0.345142 61.125557  0.187657 0.967790 0.167833  0.043987 0.832682 1 0 1.000000
0  -3.743312 0.121747 61.291458  0.721987 0.215629 0.657449  0.043987 0.828951 1 0 1.000000
portal_cleanser_Glass
0  4.972846 0.122187 42.108803  0.944329 0.216431 0.247791  0.162759 0.828951 1 0 1.000000
0  4.260833 0.343277 43.834259  0.236613 0.969333 0.066393  0.152388 0.832682 1 0 1.000000
0  4.486731 0.122077 43.896408  0.940188 0.215240 0.264041  0.152388 0.828951 1 0 1.000000
portal_cleanser_Glass
0  8.918778 -0.122051 -18.432653  0.972633 -0.215786 -0.086150  0.504262 0.826211 1 0 1.000000
0  8.513957 -0.343150 -20.248114  0.244295 -0.969406 -0.023899  0.514610 0.822479 1 0 1.000000
0  8.747584 -0.122188 -20.271233  0.971684 -0.216112 -0.095534  0.514610 0.826211 1 0 1.000000
portal_cleanser_Glass
0  6.241488 0.122014 36.713322  0.955920 0.214779 0.200216  0.193815 0.828951 1 0 1.000000
0  5.620018 0.343258 38.468910  0.239693 0.969329 0.054303  0.183448 0.832682 1 0 1.000000
0  5.848335 0.122124 38.522381  0.952471 0.215277 0.215532  0.183448 0.828951 1 0 1.000000
portal_cleanser_Glass
0  6.607086 0.122127 34.899307  0.958558 0.215578 0.186258  0.204179 0.828951 1 0 1.000000
0  6.013371 0.343247 36.664070  0.240581 0.969322 0.050358  0.193815 0.832682 1 0 1.000000
0  6.241488 0.122014 36.713322  0.955920 0.214779 0.200216  0.193815 0.828951 1 0 1.000000
portal_cleanser_Glass
0  8.557078 0.122127 22.110287  0.970653 0.215518 0.106698  0.276670 0.828951 1 0 1.000000
0  8.111075 0.343205 23.921360  0.243808 0.969361 0.029958  0.266298 0.832682 1 0 1.000000
0  8.342741 0.122060 23.950327  0.969322 0.214930 0.119249  0.266298 0.828951 1 0 1.000000
portal_cleanser_Glass
0  7.341783 -0.343121 -29.398314  0.242632 -0.969366 -0.038205  0.566380 0.822479 1 0 1.000000
0  6.703757 -0.383282 -31.159647  0.114382 -0.993247 -0.019423  0.576723 0.818592 1 0 1.000000
0  7.042699 -0.343118 -31.217398  0.242126 -0.969373 -0.041115  0.576723 0.822479 1 0 1.000000
portal_cleanser_Glass
0  9.710215 0.122095 3.693071  0.976323 0.215721 0.016036  0.380124 0.828951 1 0 1.000000
0  9.438697 0.343151 5.533195  0.245469 0.969384 0.006237  0.369777 0.832682 1 0 1.000000
0  9.672554 0.122159 5.539185  0.976061 0.216067 0.024912  0.369777 0.828951 1 0 1.000000
portal_cleanser_Glass
0  9.542573 -0.122066 -9.224607  0.975785 -0.214700 -0.041809  0.452536 0.826211 1 0 1.000000
0  9.220325 -0.343163 -11.055550  0.245143 -0.969398 -0.013149  0.462878 0.822479 1 0 1.000000
0  9.453910 -0.122090 -11.067782  0.975217 -0.214971 -0.052348  0.462878 0.826211 1 0 1.000000
portal_cleanser_Glass
0  -8.048609 0.343524 -63.845547  0.057076 0.967383 -0.246803  0.786039 0.832682 1 0 1.000000
0  -8.981277 0.121581 -64.222359  0.100317 0.212609 -0.971974  0.791521 0.828951 1 0 1.000000
0  -9.007361 0.342250 -63.990440  0.024935 0.966990 -0.253590  0.791521 0.832682 1 0 1.000000
portal_cleanser_Glass
0  -9.018108 0.349349 63.989819  0.025108 0.967933 0.249952  0.010003 0.832682 1 0 1.000000
0  -8.131811 0.383955 63.511570  0.021278 0.995196 0.095557  0.015506 0.836568 1 0 1.000000
0  -9.048053 0.384015 63.646744  0.008845 0.994820 0.101266  0.010003 0.836568 1 0 1.000000
portal_cleanser_Glass
0  -5.456181 0.349742 62.595459  0.148505 0.970473 0.190075  0.031949 0.832682 1 0 1.000000
0  -4.873284 0.384872 61.630768  0.074698 0.994290 0.076211  0.037961 0.836568 1 0 1.000000
0  -5.655726 0.384904 62.312920  0.062879 0.994762 0.080590  0.031949 0.836568 1 0 1.000000
portal_cleanser_Glass
0  -2.259711 0.338817 59.128189  0.215524 0.964311 0.153796  0.058572 0.832682 1 0 1.000000
0  -3.392891 0.383561 60.008381  0.094546 0.992604 0.076151  0.050653 0.836568 1 0 1.000000
0  -3.131879 0.341181 60.232735  0.201839 0.965584 0.164041  0.050653 0.832682 1 0 1.000000
portal_cleanser_Glass
0  -1.224960 0.339326 57.567932  0.222943 0.965089 0.137473  0.069099 0.832682 1 0 1.000000
0  -2.537143 0.382903 58.924557  0.102534 0.992042 0.073069  0.058572 0.836568 1 0 1.000000
0  -2.259711 0.338817 59.128189  0.215524 0.964311 0.153796  0.058572 0.832682 1 0 1.000000
portal_cleanser_Glass
0  9.186344 2.716716 8.225993  0.566695 0.174066 -0.805331  0.842689 0.819346 1 0 1.000000
0  8.653765 2.885629 8.109543  0.078366 0.013369 -0.996835  0.839965 0.814311 1 0 1.000000
0  9.010586 3.056145 8.217698  0.531254 0.271012 -0.802697  0.842689 0.814311 1 0 1.000000
portal_cleanser_Glass
0  1.275484 0.343149 52.586548  0.227672 0.968850 0.097442  0.100436 0.832682 1 0 1.000000
0  0.209034 0.383313 54.133198  0.106404 0.993043 0.050445  0.090052 0.836568 1 0 1.000000
0  0.522369 0.342692 54.275883  0.227239 0.967874 0.107626  0.090052 0.832682 1 0 1.000000
portal_cleanser_Glass
0  3.203547 0.343277 47.373653  0.234464 0.969186 0.075535  0.131656 0.832682 1 0 1.000000
0  2.294461 0.383311 49.019913  0.108877 0.993322 0.038175  0.121218 0.836568 1 0 1.000000
0  2.618267 0.343304 49.137505  0.233066 0.969017 0.081768  0.121218 0.832682 1 0 1.000000
portal_cleanser_Glass
0  6.011384 -0.343103 -36.658180  0.240570 -0.969326 -0.050322  0.607800 0.822479 1 0 1.000000
0  5.284337 -0.383278 -38.384918  0.113256 -0.993237 -0.025558  0.618166 0.818592 1 0 1.000000
0  5.619074 -0.343092 -38.463257  0.239980 -0.969298 -0.053585  0.618166 0.822479 1 0 1.000000
portal_cleanser_Glass
0  5.198540 0.343259 40.260303  0.238623 0.969325 0.058890  0.173125 0.832682 1 0 1.000000
0  4.412116 0.383299 41.966404  0.111887 0.993287 0.029367  0.162759 0.836568 1 0 1.000000
0  4.745412 0.343255 42.050972  0.237459 0.969289 0.063968  0.162759 0.832682 1 0 1.000000
portal_cleanser_Glass
0  6.013371 0.343247 36.664070  0.240581 0.969322 0.050358  0.193815 0.832682 1 0 1.000000
0  5.285227 0.383300 38.390274  0.112792 0.993290 0.025549  0.183448 0.836568 1 0 1.000000
0  5.620018 0.343258 38.468910  0.239693 0.969329 0.054303  0.183448 0.832682 1 0 1.000000
portal_cleanser_Glass
0  6.377576 0.343233 34.853592  0.241168 0.969355 0.046794  0.204179 0.832682 1 0 1.000000
0  5.676842 0.383300 36.591236  0.113096 0.993302 0.023675  0.193815 0.836568 1 0 1.000000
0  6.013371 0.343247 36.664070  0.240581 0.969322 0.050358  0.193815 0.832682 1 0 1.000000
portal_cleanser_Glass
0  6.717158 0.343229 33.039650  0.241634 0.969377 0.043819  0.214534 0.832682 1 0 1.000000
0  6.039803 0.383299 34.786182  0.113430 0.993302 0.022017  0.204179 0.836568 1 0 1.000000
0  6.377576 0.343233 34.853592  0.241168 0.969355 0.046794  0.204179 0.832682 1 0 1.000000
portal_cleanser_Glass
0  6.954735 -0.122117 -33.077381  0.960493 -0.216286 -0.175136  0.587078 0.826211 1 0 1.000000
0  6.380140 -0.343102 -34.849163  0.241148 -0.969326 -0.047494  0.597439 0.822479 1 0 1.000000
0  6.610326 -0.122195 -34.895073  0.957808 -0.217035 -0.188413  0.597439 0.826211 1 0 1.000000
portal_cleanser_Glass
0  9.508369 -0.343128 0.001322  0.245616 -0.969367 0.000227  0.400817 0.822479 1 0 1.000000
0  9.733037 -0.122050 1.847393  0.976610 -0.214857 0.008302  0.390469 0.826211 1 0 1.000000
0  9.499459 -0.343147 1.845707  0.245413 -0.969416 0.002154  0.390469 0.822479 1 0 1.000000
portal_cleanser_Glass
0  8.343019 0.383292 -18.381208  0.115443 0.993261 -0.010244  0.504262 0.836568 1 0 1.000000
0  8.513959 0.343153 -20.248116  0.244275 0.969412 -0.023881  0.514610 0.832682 1 0 1.000000
0  8.171852 0.383293 -20.214174  0.115405 0.993254 -0.011324  0.514610 0.836568 1 0 1.000000
portal_cleanser_Glass
0  8.111075 0.343205 23.921360  0.243808 0.969361 0.029958  0.266298 0.832682 1 0 1.000000
0  7.532806 0.383296 25.704281  0.114625 0.993287 0.015549  0.255949 0.836568 1 0 1.000000
0  7.873820 0.343216 25.750626  0.243289 0.969393 0.032973  0.255949 0.832682 1 0 1.000000
portal_cleanser_Glass
0  8.324667 0.343191 22.085661  0.244247 0.969341 0.026859  0.276670 0.832682 1 0 1.000000
0  7.769243 0.383297 23.878611  0.114737 0.993296 0.014100  0.266298 0.836568 1 0 1.000000
0  8.111075 0.343205 23.921360  0.243808 0.969361 0.029958  0.266298 0.832682 1 0 1.000000
portal_cleanser_Glass
0  8.514080 0.343214 20.252493  0.244261 0.969405 0.024286  0.287009 0.832682 1 0 1.000000
0  7.982006 0.383296 22.049517  0.114931 0.993293 0.012631  0.276670 0.836568 1 0 1.000000
0  8.324667 0.343191 22.085661  0.244247 0.969341 0.026859  0.276670 0.832682 1 0 1.000000
portal_cleanser_Glass
0  8.985203 0.343201 14.742068  0.244350 0.969515 0.018277  0.318039 0.832682 1 0 1.000000
0  8.500974 0.383296 16.551739  0.115248 0.993293 0.009274  0.307702 0.836568 1 0 1.000000
0  8.844377 0.343195 16.579313  0.244565 0.969433 0.019710  0.307702 0.832682 1 0 1.000000
portal_cleanser_Glass
0  8.557077 -0.122135 22.110292  0.970639 -0.215589 0.106679  0.276670 0.826211 1 0 1.000000
0  8.111075 -0.343213 23.921356  0.243853 -0.969349 0.029969  0.266298 0.822479 1 0 1.000000
0  8.324668 -0.343199 22.085661  0.244242 -0.969343 0.026826  0.276670 0.822479 1 0 1.000000
portal_cleanser_Glass
0  8.685616 -0.343156 -18.411860  0.244474 -0.969414 -0.021640  0.504262 0.822479 1 0 1.000000
0  8.171852 -0.383289 -20.214174  0.115408 -0.993253 -0.011347  0.514610 0.818592 1 0 1.000000
0  8.513957 -0.343150 -20.248114  0.244295 -0.969406 -0.023899  0.514610 0.822479 1 0 1.000000
portal_cleanser_Glass
0  9.499458 0.343145 1.845702  0.245430 0.969411 0.002396  0.390469 0.832682 1 0 1.000000
0  9.132131 0.383290 3.683945  0.115742 0.993277 0.001907  0.380124 0.836568 1 0 1.000000
0  9.476520 0.343153 3.689364  0.245413 0.969410 0.004053  0.380124 0.832682 1 0 1.000000
portal_cleanser_Glass
0  9.155526 0.383285 1.843281  0.115908 0.993259 0.001011  0.390469 0.836568 1 0 1.000000
0  9.508368 0.343134 0.001325  0.245613 0.969368 -0.000107  0.400817 0.832682 1 0 1.000000
0  9.163950 0.383286 0.002450  0.115792 0.993273 -0.000119  0.400817 0.836568 1 0 1.000000
portal_cleanser_Glass
0  -4.950570 0.385036 -61.709660  0.071489 0.994414 -0.077650  0.764289 0.836569 1 0 1.000000
0  -5.467545 0.349757 -62.575596  0.142788 0.970857 -0.192478  0.769664 0.832682 1 0 1.000000
0  -5.666377 0.384869 -62.293785  0.061399 0.994645 -0.083135  0.769664 0.836569 1 0 1.000000
portal_cleanser_Glass
0  -0.623694 0.383258 -55.773438  0.104690 0.992927 -0.055998  0.722068 0.836569 1 0 1.000000
0  -1.242050 0.341631 -57.554066  0.218039 0.966713 -0.133885  0.732512 0.832682 1 0 1.000000
0  -1.535674 0.383248 -57.374699  0.102143 0.992779 -0.062899  0.732512 0.836569 1 0 1.000000
portal_cleanser_Glass
0  1.968268 -0.343041 -50.867893  0.230264 -0.968970 -0.089869  0.690805 0.822479 1 0 1.000000
0  0.952438 -0.383263 -52.444180  0.107210 -0.993171 -0.046016  0.701200 0.818592 1 0 1.000000
0  1.267990 -0.342938 -52.581730  0.227903 -0.968804 -0.097355  0.701200 0.822479 1 0 1.000000
portal_cleanser_Glass
0  0.952439 0.383271 -52.444191  0.106991 0.993196 -0.045994  0.701200 0.836569 1 0 1.000000
0  0.510729 0.342332 -54.270351  0.226110 0.968164 -0.107388  0.711589 0.832682 1 0 1.000000
0  0.199250 0.383257 -54.124352  0.106315 0.993049 -0.050508  0.711589 0.836569 1 0 1.000000
portal_cleanser_Glass
0  2.292183 0.383279 -49.012470  0.109537 0.993228 -0.038735  0.680344 0.836569 1 0 1.000000
0  1.968268 0.343044 -50.867893  0.230582 0.968950 -0.089265  0.690805 0.832682 1 0 1.000000
0  1.649208 0.383276 -50.739658  0.108262 0.993223 -0.042272  0.690805 0.836569 1 0 1.000000
portal_cleanser_Glass
0  2.876779 0.383282 -47.266510  0.110562 0.993234 -0.035530  0.669961 0.836569 1 0 1.000000
0  2.617810 0.343059 -49.122959  0.233086 0.968958 -0.082409  0.680344 0.832682 1 0 1.000000
0  2.292183 0.383279 -49.012470  0.109537 0.993228 -0.038735  0.680344 0.836569 1 0 1.000000
portal_cleanser_Glass
0  4.486731 0.122077 43.896408  0.940188 0.215240 0.264041  0.152388 0.828951 1 0 1.000000
0  3.747302 0.343278 45.608624  0.235553 0.969311 0.070367  0.142021 0.832682 1 0 1.000000
0  3.971137 0.122032 45.674431  0.935809 0.214735 0.279554  0.142021 0.828951 1 0 1.000000
portal_cleanser_Glass
0  5.675260 0.383285 -36.585735  0.113565 0.993243 -0.023916  0.607800 0.836569 1 0 1.000000
0  5.619075 0.343102 -38.463249  0.239895 0.969288 -0.054137  0.618166 0.832682 1 0 1.000000
0  5.284337 0.383284 -38.384914  0.113250 0.993238 -0.025553  0.618166 0.836569 1 0 1.000000
portal_cleanser_Glass
0  4.413416 0.383284 -41.961620  0.112309 0.993236 -0.029463  0.638858 0.836569 1 0 1.000000
0  4.262167 0.343096 -43.829578  0.236627 0.969306 -0.066740  0.649230 0.832682 1 0 1.000000
0  3.930562 0.383283 -43.738384  0.111740 0.993243 -0.031356  0.649230 0.836569 1 0 1.000000
portal_cleanser_Glass
0  8.325556 -0.343129 -22.081734  0.244180 -0.969361 -0.026735  0.524951 0.822479 1 0 1.000000
0  7.770119 -0.383286 -23.874136  0.114943 -0.993272 -0.014075  0.535318 0.818592 1 0 1.000000
0  8.112038 -0.343115 -23.916710  0.243857 -0.969352 -0.029844  0.535318 0.822479 1 0 1.000000
portal_cleanser_Glass
0  9.741793 0.122039 0.000615  0.976651 0.214831 -0.000883  0.400817 0.828951 1 0 1.000000
0  9.499458 0.343145 1.845702  0.245430 0.969411 0.002396  0.390469 0.832682 1 0 1.000000
0  9.733038 0.122049 1.847395  0.976612 0.214845 0.008370  0.390469 0.828951 1 0 1.000000
portal_cleanser_Glass
0  9.733037 -0.122050 1.847393  0.976610 -0.214857 0.008302  0.390469 0.826211 1 0 1.000000
0  9.476521 -0.343152 3.689364  0.245440 -0.969403 0.004057  0.380124 0.822479 1 0 1.000000
0  9.499459 -0.343147 1.845707  0.245413 -0.969416 0.002154  0.390469 0.822479 1 0 1.000000
portal_cleanser_Glass
0  7.770119 0.383290 -23.874136  0.114947 0.993272 -0.014074  0.535318 0.836568 1 0 1.000000
0  7.876985 0.343115 -25.745871  0.243447 0.969361 -0.032746  0.545666 0.832682 1 0 1.000000
0  7.535498 0.383290 -25.699965  0.114781 0.993271 -0.015434  0.545666 0.836568 1 0 1.000000
portal_cleanser_Glass
0  5.676842 -0.383314 36.591244  0.113103 -0.993301 0.023687  0.193815 0.818592 1 0 1.000000
0  5.620018 -0.343266 38.468903  0.239580 -0.969358 0.054288  0.183448 0.822479 1 0 1.000000
0  5.285227 -0.383314 38.390282  0.112818 -0.993287 0.025542  0.183448 0.818592 1 0 1.000000
portal_cleanser_Glass
0  9.034505 0.383293 -7.359201  0.115782 0.993267 -0.003847  0.442182 0.836568 1 0 1.000000
0  9.309039 0.343178 -9.214272  0.245316 0.969390 -0.010161  0.452536 0.832682 1 0 1.000000
0  8.965446 0.383295 -9.198927  0.115754 0.993266 -0.004963  0.452536 0.836568 1 0 1.000000
portal_cleanser_Glass
0  9.125839 0.383290 -3.678689  0.115737 0.993278 -0.002023  0.421494 0.836568 1 0 1.000000
0  9.431406 0.343164 -5.528234  0.245379 0.969408 -0.006080  0.431843 0.832682 1 0 1.000000
0  9.087708 0.383290 -5.519249  0.115882 0.993259 -0.002868  0.431843 0.836568 1 0 1.000000
portal_cleanser_Glass
0  -2.537140 -0.382930 58.924538  0.102780 -0.991997 0.073343  0.058572 0.818592 1 0 1.000000
0  -3.131879 -0.341210 60.232731  0.201767 -0.965612 0.163963  0.050653 0.822479 1 0 1.000000
0  -3.392915 -0.383589 60.008389  0.094289 -0.992634 0.076078  0.050653 0.818592 1 0 1.000000
portal_cleanser_Glass
0  1.490215 0.121995 52.678261  0.897921 0.215632 0.383719  0.100436 0.828951 1 0 1.000000
0  0.522369 0.342692 54.275883  0.227239 0.967874 0.107626  0.090052 0.832682 1 0 1.000000
0  0.734585 0.121059 54.372955  0.883075 0.216604 0.416247  0.090052 0.828951 1 0 1.000000
portal_cleanser_Glass
0  1.655324 -0.383346 50.746880  0.107370 -0.993338 0.041846  0.110826 0.818592 1 0 1.000000
0  1.275483 -0.343170 52.586559  0.227755 -0.968840 0.097352  0.100436 0.822479 1 0 1.000000
0  0.958517 -0.383352 52.451302  0.106533 -0.993262 0.045623  0.100436 0.818592 1 0 1.000000
portal_cleanser_Glass
0  3.427217 0.122166 47.443554  0.930112 0.215230 0.297603  0.131656 0.828951 1 0 1.000000
0  2.618267 0.343304 49.137505  0.233066 0.969017 0.081768  0.121218 0.832682 1 0 1.000000
0  2.837758 0.122060 49.216991  0.921533 0.214813 0.323469  0.121218 0.828951 1 0 1.000000
portal_cleanser_Glass
0  8.876984 0.383294 -11.037514  0.115755 0.993258 -0.006206  0.462878 0.836568 1 0 1.000000
0  9.111562 0.343147 -12.899243  0.245068 0.969380 -0.015631  0.473243 0.832682 1 0 1.000000
0  8.767863 0.383293 -12.875509  0.115503 0.993279 -0.007502  0.473243 0.836568 1 0 1.000000
portal_cleanser_Glass
0  9.237880 0.343188 11.063385  0.245921 0.969210 0.012483  0.338727 0.832682 1 0 1.000000
0  8.776172 0.383294 12.880931  0.115477 0.993278 0.007939  0.328367 0.836568 1 0 1.000000
0  9.119375 0.343197 12.905786  0.244783 0.969432 0.016800  0.328367 0.832682 1 0 1.000000
portal_cleanser_Glass
0  7.267546 0.122099 31.257542  0.962698 0.215471 0.163658  0.224907 0.828951 1 0 1.000000
0  6.717158 0.343229 33.039650  0.241634 0.969377 0.043819  0.214534 0.832682 1 0 1.000000
0  6.947233 0.122125 33.082390  0.960676 0.216179 0.174262  0.214534 0.828951 1 0 1.000000
portal_cleanser_Glass
0  4.863774 -0.383314 40.181561  0.112350 -0.993290 0.027437  0.173125 0.818592 1 0 1.000000
0  4.745414 -0.343267 42.050964  0.237903 -0.969282 0.062405  0.162759 0.822479 1 0 1.000000
0  4.412115 -0.383316 41.966408  0.111898 -0.993286 0.029358  0.162759 0.818592 1 0 1.000000
portal_cleanser_Glass
0  8.105145 0.122022 25.782059  0.967917 0.214200 0.131359  0.255949 0.828951 1 0 1.000000
0  7.614987 0.343222 27.576569  0.242897 0.969381 0.036067  0.245601 0.832682 1 0 1.000000
0  7.846094 0.122038 27.610271  0.966362 0.214221 0.142320  0.245601 0.828951 1 0 1.000000
portal_cleanser_Glass
0  9.155527 -0.383287 1.843284  0.115906 -0.993260 0.000987  0.390469 0.818592 1 0 1.000000
0  9.476521 -0.343152 3.689364  0.245440 -0.969403 0.004057  0.380124 0.822479 1 0 1.000000
0  9.132132 -0.383293 3.683950  0.115743 -0.993277 0.001921  0.380124 0.818592 1 0 1.000000
portal_cleanser_Glass
0  9.073211 0.122127 -16.592545  0.973325 0.215651 -0.078313  0.493914 0.828951 1 0 1.000000
0  8.685616 0.343159 -18.411863  0.244469 0.969415 -0.021685  0.504262 0.832682 1 0 1.000000
0  8.839944 0.343149 -16.574034  0.244473 0.969455 -0.019720  0.493914 0.832682 1 0 1.000000
portal_cleanser_Glass
0  3.930562 0.383283 -43.738384  0.111740 0.993243 -0.031356  0.649230 0.836569 1 0 1.000000
0  3.748721 0.343084 -45.603973  0.235617 0.969293 -0.070400  0.659596 0.832682 1 0 1.000000
0  3.418366 0.383284 -45.506863  0.111115 0.993253 -0.033205  0.659596 0.836569 1 0 1.000000
portal_cleanser_Glass
0  9.471292 0.122080 11.076740  0.975207 0.214987 0.052459  0.338727 0.828951 1 0 1.000000
0  9.119375 0.343197 12.905786  0.244783 0.969432 0.016800  0.328367 0.832682 1 0 1.000000
0  9.352326 0.121993 12.922599  0.974531 0.214001 0.067036  0.328367 0.828951 1 0 1.000000
portal_cleanser_Glass
0  9.542573 0.122067 -9.224607  0.975786 0.214700 -0.041782  0.452536 0.828951 1 0 1.000000
0  9.220326 0.343164 -11.055547  0.245164 0.969392 -0.013186  0.462878 0.832682 1 0 1.000000
0  9.309039 0.343178 -9.214272  0.245316 0.969390 -0.010161  0.452536 0.832682 1 0 1.000000
portal_cleanser_Glass
0  -2.077373 0.118103 -59.253574  0.794015 0.216792 -0.567927  0.743021 0.828951 1 0 1.000000
0  -3.419244 0.339868 -60.601765  0.204654 0.964998 -0.164001  0.753594 0.832682 1 0 1.000000
0  -2.265643 0.340114 -59.118107  0.212269 0.965280 -0.152240  0.743021 0.832682 1 0 1.000000
portal_cleanser_Glass
0  0.510729 0.342332 -54.270351  0.226110 0.968164 -0.107388  0.711589 0.832682 1 0 1.000000
0  -0.116955 0.120359 -56.050724  0.861172 0.216724 -0.459797  0.722068 0.828951 1 0 1.000000
0  -0.321779 0.342129 -55.938808  0.223532 0.967441 -0.118705  0.722068 0.832682 1 0 1.000000
portal_cleanser_Glass
0  6.954735 0.122120 -33.077377  0.960502 0.216286 -0.175091  0.587078 0.828951 1 0 1.000000
0  6.380140 0.343109 -34.849163  0.241153 0.969326 -0.047452  0.597439 0.832682 1 0 1.000000
0  6.724775 0.343100 -33.035202  0.241817 0.969319 -0.044101  0.587078 0.832682 1 0 1.000000
portal_cleanser_Glass
0  5.199660 0.343095 -40.255100  0.238646 0.969259 -0.059875  0.628489 0.832682 1 0 1.000000
0  4.974049 0.122205 -42.104073  0.944232 0.216924 -0.247730  0.638858 0.828951 1 0 1.000000
0  4.746650 0.343092 -42.046257  0.237999 0.969258 -0.062412  0.638858 0.832682 1 0 1.000000
portal_cleanser_Glass
0  8.343843 -0.122112 -23.945486  0.969308 -0.215336 -0.118629  0.535318 0.826211 1 0 1.000000
0  7.876984 -0.343112 -25.745874  0.243393 -0.969375 -0.032745  0.545666 0.822479 1 0 1.000000
0  8.108492 -0.122116 -25.776941  0.967718 -0.215877 -0.130074  0.545666 0.826211 1 0 1.000000
portal_cleanser_Glass
0  8.477392 -3.690386 16.148384  0.830148 -0.514320 -0.215242  0.902175 0.667520 1 0 1.000000
0  8.782169 -3.077863 16.662693  0.813383 -0.450080 0.368559  0.905643 0.658911 1 0 1.000000
0  8.444397 -3.667477 16.668898  0.794065 -0.489907 0.359794  0.905643 0.667520 1 0 1.000000
portal_cleanser_Glass
0  -9.979335 -0.384105 63.694477  0.003675 -0.994473 0.104927  0.004489 0.818592 1 0 1.000000
0  -9.018108 -0.349392 63.989819  0.022788 -0.967934 0.250168  0.010003 0.822479 1 0 1.000000
0  -9.994370 -0.346081 64.039696  0.010732 -0.966043 0.258158  0.004489 0.822479 1 0 1.000000
portal_cleanser_Glass
0  -8.131811 -0.383987 63.511562  0.021105 -0.995256 0.094974  0.015506 0.818592 1 0 1.000000
0  -7.128917 -0.349697 63.567673  0.089965 -0.969436 0.228255  0.020975 0.822479 1 0 1.000000
0  -8.054871 -0.350424 63.848221  0.053562 -0.968666 0.242523  0.015506 0.822479 1 0 1.000000
portal_cleanser_Glass
0  -7.045889 0.124644 63.789474  0.355384 0.208526 0.911163  0.020975 0.828951 1 0 1.000000
0  -8.054869 0.350380 63.848221  0.052811 0.968668 0.242680  0.015506 0.832682 1 0 1.000000
0  -8.001629 0.123746 64.078300  0.212565 0.208621 0.954617  0.015506 0.828951 1 0 1.000000
portal_cleanser_Glass
0  -8.131811 -0.383987 63.511562  0.021105 -0.995256 0.094974  0.015506 0.818592 1 0 1.000000
0  -9.018108 -0.349392 63.989819  0.022788 -0.967934 0.250168  0.010003 0.822479 1 0 1.000000
0  -9.048053 -0.384047 63.646740  0.008817 -0.994820 0.101274  0.010003 0.818592 1 0 1.000000
portal_cleanser_Glass
0  -5.456181 0.349742 62.595459  0.148505 0.970473 0.190075  0.031949 0.832682 1 0 1.000000
0  -6.420074 0.384368 62.838894  0.050606 0.994932 0.086889  0.026455 0.836568 1 0 1.000000
0  -6.257493 0.349320 63.144779  0.121785 0.970054 0.210150  0.026455 0.832682 1 0 1.000000
portal_cleanser_Glass
0  -4.651194 -0.348168 61.895618  0.169811 -0.969679 0.175745  0.037961 0.822479 1 0 1.000000
0  -3.743312 -0.121776 61.291458  0.721965 -0.215598 0.657483  0.043987 0.826211 1 0 1.000000
0  -4.497720 -0.124948 62.076263  0.673271 -0.213470 0.707910  0.037961 0.826211 1 0 1.000000
portal_cleanser_Glass
0  -7.050734 -0.124141 -63.766472  0.367806 -0.210407 -0.905786  0.780603 0.826211 1 0 1.000000
0  -8.048610 -0.343504 -63.845543  0.055610 -0.967379 -0.247154  0.786039 0.822479 1 0 1.000000
0  -7.993124 -0.123259 -64.073860  0.224556 -0.211161 -0.951307  0.786039 0.826211 1 0 1.000000
portal_cleanser_Glass
0  -7.134855 -0.345023 -63.546692  0.092612 -0.968560 -0.230901  0.780603 0.822479 1 0 1.000000
0  -8.130920 -0.383545 -63.511112  0.025406 -0.993316 -0.112593  0.786039 0.818592 1 0 1.000000
0  -8.048610 -0.343504 -63.845543  0.055610 -0.967379 -0.247154  0.786039 0.822479 1 0 1.000000
portal_cleanser_Glass
0  -5.467544 -0.349752 -62.575600  0.142870 -0.970839 -0.192507  0.769664 0.822479 1 0 1.000000
0  -6.427275 -0.384109 -62.815353  0.051920 -0.994316 -0.092954  0.775089 0.818592 1 0 1.000000
0  -6.260239 -0.347174 -63.117035  0.121959 -0.969390 -0.213093  0.775089 0.822479 1 0 1.000000
portal_cleanser_Glass
0  8.557553 -0.122031 -22.106485  0.970690 -0.215391 -0.106618  0.524951 0.826211 1 0 1.000000
0  8.112038 -0.343115 -23.916710  0.243857 -0.969352 -0.029844  0.535318 0.822479 1 0 1.000000
0  8.343843 -0.122112 -23.945486  0.969308 -0.215336 -0.118629  0.535318 0.826211 1 0 1.000000
portal_cleanser_Glass
0  -9.976589 0.383353 -63.702099  0.006390 0.992749 -0.120039  0.796999 0.836569 1 0 1.000000
0  -9.007361 0.342250 -63.990440  0.024935 0.966990 -0.253590  0.791521 0.832682 1 0 1.000000
0  -9.976237 0.341372 -64.046478  0.013889 0.965944 -0.258379  0.796999 0.832682 1 0 1.000000
portal_cleanser_Glass
0  -6.427274 0.384116 -62.815350  0.051925 0.994315 -0.092957  0.775089 0.836569 1 0 1.000000
0  -5.467545 0.349757 -62.575596  0.142788 0.970857 -0.192478  0.769664 0.832682 1 0 1.000000
0  -6.260239 0.347178 -63.117031  0.121941 0.969406 -0.213032  0.775089 0.832682 1 0 1.000000
portal_cleanser_Glass
0  9.476521 -0.343152 3.689364  0.245440 -0.969403 0.004057  0.380124 0.822479 1 0 1.000000
0  9.672553 -0.122163 5.539193  0.976056 -0.216085 0.024918  0.369777 0.826211 1 0 1.000000
0  9.438697 -0.343154 5.533193  0.245491 -0.969379 0.006182  0.369777 0.822479 1 0 1.000000
portal_cleanser_Glass
0  7.846095 -0.122050 27.610270  0.966354 -0.214249 0.142330  0.245601 0.826211 1 0 1.000000
0  7.567090 0.122039 29.435366  0.964630 0.214621 0.153057  0.235255 0.828951 1 0 1.000000
0  7.567090 -0.122051 29.435364  0.964630 -0.214641 0.153031  0.235255 0.826211 1 0 1.000000
portal_cleanser_Glass
0  8.641742 -0.383302 14.716487  0.115313 -0.993292 0.008644  0.318039 0.818592 1 0 1.000000
0  8.844377 -0.343198 16.579311  0.244614 -0.969421 0.019666  0.307702 0.822479 1 0 1.000000
0  8.500975 -0.383303 16.551744  0.115264 -0.993292 0.009284  0.307702 0.818592 1 0 1.000000
portal_cleanser_Glass
0  9.309040 -0.343176 -9.214276  0.245305 -0.969389 -0.010513  0.452536 0.822479 1 0 1.000000
0  8.876984 -0.383293 -11.037516  0.115761 -0.993258 -0.006229  0.462878 0.818592 1 0 1.000000
0  9.220325 -0.343163 -11.055550  0.245143 -0.969398 -0.013149  0.462878 0.822479 1 0 1.000000
portal_cleanser_Glass
0  -3.876989 0.125400 -61.476143  0.708490 0.215459 -0.672026  0.758913 0.828951 1 0 1.000000
0  -4.574226 -0.125486 -62.154682  0.650007 -0.210768 -0.730115  0.764289 0.826211 1 0 1.000000
0  -4.574651 0.130016 -62.154903  0.650017 0.213477 -0.729318  0.764289 0.828951 1 0 1.000000
portal_cleanser_Glass
0  6.717158 -0.343246 33.039654  0.241852 -0.969362 0.042945  0.214534 0.822479 1 0 1.000000
0  6.607083 -0.122140 34.899315  0.958552 -0.215605 0.186259  0.204179 0.826211 1 0 1.000000
0  6.377575 -0.343246 34.853588  0.241226 -0.969356 0.046466  0.204179 0.822479 1 0 1.000000
portal_cleanser_Glass
0  9.220325 -0.343163 -11.055550  0.245143 -0.969398 -0.013149  0.462878 0.822479 1 0 1.000000
0  8.767863 -0.383291 -12.875501  0.115515 -0.993277 -0.007487  0.473243 0.818592 1 0 1.000000
0  9.111560 -0.343145 -12.899253  0.245039 -0.969383 -0.015877  0.473243 0.822479 1 0 1.000000
portal_cleanser_Glass
0  7.876985 0.343115 -25.745871  0.243447 0.969361 -0.032746  0.545666 0.832682 1 0 1.000000
0  7.851693 0.122113 -27.605322  0.966238 0.215263 -0.141585  0.556012 0.828951 1 0 1.000000
0  7.620521 0.343113 -27.572060  0.243069 0.969356 -0.035578  0.556012 0.832682 1 0 1.000000
portal_cleanser_Glass
0  8.921741 0.122045 18.436590  0.972698 0.214986 0.087409  0.297360 0.828951 1 0 1.000000
0  8.514080 0.343214 20.252493  0.244261 0.969405 0.024286  0.287009 0.832682 1 0 1.000000
0  8.746716 0.122062 20.275541  0.971820 0.215066 0.096497  0.287009 0.828951 1 0 1.000000
portal_cleanser_Glass
0  7.873819 -0.343226 25.750622  0.243323 -0.969383 0.033013  0.255949 0.822479 1 0 1.000000
0  7.846095 -0.122050 27.610270  0.966354 -0.214249 0.142330  0.245601 0.826211 1 0 1.000000
0  7.614988 -0.343232 27.576559  0.242963 -0.969376 0.035756  0.245601 0.822479 1 0 1.000000
portal_cleanser_Glass
0  7.267546 -0.122105 31.257545  0.962708 -0.215421 0.163670  0.224907 0.826211 1 0 1.000000
0  6.717158 -0.343246 33.039654  0.241852 -0.969362 0.042945  0.214534 0.822479 1 0 1.000000
0  7.036801 -0.343239 31.219244  0.242115 -0.969373 0.041196  0.224907 0.822479 1 0 1.000000
portal_cleanser_Glass
0  8.171852 0.383293 -20.214174  0.115405 0.993254 -0.011324  0.514610 0.836568 1 0 1.000000
0  8.325555 0.343132 -22.081738  0.244197 0.969355 -0.026808  0.524951 0.832682 1 0 1.000000
0  7.982962 0.383293 -22.045210  0.115092 0.993274 -0.012637  0.524951 0.836568 1 0 1.000000
portal_cleanser_Glass
0  8.767863 0.383293 -12.875509  0.115503 0.993279 -0.007502  0.473243 0.836568 1 0 1.000000
0  8.981878 0.343146 -14.737297  0.244594 0.969459 -0.017998  0.483580 0.832682 1 0 1.000000
0  8.638314 0.383293 -14.711601  0.115442 0.993278 -0.008530  0.483580 0.836568 1 0 1.000000
portal_cleanser_Glass
0  4.746649 -0.343084 -42.046265  0.237982 -0.969264 -0.062387  0.638858 0.822479 1 0 1.000000
0  3.930564 -0.383276 -43.738380  0.111750 -0.993241 -0.031363  0.649230 0.818592 1 0 1.000000
0  4.262166 -0.343089 -43.829575  0.236741 -0.969300 -0.066417  0.649230 0.822479 1 0 1.000000
portal_cleanser_Glass
0  9.378420 -0.343160 -7.370293  0.245398 -0.969388 -0.008113  0.442182 0.822479 1 0 1.000000
0  8.965446 -0.383294 -9.198927  0.115751 -0.993266 -0.004957  0.452536 0.818592 1 0 1.000000
0  9.309040 -0.343176 -9.214276  0.245305 -0.969389 -0.010513  0.452536 0.822479 1 0 1.000000
portal_cleanser_Glass
0  7.273433 -0.122132 -31.256668  0.962757 -0.215512 -0.163257  0.576723 0.826211 1 0 1.000000
0  6.724775 -0.343094 -33.035198  0.241863 -0.969320 -0.043834  0.587078 0.822479 1 0 1.000000
0  6.954735 -0.122117 -33.077381  0.960493 -0.216286 -0.175136  0.587078 0.826211 1 0 1.000000
portal_cleanser_Glass
0  8.981878 0.343146 -14.737297  0.244594 0.969459 -0.017998  0.483580 0.832682 1 0 1.000000
0  9.073211 0.122127 -16.592545  0.973325 0.215651 -0.078313  0.493914 0.828951 1 0 1.000000
0  8.839944 0.343149 -16.574034  0.244473 0.969455 -0.019720  0.493914 0.832682 1 0 1.000000
portal_cleanser_Glass
0  9.344522 -0.122094 -12.915236  0.974507 -0.215266 -0.063212  0.473243 0.826211 1 0 1.000000
0  8.981880 -0.343143 -14.737288  0.244581 -0.969464 -0.017890  0.483580 0.822479 1 0 1.000000
0  9.214768 -0.122108 -14.754656  0.973805 -0.215722 -0.071894  0.483580 0.826211 1 0 1.000000
portal_cleanser_Glass
0  -1.535674 0.383248 -57.374699  0.102143 0.992779 -0.062899  0.732512 0.836569 1 0 1.000000
0  -2.265643 0.340114 -59.118107  0.212269 0.965280 -0.152240  0.743021 0.832682 1 0 1.000000
0  -2.544966 0.382992 -58.917309  0.100714 0.992303 -0.072047  0.743021 0.836569 1 0 1.000000
portal_cleanser_Glass
0  7.279494 0.383290 -27.522957  0.114606 0.993269 -0.016789  0.556012 0.836568 1 0 1.000000
0  7.341782 0.343128 -29.398308  0.242659 0.969350 -0.038435  0.566380 0.832682 1 0 1.000000
0  7.002054 0.383289 -29.343243  0.114486 0.993259 -0.018134  0.566380 0.836568 1 0 1.000000
portal_cleanser_Glass
0  7.846094 0.122038 27.610271  0.966362 0.214221 0.142320  0.245601 0.828951 1 0 1.000000
0  7.336316 0.343225 29.399458  0.242559 0.969372 0.038508  0.235255 0.832682 1 0 1.000000
0  7.567090 0.122039 29.435366  0.964630 0.214621 0.153057  0.235255 0.828951 1 0 1.000000
portal_cleanser_Glass
0  9.132132 -0.383293 3.683950  0.115743 -0.993277 0.001921  0.380124 0.818592 1 0 1.000000
0  9.438697 -0.343154 5.533193  0.245491 -0.969379 0.006182  0.369777 0.822479 1 0 1.000000
0  9.094361 -0.383294 5.524439  0.115715 -0.993278 0.002944  0.369777 0.818592 1 0 1.000000
portal_cleanser_Glass
0  7.532807 -0.383305 25.704281  0.114630 -0.993287 0.015545  0.255949 0.818592 1 0 1.000000
0  7.614988 -0.343232 27.576559  0.242963 -0.969376 0.035756  0.245601 0.822479 1 0 1.000000
0  7.274582 -0.383306 27.526937  0.114475 -0.993283 0.016858  0.245601 0.818592 1 0 1.000000
portal_cleanser_Glass
0  3.416873 -0.383322 45.511600  0.110632 -0.993311 0.033063  0.142021 0.818592 1 0 1.000000
0  3.203547 -0.343295 47.373657  0.234574 -0.969197 0.075049  0.131656 0.822479 1 0 1.000000
0  2.875194 -0.383322 47.271214  0.110089 -0.993298 0.035206  0.131656 0.818592 1 0 1.000000
portal_cleanser_Glass
0  8.689114 0.343211 18.416086  0.244555 0.969387 0.021931  0.297360 0.832682 1 0 1.000000
0  8.171812 0.383296 20.218649  0.115186 0.993278 0.011459  0.287009 0.836568 1 0 1.000000
0  8.514080 0.343214 20.252493  0.244261 0.969405 0.024286  0.287009 0.832682 1 0 1.000000
portal_cleanser_Glass
0  8.965446 0.383295 -9.198927  0.115754 0.993266 -0.004963  0.452536 0.836568 1 0 1.000000
0  9.220326 0.343164 -11.055547  0.245164 0.969392 -0.013186  0.462878 0.832682 1 0 1.000000
0  8.876984 0.383294 -11.037514  0.115755 0.993258 -0.006206  0.462878 0.836568 1 0 1.000000
portal_cleanser_Glass
0  4.262166 -0.343089 -43.829575  0.236741 -0.969300 -0.066417  0.649230 0.822479 1 0 1.000000
0  3.418368 -0.383276 -45.506855  0.111115 -0.993253 -0.033181  0.659596 0.818592 1 0 1.000000
0  3.748722 -0.343078 -45.603958  0.235635 -0.969290 -0.070382  0.659596 0.822479 1 0 1.000000
portal_cleanser_Glass
0  5.285227 -0.383314 38.390282  0.112818 -0.993287 0.025542  0.183448 0.818592 1 0 1.000000
0  5.198542 -0.343274 40.260303  0.238701 -0.969342 0.058293  0.173125 0.822479 1 0 1.000000
0  4.863774 -0.383314 40.181561  0.112350 -0.993290 0.027437  0.173125 0.818592 1 0 1.000000
portal_cleanser_Glass
0  8.497088 0.383291 -16.546774  0.115551 0.993258 -0.009296  0.493914 0.836568 1 0 1.000000
0  8.685616 0.343159 -18.411863  0.244469 0.969415 -0.021685  0.504262 0.832682 1 0 1.000000
0  8.343019 0.383292 -18.381208  0.115443 0.993261 -0.010244  0.504262 0.836568 1 0 1.000000
portal_cleanser_Glass
0  8.844377 0.343195 16.579313  0.244565 0.969433 0.019710  0.307702 0.832682 1 0 1.000000
0  8.346414 0.383296 18.385983  0.115266 0.993281 0.010357  0.297360 0.836568 1 0 1.000000
0  8.689114 0.343211 18.416086  0.244555 0.969387 0.021931  0.297360 0.832682 1 0 1.000000
portal_cleanser_Glass
0  -3.743312 -0.121776 61.291458  0.721965 -0.215598 0.657483  0.043987 0.826211 1 0 1.000000
0  -4.497724 0.124919 62.076267  0.673280 0.213450 0.707908  0.037961 0.828951 1 0 1.000000
0  -4.497720 -0.124948 62.076263  0.673271 -0.213470 0.707910  0.037961 0.826211 1 0 1.000000
portal_cleanser_Glass
0  -8.001626 -0.123775 64.078316  0.212561 -0.208553 0.954633  0.015506 0.826211 1 0 1.000000
0  -8.995088 0.122095 64.223312  0.094529 0.210612 0.972989  0.010003 0.828951 1 0 1.000000
0  -8.995085 -0.122127 64.223320  0.094505 -0.210536 0.973007  0.010003 0.826211 1 0 1.000000
portal_cleanser_Glass
0  8.112038 -0.343115 -23.916710  0.243857 -0.969352 -0.029844  0.535318 0.822479 1 0 1.000000
0  7.535497 -0.383285 -25.699965  0.114775 -0.993272 -0.015434  0.545666 0.818592 1 0 1.000000
0  7.876984 -0.343112 -25.745874  0.243393 -0.969375 -0.032745  0.545666 0.822479 1 0 1.000000
portal_cleanser_Glass
0  9.214768 -0.122108 -14.754656  0.973805 -0.215722 -0.071894  0.483580 0.826211 1 0 1.000000
0  8.839945 -0.343146 -16.574034  0.244472 -0.969455 -0.019758  0.493914 0.822479 1 0 1.000000
0  9.073212 -0.122123 -16.592541  0.973318 -0.215684 -0.078307  0.493914 0.826211 1 0 1.000000
portal_cleanser_Glass
0  -4.574651 0.130016 -62.154903  0.650017 0.213477 -0.729318  0.764289 0.828951 1 0 1.000000
0  -5.467545 0.349757 -62.575596  0.142788 0.970857 -0.192478  0.769664 0.832682 1 0 1.000000
0  -4.728281 0.348797 -61.974033  0.162878 0.970067 -0.180111  0.764289 0.832682 1 0 1.000000
portal_cleanser_Glass
0  -3.876606 -0.122053 -61.475883  0.708703 -0.213347 -0.672475  0.758913 0.826211 1 0 1.000000
0  -4.728282 -0.348791 -61.974033  0.163063 -0.969998 -0.180315  0.764289 0.822479 1 0 1.000000
0  -4.574226 -0.125486 -62.154682  0.650007 -0.210768 -0.730115  0.764289 0.826211 1 0 1.000000
portal_cleanser_Glass
0  4.488033 -0.122086 -43.891685  0.940219 -0.215201 -0.263962  0.649230 0.826211 1 0 1.000000
0  3.748722 -0.343078 -45.603958  0.235635 -0.969290 -0.070382  0.659596 0.822479 1 0 1.000000
0  3.972524 -0.122039 -45.669735  0.935812 -0.214763 -0.279523  0.659596 0.826211 1 0 1.000000
portal_cleanser_Glass
0  0.734585 -0.121079 54.372959  0.883053 -0.216709 0.416238  0.090052 0.826211 1 0 1.000000
0  -0.099693 0.119155 56.052174  0.862014 0.217029 0.458072  0.079590 0.828951 1 0 1.000000
0  -0.099695 -0.119189 56.052174  0.861999 -0.217023 0.458104  0.079590 0.826211 1 0 1.000000
portal_cleanser_Glass
0  7.678455 4.723801 16.673397  0.724768 0.593732 0.349562  0.813591 0.799371 1 0 1.000000
0  8.107288 4.238578 16.143581  0.791538 0.573815 -0.210248  0.817059 0.791100 1 0 1.000000
0  7.708061 4.749173 16.141937  0.756251 0.619700 -0.209896  0.817059 0.799371 1 0 1.000000
portal_cleanser_Glass
0  9.665314 0.122092 -5.534315  0.976208 0.215469 -0.024310  0.431843 0.828951 1 0 1.000000
0  9.378420 0.343161 -7.370288  0.245393 0.969389 -0.008153  0.442182 0.832682 1 0 1.000000
0  9.431406 0.343164 -5.528234  0.245379 0.969408 -0.006080  0.431843 0.832682 1 0 1.000000
portal_cleanser_Glass
0  9.220326 0.343164 -11.055547  0.245164 0.969392 -0.013186  0.462878 0.832682 1 0 1.000000
0  9.344521 0.122096 -12.915237  0.974510 0.215262 -0.063183  0.473243 0.828951 1 0 1.000000
0  9.111562 0.343147 -12.899243  0.245068 0.969380 -0.015631  0.473243 0.832682 1 0 1.000000
portal_cleanser_Glass
0  5.471977 -6.900716 9.508785  0.304501 -0.455687 0.836438  0.762745 0.070665 1 0 1.000000
0  5.162332 -6.632552 9.549942  -0.623590 -0.414503 0.662814  0.762713 0.076501 1 0 1.000000
0  5.347587 -6.949211 9.476646  -0.231395 -0.662377 0.712540  0.762006 0.071753 1 0 1.000000
portal_cleanser_Glass
0  3.418366 0.383284 -45.506863  0.111115 0.993253 -0.033205  0.659596 0.836569 1 0 1.000000
0  3.205055 0.343073 -47.369034  0.234662 0.969149 -0.075396  0.669961 0.832682 1 0 1.000000
0  2.876779 0.383282 -47.266510  0.110562 0.993234 -0.035530  0.669961 0.836569 1 0 1.000000
portal_cleanser_Glass
0  6.385997 0.383289 -32.972988  0.114019 0.993261 -0.020815  0.587078 0.836569 1 0 1.000000
0  6.380140 0.343109 -34.849163  0.241153 0.969326 -0.047452  0.597439 0.832682 1 0 1.000000
0  6.043025 0.383286 -34.781799  0.113895 0.993240 -0.022404  0.597439 0.836569 1 0 1.000000
portal_cleanser_Glass
0  7.982006 -0.383304 22.049517  0.114921 -0.993294 0.012641  0.276670 0.818592 1 0 1.000000
0  8.111075 -0.343213 23.921356  0.243853 -0.969349 0.029969  0.266298 0.822479 1 0 1.000000
0  7.769243 -0.383306 23.878611  0.114743 -0.993295 0.014108  0.266298 0.818592 1 0 1.000000
portal_cleanser_Glass
0  7.274582 -0.383306 27.526937  0.114475 -0.993283 0.016858  0.245601 0.818592 1 0 1.000000
0  7.336318 -0.343236 29.399450  0.242589 -0.969366 0.038478  0.235255 0.822479 1 0 1.000000
0  6.996392 -0.383307 29.346619  0.114273 -0.993284 0.018138  0.235255 0.818592 1 0 1.000000
portal_cleanser_Glass
0  9.382467 0.343182 7.375841  0.245128 0.969457 0.008083  0.359434 0.832682 1 0 1.000000
0  8.973229 0.383293 9.203767  0.115623 0.993283 0.004519  0.349103 0.836568 1 0 1.000000
0  9.317469 0.343166 9.216361  0.245395 0.969375 0.009624  0.349103 0.832682 1 0 1.000000
portal_cleanser_Glass
0  8.894562 -0.383298 11.043664  0.115670 -0.993268 0.006187  0.338727 0.818592 1 0 1.000000
0  9.119380 -0.343202 12.905782  0.244741 -0.969442 0.016871  0.328367 0.822479 1 0 1.000000
0  8.776173 -0.383301 12.880939  0.115470 -0.993279 0.007937  0.328367 0.818592 1 0 1.000000
portal_cleanser_Glass
0  8.557552 0.122032 -22.106476  0.970687 0.215394 -0.106640  0.524951 0.828951 1 0 1.000000
0  8.112040 0.343118 -23.916704  0.243864 0.969363 -0.029416  0.535318 0.832682 1 0 1.000000
0  8.325555 0.343132 -22.081738  0.244197 0.969355 -0.026808  0.524951 0.832682 1 0 1.000000
portal_cleanser_Glass
0  8.985206 -0.343206 14.742076  0.244331 -0.969519 0.018318  0.318039 0.822479 1 0 1.000000
0  9.077447 -0.122159 16.598078  0.973324 -0.215628 0.078386  0.307702 0.826211 1 0 1.000000
0  8.844377 -0.343198 16.579311  0.244614 -0.969421 0.019666  0.307702 0.822479 1 0 1.000000
portal_cleanser_Glass
0  -1.042977 0.120252 -57.675850  0.832535 0.217293 -0.509578  0.732512 0.828951 1 0 1.000000
0  -2.077372 -0.118094 -59.253574  0.794032 -0.216821 -0.567893  0.743021 0.826211 1 0 1.000000
0  -2.077373 0.118103 -59.253574  0.794015 0.216792 -0.567927  0.743021 0.828951 1 0 1.000000
portal_cleanser_Glass
0  9.038499 -0.383297 7.364408  0.115703 -0.993277 0.003804  0.359434 0.818592 1 0 1.000000
0  9.317468 -0.343166 9.216352  0.245398 -0.969374 0.009644  0.349103 0.822479 1 0 1.000000
0  8.973231 -0.383297 9.203769  0.115639 -0.993281 0.004535  0.349103 0.818592 1 0 1.000000
portal_cleanser_Glass
0  6.703756 0.383288 -31.159653  0.114387 0.993247 -0.019403  0.576723 0.836569 1 0 1.000000
0  6.724775 0.343100 -33.035202  0.241817 0.969319 -0.044101  0.587078 0.832682 1 0 1.000000
0  6.385997 0.383289 -32.972988  0.114019 0.993261 -0.020815  0.587078 0.836569 1 0 1.000000
portal_cleanser_Glass
0  -2.077373 0.118103 -59.253574  0.794015 0.216792 -0.567927  0.743021 0.828951 1 0 1.000000
0  -3.245210 -0.117357 -60.754635  0.758830 -0.216045 -0.614412  0.753594 0.826211 1 0 1.000000
0  -3.245199 0.117370 -60.754620  0.758882 0.216322 -0.614250  0.753594 0.828951 1 0 1.000000
portal_cleanser_Glass
0  -6.145522 -0.125796 63.354389  0.489836 -0.209332 0.846310  0.026455 0.826211 1 0 1.000000
0  -7.045889 0.124644 63.789474  0.355384 0.208526 0.911163  0.020975 0.828951 1 0 1.000000
0  -7.045887 -0.124673 63.789478  0.355339 -0.208526 0.911181  0.020975 0.826211 1 0 1.000000
portal_cleanser_Glass
0  9.077447 -0.122159 16.598078  0.973324 -0.215628 0.078386  0.307702 0.826211 1 0 1.000000
0  8.921741 0.122045 18.436590  0.972698 0.214986 0.087409  0.297360 0.828951 1 0 1.000000
0  8.921741 -0.122055 18.436592  0.972697 -0.214986 0.087410  0.297360 0.826211 1 0 1.000000
portal_cleanser_Glass
0  6.240803 -0.122162 -36.707500  0.955136 -0.217386 -0.201146  0.607800 0.826211 1 0 1.000000
0  5.619074 -0.343092 -38.463257  0.239980 -0.969298 -0.053585  0.618166 0.822479 1 0 1.000000
0  5.847698 -0.122202 -38.516548  0.952101 -0.217582 -0.214853  0.618166 0.826211 1 0 1.000000
portal_cleanser_Glass
0  5.847698 0.122208 -38.516552  0.952111 0.217517 -0.214874  0.618166 0.828951 1 0 1.000000
0  5.428201 -0.122200 -40.308731  0.948299 -0.217729 -0.230917  0.628489 0.826211 1 0 1.000000
0  5.428201 0.122207 -40.308735  0.948307 0.217679 -0.230934  0.628489 0.828951 1 0 1.000000
portal_cleanser_Glass
0  8.918778 0.122053 -18.432650  0.972636 0.215787 -0.086114  0.504262 0.828951 1 0 1.000000
0  8.747584 -0.122188 -20.271233  0.971684 -0.216112 -0.095534  0.514610 0.826211 1 0 1.000000
0  8.747584 0.122192 -20.271240  0.971681 0.216120 -0.095542  0.514610 0.828951 1 0 1.000000
portal_cleanser_Glass
0  9.729717 0.122110 -1.844726  0.976386 0.215798 -0.010045  0.411160 0.828951 1 0 1.000000
0  9.703938 -0.122109 -3.687718  0.976231 -0.216064 -0.017036  0.421494 0.826211 1 0 1.000000
0  9.703938 0.122109 -3.687715  0.976246 0.215996 -0.017018  0.421494 0.828951 1 0 1.000000
portal_cleanser_Glass
0  6.240804 0.122169 -36.707500  0.955139 0.217380 -0.201135  0.607800 0.828951 1 0 1.000000
0  5.847698 -0.122202 -38.516548  0.952101 -0.217582 -0.214853  0.618166 0.826211 1 0 1.000000
0  5.847698 0.122208 -38.516552  0.952111 0.217517 -0.214874  0.618166 0.828951 1 0 1.000000
portal_cleanser_Glass
0  7.572218 0.122041 -29.435528  0.964611 0.214905 -0.152778  0.566380 0.828951 1 0 1.000000
0  7.273433 -0.122132 -31.256668  0.962757 -0.215512 -0.163257  0.576723 0.826211 1 0 1.000000
0  7.273433 0.122134 -31.256676  0.962740 0.215552 -0.163308  0.576723 0.828951 1 0 1.000000
portal_cleanser_Glass
0  9.214768 0.122110 -14.754660  0.973805 0.215729 -0.071868  0.483580 0.828951 1 0 1.000000
0  9.073212 -0.122123 -16.592541  0.973318 -0.215684 -0.078307  0.493914 0.826211 1 0 1.000000
0  9.073211 0.122127 -16.592545  0.973325 0.215651 -0.078313  0.493914 0.828951 1 0 1.000000
portal_cleanser_Glass
0  4.972844 -0.122204 42.108810  0.944319 -0.216476 0.247791  0.162759 0.826211 1 0 1.000000
0  4.486731 0.122077 43.896408  0.940188 0.215240 0.264041  0.152388 0.828951 1 0 1.000000
0  4.486732 -0.122098 43.896404  0.940191 -0.215204 0.264060  0.152388 0.826211 1 0 1.000000
portal_cleanser_Glass
0  9.471292 -0.122088 11.076744  0.975199 -0.215039 0.052387  0.338727 0.826211 1 0 1.000000
0  9.352326 0.121993 12.922599  0.974531 0.214001 0.067036  0.328367 0.828951 1 0 1.000000
0  9.352326 -0.121995 12.922594  0.974530 -0.214001 0.067042  0.328367 0.826211 1 0 1.000000
portal_cleanser_Glass
0  5.428201 0.122207 -40.308735  0.948307 0.217679 -0.230934  0.628489 0.828951 1 0 1.000000
0  4.974051 -0.122194 -42.104069  0.944229 -0.216994 -0.247681  0.638858 0.826211 1 0 1.000000
0  4.974049 0.122205 -42.104073  0.944232 0.216924 -0.247730  0.638858 0.828951 1 0 1.000000
portal_cleanser_Glass
0  8.747584 0.122192 -20.271240  0.971681 0.216120 -0.095542  0.514610 0.828951 1 0 1.000000
0  8.557553 -0.122031 -22.106485  0.970690 -0.215391 -0.106618  0.524951 0.826211 1 0 1.000000
0  8.557552 0.122032 -22.106476  0.970687 0.215394 -0.106640  0.524951 0.828951 1 0 1.000000
portal_cleanser_Glass
0  3.427215 -0.122183 47.443550  0.930116 -0.215241 0.297581  0.131656 0.826211 1 0 1.000000
0  2.837758 0.122060 49.216991  0.921533 0.214813 0.323469  0.121218 0.828951 1 0 1.000000
0  2.837760 -0.122081 49.216988  0.921533 -0.214841 0.323450  0.121218 0.826211 1 0 1.000000
portal_cleanser_Glass
0  8.921741 -0.122055 18.436592  0.972697 -0.214986 0.087410  0.297360 0.826211 1 0 1.000000
0  8.746716 0.122062 20.275541  0.971820 0.215066 0.096497  0.287009 0.828951 1 0 1.000000
0  8.746718 -0.122067 20.275532  0.971821 -0.215083 0.096454  0.287009 0.826211 1 0 1.000000
portal_cleanser_Glass
0  4.486732 -0.122098 43.896404  0.940191 -0.215204 0.264060  0.152388 0.826211 1 0 1.000000
0  3.971137 0.122032 45.674431  0.935809 0.214735 0.279554  0.142021 0.828951 1 0 1.000000
0  3.971139 -0.122046 45.674423  0.935800 -0.214800 0.279534  0.142021 0.826211 1 0 1.000000
portal_cleanser_Glass
0  6.947234 -0.122134 33.082390  0.960676 -0.216213 0.174220  0.214534 0.826211 1 0 1.000000
0  6.607086 0.122127 34.899307  0.958558 0.215578 0.186258  0.204179 0.828951 1 0 1.000000
0  6.607083 -0.122140 34.899315  0.958552 -0.215605 0.186259  0.204179 0.826211 1 0 1.000000
portal_cleanser_Glass
0  6.954735 0.122120 -33.077377  0.960502 0.216286 -0.175091  0.587078 0.828951 1 0 1.000000
0  6.610326 -0.122195 -34.895073  0.957808 -0.217035 -0.188413  0.597439 0.826211 1 0 1.000000
0  6.610326 0.122200 -34.895077  0.957798 0.217082 -0.188411  0.597439 0.828951 1 0 1.000000
portal_cleanser_Glass
0  9.087708 0.383290 -5.519249  0.115882 0.993259 -0.002868  0.431843 0.836568 1 0 1.000000
0  9.378420 0.343161 -7.370288  0.245393 0.969389 -0.008153  0.442182 0.832682 1 0 1.000000
0  9.034505 0.383293 -7.359201  0.115782 0.993267 -0.003847  0.442182 0.836568 1 0 1.000000
portal_cleanser_Glass
0  -2.073517 -0.116390 59.264702  0.794029 -0.216138 0.568156  0.058572 0.826211 1 0 1.000000
0  -2.955437 0.118101 60.383564  0.753535 0.216913 0.620591  0.050653 0.828951 1 0 1.000000
0  -2.955436 -0.118128 60.383564  0.753514 -0.216938 0.620609  0.050653 0.826211 1 0 1.000000
portal_cleanser_Glass
0  -5.317718 -0.126653 62.789089  0.598995 -0.211438 0.772333  0.031949 0.826211 1 0 1.000000
0  -6.145524 0.125767 63.354389  0.489857 0.209344 0.846295  0.026455 0.828951 1 0 1.000000
0  -6.145522 -0.125796 63.354389  0.489836 -0.209332 0.846310  0.026455 0.826211 1 0 1.000000
portal_cleanser_Glass
0  9.119375 0.343197 12.905786  0.244783 0.969432 0.016800  0.328367 0.832682 1 0 1.000000
0  8.641743 0.383296 14.716483  0.115318 0.993291 0.008636  0.318039 0.836568 1 0 1.000000
0  8.985203 0.343201 14.742068  0.244350 0.969515 0.018277  0.318039 0.832682 1 0 1.000000
portal_cleanser_Glass
0  2.185232 0.122114 -50.954861  0.909859 0.214411 -0.355226  0.690805 0.828951 1 0 1.000000
0  1.481822 -0.121850 -52.674812  0.897807 -0.214229 -0.384772  0.701200 0.826211 1 0 1.000000
0  1.481825 0.121858 -52.674805  0.897817 0.214235 -0.384744  0.701200 0.828951 1 0 1.000000
portal_cleanser_Glass
0  9.073211 0.122127 -16.592545  0.973325 0.215651 -0.078313  0.493914 0.828951 1 0 1.000000
0  8.918778 -0.122051 -18.432653  0.972633 -0.215786 -0.086150  0.504262 0.826211 1 0 1.000000
0  8.918778 0.122053 -18.432650  0.972636 0.215787 -0.086114  0.504262 0.828951 1 0 1.000000
portal_cleanser_Glass
0  6.607083 -0.122140 34.899315  0.958552 -0.215605 0.186259  0.204179 0.826211 1 0 1.000000
0  6.241488 0.122014 36.713322  0.955920 0.214779 0.200216  0.193815 0.828951 1 0 1.000000
0  6.241491 -0.122032 36.713303  0.955929 -0.214790 0.200164  0.193815 0.826211 1 0 1.000000
portal_cleanser_Glass
0  9.741793 0.122039 0.000615  0.976651 0.214831 -0.000883  0.400817 0.828951 1 0 1.000000
0  9.729718 -0.122112 -1.844724  0.976405 -0.215715 -0.010029  0.411160 0.826211 1 0 1.000000
0  9.729717 0.122110 -1.844726  0.976386 0.215798 -0.010045  0.411160 0.828951 1 0 1.000000
portal_cleanser_Glass
0  9.615873 -0.122055 7.383587  0.975882 -0.215931 0.032074  0.359434 0.826211 1 0 1.000000
0  9.551211 0.122153 9.224947  0.975630 0.216062 0.038239  0.349103 0.828951 1 0 1.000000
0  9.551210 -0.122161 9.224955  0.975626 -0.216085 0.038232  0.349103 0.826211 1 0 1.000000
portal_cleanser_Glass
0  8.343843 0.122114 -23.945486  0.969286 0.215430 -0.118638  0.535318 0.828951 1 0 1.000000
0  8.108492 -0.122116 -25.776941  0.967718 -0.215877 -0.130074  0.545666 0.826211 1 0 1.000000
0  8.108492 0.122121 -25.776939  0.967709 0.215881 -0.130131  0.545666 0.828951 1 0 1.000000
portal_cleanser_Glass
0  8.342740 -0.122075 23.950317  0.969307 -0.215000 0.119244  0.266298 0.826211 1 0 1.000000
0  8.105145 0.122022 25.782059  0.967917 0.214200 0.131359  0.255949 0.828951 1 0 1.000000
0  8.105145 -0.122034 25.782059  0.967913 -0.214201 0.131388  0.255949 0.826211 1 0 1.000000
portal_cleanser_Glass
0  9.733037 -0.122050 1.847393  0.976610 -0.214857 0.008302  0.390469 0.826211 1 0 1.000000
0  9.710215 0.122095 3.693071  0.976323 0.215721 0.016036  0.380124 0.828951 1 0 1.000000
0  9.710214 -0.122094 3.693066  0.976313 -0.215772 0.015993  0.380124 0.826211 1 0 1.000000
portal_cleanser_Glass
0  9.665314 0.122092 -5.534315  0.976208 0.215469 -0.024310  0.431843 0.828951 1 0 1.000000
0  9.611891 -0.122055 -7.377800  0.976118 -0.214803 -0.032455  0.442182 0.826211 1 0 1.000000
0  9.611892 0.122056 -7.377794  0.976119 0.214799 -0.032464  0.442182 0.828951 1 0 1.000000
portal_cleanser_Glass
0  8.557552 0.122032 -22.106476  0.970687 0.215394 -0.106640  0.524951 0.828951 1 0 1.000000
0  8.343843 -0.122112 -23.945486  0.969308 -0.215336 -0.118629  0.535318 0.826211 1 0 1.000000
0  8.343843 0.122114 -23.945486  0.969286 0.215430 -0.118638  0.535318 0.828951 1 0 1.000000
portal_cleanser_Glass
0  -0.116955 0.120359 -56.050724  0.861172 0.216724 -0.459797  0.722068 0.828951 1 0 1.000000
0  -1.042977 -0.120232 -57.675858  0.832559 -0.217197 -0.509580  0.732512 0.826211 1 0 1.000000
0  -1.042977 0.120252 -57.675850  0.832535 0.217293 -0.509578  0.732512 0.828951 1 0 1.000000
portal_cleanser_Glass
0  2.193227 -0.122132 50.959114  0.910078 -0.214912 0.354360  0.110826 0.826211 1 0 1.000000
0  1.490215 0.121995 52.678261  0.897921 0.215632 0.383719  0.100436 0.828951 1 0 1.000000
0  1.490216 -0.122016 52.678265  0.897883 -0.215727 0.383755  0.100436 0.826211 1 0 1.000000
portal_cleanser_Glass
0  4.488033 0.122097 -43.891682  0.940211 0.215229 -0.263971  0.649230 0.828951 1 0 1.000000
0  3.972524 -0.122039 -45.669735  0.935812 -0.214763 -0.279523  0.659596 0.826211 1 0 1.000000
0  3.972527 0.122047 -45.669731  0.935801 0.214798 -0.279531  0.659596 0.828951 1 0 1.000000
portal_cleanser_Glass
0  9.217865 -0.122046 14.759449  0.973928 -0.214838 0.072860  0.318039 0.826211 1 0 1.000000
0  9.077449 0.122148 16.598066  0.973333 0.215610 0.078331  0.307702 0.828951 1 0 1.000000
0  9.077447 -0.122159 16.598078  0.973324 -0.215628 0.078386  0.307702 0.826211 1 0 1.000000
portal_cleanser_Glass
0  7.036801 0.343226 31.219242  0.242190 0.969353 0.041219  0.224907 0.832682 1 0 1.000000
0  6.378544 0.383299 32.976627  0.113715 0.993299 0.020626  0.214534 0.836568 1 0 1.000000
0  6.717158 0.343229 33.039650  0.241634 0.969377 0.043819  0.214534 0.832682 1 0 1.000000
portal_cleanser_Glass
0  9.470363 -0.343135 -3.684042  0.245408 -0.969410 -0.004323  0.421494 0.822479 1 0 1.000000
0  9.087708 -0.383290 -5.519249  0.115876 -0.993260 -0.002888  0.431843 0.818592 1 0 1.000000
0  9.431406 -0.343164 -5.528234  0.245422 -0.969398 -0.005892  0.431843 0.822479 1 0 1.000000
portal_cleanser_Glass
0  -3.245199 0.117370 -60.754620  0.758882 0.216322 -0.614250  0.753594 0.828951 1 0 1.000000
0  -3.876606 -0.122053 -61.475883  0.708703 -0.213347 -0.672475  0.758913 0.826211 1 0 1.000000
0  -3.876989 0.125400 -61.476143  0.708490 0.215459 -0.672026  0.758913 0.828951 1 0 1.000000
portal_cleanser_Glass
0  9.551211 0.122153 9.224947  0.975630 0.216062 0.038239  0.349103 0.828951 1 0 1.000000
0  9.237880 0.343188 11.063385  0.245921 0.969210 0.012483  0.338727 0.832682 1 0 1.000000
0  9.471292 0.122080 11.076740  0.975207 0.214987 0.052459  0.338727 0.828951 1 0 1.000000
portal_cleanser_Glass
0  9.611892 0.122056 -7.377794  0.976119 0.214799 -0.032464  0.442182 0.828951 1 0 1.000000
0  9.309039 0.343178 -9.214272  0.245316 0.969390 -0.010161  0.452536 0.832682 1 0 1.000000
0  9.378420 0.343161 -7.370288  0.245393 0.969389 -0.008153  0.442182 0.832682 1 0 1.000000
portal_cleanser_Glass
0  3.428671 -0.122165 -47.438938  0.929709 -0.215535 -0.298640  0.669961 0.826211 1 0 1.000000
0  2.617810 -0.343051 -49.122959  0.232284 -0.968943 -0.084810  0.680344 0.822479 1 0 1.000000
0  2.839185 -0.122101 -49.198242  0.920702 -0.215217 -0.325561  0.680344 0.826211 1 0 1.000000
portal_cleanser_Glass
0  2.875194 -0.383322 47.271214  0.110089 -0.993298 0.035206  0.131656 0.818592 1 0 1.000000
0  2.618266 -0.343323 49.137505  0.233015 -0.969032 0.081742  0.121218 0.822479 1 0 1.000000
0  2.294460 -0.383331 49.019920  0.108860 -0.993324 0.038174  0.121218 0.818592 1 0 1.000000
portal_cleanser_Glass
0  6.380140 -0.343102 -34.849163  0.241148 -0.969326 -0.047494  0.597439 0.822479 1 0 1.000000
0  5.675261 -0.383278 -36.585735  0.113565 -0.993243 -0.023909  0.607800 0.818592 1 0 1.000000
0  6.011384 -0.343103 -36.658180  0.240570 -0.969326 -0.050322  0.607800 0.822479 1 0 1.000000
portal_cleanser_Glass
0  9.217863 0.122039 14.759450  0.973943 0.214765 0.072880  0.318039 0.828951 1 0 1.000000
0  8.844377 0.343195 16.579313  0.244565 0.969433 0.019710  0.307702 0.832682 1 0 1.000000
0  9.077449 0.122148 16.598066  0.973333 0.215610 0.078331  0.307702 0.828951 1 0 1.000000
portal_cleanser_Glass
0  7.769243 -0.383306 23.878611  0.114743 -0.993295 0.014108  0.266298 0.818592 1 0 1.000000
0  7.873819 -0.343226 25.750622  0.243323 -0.969383 0.033013  0.255949 0.822479 1 0 1.000000
0  7.532807 -0.383305 25.704281  0.114630 -0.993287 0.015545  0.255949 0.818592 1 0 1.000000
portal_cleanser_Glass
0  -7.128915 0.349659 63.567673  0.091451 0.969418 0.227738  0.020975 0.832682 1 0 1.000000
0  -6.420074 0.384368 62.838894  0.050606 0.994932 0.086889  0.026455 0.836568 1 0 1.000000
0  -7.251447 0.383982 63.244080  0.035938 0.995116 0.091942  0.020975 0.836568 1 0 1.000000
portal_cleanser_Glass
0  -8.130919 0.383552 -63.511105  0.025399 0.993321 -0.112556  0.786039 0.836569 1 0 1.000000
0  -7.134856 0.345037 -63.546688  0.092608 0.968547 -0.230956  0.780603 0.832682 1 0 1.000000
0  -8.048609 0.343524 -63.845547  0.057076 0.967383 -0.246803  0.786039 0.832682 1 0 1.000000
portal_cleanser_Glass
0  2.618267 0.343304 49.137505  0.233066 0.969017 0.081768  0.121218 0.832682 1 0 1.000000
0  1.655324 0.383325 50.746880  0.107365 0.993342 0.041776  0.110826 0.836568 1 0 1.000000
0  1.975910 0.343356 50.873413  0.230215 0.969032 0.089318  0.110826 0.832682 1 0 1.000000
portal_cleanser_Glass
0  1.481825 0.121858 -52.674805  0.897817 0.214235 -0.384744  0.701200 0.828951 1 0 1.000000
0  0.721993 -0.121286 -54.369476  0.882524 -0.215410 -0.418031  0.711589 0.826211 1 0 1.000000
0  0.721992 0.121282 -54.369492  0.882554 0.215462 -0.417941  0.711589 0.828951 1 0 1.000000
portal_cleanser_Glass
0  7.042699 -0.343118 -31.217398  0.242126 -0.969373 -0.041115  0.576723 0.822479 1 0 1.000000
0  6.385997 -0.383283 -32.972980  0.114020 -0.993261 -0.020788  0.587078 0.818592 1 0 1.000000
0  6.724775 -0.343094 -33.035198  0.241863 -0.969320 -0.043834  0.587078 0.822479 1 0 1.000000
portal_cleanser_Glass
0  9.317469 0.343166 9.216361  0.245395 0.969375 0.009624  0.349103 0.832682 1 0 1.000000
0  8.894561 0.383293 11.043664  0.115664 0.993269 0.006207  0.338727 0.836568 1 0 1.000000
0  9.237880 0.343188 11.063385  0.245921 0.969210 0.012483  0.338727 0.832682 1 0 1.000000
portal_cleanser_Glass
0  7.336316 0.343225 29.399458  0.242559 0.969372 0.038508  0.235255 0.832682 1 0 1.000000
0  6.697567 0.383296 31.163044  0.114105 0.993279 0.019426  0.224907 0.836568 1 0 1.000000
0  7.036801 0.343226 31.219242  0.242190 0.969353 0.041219  0.224907 0.832682 1 0 1.000000
portal_cleanser_Glass
0  -6.145845 0.124875 -63.323399  0.490165 0.209296 -0.846129  0.775089 0.828951 1 0 1.000000
0  -7.050734 -0.124141 -63.766472  0.367806 -0.210407 -0.905786  0.780603 0.826211 1 0 1.000000
0  -7.050725 0.123540 -63.766476  0.367789 0.210110 -0.905861  0.780603 0.828951 1 0 1.000000
portal_cleanser_Glass
0  9.499458 0.343145 1.845702  0.245430 0.969411 0.002396  0.390469 0.832682 1 0 1.000000
0  9.710215 0.122095 3.693071  0.976323 0.215721 0.016036  0.380124 0.828951 1 0 1.000000
0  9.733038 0.122049 1.847395  0.976612 0.214845 0.008370  0.390469 0.828951 1 0 1.000000
portal_cleanser_Glass
0  -8.130919 0.383552 -63.511105  0.025399 0.993321 -0.112556  0.786039 0.836569 1 0 1.000000
0  -9.007361 0.342250 -63.990440  0.024935 0.966990 -0.253590  0.791521 0.832682 1 0 1.000000
0  -9.046669 0.383433 -63.649242  0.012124 0.992886 -0.118446  0.791521 0.836569 1 0 1.000000
portal_cleanser_Glass
0  -6.427274 0.384116 -62.815350  0.051925 0.994315 -0.092957  0.775089 0.836569 1 0 1.000000
0  -7.134856 0.345037 -63.546688  0.092608 0.968547 -0.230956  0.780603 0.832682 1 0 1.000000
0  -7.258492 0.383734 -63.225395  0.040915 0.993787 -0.103507  0.780603 0.836569 1 0 1.000000
portal_cleanser_Glass
0  1.649208 0.383276 -50.739658  0.108262 0.993223 -0.042272  0.690805 0.836569 1 0 1.000000
0  1.267988 0.342946 -52.581734  0.227769 0.968795 -0.097766  0.701200 0.832682 1 0 1.000000
0  0.952439 0.383271 -52.444191  0.106991 0.993196 -0.045994  0.701200 0.836569 1 0 1.000000
portal_cleanser_Glass
0  3.205057 -0.343064 -47.369038  0.234670 -0.969145 -0.075420  0.669961 0.822479 1 0 1.000000
0  2.292185 -0.383271 -49.012463  0.109534 -0.993228 -0.038734  0.680344 0.818592 1 0 1.000000
0  2.617810 -0.343051 -49.122959  0.232284 -0.968943 -0.084810  0.680344 0.822479 1 0 1.000000
portal_cleanser_Glass
0  3.929161 -0.383319 43.743149  0.111288 -0.993297 0.031231  0.152388 0.818592 1 0 1.000000
0  3.747301 -0.343293 45.608624  0.235577 -0.969301 0.070417  0.142021 0.822479 1 0 1.000000
0  3.416873 -0.383322 45.511600  0.110632 -0.993311 0.033063  0.142021 0.818592 1 0 1.000000
portal_cleanser_Glass
0  5.620018 0.343258 38.468910  0.239693 0.969329 0.054303  0.183448 0.832682 1 0 1.000000
0  4.863774 0.383299 40.181564  0.112351 0.993290 0.027435  0.173125 0.836568 1 0 1.000000
0  5.198540 0.343259 40.260303  0.238623 0.969325 0.058890  0.173125 0.832682 1 0 1.000000
portal_cleanser_Glass
0  7.620521 -0.343112 -27.572073  0.243055 -0.969359 -0.035615  0.556012 0.822479 1 0 1.000000
0  7.002055 -0.383284 -29.343239  0.114479 -0.993260 -0.018131  0.566380 0.818592 1 0 1.000000
0  7.341783 -0.343121 -29.398314  0.242632 -0.969366 -0.038205  0.566380 0.822479 1 0 1.000000
portal_cleanser_Glass
0  9.476520 0.343153 3.689364  0.245413 0.969410 0.004053  0.380124 0.832682 1 0 1.000000
0  9.094361 0.383291 5.524439  0.115713 0.993278 0.002943  0.369777 0.836568 1 0 1.000000
0  9.438697 0.343151 5.533195  0.245469 0.969384 0.006237  0.369777 0.832682 1 0 1.000000
portal_cleanser_Glass
0  8.112040 0.343118 -23.916704  0.243864 0.969363 -0.029416  0.535318 0.832682 1 0 1.000000
0  8.108492 0.122121 -25.776939  0.967709 0.215881 -0.130131  0.545666 0.828951 1 0 1.000000
0  7.876985 0.343115 -25.745871  0.243447 0.969361 -0.032746  0.545666 0.832682 1 0 1.000000
portal_cleanser_Glass
0  3.748722 -0.343078 -45.603958  0.235635 -0.969290 -0.070382  0.659596 0.822479 1 0 1.000000
0  2.876781 -0.383274 -47.266506  0.110550 -0.993235 -0.035538  0.669961 0.818592 1 0 1.000000
0  3.205057 -0.343064 -47.369038  0.234670 -0.969145 -0.075420  0.669961 0.822479 1 0 1.000000
portal_cleanser_Glass
0  9.438697 0.343151 5.533195  0.245469 0.969384 0.006237  0.369777 0.832682 1 0 1.000000
0  9.038499 0.383294 7.364408  0.115704 0.993276 0.003810  0.359434 0.836568 1 0 1.000000
0  9.382467 0.343182 7.375841  0.245128 0.969457 0.008083  0.359434 0.832682 1 0 1.000000
portal_cleanser_Glass
0  -2.955436 -0.118128 60.383564  0.753514 -0.216938 0.620609  0.050653 0.826211 1 0 1.000000
0  -3.743312 0.121747 61.291458  0.721987 0.215629 0.657449  0.043987 0.828951 1 0 1.000000
0  -3.743312 -0.121776 61.291458  0.721965 -0.215598 0.657483  0.043987 0.826211 1 0 1.000000
portal_cleanser_Glass
0  0.958517 -0.383352 52.451302  0.106533 -0.993262 0.045623  0.100436 0.818592 1 0 1.000000
0  0.522371 -0.342726 54.275894  0.227219 -0.967882 0.107593  0.090052 0.822479 1 0 1.000000
0  0.209040 -0.383335 54.133205  0.106039 -0.993084 0.050391  0.090052 0.818592 1 0 1.000000
portal_cleanser_Glass
0  7.535498 0.383290 -25.699965  0.114781 0.993271 -0.015434  0.545666 0.836568 1 0 1.000000
0  7.620521 0.343113 -27.572060  0.243069 0.969356 -0.035578  0.556012 0.832682 1 0 1.000000
0  7.279494 0.383290 -27.522957  0.114606 0.993269 -0.016789  0.556012 0.836568 1 0 1.000000
portal_cleanser_Glass
0  9.163952 -0.383288 0.002450  0.115823 -0.993270 -0.000114  0.400817 0.818592 1 0 1.000000
0  9.499459 -0.343147 1.845707  0.245413 -0.969416 0.002154  0.390469 0.822479 1 0 1.000000
0  9.155527 -0.383287 1.843284  0.115906 -0.993260 0.000987  0.390469 0.818592 1 0 1.000000
portal_cleanser_Glass
0  3.747302 0.343278 45.608624  0.235553 0.969311 0.070367  0.142021 0.832682 1 0 1.000000
0  2.875194 0.383303 47.271214  0.110082 0.993298 0.035233  0.131656 0.836568 1 0 1.000000
0  3.203547 0.343277 47.373653  0.234464 0.969186 0.075535  0.131656 0.832682 1 0 1.000000
portal_cleanser_Glass
0  4.864943 0.383284 -40.176674  0.112818 0.993236 -0.027475  0.628489 0.836569 1 0 1.000000
0  4.746650 0.343092 -42.046257  0.237999 0.969258 -0.062412  0.638858 0.832682 1 0 1.000000
0  4.413416 0.383284 -41.961620  0.112309 0.993236 -0.029463  0.638858 0.836569 1 0 1.000000
portal_cleanser_Glass
0  -8.981277 0.121581 -64.222359  0.100317 0.212609 -0.971974  0.791521 0.828951 1 0 1.000000
0  -9.974914 -0.119254 -64.278450  0.054123 -0.212052 -0.975759  0.796999 0.826211 1 0 1.000000
0  -9.974914 0.119259 -64.278458  0.054718 0.212040 -0.975728  0.796999 0.828951 1 0 1.000000
portal_cleanser_Glass
0  8.638314 0.383293 -14.711601  0.115442 0.993278 -0.008530  0.483580 0.836568 1 0 1.000000
0  8.839944 0.343149 -16.574034  0.244473 0.969455 -0.019720  0.493914 0.832682 1 0 1.000000
0  8.497088 0.383291 -16.546774  0.115551 0.993258 -0.009296  0.493914 0.836568 1 0 1.000000
portal_cleanser_Glass
0  -0.099695 -0.119189 56.052174  0.861999 -0.217023 0.458104  0.079590 0.826211 1 0 1.000000
0  -1.027812 0.117804 57.689182  0.831867 0.216419 0.511038  0.069099 0.828951 1 0 1.000000
0  -1.027810 -0.117830 57.689182  0.831870 -0.216383 0.511048  0.069099 0.826211 1 0 1.000000
portal_cleanser_Glass
0  -4.950570 0.385036 -61.709660  0.071489 0.994414 -0.077650  0.764289 0.836569 1 0 1.000000
0  -4.043959 0.345105 -61.310501  0.185729 0.967709 -0.170424  0.758913 0.832682 1 0 1.000000
0  -4.728281 0.348797 -61.974033  0.162878 0.970067 -0.180111  0.764289 0.832682 1 0 1.000000
portal_cleanser_Glass
0  9.151583 0.383288 -1.838267  0.115749 0.993278 -0.001196  0.411160 0.836568 1 0 1.000000
0  9.470362 0.343139 -3.684041  0.245379 0.969418 -0.004296  0.421494 0.832682 1 0 1.000000
0  9.125839 0.383290 -3.678689  0.115737 0.993278 -0.002023  0.421494 0.836568 1 0 1.000000
portal_cleanser_Glass
0  -7.045887 -0.124673 63.789478  0.355339 -0.208526 0.911181  0.020975 0.826211 1 0 1.000000
0  -8.001629 0.123746 64.078300  0.212565 0.208621 0.954617  0.015506 0.828951 1 0 1.000000
0  -8.001626 -0.123775 64.078316  0.212561 -0.208553 0.954633  0.015506 0.826211 1 0 1.000000
portal_cleanser_Glass
0  8.171811 -0.383304 20.218649  0.115179 -0.993279 0.011445  0.287009 0.818592 1 0 1.000000
0  8.324668 -0.343199 22.085661  0.244242 -0.969343 0.026826  0.276670 0.822479 1 0 1.000000
0  7.982006 -0.383304 22.049517  0.114921 -0.993294 0.012641  0.276670 0.818592 1 0 1.000000
portal_cleanser_Glass
0  5.619838 -7.134718 9.129794  0.550776 -0.763949 0.336197  0.759934 0.066673 1 0 1.000000
0  5.500366 -7.177183 8.671215  -0.250165 -0.939984 -0.232050  0.756723 0.068359 1 0 1.000000
0  5.634265 -7.140052 8.665932  0.561599 -0.780463 -0.274743  0.756477 0.066604 1 0 1.000000
portal_cleanser_Glass
0  8.843500 -2.394766 9.454762  0.330527 0.942350 0.052233  0.699579 0.048698 1 0 1.000000
0  9.143040 -2.702441 9.541100  0.523218 -0.153895 0.838188  0.700523 0.054648 1 0 1.000000
0  9.099252 -2.481937 9.394218  0.346184 0.937155 0.043555  0.699040 0.052190 1 0 1.000000
portal_cleanser_Glass
0  6.454652 5.626368 9.618527  -0.001039 0.025829 0.999666  0.855364 0.765507 1 0 1.000000
0  5.471972 6.900714 9.508785  0.304653 0.455461 0.836505  0.852637 0.744786 1 0 1.000000
0  5.260900 6.559548 9.595502  -0.019894 0.037705 0.999091  0.855364 0.744786 1 0 1.000000
portal_cleanser_Glass
0  8.359301 2.341686 16.945913  0.233709 -0.972116 0.019278  0.713626 0.076893 1 0 1.000000
0  8.679512 2.615970 17.048639  0.479945 0.137415 0.866470  0.714527 0.070854 1 0 1.000000
0  8.280653 2.485382 17.107290  -0.011923 -0.118533 0.992878  0.715345 0.076893 1 0 1.000000
portal_cleanser_Glass
0  5.240969 7.014924 16.176891  0.570876 0.788659 -0.228293  0.669883 0.057494 1 0 1.000000
0  4.989199 6.925976 16.641071  -0.828388 0.559468 -0.027723  0.673178 0.054025 1 0 1.000000
0  5.208390 6.998961 16.675781  0.550145 0.750411 0.366365  0.673481 0.057531 1 0 1.000000
portal_cleanser_Glass
0  5.258029 6.889090 9.374070  -0.854488 0.519209 0.016521  0.730641 0.072912 1 0 1.000000
0  5.125381 6.660257 9.435756  -0.863101 0.504316 0.026889  0.730107 0.076291 1 0 1.000000
0  5.260900 6.559548 9.595502  -0.019894 0.037705 0.999091  0.728420 0.076291 1 0 1.000000
portal_cleanser_Glass
0  5.619838 -7.134718 9.129794  0.550776 -0.763949 0.336197  0.881348 0.782006 1 0 1.000000
0  5.634265 -7.140052 8.665932  0.561599 -0.780463 -0.274743  0.877917 0.782006 1 0 1.000000
0  6.905255 -6.156726 8.643660  0.609176 -0.743749 -0.275213  0.877917 0.761285 1 0 1.000000
portal_cleanser_Glass
0  3.428670 0.122171 -47.438938  0.929713 0.215518 -0.298638  0.669961 0.828951 1 0 1.000000
0  2.839185 0.122118 -49.198238  0.920693 0.215314 -0.325523  0.680344 0.828951 1 0 1.000000
0  2.617810 0.343059 -49.122959  0.233086 0.968958 -0.082409  0.680344 0.832682 1 0 1.000000
portal_cleanser_Glass
0  7.539768 5.088105 9.556146  0.405204 0.373340 0.834522  0.852637 0.781111 1 0 1.000000
0  7.741367 5.277657 9.149735  0.709083 0.630266 0.316174  0.849383 0.781111 1 0 1.000000
0  6.889689 6.151428 9.141526  0.599000 0.727764 0.334004  0.849383 0.765507 1 0 1.000000
portal_cleanser_Glass
0  8.014116 -3.944718 8.087435  0.068664 -0.041522 -0.996775  0.871930 0.729687 1 0 1.000000
0  8.335070 -4.169771 8.198101  0.495850 -0.346720 -0.796190  0.874654 0.729687 1 0 1.000000
0  7.946194 -4.676881 8.197657  0.467631 -0.381595 -0.797312  0.874654 0.738116 1 0 1.000000
portal_cleanser_Glass
0  7.755043 5.286521 8.626472  0.722390 0.642585 -0.255415  0.845951 0.781111 1 0 1.000000
0  6.905252 6.156725 8.643660  0.609158 0.743755 -0.275236  0.845951 0.765507 1 0 1.000000
0  6.889689 6.151428 9.141526  0.599000 0.727764 0.334004  0.849383 0.765507 1 0 1.000000
portal_cleanser_Glass
0  7.755043 5.286521 8.626472  0.722390 0.642585 -0.255415  0.845951 0.781111 1 0 1.000000
0  7.574390 5.112288 8.202703  0.441456 0.405903 -0.800225  0.842689 0.781111 1 0 1.000000
0  6.751025 5.951997 8.227919  0.367823 0.470624 -0.802009  0.842689 0.765507 1 0 1.000000
portal_cleanser_Glass
0  7.246221 4.817755 9.641681  0.001811 0.021743 0.999762  0.855364 0.781111 1 0 1.000000
0  7.539768 5.088105 9.556146  0.405204 0.373340 0.834522  0.852637 0.781111 1 0 1.000000
0  6.714049 5.933628 9.534118  0.335405 0.426319 0.840093  0.852637 0.765507 1 0 1.000000
portal_cleanser_Glass
0  5.471977 -6.900716 9.508785  0.304501 -0.455687 0.836438  0.884602 0.782006 1 0 1.000000
0  6.714053 -5.933630 9.534118  0.335378 -0.426314 0.840106  0.884602 0.761285 1 0 1.000000
0  6.454656 -5.626369 9.618527  -0.000931 -0.026188 0.999657  0.887330 0.761285 1 0 1.000000
portal_cleanser_Glass
0  6.495011 -5.649806 8.119091  0.038181 -0.075425 -0.996420  0.871930 0.761285 1 0 1.000000
0  6.751029 -5.951999 8.227919  0.367826 -0.470623 -0.802009  0.874654 0.761285 1 0 1.000000
0  5.510566 -6.915088 8.258160  0.337581 -0.503299 -0.795443  0.874654 0.782006 1 0 1.000000
portal_cleanser_Glass
0  8.605106 -2.867332 9.631939  0.021709 0.012357 0.999688  0.887330 0.712481 1 0 1.000000
0  8.304029 -3.408440 9.644226  0.020049 0.004173 0.999790  0.887330 0.721170 1 0 1.000000
0  8.648718 -3.610716 9.558937  0.477293 -0.277501 0.833777  0.884602 0.721170 1 0 1.000000
portal_cleanser_Glass
0  6.889689 6.151428 9.141526  0.599000 0.727764 0.334004  0.849383 0.765507 1 0 1.000000
0  5.619833 7.134716 9.129794  0.550796 0.763903 0.336267  0.849383 0.744786 1 0 1.000000
0  5.471972 6.900714 9.508785  0.304653 0.455461 0.836505  0.852637 0.744786 1 0 1.000000
portal_cleanser_Glass
0  6.905252 6.156725 8.643660  0.609158 0.743755 -0.275236  0.845951 0.765507 1 0 1.000000
0  6.751025 5.951997 8.227919  0.367823 0.470624 -0.802009  0.842689 0.765507 1 0 1.000000
0  5.510561 6.915086 8.258160  0.337565 0.503278 -0.795463  0.842689 0.744786 1 0 1.000000
portal_cleanser_Glass
0  6.432913 -5.076170 17.133083  -0.031421 0.004839 0.999494  0.911663 0.698998 1 0 1.000000
0  6.709933 -5.368398 17.063631  0.360534 -0.371831 0.855428  0.908928 0.698998 1 0 1.000000
0  7.088294 -4.959692 17.072010  0.382924 -0.354291 0.853139  0.908928 0.691600 1 0 1.000000
portal_cleanser_Glass
0  -9.007361 -0.342233 -63.990433  0.025195 -0.966994 -0.253551  0.791521 0.822479 1 0 1.000000
0  -8.048610 -0.343504 -63.845543  0.055610 -0.967379 -0.247154  0.786039 0.822479 1 0 1.000000
0  -8.130920 -0.383545 -63.511112  0.025406 -0.993316 -0.112593  0.786039 0.818592 1 0 1.000000
portal_cleanser_Glass
0  -3.909307 0.345142 61.125557  0.187657 0.967790 0.167833  0.043987 0.832682 1 0 1.000000
0  -3.131879 0.341181 60.232735  0.201839 0.965584 0.164041  0.050653 0.832682 1 0 1.000000
0  -3.392891 0.383561 60.008381  0.094546 0.992604 0.076151  0.050653 0.836568 1 0 1.000000
portal_cleanser_Glass
0  -1.042977 0.120252 -57.675850  0.832535 0.217293 -0.509578  0.732512 0.828951 1 0 1.000000
0  -2.077373 0.118103 -59.253574  0.794015 0.216792 -0.567927  0.743021 0.828951 1 0 1.000000
0  -2.265643 0.340114 -59.118107  0.212269 0.965280 -0.152240  0.743021 0.832682 1 0 1.000000
portal_cleanser_Glass
0  6.461932 6.018976 16.663319  0.596451 0.715516 0.363708  0.813591 0.822085 1 0 1.000000
0  6.280919 5.784006 17.052521  0.318489 0.393215 0.862523  0.810307 0.822085 1 0 1.000000
0  6.709929 5.368396 17.063631  0.360610 0.372382 0.855156  0.810307 0.814174 1 0 1.000000
portal_cleanser_Glass
0  7.755043 5.286521 8.626472  0.722390 0.642585 -0.255415  0.845951 0.781111 1 0 1.000000
0  7.741367 5.277657 9.149735  0.709083 0.630266 0.316174  0.849383 0.781111 1 0 1.000000
0  8.524942 4.304912 9.153316  0.774786 0.549058 0.313436  0.849383 0.797105 1 0 1.000000
portal_cleanser_Glass
0  7.574390 5.112288 8.202703  0.441456 0.405903 -0.800225  0.842689 0.781111 1 0 1.000000
0  7.285549 4.846001 8.093882  0.046750 0.062022 -0.996979  0.839965 0.781111 1 0 1.000000
0  6.495008 5.649804 8.119091  0.037741 0.074847 -0.996481  0.839965 0.765507 1 0 1.000000
portal_cleanser_Glass
0  9.099250 2.481936 9.394218  0.346302 -0.937100 0.043795  0.717209 0.050360 1 0 1.000000
0  9.324833 2.554226 9.100736  0.399605 -0.915279 0.050796  0.719174 0.053288 1 0 1.000000
0  9.411873 2.801661 9.142738  0.876468 0.349653 0.330979  0.718646 0.057047 1 0 1.000000
portal_cleanser_Glass
0  9.428669 2.806842 8.637377  0.894050 0.359548 -0.267208  0.722450 0.057124 1 0 1.000000
0  9.411873 2.801661 9.142738  0.876468 0.349653 0.330979  0.718646 0.057047 1 0 1.000000
0  9.324833 2.554226 9.100736  0.399605 -0.915279 0.050796  0.719174 0.053288 1 0 1.000000
portal_cleanser_Glass
0  9.428671 -2.806843 8.637377  0.894140 -0.359304 -0.267236  0.693761 0.058882 1 0 1.000000
0  9.186346 -2.716717 8.225993  0.566812 -0.173774 -0.805311  0.690843 0.054610 1 0 1.000000
0  9.135092 -2.489923 8.364263  0.349223 0.936354 -0.035850  0.692341 0.052134 1 0 1.000000
portal_cleanser_Glass
0  8.296980 -4.148254 9.563341  0.454451 -0.319379 0.831547  0.884602 0.729687 1 0 1.000000
0  8.648718 -3.610716 9.558937  0.477293 -0.277501 0.833777  0.884602 0.721170 1 0 1.000000
0  8.304029 -3.408440 9.644226  0.020049 0.004173 0.999790  0.887330 0.721170 1 0 1.000000
portal_cleanser_Glass
0  9.340370 2.556801 8.668246  0.403749 -0.914085 -0.037881  0.721963 0.053304 1 0 1.000000
0  9.135090 2.489922 8.364263  0.349390 -0.936280 -0.036135  0.723900 0.050343 1 0 1.000000
0  9.186344 2.716716 8.225993  0.566695 0.174066 -0.805331  0.725401 0.052806 1 0 1.000000
portal_cleanser_Glass
0  7.539768 5.088105 9.556146  0.405204 0.373340 0.834522  0.852637 0.781111 1 0 1.000000
0  8.296978 4.148253 9.563341  0.454277 0.319335 0.831659  0.852637 0.797105 1 0 1.000000
0  8.524942 4.304912 9.153316  0.774786 0.549058 0.313436  0.849383 0.797105 1 0 1.000000
portal_cleanser_Glass
0  8.605104 2.867331 9.631939  0.021339 -0.012798 0.999690  0.855364 0.814311 1 0 1.000000
0  8.968378 3.039780 9.547680  0.487471 0.249326 0.836785  0.852637 0.814311 1 0 1.000000
0  8.296978 4.148253 9.563341  0.454277 0.319335 0.831659  0.852637 0.797105 1 0 1.000000
portal_cleanser_Glass
0  9.143038 2.702440 9.541100  0.523089 0.154175 0.838217  0.852637 0.819346 1 0 1.000000
0  9.411873 2.801661 9.142738  0.876468 0.349653 0.330979  0.849383 0.819346 1 0 1.000000
0  9.226444 3.153240 9.145849  0.830175 0.453960 0.323619  0.849383 0.814311 1 0 1.000000
portal_cleanser_Glass
0  8.444395 3.667476 16.668898  0.794095 0.489879 0.359766  0.813591 0.782696 1 0 1.000000
0  8.477390 3.690385 16.148384  0.830211 0.514289 -0.215076  0.817059 0.782696 1 0 1.000000
0  8.107288 4.238578 16.143581  0.791538 0.573815 -0.210248  0.817059 0.791100 1 0 1.000000
portal_cleanser_Glass
0  5.208395 -6.998964 16.675781  0.550057 -0.750495 0.366326  0.686529 0.066899 1 0 1.000000
0  5.082361 -7.028729 16.669979  -0.358866 -0.911206 0.202285  0.686359 0.068560 1 0 1.000000
0  5.117641 -7.041964 16.178585  -0.362059 -0.915243 -0.176756  0.683128 0.068502 1 0 1.000000
portal_cleanser_Glass
0  8.350452 -3.430522 8.095081  0.076066 -0.025909 -0.996766  0.871930 0.721170 1 0 1.000000
0  8.689001 -3.630020 8.204725  0.520205 -0.302164 -0.798802  0.874654 0.721170 1 0 1.000000
0  8.335070 -4.169771 8.198101  0.495850 -0.346720 -0.796190  0.874654 0.729687 1 0 1.000000
portal_cleanser_Glass
0  -2.073519 0.116366 59.264702  0.794024 0.216158 0.568156  0.058572 0.828951 1 0 1.000000
0  -2.259711 0.338817 59.128189  0.215524 0.964311 0.153796  0.058572 0.832682 1 0 1.000000
0  -3.131879 0.341181 60.232735  0.201839 0.965584 0.164041  0.050653 0.832682 1 0 1.000000
portal_cleanser_Glass
0  6.043025 0.383286 -34.781799  0.113895 0.993240 -0.022404  0.597439 0.836569 1 0 1.000000
0  6.380140 0.343109 -34.849163  0.241153 0.969326 -0.047452  0.597439 0.832682 1 0 1.000000
0  6.011384 0.343110 -36.658188  0.240677 0.969331 -0.049726  0.607800 0.832682 1 0 1.000000
portal_cleanser_Glass
0  7.229734 4.357388 15.578611  0.090460 0.078387 -0.992810  0.823045 0.799371 1 0 1.000000
0  6.877761 4.764546 15.583506  0.076746 0.089623 -0.993015  0.823045 0.806776 1 0 1.000000
0  7.161745 5.027743 15.708881  0.464864 0.431144 -0.773315  0.820317 0.806776 1 0 1.000000
portal_cleanser_Glass
0  3.971139 -0.122046 45.674423  0.935800 -0.214800 0.279534  0.142021 0.826211 1 0 1.000000
0  3.427215 -0.122183 47.443550  0.930116 -0.215241 0.297581  0.131656 0.826211 1 0 1.000000
0  3.203547 -0.343295 47.373657  0.234574 -0.969197 0.075049  0.131656 0.822479 1 0 1.000000
portal_cleanser_Glass
0  -8.048609 0.343524 -63.845547  0.057076 0.967383 -0.246803  0.786039 0.832682 1 0 1.000000
0  -7.134856 0.345037 -63.546688  0.092608 0.968547 -0.230956  0.780603 0.832682 1 0 1.000000
0  -7.050725 0.123540 -63.766476  0.367789 0.210110 -0.905861  0.780603 0.828951 1 0 1.000000
portal_cleanser_Glass
0  9.428669 2.806842 8.637377  0.894050 0.359548 -0.267208  0.845951 0.819346 1 0 1.000000
0  9.186344 2.716716 8.225993  0.566695 0.174066 -0.805331  0.842689 0.819346 1 0 1.000000
0  9.010586 3.056145 8.217698  0.531254 0.271012 -0.802697  0.842689 0.814311 1 0 1.000000
portal_cleanser_Glass
0  8.335068 4.169769 8.198101  0.495335 0.346367 -0.796664  0.842689 0.797105 1 0 1.000000
0  9.010586 3.056145 8.217698  0.531254 0.271012 -0.802697  0.842689 0.814311 1 0 1.000000
0  8.653765 2.885629 8.109543  0.078366 0.013369 -0.996835  0.839965 0.814311 1 0 1.000000
portal_cleanser_Glass
0  8.124843 -4.827913 9.152241  0.739127 -0.596569 0.312725  0.881348 0.738116 1 0 1.000000
0  7.741370 -5.277658 9.149735  0.709125 -0.630317 0.315978  0.881348 0.745681 1 0 1.000000
0  7.755045 -5.286522 8.626472  0.722344 -0.642572 -0.255579  0.877917 0.745681 1 0 1.000000
portal_cleanser_Glass
0  -2.077372 -0.118094 -59.253574  0.794032 -0.216821 -0.567893  0.743021 0.826211 1 0 1.000000
0  -2.265653 -0.340106 -59.118114  0.212258 -0.965283 -0.152233  0.743021 0.822479 1 0 1.000000
0  -3.419253 -0.339856 -60.601788  0.205233 -0.964988 -0.163333  0.753594 0.822479 1 0 1.000000
portal_cleanser_Glass
0  5.208395 -6.998964 16.675781  0.550057 -0.750495 0.366326  0.905643 0.727376 1 0 1.000000
0  5.240974 -7.014926 16.176891  0.570748 -0.788744 -0.228320  0.902175 0.727376 1 0 1.000000
0  6.488477 -6.043420 16.157221  0.618143 -0.751511 -0.230502  0.902175 0.706909 1 0 1.000000
portal_cleanser_Glass
0  6.432910 5.076168 17.133083  -0.031175 -0.004336 0.999505  0.807571 0.814174 1 0 1.000000
0  6.793317 4.686959 17.141691  -0.027514 -0.008478 0.999585  0.807571 0.806776 1 0 1.000000
0  7.088291 4.959692 17.072010  0.382804 0.354202 0.853230  0.810307 0.806776 1 0 1.000000
portal_cleanser_Glass
0  7.229734 4.357388 15.578611  0.090460 0.078387 -0.992810  0.823045 0.799371 1 0 1.000000
0  7.529003 4.602935 15.704842  0.490869 0.405784 -0.770965  0.820317 0.799371 1 0 1.000000
0  7.916402 4.108928 15.707314  0.520632 0.369951 -0.769466  0.820317 0.791100 1 0 1.000000
portal_cleanser_Glass
0  6.461932 6.018976 16.663319  0.596451 0.715516 0.363708  0.813591 0.822085 1 0 1.000000
0  6.907670 5.586362 16.667234  0.666056 0.655582 0.355783  0.813591 0.814174 1 0 1.000000
0  6.934688 5.613074 16.148302  0.693886 0.685613 -0.220131  0.817059 0.814174 1 0 1.000000
portal_cleanser_Glass
0  8.524944 -4.304912 9.153316  0.774791 -0.549075 0.313394  0.881348 0.729687 1 0 1.000000
0  8.296980 -4.148254 9.563341  0.454451 -0.319379 0.831547  0.884602 0.729687 1 0 1.000000
0  7.910344 -4.653508 9.561710  0.428720 -0.351809 0.832124  0.884602 0.738116 1 0 1.000000
portal_cleanser_Glass
0  -1.518202 -0.382996 57.388100  0.106531 -0.992131 0.065780  0.069099 0.818592 1 0 1.000000
0  -1.224958 -0.339350 57.567928  0.222968 -0.965081 0.137493  0.069099 0.822479 1 0 1.000000
0  -2.259686 -0.338840 59.128170  0.215596 -0.964294 0.153802  0.058572 0.822479 1 0 1.000000
portal_cleanser_Glass
0  4.854848 6.396053 17.106720  -0.041155 -0.004900 0.999141  0.807571 0.842552 1 0 1.000000
0  6.024678 5.470168 17.121147  -0.025859 -0.010872 0.999607  0.807571 0.822085 1 0 1.000000
0  6.280919 5.784006 17.052521  0.318489 0.393215 0.862523  0.810307 0.822085 1 0 1.000000
portal_cleanser_Glass
0  8.444397 -3.667477 16.668898  0.794065 -0.489907 0.359794  0.905643 0.667520 1 0 1.000000
0  8.186007 -3.521134 17.066174  0.447029 -0.257390 0.856689  0.908928 0.667520 1 0 1.000000
0  7.834826 -4.046599 17.074446  0.427292 -0.300225 0.852811  0.908928 0.675924 1 0 1.000000
portal_cleanser_Glass
0  4.810027 6.529133 15.792887  -0.882079 0.464956 -0.075848  0.667718 0.047733 1 0 1.000000
0  4.928927 6.760516 15.873694  -0.872230 0.484731 -0.065193  0.668243 0.051188 1 0 1.000000
0  5.126773 6.801994 15.760325  0.353996 0.515266 -0.780505  0.666960 0.053599 1 0 1.000000
portal_cleanser_Glass
0  6.347915 -5.849388 15.734384  0.381069 -0.484430 -0.787473  0.898917 0.706909 1 0 1.000000
0  5.126777 -6.801997 15.760325  0.353798 -0.515474 -0.780457  0.898917 0.727376 1 0 1.000000
0  4.941756 -6.451858 15.645064  0.029530 -0.102859 -0.994258  0.896189 0.727376 1 0 1.000000
portal_cleanser_Glass
0  6.488473 6.043418 16.157221  0.618137 0.751463 -0.230672  0.817059 0.822085 1 0 1.000000
0  6.347911 5.849386 15.734384  0.381023 0.484422 -0.787500  0.820317 0.822085 1 0 1.000000
0  5.126773 6.801994 15.760325  0.353996 0.515266 -0.780505  0.820317 0.842552 1 0 1.000000
portal_cleanser_Glass
0  8.477390 3.690385 16.148384  0.830211 0.514289 -0.215076  0.817059 0.782696 1 0 1.000000
0  8.272654 3.580112 15.716900  0.546030 0.320533 -0.774022  0.820317 0.782696 1 0 1.000000
0  7.916402 4.108928 15.707314  0.520632 0.369951 -0.769466  0.820317 0.791100 1 0 1.000000
portal_cleanser_Glass
0  9.340372 -2.556801 8.668246  0.403758 0.914081 -0.037884  0.694267 0.055089 1 0 1.000000
0  9.324835 -2.554226 9.100736  0.399685 0.915246 0.050762  0.697061 0.055109 1 0 1.000000
0  9.411875 -2.801661 9.142738  0.876601 -0.349326 0.330973  0.697542 0.058916 1 0 1.000000
portal_cleanser_Glass
0  6.513683 5.154043 15.595779  0.063001 0.098525 -0.993138  0.823045 0.814174 1 0 1.000000
0  6.101218 5.544839 15.612804  0.049899 0.096478 -0.994084  0.823045 0.822085 1 0 1.000000
0  6.347911 5.849386 15.734384  0.381023 0.484422 -0.787500  0.820317 0.822085 1 0 1.000000
portal_cleanser_Glass
0  6.907670 5.586362 16.667234  0.666056 0.655582 0.355783  0.813591 0.814174 1 0 1.000000
0  6.709929 5.368396 17.063631  0.360610 0.372382 0.855156  0.810307 0.814174 1 0 1.000000
0  7.088291 4.959692 17.072010  0.382804 0.354202 0.853230  0.810307 0.806776 1 0 1.000000
portal_cleanser_Glass
0  6.879651 -5.215926 9.631545  -0.002268 -0.026138 0.999656  0.887330 0.753179 1 0 1.000000
0  7.155847 -5.505490 9.546643  0.381130 -0.392256 0.837183  0.884602 0.753179 1 0 1.000000
0  7.539771 -5.088106 9.556146  0.404979 -0.373128 0.834726  0.884602 0.745681 1 0 1.000000
portal_cleanser_Glass
0  7.329597 5.187871 16.143547  0.727111 0.652754 -0.212655  0.817059 0.806776 1 0 1.000000
0  7.161745 5.027743 15.708881  0.464864 0.431144 -0.773315  0.820317 0.806776 1 0 1.000000
0  6.779746 5.437542 15.719085  0.435365 0.454138 -0.777313  0.820317 0.814174 1 0 1.000000
portal_cleanser_Glass
0  -6.420074 -0.384397 62.838898  0.050608 -0.994932 0.086884  0.026455 0.818592 1 0 1.000000
0  -5.655728 -0.384933 62.312920  0.063304 -0.994758 0.080307  0.031949 0.818592 1 0 1.000000
0  -5.456185 -0.349769 62.595459  0.148520 -0.970471 0.190073  0.031949 0.822479 1 0 1.000000
portal_cleanser_Glass
0  8.970234 2.724725 16.661108  0.859506 0.345038 0.377093  0.711572 0.066538 1 0 1.000000
0  8.679512 2.615970 17.048639  0.479945 0.137415 0.866470  0.714527 0.070854 1 0 1.000000
0  8.634650 2.406680 16.899254  0.263460 -0.964565 0.014272  0.713060 0.073293 1 0 1.000000
portal_cleanser_Glass
0  7.834826 -4.046599 17.074446  0.427292 -0.300225 0.852811  0.908928 0.675924 1 0 1.000000
0  8.186007 -3.521134 17.066174  0.447029 -0.257390 0.856689  0.908928 0.667520 1 0 1.000000
0  7.836039 -3.319722 17.133554  -0.016914 0.035229 0.999236  0.911663 0.667520 1 0 1.000000
portal_cleanser_Glass
0  8.076122 4.214357 16.672909  0.758541 0.548456 0.351869  0.813591 0.791100 1 0 1.000000
0  7.834823 4.046598 17.074446  0.427076 0.300166 0.852940  0.810307 0.791100 1 0 1.000000
0  8.186005 3.521133 17.066174  0.446902 0.257363 0.856763  0.810307 0.782696 1 0 1.000000
portal_cleanser_Glass
0  1.490216 -0.122016 52.678265  0.897883 -0.215727 0.383755  0.100436 0.826211 1 0 1.000000
0  0.734585 -0.121079 54.372959  0.883053 -0.216709 0.416238  0.090052 0.826211 1 0 1.000000
0  0.522371 -0.342726 54.275894  0.227219 -0.967882 0.107593  0.090052 0.822479 1 0 1.000000
portal_cleanser_Glass
0  7.141128 4.282972 17.145901  -0.021754 -0.014867 0.999653  0.807571 0.799371 1 0 1.000000
0  7.505462 3.816660 17.143990  -0.016709 -0.024130 0.999569  0.807571 0.791100 1 0 1.000000
0  7.834823 4.046598 17.074446  0.427076 0.300166 0.852940  0.810307 0.791100 1 0 1.000000
portal_cleanser_Glass
0  7.567090 0.122039 29.435366  0.964630 0.214621 0.153057  0.235255 0.828951 1 0 1.000000
0  7.336316 0.343225 29.399458  0.242559 0.969372 0.038508  0.235255 0.832682 1 0 1.000000
0  7.036801 0.343226 31.219242  0.242190 0.969353 0.041219  0.224907 0.832682 1 0 1.000000
portal_cleanser_Glass
0  8.280653 2.485382 17.107290  -0.011923 -0.118533 0.992878  0.807571 0.769039 1 0 1.000000
0  8.679512 2.615970 17.048639  0.479945 0.137415 0.866470  0.810307 0.769039 1 0 1.000000
0  8.503220 2.956781 17.053034  0.451847 0.229984 0.861940  0.810307 0.774087 1 0 1.000000
portal_cleanser_Glass
0  8.127596 2.793023 17.116766  -0.023202 -0.041567 0.998866  0.807571 0.774087 1 0 1.000000
0  8.503220 2.956781 17.053034  0.451847 0.229984 0.861940  0.810307 0.774087 1 0 1.000000
0  8.186005 3.521133 17.066174  0.446902 0.257363 0.856763  0.810307 0.782696 1 0 1.000000
portal_cleanser_Glass
0  7.301292 5.161519 16.671217  0.696917 0.625407 0.350960  0.813591 0.806776 1 0 1.000000
0  7.678455 4.723801 16.673397  0.724768 0.593732 0.349562  0.813591 0.799371 1 0 1.000000
0  7.708061 4.749173 16.141937  0.756251 0.619700 -0.209896  0.817059 0.799371 1 0 1.000000
portal_cleanser_Glass
0  7.678455 4.723801 16.673397  0.724768 0.593732 0.349562  0.813591 0.799371 1 0 1.000000
0  7.451957 4.537443 17.075933  0.403838 0.332678 0.852197  0.810307 0.799371 1 0 1.000000
0  7.834823 4.046598 17.074446  0.427076 0.300166 0.852940  0.810307 0.791100 1 0 1.000000
portal_cleanser_Glass
0  8.679512 2.615970 17.048639  0.479945 0.137415 0.866470  0.810307 0.769039 1 0 1.000000
0  8.970234 2.724725 16.661108  0.859506 0.345038 0.377093  0.813591 0.769039 1 0 1.000000
0  8.782167 3.077862 16.662693  0.813380 0.450083 0.368562  0.813591 0.774087 1 0 1.000000
portal_cleanser_Glass
0  8.909264 2.500775 16.176477  0.367029 -0.928812 -0.050972  0.708255 0.070284 1 0 1.000000
0  8.707150 2.448808 15.865244  0.268105 -0.961869 -0.054113  0.706317 0.073313 1 0 1.000000
0  8.770809 2.669897 15.739090  0.585574 0.189397 -0.788183  0.704852 0.070856 1 0 1.000000
portal_cleanser_Glass
0  8.679514 -2.615971 17.048639  0.479869 -0.137542 0.866492  0.751913 0.052750 1 0 1.000000
0  8.634652 -2.406681 16.899254  0.263611 0.964523 0.014300  0.750445 0.050320 1 0 1.000000
0  8.359303 -2.341687 16.945913  0.233733 0.972108 0.019386  0.751012 0.046701 1 0 1.000000
portal_cleanser_Glass
0  7.936365 -3.385962 15.590858  0.113218 -0.042812 -0.992647  0.896189 0.667520 1 0 1.000000
0  8.272655 -3.580114 15.716900  0.546367 -0.320690 -0.773719  0.898917 0.667520 1 0 1.000000
0  7.916405 -4.108930 15.707314  0.520666 -0.369975 -0.769432  0.898917 0.675924 1 0 1.000000
portal_cleanser_Glass
0  8.444397 -3.667477 16.668898  0.794065 -0.489907 0.359794  0.905643 0.667520 1 0 1.000000
0  8.076124 -4.214359 16.672909  0.758534 -0.548445 0.351902  0.905643 0.675924 1 0 1.000000
0  8.107290 -4.238579 16.143581  0.791475 -0.573804 -0.210515  0.902175 0.675924 1 0 1.000000
portal_cleanser_Glass
0  8.593811 3.011731 15.732254  0.556059 0.285675 -0.780505  0.820317 0.774087 1 0 1.000000
0  8.770809 2.669897 15.739090  0.585574 0.189397 -0.788183  0.820317 0.769039 1 0 1.000000
0  8.386398 2.543066 15.620419  0.127858 -0.053816 -0.990331  0.823045 0.769039 1 0 1.000000
portal_cleanser_Glass
0  8.272654 3.580112 15.716900  0.546030 0.320533 -0.774022  0.820317 0.782696 1 0 1.000000
0  8.593811 3.011731 15.732254  0.556059 0.285675 -0.780505  0.820317 0.774087 1 0 1.000000
0  8.232641 2.853559 15.609076  0.113477 0.028050 -0.993145  0.823045 0.774087 1 0 1.000000
portal_cleanser_Glass
0  7.708061 4.749173 16.141937  0.756251 0.619700 -0.209896  0.817059 0.799371 1 0 1.000000
0  7.529003 4.602935 15.704842  0.490869 0.405784 -0.770965  0.820317 0.799371 1 0 1.000000
0  7.161745 5.027743 15.708881  0.464864 0.431144 -0.773315  0.820317 0.806776 1 0 1.000000
portal_cleanser_Glass
0  7.301292 5.161519 16.671217  0.696917 0.625407 0.350960  0.813591 0.806776 1 0 1.000000
0  7.088291 4.959692 17.072010  0.382804 0.354202 0.853230  0.810307 0.806776 1 0 1.000000
0  7.451957 4.537443 17.075933  0.403838 0.332678 0.852197  0.810307 0.799371 1 0 1.000000
portal_cleanser_Glass
0  7.191062 -5.528320 8.213034  0.414727 -0.429680 -0.802108  0.874654 0.753179 1 0 1.000000
0  6.751029 -5.951999 8.227919  0.367826 -0.470623 -0.802009  0.874654 0.761285 1 0 1.000000
0  6.495011 -5.649806 8.119091  0.038181 -0.075425 -0.996420  0.871930 0.761285 1 0 1.000000
portal_cleanser_Glass
0  -0.306014 0.341114 55.943542  0.225924 0.966492 0.121865  0.079590 0.832682 1 0 1.000000
0  -0.610573 0.383198 55.783852  0.106870 0.992624 0.057233  0.079590 0.836568 1 0 1.000000
0  -1.518215 0.382972 57.388103  0.106574 0.992121 0.065864  0.069099 0.836568 1 0 1.000000
portal_cleanser_Glass
0  8.107288 4.238578 16.143581  0.791538 0.573815 -0.210248  0.817059 0.791100 1 0 1.000000
0  7.916402 4.108928 15.707314  0.520632 0.369951 -0.769466  0.820317 0.791100 1 0 1.000000
0  7.529003 4.602935 15.704842  0.490869 0.405784 -0.770965  0.820317 0.799371 1 0 1.000000
portal_cleanser_Glass
0  6.461936 -6.018978 16.663319  0.596434 -0.715524 0.363721  0.905643 0.706909 1 0 1.000000
0  6.488477 -6.043420 16.157221  0.618143 -0.751511 -0.230502  0.902175 0.706909 1 0 1.000000
0  6.934691 -5.613075 16.148302  0.693848 -0.685933 -0.219252  0.902175 0.698998 1 0 1.000000
portal_cleanser_Glass
0  8.442211 -2.386985 15.779189  0.240382 0.968675 -0.062330  0.743173 0.046701 1 0 1.000000
0  8.707151 -2.448810 15.865244  0.268138 0.961854 -0.054216  0.743714 0.050269 1 0 1.000000
0  8.770811 -2.669898 15.739090  0.585479 -0.189564 -0.788213  0.742235 0.052690 1 0 1.000000
portal_cleanser_Glass
0  9.135090 2.489922 8.364263  0.349390 -0.936280 -0.036135  0.723900 0.050343 1 0 1.000000
0  8.866995 2.454186 8.170322  0.321847 -0.668874 -0.670091  0.725293 0.046885 1 0 1.000000
0  8.814137 2.568831 8.120909  0.105715 -0.072924 -0.991719  0.726181 0.046885 1 0 1.000000
portal_cleanser_Glass
0  9.411873 2.801661 9.142738  0.876468 0.349653 0.330979  0.849383 0.819346 1 0 1.000000
0  9.428669 2.806842 8.637377  0.894050 0.359548 -0.267208  0.845951 0.819346 1 0 1.000000
0  9.242567 3.159517 8.634346  0.846908 0.463594 -0.260438  0.845951 0.814311 1 0 1.000000
portal_cleanser_Glass
0  8.539606 4.313043 8.624554  0.789710 0.559227 -0.252237  0.845951 0.797105 1 0 1.000000
0  8.524942 4.304912 9.153316  0.774786 0.549058 0.313436  0.849383 0.797105 1 0 1.000000
0  9.226444 3.153240 9.145849  0.830175 0.453960 0.323619  0.849383 0.814311 1 0 1.000000
portal_cleanser_Glass
0  -8.995085 -0.122127 64.223320  0.094505 -0.210536 0.973007  0.010003 0.826211 1 0 1.000000
0  -9.996797 -0.119579 64.272491  0.047304 -0.209686 0.976624  0.004489 0.826211 1 0 1.000000
0  -9.994370 -0.346081 64.039696  0.010732 -0.966043 0.258158  0.004489 0.822479 1 0 1.000000
portal_cleanser_Glass
0  7.343459 -5.710381 9.146084  0.676319 -0.662308 0.322398  0.881348 0.753179 1 0 1.000000
0  7.357743 -5.718318 8.632507  0.687979 -0.676903 -0.261700  0.877917 0.753179 1 0 1.000000
0  7.755045 -5.286522 8.626472  0.722344 -0.642572 -0.255579  0.877917 0.745681 1 0 1.000000
portal_cleanser_Glass
0  -8.054871 -0.350424 63.848221  0.053562 -0.968666 0.242523  0.015506 0.822479 1 0 1.000000
0  -7.128917 -0.349697 63.567673  0.089965 -0.969436 0.228255  0.020975 0.822479 1 0 1.000000
0  -7.045887 -0.124673 63.789478  0.355339 -0.208526 0.911181  0.020975 0.826211 1 0 1.000000
portal_cleanser_Glass
0  8.843498 2.394765 9.454762  0.330550 -0.942326 0.052512  0.716674 0.046885 1 0 1.000000
0  9.099250 2.481936 9.394218  0.346302 -0.937100 0.043795  0.717209 0.050360 1 0 1.000000
0  9.143038 2.702440 9.541100  0.523089 0.154175 0.838217  0.715718 0.052801 1 0 1.000000
portal_cleanser_Glass
0  8.539606 4.313043 8.624554  0.789710 0.559227 -0.252237  0.845951 0.797105 1 0 1.000000
0  8.335068 4.169769 8.198101  0.495335 0.346367 -0.796664  0.842689 0.797105 1 0 1.000000
0  7.574390 5.112288 8.202703  0.441456 0.405903 -0.800225  0.842689 0.781111 1 0 1.000000
portal_cleanser_Glass
0  7.574393 -5.112289 8.202703  0.441441 -0.406419 -0.799971  0.874654 0.745681 1 0 1.000000
0  7.191062 -5.528320 8.213034  0.414727 -0.429680 -0.802108  0.874654 0.753179 1 0 1.000000
0  6.919261 -5.242866 8.105013  0.038518 -0.068509 -0.996907  0.871930 0.753179 1 0 1.000000
portal_cleanser_Glass
0  -2.955436 -0.118128 60.383564  0.753514 -0.216938 0.620609  0.050653 0.826211 1 0 1.000000
0  -3.743312 -0.121776 61.291458  0.721965 -0.215598 0.657483  0.043987 0.826211 1 0 1.000000
0  -3.909325 -0.345172 61.125561  0.187680 -0.967780 0.167866  0.043987 0.822479 1 0 1.000000
portal_cleanser_Glass
0  9.010586 3.056145 8.217698  0.531254 0.271012 -0.802697  0.842689 0.814311 1 0 1.000000
0  8.335068 4.169769 8.198101  0.495335 0.346367 -0.796664  0.842689 0.797105 1 0 1.000000
0  8.539606 4.313043 8.624554  0.789710 0.559227 -0.252237  0.845951 0.797105 1 0 1.000000
portal_cleanser_Glass
0  4.855010 6.730699 16.915314  -0.874979 0.483707 -0.020955  0.675044 0.051137 1 0 1.000000
0  4.731860 6.491482 16.961277  -0.886929 0.461774 -0.011055  0.675559 0.047733 1 0 1.000000
0  4.854848 6.396053 17.106720  -0.041155 -0.004900 0.999141  0.677164 0.047733 1 0 1.000000
portal_cleanser_Glass
0  9.186346 -2.716717 8.225993  0.566812 -0.173774 -0.805311  0.690843 0.054610 1 0 1.000000
0  8.814138 -2.568832 8.120909  0.106079 0.073214 -0.991659  0.690053 0.048698 1 0 1.000000
0  8.884008 -2.403796 8.288511  0.333707 0.941583 -0.045405  0.691819 0.048698 1 0 1.000000
portal_cleanser_Glass
0  6.934688 5.613074 16.148302  0.693886 0.685613 -0.220131  0.817059 0.814174 1 0 1.000000
0  6.779746 5.437542 15.719085  0.435365 0.454138 -0.777313  0.820317 0.814174 1 0 1.000000
0  6.347911 5.849386 15.734384  0.381023 0.484422 -0.787500  0.820317 0.822085 1 0 1.000000
portal_cleanser_Glass
0  8.770809 2.669897 15.739090  0.585574 0.189397 -0.788183  0.704852 0.070856 1 0 1.000000
0  8.707150 2.448808 15.865244  0.268105 -0.961869 -0.054113  0.706317 0.073313 1 0 1.000000
0  8.442209 2.386983 15.779189  0.240309 -0.968699 -0.062239  0.705774 0.076893 1 0 1.000000
portal_cleanser_Glass
0  5.634261 7.140050 8.665932  0.560690 0.779190 -0.280159  0.735539 0.066430 1 0 1.000000
0  5.389256 7.087489 8.685596  -0.815860 0.575802 -0.053153  0.735142 0.070029 1 0 1.000000
0  5.378388 7.081166 9.093960  -0.819684 0.572499 0.019074  0.732501 0.070033 1 0 1.000000
portal_cleanser_Glass
0  7.329600 -5.187872 16.143547  0.727087 -0.652770 -0.212687  0.902175 0.691600 1 0 1.000000
0  6.934691 -5.613075 16.148302  0.693848 -0.685933 -0.219252  0.902175 0.698998 1 0 1.000000
0  6.779750 -5.437544 15.719085  0.435221 -0.453603 -0.777706  0.898917 0.698998 1 0 1.000000
portal_cleanser_Glass
0  8.503220 2.956781 17.053034  0.451847 0.229984 0.861940  0.810307 0.774087 1 0 1.000000
0  8.782167 3.077862 16.662693  0.813380 0.450083 0.368562  0.813591 0.774087 1 0 1.000000
0  8.444395 3.667476 16.668898  0.794095 0.489879 0.359766  0.813591 0.782696 1 0 1.000000
portal_cleanser_Glass
0  4.989204 -6.925979 16.641071  -0.828411 -0.559434 -0.027719  0.686209 0.070389 1 0 1.000000
0  5.022764 -6.937169 16.191990  -0.827121 -0.559090 -0.057343  0.683277 0.070351 1 0 1.000000
0  5.117641 -7.041964 16.178585  -0.362059 -0.915243 -0.176756  0.683128 0.068502 1 0 1.000000
portal_cleanser_Glass
0  8.272654 3.580112 15.716900  0.546030 0.320533 -0.774022  0.820317 0.782696 1 0 1.000000
0  8.477390 3.690385 16.148384  0.830211 0.514289 -0.215076  0.817059 0.782696 1 0 1.000000
0  8.816895 3.099071 16.154757  0.852341 0.473547 -0.221964  0.817059 0.774087 1 0 1.000000
portal_cleanser_Glass
0  8.970234 2.724725 16.661108  0.859506 0.345038 0.377093  0.711572 0.066538 1 0 1.000000
0  8.877995 2.483582 16.613197  0.362525 -0.931601 0.026349  0.711081 0.070289 1 0 1.000000
0  8.909264 2.500775 16.176477  0.367029 -0.928812 -0.050972  0.708255 0.070284 1 0 1.000000
portal_cleanser_Glass
0  8.782167 3.077862 16.662693  0.813380 0.450083 0.368562  0.813591 0.774087 1 0 1.000000
0  8.816895 3.099071 16.154757  0.852341 0.473547 -0.221964  0.817059 0.774087 1 0 1.000000
0  8.477390 3.690385 16.148384  0.830211 0.514289 -0.215076  0.817059 0.782696 1 0 1.000000
portal_cleanser_Glass
0  9.099250 2.481936 9.394218  0.346302 -0.937100 0.043795  0.717209 0.050360 1 0 1.000000
0  8.843498 2.394765 9.454762  0.330550 -0.942326 0.052512  0.716674 0.046885 1 0 1.000000
0  8.884007 2.403795 8.288511  0.333902 -0.941472 -0.046265  0.724419 0.046885 1 0 1.000000
portal_cleanser_Glass
0  4.731860 6.491482 16.961277  -0.886929 0.461774 -0.011055  0.675559 0.047733 1 0 1.000000
0  4.855010 6.730699 16.915314  -0.874979 0.483707 -0.020955  0.675044 0.051137 1 0 1.000000
0  4.928927 6.760516 15.873694  -0.872230 0.484731 -0.065193  0.668243 0.051188 1 0 1.000000
portal_cleanser_Glass
0  9.324835 -2.554226 9.100736  0.399685 0.915246 0.050762  0.697061 0.055109 1 0 1.000000
0  9.099252 -2.481937 9.394218  0.346184 0.937155 0.043555  0.699040 0.052190 1 0 1.000000
0  9.143040 -2.702441 9.541100  0.523218 -0.153895 0.838188  0.700523 0.054648 1 0 1.000000
portal_cleanser_Glass
0  -6.257496 -0.349350 63.144779  0.121772 -0.970063 0.210118  0.026455 0.822479 1 0 1.000000
0  -6.145522 -0.125796 63.354389  0.489836 -0.209332 0.846310  0.026455 0.826211 1 0 1.000000
0  -7.045887 -0.124673 63.789478  0.355339 -0.208526 0.911181  0.020975 0.826211 1 0 1.000000
portal_cleanser_Glass
0  -4.043931 -0.345091 -61.310490  0.185206 -0.967687 -0.171113  0.758913 0.822479 1 0 1.000000
0  -4.287675 -0.384592 -61.065895  0.085049 -0.993406 -0.076890  0.758913 0.818592 1 0 1.000000
0  -4.950566 -0.385027 -61.709648  0.071601 -0.994363 -0.078204  0.764289 0.818592 1 0 1.000000
portal_cleanser_Glass
0  3.972524 -0.122039 -45.669735  0.935812 -0.214763 -0.279523  0.659596 0.826211 1 0 1.000000
0  3.748722 -0.343078 -45.603958  0.235635 -0.969290 -0.070382  0.659596 0.822479 1 0 1.000000
0  3.205057 -0.343064 -47.369038  0.234670 -0.969145 -0.075420  0.669961 0.822479 1 0 1.000000
portal_cleanser_Glass
0  8.816895 3.099071 16.154757  0.852341 0.473547 -0.221964  0.817059 0.774087 1 0 1.000000
0  8.782167 3.077862 16.662693  0.813380 0.450083 0.368562  0.813591 0.774087 1 0 1.000000
0  8.970234 2.724725 16.661108  0.859506 0.345038 0.377093  0.813591 0.769039 1 0 1.000000
portal_cleanser_Glass
0  2.617810 -0.343051 -49.122959  0.232284 -0.968943 -0.084810  0.680344 0.822479 1 0 1.000000
0  2.292185 -0.383271 -49.012463  0.109534 -0.993228 -0.038734  0.680344 0.818592 1 0 1.000000
0  1.649207 -0.383268 -50.739655  0.108244 -0.993226 -0.042250  0.690805 0.818592 1 0 1.000000
portal_cleanser_Glass
0  -2.073517 -0.116390 59.264702  0.794029 -0.216138 0.568156  0.058572 0.826211 1 0 1.000000
0  -2.955436 -0.118128 60.383564  0.753514 -0.216938 0.620609  0.050653 0.826211 1 0 1.000000
0  -3.131879 -0.341210 60.232731  0.201767 -0.965612 0.163963  0.050653 0.822479 1 0 1.000000
portal_cleanser_Glass
0  7.970129 -3.920216 9.649822  0.015718 -0.007716 0.999847  0.887330 0.729687 1 0 1.000000
0  7.600972 -4.401728 9.647996  0.009275 -0.016504 0.999821  0.887330 0.738116 1 0 1.000000
0  7.910344 -4.653508 9.561710  0.428720 -0.351809 0.832124  0.884602 0.738116 1 0 1.000000
portal_cleanser_Glass
0  7.301295 -5.161520 16.671217  0.696845 -0.625331 0.351237  0.905643 0.691600 1 0 1.000000
0  7.329600 -5.187872 16.143547  0.727087 -0.652770 -0.212687  0.902175 0.691600 1 0 1.000000
0  7.708064 -4.749174 16.141937  0.756320 -0.619657 -0.209775  0.902175 0.684195 1 0 1.000000
portal_cleanser_Glass
0  6.454656 -5.626369 9.618527  -0.000931 -0.026188 0.999657  0.887330 0.761285 1 0 1.000000
0  6.714053 -5.933630 9.534118  0.335378 -0.426314 0.840106  0.884602 0.761285 1 0 1.000000
0  7.155847 -5.505490 9.546643  0.381130 -0.392256 0.837183  0.884602 0.753179 1 0 1.000000
portal_cleanser_Glass
0  -6.145845 0.124875 -63.323399  0.490165 0.209296 -0.846129  0.775089 0.828951 1 0 1.000000
0  -7.050725 0.123540 -63.766476  0.367789 0.210110 -0.905861  0.780603 0.828951 1 0 1.000000
0  -7.134856 0.345037 -63.546688  0.092608 0.968547 -0.230956  0.780603 0.832682 1 0 1.000000
portal_cleanser_Glass
0  -9.007361 -0.342233 -63.990433  0.025195 -0.966994 -0.253551  0.791521 0.822479 1 0 1.000000
0  -9.046671 -0.383426 -63.649242  0.011688 -0.992911 -0.118285  0.791521 0.818592 1 0 1.000000
0  -9.976589 -0.383347 -63.702099  0.006372 -0.992737 -0.120137  0.796999 0.818592 1 0 1.000000
portal_cleanser_Glass
0  6.889693 -6.151429 9.141526  0.598962 -0.727788 0.334020  0.881348 0.761285 1 0 1.000000
0  6.905255 -6.156726 8.643660  0.609176 -0.743749 -0.275213  0.877917 0.761285 1 0 1.000000
0  7.357743 -5.718318 8.632507  0.687979 -0.676903 -0.261700  0.877917 0.753179 1 0 1.000000
portal_cleanser_Glass
0  9.242569 -3.159517 8.634346  0.846930 -0.463537 -0.260467  0.877917 0.712481 1 0 1.000000
0  9.428671 -2.806843 8.637377  0.894140 -0.359304 -0.267236  0.877917 0.707446 1 0 1.000000
0  9.411875 -2.801661 9.142738  0.876601 -0.349326 0.330973  0.881348 0.707446 1 0 1.000000
portal_cleanser_Glass
0  4.260836 -0.343291 43.834259  0.236567 -0.969320 0.066749  0.152388 0.822479 1 0 1.000000
0  4.486732 -0.122098 43.896404  0.940191 -0.215204 0.264060  0.152388 0.826211 1 0 1.000000
0  3.971139 -0.122046 45.674423  0.935800 -0.214800 0.279534  0.142021 0.826211 1 0 1.000000
portal_cleanser_Glass
0  -0.116953 -0.120351 -56.050716  0.861127 -0.216711 -0.459888  0.722068 0.826211 1 0 1.000000
0  -0.321785 -0.342113 -55.938816  0.223140 -0.967462 -0.119276  0.722068 0.822479 1 0 1.000000
0  -1.242048 -0.341623 -57.554066  0.218062 -0.966709 -0.133879  0.732512 0.822479 1 0 1.000000
portal_cleanser_Glass
0  5.125381 6.660257 9.435756  -0.863101 0.504316 0.026889  0.730107 0.076291 1 0 1.000000
0  5.258029 6.889090 9.374070  -0.854488 0.519209 0.016521  0.730641 0.072912 1 0 1.000000
0  5.287482 6.901567 8.386513  -0.851377 0.521655 -0.055071  0.737064 0.072870 1 0 1.000000
portal_cleanser_Glass
0  2.193230 0.122113 50.959103  0.910089 0.214861 0.354363  0.110826 0.828951 1 0 1.000000
0  1.975910 0.343356 50.873413  0.230215 0.969032 0.089318  0.110826 0.832682 1 0 1.000000
0  1.275484 0.343149 52.586548  0.227672 0.968850 0.097442  0.100436 0.832682 1 0 1.000000
portal_cleanser_Glass
0  7.451960 -4.537444 17.075933  0.404003 -0.332682 0.852118  0.908928 0.684195 1 0 1.000000
0  7.834826 -4.046599 17.074446  0.427292 -0.300225 0.852811  0.908928 0.675924 1 0 1.000000
0  7.505465 -3.816662 17.143990  -0.016515 0.024061 0.999574  0.911663 0.675924 1 0 1.000000
portal_cleanser_Glass
0  7.301292 5.161519 16.671217  0.696917 0.625407 0.350960  0.813591 0.806776 1 0 1.000000
0  7.329597 5.187871 16.143547  0.727111 0.652754 -0.212655  0.817059 0.806776 1 0 1.000000
0  6.934688 5.613074 16.148302  0.693886 0.685613 -0.220131  0.817059 0.814174 1 0 1.000000
portal_cleanser_Glass
0  8.107290 -4.238579 16.143581  0.791475 -0.573804 -0.210515  0.902175 0.675924 1 0 1.000000
0  7.916405 -4.108930 15.707314  0.520666 -0.369975 -0.769432  0.898917 0.675924 1 0 1.000000
0  8.272655 -3.580114 15.716900  0.546367 -0.320690 -0.773719  0.898917 0.667520 1 0 1.000000
portal_cleanser_Glass
0  -1.027812 0.117804 57.689182  0.831867 0.216419 0.511038  0.069099 0.828951 1 0 1.000000
0  -1.224960 0.339326 57.567932  0.222943 0.965089 0.137473  0.069099 0.832682 1 0 1.000000
0  -2.259711 0.338817 59.128189  0.215524 0.964311 0.153796  0.058572 0.832682 1 0 1.000000
portal_cleanser_Glass
0  5.240974 -7.014926 16.176891  0.570748 -0.788744 -0.228320  0.902175 0.727376 1 0 1.000000
0  5.126777 -6.801997 15.760325  0.353798 -0.515474 -0.780457  0.898917 0.727376 1 0 1.000000
0  6.347915 -5.849388 15.734384  0.381069 -0.484430 -0.787473  0.898917 0.706909 1 0 1.000000
portal_cleanser_Glass
0  7.708064 -4.749174 16.141937  0.756320 -0.619657 -0.209775  0.902175 0.684195 1 0 1.000000
0  7.529006 -4.602936 15.704842  0.491725 -0.405667 -0.770481  0.898917 0.684195 1 0 1.000000
0  7.916405 -4.108930 15.707314  0.520666 -0.369975 -0.769432  0.898917 0.675924 1 0 1.000000
portal_cleanser_Glass
0  9.005873 -2.745162 16.156420  0.900643 -0.367930 -0.231237  0.745114 0.057124 1 0 1.000000
0  8.770811 -2.669898 15.739090  0.585479 -0.189564 -0.788213  0.742235 0.052690 1 0 1.000000
0  8.707151 -2.448810 15.865244  0.268138 0.961854 -0.054216  0.743714 0.050269 1 0 1.000000
portal_cleanser_Glass
0  -1.042977 -0.120232 -57.675858  0.832559 -0.217197 -0.509580  0.732512 0.826211 1 0 1.000000
0  -1.242048 -0.341623 -57.554066  0.218062 -0.966709 -0.133879  0.732512 0.822479 1 0 1.000000
0  -2.265653 -0.340106 -59.118114  0.212258 -0.965283 -0.152233  0.743021 0.822479 1 0 1.000000
portal_cleanser_Glass
0  8.503222 -2.956783 17.053034  0.451864 -0.230018 0.861923  0.908928 0.658911 1 0 1.000000
0  8.782169 -3.077863 16.662693  0.813383 -0.450080 0.368559  0.905643 0.658911 1 0 1.000000
0  8.970236 -2.724725 16.661108  0.859477 -0.345131 0.377072  0.905643 0.653863 1 0 1.000000
portal_cleanser_Glass
0  8.076124 -4.214359 16.672909  0.758534 -0.548445 0.351902  0.905643 0.675924 1 0 1.000000
0  7.834826 -4.046599 17.074446  0.427292 -0.300225 0.852811  0.908928 0.675924 1 0 1.000000
0  7.451960 -4.537444 17.075933  0.404003 -0.332682 0.852118  0.908928 0.684195 1 0 1.000000
portal_cleanser_Glass
0  8.138772 -4.836647 8.623883  0.753059 -0.607544 -0.252573  0.877917 0.738116 1 0 1.000000
0  7.946194 -4.676881 8.197657  0.467631 -0.381595 -0.797312  0.874654 0.738116 1 0 1.000000
0  8.335070 -4.169771 8.198101  0.495850 -0.346720 -0.796190  0.874654 0.729687 1 0 1.000000
portal_cleanser_Glass
0  5.208390 6.998961 16.675781  0.550145 0.750411 0.366365  0.813591 0.842552 1 0 1.000000
0  5.050759 6.753471 17.042063  0.292453 0.419775 0.859221  0.810307 0.842552 1 0 1.000000
0  6.280919 5.784006 17.052521  0.318489 0.393215 0.862523  0.810307 0.822085 1 0 1.000000
portal_cleanser_Glass
0  -5.467544 -0.349752 -62.575600  0.142870 -0.970839 -0.192507  0.769664 0.822479 1 0 1.000000
0  -4.728282 -0.348791 -61.974033  0.163063 -0.969998 -0.180315  0.764289 0.822479 1 0 1.000000
0  -4.950566 -0.385027 -61.709648  0.071601 -0.994363 -0.078204  0.764289 0.818592 1 0 1.000000
portal_cleanser_Glass
0  -2.544966 0.382992 -58.917309  0.100714 0.992303 -0.072047  0.743021 0.836569 1 0 1.000000
0  -2.265643 0.340114 -59.118107  0.212269 0.965280 -0.152240  0.743021 0.832682 1 0 1.000000
0  -3.419244 0.339868 -60.601765  0.204654 0.964998 -0.164001  0.753594 0.832682 1 0 1.000000
portal_cleanser_Glass
0  9.005871 2.745161 16.156420  0.900665 0.367925 -0.231159  0.817059 0.769039 1 0 1.000000
0  8.770809 2.669897 15.739090  0.585574 0.189397 -0.788183  0.820317 0.769039 1 0 1.000000
0  8.593811 3.011731 15.732254  0.556059 0.285675 -0.780505  0.820317 0.774087 1 0 1.000000
portal_cleanser_Glass
0  5.050763 -6.753474 17.042063  0.292100 -0.418830 0.859802  0.908928 0.727376 1 0 1.000000
0  6.280923 -5.784008 17.052521  0.318509 -0.393221 0.862513  0.908928 0.706909 1 0 1.000000
0  6.024682 -5.470170 17.121147  -0.025826 0.010831 0.999608  0.911663 0.706909 1 0 1.000000
portal_cleanser_Glass
0  5.428060 -7.081398 9.322112  -0.334499 -0.853830 0.398855  0.760997 0.069789 1 0 1.000000
0  5.486995 -7.171375 9.120802  -0.270763 -0.931356 0.243440  0.759676 0.068402 1 0 1.000000
0  5.619838 -7.134718 9.129794  0.550776 -0.763949 0.336197  0.759934 0.066673 1 0 1.000000
portal_cleanser_Glass
0  5.619838 -7.134718 9.129794  0.550776 -0.763949 0.336197  0.759934 0.066673 1 0 1.000000
0  5.471977 -6.900716 9.508785  0.304501 -0.455687 0.836438  0.762745 0.070665 1 0 1.000000
0  5.428060 -7.081398 9.322112  -0.334499 -0.853830 0.398855  0.760997 0.069789 1 0 1.000000
portal_cleanser_Glass
0  5.619833 7.134716 9.129794  0.550796 0.763903 0.336267  0.849383 0.744786 1 0 1.000000
0  6.889689 6.151428 9.141526  0.599000 0.727764 0.334004  0.849383 0.765507 1 0 1.000000
0  6.905252 6.156725 8.643660  0.609158 0.743755 -0.275236  0.845951 0.765507 1 0 1.000000
portal_cleanser_Glass
0  5.378388 7.081166 9.093960  -0.819684 0.572499 0.019074  0.732501 0.070033 1 0 1.000000
0  5.258029 6.889090 9.374070  -0.854488 0.519209 0.016521  0.730641 0.072912 1 0 1.000000
0  5.471972 6.900714 9.508785  0.304653 0.455461 0.836505  0.729251 0.070427 1 0 1.000000
portal_cleanser_Glass
0  5.619838 -7.134718 9.129794  0.550776 -0.763949 0.336197  0.881348 0.782006 1 0 1.000000
0  6.889693 -6.151429 9.141526  0.598962 -0.727788 0.334020  0.881348 0.761285 1 0 1.000000
0  6.714053 -5.933630 9.534118  0.335378 -0.426314 0.840106  0.884602 0.761285 1 0 1.000000
portal_cleanser_Glass
0  1.481822 -0.121850 -52.674812  0.897807 -0.214229 -0.384772  0.701200 0.826211 1 0 1.000000
0  1.267990 -0.342938 -52.581730  0.227903 -0.968804 -0.097355  0.701200 0.822479 1 0 1.000000
0  0.510726 -0.342330 -54.270355  0.226181 -0.968151 -0.107360  0.711589 0.822479 1 0 1.000000
portal_cleanser_Glass
0  6.905255 -6.156726 8.643660  0.609176 -0.743749 -0.275213  0.877917 0.761285 1 0 1.000000
0  5.634265 -7.140052 8.665932  0.561599 -0.780463 -0.274743  0.877917 0.782006 1 0 1.000000
0  5.510566 -6.915088 8.258160  0.337581 -0.503299 -0.795443  0.874654 0.782006 1 0 1.000000
portal_cleanser_Glass
0  8.890743 -3.747602 9.151408  0.810694 -0.491648 0.317896  0.881348 0.721170 1 0 1.000000
0  8.648718 -3.610716 9.558937  0.477293 -0.277501 0.833777  0.884602 0.721170 1 0 1.000000
0  8.296980 -4.148254 9.563341  0.454451 -0.319379 0.831547  0.884602 0.729687 1 0 1.000000
portal_cleanser_Glass
0  7.343459 -5.710381 9.146084  0.676319 -0.662308 0.322398  0.881348 0.753179 1 0 1.000000
0  7.741370 -5.277658 9.149735  0.709125 -0.630317 0.315978  0.881348 0.745681 1 0 1.000000
0  7.539771 -5.088106 9.556146  0.404979 -0.373128 0.834726  0.884602 0.745681 1 0 1.000000
portal_cleanser_Glass
0  -1.224958 -0.339350 57.567928  0.222968 -0.965081 0.137493  0.069099 0.822479 1 0 1.000000
0  -1.027810 -0.117830 57.689182  0.831870 -0.216383 0.511048  0.069099 0.826211 1 0 1.000000
0  -2.073517 -0.116390 59.264702  0.794029 -0.216138 0.568156  0.058572 0.826211 1 0 1.000000
portal_cleanser_Glass
0  5.384979 -6.962458 8.290075  -0.198827 -0.699037 -0.686888  0.754268 0.071672 1 0 1.000000
0  5.203492 -6.649033 8.189852  -0.587092 -0.450092 -0.672860  0.753527 0.076501 1 0 1.000000
0  5.303523 -6.578048 8.142739  0.018447 -0.090059 -0.995766  0.752669 0.076501 1 0 1.000000
portal_cleanser_Glass
0  0.734585 0.121059 54.372955  0.883075 0.216604 0.416247  0.090052 0.828951 1 0 1.000000
0  0.522369 0.342692 54.275883  0.227239 0.967874 0.107626  0.090052 0.832682 1 0 1.000000
0  -0.306014 0.341114 55.943542  0.225924 0.966492 0.121865  0.079590 0.832682 1 0 1.000000
portal_cleanser_Glass
0  5.454780 -7.091532 8.458350  -0.305946 -0.868577 -0.389835  0.755347 0.069717 1 0 1.000000
0  5.384979 -6.962458 8.290075  -0.198827 -0.699037 -0.686888  0.754268 0.071672 1 0 1.000000
0  5.510566 -6.915088 8.258160  0.337581 -0.503299 -0.795443  0.753534 0.070644 1 0 1.000000
portal_cleanser_Glass
0  5.510566 -6.915088 8.258160  0.337581 -0.503299 -0.795443  0.753534 0.070644 1 0 1.000000
0  5.634265 -7.140052 8.665932  0.561599 -0.780463 -0.274743  0.756477 0.066604 1 0 1.000000
0  5.454780 -7.091532 8.458350  -0.305946 -0.868577 -0.389835  0.755347 0.069717 1 0 1.000000
portal_cleanser_Glass
0  6.495008 5.649804 8.119091  0.037741 0.074847 -0.996481  0.839965 0.765507 1 0 1.000000
0  5.303519 6.578045 8.142739  0.018036 0.089806 -0.995796  0.839965 0.744786 1 0 1.000000
0  5.510561 6.915086 8.258160  0.337565 0.503278 -0.795463  0.842689 0.744786 1 0 1.000000
portal_cleanser_Glass
0  5.634261 7.140050 8.665932  0.560690 0.779190 -0.280159  0.735539 0.066430 1 0 1.000000
0  5.510561 6.915086 8.258160  0.337565 0.503278 -0.795463  0.738466 0.070445 1 0 1.000000
0  5.287482 6.901567 8.386513  -0.851377 0.521655 -0.055071  0.737064 0.072870 1 0 1.000000
portal_cleanser_Glass
0  7.357743 -5.718318 8.632507  0.687979 -0.676903 -0.261700  0.877917 0.753179 1 0 1.000000
0  7.191062 -5.528320 8.213034  0.414727 -0.429680 -0.802108  0.874654 0.753179 1 0 1.000000
0  7.574393 -5.112289 8.202703  0.441441 -0.406419 -0.799971  0.874654 0.745681 1 0 1.000000
portal_cleanser_Glass
0  6.905255 -6.156726 8.643660  0.609176 -0.743749 -0.275213  0.877917 0.761285 1 0 1.000000
0  6.751029 -5.951999 8.227919  0.367826 -0.470623 -0.802009  0.874654 0.761285 1 0 1.000000
0  7.191062 -5.528320 8.213034  0.414727 -0.429680 -0.802108  0.874654 0.753179 1 0 1.000000
portal_cleanser_Glass
0  -4.497724 0.124919 62.076267  0.673280 0.213450 0.707908  0.037961 0.828951 1 0 1.000000
0  -4.651192 0.348141 61.895618  0.169827 0.969678 0.175736  0.037961 0.832682 1 0 1.000000
0  -5.456181 0.349742 62.595459  0.148505 0.970473 0.190075  0.031949 0.832682 1 0 1.000000
portal_cleanser_Glass
0  7.970127 3.920214 9.649822  0.015406 0.007535 0.999853  0.855364 0.797105 1 0 1.000000
0  8.296978 4.148253 9.563341  0.454277 0.319335 0.831659  0.852637 0.797105 1 0 1.000000
0  7.539768 5.088105 9.556146  0.405204 0.373340 0.834522  0.852637 0.781111 1 0 1.000000
portal_cleanser_Glass
0  -3.676696 0.383622 -60.372936  0.096713 0.992351 -0.076727  0.753594 0.836569 1 0 1.000000
0  -3.419244 0.339868 -60.601765  0.204654 0.964998 -0.164001  0.753594 0.832682 1 0 1.000000
0  -4.043959 0.345105 -61.310501  0.185729 0.967709 -0.170424  0.758913 0.832682 1 0 1.000000
portal_cleanser_Glass
0  3.748721 0.343084 -45.603973  0.235617 0.969293 -0.070400  0.659596 0.832682 1 0 1.000000
0  3.972527 0.122047 -45.669731  0.935801 0.214798 -0.279531  0.659596 0.828951 1 0 1.000000
0  3.428670 0.122171 -47.438938  0.929713 0.215518 -0.298638  0.669961 0.828951 1 0 1.000000
portal_cleanser_Glass
0  7.600972 -4.401728 9.647996  0.009275 -0.016504 0.999821  0.887330 0.738116 1 0 1.000000
0  7.246224 -4.817756 9.641681  0.002240 -0.022057 0.999754  0.887330 0.745681 1 0 1.000000
0  7.539771 -5.088106 9.556146  0.404979 -0.373128 0.834726  0.884602 0.745681 1 0 1.000000
portal_cleanser_Glass
0  7.329600 -5.187872 16.143547  0.727087 -0.652770 -0.212687  0.902175 0.691600 1 0 1.000000
0  7.161747 -5.027744 15.708881  0.464912 -0.431180 -0.773266  0.898917 0.691600 1 0 1.000000
0  7.529006 -4.602936 15.704842  0.491725 -0.405667 -0.770481  0.898917 0.684195 1 0 1.000000
portal_cleanser_Glass
0  9.010588 -3.056146 8.217698  0.531270 -0.270962 -0.802703  0.874654 0.712481 1 0 1.000000
0  8.653767 -2.885630 8.109543  0.078648 -0.013614 -0.996809  0.871930 0.712481 1 0 1.000000
0  8.814138 -2.568832 8.120909  0.106079 0.073214 -0.991659  0.871930 0.707446 1 0 1.000000
portal_cleanser_Glass
0  6.024678 5.470168 17.121147  -0.025859 -0.010872 0.999607  0.807571 0.822085 1 0 1.000000
0  6.432910 5.076168 17.133083  -0.031175 -0.004336 0.999505  0.807571 0.814174 1 0 1.000000
0  6.709929 5.368396 17.063631  0.360610 0.372382 0.855156  0.810307 0.814174 1 0 1.000000
portal_cleanser_Glass
0  8.764212 -2.553315 9.622964  0.049050 0.096377 0.994135  0.887330 0.707446 1 0 1.000000
0  8.605106 -2.867332 9.631939  0.021709 0.012357 0.999688  0.887330 0.712481 1 0 1.000000
0  8.968380 -3.039781 9.547680  0.487529 -0.249334 0.836749  0.884602 0.712481 1 0 1.000000
portal_cleanser_Glass
0  6.934691 -5.613075 16.148302  0.693848 -0.685933 -0.219252  0.902175 0.698998 1 0 1.000000
0  6.488477 -6.043420 16.157221  0.618143 -0.751511 -0.230502  0.902175 0.706909 1 0 1.000000
0  6.347915 -5.849388 15.734384  0.381069 -0.484430 -0.787473  0.898917 0.706909 1 0 1.000000
portal_cleanser_Glass
0  8.968380 -3.039781 9.547680  0.487529 -0.249334 0.836749  0.884602 0.712481 1 0 1.000000
0  9.226446 -3.153241 9.145849  0.830231 -0.453852 0.323627  0.881348 0.712481 1 0 1.000000
0  9.411875 -2.801661 9.142738  0.876601 -0.349326 0.330973  0.881348 0.707446 1 0 1.000000
portal_cleanser_Glass
0  8.890743 -3.747602 9.151408  0.810694 -0.491648 0.317896  0.881348 0.721170 1 0 1.000000
0  9.226446 -3.153241 9.145849  0.830231 -0.453852 0.323627  0.881348 0.712481 1 0 1.000000
0  8.968380 -3.039781 9.547680  0.487529 -0.249334 0.836749  0.884602 0.712481 1 0 1.000000
portal_cleanser_Glass
0  7.285549 4.846001 8.093882  0.046750 0.062022 -0.996979  0.839965 0.781111 1 0 1.000000
0  7.574390 5.112288 8.202703  0.441456 0.405903 -0.800225  0.842689 0.781111 1 0 1.000000
0  8.335068 4.169769 8.198101  0.495335 0.346367 -0.796664  0.842689 0.797105 1 0 1.000000
portal_cleanser_Glass
0  8.539608 -4.313043 8.624554  0.789746 -0.559244 -0.252086  0.877917 0.729687 1 0 1.000000
0  8.335070 -4.169771 8.198101  0.495850 -0.346720 -0.796190  0.874654 0.729687 1 0 1.000000
0  8.689001 -3.630020 8.204725  0.520205 -0.302164 -0.798802  0.874654 0.721170 1 0 1.000000
portal_cleanser_Glass
0  7.641993 -4.428741 8.087830  0.057209 -0.053478 -0.996929  0.871930 0.738116 1 0 1.000000
0  7.946194 -4.676881 8.197657  0.467631 -0.381595 -0.797312  0.874654 0.738116 1 0 1.000000
0  7.574393 -5.112289 8.202703  0.441441 -0.406419 -0.799971  0.874654 0.745681 1 0 1.000000
portal_cleanser_Glass
0  8.232643 -2.853560 15.609076  0.113605 -0.028175 -0.993127  0.896189 0.658911 1 0 1.000000
0  8.386400 -2.543067 15.620419  0.127918 0.053746 -0.990327  0.896189 0.653863 1 0 1.000000
0  8.770811 -2.669898 15.739090  0.585479 -0.189564 -0.788213  0.898917 0.653863 1 0 1.000000
portal_cleanser_Glass
0  8.350452 -3.430522 8.095081  0.076066 -0.025909 -0.996766  0.871930 0.721170 1 0 1.000000
0  8.653767 -2.885630 8.109543  0.078648 -0.013614 -0.996809  0.871930 0.712481 1 0 1.000000
0  9.010588 -3.056146 8.217698  0.531270 -0.270962 -0.802703  0.874654 0.712481 1 0 1.000000
portal_cleanser_Glass
0  8.124843 -4.827913 9.152241  0.739127 -0.596569 0.312725  0.881348 0.738116 1 0 1.000000
0  8.138772 -4.836647 8.623883  0.753059 -0.607544 -0.252573  0.877917 0.738116 1 0 1.000000
0  8.539608 -4.313043 8.624554  0.789746 -0.559244 -0.252086  0.877917 0.729687 1 0 1.000000
portal_cleanser_Glass
0  8.906164 -3.754974 8.628300  0.826708 -0.501401 -0.255245  0.877917 0.721170 1 0 1.000000
0  9.242569 -3.159517 8.634346  0.846930 -0.463537 -0.260467  0.877917 0.712481 1 0 1.000000
0  9.226446 -3.153241 9.145849  0.830231 -0.453852 0.323627  0.881348 0.712481 1 0 1.000000
portal_cleanser_Glass
0  7.755045 -5.286522 8.626472  0.722344 -0.642572 -0.255579  0.877917 0.745681 1 0 1.000000
0  7.574393 -5.112289 8.202703  0.441441 -0.406419 -0.799971  0.874654 0.745681 1 0 1.000000
0  7.946194 -4.676881 8.197657  0.467631 -0.381595 -0.797312  0.874654 0.738116 1 0 1.000000
portal_cleanser_Glass
0  9.428671 -2.806843 8.637377  0.894140 -0.359304 -0.267236  0.877917 0.707446 1 0 1.000000
0  9.242569 -3.159517 8.634346  0.846930 -0.463537 -0.260467  0.877917 0.712481 1 0 1.000000
0  9.010588 -3.056146 8.217698  0.531270 -0.270962 -0.802703  0.874654 0.712481 1 0 1.000000
portal_cleanser_Glass
0  9.010588 -3.056146 8.217698  0.531270 -0.270962 -0.802703  0.874654 0.712481 1 0 1.000000
0  9.242569 -3.159517 8.634346  0.846930 -0.463537 -0.260467  0.877917 0.712481 1 0 1.000000
0  8.906164 -3.754974 8.628300  0.826708 -0.501401 -0.255245  0.877917 0.721170 1 0 1.000000
portal_cleanser_Glass
0  5.389261 -7.087491 8.685596  -0.815803 -0.575892 -0.053041  0.756861 0.070219 1 0 1.000000
0  5.500366 -7.177183 8.671215  -0.250165 -0.939984 -0.232050  0.756723 0.068359 1 0 1.000000
0  5.486995 -7.171375 9.120802  -0.270763 -0.931356 0.243440  0.759676 0.068402 1 0 1.000000
portal_cleanser_Glass
0  5.050763 -6.753474 17.042063  0.292100 -0.418830 0.859802  0.689365 0.070808 1 0 1.000000
0  4.928063 -6.800626 17.014652  -0.266295 -0.617162 0.740404  0.688649 0.071884 1 0 1.000000
0  5.012416 -6.937129 16.871395  -0.417071 -0.832566 0.364534  0.687690 0.069940 1 0 1.000000
portal_cleanser_Glass
0  5.012416 -6.937129 16.871395  -0.417071 -0.832566 0.364534  0.687690 0.069940 1 0 1.000000
0  5.082361 -7.028729 16.669979  -0.358866 -0.911206 0.202285  0.686359 0.068560 1 0 1.000000
0  5.208395 -6.998964 16.675781  0.550057 -0.750495 0.366326  0.686529 0.066899 1 0 1.000000
portal_cleanser_Glass
0  6.461932 6.018976 16.663319  0.596451 0.715516 0.363708  0.813591 0.822085 1 0 1.000000
0  6.488473 6.043418 16.157221  0.618137 0.751463 -0.230672  0.817059 0.822085 1 0 1.000000
0  5.240969 7.014924 16.176891  0.570876 0.788659 -0.228293  0.817059 0.842552 1 0 1.000000
portal_cleanser_Glass
0  4.989199 6.925976 16.641071  -0.828388 0.559468 -0.027723  0.673178 0.054025 1 0 1.000000
0  4.855010 6.730699 16.915314  -0.874979 0.483707 -0.020955  0.675044 0.051137 1 0 1.000000
0  5.050759 6.753471 17.042063  0.292453 0.419775 0.859221  0.676338 0.053608 1 0 1.000000
portal_cleanser_Glass
0  5.208395 -6.998964 16.675781  0.550057 -0.750495 0.366326  0.905643 0.727376 1 0 1.000000
0  6.461936 -6.018978 16.663319  0.596434 -0.715524 0.363721  0.905643 0.706909 1 0 1.000000
0  6.280923 -5.784008 17.052521  0.318509 -0.393221 0.862513  0.908928 0.706909 1 0 1.000000
portal_cleanser_Glass
0  8.127598 -2.793024 17.116766  -0.022549 0.041469 0.998885  0.911663 0.658911 1 0 1.000000
0  7.836039 -3.319722 17.133554  -0.016914 0.035229 0.999236  0.911663 0.667520 1 0 1.000000
0  8.186007 -3.521134 17.066174  0.447029 -0.257390 0.856689  0.908928 0.667520 1 0 1.000000
portal_cleanser_Glass
0  6.024682 -5.470170 17.121147  -0.025826 0.010831 0.999608  0.911663 0.706909 1 0 1.000000
0  6.280923 -5.784008 17.052521  0.318509 -0.393221 0.862513  0.908928 0.706909 1 0 1.000000
0  6.709933 -5.368398 17.063631  0.360534 -0.371831 0.855428  0.908928 0.698998 1 0 1.000000
portal_cleanser_Glass
0  6.907674 -5.586363 16.667234  0.666090 -0.655492 0.355885  0.905643 0.698998 1 0 1.000000
0  6.934691 -5.613075 16.148302  0.693848 -0.685933 -0.219252  0.902175 0.698998 1 0 1.000000
0  7.329600 -5.187872 16.143547  0.727087 -0.652770 -0.212687  0.902175 0.691600 1 0 1.000000
portal_cleanser_Glass
0  6.907674 -5.586363 16.667234  0.666090 -0.655492 0.355885  0.905643 0.698998 1 0 1.000000
0  7.301295 -5.161520 16.671217  0.696845 -0.625331 0.351237  0.905643 0.691600 1 0 1.000000
0  7.088294 -4.959692 17.072010  0.382924 -0.354291 0.853139  0.908928 0.691600 1 0 1.000000
portal_cleanser_Glass
0  -4.728281 0.348797 -61.974033  0.162878 0.970067 -0.180111  0.764289 0.832682 1 0 1.000000
0  -4.043959 0.345105 -61.310501  0.185729 0.967709 -0.170424  0.758913 0.832682 1 0 1.000000
0  -3.876989 0.125400 -61.476143  0.708490 0.215459 -0.672026  0.758913 0.828951 1 0 1.000000
portal_cleanser_Glass
0  5.050763 -6.753474 17.042063  0.292100 -0.418830 0.859802  0.689365 0.070808 1 0 1.000000
0  4.854852 -6.396056 17.106720  -0.041081 0.004779 0.999144  0.690189 0.076671 1 0 1.000000
0  4.759725 -6.467050 17.066715  -0.670301 -0.340451 0.659386  0.689357 0.076671 1 0 1.000000
portal_cleanser_Glass
0  6.347911 5.849386 15.734384  0.381023 0.484422 -0.787500  0.820317 0.822085 1 0 1.000000
0  6.101218 5.544839 15.612804  0.049899 0.096478 -0.994084  0.823045 0.822085 1 0 1.000000
0  4.941752 6.451855 15.645064  0.029405 0.102873 -0.994260  0.823045 0.842552 1 0 1.000000
portal_cleanser_Glass
0  5.022759 6.937166 16.191990  -0.827023 0.559231 -0.057394  0.670245 0.054045 1 0 1.000000
0  5.240969 7.014924 16.176891  0.570876 0.788659 -0.228293  0.669883 0.057494 1 0 1.000000
0  5.126773 6.801994 15.760325  0.353996 0.515266 -0.780505  0.666960 0.053599 1 0 1.000000
portal_cleanser_Glass
0  6.513686 -5.154045 15.595779  0.062793 -0.098028 -0.993201  0.896189 0.698998 1 0 1.000000
0  6.877764 -4.764547 15.583506  0.076783 -0.089656 -0.993009  0.896189 0.691600 1 0 1.000000
0  7.161747 -5.027744 15.708881  0.464912 -0.431180 -0.773266  0.898917 0.691600 1 0 1.000000
portal_cleanser_Glass
0  5.076225 -6.964131 15.951391  -0.412022 -0.852099 -0.322747  0.681682 0.069853 1 0 1.000000
0  5.009037 -6.840952 15.782175  -0.244017 -0.695954 -0.675355  0.680656 0.071809 1 0 1.000000
0  5.126777 -6.801997 15.760325  0.353798 -0.515474 -0.780457  0.679989 0.070789 1 0 1.000000
portal_cleanser_Glass
0  5.126777 -6.801997 15.760325  0.353798 -0.515474 -0.780457  0.679989 0.070789 1 0 1.000000
0  5.240974 -7.014926 16.176891  0.570748 -0.788744 -0.228320  0.682926 0.066892 1 0 1.000000
0  5.076225 -6.964131 15.951391  -0.412022 -0.852099 -0.322747  0.681682 0.069853 1 0 1.000000
portal_cleanser_Glass
0  7.088291 4.959692 17.072010  0.382804 0.354202 0.853230  0.810307 0.806776 1 0 1.000000
0  6.793317 4.686959 17.141691  -0.027514 -0.008478 0.999585  0.807571 0.806776 1 0 1.000000
0  7.141128 4.282972 17.145901  -0.021754 -0.014867 0.999653  0.807571 0.799371 1 0 1.000000
portal_cleanser_Glass
0  8.877996 -2.483582 16.613197  0.362634 0.931558 0.026381  0.748456 0.053328 1 0 1.000000
0  8.634652 -2.406681 16.899254  0.263611 0.964523 0.014300  0.750445 0.050320 1 0 1.000000
0  8.679514 -2.615971 17.048639  0.479869 -0.137542 0.866492  0.751913 0.052750 1 0 1.000000
portal_cleanser_Glass
0  6.779750 -5.437544 15.719085  0.435221 -0.453603 -0.777706  0.898917 0.698998 1 0 1.000000
0  6.347915 -5.849388 15.734384  0.381069 -0.484430 -0.787473  0.898917 0.706909 1 0 1.000000
0  6.101222 -5.544841 15.612804  0.049854 -0.096495 -0.994084  0.896189 0.706909 1 0 1.000000
portal_cleanser_Glass
0  9.005873 -2.745162 16.156420  0.900643 -0.367930 -0.231237  0.745114 0.057124 1 0 1.000000
0  8.909266 -2.500776 16.176477  0.367053 0.928798 -0.051048  0.745633 0.053308 1 0 1.000000
0  8.877996 -2.483582 16.613197  0.362634 0.931558 0.026381  0.748456 0.053328 1 0 1.000000
portal_cleanser_Glass
0  7.505462 3.816660 17.143990  -0.016709 -0.024130 0.999569  0.807571 0.791100 1 0 1.000000
0  7.836037 3.319720 17.133554  -0.016949 -0.035242 0.999235  0.807571 0.782696 1 0 1.000000
0  8.186005 3.521133 17.066174  0.446902 0.257363 0.856763  0.810307 0.782696 1 0 1.000000
portal_cleanser_Glass
0  1.968268 0.343044 -50.867893  0.230582 0.968950 -0.089265  0.690805 0.832682 1 0 1.000000
0  2.185232 0.122114 -50.954861  0.909859 0.214411 -0.355226  0.690805 0.828951 1 0 1.000000
0  1.481825 0.121858 -52.674805  0.897817 0.214235 -0.384744  0.701200 0.828951 1 0 1.000000
portal_cleanser_Glass
0  7.141131 -4.282974 17.145901  -0.021725 0.014860 0.999654  0.911663 0.684195 1 0 1.000000
0  6.793320 -4.686961 17.141691  -0.027919 0.008817 0.999571  0.911663 0.691600 1 0 1.000000
0  7.088294 -4.959692 17.072010  0.382924 -0.354291 0.853139  0.908928 0.691600 1 0 1.000000
portal_cleanser_Glass
0  8.280655 -2.485383 17.107290  -0.011891 0.118481 0.992885  0.911663 0.653863 1 0 1.000000
0  8.127598 -2.793024 17.116766  -0.022549 0.041469 0.998885  0.911663 0.658911 1 0 1.000000
0  8.503222 -2.956783 17.053034  0.451864 -0.230018 0.861923  0.908928 0.658911 1 0 1.000000
portal_cleanser_Glass
0  7.678458 -4.723802 16.673397  0.724871 -0.593691 0.349418  0.905643 0.684195 1 0 1.000000
0  7.708064 -4.749174 16.141937  0.756320 -0.619657 -0.209775  0.902175 0.684195 1 0 1.000000
0  8.107290 -4.238579 16.143581  0.791475 -0.573804 -0.210515  0.902175 0.675924 1 0 1.000000
portal_cleanser_Glass
0  7.678458 -4.723802 16.673397  0.724871 -0.593691 0.349418  0.905643 0.684195 1 0 1.000000
0  7.451960 -4.537444 17.075933  0.404003 -0.332682 0.852118  0.908928 0.684195 1 0 1.000000
0  7.088294 -4.959692 17.072010  0.382924 -0.354291 0.853139  0.908928 0.691600 1 0 1.000000
portal_cleanser_Glass
0  -0.116955 0.120359 -56.050724  0.861172 0.216724 -0.459797  0.722068 0.828951 1 0 1.000000
0  -1.042977 0.120252 -57.675850  0.832535 0.217293 -0.509578  0.732512 0.828951 1 0 1.000000
0  -1.242050 0.341631 -57.554066  0.218039 0.966713 -0.133885  0.732512 0.832682 1 0 1.000000
portal_cleanser_Glass
0  8.503222 -2.956783 17.053034  0.451864 -0.230018 0.861923  0.908928 0.658911 1 0 1.000000
0  8.186007 -3.521134 17.066174  0.447029 -0.257390 0.856689  0.908928 0.667520 1 0 1.000000
0  8.444397 -3.667477 16.668898  0.794065 -0.489907 0.359794  0.905643 0.667520 1 0 1.000000
portal_cleanser_Glass
0  -5.317719 0.126625 62.789089  0.599033 0.211435 0.772305  0.031949 0.828951 1 0 1.000000
0  -5.456181 0.349742 62.595459  0.148505 0.970473 0.190075  0.031949 0.832682 1 0 1.000000
0  -6.257493 0.349320 63.144779  0.121785 0.970054 0.210150  0.026455 0.832682 1 0 1.000000
portal_cleanser_Glass
0  -6.260239 0.347178 -63.117031  0.121941 0.969406 -0.213032  0.775089 0.832682 1 0 1.000000
0  -5.467545 0.349757 -62.575596  0.142788 0.970857 -0.192478  0.769664 0.832682 1 0 1.000000
0  -5.329687 0.130022 -62.768951  0.583018 0.211757 -0.784378  0.769664 0.828951 1 0 1.000000
portal_cleanser_Glass
0  7.600341 3.886383 15.580023  0.103709 0.063097 -0.992604  0.823045 0.791100 1 0 1.000000
0  7.916402 4.108928 15.707314  0.520632 0.369951 -0.769466  0.820317 0.791100 1 0 1.000000
0  8.272654 3.580112 15.716900  0.546030 0.320533 -0.774022  0.820317 0.782696 1 0 1.000000
portal_cleanser_Glass
0  7.229737 -4.357389 15.578611  0.090464 -0.078410 -0.992808  0.896189 0.684195 1 0 1.000000
0  7.529006 -4.602936 15.704842  0.491725 -0.405667 -0.770481  0.898917 0.684195 1 0 1.000000
0  7.161747 -5.027744 15.708881  0.464912 -0.431180 -0.773266  0.898917 0.691600 1 0 1.000000
portal_cleanser_Glass
0  7.600344 -3.886384 15.580023  0.103710 -0.063125 -0.992602  0.896189 0.675924 1 0 1.000000
0  7.916405 -4.108930 15.707314  0.520666 -0.369975 -0.769432  0.898917 0.675924 1 0 1.000000
0  7.529006 -4.602936 15.704842  0.491725 -0.405667 -0.770481  0.898917 0.684195 1 0 1.000000
portal_cleanser_Glass
0  9.005873 -2.745162 16.156420  0.900643 -0.367930 -0.231237  0.902175 0.653863 1 0 1.000000
0  8.816896 -3.099072 16.154757  0.852341 -0.473547 -0.221964  0.902175 0.658911 1 0 1.000000
0  8.593813 -3.011733 15.732254  0.556053 -0.285728 -0.780490  0.898917 0.658911 1 0 1.000000
portal_cleanser_Glass
0  8.272655 -3.580114 15.716900  0.546367 -0.320690 -0.773719  0.898917 0.667520 1 0 1.000000
0  8.593813 -3.011733 15.732254  0.556053 -0.285728 -0.780490  0.898917 0.658911 1 0 1.000000
0  8.816896 -3.099072 16.154757  0.852341 -0.473547 -0.221964  0.902175 0.658911 1 0 1.000000
portal_cleanser_Glass
0  7.936365 -3.385962 15.590858  0.113218 -0.042812 -0.992647  0.896189 0.667520 1 0 1.000000
0  8.232643 -2.853560 15.609076  0.113605 -0.028175 -0.993127  0.896189 0.658911 1 0 1.000000
0  8.593813 -3.011733 15.732254  0.556053 -0.285728 -0.780490  0.898917 0.658911 1 0 1.000000
portal_cleanser_Glass
0  7.343459 -5.710381 9.146084  0.676319 -0.662308 0.322398  0.881348 0.753179 1 0 1.000000
0  7.155847 -5.505490 9.546643  0.381130 -0.392256 0.837183  0.884602 0.753179 1 0 1.000000
0  6.714053 -5.933630 9.534118  0.335378 -0.426314 0.840106  0.884602 0.761285 1 0 1.000000
portal_cleanser_Glass
0  5.287482 6.901567 8.386513  -0.851377 0.521655 -0.055071  0.737064 0.072870 1 0 1.000000
0  5.510561 6.915086 8.258160  0.337565 0.503278 -0.795463  0.738466 0.070445 1 0 1.000000
0  5.303519 6.578045 8.142739  0.018036 0.089806 -0.995796  0.739330 0.076291 1 0 1.000000
portal_cleanser_Glass
0  0.199250 0.383257 -54.124352  0.106315 0.993049 -0.050508  0.711589 0.836569 1 0 1.000000
0  0.510729 0.342332 -54.270351  0.226110 0.968164 -0.107388  0.711589 0.832682 1 0 1.000000
0  -0.321779 0.342129 -55.938808  0.223532 0.967441 -0.118705  0.722068 0.832682 1 0 1.000000
portal_cleanser_Glass
0  -7.128915 0.349659 63.567673  0.091451 0.969418 0.227738  0.020975 0.832682 1 0 1.000000
0  -7.251447 0.383982 63.244080  0.035938 0.995116 0.091942  0.020975 0.836568 1 0 1.000000
0  -8.131811 0.383955 63.511570  0.021278 0.995196 0.095557  0.015506 0.836568 1 0 1.000000
portal_cleanser_Glass
0  6.461936 -6.018978 16.663319  0.596434 -0.715524 0.363721  0.905643 0.706909 1 0 1.000000
0  6.907674 -5.586363 16.667234  0.666090 -0.655492 0.355885  0.905643 0.698998 1 0 1.000000
0  6.709933 -5.368398 17.063631  0.360534 -0.371831 0.855428  0.908928 0.698998 1 0 1.000000
portal_cleanser_Glass
0  5.126777 -6.801997 15.760325  0.353798 -0.515474 -0.780457  0.679989 0.070789 1 0 1.000000
0  5.009037 -6.840952 15.782175  -0.244017 -0.695954 -0.675355  0.680656 0.071809 1 0 1.000000
0  4.847610 -6.515177 15.684759  -0.638166 -0.417402 -0.646931  0.679950 0.076671 1 0 1.000000
portal_cleanser_Glass
0  9.508368 0.343134 0.001325  0.245613 0.969368 -0.000107  0.400817 0.832682 1 0 1.000000
0  9.741793 0.122039 0.000615  0.976651 0.214831 -0.000883  0.400817 0.828951 1 0 1.000000
0  9.729717 0.122110 -1.844726  0.976386 0.215798 -0.010045  0.411160 0.828951 1 0 1.000000
portal_cleanser_Glass
0  0.734585 -0.121079 54.372959  0.883053 -0.216709 0.416238  0.090052 0.826211 1 0 1.000000
0  -0.099695 -0.119189 56.052174  0.861999 -0.217023 0.458104  0.079590 0.826211 1 0 1.000000
0  -0.306013 -0.341132 55.943539  0.226355 -0.966500 0.121001  0.079590 0.822479 1 0 1.000000
portal_cleanser_Glass
0  -3.909307 0.345142 61.125557  0.187657 0.967790 0.167833  0.043987 0.832682 1 0 1.000000
0  -4.151835 0.384376 60.880596  0.085412 0.993487 0.075425  0.043987 0.836568 1 0 1.000000
0  -4.873284 0.384872 61.630768  0.074698 0.994290 0.076211  0.037961 0.836568 1 0 1.000000
portal_cleanser_Glass
0  8.970236 -2.724725 16.661108  0.859477 -0.345131 0.377072  0.905643 0.653863 1 0 1.000000
0  8.782169 -3.077863 16.662693  0.813383 -0.450080 0.368559  0.905643 0.658911 1 0 1.000000
0  8.816896 -3.099072 16.154757  0.852341 -0.473547 -0.221964  0.902175 0.658911 1 0 1.000000
portal_cleanser_Glass
0  5.125384 -6.660260 9.435756  -0.863087 -0.504326 0.027144  0.761882 0.076501 1 0 1.000000
0  5.158965 -6.674586 8.305040  -0.859134 -0.507175 -0.068273  0.754372 0.076501 1 0 1.000000
0  5.287487 -6.901569 8.386513  -0.851320 -0.521734 -0.055215  0.754935 0.073067 1 0 1.000000
portal_cleanser_Glass
0  4.731864 -6.491485 16.961277  -0.886936 -0.461763 -0.010910  0.688583 0.076671 1 0 1.000000
0  4.810031 -6.529136 15.792887  -0.882076 -0.464948 -0.075927  0.680741 0.076671 1 0 1.000000
0  4.928931 -6.760520 15.873694  -0.872241 -0.484720 -0.065136  0.681268 0.073209 1 0 1.000000
portal_cleanser_Glass
0  8.634652 -2.406681 16.899254  0.263611 0.964523 0.014300  0.750445 0.050320 1 0 1.000000
0  8.707151 -2.448810 15.865244  0.268138 0.961854 -0.054216  0.743714 0.050269 1 0 1.000000
0  8.442211 -2.386985 15.779189  0.240382 0.968675 -0.062330  0.743173 0.046701 1 0 1.000000
portal_cleanser_Glass
0  9.099252 -2.481937 9.394218  0.346184 0.937155 0.043555  0.699040 0.052190 1 0 1.000000
0  9.135092 -2.489923 8.364263  0.349223 0.936354 -0.035850  0.692341 0.052134 1 0 1.000000
0  8.884008 -2.403796 8.288511  0.333707 0.941583 -0.045405  0.691819 0.048698 1 0 1.000000
portal_cleanser_Glass
0  3.971137 0.122032 45.674431  0.935809 0.214735 0.279554  0.142021 0.828951 1 0 1.000000
0  3.747302 0.343278 45.608624  0.235553 0.969311 0.070367  0.142021 0.832682 1 0 1.000000
0  3.203547 0.343277 47.373653  0.234464 0.969186 0.075535  0.131656 0.832682 1 0 1.000000
portal_cleanser_Glass
0  -6.257496 -0.349350 63.144779  0.121772 -0.970063 0.210118  0.026455 0.822479 1 0 1.000000
0  -5.456185 -0.349769 62.595459  0.148520 -0.970471 0.190073  0.031949 0.822479 1 0 1.000000
0  -5.317718 -0.126653 62.789089  0.598995 -0.211438 0.772333  0.031949 0.826211 1 0 1.000000
portal_cleanser_Glass
0  -8.981277 0.121581 -64.222359  0.100317 0.212609 -0.971974  0.791521 0.828951 1 0 1.000000
0  -9.974914 0.119259 -64.278458  0.054718 0.212040 -0.975728  0.796999 0.828951 1 0 1.000000
0  -9.976237 0.341372 -64.046478  0.013889 0.965944 -0.258379  0.796999 0.832682 1 0 1.000000
portal_cleanser_Glass
0  -4.873288 -0.384900 61.630768  0.074699 -0.994290 0.076213  0.037961 0.818592 1 0 1.000000
0  -4.151838 -0.384403 60.880596  0.085365 -0.993490 0.075440  0.043987 0.818592 1 0 1.000000
0  -3.909325 -0.345172 61.125561  0.187680 -0.967780 0.167866  0.043987 0.822479 1 0 1.000000
portal_cleanser_Glass
0  0.522369 0.342692 54.275883  0.227239 0.967874 0.107626  0.090052 0.832682 1 0 1.000000
0  0.209034 0.383313 54.133198  0.106404 0.993043 0.050445  0.090052 0.836568 1 0 1.000000
0  -0.610573 0.383198 55.783852  0.106870 0.992624 0.057233  0.079590 0.836568 1 0 1.000000
portal_cleanser_Glass
0  -0.099693 0.119155 56.052174  0.862014 0.217029 0.458072  0.079590 0.828951 1 0 1.000000
0  -0.306014 0.341114 55.943542  0.225924 0.966492 0.121865  0.079590 0.832682 1 0 1.000000
0  -1.224960 0.339326 57.567932  0.222943 0.965089 0.137473  0.069099 0.832682 1 0 1.000000
portal_cleanser_Glass
0  7.161745 5.027743 15.708881  0.464864 0.431144 -0.773315  0.820317 0.806776 1 0 1.000000
0  6.877761 4.764546 15.583506  0.076746 0.089623 -0.993015  0.823045 0.806776 1 0 1.000000
0  6.513683 5.154043 15.595779  0.063001 0.098525 -0.993138  0.823045 0.814174 1 0 1.000000
portal_cleanser_Glass
0  -9.018108 0.349349 63.989819  0.025108 0.967933 0.249952  0.010003 0.832682 1 0 1.000000
0  -9.048053 0.384015 63.646744  0.008845 0.994820 0.101266  0.010003 0.836568 1 0 1.000000
0  -9.979334 0.384071 63.694477  0.003683 0.994473 0.104932  0.004489 0.836568 1 0 1.000000
portal_cleanser_Glass
0  8.524944 -4.304912 9.153316  0.774791 -0.549075 0.313394  0.881348 0.729687 1 0 1.000000
0  8.539608 -4.313043 8.624554  0.789746 -0.559244 -0.252086  0.877917 0.729687 1 0 1.000000
0  8.906164 -3.754974 8.628300  0.826708 -0.501401 -0.255245  0.877917 0.721170 1 0 1.000000
portal_cleanser_Glass
0  -3.743312 0.121747 61.291458  0.721987 0.215629 0.657449  0.043987 0.828951 1 0 1.000000
0  -3.909307 0.345142 61.125557  0.187657 0.967790 0.167833  0.043987 0.832682 1 0 1.000000
0  -4.651192 0.348141 61.895618  0.169827 0.969678 0.175736  0.037961 0.832682 1 0 1.000000
portal_cleanser_Glass
0  -5.329277 -0.126660 -62.768730  0.583582 -0.209794 -0.784486  0.769664 0.826211 1 0 1.000000
0  -5.467544 -0.349752 -62.575600  0.142870 -0.970839 -0.192507  0.769664 0.822479 1 0 1.000000
0  -6.260239 -0.347174 -63.117035  0.121959 -0.969390 -0.213093  0.775089 0.822479 1 0 1.000000
portal_cleanser_Glass
0  -3.245199 0.117370 -60.754620  0.758882 0.216322 -0.614250  0.753594 0.828951 1 0 1.000000
0  -3.876989 0.125400 -61.476143  0.708490 0.215459 -0.672026  0.758913 0.828951 1 0 1.000000
0  -4.043959 0.345105 -61.310501  0.185729 0.967709 -0.170424  0.758913 0.832682 1 0 1.000000
portal_cleanser_Glass
0  8.634650 2.406680 16.899254  0.263460 -0.964565 0.014272  0.713060 0.073293 1 0 1.000000
0  8.359301 2.341686 16.945913  0.233709 -0.972116 0.019278  0.713626 0.076893 1 0 1.000000
0  8.442209 2.386983 15.779189  0.240309 -0.968699 -0.062239  0.705774 0.076893 1 0 1.000000
portal_cleanser_Glass
0  8.968378 3.039780 9.547680  0.487471 0.249326 0.836785  0.852637 0.814311 1 0 1.000000
0  9.226444 3.153240 9.145849  0.830175 0.453960 0.323619  0.849383 0.814311 1 0 1.000000
0  8.524942 4.304912 9.153316  0.774786 0.549058 0.313436  0.849383 0.797105 1 0 1.000000
portal_cleanser_Glass
0  -4.873288 -0.384900 61.630768  0.074699 -0.994290 0.076213  0.037961 0.818592 1 0 1.000000
0  -4.651194 -0.348168 61.895618  0.169811 -0.969679 0.175745  0.037961 0.822479 1 0 1.000000
0  -5.456185 -0.349769 62.595459  0.148520 -0.970471 0.190073  0.031949 0.822479 1 0 1.000000
portal_cleanser_Glass
0  7.614987 0.343222 27.576569  0.242897 0.969381 0.036067  0.245601 0.832682 1 0 1.000000
0  7.274581 0.383296 27.526937  0.114473 0.993283 0.016862  0.245601 0.836568 1 0 1.000000
0  6.996392 0.383296 29.346613  0.114272 0.993284 0.018134  0.235255 0.836568 1 0 1.000000
portal_cleanser_Glass
0  9.672553 -0.122163 5.539193  0.976056 -0.216085 0.024918  0.369777 0.826211 1 0 1.000000
0  9.615873 -0.122055 7.383587  0.975882 -0.215931 0.032074  0.359434 0.826211 1 0 1.000000
0  9.382466 -0.343185 7.375840  0.245113 -0.969461 0.008051  0.359434 0.822479 1 0 1.000000
portal_cleanser_Glass
0  -4.651194 -0.348168 61.895618  0.169811 -0.969679 0.175745  0.037961 0.822479 1 0 1.000000
0  -4.497720 -0.124948 62.076263  0.673271 -0.213470 0.707910  0.037961 0.826211 1 0 1.000000
0  -5.317718 -0.126653 62.789089  0.598995 -0.211438 0.772333  0.031949 0.826211 1 0 1.000000
portal_cleanser_Glass
0  -0.099695 -0.119189 56.052174  0.861999 -0.217023 0.458104  0.079590 0.826211 1 0 1.000000
0  -1.027810 -0.117830 57.689182  0.831870 -0.216383 0.511048  0.069099 0.826211 1 0 1.000000
0  -1.224958 -0.339350 57.567928  0.222968 -0.965081 0.137493  0.069099 0.822479 1 0 1.000000
portal_cleanser_Glass
0  0.721993 -0.121286 -54.369476  0.882524 -0.215410 -0.418031  0.711589 0.826211 1 0 1.000000
0  0.510726 -0.342330 -54.270355  0.226181 -0.968151 -0.107360  0.711589 0.822479 1 0 1.000000
0  -0.321785 -0.342113 -55.938816  0.223140 -0.967462 -0.119276  0.722068 0.822479 1 0 1.000000
portal_cleanser_Glass
0  2.837758 0.122060 49.216991  0.921533 0.214813 0.323469  0.121218 0.828951 1 0 1.000000
0  2.618267 0.343304 49.137505  0.233066 0.969017 0.081768  0.121218 0.832682 1 0 1.000000
0  1.975910 0.343356 50.873413  0.230215 0.969032 0.089318  0.110826 0.832682 1 0 1.000000
portal_cleanser_Glass
0  9.615873 0.122057 7.383599  0.975866 0.215990 0.032135  0.359434 0.828951 1 0 1.000000
0  9.382467 0.343182 7.375841  0.245128 0.969457 0.008083  0.359434 0.832682 1 0 1.000000
0  9.317469 0.343166 9.216361  0.245395 0.969375 0.009624  0.349103 0.832682 1 0 1.000000
portal_cleanser_Glass
0  3.427215 -0.122183 47.443550  0.930116 -0.215241 0.297581  0.131656 0.826211 1 0 1.000000
0  2.837760 -0.122081 49.216988  0.921533 -0.214841 0.323450  0.121218 0.826211 1 0 1.000000
0  2.618266 -0.343323 49.137505  0.233015 -0.969032 0.081742  0.121218 0.822479 1 0 1.000000
portal_cleanser_Glass
0  4.974051 -0.122194 -42.104069  0.944229 -0.216994 -0.247681  0.638858 0.826211 1 0 1.000000
0  4.746649 -0.343084 -42.046265  0.237982 -0.969264 -0.062387  0.638858 0.822479 1 0 1.000000
0  4.262166 -0.343089 -43.829575  0.236741 -0.969300 -0.066417  0.649230 0.822479 1 0 1.000000
portal_cleanser_Glass
0  8.513959 0.343153 -20.248116  0.244275 0.969412 -0.023881  0.514610 0.832682 1 0 1.000000
0  8.747584 0.122192 -20.271240  0.971681 0.216120 -0.095542  0.514610 0.828951 1 0 1.000000
0  8.557552 0.122032 -22.106476  0.970687 0.215394 -0.106640  0.524951 0.828951 1 0 1.000000
portal_cleanser_Glass
0  5.620018 -0.343266 38.468903  0.239580 -0.969358 0.054288  0.183448 0.822479 1 0 1.000000
0  5.848334 -0.122136 38.522385  0.952458 -0.215328 0.215542  0.183448 0.826211 1 0 1.000000
0  5.426774 -0.122133 40.314133  0.948458 -0.216375 0.231537  0.173125 0.826211 1 0 1.000000
portal_cleanser_Glass
0  0.721992 0.121282 -54.369492  0.882554 0.215462 -0.417941  0.711589 0.828951 1 0 1.000000
0  0.721993 -0.121286 -54.369476  0.882524 -0.215410 -0.418031  0.711589 0.826211 1 0 1.000000
0  -0.116953 -0.120351 -56.050716  0.861127 -0.216711 -0.459888  0.722068 0.826211 1 0 1.000000
portal_cleanser_Glass
0  6.607083 -0.122140 34.899315  0.958552 -0.215605 0.186259  0.204179 0.826211 1 0 1.000000
0  6.241491 -0.122032 36.713303  0.955929 -0.214790 0.200164  0.193815 0.826211 1 0 1.000000
0  6.013370 -0.343261 36.664070  0.240657 -0.969326 0.049906  0.193815 0.822479 1 0 1.000000
portal_cleanser_Glass
0  7.846095 -0.122050 27.610270  0.966354 -0.214249 0.142330  0.245601 0.826211 1 0 1.000000
0  7.567090 -0.122051 29.435364  0.964630 -0.214641 0.153031  0.235255 0.826211 1 0 1.000000
0  7.336318 -0.343236 29.399450  0.242589 -0.969366 0.038478  0.235255 0.822479 1 0 1.000000
portal_cleanser_Glass
0  8.111075 -0.343213 23.921356  0.243853 -0.969349 0.029969  0.266298 0.822479 1 0 1.000000
0  8.342740 -0.122075 23.950317  0.969307 -0.215000 0.119244  0.266298 0.826211 1 0 1.000000
0  8.105145 -0.122034 25.782059  0.967913 -0.214201 0.131388  0.255949 0.826211 1 0 1.000000
portal_cleanser_Glass
0  9.729718 -0.122112 -1.844724  0.976405 -0.215715 -0.010029  0.411160 0.826211 1 0 1.000000
0  9.496124 -0.343130 -1.842115  0.245343 -0.969433 -0.002584  0.411160 0.822479 1 0 1.000000
0  9.470363 -0.343135 -3.684042  0.245408 -0.969410 -0.004323  0.421494 0.822479 1 0 1.000000
portal_cleanser_Glass
0  9.352326 -0.121995 12.922594  0.974530 -0.214001 0.067042  0.328367 0.826211 1 0 1.000000
0  9.217865 -0.122046 14.759449  0.973928 -0.214838 0.072860  0.318039 0.826211 1 0 1.000000
0  8.985206 -0.343206 14.742076  0.244331 -0.969519 0.018318  0.318039 0.822479 1 0 1.000000
portal_cleanser_Glass
0  8.921741 -0.122055 18.436592  0.972697 -0.214986 0.087410  0.297360 0.826211 1 0 1.000000
0  8.746718 -0.122067 20.275532  0.971821 -0.215083 0.096454  0.287009 0.826211 1 0 1.000000
0  8.514081 -0.343222 20.252495  0.244174 -0.969429 0.024229  0.287009 0.822479 1 0 1.000000
portal_cleanser_Glass
0  9.741792 -0.122042 0.000608  0.976647 -0.214847 -0.000962  0.400817 0.826211 1 0 1.000000
0  9.508369 -0.343128 0.001322  0.245616 -0.969367 0.000227  0.400817 0.822479 1 0 1.000000
0  9.496124 -0.343130 -1.842115  0.245343 -0.969433 -0.002584  0.411160 0.822479 1 0 1.000000
portal_cleanser_Glass
0  -3.245210 -0.117357 -60.754635  0.758830 -0.216045 -0.614412  0.753594 0.826211 1 0 1.000000
0  -3.419253 -0.339856 -60.601788  0.205233 -0.964988 -0.163333  0.753594 0.822479 1 0 1.000000
0  -4.043931 -0.345091 -61.310490  0.185206 -0.967687 -0.171113  0.758913 0.822479 1 0 1.000000
portal_cleanser_Glass
0  2.185234 -0.122096 -50.954853  0.909832 -0.214407 -0.355296  0.690805 0.826211 1 0 1.000000
0  1.968268 -0.343041 -50.867893  0.230264 -0.968970 -0.089869  0.690805 0.822479 1 0 1.000000
0  1.267990 -0.342938 -52.581730  0.227903 -0.968804 -0.097355  0.701200 0.822479 1 0 1.000000
portal_cleanser_Glass
0  9.382466 -0.343185 7.375840  0.245113 -0.969461 0.008051  0.359434 0.822479 1 0 1.000000
0  9.615873 -0.122055 7.383587  0.975882 -0.215931 0.032074  0.359434 0.826211 1 0 1.000000
0  9.551210 -0.122161 9.224955  0.975626 -0.216085 0.038232  0.349103 0.826211 1 0 1.000000
portal_cleanser_Glass
0  4.972844 -0.122204 42.108810  0.944319 -0.216476 0.247791  0.162759 0.826211 1 0 1.000000
0  4.486732 -0.122098 43.896404  0.940191 -0.215204 0.264060  0.152388 0.826211 1 0 1.000000
0  4.260836 -0.343291 43.834259  0.236567 -0.969320 0.066749  0.152388 0.822479 1 0 1.000000
portal_cleanser_Glass
0  6.013370 -0.343261 36.664070  0.240657 -0.969326 0.049906  0.193815 0.822479 1 0 1.000000
0  6.241491 -0.122032 36.713303  0.955929 -0.214790 0.200164  0.193815 0.826211 1 0 1.000000
0  5.848334 -0.122136 38.522385  0.952458 -0.215328 0.215542  0.183448 0.826211 1 0 1.000000
portal_cleanser_Glass
0  7.341782 0.343128 -29.398308  0.242659 0.969350 -0.038435  0.566380 0.832682 1 0 1.000000
0  7.572218 0.122041 -29.435528  0.964611 0.214905 -0.152778  0.566380 0.828951 1 0 1.000000
0  7.273433 0.122134 -31.256676  0.962740 0.215552 -0.163308  0.576723 0.828951 1 0 1.000000
portal_cleanser_Glass
0  7.851693 -0.122107 -27.605322  0.966228 -0.215294 -0.141605  0.556012 0.826211 1 0 1.000000
0  7.620521 -0.343112 -27.572073  0.243055 -0.969359 -0.035615  0.556012 0.822479 1 0 1.000000
0  7.341783 -0.343121 -29.398314  0.242632 -0.969366 -0.038205  0.566380 0.822479 1 0 1.000000
portal_cleanser_Glass
0  6.378542 -0.383311 32.976627  0.113687 -0.993302 0.020637  0.214534 0.818592 1 0 1.000000
0  6.717158 -0.343246 33.039654  0.241852 -0.969362 0.042945  0.214534 0.822479 1 0 1.000000
0  6.377575 -0.343246 34.853588  0.241226 -0.969356 0.046466  0.204179 0.822479 1 0 1.000000
portal_cleanser_Glass
0  7.572216 -0.122037 -29.435537  0.964615 -0.214881 -0.152791  0.566380 0.826211 1 0 1.000000
0  7.341783 -0.343121 -29.398314  0.242632 -0.969366 -0.038205  0.566380 0.822479 1 0 1.000000
0  7.042699 -0.343118 -31.217398  0.242126 -0.969373 -0.041115  0.576723 0.822479 1 0 1.000000
portal_cleanser_Glass
0  5.847698 -0.122202 -38.516548  0.952101 -0.217582 -0.214853  0.618166 0.826211 1 0 1.000000
0  5.619074 -0.343092 -38.463257  0.239980 -0.969298 -0.053585  0.618166 0.822479 1 0 1.000000
0  5.199659 -0.343088 -40.255108  0.238907 -0.969263 -0.058769  0.628489 0.822479 1 0 1.000000
portal_cleanser_Glass
0  8.108492 -0.122116 -25.776941  0.967718 -0.215877 -0.130074  0.545666 0.826211 1 0 1.000000
0  7.876984 -0.343112 -25.745874  0.243393 -0.969375 -0.032745  0.545666 0.822479 1 0 1.000000
0  7.620521 -0.343112 -27.572073  0.243055 -0.969359 -0.035615  0.556012 0.822479 1 0 1.000000
portal_cleanser_Glass
0  9.470362 0.343139 -3.684041  0.245379 0.969418 -0.004296  0.421494 0.832682 1 0 1.000000
0  9.703938 0.122109 -3.687715  0.976246 0.215996 -0.017018  0.421494 0.828951 1 0 1.000000
0  9.665314 0.122092 -5.534315  0.976208 0.215469 -0.024310  0.431843 0.828951 1 0 1.000000
portal_cleanser_Glass
0  8.747584 -0.122188 -20.271233  0.971684 -0.216112 -0.095534  0.514610 0.826211 1 0 1.000000
0  8.513957 -0.343150 -20.248114  0.244295 -0.969406 -0.023899  0.514610 0.822479 1 0 1.000000
0  8.325556 -0.343129 -22.081734  0.244180 -0.969361 -0.026735  0.524951 0.822479 1 0 1.000000
portal_cleanser_Glass
0  9.073212 -0.122123 -16.592541  0.973318 -0.215684 -0.078307  0.493914 0.826211 1 0 1.000000
0  8.839945 -0.343146 -16.574034  0.244472 -0.969455 -0.019758  0.493914 0.822479 1 0 1.000000
0  8.685616 -0.343156 -18.411860  0.244474 -0.969414 -0.021640  0.504262 0.822479 1 0 1.000000
portal_cleanser_Glass
0  -8.054871 -0.350424 63.848221  0.053562 -0.968666 0.242523  0.015506 0.822479 1 0 1.000000
0  -8.001626 -0.123775 64.078316  0.212561 -0.208553 0.954633  0.015506 0.826211 1 0 1.000000
0  -8.995085 -0.122127 64.223320  0.094505 -0.210536 0.973007  0.010003 0.826211 1 0 1.000000
portal_cleanser_Glass
0  9.453910 -0.122090 -11.067782  0.975217 -0.214971 -0.052348  0.462878 0.826211 1 0 1.000000
0  9.220325 -0.343163 -11.055550  0.245143 -0.969398 -0.013149  0.462878 0.822479 1 0 1.000000
0  9.111560 -0.343145 -12.899253  0.245039 -0.969383 -0.015877  0.473243 0.822479 1 0 1.000000
portal_cleanser_Glass
0  7.876984 -0.343112 -25.745874  0.243393 -0.969375 -0.032745  0.545666 0.822479 1 0 1.000000
0  7.535497 -0.383285 -25.699965  0.114775 -0.993272 -0.015434  0.545666 0.818592 1 0 1.000000
0  7.279493 -0.383285 -27.522957  0.114590 -0.993271 -0.016780  0.556012 0.818592 1 0 1.000000
portal_cleanser_Glass
0  -8.995085 -0.122127 64.223320  0.094505 -0.210536 0.973007  0.010003 0.826211 1 0 1.000000
0  -8.995088 0.122095 64.223312  0.094529 0.210612 0.972989  0.010003 0.828951 1 0 1.000000
0  -9.996796 0.119547 64.272484  0.046909 0.209833 0.976611  0.004489 0.828951 1 0 1.000000
portal_cleanser_Glass
0  -4.574651 0.130016 -62.154903  0.650017 0.213477 -0.729318  0.764289 0.828951 1 0 1.000000
0  -4.574226 -0.125486 -62.154682  0.650007 -0.210768 -0.730115  0.764289 0.826211 1 0 1.000000
0  -5.329277 -0.126660 -62.768730  0.583582 -0.209794 -0.784486  0.769664 0.826211 1 0 1.000000
portal_cleanser_Glass
0  -7.134855 -0.345023 -63.546692  0.092612 -0.968560 -0.230901  0.780603 0.822479 1 0 1.000000
0  -6.260239 -0.347174 -63.117035  0.121959 -0.969390 -0.213093  0.775089 0.822479 1 0 1.000000
0  -6.427275 -0.384109 -62.815353  0.051920 -0.994316 -0.092954  0.775089 0.818592 1 0 1.000000
portal_cleanser_Glass
0  -4.043931 -0.345091 -61.310490  0.185206 -0.967687 -0.171113  0.758913 0.822479 1 0 1.000000
0  -3.419253 -0.339856 -60.601788  0.205233 -0.964988 -0.163333  0.753594 0.822479 1 0 1.000000
0  -3.676698 -0.383615 -60.372925  0.096793 -0.992335 -0.076824  0.753594 0.818592 1 0 1.000000
portal_cleanser_Glass
0  -2.265653 -0.340106 -59.118114  0.212258 -0.965283 -0.152233  0.743021 0.822479 1 0 1.000000
0  -2.544972 -0.382985 -58.917297  0.100369 -0.992348 -0.071919  0.743021 0.818592 1 0 1.000000
0  -3.676698 -0.383615 -60.372925  0.096793 -0.992335 -0.076824  0.753594 0.818592 1 0 1.000000
portal_cleanser_Glass
0  -1.242048 -0.341623 -57.554066  0.218062 -0.966709 -0.133879  0.732512 0.822479 1 0 1.000000
0  -1.535675 -0.383241 -57.374683  0.102687 -0.992707 -0.063145  0.732512 0.818592 1 0 1.000000
0  -2.544972 -0.382985 -58.917297  0.100369 -0.992348 -0.071919  0.743021 0.818592 1 0 1.000000
portal_cleanser_Glass
0  0.510726 -0.342330 -54.270355  0.226181 -0.968151 -0.107360  0.711589 0.822479 1 0 1.000000
0  0.199244 -0.383249 -54.124352  0.106598 -0.993012 -0.050640  0.711589 0.818592 1 0 1.000000
0  -0.623697 -0.383250 -55.773434  0.104640 -0.992939 -0.055887  0.722068 0.818592 1 0 1.000000
portal_cleanser_Glass
0  1.267990 -0.342938 -52.581730  0.227903 -0.968804 -0.097355  0.701200 0.822479 1 0 1.000000
0  0.952438 -0.383263 -52.444180  0.107210 -0.993171 -0.046016  0.701200 0.818592 1 0 1.000000
0  0.199244 -0.383249 -54.124352  0.106598 -0.993012 -0.050640  0.711589 0.818592 1 0 1.000000
portal_cleanser_Glass
0  2.618266 -0.343323 49.137505  0.233015 -0.969032 0.081742  0.121218 0.822479 1 0 1.000000
0  2.837760 -0.122081 49.216988  0.921533 -0.214841 0.323450  0.121218 0.826211 1 0 1.000000
0  2.193227 -0.122132 50.959114  0.910078 -0.214912 0.354360  0.110826 0.826211 1 0 1.000000
portal_cleanser_Glass
0  4.262167 0.343096 -43.829578  0.236627 0.969306 -0.066740  0.649230 0.832682 1 0 1.000000
0  4.488033 0.122097 -43.891682  0.940211 0.215229 -0.263971  0.649230 0.828951 1 0 1.000000
0  3.972527 0.122047 -45.669731  0.935801 0.214798 -0.279531  0.659596 0.828951 1 0 1.000000
portal_cleanser_Glass
0  8.746716 0.122062 20.275541  0.971820 0.215066 0.096497  0.287009 0.828951 1 0 1.000000
0  8.514080 0.343214 20.252493  0.244261 0.969405 0.024286  0.287009 0.832682 1 0 1.000000
0  8.324667 0.343191 22.085661  0.244247 0.969341 0.026859  0.276670 0.832682 1 0 1.000000
portal_cleanser_Glass
0  4.745412 0.343255 42.050972  0.237459 0.969289 0.063968  0.162759 0.832682 1 0 1.000000
0  4.412116 0.383299 41.966404  0.111887 0.993287 0.029367  0.162759 0.836568 1 0 1.000000
0  3.929161 0.383301 43.743137  0.111290 0.993297 0.031236  0.152388 0.836568 1 0 1.000000
portal_cleanser_Glass
0  5.199659 -0.343088 -40.255108  0.238907 -0.969263 -0.058769  0.628489 0.822479 1 0 1.000000
0  4.864943 -0.383278 -40.176674  0.112820 -0.993235 -0.027478  0.628489 0.818592 1 0 1.000000
0  4.413417 -0.383277 -41.961620  0.112315 -0.993236 -0.029469  0.638858 0.818592 1 0 1.000000
portal_cleanser_Glass
0  5.619074 -0.343092 -38.463257  0.239980 -0.969298 -0.053585  0.618166 0.822479 1 0 1.000000
0  5.284337 -0.383278 -38.384918  0.113256 -0.993237 -0.025558  0.618166 0.818592 1 0 1.000000
0  4.864943 -0.383278 -40.176674  0.112820 -0.993235 -0.027478  0.628489 0.818592 1 0 1.000000
portal_cleanser_Glass
0  8.514081 -0.343222 20.252495  0.244174 -0.969429 0.024229  0.287009 0.822479 1 0 1.000000
0  8.746718 -0.122067 20.275532  0.971821 -0.215083 0.096454  0.287009 0.826211 1 0 1.000000
0  8.557077 -0.122135 22.110292  0.970639 -0.215589 0.106679  0.276670 0.826211 1 0 1.000000
portal_cleanser_Glass
0  6.724775 -0.343094 -33.035198  0.241863 -0.969320 -0.043834  0.587078 0.822479 1 0 1.000000
0  6.385997 -0.383283 -32.972980  0.114020 -0.993261 -0.020788  0.587078 0.818592 1 0 1.000000
0  6.043026 -0.383280 -34.781796  0.113885 -0.993241 -0.022421  0.597439 0.818592 1 0 1.000000
portal_cleanser_Glass
0  8.513957 -0.343150 -20.248114  0.244295 -0.969406 -0.023899  0.514610 0.822479 1 0 1.000000
0  8.171852 -0.383289 -20.214174  0.115408 -0.993253 -0.011347  0.514610 0.818592 1 0 1.000000
0  7.982963 -0.383289 -22.045206  0.115101 -0.993274 -0.012620  0.524951 0.818592 1 0 1.000000
portal_cleanser_Glass
0  7.873820 0.343216 25.750626  0.243289 0.969393 0.032973  0.255949 0.832682 1 0 1.000000
0  7.532806 0.383296 25.704281  0.114625 0.993287 0.015549  0.255949 0.836568 1 0 1.000000
0  7.274581 0.383296 27.526937  0.114473 0.993283 0.016862  0.245601 0.836568 1 0 1.000000
portal_cleanser_Glass
0  8.839945 -0.343146 -16.574034  0.244472 -0.969455 -0.019758  0.493914 0.822479 1 0 1.000000
0  8.497089 -0.383289 -16.546772  0.115544 -0.993259 -0.009314  0.493914 0.818592 1 0 1.000000
0  8.343020 -0.383289 -18.381203  0.115441 -0.993262 -0.010234  0.504262 0.818592 1 0 1.000000
portal_cleanser_Glass
0  8.981880 -0.343143 -14.737288  0.244581 -0.969464 -0.017890  0.483580 0.822479 1 0 1.000000
0  8.638315 -0.383291 -14.711596  0.115435 -0.993279 -0.008515  0.483580 0.818592 1 0 1.000000
0  8.497089 -0.383289 -16.546772  0.115544 -0.993259 -0.009314  0.493914 0.818592 1 0 1.000000
portal_cleanser_Glass
0  5.426772 0.122119 40.314137  0.948469 0.216342 0.231521  0.173125 0.828951 1 0 1.000000
0  5.198540 0.343259 40.260303  0.238623 0.969325 0.058890  0.173125 0.832682 1 0 1.000000
0  4.745412 0.343255 42.050972  0.237459 0.969289 0.063968  0.162759 0.832682 1 0 1.000000
portal_cleanser_Glass
0  9.163950 0.383286 0.002450  0.115792 0.993273 -0.000119  0.400817 0.836568 1 0 1.000000
0  9.508368 0.343134 0.001325  0.245613 0.969368 -0.000107  0.400817 0.832682 1 0 1.000000
0  9.496124 0.343133 -1.842119  0.245383 0.969423 -0.002517  0.411160 0.832682 1 0 1.000000
portal_cleanser_Glass
0  9.551210 -0.122161 9.224955  0.975626 -0.216085 0.038232  0.349103 0.826211 1 0 1.000000
0  9.471292 -0.122088 11.076744  0.975199 -0.215039 0.052387  0.338727 0.826211 1 0 1.000000
0  9.237877 -0.343193 11.063380  0.245882 -0.969210 0.013205  0.338727 0.822479 1 0 1.000000
portal_cleanser_Glass
0  9.431406 -0.343164 -5.528234  0.245422 -0.969398 -0.005892  0.431843 0.822479 1 0 1.000000
0  9.087708 -0.383290 -5.519249  0.115876 -0.993260 -0.002888  0.431843 0.818592 1 0 1.000000
0  9.034505 -0.383293 -7.359201  0.115789 -0.993266 -0.003840  0.442182 0.818592 1 0 1.000000
portal_cleanser_Glass
0  9.496124 -0.343130 -1.842115  0.245343 -0.969433 -0.002584  0.411160 0.822479 1 0 1.000000
0  9.151584 -0.383289 -1.838263  0.115764 -0.993276 -0.001193  0.411160 0.818592 1 0 1.000000
0  9.125841 -0.383291 -3.678684  0.115742 -0.993277 -0.002008  0.421494 0.818592 1 0 1.000000
portal_cleanser_Glass
0  9.151584 -0.383289 -1.838263  0.115764 -0.993276 -0.001193  0.411160 0.818592 1 0 1.000000
0  9.496124 -0.343130 -1.842115  0.245343 -0.969433 -0.002584  0.411160 0.822479 1 0 1.000000
0  9.508369 -0.343128 0.001322  0.245616 -0.969367 0.000227  0.400817 0.822479 1 0 1.000000
portal_cleanser_Glass
0  -6.420074 -0.384397 62.838898  0.050608 -0.994932 0.086884  0.026455 0.818592 1 0 1.000000
0  -6.257496 -0.349350 63.144779  0.121772 -0.970063 0.210118  0.026455 0.822479 1 0 1.000000
0  -7.128917 -0.349697 63.567673  0.089965 -0.969436 0.228255  0.020975 0.822479 1 0 1.000000
portal_cleanser_Glass
0  -3.392915 -0.383589 60.008389  0.094289 -0.992634 0.076078  0.050653 0.818592 1 0 1.000000
0  -3.131879 -0.341210 60.232731  0.201767 -0.965612 0.163963  0.050653 0.822479 1 0 1.000000
0  -3.909325 -0.345172 61.125561  0.187680 -0.967780 0.167866  0.043987 0.822479 1 0 1.000000
portal_cleanser_Glass
0  9.143038 2.702440 9.541100  0.523089 0.154175 0.838217  0.852637 0.819346 1 0 1.000000
0  8.968378 3.039780 9.547680  0.487471 0.249326 0.836785  0.852637 0.814311 1 0 1.000000
0  8.605104 2.867331 9.631939  0.021339 -0.012798 0.999690  0.855364 0.814311 1 0 1.000000
portal_cleanser_Glass
0  -0.610555 -0.383221 55.783867  0.106992 -0.992598 0.057459  0.079590 0.818592 1 0 1.000000
0  -0.306013 -0.341132 55.943539  0.226355 -0.966500 0.121001  0.079590 0.822479 1 0 1.000000
0  -1.224958 -0.339350 57.567928  0.222968 -0.965081 0.137493  0.069099 0.822479 1 0 1.000000
portal_cleanser_Glass
0  0.209040 -0.383335 54.133205  0.106039 -0.993084 0.050391  0.090052 0.818592 1 0 1.000000
0  0.522371 -0.342726 54.275894  0.227219 -0.967882 0.107593  0.090052 0.822479 1 0 1.000000
0  -0.306013 -0.341132 55.943539  0.226355 -0.966500 0.121001  0.079590 0.822479 1 0 1.000000
portal_cleanser_Glass
0  2.193227 -0.122132 50.959114  0.910078 -0.214912 0.354360  0.110826 0.826211 1 0 1.000000
0  1.490216 -0.122016 52.678265  0.897883 -0.215727 0.383755  0.100436 0.826211 1 0 1.000000
0  1.275483 -0.343170 52.586559  0.227755 -0.968840 0.097352  0.100436 0.822479 1 0 1.000000
portal_cleanser_Glass
0  2.294460 -0.383331 49.019920  0.108860 -0.993324 0.038174  0.121218 0.818592 1 0 1.000000
0  2.618266 -0.343323 49.137505  0.233015 -0.969032 0.081742  0.121218 0.822479 1 0 1.000000
0  1.975911 -0.343376 50.873413  0.230077 -0.969036 0.089637  0.110826 0.822479 1 0 1.000000
portal_cleanser_Glass
0  7.982962 0.383293 -22.045210  0.115092 0.993274 -0.012637  0.524951 0.836568 1 0 1.000000
0  8.325555 0.343132 -22.081738  0.244197 0.969355 -0.026808  0.524951 0.832682 1 0 1.000000
0  8.112040 0.343118 -23.916704  0.243864 0.969363 -0.029416  0.535318 0.832682 1 0 1.000000
portal_cleanser_Glass
0  4.412115 -0.383316 41.966408  0.111898 -0.993286 0.029358  0.162759 0.818592 1 0 1.000000
0  4.745414 -0.343267 42.050964  0.237903 -0.969282 0.062405  0.162759 0.822479 1 0 1.000000
0  4.260836 -0.343291 43.834259  0.236567 -0.969320 0.066749  0.152388 0.822479 1 0 1.000000
portal_cleanser_Glass
0  6.697566 -0.383308 31.163046  0.114096 -0.993280 0.019403  0.224907 0.818592 1 0 1.000000
0  7.036801 -0.343239 31.219244  0.242115 -0.969373 0.041196  0.224907 0.822479 1 0 1.000000
0  6.717158 -0.343246 33.039654  0.241852 -0.969362 0.042945  0.214534 0.822479 1 0 1.000000
portal_cleanser_Glass
0  8.346413 -0.383303 18.385988  0.115263 -0.993281 0.010349  0.297360 0.818592 1 0 1.000000
0  8.689112 -0.343222 18.416094  0.244539 -0.969391 0.021966  0.297360 0.822479 1 0 1.000000
0  8.514081 -0.343222 20.252495  0.244174 -0.969429 0.024229  0.287009 0.822479 1 0 1.000000
portal_cleanser_Glass
0  8.500975 -0.383303 16.551744  0.115264 -0.993292 0.009284  0.307702 0.818592 1 0 1.000000
0  8.844377 -0.343198 16.579311  0.244614 -0.969421 0.019666  0.307702 0.822479 1 0 1.000000
0  8.689112 -0.343222 18.416094  0.244539 -0.969391 0.021966  0.297360 0.822479 1 0 1.000000
portal_cleanser_Glass
0  8.776173 -0.383301 12.880939  0.115470 -0.993279 0.007937  0.328367 0.818592 1 0 1.000000
0  9.119380 -0.343202 12.905782  0.244741 -0.969442 0.016871  0.328367 0.822479 1 0 1.000000
0  8.985206 -0.343206 14.742076  0.244331 -0.969519 0.018318  0.318039 0.822479 1 0 1.000000
portal_cleanser_Glass
0  6.947233 0.122125 33.082390  0.960676 0.216179 0.174262  0.214534 0.828951 1 0 1.000000
0  6.717158 0.343229 33.039650  0.241634 0.969377 0.043819  0.214534 0.832682 1 0 1.000000
0  6.377576 0.343233 34.853592  0.241168 0.969355 0.046794  0.204179 0.832682 1 0 1.000000
portal_cleanser_Glass
0  8.973231 -0.383297 9.203769  0.115639 -0.993281 0.004535  0.349103 0.818592 1 0 1.000000
0  9.317468 -0.343166 9.216352  0.245398 -0.969374 0.009644  0.349103 0.822479 1 0 1.000000
0  9.237877 -0.343193 11.063380  0.245882 -0.969210 0.013205  0.338727 0.822479 1 0 1.000000
portal_cleanser_Glass
0  9.094361 -0.383294 5.524439  0.115715 -0.993278 0.002944  0.369777 0.818592 1 0 1.000000
0  9.438697 -0.343154 5.533193  0.245491 -0.969379 0.006182  0.369777 0.822479 1 0 1.000000
0  9.382466 -0.343185 7.375840  0.245113 -0.969461 0.008051  0.359434 0.822479 1 0 1.000000
portal_cleanser_Glass
0  -7.050734 -0.124141 -63.766472  0.367806 -0.210407 -0.905786  0.780603 0.826211 1 0 1.000000
0  -6.145832 -0.124877 -63.323387  0.490566 -0.209089 -0.845947  0.775089 0.826211 1 0 1.000000
0  -6.260239 -0.347174 -63.117035  0.121959 -0.969390 -0.213093  0.775089 0.822479 1 0 1.000000
portal_cleanser_Glass
0  -4.574226 -0.125486 -62.154682  0.650007 -0.210768 -0.730115  0.764289 0.826211 1 0 1.000000
0  -4.728282 -0.348791 -61.974033  0.163063 -0.969998 -0.180315  0.764289 0.822479 1 0 1.000000
0  -5.467544 -0.349752 -62.575600  0.142870 -0.970839 -0.192507  0.769664 0.822479 1 0 1.000000
portal_cleanser_Glass
0  1.975910 0.343356 50.873413  0.230215 0.969032 0.089318  0.110826 0.832682 1 0 1.000000
0  1.655324 0.383325 50.746880  0.107365 0.993342 0.041776  0.110826 0.836568 1 0 1.000000
0  0.958513 0.383331 52.451294  0.106450 0.993275 0.045526  0.100436 0.836568 1 0 1.000000
portal_cleanser_Glass
0  2.839185 -0.122101 -49.198242  0.920702 -0.215217 -0.325561  0.680344 0.826211 1 0 1.000000
0  2.617810 -0.343051 -49.122959  0.232284 -0.968943 -0.084810  0.680344 0.822479 1 0 1.000000
0  1.968268 -0.343041 -50.867893  0.230264 -0.968970 -0.089869  0.690805 0.822479 1 0 1.000000
portal_cleanser_Glass
0  -8.981280 -0.121588 -64.222351  0.099807 -0.212648 -0.972018  0.791521 0.826211 1 0 1.000000
0  -9.007361 -0.342233 -63.990433  0.025195 -0.966994 -0.253551  0.791521 0.822479 1 0 1.000000
0  -9.976236 -0.341366 -64.046478  0.013885 -0.965958 -0.258327  0.796999 0.822479 1 0 1.000000
portal_cleanser_Glass
0  8.124843 -4.827913 9.152241  0.739127 -0.596569 0.312725  0.881348 0.738116 1 0 1.000000
0  7.910344 -4.653508 9.561710  0.428720 -0.351809 0.832124  0.884602 0.738116 1 0 1.000000
0  7.539771 -5.088106 9.556146  0.404979 -0.373128 0.834726  0.884602 0.745681 1 0 1.000000
portal_cleanser_Glass
0  5.198542 -0.343274 40.260303  0.238701 -0.969342 0.058293  0.173125 0.822479 1 0 1.000000
0  5.426774 -0.122133 40.314133  0.948458 -0.216375 0.231537  0.173125 0.826211 1 0 1.000000
0  4.972844 -0.122204 42.108810  0.944319 -0.216476 0.247791  0.162759 0.826211 1 0 1.000000
portal_cleanser_Glass
0  6.039804 -0.383312 34.786186  0.113431 -0.993302 0.022018  0.204179 0.818592 1 0 1.000000
0  6.377575 -0.343246 34.853588  0.241226 -0.969356 0.046466  0.204179 0.822479 1 0 1.000000
0  6.013370 -0.343261 36.664070  0.240657 -0.969326 0.049906  0.193815 0.822479 1 0 1.000000
portal_cleanser_Glass
0  7.273433 0.122134 -31.256676  0.962740 0.215552 -0.163308  0.576723 0.828951 1 0 1.000000
0  6.954735 0.122120 -33.077377  0.960502 0.216286 -0.175091  0.587078 0.828951 1 0 1.000000
0  6.724775 0.343100 -33.035202  0.241817 0.969319 -0.044101  0.587078 0.832682 1 0 1.000000
portal_cleanser_Glass
0  6.610326 -0.122195 -34.895073  0.957808 -0.217035 -0.188413  0.597439 0.826211 1 0 1.000000
0  6.380140 -0.343102 -34.849163  0.241148 -0.969326 -0.047494  0.597439 0.822479 1 0 1.000000
0  6.011384 -0.343103 -36.658180  0.240570 -0.969326 -0.050322  0.607800 0.822479 1 0 1.000000
portal_cleanser_Glass
0  -5.329687 0.130022 -62.768951  0.583018 0.211757 -0.784378  0.769664 0.828951 1 0 1.000000
0  -5.329277 -0.126660 -62.768730  0.583582 -0.209794 -0.784486  0.769664 0.826211 1 0 1.000000
0  -6.145832 -0.124877 -63.323387  0.490566 -0.209089 -0.845947  0.775089 0.826211 1 0 1.000000
portal_cleanser_Glass
0  9.665315 -0.122090 -5.534314  0.976213 -0.215443 -0.024355  0.431843 0.826211 1 0 1.000000
0  9.431406 -0.343164 -5.528234  0.245422 -0.969398 -0.005892  0.431843 0.822479 1 0 1.000000
0  9.378420 -0.343160 -7.370293  0.245398 -0.969388 -0.008113  0.442182 0.822479 1 0 1.000000
portal_cleanser_Glass
0  9.703938 -0.122109 -3.687718  0.976231 -0.216064 -0.017036  0.421494 0.826211 1 0 1.000000
0  9.470363 -0.343135 -3.684042  0.245408 -0.969410 -0.004323  0.421494 0.822479 1 0 1.000000
0  9.431406 -0.343164 -5.528234  0.245422 -0.969398 -0.005892  0.431843 0.822479 1 0 1.000000
portal_cleanser_Glass
0  -8.001629 0.123746 64.078300  0.212565 0.208621 0.954617  0.015506 0.828951 1 0 1.000000
0  -8.054869 0.350380 63.848221  0.052811 0.968668 0.242680  0.015506 0.832682 1 0 1.000000
0  -9.018108 0.349349 63.989819  0.025108 0.967933 0.249952  0.010003 0.832682 1 0 1.000000
portal_cleanser_Glass
0  5.428201 -0.122200 -40.308731  0.948299 -0.217729 -0.230917  0.628489 0.826211 1 0 1.000000
0  5.199659 -0.343088 -40.255108  0.238907 -0.969263 -0.058769  0.628489 0.822479 1 0 1.000000
0  4.746649 -0.343084 -42.046265  0.237982 -0.969264 -0.062387  0.638858 0.822479 1 0 1.000000
portal_cleanser_Glass
0  6.610326 0.122200 -34.895077  0.957798 0.217082 -0.188411  0.597439 0.828951 1 0 1.000000
0  6.240804 0.122169 -36.707500  0.955139 0.217380 -0.201135  0.607800 0.828951 1 0 1.000000
0  6.011384 0.343110 -36.658188  0.240677 0.969331 -0.049726  0.607800 0.832682 1 0 1.000000
portal_cleanser_Glass
0  7.336318 -0.343236 29.399450  0.242589 -0.969366 0.038478  0.235255 0.822479 1 0 1.000000
0  7.567090 -0.122051 29.435364  0.964630 -0.214641 0.153031  0.235255 0.826211 1 0 1.000000
0  7.267546 -0.122105 31.257545  0.962708 -0.215421 0.163670  0.224907 0.826211 1 0 1.000000
portal_cleanser_Glass
0  4.260833 0.343277 43.834259  0.236613 0.969333 0.066393  0.152388 0.832682 1 0 1.000000
0  3.929161 0.383301 43.743137  0.111290 0.993297 0.031236  0.152388 0.836568 1 0 1.000000
0  3.416873 0.383303 45.511593  0.110628 0.993313 0.033038  0.142021 0.836568 1 0 1.000000
portal_cleanser_Glass
0  7.002054 0.383289 -29.343243  0.114486 0.993259 -0.018134  0.566380 0.836568 1 0 1.000000
0  7.341782 0.343128 -29.398308  0.242659 0.969350 -0.038435  0.566380 0.832682 1 0 1.000000
0  7.042698 0.343123 -31.217398  0.242130 0.969372 -0.041127  0.576723 0.832682 1 0 1.000000
portal_cleanser_Glass
0  9.077447 -0.122159 16.598078  0.973324 -0.215628 0.078386  0.307702 0.826211 1 0 1.000000
0  8.921741 -0.122055 18.436592  0.972697 -0.214986 0.087410  0.297360 0.826211 1 0 1.000000
0  8.689112 -0.343222 18.416094  0.244539 -0.969391 0.021966  0.297360 0.822479 1 0 1.000000
portal_cleanser_Glass
0  8.342741 0.122060 23.950327  0.969322 0.214930 0.119249  0.266298 0.828951 1 0 1.000000
0  8.111075 0.343205 23.921360  0.243808 0.969361 0.029958  0.266298 0.832682 1 0 1.000000
0  7.873820 0.343216 25.750626  0.243289 0.969393 0.032973  0.255949 0.832682 1 0 1.000000
portal_cleanser_Glass
0  9.611891 -0.122055 -7.377800  0.976118 -0.214803 -0.032455  0.442182 0.826211 1 0 1.000000
0  9.378420 -0.343160 -7.370293  0.245398 -0.969388 -0.008113  0.442182 0.822479 1 0 1.000000
0  9.309040 -0.343176 -9.214276  0.245305 -0.969389 -0.010513  0.452536 0.822479 1 0 1.000000
portal_cleanser_Glass
0  9.077449 0.122148 16.598066  0.973333 0.215610 0.078331  0.307702 0.828951 1 0 1.000000
0  8.844377 0.343195 16.579313  0.244565 0.969433 0.019710  0.307702 0.832682 1 0 1.000000
0  8.689114 0.343211 18.416086  0.244555 0.969387 0.021931  0.297360 0.832682 1 0 1.000000
portal_cleanser_Glass
0  -8.995088 0.122095 64.223312  0.094529 0.210612 0.972989  0.010003 0.828951 1 0 1.000000
0  -9.018108 0.349349 63.989819  0.025108 0.967933 0.249952  0.010003 0.832682 1 0 1.000000
0  -9.994369 0.346048 64.039696  0.010732 0.966043 0.258160  0.004489 0.832682 1 0 1.000000
portal_cleanser_Glass
0  -4.497720 -0.124948 62.076263  0.673271 -0.213470 0.707910  0.037961 0.826211 1 0 1.000000
0  -4.497724 0.124919 62.076267  0.673280 0.213450 0.707908  0.037961 0.828951 1 0 1.000000
0  -5.317719 0.126625 62.789089  0.599033 0.211435 0.772305  0.031949 0.828951 1 0 1.000000
portal_cleanser_Glass
0  3.972527 0.122047 -45.669731  0.935801 0.214798 -0.279531  0.659596 0.828951 1 0 1.000000
0  3.972524 -0.122039 -45.669735  0.935812 -0.214763 -0.279523  0.659596 0.826211 1 0 1.000000
0  3.428671 -0.122165 -47.438938  0.929709 -0.215535 -0.298640  0.669961 0.826211 1 0 1.000000
portal_cleanser_Glass
0  1.490216 -0.122016 52.678265  0.897883 -0.215727 0.383755  0.100436 0.826211 1 0 1.000000
0  1.490215 0.121995 52.678261  0.897921 0.215632 0.383719  0.100436 0.828951 1 0 1.000000
0  0.734585 0.121059 54.372955  0.883075 0.216604 0.416247  0.090052 0.828951 1 0 1.000000
portal_cleanser_Glass
0  5.284337 0.383284 -38.384914  0.113250 0.993238 -0.025553  0.618166 0.836569 1 0 1.000000
0  5.619075 0.343102 -38.463249  0.239895 0.969288 -0.054137  0.618166 0.832682 1 0 1.000000
0  5.199660 0.343095 -40.255100  0.238646 0.969259 -0.059875  0.628489 0.832682 1 0 1.000000
portal_cleanser_Glass
0  7.567090 -0.122051 29.435364  0.964630 -0.214641 0.153031  0.235255 0.826211 1 0 1.000000
0  7.567090 0.122039 29.435366  0.964630 0.214621 0.153057  0.235255 0.828951 1 0 1.000000
0  7.267546 0.122099 31.257542  0.962698 0.215471 0.163658  0.224907 0.828951 1 0 1.000000
portal_cleanser_Glass
0  9.344521 0.122096 -12.915237  0.974510 0.215262 -0.063183  0.473243 0.828951 1 0 1.000000
0  9.344522 -0.122094 -12.915236  0.974507 -0.215266 -0.063212  0.473243 0.826211 1 0 1.000000
0  9.214768 -0.122108 -14.754656  0.973805 -0.215722 -0.071894  0.483580 0.826211 1 0 1.000000
portal_cleanser_Glass
0  9.733038 0.122049 1.847395  0.976612 0.214845 0.008370  0.390469 0.828951 1 0 1.000000
0  9.733037 -0.122050 1.847393  0.976610 -0.214857 0.008302  0.390469 0.826211 1 0 1.000000
0  9.741792 -0.122042 0.000608  0.976647 -0.214847 -0.000962  0.400817 0.826211 1 0 1.000000
portal_cleanser_Glass
0  2.839185 0.122118 -49.198238  0.920693 0.215314 -0.325523  0.680344 0.828951 1 0 1.000000
0  2.839185 -0.122101 -49.198242  0.920702 -0.215217 -0.325561  0.680344 0.826211 1 0 1.000000
0  2.185234 -0.122096 -50.954853  0.909832 -0.214407 -0.355296  0.690805 0.826211 1 0 1.000000
portal_cleanser_Glass
0  9.551210 -0.122161 9.224955  0.975626 -0.216085 0.038232  0.349103 0.826211 1 0 1.000000
0  9.551211 0.122153 9.224947  0.975630 0.216062 0.038239  0.349103 0.828951 1 0 1.000000
0  9.471292 0.122080 11.076740  0.975207 0.214987 0.052459  0.338727 0.828951 1 0 1.000000
portal_cleanser_Glass
0  8.108492 0.122121 -25.776939  0.967709 0.215881 -0.130131  0.545666 0.828951 1 0 1.000000
0  8.108492 -0.122116 -25.776941  0.967718 -0.215877 -0.130074  0.545666 0.826211 1 0 1.000000
0  7.851693 -0.122107 -27.605322  0.966228 -0.215294 -0.141605  0.556012 0.826211 1 0 1.000000
portal_cleanser_Glass
0  3.971139 -0.122046 45.674423  0.935800 -0.214800 0.279534  0.142021 0.826211 1 0 1.000000
0  3.971137 0.122032 45.674431  0.935809 0.214735 0.279554  0.142021 0.828951 1 0 1.000000
0  3.427217 0.122166 47.443554  0.930112 0.215230 0.297603  0.131656 0.828951 1 0 1.000000
portal_cleanser_Glass
0  7.851693 0.122113 -27.605322  0.966238 0.215263 -0.141585  0.556012 0.828951 1 0 1.000000
0  7.851693 -0.122107 -27.605322  0.966228 -0.215294 -0.141605  0.556012 0.826211 1 0 1.000000
0  7.572216 -0.122037 -29.435537  0.964615 -0.214881 -0.152791  0.566380 0.826211 1 0 1.000000
portal_cleanser_Glass
0  5.848334 -0.122136 38.522385  0.952458 -0.215328 0.215542  0.183448 0.826211 1 0 1.000000
0  5.848335 0.122124 38.522381  0.952471 0.215277 0.215532  0.183448 0.828951 1 0 1.000000
0  5.426772 0.122119 40.314137  0.948469 0.216342 0.231521  0.173125 0.828951 1 0 1.000000
portal_cleanser_Glass
0  7.267546 -0.122105 31.257545  0.962708 -0.215421 0.163670  0.224907 0.826211 1 0 1.000000
0  7.267546 0.122099 31.257542  0.962698 0.215471 0.163658  0.224907 0.828951 1 0 1.000000
0  6.947233 0.122125 33.082390  0.960676 0.216179 0.174262  0.214534 0.828951 1 0 1.000000
portal_cleanser_Glass
0  9.542573 0.122067 -9.224607  0.975786 0.214700 -0.041782  0.452536 0.828951 1 0 1.000000
0  9.542573 -0.122066 -9.224607  0.975785 -0.214700 -0.041809  0.452536 0.826211 1 0 1.000000
0  9.453910 -0.122090 -11.067782  0.975217 -0.214971 -0.052348  0.462878 0.826211 1 0 1.000000
portal_cleanser_Glass
0  9.611892 0.122056 -7.377794  0.976119 0.214799 -0.032464  0.442182 0.828951 1 0 1.000000
0  9.611891 -0.122055 -7.377800  0.976118 -0.214803 -0.032455  0.442182 0.826211 1 0 1.000000
0  9.542573 -0.122066 -9.224607  0.975785 -0.214700 -0.041809  0.452536 0.826211 1 0 1.000000
portal_cleanser_Glass
0  7.273433 0.122134 -31.256676  0.962740 0.215552 -0.163308  0.576723 0.828951 1 0 1.000000
0  7.273433 -0.122132 -31.256668  0.962757 -0.215512 -0.163257  0.576723 0.826211 1 0 1.000000
0  6.954735 -0.122117 -33.077381  0.960493 -0.216286 -0.175136  0.587078 0.826211 1 0 1.000000
portal_cleanser_Glass
0  9.703938 0.122109 -3.687715  0.976246 0.215996 -0.017018  0.421494 0.828951 1 0 1.000000
0  9.703938 -0.122109 -3.687718  0.976231 -0.216064 -0.017036  0.421494 0.826211 1 0 1.000000
0  9.665315 -0.122090 -5.534314  0.976213 -0.215443 -0.024355  0.431843 0.826211 1 0 1.000000
portal_cleanser_Glass
0  8.746718 -0.122067 20.275532  0.971821 -0.215083 0.096454  0.287009 0.826211 1 0 1.000000
0  8.746716 0.122062 20.275541  0.971820 0.215066 0.096497  0.287009 0.828951 1 0 1.000000
0  8.557078 0.122127 22.110287  0.970653 0.215518 0.106698  0.276670 0.828951 1 0 1.000000
portal_cleanser_Glass
0  -8.981280 -0.121588 -64.222351  0.099807 -0.212648 -0.972018  0.791521 0.826211 1 0 1.000000
0  -7.993124 -0.123259 -64.073860  0.224556 -0.211161 -0.951307  0.786039 0.826211 1 0 1.000000
0  -8.048610 -0.343504 -63.845543  0.055610 -0.967379 -0.247154  0.786039 0.822479 1 0 1.000000
portal_cleanser_Glass
0  -7.050725 0.123540 -63.766476  0.367789 0.210110 -0.905861  0.780603 0.828951 1 0 1.000000
0  -7.050734 -0.124141 -63.766472  0.367806 -0.210407 -0.905786  0.780603 0.826211 1 0 1.000000
0  -7.993124 -0.123259 -64.073860  0.224556 -0.211161 -0.951307  0.786039 0.826211 1 0 1.000000
portal_cleanser_Glass
0  -1.027810 -0.117830 57.689182  0.831870 -0.216383 0.511048  0.069099 0.826211 1 0 1.000000
0  -1.027812 0.117804 57.689182  0.831867 0.216419 0.511038  0.069099 0.828951 1 0 1.000000
0  -2.073519 0.116366 59.264702  0.794024 0.216158 0.568156  0.058572 0.828951 1 0 1.000000
portal_cleanser_Glass
0  9.352326 -0.121995 12.922594  0.974530 -0.214001 0.067042  0.328367 0.826211 1 0 1.000000
0  9.352326 0.121993 12.922599  0.974531 0.214001 0.067036  0.328367 0.828951 1 0 1.000000
0  9.217863 0.122039 14.759450  0.973943 0.214765 0.072880  0.318039 0.828951 1 0 1.000000
portal_cleanser_Glass
0  2.837760 -0.122081 49.216988  0.921533 -0.214841 0.323450  0.121218 0.826211 1 0 1.000000
0  2.837758 0.122060 49.216991  0.921533 0.214813 0.323469  0.121218 0.828951 1 0 1.000000
0  2.193230 0.122113 50.959103  0.910089 0.214861 0.354363  0.110826 0.828951 1 0 1.000000
portal_cleanser_Glass
0  6.610326 0.122200 -34.895077  0.957798 0.217082 -0.188411  0.597439 0.828951 1 0 1.000000
0  6.610326 -0.122195 -34.895073  0.957808 -0.217035 -0.188413  0.597439 0.826211 1 0 1.000000
0  6.240803 -0.122162 -36.707500  0.955136 -0.217386 -0.201146  0.607800 0.826211 1 0 1.000000
portal_cleanser_Glass
0  6.241491 -0.122032 36.713303  0.955929 -0.214790 0.200164  0.193815 0.826211 1 0 1.000000
0  6.241488 0.122014 36.713322  0.955920 0.214779 0.200216  0.193815 0.828951 1 0 1.000000
0  5.848335 0.122124 38.522381  0.952471 0.215277 0.215532  0.183448 0.828951 1 0 1.000000
portal_cleanser_Glass
0  9.453910 0.122091 -11.067787  0.975227 0.214922 -0.052354  0.462878 0.828951 1 0 1.000000
0  9.453910 -0.122090 -11.067782  0.975217 -0.214971 -0.052348  0.462878 0.826211 1 0 1.000000
0  9.344522 -0.122094 -12.915236  0.974507 -0.215266 -0.063212  0.473243 0.826211 1 0 1.000000
portal_cleanser_Glass
0  8.105145 -0.122034 25.782059  0.967913 -0.214201 0.131388  0.255949 0.826211 1 0 1.000000
0  8.105145 0.122022 25.782059  0.967917 0.214200 0.131359  0.255949 0.828951 1 0 1.000000
0  7.846094 0.122038 27.610271  0.966362 0.214221 0.142320  0.245601 0.828951 1 0 1.000000
portal_cleanser_Glass
0  9.710214 -0.122094 3.693066  0.976313 -0.215772 0.015993  0.380124 0.826211 1 0 1.000000
0  9.710215 0.122095 3.693071  0.976323 0.215721 0.016036  0.380124 0.828951 1 0 1.000000
0  9.672554 0.122159 5.539185  0.976061 0.216067 0.024912  0.369777 0.828951 1 0 1.000000
portal_cleanser_Glass
0  5.426774 -0.122133 40.314133  0.948458 -0.216375 0.231537  0.173125 0.826211 1 0 1.000000
0  5.426772 0.122119 40.314137  0.948469 0.216342 0.231521  0.173125 0.828951 1 0 1.000000
0  4.972846 0.122187 42.108803  0.944329 0.216431 0.247791  0.162759 0.828951 1 0 1.000000
portal_cleanser_Glass
0  4.974049 0.122205 -42.104073  0.944232 0.216924 -0.247730  0.638858 0.828951 1 0 1.000000
0  4.974051 -0.122194 -42.104069  0.944229 -0.216994 -0.247681  0.638858 0.826211 1 0 1.000000
0  4.488033 -0.122086 -43.891685  0.940219 -0.215201 -0.263962  0.649230 0.826211 1 0 1.000000
portal_cleanser_Glass
0  3.428670 0.122171 -47.438938  0.929713 0.215518 -0.298638  0.669961 0.828951 1 0 1.000000
0  3.428671 -0.122165 -47.438938  0.929709 -0.215535 -0.298640  0.669961 0.826211 1 0 1.000000
0  2.839185 -0.122101 -49.198242  0.920702 -0.215217 -0.325561  0.680344 0.826211 1 0 1.000000
portal_cleanser_Glass
0  9.672553 -0.122163 5.539193  0.976056 -0.216085 0.024918  0.369777 0.826211 1 0 1.000000
0  9.672554 0.122159 5.539185  0.976061 0.216067 0.024912  0.369777 0.828951 1 0 1.000000
0  9.615873 0.122057 7.383599  0.975866 0.215990 0.032135  0.359434 0.828951 1 0 1.000000
portal_cleanser_Glass
0  8.557077 -0.122135 22.110292  0.970639 -0.215589 0.106679  0.276670 0.826211 1 0 1.000000
0  8.557078 0.122127 22.110287  0.970653 0.215518 0.106698  0.276670 0.828951 1 0 1.000000
0  8.342741 0.122060 23.950327  0.969322 0.214930 0.119249  0.266298 0.828951 1 0 1.000000
portal_cleanser_Glass
0  -0.321785 -0.342113 -55.938816  0.223140 -0.967462 -0.119276  0.722068 0.822479 1 0 1.000000
0  -0.623697 -0.383250 -55.773434  0.104640 -0.992939 -0.055887  0.722068 0.818592 1 0 1.000000
0  -1.535675 -0.383241 -57.374683  0.102687 -0.992707 -0.063145  0.732512 0.818592 1 0 1.000000
portal_cleanser_Glass
0  1.481825 0.121858 -52.674805  0.897817 0.214235 -0.384744  0.701200 0.828951 1 0 1.000000
0  0.721992 0.121282 -54.369492  0.882554 0.215462 -0.417941  0.711589 0.828951 1 0 1.000000
0  0.510729 0.342332 -54.270351  0.226110 0.968164 -0.107388  0.711589 0.832682 1 0 1.000000
portal_cleanser_Glass
0  2.617810 0.343059 -49.122959  0.233086 0.968958 -0.082409  0.680344 0.832682 1 0 1.000000
0  2.839185 0.122118 -49.198238  0.920693 0.215314 -0.325523  0.680344 0.828951 1 0 1.000000
0  2.185232 0.122114 -50.954861  0.909859 0.214411 -0.355226  0.690805 0.828951 1 0 1.000000
portal_cleanser_Glass
0  4.746650 0.343092 -42.046257  0.237999 0.969258 -0.062412  0.638858 0.832682 1 0 1.000000
0  4.974049 0.122205 -42.104073  0.944232 0.216924 -0.247730  0.638858 0.828951 1 0 1.000000
0  4.488033 0.122097 -43.891682  0.940211 0.215229 -0.263971  0.649230 0.828951 1 0 1.000000
portal_cleanser_Glass
0  5.619075 0.343102 -38.463249  0.239895 0.969288 -0.054137  0.618166 0.832682 1 0 1.000000
0  5.847698 0.122208 -38.516552  0.952111 0.217517 -0.214874  0.618166 0.828951 1 0 1.000000
0  5.428201 0.122207 -40.308735  0.948307 0.217679 -0.230934  0.628489 0.828951 1 0 1.000000
portal_cleanser_Glass
0  6.011384 0.343110 -36.658188  0.240677 0.969331 -0.049726  0.607800 0.832682 1 0 1.000000
0  6.240804 0.122169 -36.707500  0.955139 0.217380 -0.201135  0.607800 0.828951 1 0 1.000000
0  5.847698 0.122208 -38.516552  0.952111 0.217517 -0.214874  0.618166 0.828951 1 0 1.000000
portal_cleanser_Glass
0  7.620521 0.343113 -27.572060  0.243069 0.969356 -0.035578  0.556012 0.832682 1 0 1.000000
0  7.851693 0.122113 -27.605322  0.966238 0.215263 -0.141585  0.556012 0.828951 1 0 1.000000
0  7.572218 0.122041 -29.435528  0.964611 0.214905 -0.152778  0.566380 0.828951 1 0 1.000000
portal_cleanser_Glass
0  6.996392 -0.383307 29.346619  0.114273 -0.993284 0.018138  0.235255 0.818592 1 0 1.000000
0  7.336318 -0.343236 29.399450  0.242589 -0.969366 0.038478  0.235255 0.822479 1 0 1.000000
0  7.036801 -0.343239 31.219244  0.242115 -0.969373 0.041196  0.224907 0.822479 1 0 1.000000
portal_cleanser_Glass
0  8.918778 0.122053 -18.432650  0.972636 0.215787 -0.086114  0.504262 0.828951 1 0 1.000000
0  8.747584 0.122192 -20.271240  0.971681 0.216120 -0.095542  0.514610 0.828951 1 0 1.000000
0  8.513959 0.343153 -20.248116  0.244275 0.969412 -0.023881  0.514610 0.832682 1 0 1.000000
portal_cleanser_Glass
0  5.848335 0.122124 38.522381  0.952471 0.215277 0.215532  0.183448 0.828951 1 0 1.000000
0  5.620018 0.343258 38.468910  0.239693 0.969329 0.054303  0.183448 0.832682 1 0 1.000000
0  5.198540 0.343259 40.260303  0.238623 0.969325 0.058890  0.173125 0.832682 1 0 1.000000
portal_cleanser_Glass
0  9.344521 0.122096 -12.915237  0.974510 0.215262 -0.063183  0.473243 0.828951 1 0 1.000000
0  9.214768 0.122110 -14.754660  0.973805 0.215729 -0.071868  0.483580 0.828951 1 0 1.000000
0  8.981878 0.343146 -14.737297  0.244594 0.969459 -0.017998  0.483580 0.832682 1 0 1.000000
portal_cleanser_Glass
0  9.237877 -0.343193 11.063380  0.245882 -0.969210 0.013205  0.338727 0.822479 1 0 1.000000
0  9.471292 -0.122088 11.076744  0.975199 -0.215039 0.052387  0.338727 0.826211 1 0 1.000000
0  9.352326 -0.121995 12.922594  0.974530 -0.214001 0.067042  0.328367 0.826211 1 0 1.000000
portal_cleanser_Glass
0  9.496124 0.343133 -1.842119  0.245383 0.969423 -0.002517  0.411160 0.832682 1 0 1.000000
0  9.729717 0.122110 -1.844726  0.976386 0.215798 -0.010045  0.411160 0.828951 1 0 1.000000
0  9.703938 0.122109 -3.687715  0.976246 0.215996 -0.017018  0.421494 0.828951 1 0 1.000000
portal_cleanser_Glass
0  9.111560 -0.343145 -12.899253  0.245039 -0.969383 -0.015877  0.473243 0.822479 1 0 1.000000
0  8.767863 -0.383291 -12.875501  0.115515 -0.993277 -0.007487  0.473243 0.818592 1 0 1.000000
0  8.638315 -0.383291 -14.711596  0.115435 -0.993279 -0.008515  0.483580 0.818592 1 0 1.000000
portal_cleanser_Glass
0  9.352326 0.121993 12.922599  0.974531 0.214001 0.067036  0.328367 0.828951 1 0 1.000000
0  9.119375 0.343197 12.905786  0.244783 0.969432 0.016800  0.328367 0.832682 1 0 1.000000
0  8.985203 0.343201 14.742068  0.244350 0.969515 0.018277  0.318039 0.832682 1 0 1.000000
portal_cleanser_Glass
0  -7.993115 0.122910 -64.073868  0.224773 0.210790 -0.951338  0.786039 0.828951 1 0 1.000000
0  -7.993124 -0.123259 -64.073860  0.224556 -0.211161 -0.951307  0.786039 0.826211 1 0 1.000000
0  -8.981280 -0.121588 -64.222351  0.099807 -0.212648 -0.972018  0.791521 0.826211 1 0 1.000000
portal_cleanser_Glass
0  9.672554 0.122159 5.539185  0.976061 0.216067 0.024912  0.369777 0.828951 1 0 1.000000
0  9.438697 0.343151 5.533195  0.245469 0.969384 0.006237  0.369777 0.832682 1 0 1.000000
0  9.382467 0.343182 7.375841  0.245128 0.969457 0.008083  0.359434 0.832682 1 0 1.000000
portal_cleanser_Glass
0  -6.145524 0.125767 63.354389  0.489857 0.209344 0.846295  0.026455 0.828951 1 0 1.000000
0  -6.257493 0.349320 63.144779  0.121785 0.970054 0.210150  0.026455 0.832682 1 0 1.000000
0  -7.128915 0.349659 63.567673  0.091451 0.969418 0.227738  0.020975 0.832682 1 0 1.000000
portal_cleanser_Glass
0  -2.955437 0.118101 60.383564  0.753535 0.216913 0.620591  0.050653 0.828951 1 0 1.000000
0  -3.131879 0.341181 60.232735  0.201839 0.965584 0.164041  0.050653 0.832682 1 0 1.000000
0  -3.909307 0.345142 61.125557  0.187657 0.967790 0.167833  0.043987 0.832682 1 0 1.000000
portal_cleanser_Glass
0  4.972846 0.122187 42.108803  0.944329 0.216431 0.247791  0.162759 0.828951 1 0 1.000000
0  4.745412 0.343255 42.050972  0.237459 0.969289 0.063968  0.162759 0.832682 1 0 1.000000
0  4.260833 0.343277 43.834259  0.236613 0.969333 0.066393  0.152388 0.832682 1 0 1.000000
portal_cleanser_Glass
0  8.918778 -0.122051 -18.432653  0.972633 -0.215786 -0.086150  0.504262 0.826211 1 0 1.000000
0  8.685616 -0.343156 -18.411860  0.244474 -0.969414 -0.021640  0.504262 0.822479 1 0 1.000000
0  8.513957 -0.343150 -20.248114  0.244295 -0.969406 -0.023899  0.514610 0.822479 1 0 1.000000
portal_cleanser_Glass
0  6.241488 0.122014 36.713322  0.955920 0.214779 0.200216  0.193815 0.828951 1 0 1.000000
0  6.013371 0.343247 36.664070  0.240581 0.969322 0.050358  0.193815 0.832682 1 0 1.000000
0  5.620018 0.343258 38.468910  0.239693 0.969329 0.054303  0.183448 0.832682 1 0 1.000000
portal_cleanser_Glass
0  6.607086 0.122127 34.899307  0.958558 0.215578 0.186258  0.204179 0.828951 1 0 1.000000
0  6.377576 0.343233 34.853592  0.241168 0.969355 0.046794  0.204179 0.832682 1 0 1.000000
0  6.013371 0.343247 36.664070  0.240581 0.969322 0.050358  0.193815 0.832682 1 0 1.000000
portal_cleanser_Glass
0  8.557078 0.122127 22.110287  0.970653 0.215518 0.106698  0.276670 0.828951 1 0 1.000000
0  8.324667 0.343191 22.085661  0.244247 0.969341 0.026859  0.276670 0.832682 1 0 1.000000
0  8.111075 0.343205 23.921360  0.243808 0.969361 0.029958  0.266298 0.832682 1 0 1.000000
portal_cleanser_Glass
0  7.341783 -0.343121 -29.398314  0.242632 -0.969366 -0.038205  0.566380 0.822479 1 0 1.000000
0  7.002055 -0.383284 -29.343239  0.114479 -0.993260 -0.018131  0.566380 0.818592 1 0 1.000000
0  6.703757 -0.383282 -31.159647  0.114382 -0.993247 -0.019423  0.576723 0.818592 1 0 1.000000
portal_cleanser_Glass
0  9.710215 0.122095 3.693071  0.976323 0.215721 0.016036  0.380124 0.828951 1 0 1.000000
0  9.476520 0.343153 3.689364  0.245413 0.969410 0.004053  0.380124 0.832682 1 0 1.000000
0  9.438697 0.343151 5.533195  0.245469 0.969384 0.006237  0.369777 0.832682 1 0 1.000000
portal_cleanser_Glass
0  9.542573 -0.122066 -9.224607  0.975785 -0.214700 -0.041809  0.452536 0.826211 1 0 1.000000
0  9.309040 -0.343176 -9.214276  0.245305 -0.969389 -0.010513  0.452536 0.822479 1 0 1.000000
0  9.220325 -0.343163 -11.055550  0.245143 -0.969398 -0.013149  0.462878 0.822479 1 0 1.000000
portal_cleanser_Glass
0  -8.048609 0.343524 -63.845547  0.057076 0.967383 -0.246803  0.786039 0.832682 1 0 1.000000
0  -7.993115 0.122910 -64.073868  0.224773 0.210790 -0.951338  0.786039 0.828951 1 0 1.000000
0  -8.981277 0.121581 -64.222359  0.100317 0.212609 -0.971974  0.791521 0.828951 1 0 1.000000
portal_cleanser_Glass
0  -9.018108 0.349349 63.989819  0.025108 0.967933 0.249952  0.010003 0.832682 1 0 1.000000
0  -8.054869 0.350380 63.848221  0.052811 0.968668 0.242680  0.015506 0.832682 1 0 1.000000
0  -8.131811 0.383955 63.511570  0.021278 0.995196 0.095557  0.015506 0.836568 1 0 1.000000
portal_cleanser_Glass
0  -5.456181 0.349742 62.595459  0.148505 0.970473 0.190075  0.031949 0.832682 1 0 1.000000
0  -4.651192 0.348141 61.895618  0.169827 0.969678 0.175736  0.037961 0.832682 1 0 1.000000
0  -4.873284 0.384872 61.630768  0.074698 0.994290 0.076211  0.037961 0.836568 1 0 1.000000
portal_cleanser_Glass
0  -2.259711 0.338817 59.128189  0.215524 0.964311 0.153796  0.058572 0.832682 1 0 1.000000
0  -2.537143 0.382903 58.924557  0.102534 0.992042 0.073069  0.058572 0.836568 1 0 1.000000
0  -3.392891 0.383561 60.008381  0.094546 0.992604 0.076151  0.050653 0.836568 1 0 1.000000
portal_cleanser_Glass
0  -1.224960 0.339326 57.567932  0.222943 0.965089 0.137473  0.069099 0.832682 1 0 1.000000
0  -1.518215 0.382972 57.388103  0.106574 0.992121 0.065864  0.069099 0.836568 1 0 1.000000
0  -2.537143 0.382903 58.924557  0.102534 0.992042 0.073069  0.058572 0.836568 1 0 1.000000
portal_cleanser_Glass
0  9.186344 2.716716 8.225993  0.566695 0.174066 -0.805331  0.842689 0.819346 1 0 1.000000
0  8.814137 2.568831 8.120909  0.105715 -0.072924 -0.991719  0.839965 0.819346 1 0 1.000000
0  8.653765 2.885629 8.109543  0.078366 0.013369 -0.996835  0.839965 0.814311 1 0 1.000000
portal_cleanser_Glass
0  1.275484 0.343149 52.586548  0.227672 0.968850 0.097442  0.100436 0.832682 1 0 1.000000
0  0.958513 0.383331 52.451294  0.106450 0.993275 0.045526  0.100436 0.836568 1 0 1.000000
0  0.209034 0.383313 54.133198  0.106404 0.993043 0.050445  0.090052 0.836568 1 0 1.000000
portal_cleanser_Glass
0  3.203547 0.343277 47.373653  0.234464 0.969186 0.075535  0.131656 0.832682 1 0 1.000000
0  2.875194 0.383303 47.271214  0.110082 0.993298 0.035233  0.131656 0.836568 1 0 1.000000
0  2.294461 0.383311 49.019913  0.108877 0.993322 0.038175  0.121218 0.836568 1 0 1.000000
portal_cleanser_Glass
0  6.011384 -0.343103 -36.658180  0.240570 -0.969326 -0.050322  0.607800 0.822479 1 0 1.000000
0  5.675261 -0.383278 -36.585735  0.113565 -0.993243 -0.023909  0.607800 0.818592 1 0 1.000000
0  5.284337 -0.383278 -38.384918  0.113256 -0.993237 -0.025558  0.618166 0.818592 1 0 1.000000
portal_cleanser_Glass
0  5.198540 0.343259 40.260303  0.238623 0.969325 0.058890  0.173125 0.832682 1 0 1.000000
0  4.863774 0.383299 40.181564  0.112351 0.993290 0.027435  0.173125 0.836568 1 0 1.000000
0  4.412116 0.383299 41.966404  0.111887 0.993287 0.029367  0.162759 0.836568 1 0 1.000000
portal_cleanser_Glass
0  6.013371 0.343247 36.664070  0.240581 0.969322 0.050358  0.193815 0.832682 1 0 1.000000
0  5.676842 0.383300 36.591236  0.113096 0.993302 0.023675  0.193815 0.836568 1 0 1.000000
0  5.285227 0.383300 38.390274  0.112792 0.993290 0.025549  0.183448 0.836568 1 0 1.000000
portal_cleanser_Glass
0  6.377576 0.343233 34.853592  0.241168 0.969355 0.046794  0.204179 0.832682 1 0 1.000000
0  6.039803 0.383299 34.786182  0.113430 0.993302 0.022017  0.204179 0.836568 1 0 1.000000
0  5.676842 0.383300 36.591236  0.113096 0.993302 0.023675  0.193815 0.836568 1 0 1.000000
portal_cleanser_Glass
0  6.717158 0.343229 33.039650  0.241634 0.969377 0.043819  0.214534 0.832682 1 0 1.000000
0  6.378544 0.383299 32.976627  0.113715 0.993299 0.020626  0.214534 0.836568 1 0 1.000000
0  6.039803 0.383299 34.786182  0.113430 0.993302 0.022017  0.204179 0.836568 1 0 1.000000
portal_cleanser_Glass
0  6.954735 -0.122117 -33.077381  0.960493 -0.216286 -0.175136  0.587078 0.826211 1 0 1.000000
0  6.724775 -0.343094 -33.035198  0.241863 -0.969320 -0.043834  0.587078 0.822479 1 0 1.000000
0  6.380140 -0.343102 -34.849163  0.241148 -0.969326 -0.047494  0.597439 0.822479 1 0 1.000000
portal_cleanser_Glass
0  9.508369 -0.343128 0.001322  0.245616 -0.969367 0.000227  0.400817 0.822479 1 0 1.000000
0  9.741792 -0.122042 0.000608  0.976647 -0.214847 -0.000962  0.400817 0.826211 1 0 1.000000
0  9.733037 -0.122050 1.847393  0.976610 -0.214857 0.008302  0.390469 0.826211 1 0 1.000000
portal_cleanser_Glass
0  8.343019 0.383292 -18.381208  0.115443 0.993261 -0.010244  0.504262 0.836568 1 0 1.000000
0  8.685616 0.343159 -18.411863  0.244469 0.969415 -0.021685  0.504262 0.832682 1 0 1.000000
0  8.513959 0.343153 -20.248116  0.244275 0.969412 -0.023881  0.514610 0.832682 1 0 1.000000
portal_cleanser_Glass
0  8.111075 0.343205 23.921360  0.243808 0.969361 0.029958  0.266298 0.832682 1 0 1.000000
0  7.769243 0.383297 23.878611  0.114737 0.993296 0.014100  0.266298 0.836568 1 0 1.000000
0  7.532806 0.383296 25.704281  0.114625 0.993287 0.015549  0.255949 0.836568 1 0 1.000000
portal_cleanser_Glass
0  8.324667 0.343191 22.085661  0.244247 0.969341 0.026859  0.276670 0.832682 1 0 1.000000
0  7.982006 0.383296 22.049517  0.114931 0.993293 0.012631  0.276670 0.836568 1 0 1.000000
0  7.769243 0.383297 23.878611  0.114737 0.993296 0.014100  0.266298 0.836568 1 0 1.000000
portal_cleanser_Glass
0  8.514080 0.343214 20.252493  0.244261 0.969405 0.024286  0.287009 0.832682 1 0 1.000000
0  8.171812 0.383296 20.218649  0.115186 0.993278 0.011459  0.287009 0.836568 1 0 1.000000
0  7.982006 0.383296 22.049517  0.114931 0.993293 0.012631  0.276670 0.836568 1 0 1.000000
portal_cleanser_Glass
0  8.985203 0.343201 14.742068  0.244350 0.969515 0.018277  0.318039 0.832682 1 0 1.000000
0  8.641743 0.383296 14.716483  0.115318 0.993291 0.008636  0.318039 0.836568 1 0 1.000000
0  8.500974 0.383296 16.551739  0.115248 0.993293 0.009274  0.307702 0.836568 1 0 1.000000
portal_cleanser_Glass
0  8.557077 -0.122135 22.110292  0.970639 -0.215589 0.106679  0.276670 0.826211 1 0 1.000000
0  8.342740 -0.122075 23.950317  0.969307 -0.215000 0.119244  0.266298 0.826211 1 0 1.000000
0  8.111075 -0.343213 23.921356  0.243853 -0.969349 0.029969  0.266298 0.822479 1 0 1.000000
portal_cleanser_Glass
0  8.685616 -0.343156 -18.411860  0.244474 -0.969414 -0.021640  0.504262 0.822479 1 0 1.000000
0  8.343020 -0.383289 -18.381203  0.115441 -0.993262 -0.010234  0.504262 0.818592 1 0 1.000000
0  8.171852 -0.383289 -20.214174  0.115408 -0.993253 -0.011347  0.514610 0.818592 1 0 1.000000
portal_cleanser_Glass
0  9.499458 0.343145 1.845702  0.245430 0.969411 0.002396  0.390469 0.832682 1 0 1.000000
0  9.155526 0.383285 1.843281  0.115908 0.993259 0.001011  0.390469 0.836568 1 0 1.000000
0  9.132131 0.383290 3.683945  0.115742 0.993277 0.001907  0.380124 0.836568 1 0 1.000000
portal_cleanser_Glass
0  9.155526 0.383285 1.843281  0.115908 0.993259 0.001011  0.390469 0.836568 1 0 1.000000
0  9.499458 0.343145 1.845702  0.245430 0.969411 0.002396  0.390469 0.832682 1 0 1.000000
0  9.508368 0.343134 0.001325  0.245613 0.969368 -0.000107  0.400817 0.832682 1 0 1.000000
portal_cleanser_Glass
0  -4.950570 0.385036 -61.709660  0.071489 0.994414 -0.077650  0.764289 0.836569 1 0 1.000000
0  -4.728281 0.348797 -61.974033  0.162878 0.970067 -0.180111  0.764289 0.832682 1 0 1.000000
0  -5.467545 0.349757 -62.575596  0.142788 0.970857 -0.192478  0.769664 0.832682 1 0 1.000000
portal_cleanser_Glass
0  -0.623694 0.383258 -55.773438  0.104690 0.992927 -0.055998  0.722068 0.836569 1 0 1.000000
0  -0.321779 0.342129 -55.938808  0.223532 0.967441 -0.118705  0.722068 0.832682 1 0 1.000000
0  -1.242050 0.341631 -57.554066  0.218039 0.966713 -0.133885  0.732512 0.832682 1 0 1.000000
portal_cleanser_Glass
0  1.968268 -0.343041 -50.867893  0.230264 -0.968970 -0.089869  0.690805 0.822479 1 0 1.000000
0  1.649207 -0.383268 -50.739655  0.108244 -0.993226 -0.042250  0.690805 0.818592 1 0 1.000000
0  0.952438 -0.383263 -52.444180  0.107210 -0.993171 -0.046016  0.701200 0.818592 1 0 1.000000
portal_cleanser_Glass
0  0.952439 0.383271 -52.444191  0.106991 0.993196 -0.045994  0.701200 0.836569 1 0 1.000000
0  1.267988 0.342946 -52.581734  0.227769 0.968795 -0.097766  0.701200 0.832682 1 0 1.000000
0  0.510729 0.342332 -54.270351  0.226110 0.968164 -0.107388  0.711589 0.832682 1 0 1.000000
portal_cleanser_Glass
0  2.292183 0.383279 -49.012470  0.109537 0.993228 -0.038735  0.680344 0.836569 1 0 1.000000
0  2.617810 0.343059 -49.122959  0.233086 0.968958 -0.082409  0.680344 0.832682 1 0 1.000000
0  1.968268 0.343044 -50.867893  0.230582 0.968950 -0.089265  0.690805 0.832682 1 0 1.000000
portal_cleanser_Glass
0  2.876779 0.383282 -47.266510  0.110562 0.993234 -0.035530  0.669961 0.836569 1 0 1.000000
0  3.205055 0.343073 -47.369034  0.234662 0.969149 -0.075396  0.669961 0.832682 1 0 1.000000
0  2.617810 0.343059 -49.122959  0.233086 0.968958 -0.082409  0.680344 0.832682 1 0 1.000000
portal_cleanser_Glass
0  4.486731 0.122077 43.896408  0.940188 0.215240 0.264041  0.152388 0.828951 1 0 1.000000
0  4.260833 0.343277 43.834259  0.236613 0.969333 0.066393  0.152388 0.832682 1 0 1.000000
0  3.747302 0.343278 45.608624  0.235553 0.969311 0.070367  0.142021 0.832682 1 0 1.000000
portal_cleanser_Glass
0  5.675260 0.383285 -36.585735  0.113565 0.993243 -0.023916  0.607800 0.836569 1 0 1.000000
0  6.011384 0.343110 -36.658188  0.240677 0.969331 -0.049726  0.607800 0.832682 1 0 1.000000
0  5.619075 0.343102 -38.463249  0.239895 0.969288 -0.054137  0.618166 0.832682 1 0 1.000000
portal_cleanser_Glass
0  4.413416 0.383284 -41.961620  0.112309 0.993236 -0.029463  0.638858 0.836569 1 0 1.000000
0  4.746650 0.343092 -42.046257  0.237999 0.969258 -0.062412  0.638858 0.832682 1 0 1.000000
0  4.262167 0.343096 -43.829578  0.236627 0.969306 -0.066740  0.649230 0.832682 1 0 1.000000
portal_cleanser_Glass
0  8.325556 -0.343129 -22.081734  0.244180 -0.969361 -0.026735  0.524951 0.822479 1 0 1.000000
0  7.982963 -0.383289 -22.045206  0.115101 -0.993274 -0.012620  0.524951 0.818592 1 0 1.000000
0  7.770119 -0.383286 -23.874136  0.114943 -0.993272 -0.014075  0.535318 0.818592 1 0 1.000000
portal_cleanser_Glass
0  9.741793 0.122039 0.000615  0.976651 0.214831 -0.000883  0.400817 0.828951 1 0 1.000000
0  9.508368 0.343134 0.001325  0.245613 0.969368 -0.000107  0.400817 0.832682 1 0 1.000000
0  9.499458 0.343145 1.845702  0.245430 0.969411 0.002396  0.390469 0.832682 1 0 1.000000
portal_cleanser_Glass
0  9.733037 -0.122050 1.847393  0.976610 -0.214857 0.008302  0.390469 0.826211 1 0 1.000000
0  9.710214 -0.122094 3.693066  0.976313 -0.215772 0.015993  0.380124 0.826211 1 0 1.000000
0  9.476521 -0.343152 3.689364  0.245440 -0.969403 0.004057  0.380124 0.822479 1 0 1.000000
portal_cleanser_Glass
0  7.770119 0.383290 -23.874136  0.114947 0.993272 -0.014074  0.535318 0.836568 1 0 1.000000
0  8.112040 0.343118 -23.916704  0.243864 0.969363 -0.029416  0.535318 0.832682 1 0 1.000000
0  7.876985 0.343115 -25.745871  0.243447 0.969361 -0.032746  0.545666 0.832682 1 0 1.000000
portal_cleanser_Glass
0  5.676842 -0.383314 36.591244  0.113103 -0.993301 0.023687  0.193815 0.818592 1 0 1.000000
0  6.013370 -0.343261 36.664070  0.240657 -0.969326 0.049906  0.193815 0.822479 1 0 1.000000
0  5.620018 -0.343266 38.468903  0.239580 -0.969358 0.054288  0.183448 0.822479 1 0 1.000000
portal_cleanser_Glass
0  9.034505 0.383293 -7.359201  0.115782 0.993267 -0.003847  0.442182 0.836568 1 0 1.000000
0  9.378420 0.343161 -7.370288  0.245393 0.969389 -0.008153  0.442182 0.832682 1 0 1.000000
0  9.309039 0.343178 -9.214272  0.245316 0.969390 -0.010161  0.452536 0.832682 1 0 1.000000
portal_cleanser_Glass
0  9.125839 0.383290 -3.678689  0.115737 0.993278 -0.002023  0.421494 0.836568 1 0 1.000000
0  9.470362 0.343139 -3.684041  0.245379 0.969418 -0.004296  0.421494 0.832682 1 0 1.000000
0  9.431406 0.343164 -5.528234  0.245379 0.969408 -0.006080  0.431843 0.832682 1 0 1.000000
portal_cleanser_Glass
0  -2.537140 -0.382930 58.924538  0.102780 -0.991997 0.073343  0.058572 0.818592 1 0 1.000000
0  -2.259686 -0.338840 59.128170  0.215596 -0.964294 0.153802  0.058572 0.822479 1 0 1.000000
0  -3.131879 -0.341210 60.232731  0.201767 -0.965612 0.163963  0.050653 0.822479 1 0 1.000000
portal_cleanser_Glass
0  1.490215 0.121995 52.678261  0.897921 0.215632 0.383719  0.100436 0.828951 1 0 1.000000
0  1.275484 0.343149 52.586548  0.227672 0.968850 0.097442  0.100436 0.832682 1 0 1.000000
0  0.522369 0.342692 54.275883  0.227239 0.967874 0.107626  0.090052 0.832682 1 0 1.000000
portal_cleanser_Glass
0  1.655324 -0.383346 50.746880  0.107370 -0.993338 0.041846  0.110826 0.818592 1 0 1.000000
0  1.975911 -0.343376 50.873413  0.230077 -0.969036 0.089637  0.110826 0.822479 1 0 1.000000
0  1.275483 -0.343170 52.586559  0.227755 -0.968840 0.097352  0.100436 0.822479 1 0 1.000000
portal_cleanser_Glass
0  3.427217 0.122166 47.443554  0.930112 0.215230 0.297603  0.131656 0.828951 1 0 1.000000
0  3.203547 0.343277 47.373653  0.234464 0.969186 0.075535  0.131656 0.832682 1 0 1.000000
0  2.618267 0.343304 49.137505  0.233066 0.969017 0.081768  0.121218 0.832682 1 0 1.000000
portal_cleanser_Glass
0  8.876984 0.383294 -11.037514  0.115755 0.993258 -0.006206  0.462878 0.836568 1 0 1.000000
0  9.220326 0.343164 -11.055547  0.245164 0.969392 -0.013186  0.462878 0.832682 1 0 1.000000
0  9.111562 0.343147 -12.899243  0.245068 0.969380 -0.015631  0.473243 0.832682 1 0 1.000000
portal_cleanser_Glass
0  9.237880 0.343188 11.063385  0.245921 0.969210 0.012483  0.338727 0.832682 1 0 1.000000
0  8.894561 0.383293 11.043664  0.115664 0.993269 0.006207  0.338727 0.836568 1 0 1.000000
0  8.776172 0.383294 12.880931  0.115477 0.993278 0.007939  0.328367 0.836568 1 0 1.000000
portal_cleanser_Glass
0  7.267546 0.122099 31.257542  0.962698 0.215471 0.163658  0.224907 0.828951 1 0 1.000000
0  7.036801 0.343226 31.219242  0.242190 0.969353 0.041219  0.224907 0.832682 1 0 1.000000
0  6.717158 0.343229 33.039650  0.241634 0.969377 0.043819  0.214534 0.832682 1 0 1.000000
portal_cleanser_Glass
0  4.863774 -0.383314 40.181561  0.112350 -0.993290 0.027437  0.173125 0.818592 1 0 1.000000
0  5.198542 -0.343274 40.260303  0.238701 -0.969342 0.058293  0.173125 0.822479 1 0 1.000000
0  4.745414 -0.343267 42.050964  0.237903 -0.969282 0.062405  0.162759 0.822479 1 0 1.000000
portal_cleanser_Glass
0  8.105145 0.122022 25.782059  0.967917 0.214200 0.131359  0.255949 0.828951 1 0 1.000000
0  7.873820 0.343216 25.750626  0.243289 0.969393 0.032973  0.255949 0.832682 1 0 1.000000
0  7.614987 0.343222 27.576569  0.242897 0.969381 0.036067  0.245601 0.832682 1 0 1.000000
portal_cleanser_Glass
0  9.155527 -0.383287 1.843284  0.115906 -0.993260 0.000987  0.390469 0.818592 1 0 1.000000
0  9.499459 -0.343147 1.845707  0.245413 -0.969416 0.002154  0.390469 0.822479 1 0 1.000000
0  9.476521 -0.343152 3.689364  0.245440 -0.969403 0.004057  0.380124 0.822479 1 0 1.000000
portal_cleanser_Glass
0  9.073211 0.122127 -16.592545  0.973325 0.215651 -0.078313  0.493914 0.828951 1 0 1.000000
0  8.918778 0.122053 -18.432650  0.972636 0.215787 -0.086114  0.504262 0.828951 1 0 1.000000
0  8.685616 0.343159 -18.411863  0.244469 0.969415 -0.021685  0.504262 0.832682 1 0 1.000000
portal_cleanser_Glass
0  3.930562 0.383283 -43.738384  0.111740 0.993243 -0.031356  0.649230 0.836569 1 0 1.000000
0  4.262167 0.343096 -43.829578  0.236627 0.969306 -0.066740  0.649230 0.832682 1 0 1.000000
0  3.748721 0.343084 -45.603973  0.235617 0.969293 -0.070400  0.659596 0.832682 1 0 1.000000
portal_cleanser_Glass
0  9.471292 0.122080 11.076740  0.975207 0.214987 0.052459  0.338727 0.828951 1 0 1.000000
0  9.237880 0.343188 11.063385  0.245921 0.969210 0.012483  0.338727 0.832682 1 0 1.000000
0  9.119375 0.343197 12.905786  0.244783 0.969432 0.016800  0.328367 0.832682 1 0 1.000000
portal_cleanser_Glass
0  9.542573 0.122067 -9.224607  0.975786 0.214700 -0.041782  0.452536 0.828951 1 0 1.000000
0  9.453910 0.122091 -11.067787  0.975227 0.214922 -0.052354  0.462878 0.828951 1 0 1.000000
0  9.220326 0.343164 -11.055547  0.245164 0.969392 -0.013186  0.462878 0.832682 1 0 1.000000
portal_cleanser_Glass
0  -2.077373 0.118103 -59.253574  0.794015 0.216792 -0.567927  0.743021 0.828951 1 0 1.000000
0  -3.245199 0.117370 -60.754620  0.758882 0.216322 -0.614250  0.753594 0.828951 1 0 1.000000
0  -3.419244 0.339868 -60.601765  0.204654 0.964998 -0.164001  0.753594 0.832682 1 0 1.000000
portal_cleanser_Glass
0  0.510729 0.342332 -54.270351  0.226110 0.968164 -0.107388  0.711589 0.832682 1 0 1.000000
0  0.721992 0.121282 -54.369492  0.882554 0.215462 -0.417941  0.711589 0.828951 1 0 1.000000
0  -0.116955 0.120359 -56.050724  0.861172 0.216724 -0.459797  0.722068 0.828951 1 0 1.000000
portal_cleanser_Glass
0  6.954735 0.122120 -33.077377  0.960502 0.216286 -0.175091  0.587078 0.828951 1 0 1.000000
0  6.610326 0.122200 -34.895077  0.957798 0.217082 -0.188411  0.597439 0.828951 1 0 1.000000
0  6.380140 0.343109 -34.849163  0.241153 0.969326 -0.047452  0.597439 0.832682 1 0 1.000000
portal_cleanser_Glass
0  5.199660 0.343095 -40.255100  0.238646 0.969259 -0.059875  0.628489 0.832682 1 0 1.000000
0  5.428201 0.122207 -40.308735  0.948307 0.217679 -0.230934  0.628489 0.828951 1 0 1.000000
0  4.974049 0.122205 -42.104073  0.944232 0.216924 -0.247730  0.638858 0.828951 1 0 1.000000
portal_cleanser_Glass
0  8.343843 -0.122112 -23.945486  0.969308 -0.215336 -0.118629  0.535318 0.826211 1 0 1.000000
0  8.112038 -0.343115 -23.916710  0.243857 -0.969352 -0.029844  0.535318 0.822479 1 0 1.000000
0  7.876984 -0.343112 -25.745874  0.243393 -0.969375 -0.032745  0.545666 0.822479 1 0 1.000000
portal_cleanser_Glass
0  8.477392 -3.690386 16.148384  0.830148 -0.514320 -0.215242  0.902175 0.667520 1 0 1.000000
0  8.816896 -3.099072 16.154757  0.852341 -0.473547 -0.221964  0.902175 0.658911 1 0 1.000000
0  8.782169 -3.077863 16.662693  0.813383 -0.450080 0.368559  0.905643 0.658911 1 0 1.000000
portal_cleanser_Glass
0  -9.979335 -0.384105 63.694477  0.003675 -0.994473 0.104927  0.004489 0.818592 1 0 1.000000
0  -9.048053 -0.384047 63.646740  0.008817 -0.994820 0.101274  0.010003 0.818592 1 0 1.000000
0  -9.018108 -0.349392 63.989819  0.022788 -0.967934 0.250168  0.010003 0.822479 1 0 1.000000
portal_cleanser_Glass
0  -8.131811 -0.383987 63.511562  0.021105 -0.995256 0.094974  0.015506 0.818592 1 0 1.000000
0  -7.251447 -0.384013 63.244080  0.035933 -0.995118 0.091923  0.020975 0.818592 1 0 1.000000
0  -7.128917 -0.349697 63.567673  0.089965 -0.969436 0.228255  0.020975 0.822479 1 0 1.000000
portal_cleanser_Glass
0  -7.045889 0.124644 63.789474  0.355384 0.208526 0.911163  0.020975 0.828951 1 0 1.000000
0  -7.128915 0.349659 63.567673  0.091451 0.969418 0.227738  0.020975 0.832682 1 0 1.000000
0  -8.054869 0.350380 63.848221  0.052811 0.968668 0.242680  0.015506 0.832682 1 0 1.000000
portal_cleanser_Glass
0  -8.131811 -0.383987 63.511562  0.021105 -0.995256 0.094974  0.015506 0.818592 1 0 1.000000
0  -8.054871 -0.350424 63.848221  0.053562 -0.968666 0.242523  0.015506 0.822479 1 0 1.000000
0  -9.018108 -0.349392 63.989819  0.022788 -0.967934 0.250168  0.010003 0.822479 1 0 1.000000
portal_cleanser_Glass
0  -5.456181 0.349742 62.595459  0.148505 0.970473 0.190075  0.031949 0.832682 1 0 1.000000
0  -5.655726 0.384904 62.312920  0.062879 0.994762 0.080590  0.031949 0.836568 1 0 1.000000
0  -6.420074 0.384368 62.838894  0.050606 0.994932 0.086889  0.026455 0.836568 1 0 1.000000
portal_cleanser_Glass
0  -4.651194 -0.348168 61.895618  0.169811 -0.969679 0.175745  0.037961 0.822479 1 0 1.000000
0  -3.909325 -0.345172 61.125561  0.187680 -0.967780 0.167866  0.043987 0.822479 1 0 1.000000
0  -3.743312 -0.121776 61.291458  0.721965 -0.215598 0.657483  0.043987 0.826211 1 0 1.000000
portal_cleanser_Glass
0  -7.050734 -0.124141 -63.766472  0.367806 -0.210407 -0.905786  0.780603 0.826211 1 0 1.000000
0  -7.134855 -0.345023 -63.546692  0.092612 -0.968560 -0.230901  0.780603 0.822479 1 0 1.000000
0  -8.048610 -0.343504 -63.845543  0.055610 -0.967379 -0.247154  0.786039 0.822479 1 0 1.000000
portal_cleanser_Glass
0  -7.134855 -0.345023 -63.546692  0.092612 -0.968560 -0.230901  0.780603 0.822479 1 0 1.000000
0  -7.258492 -0.383727 -63.225407  0.040972 -0.993782 -0.103527  0.780603 0.818592 1 0 1.000000
0  -8.130920 -0.383545 -63.511112  0.025406 -0.993316 -0.112593  0.786039 0.818592 1 0 1.000000
portal_cleanser_Glass
0  -5.467544 -0.349752 -62.575600  0.142870 -0.970839 -0.192507  0.769664 0.822479 1 0 1.000000
0  -5.666373 -0.384861 -62.293781  0.061394 -0.994646 -0.083126  0.769664 0.818592 1 0 1.000000
0  -6.427275 -0.384109 -62.815353  0.051920 -0.994316 -0.092954  0.775089 0.818592 1 0 1.000000
portal_cleanser_Glass
0  8.557553 -0.122031 -22.106485  0.970690 -0.215391 -0.106618  0.524951 0.826211 1 0 1.000000
0  8.325556 -0.343129 -22.081734  0.244180 -0.969361 -0.026735  0.524951 0.822479 1 0 1.000000
0  8.112038 -0.343115 -23.916710  0.243857 -0.969352 -0.029844  0.535318 0.822479 1 0 1.000000
portal_cleanser_Glass
0  -9.976589 0.383353 -63.702099  0.006390 0.992749 -0.120039  0.796999 0.836569 1 0 1.000000
0  -9.046669 0.383433 -63.649242  0.012124 0.992886 -0.118446  0.791521 0.836569 1 0 1.000000
0  -9.007361 0.342250 -63.990440  0.024935 0.966990 -0.253590  0.791521 0.832682 1 0 1.000000
portal_cleanser_Glass
0  -6.427274 0.384116 -62.815350  0.051925 0.994315 -0.092957  0.775089 0.836569 1 0 1.000000
0  -5.666377 0.384869 -62.293785  0.061399 0.994645 -0.083135  0.769664 0.836569 1 0 1.000000
0  -5.467545 0.349757 -62.575596  0.142788 0.970857 -0.192478  0.769664 0.832682 1 0 1.000000
portal_cleanser_Glass
0  9.476521 -0.343152 3.689364  0.245440 -0.969403 0.004057  0.380124 0.822479 1 0 1.000000
0  9.710214 -0.122094 3.693066  0.976313 -0.215772 0.015993  0.380124 0.826211 1 0 1.000000
0  9.672553 -0.122163 5.539193  0.976056 -0.216085 0.024918  0.369777 0.826211 1 0 1.000000
portal_cleanser_Glass
0  7.846095 -0.122050 27.610270  0.966354 -0.214249 0.142330  0.245601 0.826211 1 0 1.000000
0  7.846094 0.122038 27.610271  0.966362 0.214221 0.142320  0.245601 0.828951 1 0 1.000000
0  7.567090 0.122039 29.435366  0.964630 0.214621 0.153057  0.235255 0.828951 1 0 1.000000
portal_cleanser_Glass
0  8.641742 -0.383302 14.716487  0.115313 -0.993292 0.008644  0.318039 0.818592 1 0 1.000000
0  8.985206 -0.343206 14.742076  0.244331 -0.969519 0.018318  0.318039 0.822479 1 0 1.000000
0  8.844377 -0.343198 16.579311  0.244614 -0.969421 0.019666  0.307702 0.822479 1 0 1.000000
portal_cleanser_Glass
0  9.309040 -0.343176 -9.214276  0.245305 -0.969389 -0.010513  0.452536 0.822479 1 0 1.000000
0  8.965446 -0.383294 -9.198927  0.115751 -0.993266 -0.004957  0.452536 0.818592 1 0 1.000000
0  8.876984 -0.383293 -11.037516  0.115761 -0.993258 -0.006229  0.462878 0.818592 1 0 1.000000
portal_cleanser_Glass
0  -3.876989 0.125400 -61.476143  0.708490 0.215459 -0.672026  0.758913 0.828951 1 0 1.000000
0  -3.876606 -0.122053 -61.475883  0.708703 -0.213347 -0.672475  0.758913 0.826211 1 0 1.000000
0  -4.574226 -0.125486 -62.154682  0.650007 -0.210768 -0.730115  0.764289 0.826211 1 0 1.000000
portal_cleanser_Glass
0  6.717158 -0.343246 33.039654  0.241852 -0.969362 0.042945  0.214534 0.822479 1 0 1.000000
0  6.947234 -0.122134 33.082390  0.960676 -0.216213 0.174220  0.214534 0.826211 1 0 1.000000
0  6.607083 -0.122140 34.899315  0.958552 -0.215605 0.186259  0.204179 0.826211 1 0 1.000000
portal_cleanser_Glass
0  9.220325 -0.343163 -11.055550  0.245143 -0.969398 -0.013149  0.462878 0.822479 1 0 1.000000
0  8.876984 -0.383293 -11.037516  0.115761 -0.993258 -0.006229  0.462878 0.818592 1 0 1.000000
0  8.767863 -0.383291 -12.875501  0.115515 -0.993277 -0.007487  0.473243 0.818592 1 0 1.000000
portal_cleanser_Glass
0  7.876985 0.343115 -25.745871  0.243447 0.969361 -0.032746  0.545666 0.832682 1 0 1.000000
0  8.108492 0.122121 -25.776939  0.967709 0.215881 -0.130131  0.545666 0.828951 1 0 1.000000
0  7.851693 0.122113 -27.605322  0.966238 0.215263 -0.141585  0.556012 0.828951 1 0 1.000000
portal_cleanser_Glass
0  8.921741 0.122045 18.436590  0.972698 0.214986 0.087409  0.297360 0.828951 1 0 1.000000
0  8.689114 0.343211 18.416086  0.244555 0.969387 0.021931  0.297360 0.832682 1 0 1.000000
0  8.514080 0.343214 20.252493  0.244261 0.969405 0.024286  0.287009 0.832682 1 0 1.000000
portal_cleanser_Glass
0  7.873819 -0.343226 25.750622  0.243323 -0.969383 0.033013  0.255949 0.822479 1 0 1.000000
0  8.105145 -0.122034 25.782059  0.967913 -0.214201 0.131388  0.255949 0.826211 1 0 1.000000
0  7.846095 -0.122050 27.610270  0.966354 -0.214249 0.142330  0.245601 0.826211 1 0 1.000000
portal_cleanser_Glass
0  7.267546 -0.122105 31.257545  0.962708 -0.215421 0.163670  0.224907 0.826211 1 0 1.000000
0  6.947234 -0.122134 33.082390  0.960676 -0.216213 0.174220  0.214534 0.826211 1 0 1.000000
0  6.717158 -0.343246 33.039654  0.241852 -0.969362 0.042945  0.214534 0.822479 1 0 1.000000
portal_cleanser_Glass
0  8.171852 0.383293 -20.214174  0.115405 0.993254 -0.011324  0.514610 0.836568 1 0 1.000000
0  8.513959 0.343153 -20.248116  0.244275 0.969412 -0.023881  0.514610 0.832682 1 0 1.000000
0  8.325555 0.343132 -22.081738  0.244197 0.969355 -0.026808  0.524951 0.832682 1 0 1.000000
portal_cleanser_Glass
0  8.767863 0.383293 -12.875509  0.115503 0.993279 -0.007502  0.473243 0.836568 1 0 1.000000
0  9.111562 0.343147 -12.899243  0.245068 0.969380 -0.015631  0.473243 0.832682 1 0 1.000000
0  8.981878 0.343146 -14.737297  0.244594 0.969459 -0.017998  0.483580 0.832682 1 0 1.000000
portal_cleanser_Glass
0  4.746649 -0.343084 -42.046265  0.237982 -0.969264 -0.062387  0.638858 0.822479 1 0 1.000000
0  4.413417 -0.383277 -41.961620  0.112315 -0.993236 -0.029469  0.638858 0.818592 1 0 1.000000
0  3.930564 -0.383276 -43.738380  0.111750 -0.993241 -0.031363  0.649230 0.818592 1 0 1.000000
portal_cleanser_Glass
0  9.378420 -0.343160 -7.370293  0.245398 -0.969388 -0.008113  0.442182 0.822479 1 0 1.000000
0  9.034505 -0.383293 -7.359201  0.115789 -0.993266 -0.003840  0.442182 0.818592 1 0 1.000000
0  8.965446 -0.383294 -9.198927  0.115751 -0.993266 -0.004957  0.452536 0.818592 1 0 1.000000
portal_cleanser_Glass
0  7.273433 -0.122132 -31.256668  0.962757 -0.215512 -0.163257  0.576723 0.826211 1 0 1.000000
0  7.042699 -0.343118 -31.217398  0.242126 -0.969373 -0.041115  0.576723 0.822479 1 0 1.000000
0  6.724775 -0.343094 -33.035198  0.241863 -0.969320 -0.043834  0.587078 0.822479 1 0 1.000000
portal_cleanser_Glass
0  8.981878 0.343146 -14.737297  0.244594 0.969459 -0.017998  0.483580 0.832682 1 0 1.000000
0  9.214768 0.122110 -14.754660  0.973805 0.215729 -0.071868  0.483580 0.828951 1 0 1.000000
0  9.073211 0.122127 -16.592545  0.973325 0.215651 -0.078313  0.493914 0.828951 1 0 1.000000
portal_cleanser_Glass
0  9.344522 -0.122094 -12.915236  0.974507 -0.215266 -0.063212  0.473243 0.826211 1 0 1.000000
0  9.111560 -0.343145 -12.899253  0.245039 -0.969383 -0.015877  0.473243 0.822479 1 0 1.000000
0  8.981880 -0.343143 -14.737288  0.244581 -0.969464 -0.017890  0.483580 0.822479 1 0 1.000000
portal_cleanser_Glass
0  -1.535674 0.383248 -57.374699  0.102143 0.992779 -0.062899  0.732512 0.836569 1 0 1.000000
0  -1.242050 0.341631 -57.554066  0.218039 0.966713 -0.133885  0.732512 0.832682 1 0 1.000000
0  -2.265643 0.340114 -59.118107  0.212269 0.965280 -0.152240  0.743021 0.832682 1 0 1.000000
portal_cleanser_Glass
0  7.279494 0.383290 -27.522957  0.114606 0.993269 -0.016789  0.556012 0.836568 1 0 1.000000
0  7.620521 0.343113 -27.572060  0.243069 0.969356 -0.035578  0.556012 0.832682 1 0 1.000000
0  7.341782 0.343128 -29.398308  0.242659 0.969350 -0.038435  0.566380 0.832682 1 0 1.000000
portal_cleanser_Glass
0  7.846094 0.122038 27.610271  0.966362 0.214221 0.142320  0.245601 0.828951 1 0 1.000000
0  7.614987 0.343222 27.576569  0.242897 0.969381 0.036067  0.245601 0.832682 1 0 1.000000
0  7.336316 0.343225 29.399458  0.242559 0.969372 0.038508  0.235255 0.832682 1 0 1.000000
portal_cleanser_Glass
0  9.132132 -0.383293 3.683950  0.115743 -0.993277 0.001921  0.380124 0.818592 1 0 1.000000
0  9.476521 -0.343152 3.689364  0.245440 -0.969403 0.004057  0.380124 0.822479 1 0 1.000000
0  9.438697 -0.343154 5.533193  0.245491 -0.969379 0.006182  0.369777 0.822479 1 0 1.000000
portal_cleanser_Glass
0  7.532807 -0.383305 25.704281  0.114630 -0.993287 0.015545  0.255949 0.818592 1 0 1.000000
0  7.873819 -0.343226 25.750622  0.243323 -0.969383 0.033013  0.255949 0.822479 1 0 1.000000
0  7.614988 -0.343232 27.576559  0.242963 -0.969376 0.035756  0.245601 0.822479 1 0 1.000000
portal_cleanser_Glass
0  3.416873 -0.383322 45.511600  0.110632 -0.993311 0.033063  0.142021 0.818592 1 0 1.000000
0  3.747301 -0.343293 45.608624  0.235577 -0.969301 0.070417  0.142021 0.822479 1 0 1.000000
0  3.203547 -0.343295 47.373657  0.234574 -0.969197 0.075049  0.131656 0.822479 1 0 1.000000
portal_cleanser_Glass
0  8.689114 0.343211 18.416086  0.244555 0.969387 0.021931  0.297360 0.832682 1 0 1.000000
0  8.346414 0.383296 18.385983  0.115266 0.993281 0.010357  0.297360 0.836568 1 0 1.000000
0  8.171812 0.383296 20.218649  0.115186 0.993278 0.011459  0.287009 0.836568 1 0 1.000000
portal_cleanser_Glass
0  8.965446 0.383295 -9.198927  0.115754 0.993266 -0.004963  0.452536 0.836568 1 0 1.000000
0  9.309039 0.343178 -9.214272  0.245316 0.969390 -0.010161  0.452536 0.832682 1 0 1.000000
0  9.220326 0.343164 -11.055547  0.245164 0.969392 -0.013186  0.462878 0.832682 1 0 1.000000
portal_cleanser_Glass
0  4.262166 -0.343089 -43.829575  0.236741 -0.969300 -0.066417  0.649230 0.822479 1 0 1.000000
0  3.930564 -0.383276 -43.738380  0.111750 -0.993241 -0.031363  0.649230 0.818592 1 0 1.000000
0  3.418368 -0.383276 -45.506855  0.111115 -0.993253 -0.033181  0.659596 0.818592 1 0 1.000000
portal_cleanser_Glass
0  5.285227 -0.383314 38.390282  0.112818 -0.993287 0.025542  0.183448 0.818592 1 0 1.000000
0  5.620018 -0.343266 38.468903  0.239580 -0.969358 0.054288  0.183448 0.822479 1 0 1.000000
0  5.198542 -0.343274 40.260303  0.238701 -0.969342 0.058293  0.173125 0.822479 1 0 1.000000
portal_cleanser_Glass
0  8.497088 0.383291 -16.546774  0.115551 0.993258 -0.009296  0.493914 0.836568 1 0 1.000000
0  8.839944 0.343149 -16.574034  0.244473 0.969455 -0.019720  0.493914 0.832682 1 0 1.000000
0  8.685616 0.343159 -18.411863  0.244469 0.969415 -0.021685  0.504262 0.832682 1 0 1.000000
portal_cleanser_Glass
0  8.844377 0.343195 16.579313  0.244565 0.969433 0.019710  0.307702 0.832682 1 0 1.000000
0  8.500974 0.383296 16.551739  0.115248 0.993293 0.009274  0.307702 0.836568 1 0 1.000000
0  8.346414 0.383296 18.385983  0.115266 0.993281 0.010357  0.297360 0.836568 1 0 1.000000
portal_cleanser_Glass
0  -3.743312 -0.121776 61.291458  0.721965 -0.215598 0.657483  0.043987 0.826211 1 0 1.000000
0  -3.743312 0.121747 61.291458  0.721987 0.215629 0.657449  0.043987 0.828951 1 0 1.000000
0  -4.497724 0.124919 62.076267  0.673280 0.213450 0.707908  0.037961 0.828951 1 0 1.000000
portal_cleanser_Glass
0  -8.001626 -0.123775 64.078316  0.212561 -0.208553 0.954633  0.015506 0.826211 1 0 1.000000
0  -8.001629 0.123746 64.078300  0.212565 0.208621 0.954617  0.015506 0.828951 1 0 1.000000
0  -8.995088 0.122095 64.223312  0.094529 0.210612 0.972989  0.010003 0.828951 1 0 1.000000
portal_cleanser_Glass
0  8.112038 -0.343115 -23.916710  0.243857 -0.969352 -0.029844  0.535318 0.822479 1 0 1.000000
0  7.770119 -0.383286 -23.874136  0.114943 -0.993272 -0.014075  0.535318 0.818592 1 0 1.000000
0  7.535497 -0.383285 -25.699965  0.114775 -0.993272 -0.015434  0.545666 0.818592 1 0 1.000000
portal_cleanser_Glass
0  9.214768 -0.122108 -14.754656  0.973805 -0.215722 -0.071894  0.483580 0.826211 1 0 1.000000
0  8.981880 -0.343143 -14.737288  0.244581 -0.969464 -0.017890  0.483580 0.822479 1 0 1.000000
0  8.839945 -0.343146 -16.574034  0.244472 -0.969455 -0.019758  0.493914 0.822479 1 0 1.000000
portal_cleanser_Glass
0  -4.574651 0.130016 -62.154903  0.650017 0.213477 -0.729318  0.764289 0.828951 1 0 1.000000
0  -5.329687 0.130022 -62.768951  0.583018 0.211757 -0.784378  0.769664 0.828951 1 0 1.000000
0  -5.467545 0.349757 -62.575596  0.142788 0.970857 -0.192478  0.769664 0.832682 1 0 1.000000
portal_cleanser_Glass
0  -3.876606 -0.122053 -61.475883  0.708703 -0.213347 -0.672475  0.758913 0.826211 1 0 1.000000
0  -4.043931 -0.345091 -61.310490  0.185206 -0.967687 -0.171113  0.758913 0.822479 1 0 1.000000
0  -4.728282 -0.348791 -61.974033  0.163063 -0.969998 -0.180315  0.764289 0.822479 1 0 1.000000
portal_cleanser_Glass
0  4.488033 -0.122086 -43.891685  0.940219 -0.215201 -0.263962  0.649230 0.826211 1 0 1.000000
0  4.262166 -0.343089 -43.829575  0.236741 -0.969300 -0.066417  0.649230 0.822479 1 0 1.000000
0  3.748722 -0.343078 -45.603958  0.235635 -0.969290 -0.070382  0.659596 0.822479 1 0 1.000000
portal_cleanser_Glass
0  0.734585 -0.121079 54.372959  0.883053 -0.216709 0.416238  0.090052 0.826211 1 0 1.000000
0  0.734585 0.121059 54.372955  0.883075 0.216604 0.416247  0.090052 0.828951 1 0 1.000000
0  -0.099693 0.119155 56.052174  0.862014 0.217029 0.458072  0.079590 0.828951 1 0 1.000000
portal_cleanser_Glass
0  7.678455 4.723801 16.673397  0.724768 0.593732 0.349562  0.813591 0.799371 1 0 1.000000
0  8.076122 4.214357 16.672909  0.758541 0.548456 0.351869  0.813591 0.791100 1 0 1.000000
0  8.107288 4.238578 16.143581  0.791538 0.573815 -0.210248  0.817059 0.791100 1 0 1.000000
portal_cleanser_Glass
0  9.665314 0.122092 -5.534315  0.976208 0.215469 -0.024310  0.431843 0.828951 1 0 1.000000
0  9.611892 0.122056 -7.377794  0.976119 0.214799 -0.032464  0.442182 0.828951 1 0 1.000000
0  9.378420 0.343161 -7.370288  0.245393 0.969389 -0.008153  0.442182 0.832682 1 0 1.000000
portal_cleanser_Glass
0  9.220326 0.343164 -11.055547  0.245164 0.969392 -0.013186  0.462878 0.832682 1 0 1.000000
0  9.453910 0.122091 -11.067787  0.975227 0.214922 -0.052354  0.462878 0.828951 1 0 1.000000
0  9.344521 0.122096 -12.915237  0.974510 0.215262 -0.063183  0.473243 0.828951 1 0 1.000000
portal_cleanser_Glass
0  5.471977 -6.900716 9.508785  0.304501 -0.455687 0.836438  0.762745 0.070665 1 0 1.000000
0  5.260903 -6.559551 9.595502  -0.019480 -0.037972 0.999089  0.763570 0.076501 1 0 1.000000
0  5.162332 -6.632552 9.549942  -0.623590 -0.414503 0.662814  0.762713 0.076501 1 0 1.000000
portal_cleanser_Glass
0  3.418366 0.383284 -45.506863  0.111115 0.993253 -0.033205  0.659596 0.836569 1 0 1.000000
0  3.748721 0.343084 -45.603973  0.235617 0.969293 -0.070400  0.659596 0.832682 1 0 1.000000
0  3.205055 0.343073 -47.369034  0.234662 0.969149 -0.075396  0.669961 0.832682 1 0 1.000000
portal_cleanser_Glass
0  6.385997 0.383289 -32.972988  0.114019 0.993261 -0.020815  0.587078 0.836569 1 0 1.000000
0  6.724775 0.343100 -33.035202  0.241817 0.969319 -0.044101  0.587078 0.832682 1 0 1.000000
0  6.380140 0.343109 -34.849163  0.241153 0.969326 -0.047452  0.597439 0.832682 1 0 1.000000
portal_cleanser_Glass
0  7.982006 -0.383304 22.049517  0.114921 -0.993294 0.012641  0.276670 0.818592 1 0 1.000000
0  8.324668 -0.343199 22.085661  0.244242 -0.969343 0.026826  0.276670 0.822479 1 0 1.000000
0  8.111075 -0.343213 23.921356  0.243853 -0.969349 0.029969  0.266298 0.822479 1 0 1.000000
portal_cleanser_Glass
0  7.274582 -0.383306 27.526937  0.114475 -0.993283 0.016858  0.245601 0.818592 1 0 1.000000
0  7.614988 -0.343232 27.576559  0.242963 -0.969376 0.035756  0.245601 0.822479 1 0 1.000000
0  7.336318 -0.343236 29.399450  0.242589 -0.969366 0.038478  0.235255 0.822479 1 0 1.000000
portal_cleanser_Glass
0  9.382467 0.343182 7.375841  0.245128 0.969457 0.008083  0.359434 0.832682 1 0 1.000000
0  9.038499 0.383294 7.364408  0.115704 0.993276 0.003810  0.359434 0.836568 1 0 1.000000
0  8.973229 0.383293 9.203767  0.115623 0.993283 0.004519  0.349103 0.836568 1 0 1.000000
portal_cleanser_Glass
0  8.894562 -0.383298 11.043664  0.115670 -0.993268 0.006187  0.338727 0.818592 1 0 1.000000
0  9.237877 -0.343193 11.063380  0.245882 -0.969210 0.013205  0.338727 0.822479 1 0 1.000000
0  9.119380 -0.343202 12.905782  0.244741 -0.969442 0.016871  0.328367 0.822479 1 0 1.000000
portal_cleanser_Glass
0  8.557552 0.122032 -22.106476  0.970687 0.215394 -0.106640  0.524951 0.828951 1 0 1.000000
0  8.343843 0.122114 -23.945486  0.969286 0.215430 -0.118638  0.535318 0.828951 1 0 1.000000
0  8.112040 0.343118 -23.916704  0.243864 0.969363 -0.029416  0.535318 0.832682 1 0 1.000000
portal_cleanser_Glass
0  8.985206 -0.343206 14.742076  0.244331 -0.969519 0.018318  0.318039 0.822479 1 0 1.000000
0  9.217865 -0.122046 14.759449  0.973928 -0.214838 0.072860  0.318039 0.826211 1 0 1.000000
0  9.077447 -0.122159 16.598078  0.973324 -0.215628 0.078386  0.307702 0.826211 1 0 1.000000
portal_cleanser_Glass
0  -1.042977 0.120252 -57.675850  0.832535 0.217293 -0.509578  0.732512 0.828951 1 0 1.000000
0  -1.042977 -0.120232 -57.675858  0.832559 -0.217197 -0.509580  0.732512 0.826211 1 0 1.000000
0  -2.077372 -0.118094 -59.253574  0.794032 -0.216821 -0.567893  0.743021 0.826211 1 0 1.000000
portal_cleanser_Glass
0  9.038499 -0.383297 7.364408  0.115703 -0.993277 0.003804  0.359434 0.818592 1 0 1.000000
0  9.382466 -0.343185 7.375840  0.245113 -0.969461 0.008051  0.359434 0.822479 1 0 1.000000
0  9.317468 -0.343166 9.216352  0.245398 -0.969374 0.009644  0.349103 0.822479 1 0 1.000000
portal_cleanser_Glass
0  6.703756 0.383288 -31.159653  0.114387 0.993247 -0.019403  0.576723 0.836569 1 0 1.000000
0  7.042698 0.343123 -31.217398  0.242130 0.969372 -0.041127  0.576723 0.832682 1 0 1.000000
0  6.724775 0.343100 -33.035202  0.241817 0.969319 -0.044101  0.587078 0.832682 1 0 1.000000
portal_cleanser_Glass
0  -2.077373 0.118103 -59.253574  0.794015 0.216792 -0.567927  0.743021 0.828951 1 0 1.000000
0  -2.077372 -0.118094 -59.253574  0.794032 -0.216821 -0.567893  0.743021 0.826211 1 0 1.000000
0  -3.245210 -0.117357 -60.754635  0.758830 -0.216045 -0.614412  0.753594 0.826211 1 0 1.000000
portal_cleanser_Glass
0  -6.145522 -0.125796 63.354389  0.489836 -0.209332 0.846310  0.026455 0.826211 1 0 1.000000
0  -6.145524 0.125767 63.354389  0.489857 0.209344 0.846295  0.026455 0.828951 1 0 1.000000
0  -7.045889 0.124644 63.789474  0.355384 0.208526 0.911163  0.020975 0.828951 1 0 1.000000
portal_cleanser_Glass
0  9.077447 -0.122159 16.598078  0.973324 -0.215628 0.078386  0.307702 0.826211 1 0 1.000000
0  9.077449 0.122148 16.598066  0.973333 0.215610 0.078331  0.307702 0.828951 1 0 1.000000
0  8.921741 0.122045 18.436590  0.972698 0.214986 0.087409  0.297360 0.828951 1 0 1.000000
portal_cleanser_Glass
0  6.240803 -0.122162 -36.707500  0.955136 -0.217386 -0.201146  0.607800 0.826211 1 0 1.000000
0  6.011384 -0.343103 -36.658180  0.240570 -0.969326 -0.050322  0.607800 0.822479 1 0 1.000000
0  5.619074 -0.343092 -38.463257  0.239980 -0.969298 -0.053585  0.618166 0.822479 1 0 1.000000
portal_cleanser_Glass
0  5.847698 0.122208 -38.516552  0.952111 0.217517 -0.214874  0.618166 0.828951 1 0 1.000000
0  5.847698 -0.122202 -38.516548  0.952101 -0.217582 -0.214853  0.618166 0.826211 1 0 1.000000
0  5.428201 -0.122200 -40.308731  0.948299 -0.217729 -0.230917  0.628489 0.826211 1 0 1.000000
portal_cleanser_Glass
0  8.918778 0.122053 -18.432650  0.972636 0.215787 -0.086114  0.504262 0.828951 1 0 1.000000
0  8.918778 -0.122051 -18.432653  0.972633 -0.215786 -0.086150  0.504262 0.826211 1 0 1.000000
0  8.747584 -0.122188 -20.271233  0.971684 -0.216112 -0.095534  0.514610 0.826211 1 0 1.000000
portal_cleanser_Glass
0  9.729717 0.122110 -1.844726  0.976386 0.215798 -0.010045  0.411160 0.828951 1 0 1.000000
0  9.729718 -0.122112 -1.844724  0.976405 -0.215715 -0.010029  0.411160 0.826211 1 0 1.000000
0  9.703938 -0.122109 -3.687718  0.976231 -0.216064 -0.017036  0.421494 0.826211 1 0 1.000000
portal_cleanser_Glass
0  6.240804 0.122169 -36.707500  0.955139 0.217380 -0.201135  0.607800 0.828951 1 0 1.000000
0  6.240803 -0.122162 -36.707500  0.955136 -0.217386 -0.201146  0.607800 0.826211 1 0 1.000000
0  5.847698 -0.122202 -38.516548  0.952101 -0.217582 -0.214853  0.618166 0.826211 1 0 1.000000
portal_cleanser_Glass
0  7.572218 0.122041 -29.435528  0.964611 0.214905 -0.152778  0.566380 0.828951 1 0 1.000000
0  7.572216 -0.122037 -29.435537  0.964615 -0.214881 -0.152791  0.566380 0.826211 1 0 1.000000
0  7.273433 -0.122132 -31.256668  0.962757 -0.215512 -0.163257  0.576723 0.826211 1 0 1.000000
portal_cleanser_Glass
0  9.214768 0.122110 -14.754660  0.973805 0.215729 -0.071868  0.483580 0.828951 1 0 1.000000
0  9.214768 -0.122108 -14.754656  0.973805 -0.215722 -0.071894  0.483580 0.826211 1 0 1.000000
0  9.073212 -0.122123 -16.592541  0.973318 -0.215684 -0.078307  0.493914 0.826211 1 0 1.000000
portal_cleanser_Glass
0  4.972844 -0.122204 42.108810  0.944319 -0.216476 0.247791  0.162759 0.826211 1 0 1.000000
0  4.972846 0.122187 42.108803  0.944329 0.216431 0.247791  0.162759 0.828951 1 0 1.000000
0  4.486731 0.122077 43.896408  0.940188 0.215240 0.264041  0.152388 0.828951 1 0 1.000000
portal_cleanser_Glass
0  9.471292 -0.122088 11.076744  0.975199 -0.215039 0.052387  0.338727 0.826211 1 0 1.000000
0  9.471292 0.122080 11.076740  0.975207 0.214987 0.052459  0.338727 0.828951 1 0 1.000000
0  9.352326 0.121993 12.922599  0.974531 0.214001 0.067036  0.328367 0.828951 1 0 1.000000
portal_cleanser_Glass
0  5.428201 0.122207 -40.308735  0.948307 0.217679 -0.230934  0.628489 0.828951 1 0 1.000000
0  5.428201 -0.122200 -40.308731  0.948299 -0.217729 -0.230917  0.628489 0.826211 1 0 1.000000
0  4.974051 -0.122194 -42.104069  0.944229 -0.216994 -0.247681  0.638858 0.826211 1 0 1.000000
portal_cleanser_Glass
0  8.747584 0.122192 -20.271240  0.971681 0.216120 -0.095542  0.514610 0.828951 1 0 1.000000
0  8.747584 -0.122188 -20.271233  0.971684 -0.216112 -0.095534  0.514610 0.826211 1 0 1.000000
0  8.557553 -0.122031 -22.106485  0.970690 -0.215391 -0.106618  0.524951 0.826211 1 0 1.000000
portal_cleanser_Glass
0  3.427215 -0.122183 47.443550  0.930116 -0.215241 0.297581  0.131656 0.826211 1 0 1.000000
0  3.427217 0.122166 47.443554  0.930112 0.215230 0.297603  0.131656 0.828951 1 0 1.000000
0  2.837758 0.122060 49.216991  0.921533 0.214813 0.323469  0.121218 0.828951 1 0 1.000000
portal_cleanser_Glass
0  8.921741 -0.122055 18.436592  0.972697 -0.214986 0.087410  0.297360 0.826211 1 0 1.000000
0  8.921741 0.122045 18.436590  0.972698 0.214986 0.087409  0.297360 0.828951 1 0 1.000000
0  8.746716 0.122062 20.275541  0.971820 0.215066 0.096497  0.287009 0.828951 1 0 1.000000
portal_cleanser_Glass
0  4.486732 -0.122098 43.896404  0.940191 -0.215204 0.264060  0.152388 0.826211 1 0 1.000000
0  4.486731 0.122077 43.896408  0.940188 0.215240 0.264041  0.152388 0.828951 1 0 1.000000
0  3.971137 0.122032 45.674431  0.935809 0.214735 0.279554  0.142021 0.828951 1 0 1.000000
portal_cleanser_Glass
0  6.947234 -0.122134 33.082390  0.960676 -0.216213 0.174220  0.214534 0.826211 1 0 1.000000
0  6.947233 0.122125 33.082390  0.960676 0.216179 0.174262  0.214534 0.828951 1 0 1.000000
0  6.607086 0.122127 34.899307  0.958558 0.215578 0.186258  0.204179 0.828951 1 0 1.000000
portal_cleanser_Glass
0  6.954735 0.122120 -33.077377  0.960502 0.216286 -0.175091  0.587078 0.828951 1 0 1.000000
0  6.954735 -0.122117 -33.077381  0.960493 -0.216286 -0.175136  0.587078 0.826211 1 0 1.000000
0  6.610326 -0.122195 -34.895073  0.957808 -0.217035 -0.188413  0.597439 0.826211 1 0 1.000000
portal_cleanser_Glass
0  9.087708 0.383290 -5.519249  0.115882 0.993259 -0.002868  0.431843 0.836568 1 0 1.000000
0  9.431406 0.343164 -5.528234  0.245379 0.969408 -0.006080  0.431843 0.832682 1 0 1.000000
0  9.378420 0.343161 -7.370288  0.245393 0.969389 -0.008153  0.442182 0.832682 1 0 1.000000
portal_cleanser_Glass
0  -2.073517 -0.116390 59.264702  0.794029 -0.216138 0.568156  0.058572 0.826211 1 0 1.000000
0  -2.073519 0.116366 59.264702  0.794024 0.216158 0.568156  0.058572 0.828951 1 0 1.000000
0  -2.955437 0.118101 60.383564  0.753535 0.216913 0.620591  0.050653 0.828951 1 0 1.000000
portal_cleanser_Glass
0  -5.317718 -0.126653 62.789089  0.598995 -0.211438 0.772333  0.031949 0.826211 1 0 1.000000
0  -5.317719 0.126625 62.789089  0.599033 0.211435 0.772305  0.031949 0.828951 1 0 1.000000
0  -6.145524 0.125767 63.354389  0.489857 0.209344 0.846295  0.026455 0.828951 1 0 1.000000
portal_cleanser_Glass
0  9.119375 0.343197 12.905786  0.244783 0.969432 0.016800  0.328367 0.832682 1 0 1.000000
0  8.776172 0.383294 12.880931  0.115477 0.993278 0.007939  0.328367 0.836568 1 0 1.000000
0  8.641743 0.383296 14.716483  0.115318 0.993291 0.008636  0.318039 0.836568 1 0 1.000000
portal_cleanser_Glass
0  2.185232 0.122114 -50.954861  0.909859 0.214411 -0.355226  0.690805 0.828951 1 0 1.000000
0  2.185234 -0.122096 -50.954853  0.909832 -0.214407 -0.355296  0.690805 0.826211 1 0 1.000000
0  1.481822 -0.121850 -52.674812  0.897807 -0.214229 -0.384772  0.701200 0.826211 1 0 1.000000
portal_cleanser_Glass
0  9.073211 0.122127 -16.592545  0.973325 0.215651 -0.078313  0.493914 0.828951 1 0 1.000000
0  9.073212 -0.122123 -16.592541  0.973318 -0.215684 -0.078307  0.493914 0.826211 1 0 1.000000
0  8.918778 -0.122051 -18.432653  0.972633 -0.215786 -0.086150  0.504262 0.826211 1 0 1.000000
portal_cleanser_Glass
0  6.607083 -0.122140 34.899315  0.958552 -0.215605 0.186259  0.204179 0.826211 1 0 1.000000
0  6.607086 0.122127 34.899307  0.958558 0.215578 0.186258  0.204179 0.828951 1 0 1.000000
0  6.241488 0.122014 36.713322  0.955920 0.214779 0.200216  0.193815 0.828951 1 0 1.000000
portal_cleanser_Glass
0  9.741793 0.122039 0.000615  0.976651 0.214831 -0.000883  0.400817 0.828951 1 0 1.000000
0  9.741792 -0.122042 0.000608  0.976647 -0.214847 -0.000962  0.400817 0.826211 1 0 1.000000
0  9.729718 -0.122112 -1.844724  0.976405 -0.215715 -0.010029  0.411160 0.826211 1 0 1.000000
portal_cleanser_Glass
0  9.615873 -0.122055 7.383587  0.975882 -0.215931 0.032074  0.359434 0.826211 1 0 1.000000
0  9.615873 0.122057 7.383599  0.975866 0.215990 0.032135  0.359434 0.828951 1 0 1.000000
0  9.551211 0.122153 9.224947  0.975630 0.216062 0.038239  0.349103 0.828951 1 0 1.000000
portal_cleanser_Glass
0  8.343843 0.122114 -23.945486  0.969286 0.215430 -0.118638  0.535318 0.828951 1 0 1.000000
0  8.343843 -0.122112 -23.945486  0.969308 -0.215336 -0.118629  0.535318 0.826211 1 0 1.000000
0  8.108492 -0.122116 -25.776941  0.967718 -0.215877 -0.130074  0.545666 0.826211 1 0 1.000000
portal_cleanser_Glass
0  8.342740 -0.122075 23.950317  0.969307 -0.215000 0.119244  0.266298 0.826211 1 0 1.000000
0  8.342741 0.122060 23.950327  0.969322 0.214930 0.119249  0.266298 0.828951 1 0 1.000000
0  8.105145 0.122022 25.782059  0.967917 0.214200 0.131359  0.255949 0.828951 1 0 1.000000
portal_cleanser_Glass
0  9.733037 -0.122050 1.847393  0.976610 -0.214857 0.008302  0.390469 0.826211 1 0 1.000000
0  9.733038 0.122049 1.847395  0.976612 0.214845 0.008370  0.390469 0.828951 1 0 1.000000
0  9.710215 0.122095 3.693071  0.976323 0.215721 0.016036  0.380124 0.828951 1 0 1.000000
portal_cleanser_Glass
0  9.665314 0.122092 -5.534315  0.976208 0.215469 -0.024310  0.431843 0.828951 1 0 1.000000
0  9.665315 -0.122090 -5.534314  0.976213 -0.215443 -0.024355  0.431843 0.826211 1 0 1.000000
0  9.611891 -0.122055 -7.377800  0.976118 -0.214803 -0.032455  0.442182 0.826211 1 0 1.000000
portal_cleanser_Glass
0  8.557552 0.122032 -22.106476  0.970687 0.215394 -0.106640  0.524951 0.828951 1 0 1.000000
0  8.557553 -0.122031 -22.106485  0.970690 -0.215391 -0.106618  0.524951 0.826211 1 0 1.000000
0  8.343843 -0.122112 -23.945486  0.969308 -0.215336 -0.118629  0.535318 0.826211 1 0 1.000000
portal_cleanser_Glass
0  -0.116955 0.120359 -56.050724  0.861172 0.216724 -0.459797  0.722068 0.828951 1 0 1.000000
0  -0.116953 -0.120351 -56.050716  0.861127 -0.216711 -0.459888  0.722068 0.826211 1 0 1.000000
0  -1.042977 -0.120232 -57.675858  0.832559 -0.217197 -0.509580  0.732512 0.826211 1 0 1.000000
portal_cleanser_Glass
0  2.193227 -0.122132 50.959114  0.910078 -0.214912 0.354360  0.110826 0.826211 1 0 1.000000
0  2.193230 0.122113 50.959103  0.910089 0.214861 0.354363  0.110826 0.828951 1 0 1.000000
0  1.490215 0.121995 52.678261  0.897921 0.215632 0.383719  0.100436 0.828951 1 0 1.000000
portal_cleanser_Glass
0  4.488033 0.122097 -43.891682  0.940211 0.215229 -0.263971  0.649230 0.828951 1 0 1.000000
0  4.488033 -0.122086 -43.891685  0.940219 -0.215201 -0.263962  0.649230 0.826211 1 0 1.000000
0  3.972524 -0.122039 -45.669735  0.935812 -0.214763 -0.279523  0.659596 0.826211 1 0 1.000000
portal_cleanser_Glass
0  9.217865 -0.122046 14.759449  0.973928 -0.214838 0.072860  0.318039 0.826211 1 0 1.000000
0  9.217863 0.122039 14.759450  0.973943 0.214765 0.072880  0.318039 0.828951 1 0 1.000000
0  9.077449 0.122148 16.598066  0.973333 0.215610 0.078331  0.307702 0.828951 1 0 1.000000
portal_cleanser_Glass
0  7.036801 0.343226 31.219242  0.242190 0.969353 0.041219  0.224907 0.832682 1 0 1.000000
0  6.697567 0.383296 31.163044  0.114105 0.993279 0.019426  0.224907 0.836568 1 0 1.000000
0  6.378544 0.383299 32.976627  0.113715 0.993299 0.020626  0.214534 0.836568 1 0 1.000000
portal_cleanser_Glass
0  9.470363 -0.343135 -3.684042  0.245408 -0.969410 -0.004323  0.421494 0.822479 1 0 1.000000
0  9.125841 -0.383291 -3.678684  0.115742 -0.993277 -0.002008  0.421494 0.818592 1 0 1.000000
0  9.087708 -0.383290 -5.519249  0.115876 -0.993260 -0.002888  0.431843 0.818592 1 0 1.000000
portal_cleanser_Glass
0  -3.245199 0.117370 -60.754620  0.758882 0.216322 -0.614250  0.753594 0.828951 1 0 1.000000
0  -3.245210 -0.117357 -60.754635  0.758830 -0.216045 -0.614412  0.753594 0.826211 1 0 1.000000
0  -3.876606 -0.122053 -61.475883  0.708703 -0.213347 -0.672475  0.758913 0.826211 1 0 1.000000
portal_cleanser_Glass
0  9.551211 0.122153 9.224947  0.975630 0.216062 0.038239  0.349103 0.828951 1 0 1.000000
0  9.317469 0.343166 9.216361  0.245395 0.969375 0.009624  0.349103 0.832682 1 0 1.000000
0  9.237880 0.343188 11.063385  0.245921 0.969210 0.012483  0.338727 0.832682 1 0 1.000000
portal_cleanser_Glass
0  9.611892 0.122056 -7.377794  0.976119 0.214799 -0.032464  0.442182 0.828951 1 0 1.000000
0  9.542573 0.122067 -9.224607  0.975786 0.214700 -0.041782  0.452536 0.828951 1 0 1.000000
0  9.309039 0.343178 -9.214272  0.245316 0.969390 -0.010161  0.452536 0.832682 1 0 1.000000
portal_cleanser_Glass
0  3.428671 -0.122165 -47.438938  0.929709 -0.215535 -0.298640  0.669961 0.826211 1 0 1.000000
0  3.205057 -0.343064 -47.369038  0.234670 -0.969145 -0.075420  0.669961 0.822479 1 0 1.000000
0  2.617810 -0.343051 -49.122959  0.232284 -0.968943 -0.084810  0.680344 0.822479 1 0 1.000000
portal_cleanser_Glass
0  2.875194 -0.383322 47.271214  0.110089 -0.993298 0.035206  0.131656 0.818592 1 0 1.000000
0  3.203547 -0.343295 47.373657  0.234574 -0.969197 0.075049  0.131656 0.822479 1 0 1.000000
0  2.618266 -0.343323 49.137505  0.233015 -0.969032 0.081742  0.121218 0.822479 1 0 1.000000
portal_cleanser_Glass
0  6.380140 -0.343102 -34.849163  0.241148 -0.969326 -0.047494  0.597439 0.822479 1 0 1.000000
0  6.043026 -0.383280 -34.781796  0.113885 -0.993241 -0.022421  0.597439 0.818592 1 0 1.000000
0  5.675261 -0.383278 -36.585735  0.113565 -0.993243 -0.023909  0.607800 0.818592 1 0 1.000000
portal_cleanser_Glass
0  9.217863 0.122039 14.759450  0.973943 0.214765 0.072880  0.318039 0.828951 1 0 1.000000
0  8.985203 0.343201 14.742068  0.244350 0.969515 0.018277  0.318039 0.832682 1 0 1.000000
0  8.844377 0.343195 16.579313  0.244565 0.969433 0.019710  0.307702 0.832682 1 0 1.000000
portal_cleanser_Glass
0  7.769243 -0.383306 23.878611  0.114743 -0.993295 0.014108  0.266298 0.818592 1 0 1.000000
0  8.111075 -0.343213 23.921356  0.243853 -0.969349 0.029969  0.266298 0.822479 1 0 1.000000
0  7.873819 -0.343226 25.750622  0.243323 -0.969383 0.033013  0.255949 0.822479 1 0 1.000000
portal_cleanser_Glass
0  -7.128915 0.349659 63.567673  0.091451 0.969418 0.227738  0.020975 0.832682 1 0 1.000000
0  -6.257493 0.349320 63.144779  0.121785 0.970054 0.210150  0.026455 0.832682 1 0 1.000000
0  -6.420074 0.384368 62.838894  0.050606 0.994932 0.086889  0.026455 0.836568 1 0 1.000000
portal_cleanser_Glass
0  -8.130919 0.383552 -63.511105  0.025399 0.993321 -0.112556  0.786039 0.836569 1 0 1.000000
0  -7.258492 0.383734 -63.225395  0.040915 0.993787 -0.103507  0.780603 0.836569 1 0 1.000000
0  -7.134856 0.345037 -63.546688  0.092608 0.968547 -0.230956  0.780603 0.832682 1 0 1.000000
portal_cleanser_Glass
0  2.618267 0.343304 49.137505  0.233066 0.969017 0.081768  0.121218 0.832682 1 0 1.000000
0  2.294461 0.383311 49.019913  0.108877 0.993322 0.038175  0.121218 0.836568 1 0 1.000000
0  1.655324 0.383325 50.746880  0.107365 0.993342 0.041776  0.110826 0.836568 1 0 1.000000
portal_cleanser_Glass
0  1.481825 0.121858 -52.674805  0.897817 0.214235 -0.384744  0.701200 0.828951 1 0 1.000000
0  1.481822 -0.121850 -52.674812  0.897807 -0.214229 -0.384772  0.701200 0.826211 1 0 1.000000
0  0.721993 -0.121286 -54.369476  0.882524 -0.215410 -0.418031  0.711589 0.826211 1 0 1.000000
portal_cleanser_Glass
0  7.042699 -0.343118 -31.217398  0.242126 -0.969373 -0.041115  0.576723 0.822479 1 0 1.000000
0  6.703757 -0.383282 -31.159647  0.114382 -0.993247 -0.019423  0.576723 0.818592 1 0 1.000000
0  6.385997 -0.383283 -32.972980  0.114020 -0.993261 -0.020788  0.587078 0.818592 1 0 1.000000
portal_cleanser_Glass
0  9.317469 0.343166 9.216361  0.245395 0.969375 0.009624  0.349103 0.832682 1 0 1.000000
0  8.973229 0.383293 9.203767  0.115623 0.993283 0.004519  0.349103 0.836568 1 0 1.000000
0  8.894561 0.383293 11.043664  0.115664 0.993269 0.006207  0.338727 0.836568 1 0 1.000000
portal_cleanser_Glass
0  7.336316 0.343225 29.399458  0.242559 0.969372 0.038508  0.235255 0.832682 1 0 1.000000
0  6.996392 0.383296 29.346613  0.114272 0.993284 0.018134  0.235255 0.836568 1 0 1.000000
0  6.697567 0.383296 31.163044  0.114105 0.993279 0.019426  0.224907 0.836568 1 0 1.000000
portal_cleanser_Glass
0  -6.145845 0.124875 -63.323399  0.490165 0.209296 -0.846129  0.775089 0.828951 1 0 1.000000
0  -6.145832 -0.124877 -63.323387  0.490566 -0.209089 -0.845947  0.775089 0.826211 1 0 1.000000
0  -7.050734 -0.124141 -63.766472  0.367806 -0.210407 -0.905786  0.780603 0.826211 1 0 1.000000
portal_cleanser_Glass
0  9.499458 0.343145 1.845702  0.245430 0.969411 0.002396  0.390469 0.832682 1 0 1.000000
0  9.476520 0.343153 3.689364  0.245413 0.969410 0.004053  0.380124 0.832682 1 0 1.000000
0  9.710215 0.122095 3.693071  0.976323 0.215721 0.016036  0.380124 0.828951 1 0 1.000000
portal_cleanser_Glass
0  -8.130919 0.383552 -63.511105  0.025399 0.993321 -0.112556  0.786039 0.836569 1 0 1.000000
0  -8.048609 0.343524 -63.845547  0.057076 0.967383 -0.246803  0.786039 0.832682 1 0 1.000000
0  -9.007361 0.342250 -63.990440  0.024935 0.966990 -0.253590  0.791521 0.832682 1 0 1.000000
portal_cleanser_Glass
0  -6.427274 0.384116 -62.815350  0.051925 0.994315 -0.092957  0.775089 0.836569 1 0 1.000000
0  -6.260239 0.347178 -63.117031  0.121941 0.969406 -0.213032  0.775089 0.832682 1 0 1.000000
0  -7.134856 0.345037 -63.546688  0.092608 0.968547 -0.230956  0.780603 0.832682 1 0 1.000000
portal_cleanser_Glass
0  1.649208 0.383276 -50.739658  0.108262 0.993223 -0.042272  0.690805 0.836569 1 0 1.000000
0  1.968268 0.343044 -50.867893  0.230582 0.968950 -0.089265  0.690805 0.832682 1 0 1.000000
0  1.267988 0.342946 -52.581734  0.227769 0.968795 -0.097766  0.701200 0.832682 1 0 1.000000
portal_cleanser_Glass
0  3.205057 -0.343064 -47.369038  0.234670 -0.969145 -0.075420  0.669961 0.822479 1 0 1.000000
0  2.876781 -0.383274 -47.266506  0.110550 -0.993235 -0.035538  0.669961 0.818592 1 0 1.000000
0  2.292185 -0.383271 -49.012463  0.109534 -0.993228 -0.038734  0.680344 0.818592 1 0 1.000000
portal_cleanser_Glass
0  3.929161 -0.383319 43.743149  0.111288 -0.993297 0.031231  0.152388 0.818592 1 0 1.000000
0  4.260836 -0.343291 43.834259  0.236567 -0.969320 0.066749  0.152388 0.822479 1 0 1.000000
0  3.747301 -0.343293 45.608624  0.235577 -0.969301 0.070417  0.142021 0.822479 1 0 1.000000
portal_cleanser_Glass
0  5.620018 0.343258 38.468910  0.239693 0.969329 0.054303  0.183448 0.832682 1 0 1.000000
0  5.285227 0.383300 38.390274  0.112792 0.993290 0.025549  0.183448 0.836568 1 0 1.000000
0  4.863774 0.383299 40.181564  0.112351 0.993290 0.027435  0.173125 0.836568 1 0 1.000000
portal_cleanser_Glass
0  7.620521 -0.343112 -27.572073  0.243055 -0.969359 -0.035615  0.556012 0.822479 1 0 1.000000
0  7.279493 -0.383285 -27.522957  0.114590 -0.993271 -0.016780  0.556012 0.818592 1 0 1.000000
0  7.002055 -0.383284 -29.343239  0.114479 -0.993260 -0.018131  0.566380 0.818592 1 0 1.000000
portal_cleanser_Glass
0  9.476520 0.343153 3.689364  0.245413 0.969410 0.004053  0.380124 0.832682 1 0 1.000000
0  9.132131 0.383290 3.683945  0.115742 0.993277 0.001907  0.380124 0.836568 1 0 1.000000
0  9.094361 0.383291 5.524439  0.115713 0.993278 0.002943  0.369777 0.836568 1 0 1.000000
portal_cleanser_Glass
0  8.112040 0.343118 -23.916704  0.243864 0.969363 -0.029416  0.535318 0.832682 1 0 1.000000
0  8.343843 0.122114 -23.945486  0.969286 0.215430 -0.118638  0.535318 0.828951 1 0 1.000000
0  8.108492 0.122121 -25.776939  0.967709 0.215881 -0.130131  0.545666 0.828951 1 0 1.000000
portal_cleanser_Glass
0  3.748722 -0.343078 -45.603958  0.235635 -0.969290 -0.070382  0.659596 0.822479 1 0 1.000000
0  3.418368 -0.383276 -45.506855  0.111115 -0.993253 -0.033181  0.659596 0.818592 1 0 1.000000
0  2.876781 -0.383274 -47.266506  0.110550 -0.993235 -0.035538  0.669961 0.818592 1 0 1.000000
portal_cleanser_Glass
0  9.438697 0.343151 5.533195  0.245469 0.969384 0.006237  0.369777 0.832682 1 0 1.000000
0  9.094361 0.383291 5.524439  0.115713 0.993278 0.002943  0.369777 0.836568 1 0 1.000000
0  9.038499 0.383294 7.364408  0.115704 0.993276 0.003810  0.359434 0.836568 1 0 1.000000
portal_cleanser_Glass
0  -2.955436 -0.118128 60.383564  0.753514 -0.216938 0.620609  0.050653 0.826211 1 0 1.000000
0  -2.955437 0.118101 60.383564  0.753535 0.216913 0.620591  0.050653 0.828951 1 0 1.000000
0  -3.743312 0.121747 61.291458  0.721987 0.215629 0.657449  0.043987 0.828951 1 0 1.000000
portal_cleanser_Glass
0  0.958517 -0.383352 52.451302  0.106533 -0.993262 0.045623  0.100436 0.818592 1 0 1.000000
0  1.275483 -0.343170 52.586559  0.227755 -0.968840 0.097352  0.100436 0.822479 1 0 1.000000
0  0.522371 -0.342726 54.275894  0.227219 -0.967882 0.107593  0.090052 0.822479 1 0 1.000000
portal_cleanser_Glass
0  7.535498 0.383290 -25.699965  0.114781 0.993271 -0.015434  0.545666 0.836568 1 0 1.000000
0  7.876985 0.343115 -25.745871  0.243447 0.969361 -0.032746  0.545666 0.832682 1 0 1.000000
0  7.620521 0.343113 -27.572060  0.243069 0.969356 -0.035578  0.556012 0.832682 1 0 1.000000
portal_cleanser_Glass
0  9.163952 -0.383288 0.002450  0.115823 -0.993270 -0.000114  0.400817 0.818592 1 0 1.000000
0  9.508369 -0.343128 0.001322  0.245616 -0.969367 0.000227  0.400817 0.822479 1 0 1.000000
0  9.499459 -0.343147 1.845707  0.245413 -0.969416 0.002154  0.390469 0.822479 1 0 1.000000
portal_cleanser_Glass
0  3.747302 0.343278 45.608624  0.235553 0.969311 0.070367  0.142021 0.832682 1 0 1.000000
0  3.416873 0.383303 45.511593  0.110628 0.993313 0.033038  0.142021 0.836568 1 0 1.000000
0  2.875194 0.383303 47.271214  0.110082 0.993298 0.035233  0.131656 0.836568 1 0 1.000000
portal_cleanser_Glass
0  4.864943 0.383284 -40.176674  0.112818 0.993236 -0.027475  0.628489 0.836569 1 0 1.000000
0  5.199660 0.343095 -40.255100  0.238646 0.969259 -0.059875  0.628489 0.832682 1 0 1.000000
0  4.746650 0.343092 -42.046257  0.237999 0.969258 -0.062412  0.638858 0.832682 1 0 1.000000
portal_cleanser_Glass
0  -8.981277 0.121581 -64.222359  0.100317 0.212609 -0.971974  0.791521 0.828951 1 0 1.000000
0  -8.981280 -0.121588 -64.222351  0.099807 -0.212648 -0.972018  0.791521 0.826211 1 0 1.000000
0  -9.974914 -0.119254 -64.278450  0.054123 -0.212052 -0.975759  0.796999 0.826211 1 0 1.000000
portal_cleanser_Glass
0  8.638314 0.383293 -14.711601  0.115442 0.993278 -0.008530  0.483580 0.836568 1 0 1.000000
0  8.981878 0.343146 -14.737297  0.244594 0.969459 -0.017998  0.483580 0.832682 1 0 1.000000
0  8.839944 0.343149 -16.574034  0.244473 0.969455 -0.019720  0.493914 0.832682 1 0 1.000000
portal_cleanser_Glass
0  -0.099695 -0.119189 56.052174  0.861999 -0.217023 0.458104  0.079590 0.826211 1 0 1.000000
0  -0.099693 0.119155 56.052174  0.862014 0.217029 0.458072  0.079590 0.828951 1 0 1.000000
0  -1.027812 0.117804 57.689182  0.831867 0.216419 0.511038  0.069099 0.828951 1 0 1.000000
portal_cleanser_Glass
0  -4.950570 0.385036 -61.709660  0.071489 0.994414 -0.077650  0.764289 0.836569 1 0 1.000000
0  -4.287682 0.384601 -61.065910  0.085000 0.993408 -0.076908  0.758913 0.836569 1 0 1.000000
0  -4.043959 0.345105 -61.310501  0.185729 0.967709 -0.170424  0.758913 0.832682 1 0 1.000000
portal_cleanser_Glass
0  9.151583 0.383288 -1.838267  0.115749 0.993278 -0.001196  0.411160 0.836568 1 0 1.000000
0  9.496124 0.343133 -1.842119  0.245383 0.969423 -0.002517  0.411160 0.832682 1 0 1.000000
0  9.470362 0.343139 -3.684041  0.245379 0.969418 -0.004296  0.421494 0.832682 1 0 1.000000
portal_cleanser_Glass
0  -7.045887 -0.124673 63.789478  0.355339 -0.208526 0.911181  0.020975 0.826211 1 0 1.000000
0  -7.045889 0.124644 63.789474  0.355384 0.208526 0.911163  0.020975 0.828951 1 0 1.000000
0  -8.001629 0.123746 64.078300  0.212565 0.208621 0.954617  0.015506 0.828951 1 0 1.000000
portal_cleanser_Glass
0  8.171811 -0.383304 20.218649  0.115179 -0.993279 0.011445  0.287009 0.818592 1 0 1.000000
0  8.514081 -0.343222 20.252495  0.244174 -0.969429 0.024229  0.287009 0.822479 1 0 1.000000
0  8.324668 -0.343199 22.085661  0.244242 -0.969343 0.026826  0.276670 0.822479 1 0 1.000000
portal_cleanser_Glass
0  5.619838 -7.134718 9.129794  0.550776 -0.763949 0.336197  0.759934 0.066673 1 0 1.000000
0  5.486995 -7.171375 9.120802  -0.270763 -0.931356 0.243440  0.759676 0.068402 1 0 1.000000
0  5.500366 -7.177183 8.671215  -0.250165 -0.939984 -0.232050  0.756723 0.068359 1 0 1.000000
portal_cleanser_Glass
0  8.843500 -2.394766 9.454762  0.330527 0.942350 0.052233  0.699579 0.048698 1 0 1.000000
0  8.764212 -2.553315 9.622964  0.049050 0.096377 0.994135  0.701338 0.048698 1 0 1.000000
0  9.143040 -2.702441 9.541100  0.523218 -0.153895 0.838188  0.700523 0.054648 1 0 1.000000
portal_cleanser_Glass
0  6.454652 5.626368 9.618527  -0.001039 0.025829 0.999666  0.855364 0.765507 1 0 1.000000
0  6.714049 5.933628 9.534118  0.335405 0.426319 0.840093  0.852637 0.765507 1 0 1.000000
0  5.471972 6.900714 9.508785  0.304653 0.455461 0.836505  0.852637 0.744786 1 0 1.000000
portal_cleanser_Glass
0  8.359301 2.341686 16.945913  0.233709 -0.972116 0.019278  0.713626 0.076893 1 0 1.000000
0  8.634650 2.406680 16.899254  0.263460 -0.964565 0.014272  0.713060 0.073293 1 0 1.000000
0  8.679512 2.615970 17.048639  0.479945 0.137415 0.866470  0.714527 0.070854 1 0 1.000000
portal_cleanser_Glass
0  5.240969 7.014924 16.176891  0.570876 0.788659 -0.228293  0.669883 0.057494 1 0 1.000000
0  5.022759 6.937166 16.191990  -0.827023 0.559231 -0.057394  0.670245 0.054045 1 0 1.000000
0  4.989199 6.925976 16.641071  -0.828388 0.559468 -0.027723  0.673178 0.054025 1 0 1.000000
end
