// Created by Crowbar 0.74
version 1
nodes
  0 "polymsh" -1
end
skeleton
  time 0
    0 0.000000 0.000000 0.000000 1.570796 0.000000 0.000000
end
triangles
radio
  0 6.010258 -3.649274 1.457659 0.382103 -0.923534 0.032888 0.888921 0.641849 1 0 1.000000
  0 6.086231 -3.640076 0.241236 0.384626 -0.922922 0.016672 0.891159 0.607186 1 0 1.000000
  0 8.267957 -2.731826 0.159802 0.466963 -0.884049 0.020046 0.955431 0.611455 1 0 1.000000
radio
  0 8.197223 -2.731826 1.818847 0.463794 -0.885048 0.039819 0.953347 0.658821 1 0 1.000000
  0 8.267957 -2.731826 0.159802 0.466963 -0.884049 0.020046 0.955431 0.611455 1 0 1.000000
  0 9.025311 -2.238796 0.159802 0.604933 -0.795859 0.025791 0.977741 0.615034 1 0 1.000000
radio
  0 6.010258 -3.649274 1.457659 0.382103 -0.923534 0.032888 0.888921 0.641849 1 0 1.000000
  0 8.267957 -2.731826 0.159802 0.466963 -0.884049 0.020046 0.955431 0.611455 1 0 1.000000
  0 8.197223 -2.731826 1.818847 0.463794 -0.885048 0.039819 0.953347 0.658821 1 0 1.000000
radio
  0 8.197223 -2.731826 1.818847 0.463794 -0.885048 0.039819 0.953347 0.658821 1 0 1.000000
  0 5.855875 -3.649148 2.653399 0.373997 -0.925126 0.065337 0.884374 0.675989 1 0 1.000000
  0 6.010258 -3.649274 1.457659 0.382103 -0.923534 0.032888 0.888921 0.641849 1 0 1.000000
radio
  0 6.472936 -2.731826 7.897428 0.390361 -0.894967 0.215992 0.902551 0.832368 1 0 1.000000
  0 5.698999 -2.731827 9.141145 0.359560 -0.896602 0.258497 0.879752 0.867876 1 0 1.000000
  0 4.273943 -3.647845 6.835104 0.285550 -0.938073 0.196162 0.837771 0.795388 1 0 1.000000
radio
  0 6.472936 -2.731826 7.897428 0.390361 -0.894967 0.215992 0.902551 0.832368 1 0 1.000000
  0 4.273943 -3.647845 6.835104 0.285550 -0.938073 0.196162 0.837771 0.795388 1 0 1.000000
  0 4.804706 -3.648250 5.917026 0.315002 -0.934298 0.166914 0.853407 0.769173 1 0 1.000000
radio
  0 7.132843 -2.731826 6.515022 0.415747 -0.893401 0.170260 0.921991 0.792899 1 0 1.000000
  0 6.472936 -2.731826 7.897428 0.390361 -0.894967 0.215992 0.902551 0.832368 1 0 1.000000
  0 4.804706 -3.648250 5.917026 0.315002 -0.934298 0.166914 0.853407 0.769173 1 0 1.000000
radio
  0 7.132843 -2.731826 6.515022 0.415747 -0.893401 0.170260 0.921991 0.792899 1 0 1.000000
  0 4.804706 -3.648250 5.917026 0.315002 -0.934298 0.166914 0.853407 0.769173 1 0 1.000000
  0 5.250166 -3.648714 4.902053 0.339630 -0.930982 0.133879 0.866530 0.740192 1 0 1.000000
radio
  0 7.637012 -2.731826 5.023877 0.437670 -0.890712 0.122790 0.936844 0.750327 1 0 1.000000
  0 7.132843 -2.731826 6.515022 0.415747 -0.893401 0.170260 0.921991 0.792899 1 0 1.000000
  0 5.250166 -3.648714 4.902053 0.339630 -0.930982 0.133879 0.866530 0.740192 1 0 1.000000
radio
  0 7.637012 -2.731826 5.023877 0.437670 -0.890712 0.122790 0.936844 0.750327 1 0 1.000000
  0 5.250166 -3.648714 4.902053 0.339630 -0.930982 0.133879 0.866530 0.740192 1 0 1.000000
  0 5.601316 -3.649004 3.808023 0.359766 -0.927785 0.098913 0.876875 0.708955 1 0 1.000000
radio
  0 7.986233 -2.731826 3.449506 0.454004 -0.887438 0.079588 0.947131 0.705378 1 0 1.000000
  0 7.637012 -2.731826 5.023877 0.437670 -0.890712 0.122790 0.936844 0.750327 1 0 1.000000
  0 5.601316 -3.649004 3.808023 0.359766 -0.927785 0.098913 0.876875 0.708955 1 0 1.000000
radio
  0 7.986233 -2.731826 3.449506 0.454004 -0.887438 0.079588 0.947131 0.705378 1 0 1.000000
  0 5.601316 -3.649004 3.808023 0.359766 -0.927785 0.098913 0.876875 0.708955 1 0 1.000000
  0 5.855875 -3.649148 2.653399 0.373997 -0.925126 0.065337 0.884374 0.675989 1 0 1.000000
radio
  0 8.197223 -2.731826 1.818847 0.463794 -0.885048 0.039819 0.953347 0.658821 1 0 1.000000
  0 7.986233 -2.731826 3.449506 0.454004 -0.887438 0.079588 0.947131 0.705378 1 0 1.000000
  0 5.855875 -3.649148 2.653399 0.373997 -0.925126 0.065337 0.884374 0.675989 1 0 1.000000
radio
  0 7.986233 -2.731826 3.449506 0.454004 -0.887438 0.079588 0.947131 0.705378 1 0 1.000000
  0 8.197223 -2.731826 1.818847 0.463794 -0.885048 0.039819 0.953347 0.658821 1 0 1.000000
  0 8.948098 -2.238796 1.970818 0.601052 -0.797547 0.051521 0.975467 0.666740 1 0 1.000000
radio
  0 8.197223 -2.731826 1.818847 0.463794 -0.885048 0.039819 0.953347 0.658821 1 0 1.000000
  0 9.025311 -2.238796 0.159802 0.604933 -0.795859 0.025791 0.977741 0.615034 1 0 1.000000
  0 8.948098 -2.238796 1.970818 0.601052 -0.797547 0.051521 0.975467 0.666740 1 0 1.000000
radio
  0 8.948098 -2.238796 1.970818 0.601052 -0.797547 0.051521 0.975467 0.666740 1 0 1.000000
  0 9.025311 -2.238796 0.159802 0.604933 -0.795859 0.025791 0.977741 0.615034 1 0 1.000000
  0 9.628239 -1.706985 0.159802 0.727689 -0.685205 0.031025 0.995503 0.618895 1 0 1.000000
radio
  0 8.948098 -2.238796 1.970818 0.601052 -0.797547 0.051521 0.975467 0.666740 1 0 1.000000
  0 9.628239 -1.706985 0.159802 0.727689 -0.685205 0.031025 0.995503 0.618895 1 0 1.000000
  0 9.545868 -1.706985 2.091801 0.723716 -0.687301 0.062061 0.993077 0.674055 1 0 1.000000
radio
  0 8.717780 -2.238796 3.750847 0.589278 -0.801180 0.104221 0.968682 0.717560 1 0 1.000000
  0 8.948098 -2.238796 1.970818 0.601052 -0.797547 0.051521 0.975467 0.666740 1 0 1.000000
  0 9.545868 -1.706985 2.091801 0.723716 -0.687301 0.062061 0.993077 0.674055 1 0 1.000000
radio
  0 8.717780 -2.238796 3.750847 0.589278 -0.801180 0.104221 0.968682 0.717560 1 0 1.000000
  0 9.545868 -1.706985 2.091801 0.723716 -0.687301 0.062061 0.993077 0.674055 1 0 1.000000
  0 9.300165 -1.706985 3.990744 0.711266 -0.691262 0.127506 0.985838 0.728270 1 0 1.000000
radio
  0 8.331398 -2.238796 5.469432 0.570067 -0.804618 0.166171 0.957300 0.766627 1 0 1.000000
  0 8.717780 -2.238796 3.750847 0.589278 -0.801180 0.104221 0.968682 0.717560 1 0 1.000000
  0 9.300165 -1.706985 3.990744 0.711266 -0.691262 0.127506 0.985838 0.728270 1 0 1.000000
radio
  0 8.331398 -2.238796 5.469432 0.570067 -0.804618 0.166171 0.957300 0.766627 1 0 1.000000
  0 9.300165 -1.706985 3.990744 0.711266 -0.691262 0.127506 0.985838 0.728270 1 0 1.000000
  0 8.878797 -1.706985 5.824138 0.689675 -0.692921 0.210261 0.973425 0.780614 1 0 1.000000
radio
  0 7.749307 -2.238796 7.097168 0.545120 -0.803845 0.238070 0.940152 0.813099 1 0 1.000000
  0 8.331398 -2.238796 5.469432 0.570067 -0.804618 0.166171 0.957300 0.766627 1 0 1.000000
  0 8.878797 -1.706985 5.824138 0.689675 -0.692921 0.210261 0.973425 0.780614 1 0 1.000000
radio
  0 5.698999 -2.731827 9.141145 0.359560 -0.896602 0.258497 0.879752 0.867876 1 0 1.000000
  0 6.975357 -2.238796 8.605644 0.518070 -0.797931 0.308073 0.917352 0.856167 1 0 1.000000
  0 6.086897 -2.238796 9.931332 0.483880 -0.789980 0.376553 0.891179 0.894016 1 0 1.000000
radio
  0 5.698999 -2.731827 9.141145 0.359560 -0.896602 0.258497 0.879752 0.867876 1 0 1.000000
  0 6.472936 -2.731826 7.897428 0.390361 -0.894967 0.215992 0.902551 0.832368 1 0 1.000000
  0 6.975357 -2.238796 8.605644 0.518070 -0.797931 0.308073 0.917352 0.856167 1 0 1.000000
radio
  0 6.472936 -2.731826 7.897428 0.390361 -0.894967 0.215992 0.902551 0.832368 1 0 1.000000
  0 7.749307 -2.238796 7.097168 0.545120 -0.803845 0.238070 0.940152 0.813099 1 0 1.000000
  0 6.975357 -2.238796 8.605644 0.518070 -0.797931 0.308073 0.917352 0.856167 1 0 1.000000
radio
  0 6.472936 -2.731826 7.897428 0.390361 -0.894967 0.215992 0.902551 0.832368 1 0 1.000000
  0 7.132843 -2.731826 6.515022 0.415747 -0.893401 0.170260 0.921991 0.792899 1 0 1.000000
  0 7.749307 -2.238796 7.097168 0.545120 -0.803845 0.238070 0.940152 0.813099 1 0 1.000000
radio
  0 7.132843 -2.731826 6.515022 0.415747 -0.893401 0.170260 0.921991 0.792899 1 0 1.000000
  0 8.331398 -2.238796 5.469432 0.570067 -0.804618 0.166171 0.957300 0.766627 1 0 1.000000
  0 7.749307 -2.238796 7.097168 0.545120 -0.803845 0.238070 0.940152 0.813099 1 0 1.000000
radio
  0 7.132843 -2.731826 6.515022 0.415747 -0.893401 0.170260 0.921991 0.792899 1 0 1.000000
  0 7.637012 -2.731826 5.023877 0.437670 -0.890712 0.122790 0.936844 0.750327 1 0 1.000000
  0 8.331398 -2.238796 5.469432 0.570067 -0.804618 0.166171 0.957300 0.766627 1 0 1.000000
radio
  0 7.637012 -2.731826 5.023877 0.437670 -0.890712 0.122790 0.936844 0.750327 1 0 1.000000
  0 8.717780 -2.238796 3.750847 0.589278 -0.801180 0.104221 0.968682 0.717560 1 0 1.000000
  0 8.331398 -2.238796 5.469432 0.570067 -0.804618 0.166171 0.957300 0.766627 1 0 1.000000
radio
  0 7.637012 -2.731826 5.023877 0.437670 -0.890712 0.122790 0.936844 0.750327 1 0 1.000000
  0 7.986233 -2.731826 3.449506 0.454004 -0.887438 0.079588 0.947131 0.705378 1 0 1.000000
  0 8.717780 -2.238796 3.750847 0.589278 -0.801180 0.104221 0.968682 0.717560 1 0 1.000000
radio
  0 7.986233 -2.731826 3.449506 0.454004 -0.887438 0.079588 0.947131 0.705378 1 0 1.000000
  0 8.948098 -2.238796 1.970818 0.601052 -0.797547 0.051521 0.975467 0.666740 1 0 1.000000
  0 8.717780 -2.238796 3.750847 0.589278 -0.801180 0.104221 0.968682 0.717560 1 0 1.000000
radio
  0 7.749307 -2.238796 7.097168 0.545120 -0.803845 0.238070 0.940152 0.813099 1 0 1.000000
  0 8.878797 -1.706985 5.824138 0.689675 -0.692921 0.210261 0.973425 0.780614 1 0 1.000000
  0 8.216546 -1.706985 7.560613 0.659848 -0.685258 0.308256 0.953916 0.830192 1 0 1.000000
radio
  0 6.975357 -2.238796 8.605644 0.518070 -0.797931 0.308073 0.917352 0.856167 1 0 1.000000
  0 7.749307 -2.238796 7.097168 0.545120 -0.803845 0.238070 0.940152 0.813099 1 0 1.000000
  0 8.216546 -1.706985 7.560613 0.659848 -0.685258 0.308256 0.953916 0.830192 1 0 1.000000
radio
  0 6.975357 -2.238796 8.605644 0.518070 -0.797931 0.308073 0.917352 0.856167 1 0 1.000000
  0 8.216546 -1.706985 7.560613 0.659848 -0.685258 0.308256 0.953916 0.830192 1 0 1.000000
  0 7.327553 -1.706985 9.163707 0.627055 -0.667120 0.402185 0.927727 0.875961 1 0 1.000000
radio
  0 6.086897 -2.238796 9.931332 0.483880 -0.789980 0.376553 0.891179 0.894016 1 0 1.000000
  0 6.975357 -2.238796 8.605644 0.518070 -0.797931 0.308073 0.917352 0.856167 1 0 1.000000
  0 7.327553 -1.706985 9.163707 0.627055 -0.667120 0.402185 0.927727 0.875961 1 0 1.000000
radio
  0 6.086897 -2.238796 9.931332 0.483880 -0.789980 0.376553 0.891179 0.894016 1 0 1.000000
  0 7.327553 -1.706985 9.163707 0.627055 -0.667120 0.402185 0.927727 0.875961 1 0 1.000000
  0 6.334082 -1.706985 10.526165 0.583348 -0.643372 0.495760 0.898461 0.914859 1 0 1.000000
radio
  0 5.159689 -2.238796 10.985670 0.427672 -0.780655 0.455713 0.863864 0.924117 1 0 1.000000
  0 6.086897 -2.238796 9.931332 0.483880 -0.789980 0.376553 0.891179 0.894016 1 0 1.000000
  0 6.334082 -1.706985 10.526165 0.583348 -0.643372 0.495760 0.898461 0.914859 1 0 1.000000
radio
  0 5.159689 -2.238796 10.985670 0.427672 -0.780655 0.455713 0.863864 0.924117 1 0 1.000000
  0 6.334082 -1.706985 10.526165 0.583348 -0.643372 0.495760 0.898461 0.914859 1 0 1.000000
  0 5.332725 -1.706985 11.551776 0.506124 -0.616258 0.603378 0.868961 0.944141 1 0 1.000000
radio
  0 4.207917 -2.238796 11.741966 0.343801 -0.764096 0.545855 0.835826 0.945710 1 0 1.000000
  0 5.159689 -2.238796 10.985670 0.427672 -0.780655 0.455713 0.863864 0.924117 1 0 1.000000
  0 5.332725 -1.706985 11.551776 0.506124 -0.616258 0.603378 0.868961 0.944141 1 0 1.000000
radio
  0 4.207917 -2.238796 11.741966 0.343801 -0.764096 0.545855 0.835826 0.945710 1 0 1.000000
  0 5.332725 -1.706985 11.551776 0.506124 -0.616258 0.603378 0.868961 0.944141 1 0 1.000000
  0 4.336165 -1.706985 12.235148 0.392443 -0.583041 0.711373 0.839604 0.963651 1 0 1.000000
radio
  0 3.217652 -2.238796 12.235148 0.246989 -0.737407 0.628671 0.806654 0.959790 1 0 1.000000
  0 4.207917 -2.238796 11.741966 0.343801 -0.764096 0.545855 0.835826 0.945710 1 0 1.000000
  0 4.336165 -1.706985 12.235148 0.392443 -0.583041 0.711373 0.839604 0.963651 1 0 1.000000
radio
  0 3.217652 -2.238796 12.235148 0.246989 -0.737407 0.628671 0.806654 0.959790 1 0 1.000000
  0 4.336165 -1.706985 12.235148 0.392443 -0.583041 0.711373 0.839604 0.963651 1 0 1.000000
  0 3.317538 -1.706985 12.669659 0.270989 -0.547559 0.791672 0.809596 0.976057 1 0 1.000000
radio
  0 2.182384 -2.238796 12.539939 0.155192 -0.709011 0.687909 0.776156 0.968492 1 0 1.000000
  0 3.217652 -2.238796 12.235148 0.246989 -0.737407 0.628671 0.806654 0.959790 1 0 1.000000
  0 3.317538 -1.706985 12.669659 0.270989 -0.547559 0.791672 0.809596 0.976057 1 0 1.000000
radio
  0 2.182384 -2.238796 12.539939 0.155192 -0.709011 0.687909 0.776156 0.968492 1 0 1.000000
  0 3.317538 -1.706985 12.669659 0.270989 -0.547559 0.791672 0.809596 0.976057 1 0 1.000000
  0 2.255600 -1.706985 12.940269 0.165411 -0.519282 0.838442 0.778313 0.983783 1 0 1.000000
radio
  0 1.104451 -2.238796 12.706806 0.073976 -0.688860 0.721110 0.744401 0.973256 1 0 1.000000
  0 2.182384 -2.238796 12.539939 0.155192 -0.709011 0.687909 0.776156 0.968492 1 0 1.000000
  0 2.255600 -1.706985 12.940269 0.165411 -0.519282 0.838442 0.778313 0.983783 1 0 1.000000
radio
  0 1.104451 -2.238796 12.706806 0.073976 -0.688860 0.721110 0.744401 0.973256 1 0 1.000000
  0 2.255600 -1.706985 12.940269 0.165411 -0.519282 0.838442 0.778313 0.983783 1 0 1.000000
  0 1.144214 -1.706985 13.090699 0.077680 -0.502280 0.861209 0.745572 0.988078 1 0 1.000000
radio
  0 0.000000 -2.238796 12.760085 -0.000001 -0.681758 0.731578 0.711865 0.974777 1 0 1.000000
  0 1.104451 -2.238796 12.706806 0.073976 -0.688860 0.721110 0.744401 0.973256 1 0 1.000000
  0 1.144214 -1.706985 13.090699 0.077680 -0.502280 0.861209 0.745572 0.988078 1 0 1.000000
radio
  0 0.000000 -2.238796 12.760085 -0.000001 -0.681758 0.731578 0.711865 0.974777 1 0 1.000000
  0 1.144214 -1.706985 13.090699 0.077680 -0.502280 0.861209 0.745572 0.988078 1 0 1.000000
  0 0.000000 -1.706985 13.139281 -0.000001 -0.496747 0.867895 0.711865 0.989465 1 0 1.000000
radio
  0 -1.104418 -2.238796 12.706806 -0.073987 -0.688855 0.721113 0.679330 0.973256 1 0 1.000000
  0 0.000000 -2.238796 12.760085 -0.000001 -0.681758 0.731578 0.711865 0.974777 1 0 1.000000
  0 0.000000 -1.706985 13.139281 -0.000001 -0.496747 0.867895 0.711865 0.989465 1 0 1.000000
radio
  0 -3.042799 -2.731827 11.551776 -0.192328 -0.892367 0.408279 0.622227 0.936700 1 0 1.000000
  0 -2.182171 -2.238796 12.539939 -0.155238 -0.708980 0.687931 0.647581 0.968492 1 0 1.000000
  0 -3.217152 -2.238796 12.235148 -0.247080 -0.737315 0.628743 0.617091 0.959790 1 0 1.000000
radio
  0 -3.042799 -2.731827 11.551776 -0.192328 -0.892367 0.408279 0.622227 0.936700 1 0 1.000000
  0 -2.062147 -2.731827 11.913075 -0.124852 -0.882897 0.452664 0.651116 0.947016 1 0 1.000000
  0 -2.182171 -2.238796 12.539939 -0.155238 -0.708980 0.687931 0.647581 0.968492 1 0 1.000000
radio
  0 -2.062147 -2.731827 11.913075 -0.124852 -0.882897 0.452664 0.651116 0.947016 1 0 1.000000
  0 -1.104418 -2.238796 12.706806 -0.073987 -0.688855 0.721113 0.679330 0.973256 1 0 1.000000
  0 -2.182171 -2.238796 12.539939 -0.155238 -0.708980 0.687931 0.647581 0.968492 1 0 1.000000
radio
  0 -2.062147 -2.731827 11.913075 -0.124852 -0.882897 0.452664 0.651116 0.947016 1 0 1.000000
  0 -1.042237 -2.731827 12.111012 -0.060871 -0.874759 0.480719 0.681162 0.952667 1 0 1.000000
  0 -1.104418 -2.238796 12.706806 -0.073987 -0.688855 0.721113 0.679330 0.973256 1 0 1.000000
radio
  0 -1.042237 -2.731827 12.111012 -0.060871 -0.874759 0.480719 0.681162 0.952667 1 0 1.000000
  0 0.000000 -2.238796 12.760085 -0.000001 -0.681758 0.731578 0.711865 0.974777 1 0 1.000000
  0 -1.104418 -2.238796 12.706806 -0.073987 -0.688855 0.721113 0.679330 0.973256 1 0 1.000000
radio
  0 -1.042237 -2.731827 12.111012 -0.060871 -0.874759 0.480719 0.681162 0.952667 1 0 1.000000
  0 0.000000 -2.731827 12.174041 0.000000 -0.871643 0.490141 0.711865 0.954466 1 0 1.000000
  0 0.000000 -2.238796 12.760085 -0.000001 -0.681758 0.731578 0.711865 0.974777 1 0 1.000000
radio
  0 0.000000 -2.731827 12.174041 0.000000 -0.871643 0.490141 0.711865 0.954466 1 0 1.000000
  0 1.104451 -2.238796 12.706806 0.073976 -0.688860 0.721110 0.744401 0.973256 1 0 1.000000
  0 0.000000 -2.238796 12.760085 -0.000001 -0.681758 0.731578 0.711865 0.974777 1 0 1.000000
radio
  0 0.000000 -2.731827 12.174041 0.000000 -0.871643 0.490141 0.711865 0.954466 1 0 1.000000
  0 1.042250 -2.731827 12.111012 0.060867 -0.874761 0.480717 0.742569 0.952667 1 0 1.000000
  0 1.104451 -2.238796 12.706806 0.073976 -0.688860 0.721110 0.744401 0.973256 1 0 1.000000
radio
  0 1.042250 -2.731827 12.111012 0.060867 -0.874761 0.480717 0.742569 0.952667 1 0 1.000000
  0 2.182384 -2.238796 12.539939 0.155192 -0.709011 0.687909 0.776156 0.968492 1 0 1.000000
  0 1.104451 -2.238796 12.706806 0.073976 -0.688860 0.721110 0.744401 0.973256 1 0 1.000000
radio
  0 1.042250 -2.731827 12.111012 0.060867 -0.874761 0.480717 0.742569 0.952667 1 0 1.000000
  0 2.062231 -2.731827 11.913075 0.124834 -0.882905 0.452653 0.772616 0.947016 1 0 1.000000
  0 2.182384 -2.238796 12.539939 0.155192 -0.709011 0.687909 0.776156 0.968492 1 0 1.000000
radio
  0 2.062231 -2.731827 11.913075 0.124834 -0.882905 0.452653 0.772616 0.947016 1 0 1.000000
  0 3.217652 -2.238796 12.235148 0.246989 -0.737407 0.628671 0.806654 0.959790 1 0 1.000000
  0 2.182384 -2.238796 12.539939 0.155192 -0.709011 0.687909 0.776156 0.968492 1 0 1.000000
radio
  0 2.062231 -2.731827 11.913075 0.124834 -0.882905 0.452653 0.772616 0.947016 1 0 1.000000
  0 3.042980 -2.731827 11.551776 0.192294 -0.892389 0.408246 0.801508 0.936701 1 0 1.000000
  0 3.217652 -2.238796 12.235148 0.246989 -0.737407 0.628671 0.806654 0.959790 1 0 1.000000
radio
  0 3.042980 -2.731827 11.551776 0.192294 -0.892389 0.408246 0.801508 0.936701 1 0 1.000000
  0 4.207917 -2.238796 11.741966 0.343801 -0.764096 0.545855 0.835826 0.945710 1 0 1.000000
  0 3.217652 -2.238796 12.235148 0.246989 -0.737407 0.628671 0.806654 0.959790 1 0 1.000000
radio
  0 3.042980 -2.731827 11.551776 0.192294 -0.892389 0.408246 0.801508 0.936701 1 0 1.000000
  0 3.975814 -2.731827 10.985670 0.258939 -0.898230 0.355152 0.828988 0.920538 1 0 1.000000
  0 4.207917 -2.238796 11.741966 0.343801 -0.764096 0.545855 0.835826 0.945710 1 0 1.000000
radio
  0 3.975814 -2.731827 10.985670 0.258939 -0.898230 0.355152 0.828988 0.920538 1 0 1.000000
  0 5.159689 -2.238796 10.985670 0.427672 -0.780655 0.455713 0.863864 0.924117 1 0 1.000000
  0 4.207917 -2.238796 11.741966 0.343801 -0.764096 0.545855 0.835826 0.945710 1 0 1.000000
radio
  0 3.975814 -2.731827 10.985670 0.258939 -0.898230 0.355152 0.828988 0.920538 1 0 1.000000
  0 4.860873 -2.731827 10.183517 0.316617 -0.898629 0.303676 0.855061 0.897636 1 0 1.000000
  0 5.159689 -2.238796 10.985670 0.427672 -0.780655 0.455713 0.863864 0.924117 1 0 1.000000
radio
  0 4.860873 -2.731827 10.183517 0.316617 -0.898629 0.303676 0.855061 0.897636 1 0 1.000000
  0 6.086897 -2.238796 9.931332 0.483880 -0.789980 0.376553 0.891179 0.894016 1 0 1.000000
  0 5.159689 -2.238796 10.985670 0.427672 -0.780655 0.455713 0.863864 0.924117 1 0 1.000000
radio
  0 4.860873 -2.731827 10.183517 0.316617 -0.898629 0.303676 0.855061 0.897636 1 0 1.000000
  0 5.698999 -2.731827 9.141145 0.359560 -0.896602 0.258497 0.879752 0.867876 1 0 1.000000
  0 6.086897 -2.238796 9.931332 0.483880 -0.789980 0.376553 0.891179 0.894016 1 0 1.000000
radio
  0 -2.062147 -2.731827 11.913075 -0.124852 -0.882897 0.452664 0.651116 0.947016 1 0 1.000000
  0 -3.042799 -2.731827 11.551776 -0.192328 -0.892367 0.408279 0.622227 0.936700 1 0 1.000000
  0 -2.309615 -3.646242 8.849206 -0.151875 -0.947959 0.279836 0.643827 0.852902 1 0 1.000000
radio
  0 -2.062147 -2.731827 11.913075 -0.124852 -0.882897 0.452664 0.651116 0.947016 1 0 1.000000
  0 -2.309615 -3.646242 8.849206 -0.151875 -0.947959 0.279836 0.643827 0.852902 1 0 1.000000
  0 -1.564886 -3.645116 9.229701 -0.099583 -0.947660 0.303354 0.665766 0.863774 1 0 1.000000
radio
  0 -1.042237 -2.731827 12.111012 -0.060871 -0.874759 0.480719 0.681162 0.952667 1 0 1.000000
  0 -2.062147 -2.731827 11.913075 -0.124852 -0.882897 0.452664 0.651116 0.947016 1 0 1.000000
  0 -1.564886 -3.645116 9.229701 -0.099583 -0.947660 0.303354 0.665766 0.863774 1 0 1.000000
radio
  0 -1.042237 -2.731827 12.111012 -0.060871 -0.874759 0.480719 0.681162 0.952667 1 0 1.000000
  0 -1.564886 -3.645116 9.229701 -0.099583 -0.947660 0.303354 0.665766 0.863774 1 0 1.000000
  0 -0.790496 -3.644140 9.456762 -0.049034 -0.946451 0.319102 0.688578 0.870264 1 0 1.000000
radio
  0 0.000000 -2.731827 12.174041 0.000000 -0.871643 0.490141 0.711865 0.954466 1 0 1.000000
  0 -1.042237 -2.731827 12.111012 -0.060871 -0.874759 0.480719 0.681162 0.952667 1 0 1.000000
  0 -0.790496 -3.644140 9.456762 -0.049034 -0.946451 0.319102 0.688578 0.870264 1 0 1.000000
radio
  0 0.000000 -2.731827 12.174041 0.000000 -0.871643 0.490141 0.711865 0.954466 1 0 1.000000
  0 -0.790496 -3.644140 9.456762 -0.049034 -0.946451 0.319102 0.688578 0.870264 1 0 1.000000
  0 0.000000 -3.643751 9.532125 0.000000 -0.945840 0.324634 0.711865 0.872418 1 0 1.000000
radio
  0 1.042250 -2.731827 12.111012 0.060867 -0.874761 0.480717 0.742569 0.952667 1 0 1.000000
  0 0.000000 -2.731827 12.174041 0.000000 -0.871643 0.490141 0.711865 0.954466 1 0 1.000000
  0 0.000000 -3.643751 9.532125 0.000000 -0.945840 0.324634 0.711865 0.872418 1 0 1.000000
radio
  0 1.042250 -2.731827 12.111012 0.060867 -0.874761 0.480717 0.742569 0.952667 1 0 1.000000
  0 0.000000 -3.643751 9.532125 0.000000 -0.945840 0.324634 0.711865 0.872418 1 0 1.000000
  0 0.790497 -3.644140 9.456762 0.049033 -0.946451 0.319101 0.735153 0.870264 1 0 1.000000
radio
  0 2.062231 -2.731827 11.913075 0.124834 -0.882905 0.452653 0.772616 0.947016 1 0 1.000000
  0 1.042250 -2.731827 12.111012 0.060867 -0.874761 0.480717 0.742569 0.952667 1 0 1.000000
  0 0.790497 -3.644140 9.456762 0.049033 -0.946451 0.319101 0.735153 0.870264 1 0 1.000000
radio
  0 2.062231 -2.731827 11.913075 0.124834 -0.882905 0.452653 0.772616 0.947016 1 0 1.000000
  0 0.790497 -3.644140 9.456762 0.049033 -0.946451 0.319101 0.735153 0.870264 1 0 1.000000
  0 1.564888 -3.645116 9.229700 0.099577 -0.947661 0.303352 0.757965 0.863774 1 0 1.000000
radio
  0 3.042980 -2.731827 11.551776 0.192294 -0.892389 0.408246 0.801508 0.936701 1 0 1.000000
  0 2.062231 -2.731827 11.913075 0.124834 -0.882905 0.452653 0.772616 0.947016 1 0 1.000000
  0 1.564888 -3.645116 9.229700 0.099577 -0.947661 0.303352 0.757965 0.863774 1 0 1.000000
radio
  0 3.042980 -2.731827 11.551776 0.192294 -0.892389 0.408246 0.801508 0.936701 1 0 1.000000
  0 1.564888 -3.645116 9.229700 0.099577 -0.947661 0.303352 0.757965 0.863774 1 0 1.000000
  0 2.309618 -3.646242 8.849205 0.151866 -0.947962 0.279830 0.779904 0.852902 1 0 1.000000
radio
  0 3.975814 -2.731827 10.985670 0.258939 -0.898230 0.355152 0.828988 0.920538 1 0 1.000000
  0 3.042980 -2.731827 11.551776 0.192294 -0.892389 0.408246 0.801508 0.936701 1 0 1.000000
  0 2.309618 -3.646242 8.849205 0.151866 -0.947962 0.279830 0.779904 0.852902 1 0 1.000000
radio
  0 3.975814 -2.731827 10.985670 0.258939 -0.898230 0.355152 0.828988 0.920538 1 0 1.000000
  0 2.309618 -3.646242 8.849205 0.151866 -0.947962 0.279830 0.779904 0.852902 1 0 1.000000
  0 3.014732 -3.647119 8.316253 0.203018 -0.946136 0.252212 0.800676 0.837680 1 0 1.000000
radio
  0 4.860873 -2.731827 10.183517 0.316617 -0.898629 0.303676 0.855061 0.897636 1 0 1.000000
  0 3.975814 -2.731827 10.985670 0.258939 -0.898230 0.355152 0.828988 0.920538 1 0 1.000000
  0 3.014732 -3.647119 8.316253 0.203018 -0.946136 0.252212 0.800676 0.837680 1 0 1.000000
radio
  0 4.860873 -2.731827 10.183517 0.316617 -0.898629 0.303676 0.855061 0.897636 1 0 1.000000
  0 3.014732 -3.647119 8.316253 0.203018 -0.946136 0.252212 0.800676 0.837680 1 0 1.000000
  0 3.672613 -3.647585 7.639749 0.248495 -0.942389 0.223948 0.820057 0.818362 1 0 1.000000
radio
  0 5.698999 -2.731827 9.141145 0.359560 -0.896602 0.258497 0.879752 0.867876 1 0 1.000000
  0 4.860873 -2.731827 10.183517 0.316617 -0.898629 0.303676 0.855061 0.897636 1 0 1.000000
  0 3.672613 -3.647585 7.639749 0.248495 -0.942389 0.223948 0.820057 0.818362 1 0 1.000000
radio
  0 5.698999 -2.731827 9.141145 0.359560 -0.896602 0.258497 0.879752 0.867876 1 0 1.000000
  0 3.672613 -3.647585 7.639749 0.248495 -0.942389 0.223948 0.820057 0.818362 1 0 1.000000
  0 4.273943 -3.647845 6.835104 0.285550 -0.938073 0.196162 0.837771 0.795388 1 0 1.000000
radio
  0 -6.086231 -3.640076 0.241236 -0.384626 -0.922922 0.016672 0.532571 0.607186 1 0 1.000000
  0 -8.197223 -2.731826 1.818847 -0.463794 -0.885048 0.039819 0.470383 0.658821 1 0 1.000000
  0 -8.267957 -2.731826 0.159802 -0.466963 -0.884049 0.020046 0.468300 0.611454 1 0 1.000000
radio
  0 -6.086231 -3.640076 0.241236 -0.384626 -0.922922 0.016672 0.532571 0.607186 1 0 1.000000
  0 -6.010258 -3.649274 1.457659 -0.382103 -0.923534 0.032888 0.534809 0.641848 1 0 1.000000
  0 -8.197223 -2.731826 1.818847 -0.463794 -0.885048 0.039819 0.470383 0.658821 1 0 1.000000
radio
  0 -6.010258 -3.649274 1.457659 -0.382103 -0.923534 0.032888 0.534809 0.641848 1 0 1.000000
  0 -7.986233 -2.731826 3.449506 -0.454004 -0.887438 0.079588 0.476599 0.705377 1 0 1.000000
  0 -8.197223 -2.731826 1.818847 -0.463794 -0.885048 0.039819 0.470383 0.658821 1 0 1.000000
radio
  0 -6.010258 -3.649274 1.457659 -0.382103 -0.923534 0.032888 0.534809 0.641848 1 0 1.000000
  0 -5.855875 -3.649148 2.653399 -0.373997 -0.925126 0.065337 0.539357 0.675988 1 0 1.000000
  0 -7.986233 -2.731826 3.449506 -0.454004 -0.887438 0.079588 0.476599 0.705377 1 0 1.000000
radio
  0 -5.855875 -3.649148 2.653399 -0.373997 -0.925126 0.065337 0.539357 0.675988 1 0 1.000000
  0 -7.637012 -2.731826 5.023877 -0.437670 -0.890712 0.122790 0.486887 0.750326 1 0 1.000000
  0 -7.986233 -2.731826 3.449506 -0.454004 -0.887438 0.079588 0.476599 0.705377 1 0 1.000000
radio
  0 -5.855875 -3.649148 2.653399 -0.373997 -0.925126 0.065337 0.539357 0.675988 1 0 1.000000
  0 -5.601316 -3.649004 3.808023 -0.359766 -0.927785 0.098913 0.546856 0.708954 1 0 1.000000
  0 -7.637012 -2.731826 5.023877 -0.437670 -0.890712 0.122790 0.486887 0.750326 1 0 1.000000
radio
  0 -5.601316 -3.649004 3.808023 -0.359766 -0.927785 0.098913 0.546856 0.708954 1 0 1.000000
  0 -7.132843 -2.731826 6.515022 -0.415747 -0.893401 0.170260 0.501739 0.792898 1 0 1.000000
  0 -7.637012 -2.731826 5.023877 -0.437670 -0.890712 0.122790 0.486887 0.750326 1 0 1.000000
radio
  0 -5.601316 -3.649004 3.808023 -0.359766 -0.927785 0.098913 0.546856 0.708954 1 0 1.000000
  0 -5.250166 -3.648714 4.902053 -0.339630 -0.930982 0.133879 0.557201 0.740191 1 0 1.000000
  0 -7.132843 -2.731826 6.515022 -0.415747 -0.893401 0.170260 0.501739 0.792898 1 0 1.000000
radio
  0 -5.250166 -3.648714 4.902053 -0.339630 -0.930982 0.133879 0.557201 0.740191 1 0 1.000000
  0 -6.472936 -2.731826 7.897428 -0.390362 -0.894964 0.216001 0.521179 0.832367 1 0 1.000000
  0 -7.132843 -2.731826 6.515022 -0.415747 -0.893401 0.170260 0.501739 0.792898 1 0 1.000000
radio
  0 -5.250166 -3.648714 4.902053 -0.339630 -0.930982 0.133879 0.557201 0.740191 1 0 1.000000
  0 -4.804706 -3.648250 5.917026 -0.315002 -0.934298 0.166915 0.570324 0.769173 1 0 1.000000
  0 -6.472936 -2.731826 7.897428 -0.390362 -0.894964 0.216001 0.521179 0.832367 1 0 1.000000
radio
  0 -4.804706 -3.648250 5.917026 -0.315002 -0.934298 0.166915 0.570324 0.769173 1 0 1.000000
  0 -5.698978 -2.731827 9.141145 -0.359564 -0.896590 0.258534 0.543979 0.867876 1 0 1.000000
  0 -6.472936 -2.731826 7.897428 -0.390362 -0.894964 0.216001 0.521179 0.832367 1 0 1.000000
radio
  0 -4.804706 -3.648250 5.917026 -0.315002 -0.934298 0.166915 0.570324 0.769173 1 0 1.000000
  0 -4.273943 -3.647845 6.835104 -0.285547 -0.938073 0.196169 0.585959 0.795387 1 0 1.000000
  0 -5.698978 -2.731827 9.141145 -0.359564 -0.896590 0.258534 0.543979 0.867876 1 0 1.000000
radio
  0 -4.273943 -3.647845 6.835104 -0.285547 -0.938073 0.196169 0.585959 0.795387 1 0 1.000000
  0 -4.860748 -2.731827 10.183517 -0.316634 -0.898603 0.303737 0.568673 0.897636 1 0 1.000000
  0 -5.698978 -2.731827 9.141145 -0.359564 -0.896590 0.258534 0.543979 0.867876 1 0 1.000000
radio
  0 -4.273943 -3.647845 6.835104 -0.285547 -0.938073 0.196169 0.585959 0.795387 1 0 1.000000
  0 -3.672613 -3.647585 7.639750 -0.248493 -0.942387 0.223960 0.603674 0.818362 1 0 1.000000
  0 -4.860748 -2.731827 10.183517 -0.316634 -0.898603 0.303737 0.568673 0.897636 1 0 1.000000
radio
  0 -3.672613 -3.647585 7.639750 -0.248493 -0.942387 0.223960 0.603674 0.818362 1 0 1.000000
  0 -3.975604 -2.731827 10.985670 -0.258973 -0.898198 0.355208 0.594748 0.920538 1 0 1.000000
  0 -4.860748 -2.731827 10.183517 -0.316634 -0.898603 0.303737 0.568673 0.897636 1 0 1.000000
radio
  0 -3.672613 -3.647585 7.639750 -0.248493 -0.942387 0.223960 0.603674 0.818362 1 0 1.000000
  0 -3.014730 -3.647118 8.316254 -0.203022 -0.946132 0.252223 0.623055 0.837680 1 0 1.000000
  0 -3.975604 -2.731827 10.985670 -0.258973 -0.898198 0.355208 0.594748 0.920538 1 0 1.000000
radio
  0 -3.042799 -2.731827 11.551776 -0.192328 -0.892367 0.408279 0.622227 0.936700 1 0 1.000000
  0 -3.975604 -2.731827 10.985670 -0.258973 -0.898198 0.355208 0.594748 0.920538 1 0 1.000000
  0 -3.014730 -3.647118 8.316254 -0.203022 -0.946132 0.252223 0.623055 0.837680 1 0 1.000000
radio
  0 -3.042799 -2.731827 11.551776 -0.192328 -0.892367 0.408279 0.622227 0.936700 1 0 1.000000
  0 -3.014730 -3.647118 8.316254 -0.203022 -0.946132 0.252223 0.623055 0.837680 1 0 1.000000
  0 -2.309615 -3.646242 8.849206 -0.151875 -0.947959 0.279836 0.643827 0.852902 1 0 1.000000
radio
  0 -8.267957 -2.731826 0.159802 -0.466963 -0.884049 0.020046 0.468300 0.611454 1 0 1.000000
  0 -8.948098 -2.238796 1.970818 -0.601052 -0.797547 0.051521 0.448263 0.666739 1 0 1.000000
  0 -9.025311 -2.238796 0.159802 -0.604933 -0.795859 0.025791 0.445989 0.615033 1 0 1.000000
radio
  0 -8.267957 -2.731826 0.159802 -0.466963 -0.884049 0.020046 0.468300 0.611454 1 0 1.000000
  0 -8.197223 -2.731826 1.818847 -0.463794 -0.885048 0.039819 0.470383 0.658821 1 0 1.000000
  0 -8.948098 -2.238796 1.970818 -0.601052 -0.797547 0.051521 0.448263 0.666739 1 0 1.000000
radio
  0 -8.197223 -2.731826 1.818847 -0.463794 -0.885048 0.039819 0.470383 0.658821 1 0 1.000000
  0 -8.717780 -2.238796 3.750847 -0.589278 -0.801180 0.104221 0.455048 0.717559 1 0 1.000000
  0 -8.948098 -2.238796 1.970818 -0.601052 -0.797547 0.051521 0.448263 0.666739 1 0 1.000000
radio
  0 -8.197223 -2.731826 1.818847 -0.463794 -0.885048 0.039819 0.470383 0.658821 1 0 1.000000
  0 -7.986233 -2.731826 3.449506 -0.454004 -0.887438 0.079588 0.476599 0.705377 1 0 1.000000
  0 -8.717780 -2.238796 3.750847 -0.589278 -0.801180 0.104221 0.455048 0.717559 1 0 1.000000
radio
  0 -7.986233 -2.731826 3.449506 -0.454004 -0.887438 0.079588 0.476599 0.705377 1 0 1.000000
  0 -8.331398 -2.238796 5.469432 -0.570067 -0.804618 0.166171 0.466431 0.766626 1 0 1.000000
  0 -8.717780 -2.238796 3.750847 -0.589278 -0.801180 0.104221 0.455048 0.717559 1 0 1.000000
radio
  0 -7.986233 -2.731826 3.449506 -0.454004 -0.887438 0.079588 0.476599 0.705377 1 0 1.000000
  0 -7.637012 -2.731826 5.023877 -0.437670 -0.890712 0.122790 0.486887 0.750326 1 0 1.000000
  0 -8.331398 -2.238796 5.469432 -0.570067 -0.804618 0.166171 0.466431 0.766626 1 0 1.000000
radio
  0 -7.637012 -2.731826 5.023877 -0.437670 -0.890712 0.122790 0.486887 0.750326 1 0 1.000000
  0 -7.749307 -2.238796 7.097168 -0.545121 -0.803843 0.238073 0.483578 0.813098 1 0 1.000000
  0 -8.331398 -2.238796 5.469432 -0.570067 -0.804618 0.166171 0.466431 0.766626 1 0 1.000000
radio
  0 -7.637012 -2.731826 5.023877 -0.437670 -0.890712 0.122790 0.486887 0.750326 1 0 1.000000
  0 -7.132843 -2.731826 6.515022 -0.415747 -0.893401 0.170260 0.501739 0.792898 1 0 1.000000
  0 -7.749307 -2.238796 7.097168 -0.545121 -0.803843 0.238073 0.483578 0.813098 1 0 1.000000
radio
  0 -7.132843 -2.731826 6.515022 -0.415747 -0.893401 0.170260 0.501739 0.792898 1 0 1.000000
  0 -6.975353 -2.238796 8.605644 -0.518073 -0.797912 0.308118 0.506378 0.856166 1 0 1.000000
  0 -7.749307 -2.238796 7.097168 -0.545121 -0.803843 0.238073 0.483578 0.813098 1 0 1.000000
radio
  0 -7.132843 -2.731826 6.515022 -0.415747 -0.893401 0.170260 0.501739 0.792898 1 0 1.000000
  0 -6.472936 -2.731826 7.897428 -0.390362 -0.894964 0.216001 0.521179 0.832367 1 0 1.000000
  0 -6.975353 -2.238796 8.605644 -0.518073 -0.797912 0.308118 0.506378 0.856166 1 0 1.000000
radio
  0 -6.472936 -2.731826 7.897428 -0.390362 -0.894964 0.216001 0.521179 0.832367 1 0 1.000000
  0 -6.086732 -2.238796 9.931332 -0.483893 -0.789908 0.376686 0.532556 0.894015 1 0 1.000000
  0 -6.975353 -2.238796 8.605644 -0.518073 -0.797912 0.308118 0.506378 0.856166 1 0 1.000000
radio
  0 -6.472936 -2.731826 7.897428 -0.390362 -0.894964 0.216001 0.521179 0.832367 1 0 1.000000
  0 -5.698978 -2.731827 9.141145 -0.359564 -0.896590 0.258534 0.543979 0.867876 1 0 1.000000
  0 -6.086732 -2.238796 9.931332 -0.483893 -0.789908 0.376686 0.532556 0.894015 1 0 1.000000
radio
  0 -5.698978 -2.731827 9.141145 -0.359564 -0.896590 0.258534 0.543979 0.867876 1 0 1.000000
  0 -5.159197 -2.238796 10.985670 -0.427725 -0.780518 0.455899 0.559881 0.924117 1 0 1.000000
  0 -6.086732 -2.238796 9.931332 -0.483893 -0.789908 0.376686 0.532556 0.894015 1 0 1.000000
radio
  0 -5.698978 -2.731827 9.141145 -0.359564 -0.896590 0.258534 0.543979 0.867876 1 0 1.000000
  0 -4.860748 -2.731827 10.183517 -0.316634 -0.898603 0.303737 0.568673 0.897636 1 0 1.000000
  0 -5.159197 -2.238796 10.985670 -0.427725 -0.780518 0.455899 0.559881 0.924117 1 0 1.000000
radio
  0 -4.860748 -2.731827 10.183517 -0.316634 -0.898603 0.303737 0.568673 0.897636 1 0 1.000000
  0 -4.207266 -2.238796 11.741966 -0.343897 -0.763947 0.546003 0.587923 0.945710 1 0 1.000000
  0 -5.159197 -2.238796 10.985670 -0.427725 -0.780518 0.455899 0.559881 0.924117 1 0 1.000000
radio
  0 -4.860748 -2.731827 10.183517 -0.316634 -0.898603 0.303737 0.568673 0.897636 1 0 1.000000
  0 -3.975604 -2.731827 10.985670 -0.258973 -0.898198 0.355208 0.594748 0.920538 1 0 1.000000
  0 -4.207266 -2.238796 11.741966 -0.343897 -0.763947 0.546003 0.587923 0.945710 1 0 1.000000
radio
  0 -3.975604 -2.731827 10.985670 -0.258973 -0.898198 0.355208 0.594748 0.920538 1 0 1.000000
  0 -3.217152 -2.238796 12.235148 -0.247080 -0.737315 0.628743 0.617091 0.959790 1 0 1.000000
  0 -4.207266 -2.238796 11.741966 -0.343897 -0.763947 0.546003 0.587923 0.945710 1 0 1.000000
radio
  0 -3.975604 -2.731827 10.985670 -0.258973 -0.898198 0.355208 0.594748 0.920538 1 0 1.000000
  0 -3.042799 -2.731827 11.551776 -0.192328 -0.892367 0.408279 0.622227 0.936700 1 0 1.000000
  0 -3.217152 -2.238796 12.235148 -0.247080 -0.737315 0.628743 0.617091 0.959790 1 0 1.000000
radio
  0 -1.104418 -2.238796 12.706806 -0.073987 -0.688855 0.721113 0.679330 0.973256 1 0 1.000000
  0 0.000000 -1.706985 13.139281 -0.000001 -0.496747 0.867895 0.711865 0.989465 1 0 1.000000
  0 -1.144157 -1.706985 13.090699 -0.077698 -0.502273 0.861211 0.678159 0.988077 1 0 1.000000
radio
  0 -2.182171 -2.238796 12.539939 -0.155238 -0.708980 0.687931 0.647581 0.968492 1 0 1.000000
  0 -1.104418 -2.238796 12.706806 -0.073987 -0.688855 0.721113 0.679330 0.973256 1 0 1.000000
  0 -1.144157 -1.706985 13.090699 -0.077698 -0.502273 0.861211 0.678159 0.988077 1 0 1.000000
radio
  0 -2.182171 -2.238796 12.539939 -0.155238 -0.708980 0.687931 0.647581 0.968492 1 0 1.000000
  0 -1.144157 -1.706985 13.090699 -0.077698 -0.502273 0.861211 0.678159 0.988077 1 0 1.000000
  0 -2.255216 -1.706985 12.940269 -0.165490 -0.519230 0.838459 0.645429 0.983782 1 0 1.000000
radio
  0 -3.217152 -2.238796 12.235148 -0.247080 -0.737315 0.628743 0.617091 0.959790 1 0 1.000000
  0 -2.182171 -2.238796 12.539939 -0.155238 -0.708980 0.687931 0.647581 0.968492 1 0 1.000000
  0 -2.255216 -1.706985 12.940269 -0.165490 -0.519230 0.838459 0.645429 0.983782 1 0 1.000000
radio
  0 -3.217152 -2.238796 12.235148 -0.247080 -0.737315 0.628743 0.617091 0.959790 1 0 1.000000
  0 -2.255216 -1.706985 12.940269 -0.165490 -0.519230 0.838459 0.645429 0.983782 1 0 1.000000
  0 -3.316586 -1.706985 12.669659 -0.271142 -0.547386 0.791739 0.614162 0.976056 1 0 1.000000
radio
  0 -4.207266 -2.238796 11.741966 -0.343897 -0.763947 0.546003 0.587923 0.945710 1 0 1.000000
  0 -3.217152 -2.238796 12.235148 -0.247080 -0.737315 0.628743 0.617091 0.959790 1 0 1.000000
  0 -3.316586 -1.706985 12.669659 -0.271142 -0.547386 0.791739 0.614162 0.976056 1 0 1.000000
radio
  0 -4.207266 -2.238796 11.741966 -0.343897 -0.763947 0.546003 0.587923 0.945710 1 0 1.000000
  0 -3.316586 -1.706985 12.669659 -0.271142 -0.547386 0.791739 0.614162 0.976056 1 0 1.000000
  0 -4.334811 -1.706985 12.235148 -0.392584 -0.582720 0.711559 0.584166 0.963651 1 0 1.000000
radio
  0 -5.159197 -2.238796 10.985670 -0.427725 -0.780518 0.455899 0.559881 0.924117 1 0 1.000000
  0 -4.207266 -2.238796 11.741966 -0.343897 -0.763947 0.546003 0.587923 0.945710 1 0 1.000000
  0 -4.334811 -1.706985 12.235148 -0.392584 -0.582720 0.711559 0.584166 0.963651 1 0 1.000000
radio
  0 -5.159197 -2.238796 10.985670 -0.427725 -0.780518 0.455899 0.559881 0.924117 1 0 1.000000
  0 -4.334811 -1.706985 12.235148 -0.392584 -0.582720 0.711559 0.584166 0.963651 1 0 1.000000
  0 -5.331574 -1.706985 11.551776 -0.506166 -0.615922 0.603685 0.554802 0.944140 1 0 1.000000
radio
  0 -6.086732 -2.238796 9.931332 -0.483893 -0.789908 0.376686 0.532556 0.894015 1 0 1.000000
  0 -5.159197 -2.238796 10.985670 -0.427725 -0.780518 0.455899 0.559881 0.924117 1 0 1.000000
  0 -5.331574 -1.706985 11.551776 -0.506166 -0.615922 0.603685 0.554802 0.944140 1 0 1.000000
radio
  0 -6.086732 -2.238796 9.931332 -0.483893 -0.789908 0.376686 0.532556 0.894015 1 0 1.000000
  0 -5.331574 -1.706985 11.551776 -0.506166 -0.615922 0.603685 0.554802 0.944140 1 0 1.000000
  0 -6.333580 -1.706985 10.526165 -0.583329 -0.643178 0.496034 0.525284 0.914859 1 0 1.000000
radio
  0 -6.975353 -2.238796 8.605644 -0.518073 -0.797912 0.308118 0.506378 0.856166 1 0 1.000000
  0 -6.086732 -2.238796 9.931332 -0.483893 -0.789908 0.376686 0.532556 0.894015 1 0 1.000000
  0 -6.333580 -1.706985 10.526165 -0.583329 -0.643178 0.496034 0.525284 0.914859 1 0 1.000000
radio
  0 -6.975353 -2.238796 8.605644 -0.518073 -0.797912 0.308118 0.506378 0.856166 1 0 1.000000
  0 -6.333580 -1.706985 10.526165 -0.583329 -0.643178 0.496034 0.525284 0.914859 1 0 1.000000
  0 -7.327507 -1.706985 9.163707 -0.627046 -0.667059 0.402299 0.496004 0.875960 1 0 1.000000
radio
  0 -7.749307 -2.238796 7.097168 -0.545121 -0.803843 0.238073 0.483578 0.813098 1 0 1.000000
  0 -6.975353 -2.238796 8.605644 -0.518073 -0.797912 0.308118 0.506378 0.856166 1 0 1.000000
  0 -7.327507 -1.706985 9.163707 -0.627046 -0.667059 0.402299 0.496004 0.875960 1 0 1.000000
radio
  0 -7.749307 -2.238796 7.097168 -0.545121 -0.803843 0.238073 0.483578 0.813098 1 0 1.000000
  0 -7.327507 -1.706985 9.163707 -0.627046 -0.667059 0.402299 0.496004 0.875960 1 0 1.000000
  0 -8.216546 -1.706985 7.560613 -0.659851 -0.685249 0.308270 0.469814 0.830191 1 0 1.000000
radio
  0 -8.331398 -2.238796 5.469432 -0.570067 -0.804618 0.166171 0.466431 0.766626 1 0 1.000000
  0 -7.749307 -2.238796 7.097168 -0.545121 -0.803843 0.238073 0.483578 0.813098 1 0 1.000000
  0 -8.216546 -1.706985 7.560613 -0.659851 -0.685249 0.308270 0.469814 0.830191 1 0 1.000000
radio
  0 -8.331398 -2.238796 5.469432 -0.570067 -0.804618 0.166171 0.466431 0.766626 1 0 1.000000
  0 -8.216546 -1.706985 7.560613 -0.659851 -0.685249 0.308270 0.469814 0.830191 1 0 1.000000
  0 -8.878797 -1.706985 5.824138 -0.689675 -0.692921 0.210261 0.450305 0.780614 1 0 1.000000
radio
  0 -8.717780 -2.238796 3.750847 -0.589278 -0.801180 0.104221 0.455048 0.717559 1 0 1.000000
  0 -8.331398 -2.238796 5.469432 -0.570067 -0.804618 0.166171 0.466431 0.766626 1 0 1.000000
  0 -8.878797 -1.706985 5.824138 -0.689675 -0.692921 0.210261 0.450305 0.780614 1 0 1.000000
radio
  0 -8.717780 -2.238796 3.750847 -0.589278 -0.801180 0.104221 0.455048 0.717559 1 0 1.000000
  0 -8.878797 -1.706985 5.824138 -0.689675 -0.692921 0.210261 0.450305 0.780614 1 0 1.000000
  0 -9.300165 -1.706985 3.990744 -0.711266 -0.691262 0.127506 0.437892 0.728269 1 0 1.000000
radio
  0 -8.948098 -2.238796 1.970818 -0.601052 -0.797547 0.051521 0.448263 0.666739 1 0 1.000000
  0 -8.717780 -2.238796 3.750847 -0.589278 -0.801180 0.104221 0.455048 0.717559 1 0 1.000000
  0 -9.300165 -1.706985 3.990744 -0.711266 -0.691262 0.127506 0.437892 0.728269 1 0 1.000000
radio
  0 -8.948098 -2.238796 1.970818 -0.601052 -0.797547 0.051521 0.448263 0.666739 1 0 1.000000
  0 -9.300165 -1.706985 3.990744 -0.711266 -0.691262 0.127506 0.437892 0.728269 1 0 1.000000
  0 -9.545868 -1.706985 2.091801 -0.723716 -0.687301 0.062061 0.430654 0.674054 1 0 1.000000
radio
  0 -9.025311 -2.238796 0.159802 -0.604933 -0.795859 0.025791 0.445989 0.615033 1 0 1.000000
  0 -8.948098 -2.238796 1.970818 -0.601052 -0.797547 0.051521 0.448263 0.666739 1 0 1.000000
  0 -9.545868 -1.706985 2.091801 -0.723716 -0.687301 0.062061 0.430654 0.674054 1 0 1.000000
radio
  0 -9.025311 -2.238796 0.159802 -0.604933 -0.795859 0.025791 0.445989 0.615033 1 0 1.000000
  0 -9.545868 -1.706985 2.091801 -0.723716 -0.687301 0.062061 0.430654 0.674054 1 0 1.000000
  0 -9.628239 -1.706985 0.159802 -0.727689 -0.685205 0.031025 0.428227 0.618894 1 0 1.000000
radio
  0 9.545868 -1.706985 2.091801 0.723716 -0.687301 0.062061 0.883881 0.291427 1 0 1.000000
  0 9.628239 -1.706985 0.159802 0.727689 -0.685205 0.031025 0.883881 0.232691 1 0 1.000000
  0 10.066426 -1.145491 0.159802 0.854146 -0.518756 0.036417 0.901703 0.228091 1 0 1.000000
radio
  0 9.980307 -1.145491 2.179728 0.850476 -0.520929 0.072966 0.901703 0.289500 1 0 1.000000
  0 10.066426 -1.145491 0.159802 0.854146 -0.518756 0.036417 0.901703 0.228091 1 0 1.000000
  0 10.332374 -0.563922 0.159802 0.957662 -0.284986 0.040830 0.920162 0.225299 1 0 1.000000
radio
  0 9.545868 -1.706985 2.091801 0.723716 -0.687301 0.062061 0.883881 0.291427 1 0 1.000000
  0 10.066426 -1.145491 0.159802 0.854146 -0.518756 0.036417 0.901703 0.228091 1 0 1.000000
  0 9.980307 -1.145491 2.179728 0.850476 -0.520929 0.072966 0.901703 0.289500 1 0 1.000000
radio
  0 9.300165 -1.706985 3.990744 0.711266 -0.691262 0.127506 0.883881 0.350887 1 0 1.000000
  0 9.545868 -1.706985 2.091801 0.723716 -0.687301 0.062061 0.883881 0.291427 1 0 1.000000
  0 9.980307 -1.145491 2.179728 0.850476 -0.520929 0.072966 0.901703 0.289500 1 0 1.000000
radio
  0 10.243979 -0.563923 2.233093 0.954579 -0.286472 0.081935 0.920162 0.288331 1 0 1.000000
  0 10.332374 -0.563922 0.159802 0.957662 -0.284986 0.040830 0.920162 0.225299 1 0 1.000000
  0 10.421531 0.027770 0.159802 0.999092 0.000000 0.042596 0.938942 0.224363 1 0 1.000000
radio
  0 9.980307 -1.145491 2.179728 0.850476 -0.520929 0.072966 0.901703 0.289500 1 0 1.000000
  0 10.332374 -0.563922 0.159802 0.957662 -0.284986 0.040830 0.920162 0.225299 1 0 1.000000
  0 10.243979 -0.563923 2.233093 0.954579 -0.286472 0.081935 0.920162 0.288331 1 0 1.000000
radio
  0 9.723421 -1.145491 4.165092 0.837684 -0.524478 0.152343 0.901703 0.351667 1 0 1.000000
  0 9.980307 -1.145491 2.179728 0.850476 -0.520929 0.072966 0.901703 0.289500 1 0 1.000000
  0 10.243979 -0.563923 2.233093 0.954579 -0.286472 0.081935 0.920162 0.288331 1 0 1.000000
radio
  0 9.300165 -1.706985 3.990744 0.711266 -0.691262 0.127506 0.883881 0.350887 1 0 1.000000
  0 9.980307 -1.145491 2.179728 0.850476 -0.520929 0.072966 0.901703 0.289500 1 0 1.000000
  0 9.723421 -1.145491 4.165092 0.837684 -0.524478 0.152343 0.901703 0.351667 1 0 1.000000
radio
  0 8.878797 -1.706985 5.824138 0.689675 -0.692921 0.210261 0.883881 0.410228 1 0 1.000000
  0 9.300165 -1.706985 3.990744 0.711266 -0.691262 0.127506 0.883881 0.350887 1 0 1.000000
  0 9.723421 -1.145491 4.165092 0.837684 -0.524478 0.152343 0.901703 0.351667 1 0 1.000000
radio
  0 10.332374 0.027770 2.250983 0.996335 0.000000 0.085535 0.938942 0.287939 1 0 1.000000
  0 10.421531 0.027770 0.159802 0.999092 0.000000 0.042596 0.938942 0.224363 1 0 1.000000
  0 10.332374 0.619463 0.159802 0.957662 0.284986 0.040830 0.957723 0.225299 1 0 1.000000
radio
  0 10.243979 -0.563923 2.233093 0.954579 -0.286472 0.081935 0.920162 0.288331 1 0 1.000000
  0 10.421531 0.027770 0.159802 0.999092 0.000000 0.042596 0.938942 0.224363 1 0 1.000000
  0 10.332374 0.027770 2.250983 0.996335 0.000000 0.085535 0.938942 0.287939 1 0 1.000000
radio
  0 9.980300 -0.563922 4.270911 0.941659 -0.288633 0.173114 0.920162 0.352140 1 0 1.000000
  0 10.243979 -0.563923 2.233093 0.954579 -0.286472 0.081935 0.920162 0.288331 1 0 1.000000
  0 10.332374 0.027770 2.250983 0.996335 0.000000 0.085535 0.938942 0.287939 1 0 1.000000
radio
  0 9.723421 -1.145491 4.165092 0.837684 -0.524478 0.152343 0.901703 0.351667 1 0 1.000000
  0 10.243979 -0.563923 2.233093 0.954579 -0.286472 0.081935 0.920162 0.288331 1 0 1.000000
  0 9.980300 -0.563922 4.270911 0.941659 -0.288633 0.173114 0.920162 0.352140 1 0 1.000000
radio
  0 9.271965 -1.145491 6.081924 0.812007 -0.523573 0.257907 0.901703 0.413822 1 0 1.000000
  0 9.723421 -1.145491 4.165092 0.837684 -0.524478 0.152343 0.901703 0.351667 1 0 1.000000
  0 9.980300 -0.563922 4.270911 0.941659 -0.288633 0.173114 0.920162 0.352140 1 0 1.000000
radio
  0 8.878797 -1.706985 5.824138 0.689675 -0.692921 0.210261 0.883881 0.410228 1 0 1.000000
  0 9.723421 -1.145491 4.165092 0.837684 -0.524478 0.152343 0.901703 0.351667 1 0 1.000000
  0 9.271965 -1.145491 6.081924 0.812007 -0.523573 0.257907 0.901703 0.413822 1 0 1.000000
radio
  0 8.216546 -1.706985 7.560613 0.659848 -0.685258 0.308256 0.883881 0.469194 1 0 1.000000
  0 8.878797 -1.706985 5.824138 0.689675 -0.692921 0.210261 0.883881 0.410228 1 0 1.000000
  0 9.271965 -1.145491 6.081924 0.812007 -0.523573 0.257907 0.901703 0.413822 1 0 1.000000
radio
  0 10.243979 0.619462 2.233093 0.954579 0.286472 0.081935 0.957723 0.288331 1 0 1.000000
  0 10.332374 0.619463 0.159802 0.957662 0.284986 0.040830 0.957723 0.225299 1 0 1.000000
  0 10.066426 1.201031 0.159802 0.854146 0.518756 0.036417 0.976182 0.228091 1 0 1.000000
radio
  0 10.332374 0.027770 2.250983 0.996335 0.000000 0.085535 0.938942 0.287939 1 0 1.000000
  0 10.332374 0.619463 0.159802 0.957662 0.284986 0.040830 0.957723 0.225299 1 0 1.000000
  0 10.243979 0.619462 2.233093 0.954579 0.286472 0.081935 0.957723 0.288331 1 0 1.000000
radio
  0 10.066413 0.027770 4.306384 0.983390 0.000000 0.181506 0.938942 0.352298 1 0 1.000000
  0 10.332374 0.027770 2.250983 0.996335 0.000000 0.085535 0.938942 0.287939 1 0 1.000000
  0 10.243979 0.619462 2.233093 0.954579 0.286472 0.081935 0.957723 0.288331 1 0 1.000000
radio
  0 9.980300 -0.563922 4.270911 0.941659 -0.288633 0.173114 0.920162 0.352140 1 0 1.000000
  0 10.332374 0.027770 2.250983 0.996335 0.000000 0.085535 0.938942 0.287939 1 0 1.000000
  0 10.066413 0.027770 4.306384 0.983390 0.000000 0.181506 0.938942 0.352298 1 0 1.000000
radio
  0 9.508083 -0.563923 6.238383 0.910664 -0.286743 0.297437 0.920162 0.416030 1 0 1.000000
  0 9.980300 -0.563922 4.270911 0.941659 -0.288633 0.173114 0.920162 0.352140 1 0 1.000000
  0 10.066413 0.027770 4.306384 0.983390 0.000000 0.181506 0.938942 0.352298 1 0 1.000000
radio
  0 9.271965 -1.145491 6.081924 0.812007 -0.523573 0.257907 0.901703 0.413822 1 0 1.000000
  0 9.980300 -0.563922 4.270911 0.941659 -0.288633 0.173114 0.920162 0.352140 1 0 1.000000
  0 9.508083 -0.563923 6.238383 0.910664 -0.286743 0.297437 0.920162 0.416030 1 0 1.000000
radio
  0 8.538082 -1.145491 7.897428 0.771286 -0.509354 0.381676 0.901703 0.475908 1 0 1.000000
  0 9.271965 -1.145491 6.081924 0.812007 -0.523573 0.257907 0.901703 0.413822 1 0 1.000000
  0 9.508083 -0.563923 6.238383 0.910664 -0.286743 0.297437 0.920162 0.416030 1 0 1.000000
radio
  0 8.216546 -1.706985 7.560613 0.659848 -0.685258 0.308256 0.883881 0.469194 1 0 1.000000
  0 9.271965 -1.145491 6.081924 0.812007 -0.523573 0.257907 0.901703 0.413822 1 0 1.000000
  0 8.538082 -1.145491 7.897428 0.771286 -0.509354 0.381676 0.901703 0.475908 1 0 1.000000
radio
  0 7.327553 -1.706985 9.163707 0.627055 -0.667120 0.402185 0.883881 0.526546 1 0 1.000000
  0 8.216546 -1.706985 7.560613 0.659848 -0.685258 0.308256 0.883881 0.469194 1 0 1.000000
  0 8.538082 -1.145491 7.897428 0.771286 -0.509354 0.381676 0.901703 0.475908 1 0 1.000000
radio
  0 8.538082 -1.145491 7.897428 0.771286 -0.509354 0.381676 0.901703 0.475908 1 0 1.000000
  0 9.508083 -0.563923 6.238383 0.910664 -0.286743 0.297437 0.920162 0.416030 1 0 1.000000
  0 8.724135 -0.563923 8.101851 0.855317 -0.274237 0.439575 0.920162 0.480078 1 0 1.000000
radio
  0 7.550578 -1.145491 9.561611 0.723251 -0.481455 0.495084 0.901703 0.536123 1 0 1.000000
  0 8.538082 -1.145491 7.897428 0.771286 -0.509354 0.381676 0.901703 0.475908 1 0 1.000000
  0 8.724135 -0.563923 8.101851 0.855317 -0.274237 0.439575 0.920162 0.480078 1 0 1.000000
radio
  0 7.327553 -1.706985 9.163707 0.627055 -0.667120 0.402185 0.883881 0.526546 1 0 1.000000
  0 8.538082 -1.145491 7.897428 0.771286 -0.509354 0.381676 0.901703 0.475908 1 0 1.000000
  0 7.550578 -1.145491 9.561611 0.723251 -0.481455 0.495084 0.901703 0.536123 1 0 1.000000
radio
  0 6.334082 -1.706985 10.526165 0.583348 -0.643372 0.495760 0.883881 0.577786 1 0 1.000000
  0 7.327553 -1.706985 9.163707 0.627055 -0.667120 0.402185 0.883881 0.526546 1 0 1.000000
  0 7.550578 -1.145491 9.561611 0.723251 -0.481455 0.495084 0.901703 0.536123 1 0 1.000000
radio
  0 6.334082 -1.706985 10.526165 0.583348 -0.643372 0.495760 0.883881 0.577786 1 0 1.000000
  0 7.550578 -1.145491 9.561611 0.723251 -0.481455 0.495084 0.901703 0.536123 1 0 1.000000
  0 6.472730 -1.145491 10.932313 0.658806 -0.446356 0.605592 0.901703 0.588496 1 0 1.000000
radio
  0 7.550578 -1.145491 9.561611 0.723251 -0.481455 0.495084 0.901703 0.536123 1 0 1.000000
  0 8.724135 -0.563923 8.101851 0.855317 -0.274237 0.439575 0.920162 0.480078 1 0 1.000000
  0 7.670653 -0.563923 9.798605 0.787311 -0.251795 0.562798 0.920162 0.541962 1 0 1.000000
radio
  0 6.472730 -1.145491 10.932313 0.658806 -0.446356 0.605592 0.901703 0.588496 1 0 1.000000
  0 7.550578 -1.145491 9.561611 0.723251 -0.481455 0.495084 0.901703 0.536123 1 0 1.000000
  0 7.670653 -0.563923 9.798605 0.787311 -0.251795 0.562798 0.920162 0.541962 1 0 1.000000
radio
  0 6.472730 -1.145491 10.932313 0.658806 -0.446356 0.605592 0.901703 0.588496 1 0 1.000000
  0 7.670653 -0.563923 9.798605 0.787311 -0.251795 0.562798 0.920162 0.541962 1 0 1.000000
  0 6.538247 -0.563923 11.165956 0.699397 -0.224990 0.678398 0.920162 0.594807 1 0 1.000000
radio
  0 8.724135 -0.563923 8.101851 0.855317 -0.274237 0.439575 0.920162 0.480078 1 0 1.000000
  0 9.586751 0.027770 6.290834 0.949677 0.000000 0.313231 0.938942 0.416776 1 0 1.000000
  0 8.784783 0.027770 8.170382 0.886968 0.000000 0.461830 0.938942 0.481494 1 0 1.000000
radio
  0 7.670653 -0.563923 9.798605 0.787311 -0.251795 0.562798 0.920162 0.541962 1 0 1.000000
  0 8.724135 -0.563923 8.101851 0.855317 -0.274237 0.439575 0.920162 0.480078 1 0 1.000000
  0 8.784783 0.027770 8.170382 0.886968 0.000000 0.461830 0.938942 0.481494 1 0 1.000000
radio
  0 7.670653 -0.563923 9.798605 0.787311 -0.251795 0.562798 0.920162 0.541962 1 0 1.000000
  0 8.784783 0.027770 8.170382 0.886968 0.000000 0.461830 0.938942 0.481494 1 0 1.000000
  0 7.708156 0.027770 9.877155 0.809326 0.000000 0.587360 0.938942 0.543921 1 0 1.000000
radio
  0 6.538247 -0.563923 11.165956 0.699397 -0.224990 0.678398 0.920162 0.594807 1 0 1.000000
  0 7.670653 -0.563923 9.798605 0.787311 -0.251795 0.562798 0.920162 0.541962 1 0 1.000000
  0 7.708156 0.027770 9.877155 0.809326 0.000000 0.587360 0.938942 0.543921 1 0 1.000000
radio
  0 6.538247 -0.563923 11.165956 0.699397 -0.224990 0.678398 0.920162 0.594807 1 0 1.000000
  0 7.708156 0.027770 9.877155 0.809326 0.000000 0.587360 0.938942 0.543921 1 0 1.000000
  0 6.556893 0.027770 11.241893 0.711138 0.000000 0.703052 0.938942 0.596886 1 0 1.000000
radio
  0 9.586751 0.027770 6.290834 0.949677 0.000000 0.313231 0.938942 0.416776 1 0 1.000000
  0 9.980300 0.619462 4.270911 0.941659 0.288633 0.173114 0.957723 0.352140 1 0 1.000000
  0 9.508083 0.619462 6.238383 0.910664 0.286743 0.297437 0.957723 0.416030 1 0 1.000000
radio
  0 8.784783 0.027770 8.170382 0.886968 0.000000 0.461830 0.938942 0.481494 1 0 1.000000
  0 9.586751 0.027770 6.290834 0.949677 0.000000 0.313231 0.938942 0.416776 1 0 1.000000
  0 9.508083 0.619462 6.238383 0.910664 0.286743 0.297437 0.957723 0.416030 1 0 1.000000
radio
  0 8.784783 0.027770 8.170382 0.886968 0.000000 0.461830 0.938942 0.481494 1 0 1.000000
  0 9.508083 0.619462 6.238383 0.910664 0.286743 0.297437 0.957723 0.416030 1 0 1.000000
  0 8.724135 0.619462 8.101851 0.855317 0.274237 0.439575 0.957723 0.480078 1 0 1.000000
radio
  0 7.708156 0.027770 9.877155 0.809326 0.000000 0.587360 0.938942 0.543921 1 0 1.000000
  0 8.784783 0.027770 8.170382 0.886968 0.000000 0.461830 0.938942 0.481494 1 0 1.000000
  0 8.724135 0.619462 8.101851 0.855317 0.274237 0.439575 0.957723 0.480078 1 0 1.000000
radio
  0 7.708156 0.027770 9.877155 0.809326 0.000000 0.587360 0.938942 0.543921 1 0 1.000000
  0 8.724135 0.619462 8.101851 0.855317 0.274237 0.439575 0.957723 0.480078 1 0 1.000000
  0 7.670653 0.619462 9.798605 0.787311 0.251795 0.562798 0.957723 0.541962 1 0 1.000000
radio
  0 6.556893 0.027770 11.241893 0.711138 0.000000 0.703052 0.938942 0.596886 1 0 1.000000
  0 7.708156 0.027770 9.877155 0.809326 0.000000 0.587360 0.938942 0.543921 1 0 1.000000
  0 7.670653 0.619462 9.798605 0.787311 0.251795 0.562798 0.957723 0.541962 1 0 1.000000
radio
  0 6.556893 0.027770 11.241893 0.711138 0.000000 0.703052 0.938942 0.596886 1 0 1.000000
  0 7.670653 0.619462 9.798605 0.787311 0.251795 0.562798 0.957723 0.541962 1 0 1.000000
  0 6.538247 0.619462 11.165956 0.699397 0.224990 0.678398 0.957723 0.594807 1 0 1.000000
radio
  0 6.538247 0.619462 11.165956 0.699397 0.224990 0.678398 0.957723 0.594807 1 0 1.000000
  0 7.550578 1.201030 9.561611 0.723251 0.481455 0.495084 0.976182 0.536123 1 0 1.000000
  0 6.472730 1.201030 10.932313 0.658806 0.446356 0.605592 0.976182 0.588496 1 0 1.000000
radio
  0 6.538247 0.619462 11.165956 0.699397 0.224990 0.678398 0.957723 0.594807 1 0 1.000000
  0 7.670653 0.619462 9.798605 0.787311 0.251795 0.562798 0.957723 0.541962 1 0 1.000000
  0 7.550578 1.201030 9.561611 0.723251 0.481455 0.495084 0.976182 0.536123 1 0 1.000000
radio
  0 7.670653 0.619462 9.798605 0.787311 0.251795 0.562798 0.957723 0.541962 1 0 1.000000
  0 8.538082 1.201031 7.897428 0.771286 0.509354 0.381676 0.976182 0.475908 1 0 1.000000
  0 7.550578 1.201030 9.561611 0.723251 0.481455 0.495084 0.976182 0.536123 1 0 1.000000
radio
  0 7.670653 0.619462 9.798605 0.787311 0.251795 0.562798 0.957723 0.541962 1 0 1.000000
  0 8.724135 0.619462 8.101851 0.855317 0.274237 0.439575 0.957723 0.480078 1 0 1.000000
  0 8.538082 1.201031 7.897428 0.771286 0.509354 0.381676 0.976182 0.475908 1 0 1.000000
radio
  0 8.724135 0.619462 8.101851 0.855317 0.274237 0.439575 0.957723 0.480078 1 0 1.000000
  0 9.271965 1.201031 6.081924 0.812007 0.523573 0.257907 0.976182 0.413822 1 0 1.000000
  0 8.538082 1.201031 7.897428 0.771286 0.509354 0.381676 0.976182 0.475908 1 0 1.000000
radio
  0 8.724135 0.619462 8.101851 0.855317 0.274237 0.439575 0.957723 0.480078 1 0 1.000000
  0 9.508083 0.619462 6.238383 0.910664 0.286743 0.297437 0.957723 0.416030 1 0 1.000000
  0 9.271965 1.201031 6.081924 0.812007 0.523573 0.257907 0.976182 0.413822 1 0 1.000000
radio
  0 9.508083 0.619462 6.238383 0.910664 0.286743 0.297437 0.957723 0.416030 1 0 1.000000
  0 9.723421 1.201031 4.165092 0.837684 0.524478 0.152343 0.976182 0.351667 1 0 1.000000
  0 9.271965 1.201031 6.081924 0.812007 0.523573 0.257907 0.976182 0.413822 1 0 1.000000
radio
  0 9.508083 0.619462 6.238383 0.910664 0.286743 0.297437 0.957723 0.416030 1 0 1.000000
  0 9.980300 0.619462 4.270911 0.941659 0.288633 0.173114 0.957723 0.352140 1 0 1.000000
  0 9.723421 1.201031 4.165092 0.837684 0.524478 0.152343 0.976182 0.351667 1 0 1.000000
radio
  0 9.980300 0.619462 4.270911 0.941659 0.288633 0.173114 0.957723 0.352140 1 0 1.000000
  0 9.980307 1.201031 2.179728 0.850476 0.520929 0.072966 0.976182 0.289500 1 0 1.000000
  0 9.723421 1.201031 4.165092 0.837684 0.524478 0.152343 0.976182 0.351667 1 0 1.000000
radio
  0 6.472730 1.201030 10.932313 0.658806 0.446356 0.605592 0.976182 0.588496 1 0 1.000000
  0 7.327553 1.762524 9.163707 0.627055 0.667120 0.402185 0.994004 0.526546 1 0 1.000000
  0 6.334082 1.762524 10.526165 0.583348 0.643372 0.495760 0.994004 0.577786 1 0 1.000000
radio
  0 6.472730 1.201030 10.932313 0.658806 0.446356 0.605592 0.976182 0.588496 1 0 1.000000
  0 7.550578 1.201030 9.561611 0.723251 0.481455 0.495084 0.976182 0.536123 1 0 1.000000
  0 7.327553 1.762524 9.163707 0.627055 0.667120 0.402185 0.994004 0.526546 1 0 1.000000
radio
  0 7.550578 1.201030 9.561611 0.723251 0.481455 0.495084 0.976182 0.536123 1 0 1.000000
  0 8.216546 1.762524 7.560613 0.659848 0.685258 0.308256 0.994004 0.469194 1 0 1.000000
  0 7.327553 1.762524 9.163707 0.627055 0.667120 0.402185 0.994004 0.526546 1 0 1.000000
radio
  0 7.550578 1.201030 9.561611 0.723251 0.481455 0.495084 0.976182 0.536123 1 0 1.000000
  0 8.538082 1.201031 7.897428 0.771286 0.509354 0.381676 0.976182 0.475908 1 0 1.000000
  0 8.216546 1.762524 7.560613 0.659848 0.685258 0.308256 0.994004 0.469194 1 0 1.000000
radio
  0 8.538082 1.201031 7.897428 0.771286 0.509354 0.381676 0.976182 0.475908 1 0 1.000000
  0 8.878797 1.762524 5.824138 0.689675 0.692921 0.210261 0.994004 0.410228 1 0 1.000000
  0 8.216546 1.762524 7.560613 0.659848 0.685258 0.308256 0.994004 0.469194 1 0 1.000000
radio
  0 8.538082 1.201031 7.897428 0.771286 0.509354 0.381676 0.976182 0.475908 1 0 1.000000
  0 9.271965 1.201031 6.081924 0.812007 0.523573 0.257907 0.976182 0.413822 1 0 1.000000
  0 8.878797 1.762524 5.824138 0.689675 0.692921 0.210261 0.994004 0.410228 1 0 1.000000
radio
  0 9.271965 1.201031 6.081924 0.812007 0.523573 0.257907 0.976182 0.413822 1 0 1.000000
  0 9.300165 1.762525 3.990744 0.711266 0.691262 0.127506 0.994004 0.350887 1 0 1.000000
  0 8.878797 1.762524 5.824138 0.689675 0.692921 0.210261 0.994004 0.410228 1 0 1.000000
radio
  0 9.271965 1.201031 6.081924 0.812007 0.523573 0.257907 0.976182 0.413822 1 0 1.000000
  0 9.723421 1.201031 4.165092 0.837684 0.524478 0.152343 0.976182 0.351667 1 0 1.000000
  0 9.300165 1.762525 3.990744 0.711266 0.691262 0.127506 0.994004 0.350887 1 0 1.000000
radio
  0 9.723421 1.201031 4.165092 0.837684 0.524478 0.152343 0.976182 0.351667 1 0 1.000000
  0 9.545868 1.762525 2.091801 0.723716 0.687301 0.062061 0.994004 0.291427 1 0 1.000000
  0 9.300165 1.762525 3.990744 0.711266 0.691262 0.127506 0.994004 0.350887 1 0 1.000000
radio
  0 9.723421 1.201031 4.165092 0.837684 0.524478 0.152343 0.976182 0.351667 1 0 1.000000
  0 9.980307 1.201031 2.179728 0.850476 0.520929 0.072966 0.976182 0.289500 1 0 1.000000
  0 9.545868 1.762525 2.091801 0.723716 0.687301 0.062061 0.994004 0.291427 1 0 1.000000
radio
  0 9.980307 1.201031 2.179728 0.850476 0.520929 0.072966 0.976182 0.289500 1 0 1.000000
  0 9.628239 1.762525 0.159802 0.727689 0.685205 0.031025 0.994004 0.232691 1 0 1.000000
  0 9.545868 1.762525 2.091801 0.723716 0.687301 0.062061 0.994004 0.291427 1 0 1.000000
radio
  0 9.980307 1.201031 2.179728 0.850476 0.520929 0.072966 0.976182 0.289500 1 0 1.000000
  0 10.066426 1.201031 0.159802 0.854146 0.518756 0.036417 0.976182 0.228091 1 0 1.000000
  0 9.628239 1.762525 0.159802 0.727689 0.685205 0.031025 0.994004 0.232691 1 0 1.000000
radio
  0 10.243979 0.619462 2.233093 0.954579 0.286472 0.081935 0.957723 0.288331 1 0 1.000000
  0 10.066426 1.201031 0.159802 0.854146 0.518756 0.036417 0.976182 0.228091 1 0 1.000000
  0 9.980307 1.201031 2.179728 0.850476 0.520929 0.072966 0.976182 0.289500 1 0 1.000000
radio
  0 9.980300 0.619462 4.270911 0.941659 0.288633 0.173114 0.957723 0.352140 1 0 1.000000
  0 10.243979 0.619462 2.233093 0.954579 0.286472 0.081935 0.957723 0.288331 1 0 1.000000
  0 9.980307 1.201031 2.179728 0.850476 0.520929 0.072966 0.976182 0.289500 1 0 1.000000
radio
  0 10.066413 0.027770 4.306384 0.983390 0.000000 0.181506 0.938942 0.352298 1 0 1.000000
  0 10.243979 0.619462 2.233093 0.954579 0.286472 0.081935 0.957723 0.288331 1 0 1.000000
  0 9.980300 0.619462 4.270911 0.941659 0.288633 0.173114 0.957723 0.352140 1 0 1.000000
radio
  0 9.586751 0.027770 6.290834 0.949677 0.000000 0.313231 0.938942 0.416776 1 0 1.000000
  0 10.066413 0.027770 4.306384 0.983390 0.000000 0.181506 0.938942 0.352298 1 0 1.000000
  0 9.980300 0.619462 4.270911 0.941659 0.288633 0.173114 0.957723 0.352140 1 0 1.000000
radio
  0 9.508083 -0.563923 6.238383 0.910664 -0.286743 0.297437 0.920162 0.416030 1 0 1.000000
  0 10.066413 0.027770 4.306384 0.983390 0.000000 0.181506 0.938942 0.352298 1 0 1.000000
  0 9.586751 0.027770 6.290834 0.949677 0.000000 0.313231 0.938942 0.416776 1 0 1.000000
radio
  0 8.724135 -0.563923 8.101851 0.855317 -0.274237 0.439575 0.920162 0.480078 1 0 1.000000
  0 9.508083 -0.563923 6.238383 0.910664 -0.286743 0.297437 0.920162 0.416030 1 0 1.000000
  0 9.586751 0.027770 6.290834 0.949677 0.000000 0.313231 0.938942 0.416776 1 0 1.000000
radio
  0 -6.471766 1.201030 10.932313 -0.658662 0.446056 0.605969 0.575722 0.168425 1 0 1.000000
  0 -5.331574 1.762524 11.551776 -0.506166 0.615922 0.603685 0.613266 0.185783 1 0 1.000000
  0 -6.333580 1.762524 10.526165 -0.583329 0.643178 0.496034 0.580666 0.186582 1 0 1.000000
radio
  0 -6.536877 0.619462 11.165956 -0.699089 0.224753 0.678793 0.573139 0.149556 1 0 1.000000
  0 -5.413746 1.201030 11.913075 -0.553670 0.409056 0.725343 0.610144 0.167581 1 0 1.000000
  0 -6.471766 1.201030 10.932313 -0.658662 0.446056 0.605969 0.575722 0.168425 1 0 1.000000
radio
  0 -6.471766 1.201030 10.932313 -0.658662 0.446056 0.605969 0.575722 0.168425 1 0 1.000000
  0 -5.413746 1.201030 11.913075 -0.553670 0.409056 0.725343 0.610144 0.167581 1 0 1.000000
  0 -5.331574 1.762524 11.551776 -0.506166 0.615922 0.603685 0.613266 0.185783 1 0 1.000000
radio
  0 -5.413746 1.201030 11.913075 -0.553670 0.409056 0.725343 0.610144 0.167581 1 0 1.000000
  0 -4.334811 1.762524 12.235148 -0.392584 0.582719 0.711559 0.645695 0.184987 1 0 1.000000
  0 -5.331574 1.762524 11.551776 -0.506166 0.615922 0.603685 0.613266 0.185783 1 0 1.000000
radio
  0 -6.555362 0.027770 11.241893 -0.710755 0.000000 0.703440 0.572066 0.130321 1 0 1.000000
  0 -5.444499 0.619462 12.111012 -0.571957 0.198750 0.795842 0.608679 0.148685 1 0 1.000000
  0 -6.536877 0.619462 11.165956 -0.699089 0.224753 0.678793 0.573139 0.149556 1 0 1.000000
radio
  0 -6.536877 0.619462 11.165956 -0.699089 0.224753 0.678793 0.573139 0.149556 1 0 1.000000
  0 -5.444499 0.619462 12.111012 -0.571957 0.198750 0.795842 0.608679 0.148685 1 0 1.000000
  0 -5.413746 1.201030 11.913075 -0.553670 0.409056 0.725343 0.610144 0.167581 1 0 1.000000
radio
  0 -5.444499 0.619462 12.111012 -0.571957 0.198750 0.795842 0.608679 0.148685 1 0 1.000000
  0 -4.392769 1.201030 12.539939 -0.415826 0.375132 0.828471 0.643360 0.166766 1 0 1.000000
  0 -5.413746 1.201030 11.913075 -0.553670 0.409056 0.725343 0.610144 0.167581 1 0 1.000000
radio
  0 -5.413746 1.201030 11.913075 -0.553670 0.409056 0.725343 0.610144 0.167581 1 0 1.000000
  0 -4.392769 1.201030 12.539939 -0.415826 0.375132 0.828471 0.643360 0.166766 1 0 1.000000
  0 -4.334811 1.762524 12.235148 -0.392584 0.582719 0.711559 0.645695 0.184987 1 0 1.000000
radio
  0 -4.392769 1.201030 12.539939 -0.415826 0.375132 0.828471 0.643360 0.166766 1 0 1.000000
  0 -3.316586 1.762524 12.669659 -0.271142 0.547386 0.791739 0.678822 0.184174 1 0 1.000000
  0 -4.334811 1.762524 12.235148 -0.392584 0.582719 0.711559 0.645695 0.184987 1 0 1.000000
radio
  0 -6.536877 -0.563923 11.165956 -0.699089 -0.224753 0.678793 0.572194 0.111056 1 0 1.000000
  0 -5.451514 0.027770 12.174041 -0.575684 0.000000 0.817672 0.607978 0.129440 1 0 1.000000
  0 -6.555362 0.027770 11.241893 -0.710755 0.000000 0.703440 0.572066 0.130321 1 0 1.000000
radio
  0 -6.555362 0.027770 11.241893 -0.710755 0.000000 0.703440 0.572066 0.130321 1 0 1.000000
  0 -5.451514 0.027770 12.174041 -0.575684 0.000000 0.817672 0.607978 0.129440 1 0 1.000000
  0 -5.444499 0.619462 12.111012 -0.571957 0.198750 0.795842 0.608679 0.148685 1 0 1.000000
radio
  0 -5.451514 0.027770 12.174041 -0.575684 0.000000 0.817672 0.607978 0.129440 1 0 1.000000
  0 -4.413210 0.619462 12.706806 -0.422976 0.179354 0.888213 0.642231 0.147861 1 0 1.000000
  0 -5.444499 0.619462 12.111012 -0.571957 0.198750 0.795842 0.608679 0.148685 1 0 1.000000
radio
  0 -5.444499 0.619462 12.111012 -0.571957 0.198750 0.795842 0.608679 0.148685 1 0 1.000000
  0 -4.413210 0.619462 12.706806 -0.422976 0.179354 0.888213 0.642231 0.147861 1 0 1.000000
  0 -4.392769 1.201030 12.539939 -0.415826 0.375132 0.828471 0.643360 0.166766 1 0 1.000000
radio
  0 -4.413210 0.619462 12.706806 -0.422976 0.179354 0.888213 0.642231 0.147861 1 0 1.000000
  0 -3.366703 1.201030 12.940269 -0.281836 0.349649 0.893484 0.676742 0.165947 1 0 1.000000
  0 -4.392769 1.201030 12.539939 -0.415826 0.375132 0.828471 0.643360 0.166766 1 0 1.000000
radio
  0 -4.392769 1.201030 12.539939 -0.415826 0.375132 0.828471 0.643360 0.166766 1 0 1.000000
  0 -3.366703 1.201030 12.940269 -0.281836 0.349649 0.893484 0.676742 0.165947 1 0 1.000000
  0 -3.316586 1.762524 12.669659 -0.271142 0.547386 0.791739 0.678822 0.184174 1 0 1.000000
radio
  0 -3.366703 1.201030 12.940269 -0.281836 0.349649 0.893484 0.676742 0.165947 1 0 1.000000
  0 -2.255216 1.762524 12.940269 -0.165490 0.519230 0.838459 0.713352 0.183327 1 0 1.000000
  0 -3.316586 1.762524 12.669659 -0.271142 0.547386 0.791739 0.678822 0.184174 1 0 1.000000
radio
  0 -6.471766 -1.145491 10.932313 -0.658662 -0.446056 0.605969 0.573848 0.092083 1 0 1.000000
  0 -5.444499 -0.563923 12.111012 -0.571957 -0.198750 0.795842 0.607734 0.110184 1 0 1.000000
  0 -6.536877 -0.563923 11.165956 -0.699089 -0.224753 0.678793 0.572194 0.111056 1 0 1.000000
radio
  0 -6.536877 -0.563923 11.165956 -0.699089 -0.224753 0.678793 0.572194 0.111056 1 0 1.000000
  0 -5.444499 -0.563923 12.111012 -0.571957 -0.198750 0.795842 0.607734 0.110184 1 0 1.000000
  0 -5.451514 0.027770 12.174041 -0.575684 0.000000 0.817672 0.607978 0.129440 1 0 1.000000
radio
  0 -5.444499 -0.563923 12.111012 -0.571957 -0.198750 0.795842 0.607734 0.110184 1 0 1.000000
  0 -4.417531 0.027769 12.760085 -0.424242 0.000000 0.905549 0.641618 0.128615 1 0 1.000000
  0 -5.451514 0.027770 12.174041 -0.575684 0.000000 0.817672 0.607978 0.129440 1 0 1.000000
radio
  0 -5.451514 0.027770 12.174041 -0.575684 0.000000 0.817672 0.607978 0.129440 1 0 1.000000
  0 -4.417531 0.027769 12.760085 -0.424242 0.000000 0.905549 0.641618 0.128615 1 0 1.000000
  0 -4.413210 0.619462 12.706806 -0.422976 0.179354 0.888213 0.642231 0.147861 1 0 1.000000
radio
  0 -4.417531 0.027769 12.760085 -0.424242 0.000000 0.905549 0.641618 0.128615 1 0 1.000000
  0 -3.388116 0.619462 13.090699 -0.286372 0.168515 0.943183 0.675582 0.147043 1 0 1.000000
  0 -4.413210 0.619462 12.706806 -0.422976 0.179354 0.888213 0.642231 0.147861 1 0 1.000000
radio
  0 -4.413210 0.619462 12.706806 -0.422976 0.179354 0.888213 0.642231 0.147861 1 0 1.000000
  0 -3.388116 0.619462 13.090699 -0.286372 0.168515 0.943183 0.675582 0.147043 1 0 1.000000
  0 -3.366703 1.201030 12.940269 -0.281836 0.349649 0.893484 0.676742 0.165947 1 0 1.000000
radio
  0 -3.388116 0.619462 13.090699 -0.286372 0.168515 0.943183 0.675582 0.147043 1 0 1.000000
  0 -2.296448 1.201030 13.194438 -0.170741 0.333999 0.926980 0.711563 0.165092 1 0 1.000000
  0 -3.366703 1.201030 12.940269 -0.281836 0.349649 0.893484 0.676742 0.165947 1 0 1.000000
radio
  0 -3.366703 1.201030 12.940269 -0.281836 0.349649 0.893484 0.676742 0.165947 1 0 1.000000
  0 -2.296448 1.201030 13.194438 -0.170741 0.333999 0.926980 0.711563 0.165092 1 0 1.000000
  0 -2.255216 1.762524 12.940269 -0.165490 0.519230 0.838459 0.713352 0.183327 1 0 1.000000
radio
  0 -2.296448 1.201030 13.194438 -0.170741 0.333999 0.926980 0.711563 0.165092 1 0 1.000000
  0 -1.144157 1.762524 13.090699 -0.077698 0.502273 0.861211 0.749500 0.182440 1 0 1.000000
  0 -2.255216 1.762524 12.940269 -0.165490 0.519230 0.838459 0.713352 0.183327 1 0 1.000000
radio
  0 -6.333580 -1.706985 10.526165 -0.583329 -0.643178 0.496034 0.577895 0.073704 1 0 1.000000
  0 -5.413746 -1.145491 11.913075 -0.553670 -0.409056 0.725343 0.608270 0.091239 1 0 1.000000
  0 -6.471766 -1.145491 10.932313 -0.658662 -0.446056 0.605969 0.573848 0.092083 1 0 1.000000
radio
  0 -6.471766 -1.145491 10.932313 -0.658662 -0.446056 0.605969 0.573848 0.092083 1 0 1.000000
  0 -5.413746 -1.145491 11.913075 -0.553670 -0.409056 0.725343 0.608270 0.091239 1 0 1.000000
  0 -5.444499 -0.563923 12.111012 -0.571957 -0.198750 0.795842 0.607734 0.110184 1 0 1.000000
radio
  0 -5.413746 -1.145491 11.913075 -0.553670 -0.409056 0.725343 0.608270 0.091239 1 0 1.000000
  0 -4.413210 -0.563923 12.706806 -0.422976 -0.179354 0.888213 0.641286 0.109361 1 0 1.000000
  0 -5.444499 -0.563923 12.111012 -0.571957 -0.198750 0.795842 0.607734 0.110184 1 0 1.000000
radio
  0 -5.444499 -0.563923 12.111012 -0.571957 -0.198750 0.795842 0.607734 0.110184 1 0 1.000000
  0 -4.413210 -0.563923 12.706806 -0.422976 -0.179354 0.888213 0.641286 0.109361 1 0 1.000000
  0 -4.417531 0.027769 12.760085 -0.424242 0.000000 0.905549 0.641618 0.128615 1 0 1.000000
radio
  0 -4.413210 -0.563923 12.706806 -0.422976 -0.179354 0.888213 0.641286 0.109361 1 0 1.000000
  0 -3.393791 0.027769 13.139281 -0.287787 0.000000 0.957694 0.674924 0.127797 1 0 1.000000
  0 -4.417531 0.027769 12.760085 -0.424242 0.000000 0.905549 0.641618 0.128615 1 0 1.000000
radio
  0 -4.417531 0.027769 12.760085 -0.424242 0.000000 0.905549 0.641618 0.128615 1 0 1.000000
  0 -3.393791 0.027769 13.139281 -0.287787 0.000000 0.957694 0.674924 0.127797 1 0 1.000000
  0 -3.388116 0.619462 13.090699 -0.286372 0.168515 0.943183 0.675582 0.147043 1 0 1.000000
radio
  0 -3.393791 0.027769 13.139281 -0.287787 0.000000 0.957694 0.674924 0.127797 1 0 1.000000
  0 -2.316935 0.619462 13.339014 -0.174322 0.163536 0.971014 0.710431 0.146188 1 0 1.000000
  0 -3.388116 0.619462 13.090699 -0.286372 0.168515 0.943183 0.675582 0.147043 1 0 1.000000
radio
  0 -3.388116 0.619462 13.090699 -0.286372 0.168515 0.943183 0.675582 0.147043 1 0 1.000000
  0 -2.316935 0.619462 13.339014 -0.174322 0.163536 0.971014 0.710431 0.146188 1 0 1.000000
  0 -2.296448 1.201030 13.194438 -0.170741 0.333999 0.926980 0.711563 0.165092 1 0 1.000000
radio
  0 -2.316935 0.619462 13.339014 -0.174322 0.163536 0.971014 0.710431 0.146188 1 0 1.000000
  0 -1.168226 1.201030 13.339014 -0.080104 0.326133 0.941924 0.748268 0.164191 1 0 1.000000
  0 -2.296448 1.201030 13.194438 -0.170741 0.333999 0.926980 0.711563 0.165092 1 0 1.000000
radio
  0 -2.296448 1.201030 13.194438 -0.170741 0.333999 0.926980 0.711563 0.165092 1 0 1.000000
  0 -1.168226 1.201030 13.339014 -0.080104 0.326133 0.941924 0.748268 0.164191 1 0 1.000000
  0 -1.144157 1.762524 13.090699 -0.077698 0.502273 0.861211 0.749500 0.182440 1 0 1.000000
radio
  0 -1.168226 1.201030 13.339014 -0.080104 0.326133 0.941924 0.748268 0.164191 1 0 1.000000
  0 0.000000 1.762524 13.139281 -0.000001 0.496747 0.867895 0.786724 0.181526 1 0 1.000000
  0 -1.144157 1.762524 13.090699 -0.077698 0.502273 0.861211 0.749500 0.182440 1 0 1.000000
radio
  0 1.168306 1.201030 13.339014 0.080078 0.326141 0.941923 0.824285 0.162325 1 0 1.000000
  0 2.297001 1.201030 13.194438 0.170629 0.334054 0.926981 0.861006 0.161424 1 0 1.000000
  0 2.255600 1.762524 12.940269 0.165411 0.519282 0.838442 0.860107 0.179724 1 0 1.000000
radio
  0 1.168306 1.201030 13.339014 0.080078 0.326141 0.941923 0.824285 0.162325 1 0 1.000000
  0 2.255600 1.762524 12.940269 0.165411 0.519282 0.838442 0.860107 0.179724 1 0 1.000000
  0 1.144214 1.762524 13.090699 0.077680 0.502280 0.861209 0.823950 0.180612 1 0 1.000000
radio
  0 0.000000 1.201030 13.386399 -0.000001 0.323853 0.946107 0.786275 0.163258 1 0 1.000000
  0 1.168306 1.201030 13.339014 0.080078 0.326141 0.941923 0.824285 0.162325 1 0 1.000000
  0 1.144214 1.762524 13.090699 0.077680 0.502280 0.861209 0.823950 0.180612 1 0 1.000000
radio
  0 0.000000 1.201030 13.386399 -0.000001 0.323853 0.946107 0.786275 0.163258 1 0 1.000000
  0 1.144214 1.762524 13.090699 0.077680 0.502280 0.861209 0.823950 0.180612 1 0 1.000000
  0 0.000000 1.762524 13.139281 -0.000001 0.496747 0.867895 0.786724 0.181526 1 0 1.000000
radio
  0 -1.168226 1.201030 13.339014 -0.080104 0.326133 0.941924 0.748268 0.164191 1 0 1.000000
  0 0.000000 1.201030 13.386399 -0.000001 0.323853 0.946107 0.786275 0.163258 1 0 1.000000
  0 0.000000 1.762524 13.139281 -0.000001 0.496747 0.867895 0.786724 0.181526 1 0 1.000000
radio
  0 -1.181118 0.619462 13.482977 -0.082243 0.161764 0.983396 0.747384 0.145281 1 0 1.000000
  0 0.000000 1.201030 13.386399 -0.000001 0.323853 0.946107 0.786275 0.163258 1 0 1.000000
  0 -1.168226 1.201030 13.339014 -0.080104 0.326133 0.941924 0.748268 0.164191 1 0 1.000000
radio
  0 -2.316935 0.619462 13.339014 -0.174322 0.163536 0.971014 0.710431 0.146188 1 0 1.000000
  0 -1.181118 0.619462 13.482977 -0.082243 0.161764 0.983396 0.747384 0.145281 1 0 1.000000
  0 -1.168226 1.201030 13.339014 -0.080104 0.326133 0.941924 0.748268 0.164191 1 0 1.000000
radio
  0 -2.323078 0.027769 13.386399 -0.175789 0.000000 0.984428 0.709759 0.126943 1 0 1.000000
  0 -1.181118 0.619462 13.482977 -0.082243 0.161764 0.983396 0.747384 0.145281 1 0 1.000000
  0 -2.316935 0.619462 13.339014 -0.174322 0.163536 0.971014 0.710431 0.146188 1 0 1.000000
radio
  0 -3.393791 0.027769 13.139281 -0.287787 0.000000 0.957694 0.674924 0.127797 1 0 1.000000
  0 -2.323078 0.027769 13.386399 -0.175789 0.000000 0.984428 0.709759 0.126943 1 0 1.000000
  0 -2.316935 0.619462 13.339014 -0.174322 0.163536 0.971014 0.710431 0.146188 1 0 1.000000
radio
  0 -3.388116 -0.563923 13.090699 -0.286372 -0.168516 0.943183 0.674636 0.108543 1 0 1.000000
  0 -2.323078 0.027769 13.386399 -0.175789 0.000000 0.984428 0.709759 0.126943 1 0 1.000000
  0 -3.393791 0.027769 13.139281 -0.287787 0.000000 0.957694 0.674924 0.127797 1 0 1.000000
radio
  0 -4.413210 -0.563923 12.706806 -0.422976 -0.179354 0.888213 0.641286 0.109361 1 0 1.000000
  0 -3.388116 -0.563923 13.090699 -0.286372 -0.168516 0.943183 0.674636 0.108543 1 0 1.000000
  0 -3.393791 0.027769 13.139281 -0.287787 0.000000 0.957694 0.674924 0.127797 1 0 1.000000
radio
  0 -4.392769 -1.145491 12.539939 -0.415826 -0.375132 0.828471 0.641486 0.090424 1 0 1.000000
  0 -3.388116 -0.563923 13.090699 -0.286372 -0.168516 0.943183 0.674636 0.108543 1 0 1.000000
  0 -4.413210 -0.563923 12.706806 -0.422976 -0.179354 0.888213 0.641286 0.109361 1 0 1.000000
radio
  0 -5.413746 -1.145491 11.913075 -0.553670 -0.409056 0.725343 0.608270 0.091239 1 0 1.000000
  0 -4.392769 -1.145491 12.539939 -0.415826 -0.375132 0.828471 0.641486 0.090424 1 0 1.000000
  0 -4.413210 -0.563923 12.706806 -0.422976 -0.179354 0.888213 0.641286 0.109361 1 0 1.000000
radio
  0 -5.331574 -1.706985 11.551776 -0.506166 -0.615922 0.603685 0.610495 0.072905 1 0 1.000000
  0 -4.392769 -1.145491 12.539939 -0.415826 -0.375132 0.828471 0.641486 0.090424 1 0 1.000000
  0 -5.413746 -1.145491 11.913075 -0.553670 -0.409056 0.725343 0.608270 0.091239 1 0 1.000000
radio
  0 -6.333580 -1.706985 10.526165 -0.583329 -0.643178 0.496034 0.577895 0.073704 1 0 1.000000
  0 -5.331574 -1.706985 11.551776 -0.506166 -0.615922 0.603685 0.610495 0.072905 1 0 1.000000
  0 -5.413746 -1.145491 11.913075 -0.553670 -0.409056 0.725343 0.608270 0.091239 1 0 1.000000
radio
  0 -1.181118 0.619462 13.482977 -0.082243 0.161764 0.983396 0.747384 0.145281 1 0 1.000000
  0 0.000000 0.619462 13.530699 -0.000002 0.161411 0.986887 0.785811 0.144337 1 0 1.000000
  0 0.000000 1.201030 13.386399 -0.000001 0.323853 0.946107 0.786275 0.163258 1 0 1.000000
radio
  0 -1.185181 0.027769 13.530699 -0.083180 0.000000 0.996534 0.746780 0.126034 1 0 1.000000
  0 0.000000 0.619462 13.530699 -0.000002 0.161411 0.986887 0.785811 0.144337 1 0 1.000000
  0 -1.181118 0.619462 13.482977 -0.082243 0.161764 0.983396 0.747384 0.145281 1 0 1.000000
radio
  0 -2.323078 0.027769 13.386399 -0.175789 0.000000 0.984428 0.709759 0.126943 1 0 1.000000
  0 -1.185181 0.027769 13.530699 -0.083180 0.000000 0.996534 0.746780 0.126034 1 0 1.000000
  0 -1.181118 0.619462 13.482977 -0.082243 0.161764 0.983396 0.747384 0.145281 1 0 1.000000
radio
  0 -2.316935 -0.563923 13.339014 -0.174322 -0.163536 0.971014 0.709486 0.107687 1 0 1.000000
  0 -1.185181 0.027769 13.530699 -0.083180 0.000000 0.996534 0.746780 0.126034 1 0 1.000000
  0 -2.323078 0.027769 13.386399 -0.175789 0.000000 0.984428 0.709759 0.126943 1 0 1.000000
radio
  0 -3.388116 -0.563923 13.090699 -0.286372 -0.168516 0.943183 0.674636 0.108543 1 0 1.000000
  0 -2.316935 -0.563923 13.339014 -0.174322 -0.163536 0.971014 0.709486 0.107687 1 0 1.000000
  0 -2.323078 0.027769 13.386399 -0.175789 0.000000 0.984428 0.709759 0.126943 1 0 1.000000
radio
  0 -3.366703 -1.145491 12.940269 -0.281836 -0.349649 0.893484 0.674868 0.089605 1 0 1.000000
  0 -2.316935 -0.563923 13.339014 -0.174322 -0.163536 0.971014 0.709486 0.107687 1 0 1.000000
  0 -3.388116 -0.563923 13.090699 -0.286372 -0.168516 0.943183 0.674636 0.108543 1 0 1.000000
radio
  0 -4.392769 -1.145491 12.539939 -0.415826 -0.375132 0.828471 0.641486 0.090424 1 0 1.000000
  0 -3.366703 -1.145491 12.940269 -0.281836 -0.349649 0.893484 0.674868 0.089605 1 0 1.000000
  0 -3.388116 -0.563923 13.090699 -0.286372 -0.168516 0.943183 0.674636 0.108543 1 0 1.000000
radio
  0 -4.334811 -1.706985 12.235148 -0.392584 -0.582720 0.711559 0.642924 0.072109 1 0 1.000000
  0 -3.366703 -1.145491 12.940269 -0.281836 -0.349649 0.893484 0.674868 0.089605 1 0 1.000000
  0 -4.392769 -1.145491 12.539939 -0.415826 -0.375132 0.828471 0.641486 0.090424 1 0 1.000000
radio
  0 -5.331574 -1.706985 11.551776 -0.506166 -0.615922 0.603685 0.610495 0.072905 1 0 1.000000
  0 -4.334811 -1.706985 12.235148 -0.392584 -0.582720 0.711559 0.642924 0.072109 1 0 1.000000
  0 -4.392769 -1.145491 12.539939 -0.415826 -0.375132 0.828471 0.641486 0.090424 1 0 1.000000
radio
  0 3.317538 -1.706985 12.669659 0.270989 -0.547559 0.791672 0.891886 0.065998 1 0 1.000000
  0 4.336165 -1.706985 12.235148 0.392443 -0.583041 0.711373 0.925026 0.065184 1 0 1.000000
  0 4.394898 -1.145491 12.539939 0.415680 -0.375532 0.828363 0.927385 0.083406 1 0 1.000000
radio
  0 3.317538 -1.706985 12.669659 0.270989 -0.547559 0.791672 0.891886 0.065998 1 0 1.000000
  0 4.394898 -1.145491 12.539939 0.415680 -0.375532 0.828363 0.927385 0.083406 1 0 1.000000
  0 3.368120 -1.145491 12.940269 0.281627 -0.349845 0.893473 0.893980 0.084226 1 0 1.000000
radio
  0 3.368120 -1.145491 12.940269 0.281627 -0.349845 0.893473 0.893980 0.084226 1 0 1.000000
  0 4.394898 -1.145491 12.539939 0.415680 -0.375532 0.828363 0.927385 0.083406 1 0 1.000000
  0 4.415934 -0.563923 12.706806 0.422842 -0.179627 0.888222 0.928534 0.102310 1 0 1.000000
radio
  0 3.368120 -1.145491 12.940269 0.281627 -0.349845 0.893473 0.893980 0.084226 1 0 1.000000
  0 4.415934 -0.563923 12.706806 0.422842 -0.179627 0.888222 0.928534 0.102310 1 0 1.000000
  0 3.389877 -0.563923 13.090699 0.286122 -0.168643 0.943236 0.895152 0.103129 1 0 1.000000
radio
  0 3.389877 -0.563923 13.090699 0.286122 -0.168643 0.943236 0.895152 0.103129 1 0 1.000000
  0 4.415934 -0.563923 12.706806 0.422842 -0.179627 0.888222 0.928534 0.102310 1 0 1.000000
  0 4.420478 0.027769 12.760085 0.424112 0.000000 0.905610 0.929154 0.121556 1 0 1.000000
radio
  0 3.389877 -0.563923 13.090699 0.286122 -0.168643 0.943236 0.895152 0.103129 1 0 1.000000
  0 4.420478 0.027769 12.760085 0.424112 0.000000 0.905610 0.929154 0.121556 1 0 1.000000
  0 3.395680 0.027769 13.139281 0.287522 0.000000 0.957774 0.895813 0.122375 1 0 1.000000
radio
  0 3.395680 0.027769 13.139281 0.287522 0.000000 0.957774 0.895813 0.122375 1 0 1.000000
  0 4.420478 0.027769 12.760085 0.424112 0.000000 0.905610 0.929154 0.121556 1 0 1.000000
  0 4.415934 0.619462 12.706806 0.422842 0.179627 0.888222 0.929479 0.140810 1 0 1.000000
radio
  0 3.395680 0.027769 13.139281 0.287522 0.000000 0.957774 0.895813 0.122375 1 0 1.000000
  0 4.415934 0.619462 12.706806 0.422842 0.179627 0.888222 0.929479 0.140810 1 0 1.000000
  0 3.389877 0.619462 13.090699 0.286122 0.168643 0.943236 0.896097 0.141630 1 0 1.000000
radio
  0 2.323799 0.027769 13.386399 0.175643 0.000000 0.984454 0.860941 0.123231 1 0 1.000000
  0 3.395680 0.027769 13.139281 0.287522 0.000000 0.957774 0.895813 0.122375 1 0 1.000000
  0 3.389877 0.619462 13.090699 0.286122 0.168643 0.943236 0.896097 0.141630 1 0 1.000000
radio
  0 2.323799 0.027769 13.386399 0.175643 0.000000 0.984454 0.860941 0.123231 1 0 1.000000
  0 3.389877 0.619462 13.090699 0.286122 0.168643 0.943236 0.896097 0.141630 1 0 1.000000
  0 2.317611 0.619462 13.339014 0.174185 0.163571 0.971032 0.861212 0.142486 1 0 1.000000
radio
  0 1.185285 0.027769 13.530699 0.083145 0.000000 0.996537 0.823900 0.124141 1 0 1.000000
  0 2.323799 0.027769 13.386399 0.175643 0.000000 0.984454 0.860941 0.123231 1 0 1.000000
  0 2.317611 0.619462 13.339014 0.174185 0.163571 0.971032 0.861212 0.142486 1 0 1.000000
radio
  0 1.185285 0.027769 13.530699 0.083145 0.000000 0.996537 0.823900 0.124141 1 0 1.000000
  0 2.317611 0.619462 13.339014 0.174185 0.163571 0.971032 0.861212 0.142486 1 0 1.000000
  0 1.181215 0.619462 13.482977 0.082210 0.161769 0.983398 0.824241 0.143394 1 0 1.000000
radio
  0 0.000000 0.027769 13.578730 -0.000002 0.000000 1.000000 0.785338 0.125087 1 0 1.000000
  0 1.185285 0.027769 13.530699 0.083145 0.000000 0.996537 0.823900 0.124141 1 0 1.000000
  0 1.181215 0.619462 13.482977 0.082210 0.161769 0.983398 0.824241 0.143394 1 0 1.000000
radio
  0 0.000000 0.027769 13.578730 -0.000002 0.000000 1.000000 0.785338 0.125087 1 0 1.000000
  0 1.181215 0.619462 13.482977 0.082210 0.161769 0.983398 0.824241 0.143394 1 0 1.000000
  0 0.000000 0.619462 13.530699 -0.000002 0.161411 0.986887 0.785811 0.144337 1 0 1.000000
radio
  0 -1.185181 0.027769 13.530699 -0.083180 0.000000 0.996534 0.746780 0.126034 1 0 1.000000
  0 0.000000 0.027769 13.578730 -0.000002 0.000000 1.000000 0.785338 0.125087 1 0 1.000000
  0 0.000000 0.619462 13.530699 -0.000002 0.161411 0.986887 0.785811 0.144337 1 0 1.000000
radio
  0 -1.181118 -0.563923 13.482977 -0.082243 -0.161764 0.983396 0.746439 0.106780 1 0 1.000000
  0 0.000000 0.027769 13.578730 -0.000002 0.000000 1.000000 0.785338 0.125087 1 0 1.000000
  0 -1.185181 0.027769 13.530699 -0.083180 0.000000 0.996534 0.746780 0.126034 1 0 1.000000
radio
  0 -2.316935 -0.563923 13.339014 -0.174322 -0.163536 0.971014 0.709486 0.107687 1 0 1.000000
  0 -1.181118 -0.563923 13.482977 -0.082243 -0.161764 0.983396 0.746439 0.106780 1 0 1.000000
  0 -1.185181 0.027769 13.530699 -0.083180 0.000000 0.996534 0.746780 0.126034 1 0 1.000000
radio
  0 -2.296448 -1.145491 13.194438 -0.170741 -0.333999 0.926980 0.709688 0.088750 1 0 1.000000
  0 -1.181118 -0.563923 13.482977 -0.082243 -0.161764 0.983396 0.746439 0.106780 1 0 1.000000
  0 -2.316935 -0.563923 13.339014 -0.174322 -0.163536 0.971014 0.709486 0.107687 1 0 1.000000
radio
  0 -3.366703 -1.145491 12.940269 -0.281836 -0.349649 0.893484 0.674868 0.089605 1 0 1.000000
  0 -2.296448 -1.145491 13.194438 -0.170741 -0.333999 0.926980 0.709688 0.088750 1 0 1.000000
  0 -2.316935 -0.563923 13.339014 -0.174322 -0.163536 0.971014 0.709486 0.107687 1 0 1.000000
radio
  0 -3.316586 -1.706985 12.669659 -0.271142 -0.547386 0.791739 0.676051 0.071297 1 0 1.000000
  0 -2.296448 -1.145491 13.194438 -0.170741 -0.333999 0.926980 0.709688 0.088750 1 0 1.000000
  0 -3.366703 -1.145491 12.940269 -0.281836 -0.349649 0.893484 0.674868 0.089605 1 0 1.000000
radio
  0 -4.334811 -1.706985 12.235148 -0.392584 -0.582720 0.711559 0.642924 0.072109 1 0 1.000000
  0 -3.316586 -1.706985 12.669659 -0.271142 -0.547386 0.791739 0.676051 0.071297 1 0 1.000000
  0 -3.366703 -1.145491 12.940269 -0.281836 -0.349649 0.893484 0.674868 0.089605 1 0 1.000000
radio
  0 2.255600 -1.706985 12.940269 0.165411 -0.519282 0.838442 0.857337 0.066847 1 0 1.000000
  0 3.317538 -1.706985 12.669659 0.270989 -0.547559 0.791672 0.891886 0.065998 1 0 1.000000
  0 3.368120 -1.145491 12.940269 0.281627 -0.349845 0.893473 0.893980 0.084226 1 0 1.000000
radio
  0 2.255600 -1.706985 12.940269 0.165411 -0.519282 0.838442 0.857337 0.066847 1 0 1.000000
  0 3.368120 -1.145491 12.940269 0.281627 -0.349845 0.893473 0.893980 0.084226 1 0 1.000000
  0 2.297001 -1.145491 13.194438 0.170629 -0.334055 0.926981 0.859132 0.085081 1 0 1.000000
radio
  0 2.297001 -1.145491 13.194438 0.170629 -0.334055 0.926981 0.859132 0.085081 1 0 1.000000
  0 3.368120 -1.145491 12.940269 0.281627 -0.349845 0.893473 0.893980 0.084226 1 0 1.000000
  0 3.389877 -0.563923 13.090699 0.286122 -0.168643 0.943236 0.895152 0.103129 1 0 1.000000
radio
  0 2.297001 -1.145491 13.194438 0.170629 -0.334055 0.926981 0.859132 0.085081 1 0 1.000000
  0 3.389877 -0.563923 13.090699 0.286122 -0.168643 0.943236 0.895152 0.103129 1 0 1.000000
  0 2.317611 -0.563923 13.339014 0.174185 -0.163571 0.971032 0.860267 0.103986 1 0 1.000000
radio
  0 2.317611 -0.563923 13.339014 0.174185 -0.163571 0.971032 0.860267 0.103986 1 0 1.000000
  0 3.389877 -0.563923 13.090699 0.286122 -0.168643 0.943236 0.895152 0.103129 1 0 1.000000
  0 3.395680 0.027769 13.139281 0.287522 0.000000 0.957774 0.895813 0.122375 1 0 1.000000
radio
  0 2.317611 -0.563923 13.339014 0.174185 -0.163571 0.971032 0.860267 0.103986 1 0 1.000000
  0 3.395680 0.027769 13.139281 0.287522 0.000000 0.957774 0.895813 0.122375 1 0 1.000000
  0 2.323799 0.027769 13.386399 0.175643 0.000000 0.984454 0.860941 0.123231 1 0 1.000000
radio
  0 1.181215 -0.563923 13.482977 0.082210 -0.161769 0.983398 0.823296 0.104894 1 0 1.000000
  0 2.317611 -0.563923 13.339014 0.174185 -0.163571 0.971032 0.860267 0.103986 1 0 1.000000
  0 2.323799 0.027769 13.386399 0.175643 0.000000 0.984454 0.860941 0.123231 1 0 1.000000
radio
  0 1.181215 -0.563923 13.482977 0.082210 -0.161769 0.983398 0.823296 0.104894 1 0 1.000000
  0 2.323799 0.027769 13.386399 0.175643 0.000000 0.984454 0.860941 0.123231 1 0 1.000000
  0 1.185285 0.027769 13.530699 0.083145 0.000000 0.996537 0.823900 0.124141 1 0 1.000000
radio
  0 0.000000 -0.563923 13.530699 -0.000002 -0.161411 0.986887 0.784866 0.105837 1 0 1.000000
  0 1.181215 -0.563923 13.482977 0.082210 -0.161769 0.983398 0.823296 0.104894 1 0 1.000000
  0 1.185285 0.027769 13.530699 0.083145 0.000000 0.996537 0.823900 0.124141 1 0 1.000000
radio
  0 0.000000 -0.563923 13.530699 -0.000002 -0.161411 0.986887 0.784866 0.105837 1 0 1.000000
  0 1.185285 0.027769 13.530699 0.083145 0.000000 0.996537 0.823900 0.124141 1 0 1.000000
  0 0.000000 0.027769 13.578730 -0.000002 0.000000 1.000000 0.785338 0.125087 1 0 1.000000
radio
  0 -1.181118 -0.563923 13.482977 -0.082243 -0.161764 0.983396 0.746439 0.106780 1 0 1.000000
  0 0.000000 -0.563923 13.530699 -0.000002 -0.161411 0.986887 0.784866 0.105837 1 0 1.000000
  0 0.000000 0.027769 13.578730 -0.000002 0.000000 1.000000 0.785338 0.125087 1 0 1.000000
radio
  0 -1.168226 -1.145491 13.339014 -0.080104 -0.326133 0.941924 0.746394 0.087849 1 0 1.000000
  0 0.000000 -0.563923 13.530699 -0.000002 -0.161411 0.986887 0.784866 0.105837 1 0 1.000000
  0 -1.181118 -0.563923 13.482977 -0.082243 -0.161764 0.983396 0.746439 0.106780 1 0 1.000000
radio
  0 -2.296448 -1.145491 13.194438 -0.170741 -0.333999 0.926980 0.709688 0.088750 1 0 1.000000
  0 -1.168226 -1.145491 13.339014 -0.080104 -0.326133 0.941924 0.746394 0.087849 1 0 1.000000
  0 -1.181118 -0.563923 13.482977 -0.082243 -0.161764 0.983396 0.746439 0.106780 1 0 1.000000
radio
  0 -2.255216 -1.706985 12.940269 -0.165490 -0.519230 0.838459 0.710581 0.070449 1 0 1.000000
  0 -1.168226 -1.145491 13.339014 -0.080104 -0.326133 0.941924 0.746394 0.087849 1 0 1.000000
  0 -2.296448 -1.145491 13.194438 -0.170741 -0.333999 0.926980 0.709688 0.088750 1 0 1.000000
radio
  0 -3.316586 -1.706985 12.669659 -0.271142 -0.547386 0.791739 0.676051 0.071297 1 0 1.000000
  0 -2.255216 -1.706985 12.940269 -0.165490 -0.519230 0.838459 0.710581 0.070449 1 0 1.000000
  0 -2.296448 -1.145491 13.194438 -0.170741 -0.333999 0.926980 0.709688 0.088750 1 0 1.000000
radio
  0 1.144214 -1.706985 13.090699 0.077680 -0.502280 0.861209 0.821179 0.067735 1 0 1.000000
  0 2.255600 -1.706985 12.940269 0.165411 -0.519282 0.838442 0.857337 0.066847 1 0 1.000000
  0 2.297001 -1.145491 13.194438 0.170629 -0.334055 0.926981 0.859132 0.085081 1 0 1.000000
radio
  0 1.144214 -1.706985 13.090699 0.077680 -0.502280 0.861209 0.821179 0.067735 1 0 1.000000
  0 2.297001 -1.145491 13.194438 0.170629 -0.334055 0.926981 0.859132 0.085081 1 0 1.000000
  0 1.168306 -1.145491 13.339014 0.080078 -0.326141 0.941923 0.822411 0.085983 1 0 1.000000
radio
  0 1.168306 -1.145491 13.339014 0.080078 -0.326141 0.941923 0.822411 0.085983 1 0 1.000000
  0 2.297001 -1.145491 13.194438 0.170629 -0.334055 0.926981 0.859132 0.085081 1 0 1.000000
  0 2.317611 -0.563923 13.339014 0.174185 -0.163571 0.971032 0.860267 0.103986 1 0 1.000000
radio
  0 1.168306 -1.145491 13.339014 0.080078 -0.326141 0.941923 0.822411 0.085983 1 0 1.000000
  0 2.317611 -0.563923 13.339014 0.174185 -0.163571 0.971032 0.860267 0.103986 1 0 1.000000
  0 1.181215 -0.563923 13.482977 0.082210 -0.161769 0.983398 0.823296 0.104894 1 0 1.000000
radio
  0 0.000000 -1.145491 13.386399 -0.000001 -0.323853 0.946107 0.784401 0.086916 1 0 1.000000
  0 1.168306 -1.145491 13.339014 0.080078 -0.326141 0.941923 0.822411 0.085983 1 0 1.000000
  0 1.181215 -0.563923 13.482977 0.082210 -0.161769 0.983398 0.823296 0.104894 1 0 1.000000
radio
  0 0.000000 -1.145491 13.386399 -0.000001 -0.323853 0.946107 0.784401 0.086916 1 0 1.000000
  0 1.181215 -0.563923 13.482977 0.082210 -0.161769 0.983398 0.823296 0.104894 1 0 1.000000
  0 0.000000 -0.563923 13.530699 -0.000002 -0.161411 0.986887 0.784866 0.105837 1 0 1.000000
radio
  0 -1.168226 -1.145491 13.339014 -0.080104 -0.326133 0.941924 0.746394 0.087849 1 0 1.000000
  0 0.000000 -1.145491 13.386399 -0.000001 -0.323853 0.946107 0.784401 0.086916 1 0 1.000000
  0 0.000000 -0.563923 13.530699 -0.000002 -0.161411 0.986887 0.784866 0.105837 1 0 1.000000
radio
  0 -1.144157 -1.706985 13.090699 -0.077698 -0.502273 0.861211 0.746729 0.069562 1 0 1.000000
  0 0.000000 -1.145491 13.386399 -0.000001 -0.323853 0.946107 0.784401 0.086916 1 0 1.000000
  0 -1.168226 -1.145491 13.339014 -0.080104 -0.326133 0.941924 0.746394 0.087849 1 0 1.000000
radio
  0 -2.255216 -1.706985 12.940269 -0.165490 -0.519230 0.838459 0.710581 0.070449 1 0 1.000000
  0 -1.144157 -1.706985 13.090699 -0.077698 -0.502273 0.861211 0.746729 0.069562 1 0 1.000000
  0 -1.168226 -1.145491 13.339014 -0.080104 -0.326133 0.941924 0.746394 0.087849 1 0 1.000000
radio
  0 -1.144157 -1.706985 13.090699 -0.077698 -0.502273 0.861211 0.746729 0.069562 1 0 1.000000
  0 0.000000 -1.706985 13.139281 -0.000001 -0.496747 0.867895 0.783953 0.068648 1 0 1.000000
  0 0.000000 -1.145491 13.386399 -0.000001 -0.323853 0.946107 0.784401 0.086916 1 0 1.000000
radio
  0 0.000000 -1.706985 13.139281 -0.000001 -0.496747 0.867895 0.783953 0.068648 1 0 1.000000
  0 1.168306 -1.145491 13.339014 0.080078 -0.326141 0.941923 0.822411 0.085983 1 0 1.000000
  0 0.000000 -1.145491 13.386399 -0.000001 -0.323853 0.946107 0.784401 0.086916 1 0 1.000000
radio
  0 0.000000 -1.706985 13.139281 -0.000001 -0.496747 0.867895 0.783953 0.068648 1 0 1.000000
  0 1.144214 -1.706985 13.090699 0.077680 -0.502280 0.861209 0.821179 0.067735 1 0 1.000000
  0 1.168306 -1.145491 13.339014 0.080078 -0.326141 0.941923 0.822411 0.085983 1 0 1.000000
radio
  0 -10.332374 0.619463 0.159802 -0.957662 0.284986 0.040830 0.042732 0.329985 1 0 1.000000
  0 -9.980307 1.201031 2.179728 -0.850476 0.520929 0.072966 0.024365 0.393863 1 0 1.000000
  0 -10.066426 1.201031 0.159802 -0.854146 0.518756 0.036417 0.024365 0.332763 1 0 1.000000
radio
  0 -10.332374 0.619463 0.159802 -0.957662 0.284986 0.040830 0.042732 0.329985 1 0 1.000000
  0 -10.243979 0.619462 2.233093 -0.954579 0.286472 0.081935 0.042732 0.392698 1 0 1.000000
  0 -9.980307 1.201031 2.179728 -0.850476 0.520929 0.072966 0.024365 0.393863 1 0 1.000000
radio
  0 -10.243979 0.619462 2.233093 -0.954579 0.286472 0.081935 0.042732 0.392698 1 0 1.000000
  0 -9.723421 1.201031 4.165092 -0.837684 0.524478 0.152343 0.024365 0.455716 1 0 1.000000
  0 -9.980307 1.201031 2.179728 -0.850476 0.520929 0.072966 0.024365 0.393863 1 0 1.000000
radio
  0 -10.243979 0.619462 2.233093 -0.954579 0.286472 0.081935 0.042732 0.392698 1 0 1.000000
  0 -9.980300 0.619462 4.270911 -0.941659 0.288633 0.173114 0.042732 0.456186 1 0 1.000000
  0 -9.723421 1.201031 4.165092 -0.837684 0.524478 0.152343 0.024365 0.455716 1 0 1.000000
radio
  0 -9.980300 0.619462 4.270911 -0.941659 0.288633 0.173114 0.042732 0.456186 1 0 1.000000
  0 -9.271965 1.201031 6.081924 -0.812007 0.523573 0.257907 0.024365 0.517560 1 0 1.000000
  0 -9.723421 1.201031 4.165092 -0.837684 0.524478 0.152343 0.024365 0.455716 1 0 1.000000
radio
  0 -9.980300 0.619462 4.270911 -0.941659 0.288633 0.173114 0.042732 0.456186 1 0 1.000000
  0 -9.508083 0.619462 6.238383 -0.910664 0.286743 0.297437 0.042732 0.519757 1 0 1.000000
  0 -9.271965 1.201031 6.081924 -0.812007 0.523573 0.257907 0.024365 0.517560 1 0 1.000000
radio
  0 -9.508083 0.619462 6.238383 -0.910664 0.286743 0.297437 0.042732 0.519757 1 0 1.000000
  0 -8.538082 1.201031 7.897428 -0.771283 0.509335 0.381707 0.024365 0.579335 1 0 1.000000
  0 -9.271965 1.201031 6.081924 -0.812007 0.523573 0.257907 0.024365 0.517560 1 0 1.000000
radio
  0 -9.508083 0.619462 6.238383 -0.910664 0.286743 0.297437 0.042732 0.519757 1 0 1.000000
  0 -8.724135 0.619462 8.101851 -0.855300 0.274219 0.439621 0.042732 0.583484 1 0 1.000000
  0 -8.538082 1.201031 7.897428 -0.771283 0.509335 0.381707 0.024365 0.579335 1 0 1.000000
radio
  0 -8.724135 0.619462 8.101851 -0.855300 0.274219 0.439621 0.042732 0.583484 1 0 1.000000
  0 -7.550433 1.201030 9.561611 -0.723190 0.481348 0.495277 0.024365 0.639252 1 0 1.000000
  0 -8.538082 1.201031 7.897428 -0.771283 0.509335 0.381707 0.024365 0.579335 1 0 1.000000
radio
  0 -8.724135 0.619462 8.101851 -0.855300 0.274219 0.439621 0.042732 0.583484 1 0 1.000000
  0 -7.670403 0.619462 9.798605 -0.787169 0.251702 0.563037 0.042732 0.645061 1 0 1.000000
  0 -7.550433 1.201030 9.561611 -0.723190 0.481348 0.495277 0.024365 0.639252 1 0 1.000000
radio
  0 -8.784783 0.027770 8.170382 -0.886941 0.000000 0.461882 0.061418 0.584893 1 0 1.000000
  0 -7.670403 0.619462 9.798605 -0.787169 0.251702 0.563037 0.042732 0.645061 1 0 1.000000
  0 -8.724135 0.619462 8.101851 -0.855300 0.274219 0.439621 0.042732 0.583484 1 0 1.000000
radio
  0 -9.586751 0.027770 6.290834 -0.949677 0.000000 0.313231 0.061418 0.520498 1 0 1.000000
  0 -8.784783 0.027770 8.170382 -0.886941 0.000000 0.461882 0.061418 0.584893 1 0 1.000000
  0 -8.724135 0.619462 8.101851 -0.855300 0.274219 0.439621 0.042732 0.583484 1 0 1.000000
radio
  0 -9.508083 -0.563923 6.238383 -0.910664 -0.286743 0.297437 0.080104 0.519757 1 0 1.000000
  0 -8.784783 0.027770 8.170382 -0.886941 0.000000 0.461882 0.061418 0.584893 1 0 1.000000
  0 -9.586751 0.027770 6.290834 -0.949677 0.000000 0.313231 0.061418 0.520498 1 0 1.000000
radio
  0 -9.980300 -0.563922 4.270911 -0.941659 -0.288633 0.173114 0.080104 0.456186 1 0 1.000000
  0 -9.508083 -0.563923 6.238383 -0.910664 -0.286743 0.297437 0.080104 0.519757 1 0 1.000000
  0 -9.586751 0.027770 6.290834 -0.949677 0.000000 0.313231 0.061418 0.520498 1 0 1.000000
radio
  0 -9.723421 -1.145491 4.165092 -0.837684 -0.524478 0.152343 0.098471 0.455716 1 0 1.000000
  0 -9.508083 -0.563923 6.238383 -0.910664 -0.286743 0.297437 0.080104 0.519757 1 0 1.000000
  0 -9.980300 -0.563922 4.270911 -0.941659 -0.288633 0.173114 0.080104 0.456186 1 0 1.000000
radio
  0 -9.980307 -1.145491 2.179728 -0.850476 -0.520929 0.072966 0.098471 0.393863 1 0 1.000000
  0 -9.723421 -1.145491 4.165092 -0.837684 -0.524478 0.152343 0.098471 0.455716 1 0 1.000000
  0 -9.980300 -0.563922 4.270911 -0.941659 -0.288633 0.173114 0.080104 0.456186 1 0 1.000000
radio
  0 -9.545868 -1.706985 2.091801 -0.723716 -0.687301 0.062061 0.116203 0.395781 1 0 1.000000
  0 -9.723421 -1.145491 4.165092 -0.837684 -0.524478 0.152343 0.098471 0.455716 1 0 1.000000
  0 -9.980307 -1.145491 2.179728 -0.850476 -0.520929 0.072966 0.098471 0.393863 1 0 1.000000
radio
  0 -9.628239 -1.706985 0.159802 -0.727689 -0.685205 0.031025 0.116203 0.337341 1 0 1.000000
  0 -9.545868 -1.706985 2.091801 -0.723716 -0.687301 0.062061 0.116203 0.395781 1 0 1.000000
  0 -9.980307 -1.145491 2.179728 -0.850476 -0.520929 0.072966 0.098471 0.393863 1 0 1.000000
radio
  0 -9.628239 -1.706985 0.159802 -0.727689 -0.685205 0.031025 0.116203 0.337341 1 0 1.000000
  0 -9.980307 -1.145491 2.179728 -0.850476 -0.520929 0.072966 0.098471 0.393863 1 0 1.000000
  0 -10.066426 -1.145491 0.159802 -0.854146 -0.518756 0.036417 0.098471 0.332763 1 0 1.000000
radio
  0 -10.066426 -1.145491 0.159802 -0.854146 -0.518756 0.036417 0.098471 0.332763 1 0 1.000000
  0 -9.980307 -1.145491 2.179728 -0.850476 -0.520929 0.072966 0.098471 0.393863 1 0 1.000000
  0 -10.243979 -0.563923 2.233093 -0.954579 -0.286472 0.081935 0.080104 0.392698 1 0 1.000000
radio
  0 -9.980307 -1.145491 2.179728 -0.850476 -0.520929 0.072966 0.098471 0.393863 1 0 1.000000
  0 -9.980300 -0.563922 4.270911 -0.941659 -0.288633 0.173114 0.080104 0.456186 1 0 1.000000
  0 -10.243979 -0.563923 2.233093 -0.954579 -0.286472 0.081935 0.080104 0.392698 1 0 1.000000
radio
  0 -10.243979 -0.563923 2.233093 -0.954579 -0.286472 0.081935 0.080104 0.392698 1 0 1.000000
  0 -9.980300 -0.563922 4.270911 -0.941659 -0.288633 0.173114 0.080104 0.456186 1 0 1.000000
  0 -10.066413 0.027770 4.306384 -0.983390 0.000000 0.181506 0.061418 0.456344 1 0 1.000000
radio
  0 -9.980300 -0.563922 4.270911 -0.941659 -0.288633 0.173114 0.080104 0.456186 1 0 1.000000
  0 -9.586751 0.027770 6.290834 -0.949677 0.000000 0.313231 0.061418 0.520498 1 0 1.000000
  0 -10.066413 0.027770 4.306384 -0.983390 0.000000 0.181506 0.061418 0.456344 1 0 1.000000
radio
  0 -10.066413 0.027770 4.306384 -0.983390 0.000000 0.181506 0.061418 0.456344 1 0 1.000000
  0 -9.586751 0.027770 6.290834 -0.949677 0.000000 0.313231 0.061418 0.520498 1 0 1.000000
  0 -9.508083 0.619462 6.238383 -0.910664 0.286743 0.297437 0.042732 0.519757 1 0 1.000000
radio
  0 -9.586751 0.027770 6.290834 -0.949677 0.000000 0.313231 0.061418 0.520498 1 0 1.000000
  0 -8.724135 0.619462 8.101851 -0.855300 0.274219 0.439621 0.042732 0.583484 1 0 1.000000
  0 -9.508083 0.619462 6.238383 -0.910664 0.286743 0.297437 0.042732 0.519757 1 0 1.000000
radio
  0 -10.066426 -1.145491 0.159802 -0.854146 -0.518756 0.036417 0.098471 0.332763 1 0 1.000000
  0 -10.243979 -0.563923 2.233093 -0.954579 -0.286472 0.081935 0.080104 0.392698 1 0 1.000000
  0 -10.332374 -0.563922 0.159802 -0.957662 -0.284986 0.040830 0.080104 0.329985 1 0 1.000000
radio
  0 -10.332374 -0.563922 0.159802 -0.957662 -0.284986 0.040830 0.080104 0.329985 1 0 1.000000
  0 -10.243979 -0.563923 2.233093 -0.954579 -0.286472 0.081935 0.080104 0.392698 1 0 1.000000
  0 -10.332374 0.027770 2.250983 -0.996335 0.000000 0.085535 0.061418 0.392308 1 0 1.000000
radio
  0 -10.243979 -0.563923 2.233093 -0.954579 -0.286472 0.081935 0.080104 0.392698 1 0 1.000000
  0 -10.066413 0.027770 4.306384 -0.983390 0.000000 0.181506 0.061418 0.456344 1 0 1.000000
  0 -10.332374 0.027770 2.250983 -0.996335 0.000000 0.085535 0.061418 0.392308 1 0 1.000000
radio
  0 -10.332374 0.027770 2.250983 -0.996335 0.000000 0.085535 0.061418 0.392308 1 0 1.000000
  0 -10.066413 0.027770 4.306384 -0.983390 0.000000 0.181506 0.061418 0.456344 1 0 1.000000
  0 -9.980300 0.619462 4.270911 -0.941659 0.288633 0.173114 0.042732 0.456186 1 0 1.000000
radio
  0 -10.066413 0.027770 4.306384 -0.983390 0.000000 0.181506 0.061418 0.456344 1 0 1.000000
  0 -9.508083 0.619462 6.238383 -0.910664 0.286743 0.297437 0.042732 0.519757 1 0 1.000000
  0 -9.980300 0.619462 4.270911 -0.941659 0.288633 0.173114 0.042732 0.456186 1 0 1.000000
radio
  0 -10.332374 -0.563922 0.159802 -0.957662 -0.284986 0.040830 0.080104 0.329985 1 0 1.000000
  0 -10.332374 0.027770 2.250983 -0.996335 0.000000 0.085535 0.061418 0.392308 1 0 1.000000
  0 -10.421531 0.027770 0.159802 -0.999092 0.000000 0.042596 0.061418 0.329053 1 0 1.000000
radio
  0 -10.421531 0.027770 0.159802 -0.999092 0.000000 0.042596 0.061418 0.329053 1 0 1.000000
  0 -10.332374 0.027770 2.250983 -0.996335 0.000000 0.085535 0.061418 0.392308 1 0 1.000000
  0 -10.243979 0.619462 2.233093 -0.954579 0.286472 0.081935 0.042732 0.392698 1 0 1.000000
radio
  0 -10.332374 0.027770 2.250983 -0.996335 0.000000 0.085535 0.061418 0.392308 1 0 1.000000
  0 -9.980300 0.619462 4.270911 -0.941659 0.288633 0.173114 0.042732 0.456186 1 0 1.000000
  0 -10.243979 0.619462 2.233093 -0.954579 0.286472 0.081935 0.042732 0.392698 1 0 1.000000
radio
  0 -10.421531 0.027770 0.159802 -0.999092 0.000000 0.042596 0.061418 0.329053 1 0 1.000000
  0 -10.243979 0.619462 2.233093 -0.954579 0.286472 0.081935 0.042732 0.392698 1 0 1.000000
  0 -10.332374 0.619463 0.159802 -0.957662 0.284986 0.040830 0.042732 0.329985 1 0 1.000000
radio
  0 -8.784783 0.027770 8.170382 -0.886941 0.000000 0.461882 0.061418 0.584893 1 0 1.000000
  0 -7.707860 0.027770 9.877155 -0.809143 0.000000 0.587612 0.061418 0.647011 1 0 1.000000
  0 -7.670403 0.619462 9.798605 -0.787169 0.251702 0.563037 0.042732 0.645061 1 0 1.000000
radio
  0 -8.724135 -0.563923 8.101851 -0.855300 -0.274219 0.439621 0.080104 0.583484 1 0 1.000000
  0 -7.707860 0.027770 9.877155 -0.809143 0.000000 0.587612 0.061418 0.647011 1 0 1.000000
  0 -8.784783 0.027770 8.170382 -0.886941 0.000000 0.461882 0.061418 0.584893 1 0 1.000000
radio
  0 -9.508083 -0.563923 6.238383 -0.910664 -0.286743 0.297437 0.080104 0.519757 1 0 1.000000
  0 -8.724135 -0.563923 8.101851 -0.855300 -0.274219 0.439621 0.080104 0.583484 1 0 1.000000
  0 -8.784783 0.027770 8.170382 -0.886941 0.000000 0.461882 0.061418 0.584893 1 0 1.000000
radio
  0 -9.271965 -1.145491 6.081924 -0.812007 -0.523573 0.257907 0.098471 0.517560 1 0 1.000000
  0 -8.724135 -0.563923 8.101851 -0.855300 -0.274219 0.439621 0.080104 0.583484 1 0 1.000000
  0 -9.508083 -0.563923 6.238383 -0.910664 -0.286743 0.297437 0.080104 0.519757 1 0 1.000000
radio
  0 -9.723421 -1.145491 4.165092 -0.837684 -0.524478 0.152343 0.098471 0.455716 1 0 1.000000
  0 -9.271965 -1.145491 6.081924 -0.812007 -0.523573 0.257907 0.098471 0.517560 1 0 1.000000
  0 -9.508083 -0.563923 6.238383 -0.910664 -0.286743 0.297437 0.080104 0.519757 1 0 1.000000
radio
  0 -9.300165 -1.706985 3.990744 -0.711266 -0.691262 0.127506 0.116203 0.454942 1 0 1.000000
  0 -9.271965 -1.145491 6.081924 -0.812007 -0.523573 0.257907 0.098471 0.517560 1 0 1.000000
  0 -9.723421 -1.145491 4.165092 -0.837684 -0.524478 0.152343 0.098471 0.455716 1 0 1.000000
radio
  0 -9.545868 -1.706985 2.091801 -0.723716 -0.687301 0.062061 0.116203 0.395781 1 0 1.000000
  0 -9.300165 -1.706985 3.990744 -0.711266 -0.691262 0.127506 0.116203 0.454942 1 0 1.000000
  0 -9.723421 -1.145491 4.165092 -0.837684 -0.524478 0.152343 0.098471 0.455716 1 0 1.000000
radio
  0 -8.724135 -0.563923 8.101851 -0.855300 -0.274219 0.439621 0.080104 0.583484 1 0 1.000000
  0 -7.670403 -0.563923 9.798605 -0.787169 -0.251702 0.563037 0.080104 0.645061 1 0 1.000000
  0 -7.707860 0.027770 9.877155 -0.809143 0.000000 0.587612 0.061418 0.647011 1 0 1.000000
radio
  0 -8.538082 -1.145491 7.897428 -0.771283 -0.509335 0.381707 0.098471 0.579335 1 0 1.000000
  0 -7.670403 -0.563923 9.798605 -0.787169 -0.251702 0.563037 0.080104 0.645061 1 0 1.000000
  0 -8.724135 -0.563923 8.101851 -0.855300 -0.274219 0.439621 0.080104 0.583484 1 0 1.000000
radio
  0 -9.271965 -1.145491 6.081924 -0.812007 -0.523573 0.257907 0.098471 0.517560 1 0 1.000000
  0 -8.538082 -1.145491 7.897428 -0.771283 -0.509335 0.381707 0.098471 0.579335 1 0 1.000000
  0 -8.724135 -0.563923 8.101851 -0.855300 -0.274219 0.439621 0.080104 0.583484 1 0 1.000000
radio
  0 -8.878797 -1.706985 5.824138 -0.689675 -0.692921 0.210261 0.116203 0.513985 1 0 1.000000
  0 -8.538082 -1.145491 7.897428 -0.771283 -0.509335 0.381707 0.098471 0.579335 1 0 1.000000
  0 -9.271965 -1.145491 6.081924 -0.812007 -0.523573 0.257907 0.098471 0.517560 1 0 1.000000
radio
  0 -9.300165 -1.706985 3.990744 -0.711266 -0.691262 0.127506 0.116203 0.454942 1 0 1.000000
  0 -8.878797 -1.706985 5.824138 -0.689675 -0.692921 0.210261 0.116203 0.513985 1 0 1.000000
  0 -9.271965 -1.145491 6.081924 -0.812007 -0.523573 0.257907 0.098471 0.517560 1 0 1.000000
radio
  0 -8.878797 -1.706985 5.824138 -0.689675 -0.692921 0.210261 0.116203 0.513985 1 0 1.000000
  0 -8.216546 -1.706985 7.560613 -0.659851 -0.685249 0.308270 0.116203 0.572656 1 0 1.000000
  0 -8.538082 -1.145491 7.897428 -0.771283 -0.509335 0.381707 0.098471 0.579335 1 0 1.000000
radio
  0 -8.216546 -1.706985 7.560613 -0.659851 -0.685249 0.308270 0.116203 0.572656 1 0 1.000000
  0 -7.550433 -1.145491 9.561611 -0.723190 -0.481348 0.495277 0.098471 0.639252 1 0 1.000000
  0 -8.538082 -1.145491 7.897428 -0.771283 -0.509335 0.381707 0.098471 0.579335 1 0 1.000000
radio
  0 -8.538082 -1.145491 7.897428 -0.771283 -0.509335 0.381707 0.098471 0.579335 1 0 1.000000
  0 -7.550433 -1.145491 9.561611 -0.723190 -0.481348 0.495277 0.098471 0.639252 1 0 1.000000
  0 -7.670403 -0.563923 9.798605 -0.787169 -0.251702 0.563037 0.080104 0.645061 1 0 1.000000
radio
  0 -7.550433 -1.145491 9.561611 -0.723190 -0.481348 0.495277 0.098471 0.639252 1 0 1.000000
  0 -6.536877 -0.563923 11.165956 -0.699089 -0.224753 0.678793 0.080104 0.697655 1 0 1.000000
  0 -7.670403 -0.563923 9.798605 -0.787169 -0.251702 0.563037 0.080104 0.645061 1 0 1.000000
radio
  0 -7.550433 -1.145491 9.561611 -0.723190 -0.481348 0.495277 0.098471 0.639252 1 0 1.000000
  0 -6.471766 -1.145491 10.932313 -0.658662 -0.446056 0.605969 0.098471 0.691372 1 0 1.000000
  0 -6.536877 -0.563923 11.165956 -0.699089 -0.224753 0.678793 0.080104 0.697655 1 0 1.000000
radio
  0 -7.327507 -1.706985 9.163707 -0.627046 -0.667059 0.402299 0.116203 0.629722 1 0 1.000000
  0 -6.471766 -1.145491 10.932313 -0.658662 -0.446056 0.605969 0.098471 0.691372 1 0 1.000000
  0 -7.550433 -1.145491 9.561611 -0.723190 -0.481348 0.495277 0.098471 0.639252 1 0 1.000000
radio
  0 -8.216546 -1.706985 7.560613 -0.659851 -0.685249 0.308270 0.116203 0.572656 1 0 1.000000
  0 -7.327507 -1.706985 9.163707 -0.627046 -0.667059 0.402299 0.116203 0.629722 1 0 1.000000
  0 -7.550433 -1.145491 9.561611 -0.723190 -0.481348 0.495277 0.098471 0.639252 1 0 1.000000
radio
  0 -7.327507 -1.706985 9.163707 -0.627046 -0.667059 0.402299 0.116203 0.629722 1 0 1.000000
  0 -6.333580 -1.706985 10.526165 -0.583329 -0.643178 0.496034 0.116203 0.680711 1 0 1.000000
  0 -6.471766 -1.145491 10.932313 -0.658662 -0.446056 0.605969 0.098471 0.691372 1 0 1.000000
radio
  0 -10.066426 1.201031 0.159802 -0.854146 0.518756 0.036417 0.024365 0.332763 1 0 1.000000
  0 -9.545868 1.762525 2.091801 -0.723716 0.687301 0.062061 0.006632 0.395781 1 0 1.000000
  0 -9.628239 1.762525 0.159802 -0.727689 0.685205 0.031025 0.006632 0.337341 1 0 1.000000
radio
  0 -10.066426 1.201031 0.159802 -0.854146 0.518756 0.036417 0.024365 0.332763 1 0 1.000000
  0 -9.980307 1.201031 2.179728 -0.850476 0.520929 0.072966 0.024365 0.393863 1 0 1.000000
  0 -9.545868 1.762525 2.091801 -0.723716 0.687301 0.062061 0.006632 0.395781 1 0 1.000000
radio
  0 -9.980307 1.201031 2.179728 -0.850476 0.520929 0.072966 0.024365 0.393863 1 0 1.000000
  0 -9.300165 1.762525 3.990744 -0.711266 0.691262 0.127506 0.006632 0.454942 1 0 1.000000
  0 -9.545868 1.762525 2.091801 -0.723716 0.687301 0.062061 0.006632 0.395781 1 0 1.000000
radio
  0 -9.980307 1.201031 2.179728 -0.850476 0.520929 0.072966 0.024365 0.393863 1 0 1.000000
  0 -9.723421 1.201031 4.165092 -0.837684 0.524478 0.152343 0.024365 0.455716 1 0 1.000000
  0 -9.300165 1.762525 3.990744 -0.711266 0.691262 0.127506 0.006632 0.454942 1 0 1.000000
radio
  0 -9.723421 1.201031 4.165092 -0.837684 0.524478 0.152343 0.024365 0.455716 1 0 1.000000
  0 -8.878797 1.762524 5.824138 -0.689675 0.692921 0.210261 0.006632 0.513985 1 0 1.000000
  0 -9.300165 1.762525 3.990744 -0.711266 0.691262 0.127506 0.006632 0.454942 1 0 1.000000
radio
  0 -9.723421 1.201031 4.165092 -0.837684 0.524478 0.152343 0.024365 0.455716 1 0 1.000000
  0 -9.271965 1.201031 6.081924 -0.812007 0.523573 0.257907 0.024365 0.517560 1 0 1.000000
  0 -8.878797 1.762524 5.824138 -0.689675 0.692921 0.210261 0.006632 0.513985 1 0 1.000000
radio
  0 -9.271965 1.201031 6.081924 -0.812007 0.523573 0.257907 0.024365 0.517560 1 0 1.000000
  0 -8.216546 1.762524 7.560613 -0.659851 0.685249 0.308270 0.006632 0.572656 1 0 1.000000
  0 -8.878797 1.762524 5.824138 -0.689675 0.692921 0.210261 0.006632 0.513985 1 0 1.000000
radio
  0 -9.271965 1.201031 6.081924 -0.812007 0.523573 0.257907 0.024365 0.517560 1 0 1.000000
  0 -8.538082 1.201031 7.897428 -0.771283 0.509335 0.381707 0.024365 0.579335 1 0 1.000000
  0 -8.216546 1.762524 7.560613 -0.659851 0.685249 0.308270 0.006632 0.572656 1 0 1.000000
radio
  0 -8.538082 1.201031 7.897428 -0.771283 0.509335 0.381707 0.024365 0.579335 1 0 1.000000
  0 -7.327507 1.762524 9.163707 -0.627046 0.667059 0.402299 0.006632 0.629722 1 0 1.000000
  0 -8.216546 1.762524 7.560613 -0.659851 0.685249 0.308270 0.006632 0.572656 1 0 1.000000
radio
  0 -8.538082 1.201031 7.897428 -0.771283 0.509335 0.381707 0.024365 0.579335 1 0 1.000000
  0 -7.550433 1.201030 9.561611 -0.723190 0.481348 0.495277 0.024365 0.639252 1 0 1.000000
  0 -7.327507 1.762524 9.163707 -0.627046 0.667059 0.402299 0.006632 0.629722 1 0 1.000000
radio
  0 -7.550433 1.201030 9.561611 -0.723190 0.481348 0.495277 0.024365 0.639252 1 0 1.000000
  0 -6.333580 1.762524 10.526165 -0.583329 0.643178 0.496034 0.006632 0.680711 1 0 1.000000
  0 -7.327507 1.762524 9.163707 -0.627046 0.667059 0.402299 0.006632 0.629722 1 0 1.000000
radio
  0 -7.550433 1.201030 9.561611 -0.723190 0.481348 0.495277 0.024365 0.639252 1 0 1.000000
  0 -6.471766 1.201030 10.932313 -0.658662 0.446056 0.605969 0.024365 0.691372 1 0 1.000000
  0 -6.333580 1.762524 10.526165 -0.583329 0.643178 0.496034 0.006632 0.680711 1 0 1.000000
radio
  0 -7.670403 0.619462 9.798605 -0.787169 0.251702 0.563037 0.042732 0.645061 1 0 1.000000
  0 -6.471766 1.201030 10.932313 -0.658662 0.446056 0.605969 0.024365 0.691372 1 0 1.000000
  0 -7.550433 1.201030 9.561611 -0.723190 0.481348 0.495277 0.024365 0.639252 1 0 1.000000
radio
  0 -7.670403 0.619462 9.798605 -0.787169 0.251702 0.563037 0.042732 0.645061 1 0 1.000000
  0 -6.536877 0.619462 11.165956 -0.699089 0.224753 0.678793 0.042732 0.697655 1 0 1.000000
  0 -6.471766 1.201030 10.932313 -0.658662 0.446056 0.605969 0.024365 0.691372 1 0 1.000000
radio
  0 -7.707860 0.027770 9.877155 -0.809143 0.000000 0.587612 0.061418 0.647011 1 0 1.000000
  0 -6.536877 0.619462 11.165956 -0.699089 0.224753 0.678793 0.042732 0.697655 1 0 1.000000
  0 -7.670403 0.619462 9.798605 -0.787169 0.251702 0.563037 0.042732 0.645061 1 0 1.000000
radio
  0 -7.707860 0.027770 9.877155 -0.809143 0.000000 0.587612 0.061418 0.647011 1 0 1.000000
  0 -6.555362 0.027770 11.241893 -0.710755 0.000000 0.703440 0.061418 0.699725 1 0 1.000000
  0 -6.536877 0.619462 11.165956 -0.699089 0.224753 0.678793 0.042732 0.697655 1 0 1.000000
radio
  0 -7.670403 -0.563923 9.798605 -0.787169 -0.251702 0.563037 0.080104 0.645061 1 0 1.000000
  0 -6.555362 0.027770 11.241893 -0.710755 0.000000 0.703440 0.061418 0.699725 1 0 1.000000
  0 -7.707860 0.027770 9.877155 -0.809143 0.000000 0.587612 0.061418 0.647011 1 0 1.000000
radio
  0 -7.670403 -0.563923 9.798605 -0.787169 -0.251702 0.563037 0.080104 0.645061 1 0 1.000000
  0 -6.536877 -0.563923 11.165956 -0.699089 -0.224753 0.678793 0.080104 0.697655 1 0 1.000000
  0 -6.555362 0.027770 11.241893 -0.710755 0.000000 0.703440 0.061418 0.699725 1 0 1.000000
radio
  0 9.545868 1.762525 2.091801 0.723716 0.687301 0.062061 0.010937 0.075043 1 0 1.000000
  0 9.628239 1.762525 0.159802 0.727689 0.685205 0.031025 0.008511 0.019056 1 0 1.000000
  0 9.025311 2.294336 0.159802 0.604933 0.795859 0.025791 0.026272 0.016240 1 0 1.000000
radio
  0 8.948098 2.294336 1.970818 0.601052 0.797547 0.051521 0.028547 0.068721 1 0 1.000000
  0 9.025311 2.294336 0.159802 0.604933 0.795859 0.025791 0.026272 0.016240 1 0 1.000000
  0 8.267957 2.787366 0.159802 0.495687 0.868244 0.021134 0.048583 0.013629 1 0 1.000000
radio
  0 9.545868 1.762525 2.091801 0.723716 0.687301 0.062061 0.010937 0.075043 1 0 1.000000
  0 9.025311 2.294336 0.159802 0.604933 0.795859 0.025791 0.026272 0.016240 1 0 1.000000
  0 8.948098 2.294336 1.970818 0.601052 0.797547 0.051521 0.028547 0.068721 1 0 1.000000
radio
  0 9.300165 1.762525 3.990744 0.711266 0.691262 0.127506 0.018175 0.130073 1 0 1.000000
  0 9.545868 1.762525 2.091801 0.723716 0.687301 0.062061 0.010937 0.075043 1 0 1.000000
  0 8.948098 2.294336 1.970818 0.601052 0.797547 0.051521 0.028547 0.068721 1 0 1.000000
radio
  0 8.197223 2.787366 1.818848 0.492159 0.869483 0.042174 0.050667 0.061706 1 0 1.000000
  0 8.267957 2.787366 0.159802 0.495687 0.868244 0.021134 0.048583 0.013629 1 0 1.000000
  0 7.369135 3.233179 0.159802 0.400780 0.916015 0.017087 0.075061 0.011268 1 0 1.000000
radio
  0 8.948098 2.294336 1.970818 0.601052 0.797547 0.051521 0.028547 0.068721 1 0 1.000000
  0 8.267957 2.787366 0.159802 0.495687 0.868244 0.021134 0.048583 0.013629 1 0 1.000000
  0 8.197223 2.787366 1.818848 0.492159 0.869483 0.042174 0.050667 0.061706 1 0 1.000000
radio
  0 8.717780 2.294336 3.750847 0.589278 0.801180 0.104221 0.035332 0.120305 1 0 1.000000
  0 8.948098 2.294336 1.970818 0.601052 0.797547 0.051521 0.028547 0.068721 1 0 1.000000
  0 8.197223 2.787366 1.818848 0.492159 0.869483 0.042174 0.050667 0.061706 1 0 1.000000
radio
  0 9.300165 1.762525 3.990744 0.711266 0.691262 0.127506 0.018175 0.130073 1 0 1.000000
  0 8.948098 2.294336 1.970818 0.601052 0.797547 0.051521 0.028547 0.068721 1 0 1.000000
  0 8.717780 2.294336 3.750847 0.589278 0.801180 0.104221 0.035332 0.120305 1 0 1.000000
radio
  0 8.878797 1.762524 5.824138 0.689675 0.692921 0.210261 0.030588 0.183203 1 0 1.000000
  0 9.300165 1.762525 3.990744 0.711266 0.691262 0.127506 0.018175 0.130073 1 0 1.000000
  0 8.717780 2.294336 3.750847 0.589278 0.801180 0.104221 0.035332 0.120305 1 0 1.000000
radio
  0 7.306091 3.233179 1.638491 0.397728 0.916870 0.034075 0.076918 0.054119 1 0 1.000000
  0 7.369135 3.233179 0.159802 0.400780 0.916015 0.017087 0.075061 0.011268 1 0 1.000000
  0 6.344226 3.624146 0.159802 0.317988 0.947998 0.013557 0.105254 0.009198 1 0 1.000000
radio
  0 8.197223 2.787366 1.818848 0.492159 0.869483 0.042174 0.050667 0.061706 1 0 1.000000
  0 7.369135 3.233179 0.159802 0.400780 0.916015 0.017087 0.075061 0.011268 1 0 1.000000
  0 7.306091 3.233179 1.638491 0.397728 0.916870 0.034075 0.076918 0.054119 1 0 1.000000
radio
  0 7.986233 2.787366 3.449507 0.481458 0.872398 0.084376 0.056882 0.108961 1 0 1.000000
  0 8.197223 2.787366 1.818848 0.492159 0.869483 0.042174 0.050667 0.061706 1 0 1.000000
  0 7.306091 3.233179 1.638491 0.397728 0.916870 0.034075 0.076918 0.054119 1 0 1.000000
radio
  0 8.717780 2.294336 3.750847 0.589278 0.801180 0.104221 0.035332 0.120305 1 0 1.000000
  0 8.197223 2.787366 1.818848 0.492159 0.869483 0.042174 0.050667 0.061706 1 0 1.000000
  0 7.986233 2.787366 3.449507 0.481458 0.872398 0.084376 0.056882 0.108961 1 0 1.000000
radio
  0 8.331398 2.294336 5.469432 0.570067 0.804618 0.166171 0.046714 0.170108 1 0 1.000000
  0 8.717780 2.294336 3.750847 0.589278 0.801180 0.104221 0.035332 0.120305 1 0 1.000000
  0 7.986233 2.787366 3.449507 0.481458 0.872398 0.084376 0.056882 0.108961 1 0 1.000000
radio
  0 8.878797 1.762524 5.824138 0.689675 0.692921 0.210261 0.030588 0.183203 1 0 1.000000
  0 8.717780 2.294336 3.750847 0.589278 0.801180 0.104221 0.035332 0.120305 1 0 1.000000
  0 8.331398 2.294336 5.469432 0.570067 0.804618 0.166171 0.046714 0.170108 1 0 1.000000
radio
  0 8.216546 1.762524 7.560613 0.659848 0.685258 0.308256 0.050098 0.233525 1 0 1.000000
  0 8.878797 1.762524 5.824138 0.689675 0.692921 0.210261 0.030588 0.183203 1 0 1.000000
  0 8.331398 2.294336 5.469432 0.570067 0.804618 0.166171 0.046714 0.170108 1 0 1.000000
radio
  0 5.166187 3.953578 1.205393 0.242552 0.969916 0.020775 0.139958 0.037753 1 0 1.000000
  0 5.210765 3.953578 0.159802 0.244558 0.969579 0.010427 0.138645 0.007453 1 0 1.000000
  0 3.988147 4.215838 0.159802 0.177991 0.984003 0.007589 0.174662 0.006064 1 0 1.000000
radio
  0 6.289950 3.624146 1.432833 0.315457 0.948555 0.027022 0.106853 0.046089 1 0 1.000000
  0 5.210765 3.953578 0.159802 0.244558 0.969579 0.010427 0.138645 0.007453 1 0 1.000000
  0 5.166187 3.953578 1.205393 0.242552 0.969916 0.020775 0.139958 0.037753 1 0 1.000000
radio
  0 6.289950 3.624146 1.432833 0.315457 0.948555 0.027022 0.106853 0.046089 1 0 1.000000
  0 6.344226 3.624146 0.159802 0.317988 0.947998 0.013557 0.105254 0.009198 1 0 1.000000
  0 5.210765 3.953578 0.159802 0.244558 0.969579 0.010427 0.138645 0.007453 1 0 1.000000
radio
  0 7.306091 3.233179 1.638491 0.397728 0.916870 0.034075 0.076918 0.054119 1 0 1.000000
  0 6.344226 3.624146 0.159802 0.317988 0.947998 0.013557 0.105254 0.009198 1 0 1.000000
  0 6.289950 3.624146 1.432833 0.315457 0.948555 0.027022 0.106853 0.046089 1 0 1.000000
radio
  0 7.118038 3.233178 3.091878 0.388454 0.918970 0.067798 0.082458 0.096237 1 0 1.000000
  0 7.306091 3.233179 1.638491 0.397728 0.916870 0.034075 0.076918 0.054119 1 0 1.000000
  0 6.289950 3.624146 1.432833 0.315457 0.948555 0.027022 0.106853 0.046089 1 0 1.000000
radio
  0 7.986233 2.787366 3.449507 0.481458 0.872398 0.084376 0.056882 0.108961 1 0 1.000000
  0 7.306091 3.233179 1.638491 0.397728 0.916870 0.034075 0.076918 0.054119 1 0 1.000000
  0 7.118038 3.233178 3.091878 0.388454 0.918970 0.067798 0.082458 0.096237 1 0 1.000000
radio
  0 7.637012 2.787366 5.023877 0.464121 0.876151 0.130193 0.067170 0.154585 1 0 1.000000
  0 7.986233 2.787366 3.449507 0.481458 0.872398 0.084376 0.056882 0.108961 1 0 1.000000
  0 7.118038 3.233178 3.091878 0.388454 0.918970 0.067798 0.082458 0.096237 1 0 1.000000
radio
  0 8.331398 2.294336 5.469432 0.570067 0.804618 0.166171 0.046714 0.170108 1 0 1.000000
  0 7.986233 2.787366 3.449507 0.481458 0.872398 0.084376 0.056882 0.108961 1 0 1.000000
  0 7.637012 2.787366 5.023877 0.464121 0.876151 0.130193 0.067170 0.154585 1 0 1.000000
radio
  0 7.749307 2.294336 7.097168 0.545120 0.803845 0.238070 0.063862 0.217278 1 0 1.000000
  0 8.331398 2.294336 5.469432 0.570067 0.804618 0.166171 0.046714 0.170108 1 0 1.000000
  0 7.637012 2.787366 5.023877 0.464121 0.876151 0.130193 0.067170 0.154585 1 0 1.000000
radio
  0 8.216546 1.762524 7.560613 0.659848 0.685258 0.308256 0.050098 0.233525 1 0 1.000000
  0 8.331398 2.294336 5.469432 0.570067 0.804618 0.166171 0.046714 0.170108 1 0 1.000000
  0 7.749307 2.294336 7.097168 0.545120 0.803845 0.238070 0.063862 0.217278 1 0 1.000000
radio
  0 7.327553 1.762524 9.163707 0.627055 0.667120 0.402185 0.076287 0.279981 1 0 1.000000
  0 8.216546 1.762524 7.560613 0.659848 0.685258 0.308256 0.050098 0.233525 1 0 1.000000
  0 7.749307 2.294336 7.097168 0.545120 0.803845 0.238070 0.063862 0.217278 1 0 1.000000
radio
  0 6.808127 3.233178 4.495097 0.373289 0.922077 0.102123 0.091588 0.136901 1 0 1.000000
  0 7.118038 3.233178 3.091878 0.388454 0.918970 0.067798 0.082458 0.096237 1 0 1.000000
  0 6.128052 3.624146 2.684081 0.307797 0.949937 0.053664 0.111622 0.082349 1 0 1.000000
radio
  0 7.118038 3.233178 3.091878 0.388454 0.918970 0.067798 0.082458 0.096237 1 0 1.000000
  0 6.289950 3.624146 1.432833 0.315457 0.948555 0.027022 0.106853 0.046089 1 0 1.000000
  0 6.128052 3.624146 2.684081 0.307797 0.949937 0.053664 0.111622 0.082349 1 0 1.000000
radio
  0 6.128052 3.624146 2.684081 0.307797 0.949937 0.053664 0.111622 0.082349 1 0 1.000000
  0 6.289950 3.624146 1.432833 0.315457 0.948555 0.027022 0.106853 0.046089 1 0 1.000000
  0 5.166187 3.953578 1.205393 0.242552 0.969916 0.020775 0.139958 0.037753 1 0 1.000000
radio
  0 7.132843 2.787366 6.515022 0.441371 0.878904 0.180887 0.082022 0.197797 1 0 1.000000
  0 6.808127 3.233178 4.495097 0.373289 0.922077 0.102123 0.091588 0.136901 1 0 1.000000
  0 6.374828 3.233178 5.824138 0.352818 0.925480 0.137864 0.104353 0.175415 1 0 1.000000
radio
  0 6.374828 3.233178 5.824138 0.352818 0.925480 0.137864 0.104353 0.175415 1 0 1.000000
  0 6.808127 3.233178 4.495097 0.373289 0.922077 0.102123 0.091588 0.136901 1 0 1.000000
  0 5.861300 3.624146 3.892138 0.295167 0.952105 0.079825 0.119481 0.117357 1 0 1.000000
radio
  0 6.808127 3.233178 4.495097 0.373289 0.922077 0.102123 0.091588 0.136901 1 0 1.000000
  0 6.128052 3.624146 2.684081 0.307797 0.949937 0.053664 0.111622 0.082349 1 0 1.000000
  0 5.861300 3.624146 3.892138 0.295167 0.952105 0.079825 0.119481 0.117357 1 0 1.000000
radio
  0 5.861300 3.624146 3.892138 0.295167 0.952105 0.079825 0.119481 0.117357 1 0 1.000000
  0 6.128052 3.624146 2.684081 0.307797 0.949937 0.053664 0.111622 0.082349 1 0 1.000000
  0 5.033213 3.953578 2.233093 0.236519 0.970752 0.041231 0.143875 0.067535 1 0 1.000000
radio
  0 6.128052 3.624146 2.684081 0.307797 0.949937 0.053664 0.111622 0.082349 1 0 1.000000
  0 5.166187 3.953578 1.205393 0.242552 0.969916 0.020775 0.139958 0.037753 1 0 1.000000
  0 5.033213 3.953578 2.233093 0.236519 0.970752 0.041231 0.143875 0.067535 1 0 1.000000
radio
  0 5.033213 3.953578 2.233093 0.236519 0.970752 0.041231 0.143875 0.067535 1 0 1.000000
  0 5.166187 3.953578 1.205393 0.242552 0.969916 0.020775 0.139958 0.037753 1 0 1.000000
  0 3.954028 4.215838 0.960063 0.176503 0.984184 0.015117 0.175667 0.029255 1 0 1.000000
radio
  0 5.166187 3.953578 1.205393 0.242552 0.969916 0.020775 0.139958 0.037753 1 0 1.000000
  0 3.988147 4.215838 0.159802 0.177991 0.984003 0.007589 0.174662 0.006064 1 0 1.000000
  0 3.954028 4.215838 0.960063 0.176503 0.984184 0.015117 0.175667 0.029255 1 0 1.000000
radio
  0 3.954028 4.215838 0.960063 0.176503 0.984184 0.015117 0.175667 0.029255 1 0 1.000000
  0 3.988147 4.215838 0.159802 0.177991 0.984003 0.007589 0.174662 0.006064 1 0 1.000000
  0 2.697291 4.406440 0.159802 0.116187 0.993215 0.004954 0.212689 0.005055 1 0 1.000000
radio
  0 3.954028 4.215838 0.960063 0.176503 0.984184 0.015117 0.175667 0.029255 1 0 1.000000
  0 2.697291 4.406440 0.159802 0.116187 0.993215 0.004954 0.212689 0.005055 1 0 1.000000
  0 2.674215 4.406440 0.701040 0.115203 0.993293 0.009866 0.213369 0.020739 1 0 1.000000
radio
  0 2.674215 4.406440 0.701040 0.115203 0.993293 0.009866 0.213369 0.020739 1 0 1.000000
  0 2.697291 4.406440 0.159802 0.116187 0.993215 0.004954 0.212689 0.005055 1 0 1.000000
  0 1.360283 4.522121 0.159802 0.057373 0.998350 0.002446 0.252076 0.004442 1 0 1.000000
radio
  0 2.674215 4.406440 0.701040 0.115203 0.993293 0.009866 0.213369 0.020739 1 0 1.000000
  0 1.360283 4.522121 0.159802 0.057373 0.998350 0.002446 0.252076 0.004442 1 0 1.000000
  0 1.348645 4.522121 0.432756 0.056884 0.998369 0.004872 0.252419 0.012352 1 0 1.000000
radio
  0 1.348645 4.522121 0.432756 0.056884 0.998369 0.004872 0.252419 0.012352 1 0 1.000000
  0 1.360283 4.522121 0.159802 0.057373 0.998350 0.002446 0.252076 0.004442 1 0 1.000000
  0 0.000000 4.560902 0.159802 0.000000 0.999930 0.011840 0.292148 0.004237 1 0 1.000000
radio
  0 1.313932 4.522121 0.701040 0.055424 0.998416 0.009660 0.253441 0.020127 1 0 1.000000
  0 1.348645 4.522121 0.432756 0.056884 0.998369 0.004872 0.252419 0.012352 1 0 1.000000
  0 0.000000 4.560902 0.159802 0.000000 0.999930 0.011840 0.292148 0.004237 1 0 1.000000
radio
  0 1.256737 4.522121 0.960063 0.053017 0.998491 0.014285 0.255126 0.027633 1 0 1.000000
  0 1.313932 4.522121 0.701040 0.055424 0.998416 0.009660 0.253441 0.020127 1 0 1.000000
  0 0.000000 4.560902 0.159802 0.000000 0.999930 0.011840 0.292148 0.004237 1 0 1.000000
radio
  0 2.491972 4.406440 1.746630 0.107413 0.993793 0.028943 0.218737 0.051040 1 0 1.000000
  0 1.313932 4.522121 0.701040 0.055424 0.998416 0.009660 0.253441 0.020127 1 0 1.000000
  0 1.256737 4.522121 0.960063 0.053017 0.998491 0.014285 0.255126 0.027633 1 0 1.000000
radio
  0 2.335922 4.406440 2.233093 0.100732 0.994194 0.037832 0.223334 0.065137 1 0 1.000000
  0 2.491972 4.406440 1.746630 0.107413 0.993793 0.028943 0.218737 0.051040 1 0 1.000000
  0 1.256737 4.522121 0.960063 0.053017 0.998491 0.014285 0.255126 0.027633 1 0 1.000000
radio
  0 3.453837 4.215838 3.225319 0.154521 0.986283 0.058044 0.190402 0.094900 1 0 1.000000
  0 2.491972 4.406440 1.746630 0.107413 0.993793 0.028943 0.218737 0.051040 1 0 1.000000
  0 2.335922 4.406440 2.233093 0.100732 0.994194 0.037832 0.223334 0.065137 1 0 1.000000
radio
  0 3.164010 4.215838 3.892138 0.141716 0.987373 0.070781 0.198940 0.114224 1 0 1.000000
  0 3.453837 4.215838 3.225319 0.154521 0.986283 0.058044 0.190402 0.094900 1 0 1.000000
  0 2.335922 4.406440 2.233093 0.100732 0.994194 0.037832 0.223334 0.065137 1 0 1.000000
radio
  0 3.975814 2.787366 10.985670 0.278335 0.881195 0.382131 0.175025 0.327353 1 0 1.000000
  0 4.860873 2.787366 10.183517 0.339110 0.882834 0.324974 0.148952 0.304107 1 0 1.000000
  0 4.418757 3.233178 9.141145 0.261469 0.936820 0.232382 0.161976 0.271539 1 0 1.000000
radio
  0 4.860873 2.787366 10.183517 0.339110 0.882834 0.324974 0.148952 0.304107 1 0 1.000000
  0 5.156243 3.233178 8.170382 0.298473 0.932593 0.202938 0.140251 0.243407 1 0 1.000000
  0 4.418757 3.233178 9.141145 0.261469 0.936820 0.232382 0.161976 0.271539 1 0 1.000000
radio
  0 4.860873 2.787366 10.183517 0.339110 0.882834 0.324974 0.148952 0.304107 1 0 1.000000
  0 5.698999 2.787366 9.141145 0.383682 0.881334 0.275749 0.124262 0.273900 1 0 1.000000
  0 5.156243 3.233178 8.170382 0.298473 0.932593 0.202938 0.140251 0.243407 1 0 1.000000
radio
  0 5.698999 2.787366 9.141145 0.383682 0.881334 0.275749 0.124262 0.273900 1 0 1.000000
  0 5.817440 3.233178 7.056260 0.328014 0.928837 0.172244 0.120773 0.211121 1 0 1.000000
  0 5.156243 3.233178 8.170382 0.298473 0.932593 0.202938 0.140251 0.243407 1 0 1.000000
radio
  0 5.698999 2.787366 9.141145 0.383682 0.881334 0.275749 0.124262 0.273900 1 0 1.000000
  0 6.472936 2.787366 7.897428 0.415286 0.880132 0.230011 0.101462 0.237858 1 0 1.000000
  0 5.817440 3.233178 7.056260 0.328014 0.928837 0.172244 0.120773 0.211121 1 0 1.000000
radio
  0 6.472936 2.787366 7.897428 0.415286 0.880132 0.230011 0.101462 0.237858 1 0 1.000000
  0 6.374828 3.233178 5.824138 0.352818 0.925480 0.137864 0.104353 0.175415 1 0 1.000000
  0 5.817440 3.233178 7.056260 0.328014 0.928837 0.172244 0.120773 0.211121 1 0 1.000000
radio
  0 5.817440 3.233178 7.056260 0.328014 0.928837 0.172244 0.120773 0.211121 1 0 1.000000
  0 6.374828 3.233178 5.824138 0.352818 0.925480 0.137864 0.104353 0.175415 1 0 1.000000
  0 5.493603 3.624146 5.036334 0.277792 0.954812 0.105668 0.130313 0.150515 1 0 1.000000
radio
  0 6.374828 3.233178 5.824138 0.352818 0.925480 0.137864 0.104353 0.175415 1 0 1.000000
  0 5.861300 3.624146 3.892138 0.295167 0.952105 0.079825 0.119481 0.117357 1 0 1.000000
  0 5.493603 3.624146 5.036334 0.277792 0.954812 0.105668 0.130313 0.150515 1 0 1.000000
radio
  0 5.493603 3.624146 5.036334 0.277792 0.954812 0.105668 0.130313 0.150515 1 0 1.000000
  0 5.861300 3.624146 3.892138 0.295167 0.952105 0.079825 0.119481 0.117357 1 0 1.000000
  0 4.814119 3.953578 3.225319 0.226549 0.972083 0.061071 0.150329 0.096289 1 0 1.000000
radio
  0 5.861300 3.624146 3.892138 0.295167 0.952105 0.079825 0.119481 0.117357 1 0 1.000000
  0 5.033213 3.953578 2.233093 0.236519 0.970752 0.041231 0.143875 0.067535 1 0 1.000000
  0 4.814119 3.953578 3.225319 0.226549 0.972083 0.061071 0.150329 0.096289 1 0 1.000000
radio
  0 4.814119 3.953578 3.225319 0.226549 0.972083 0.061071 0.150329 0.096289 1 0 1.000000
  0 5.033213 3.953578 2.233093 0.236519 0.970752 0.041231 0.143875 0.067535 1 0 1.000000
  0 3.852254 4.215838 1.746630 0.172043 0.984633 0.029989 0.178665 0.052049 1 0 1.000000
radio
  0 5.033213 3.953578 2.233093 0.236519 0.970752 0.041231 0.143875 0.067535 1 0 1.000000
  0 3.954028 4.215838 0.960063 0.176503 0.984184 0.015117 0.175667 0.029255 1 0 1.000000
  0 3.852254 4.215838 1.746630 0.172043 0.984633 0.029989 0.178665 0.052049 1 0 1.000000
radio
  0 3.852254 4.215838 1.746630 0.172043 0.984633 0.029989 0.178665 0.052049 1 0 1.000000
  0 3.954028 4.215838 0.960063 0.176503 0.984184 0.015117 0.175667 0.029255 1 0 1.000000
  0 2.674215 4.406440 0.701040 0.115203 0.993293 0.009866 0.213369 0.020739 1 0 1.000000
radio
  0 3.852254 4.215838 1.746630 0.172043 0.984633 0.029989 0.178665 0.052049 1 0 1.000000
  0 2.674215 4.406440 0.701040 0.115203 0.993293 0.009866 0.213369 0.020739 1 0 1.000000
  0 2.605383 4.406440 1.233017 0.112262 0.993486 0.019568 0.215396 0.036156 1 0 1.000000
radio
  0 2.605383 4.406440 1.233017 0.112262 0.993486 0.019568 0.215396 0.036156 1 0 1.000000
  0 2.674215 4.406440 0.701040 0.115203 0.993293 0.009866 0.213369 0.020739 1 0 1.000000
  0 1.348645 4.522121 0.432756 0.056884 0.998369 0.004872 0.252419 0.012352 1 0 1.000000
radio
  0 2.605383 4.406440 1.233017 0.112262 0.993486 0.019568 0.215396 0.036156 1 0 1.000000
  0 1.348645 4.522121 0.432756 0.056884 0.998369 0.004872 0.252419 0.012352 1 0 1.000000
  0 1.313932 4.522121 0.701040 0.055424 0.998416 0.009660 0.253441 0.020127 1 0 1.000000
radio
  0 2.491972 4.406440 1.746630 0.107413 0.993793 0.028943 0.218737 0.051040 1 0 1.000000
  0 2.605383 4.406440 1.233017 0.112262 0.993486 0.019568 0.215396 0.036156 1 0 1.000000
  0 1.313932 4.522121 0.701040 0.055424 0.998416 0.009660 0.253441 0.020127 1 0 1.000000
radio
  0 3.684568 4.215838 2.506047 0.164680 0.985348 0.044375 0.183605 0.074056 1 0 1.000000
  0 2.605383 4.406440 1.233017 0.112262 0.993486 0.019568 0.215396 0.036156 1 0 1.000000
  0 2.491972 4.406440 1.746630 0.107413 0.993793 0.028943 0.218737 0.051040 1 0 1.000000
radio
  0 5.156243 3.233178 8.170382 0.298473 0.932593 0.202938 0.140251 0.243407 1 0 1.000000
  0 5.817440 3.233178 7.056260 0.328014 0.928837 0.172244 0.120773 0.211121 1 0 1.000000
  0 5.027698 3.624146 6.097091 0.256143 0.957813 0.130325 0.144038 0.181255 1 0 1.000000
radio
  0 5.817440 3.233178 7.056260 0.328014 0.928837 0.172244 0.120773 0.211121 1 0 1.000000
  0 5.493603 3.624146 5.036334 0.277792 0.954812 0.105668 0.130313 0.150515 1 0 1.000000
  0 5.027698 3.624146 6.097091 0.256143 0.957813 0.130325 0.144038 0.181255 1 0 1.000000
radio
  0 5.027698 3.624146 6.097091 0.256143 0.957813 0.130325 0.144038 0.181255 1 0 1.000000
  0 5.493603 3.624146 5.036334 0.277792 0.954812 0.105668 0.130313 0.150515 1 0 1.000000
  0 4.512655 3.953578 4.165092 0.212768 0.973814 0.080103 0.159210 0.123523 1 0 1.000000
radio
  0 5.493603 3.624146 5.036334 0.277792 0.954812 0.105668 0.130313 0.150515 1 0 1.000000
  0 4.814119 3.953578 3.225319 0.226549 0.972083 0.061071 0.150329 0.096289 1 0 1.000000
  0 4.512655 3.953578 4.165092 0.212768 0.973814 0.080103 0.159210 0.123523 1 0 1.000000
radio
  0 4.512655 3.953578 4.165092 0.212768 0.973814 0.080103 0.159210 0.123523 1 0 1.000000
  0 4.814119 3.953578 3.225319 0.226549 0.972083 0.061071 0.150329 0.096289 1 0 1.000000
  0 3.684568 4.215838 2.506047 0.164680 0.985348 0.044375 0.183605 0.074056 1 0 1.000000
radio
  0 4.814119 3.953578 3.225319 0.226549 0.972083 0.061071 0.150329 0.096289 1 0 1.000000
  0 3.852254 4.215838 1.746630 0.172043 0.984633 0.029989 0.178665 0.052049 1 0 1.000000
  0 3.684568 4.215838 2.506047 0.164680 0.985348 0.044375 0.183605 0.074056 1 0 1.000000
radio
  0 3.684568 4.215838 2.506047 0.164680 0.985348 0.044375 0.183605 0.074056 1 0 1.000000
  0 3.852254 4.215838 1.746630 0.172043 0.984633 0.029989 0.178665 0.052049 1 0 1.000000
  0 2.605383 4.406440 1.233017 0.112262 0.993486 0.019568 0.215396 0.036156 1 0 1.000000
radio
  0 3.453837 4.215838 3.225319 0.154521 0.986283 0.058044 0.190402 0.094900 1 0 1.000000
  0 3.684568 4.215838 2.506047 0.164680 0.985348 0.044375 0.183605 0.074056 1 0 1.000000
  0 2.491972 4.406440 1.746630 0.107413 0.993793 0.028943 0.218737 0.051040 1 0 1.000000
radio
  0 4.512655 3.953578 4.165092 0.212768 0.973814 0.080103 0.159210 0.123523 1 0 1.000000
  0 3.684568 4.215838 2.506047 0.164680 0.985348 0.044375 0.183605 0.074056 1 0 1.000000
  0 3.453837 4.215838 3.225319 0.154521 0.986283 0.058044 0.190402 0.094900 1 0 1.000000
radio
  0 4.133698 3.953578 5.036334 0.195418 0.975809 0.098019 0.170374 0.148770 1 0 1.000000
  0 4.512655 3.953578 4.165092 0.212768 0.973814 0.080103 0.159210 0.123523 1 0 1.000000
  0 3.453837 4.215838 3.225319 0.154521 0.986283 0.058044 0.190402 0.094900 1 0 1.000000
radio
  0 5.027698 3.624146 6.097091 0.256143 0.957813 0.130325 0.144038 0.181255 1 0 1.000000
  0 4.512655 3.953578 4.165092 0.212768 0.973814 0.080103 0.159210 0.123523 1 0 1.000000
  0 4.133698 3.953578 5.036334 0.195418 0.975809 0.098019 0.170374 0.148770 1 0 1.000000
radio
  0 4.472960 3.624146 7.056260 0.230456 0.961087 0.152320 0.160380 0.209051 1 0 1.000000
  0 5.027698 3.624146 6.097091 0.256143 0.957813 0.130325 0.144038 0.181255 1 0 1.000000
  0 4.133698 3.953578 5.036334 0.195418 0.975809 0.098019 0.170374 0.148770 1 0 1.000000
radio
  0 5.156243 3.233178 8.170382 0.298473 0.932593 0.202938 0.140251 0.243407 1 0 1.000000
  0 5.027698 3.624146 6.097091 0.256143 0.957813 0.130325 0.144038 0.181255 1 0 1.000000
  0 4.472960 3.624146 7.056260 0.230456 0.961087 0.152320 0.160380 0.209051 1 0 1.000000
radio
  0 4.418757 3.233178 9.141145 0.261469 0.936820 0.232382 0.161976 0.271539 1 0 1.000000
  0 5.156243 3.233178 8.170382 0.298473 0.932593 0.202938 0.140251 0.243407 1 0 1.000000
  0 4.472960 3.624146 7.056260 0.230456 0.961087 0.152320 0.160380 0.209051 1 0 1.000000
radio
  0 4.133698 3.953578 5.036334 0.195418 0.975809 0.098019 0.170374 0.148770 1 0 1.000000
  0 3.453837 4.215838 3.225319 0.154521 0.986283 0.058044 0.190402 0.094900 1 0 1.000000
  0 3.164010 4.215838 3.892138 0.141716 0.987373 0.070781 0.198940 0.114224 1 0 1.000000
radio
  0 3.683198 3.953578 5.824138 0.174807 0.977951 0.114254 0.183645 0.171600 1 0 1.000000
  0 4.133698 3.953578 5.036334 0.195418 0.975809 0.098019 0.170374 0.148770 1 0 1.000000
  0 3.164010 4.215838 3.892138 0.141716 0.987373 0.070781 0.198940 0.114224 1 0 1.000000
radio
  0 4.472960 3.624146 7.056260 0.230456 0.961087 0.152320 0.160380 0.209051 1 0 1.000000
  0 4.133698 3.953578 5.036334 0.195418 0.975809 0.098019 0.170374 0.148770 1 0 1.000000
  0 3.683198 3.953578 5.824138 0.174807 0.977951 0.114254 0.183645 0.171600 1 0 1.000000
radio
  0 3.844157 3.624146 7.897428 0.200198 0.964603 0.171643 0.178904 0.233427 1 0 1.000000
  0 4.472960 3.624146 7.056260 0.230456 0.961087 0.152320 0.160380 0.209051 1 0 1.000000
  0 3.683198 3.953578 5.824138 0.174807 0.977951 0.114254 0.183645 0.171600 1 0 1.000000
radio
  0 4.418757 3.233178 9.141145 0.261469 0.936820 0.232382 0.161976 0.271539 1 0 1.000000
  0 4.472960 3.624146 7.056260 0.230456 0.961087 0.152320 0.160380 0.209051 1 0 1.000000
  0 3.844157 3.624146 7.897428 0.200198 0.964603 0.171643 0.178904 0.233427 1 0 1.000000
radio
  0 3.622485 3.233178 9.931332 0.215742 0.940228 0.263490 0.185434 0.294438 1 0 1.000000
  0 4.418757 3.233178 9.141145 0.261469 0.936820 0.232382 0.161976 0.271539 1 0 1.000000
  0 3.844157 3.624146 7.897428 0.200198 0.964603 0.171643 0.178904 0.233427 1 0 1.000000
radio
  0 3.975814 2.787366 10.985670 0.278335 0.881195 0.382131 0.175025 0.327353 1 0 1.000000
  0 4.418757 3.233178 9.141145 0.261469 0.936820 0.232382 0.161976 0.271539 1 0 1.000000
  0 3.622485 3.233178 9.931332 0.215742 0.940228 0.263490 0.185434 0.294438 1 0 1.000000
radio
  0 3.042980 2.787366 11.551776 0.207383 0.872645 0.442134 0.202505 0.343758 1 0 1.000000
  0 3.975814 2.787366 10.985670 0.278335 0.881195 0.382131 0.175025 0.327353 1 0 1.000000
  0 3.622485 3.233178 9.931332 0.215742 0.940228 0.263490 0.185434 0.294438 1 0 1.000000
radio
  0 3.042980 2.787366 11.551776 0.207383 0.872645 0.442134 0.202505 0.343758 1 0 1.000000
  0 3.622485 3.233178 9.931332 0.215742 0.940228 0.263490 0.185434 0.294438 1 0 1.000000
  0 2.774330 3.233178 10.526165 0.163580 0.941215 0.295559 0.210420 0.311676 1 0 1.000000
radio
  0 2.062231 2.787366 11.913075 0.134998 0.859239 0.493441 0.231397 0.354228 1 0 1.000000
  0 3.042980 2.787366 11.551776 0.207383 0.872645 0.442134 0.202505 0.343758 1 0 1.000000
  0 2.774330 3.233178 10.526165 0.163580 0.941215 0.295559 0.210420 0.311676 1 0 1.000000
radio
  0 2.062231 2.787366 11.913075 0.134998 0.859239 0.493441 0.231397 0.354228 1 0 1.000000
  0 2.774330 3.233178 10.526165 0.163580 0.941215 0.295559 0.210420 0.311676 1 0 1.000000
  0 1.879974 3.233178 10.932313 0.108791 0.939603 0.324515 0.236766 0.323446 1 0 1.000000
radio
  0 1.042250 2.787366 12.111012 0.065937 0.847526 0.526641 0.261445 0.359964 1 0 1.000000
  0 2.062231 2.787366 11.913075 0.134998 0.859239 0.493441 0.231397 0.354228 1 0 1.000000
  0 1.879974 3.233178 10.932313 0.108791 0.939603 0.324515 0.236766 0.323446 1 0 1.000000
radio
  0 1.042250 2.787366 12.111012 0.065937 0.847526 0.526641 0.261445 0.359964 1 0 1.000000
  0 1.879974 3.233178 10.932313 0.108791 0.939603 0.324515 0.236766 0.323446 1 0 1.000000
  0 0.949819 3.233178 11.165956 0.054089 0.937095 0.344859 0.264168 0.330216 1 0 1.000000
radio
  0 0.000000 2.787366 12.174041 0.000000 0.842974 0.537954 0.292149 0.361791 1 0 1.000000
  0 1.042250 2.787366 12.111012 0.065937 0.847526 0.526641 0.261445 0.359964 1 0 1.000000
  0 0.949819 3.233178 11.165956 0.054089 0.937095 0.344859 0.264168 0.330216 1 0 1.000000
radio
  0 0.000000 2.787366 12.174041 0.000000 0.842974 0.537954 0.292149 0.361791 1 0 1.000000
  0 0.949819 3.233178 11.165956 0.054089 0.937095 0.344859 0.264168 0.330216 1 0 1.000000
  0 0.000000 3.233178 11.241893 0.000000 0.935932 0.352182 0.292148 0.332417 1 0 1.000000
radio
  0 -1.042237 2.787366 12.111012 -0.065942 0.847525 0.526644 0.322852 0.359964 1 0 1.000000
  0 0.000000 2.787366 12.174041 0.000000 0.842974 0.537954 0.292149 0.361791 1 0 1.000000
  0 0.000000 3.233178 11.241893 0.000000 0.935932 0.352182 0.292148 0.332417 1 0 1.000000
radio
  0 -1.042237 2.787366 12.111012 -0.065942 0.847525 0.526644 0.322852 0.359964 1 0 1.000000
  0 0.000000 3.233178 11.241893 0.000000 0.935932 0.352182 0.292148 0.332417 1 0 1.000000
  0 -0.949815 3.233178 11.165956 -0.054090 0.937095 0.344859 0.320129 0.330216 1 0 1.000000
radio
  0 -2.062147 2.787366 11.913075 -0.135018 0.859228 0.493454 0.352897 0.354228 1 0 1.000000
  0 -1.042237 2.787366 12.111012 -0.065942 0.847525 0.526644 0.322852 0.359964 1 0 1.000000
  0 -0.949815 3.233178 11.165956 -0.054090 0.937095 0.344859 0.320129 0.330216 1 0 1.000000
radio
  0 1.879974 3.233178 10.932313 0.108791 0.939603 0.324515 0.236766 0.323446 1 0 1.000000
  0 2.416457 3.624145 9.163707 0.125987 0.970483 0.205645 0.220962 0.270123 1 0 1.000000
  0 1.636453 3.624145 9.561611 0.084594 0.971970 0.219357 0.243940 0.281653 1 0 1.000000
radio
  0 1.879974 3.233178 10.932313 0.108791 0.939603 0.324515 0.236766 0.323446 1 0 1.000000
  0 2.774330 3.233178 10.526165 0.163580 0.941215 0.295559 0.210420 0.311676 1 0 1.000000
  0 2.416457 3.624145 9.163707 0.125987 0.970483 0.205645 0.220962 0.270123 1 0 1.000000
radio
  0 2.774330 3.233178 10.526165 0.163580 0.941215 0.295559 0.210420 0.311676 1 0 1.000000
  0 3.155292 3.624145 8.605644 0.165082 0.967935 0.189342 0.199197 0.253951 1 0 1.000000
  0 2.416457 3.624145 9.163707 0.125987 0.970483 0.205645 0.220962 0.270123 1 0 1.000000
radio
  0 2.774330 3.233178 10.526165 0.163580 0.941215 0.295559 0.210420 0.311676 1 0 1.000000
  0 3.622485 3.233178 9.931332 0.215742 0.940228 0.263490 0.185434 0.294438 1 0 1.000000
  0 3.155292 3.624145 8.605644 0.165082 0.967935 0.189342 0.199197 0.253951 1 0 1.000000
radio
  0 3.622485 3.233178 9.931332 0.215742 0.940228 0.263490 0.185434 0.294438 1 0 1.000000
  0 3.844157 3.624146 7.897428 0.200198 0.964603 0.171643 0.178904 0.233427 1 0 1.000000
  0 3.155292 3.624145 8.605644 0.165082 0.967935 0.189342 0.199197 0.253951 1 0 1.000000
radio
  0 3.155292 3.624145 8.605644 0.165082 0.967935 0.189342 0.199197 0.253951 1 0 1.000000
  0 3.844157 3.624146 7.897428 0.200198 0.964603 0.171643 0.178904 0.233427 1 0 1.000000
  0 3.169629 3.953578 6.515022 0.151127 0.980145 0.128362 0.198774 0.191622 1 0 1.000000
radio
  0 3.844157 3.624146 7.897428 0.200198 0.964603 0.171643 0.178904 0.233427 1 0 1.000000
  0 3.683198 3.953578 5.824138 0.174807 0.977951 0.114254 0.183645 0.171600 1 0 1.000000
  0 3.169629 3.953578 6.515022 0.151127 0.980145 0.128362 0.198774 0.191622 1 0 1.000000
radio
  0 3.169629 3.953578 6.515022 0.151127 0.980145 0.128362 0.198774 0.191622 1 0 1.000000
  0 3.683198 3.953578 5.824138 0.174807 0.977951 0.114254 0.183645 0.171600 1 0 1.000000
  0 2.820041 4.215838 4.495097 0.126479 0.988545 0.082347 0.209073 0.131697 1 0 1.000000
radio
  0 3.683198 3.953578 5.824138 0.174807 0.977951 0.114254 0.183645 0.171600 1 0 1.000000
  0 3.164010 4.215838 3.892138 0.141716 0.987373 0.070781 0.198940 0.114224 1 0 1.000000
  0 2.820041 4.215838 4.495097 0.126479 0.988545 0.082347 0.209073 0.131697 1 0 1.000000
radio
  0 2.820041 4.215838 4.495097 0.126479 0.988545 0.082347 0.209073 0.131697 1 0 1.000000
  0 3.164010 4.215838 3.892138 0.141716 0.987373 0.070781 0.198940 0.114224 1 0 1.000000
  0 2.139904 4.406440 2.684081 0.092328 0.994661 0.046086 0.229109 0.078206 1 0 1.000000
radio
  0 3.164010 4.215838 3.892138 0.141716 0.987373 0.070781 0.198940 0.114224 1 0 1.000000
  0 2.335922 4.406440 2.233093 0.100732 0.994194 0.037832 0.223334 0.065137 1 0 1.000000
  0 2.139904 4.406440 2.684081 0.092328 0.994661 0.046086 0.229109 0.078206 1 0 1.000000
radio
  0 2.139904 4.406440 2.684081 0.092328 0.994661 0.046086 0.229109 0.078206 1 0 1.000000
  0 2.335922 4.406440 2.233093 0.100732 0.994194 0.037832 0.223334 0.065137 1 0 1.000000
  0 1.178039 4.522121 1.205393 0.049704 0.998589 0.018667 0.257445 0.034742 1 0 1.000000
radio
  0 2.335922 4.406440 2.233093 0.100732 0.994194 0.037832 0.223334 0.065137 1 0 1.000000
  0 1.256737 4.522121 0.960063 0.053017 0.998491 0.014285 0.255126 0.027633 1 0 1.000000
  0 1.178039 4.522121 1.205393 0.049704 0.998589 0.018667 0.257445 0.034742 1 0 1.000000
radio
  0 1.178039 4.522121 1.205393 0.049704 0.998589 0.018667 0.257445 0.034742 1 0 1.000000
  0 1.256737 4.522121 0.960063 0.053017 0.998491 0.014285 0.255126 0.027633 1 0 1.000000
  0 0.000000 4.560902 0.159802 0.000000 0.999930 0.011840 0.292148 0.004237 1 0 1.000000
radio
  0 1.079185 4.522121 1.432833 0.045541 0.998704 0.022732 0.260357 0.041333 1 0 1.000000
  0 1.178039 4.522121 1.205393 0.049704 0.998589 0.018667 0.257445 0.034742 1 0 1.000000
  0 0.000000 4.560902 0.159802 0.000000 0.999930 0.011840 0.292148 0.004237 1 0 1.000000
radio
  0 0.961865 4.522121 1.638491 0.040598 0.998826 0.026409 0.263813 0.047293 1 0 1.000000
  0 1.079185 4.522121 1.432833 0.045541 0.998704 0.022732 0.260357 0.041333 1 0 1.000000
  0 0.000000 4.560902 0.159802 0.000000 0.999930 0.011840 0.292148 0.004237 1 0 1.000000
radio
  0 1.907273 4.406440 3.091878 0.082337 0.995164 0.053563 0.235962 0.090024 1 0 1.000000
  0 1.079185 4.522121 1.432833 0.045541 0.998704 0.022732 0.260357 0.041333 1 0 1.000000
  0 0.961865 4.522121 1.638491 0.040598 0.998826 0.026409 0.263813 0.047293 1 0 1.000000
radio
  0 1.642007 4.406440 3.449507 0.070925 0.995667 0.060131 0.243776 0.100387 1 0 1.000000
  0 1.907273 4.406440 3.091878 0.082337 0.995164 0.053563 0.235962 0.090024 1 0 1.000000
  0 0.961865 4.522121 1.638491 0.040598 0.998826 0.026409 0.263813 0.047293 1 0 1.000000
radio
  0 2.416457 3.624145 9.163707 0.125987 0.970483 0.205645 0.220962 0.270123 1 0 1.000000
  0 3.155292 3.624145 8.605644 0.165082 0.967935 0.189342 0.199197 0.253951 1 0 1.000000
  0 2.602709 3.953578 7.097168 0.124465 0.982258 0.140273 0.215475 0.208492 1 0 1.000000
radio
  0 3.155292 3.624145 8.605644 0.165082 0.967935 0.189342 0.199197 0.253951 1 0 1.000000
  0 3.169629 3.953578 6.515022 0.151127 0.980145 0.128362 0.198774 0.191622 1 0 1.000000
  0 2.602709 3.953578 7.097168 0.124465 0.982258 0.140273 0.215475 0.208492 1 0 1.000000
radio
  0 2.602709 3.953578 7.097168 0.124465 0.982258 0.140273 0.215475 0.208492 1 0 1.000000
  0 3.169629 3.953578 6.515022 0.151127 0.980145 0.128362 0.198774 0.191622 1 0 1.000000
  0 2.427776 4.215838 5.023877 0.109058 0.989722 0.092505 0.220629 0.147021 1 0 1.000000
radio
  0 3.169629 3.953578 6.515022 0.151127 0.980145 0.128362 0.198774 0.191622 1 0 1.000000
  0 2.820041 4.215838 4.495097 0.126479 0.988545 0.082347 0.209073 0.131697 1 0 1.000000
  0 2.427776 4.215838 5.023877 0.109058 0.989722 0.092505 0.220629 0.147021 1 0 1.000000
radio
  0 2.427776 4.215838 5.023877 0.109058 0.989722 0.092505 0.220629 0.147021 1 0 1.000000
  0 2.820041 4.215838 4.495097 0.126479 0.988545 0.082347 0.209073 0.131697 1 0 1.000000
  0 1.907273 4.406440 3.091878 0.082337 0.995164 0.053563 0.235962 0.090024 1 0 1.000000
radio
  0 2.820041 4.215838 4.495097 0.126479 0.988545 0.082347 0.209073 0.131697 1 0 1.000000
  0 2.139904 4.406440 2.684081 0.092328 0.994661 0.046086 0.229109 0.078206 1 0 1.000000
  0 1.907273 4.406440 3.091878 0.082337 0.995164 0.053563 0.235962 0.090024 1 0 1.000000
radio
  0 1.907273 4.406440 3.091878 0.082337 0.995164 0.053563 0.235962 0.090024 1 0 1.000000
  0 2.139904 4.406440 2.684081 0.092328 0.994661 0.046086 0.229109 0.078206 1 0 1.000000
  0 1.079185 4.522121 1.432833 0.045541 0.998704 0.022732 0.260357 0.041333 1 0 1.000000
radio
  0 2.139904 4.406440 2.684081 0.092328 0.994661 0.046086 0.229109 0.078206 1 0 1.000000
  0 1.178039 4.522121 1.205393 0.049704 0.998589 0.018667 0.257445 0.034742 1 0 1.000000
  0 1.079185 4.522121 1.432833 0.045541 0.998704 0.022732 0.260357 0.041333 1 0 1.000000
radio
  0 2.427776 4.215838 5.023877 0.109058 0.989722 0.092505 0.220629 0.147021 1 0 1.000000
  0 1.907273 4.406440 3.091878 0.082337 0.995164 0.053563 0.235962 0.090024 1 0 1.000000
  0 1.642007 4.406440 3.449507 0.070925 0.995667 0.060131 0.243776 0.100387 1 0 1.000000
radio
  0 1.993968 4.215837 5.469432 0.089710 0.990826 0.101069 0.233408 0.159932 1 0 1.000000
  0 2.427776 4.215838 5.023877 0.109058 0.989722 0.092505 0.220629 0.147021 1 0 1.000000
  0 1.642007 4.406440 3.449507 0.070925 0.995667 0.060131 0.243776 0.100387 1 0 1.000000
radio
  0 2.602709 3.953578 7.097168 0.124465 0.982258 0.140273 0.215475 0.208492 1 0 1.000000
  0 2.427776 4.215838 5.023877 0.109058 0.989722 0.092505 0.220629 0.147021 1 0 1.000000
  0 1.993968 4.215837 5.469432 0.089710 0.990826 0.101069 0.233408 0.159932 1 0 1.000000
radio
  0 1.992212 3.953578 7.560613 0.095228 0.984084 0.150031 0.233460 0.221922 1 0 1.000000
  0 2.602709 3.953578 7.097168 0.124465 0.982258 0.140273 0.215475 0.208492 1 0 1.000000
  0 1.993968 4.215837 5.469432 0.089710 0.990826 0.101069 0.233408 0.159932 1 0 1.000000
radio
  0 2.416457 3.624145 9.163707 0.125987 0.970483 0.205645 0.220962 0.270123 1 0 1.000000
  0 2.602709 3.953578 7.097168 0.124465 0.982258 0.140273 0.215475 0.208492 1 0 1.000000
  0 1.992212 3.953578 7.560613 0.095228 0.984084 0.150031 0.233460 0.221922 1 0 1.000000
radio
  0 1.636453 3.624145 9.561611 0.084594 0.971970 0.219357 0.243940 0.281653 1 0 1.000000
  0 2.416457 3.624145 9.163707 0.125987 0.970483 0.205645 0.220962 0.270123 1 0 1.000000
  0 1.992212 3.953578 7.560613 0.095228 0.984084 0.150031 0.233460 0.221922 1 0 1.000000
radio
  0 1.636453 3.624145 9.561611 0.084594 0.971970 0.219357 0.243940 0.281653 1 0 1.000000
  0 1.992212 3.953578 7.560613 0.095228 0.984084 0.150031 0.233460 0.221922 1 0 1.000000
  0 1.347880 3.953578 7.897428 0.064251 0.985433 0.157459 0.252441 0.231682 1 0 1.000000
radio
  0 0.826278 3.624145 9.798605 0.042371 0.972588 0.228643 0.267807 0.288521 1 0 1.000000
  0 1.636453 3.624145 9.561611 0.084594 0.971970 0.219357 0.243940 0.281653 1 0 1.000000
  0 1.347880 3.953578 7.897428 0.064251 0.985433 0.157459 0.252441 0.231682 1 0 1.000000
radio
  0 0.826278 3.624145 9.798605 0.042371 0.972588 0.228643 0.267807 0.288521 1 0 1.000000
  0 1.347880 3.953578 7.897428 0.064251 0.985433 0.157459 0.252441 0.231682 1 0 1.000000
  0 0.680026 3.953578 8.101851 0.032328 0.986233 0.162173 0.272116 0.237606 1 0 1.000000
radio
  0 0.000000 3.624145 9.877155 0.000000 0.972729 0.231943 0.292148 0.290798 1 0 1.000000
  0 0.826278 3.624145 9.798605 0.042371 0.972588 0.228643 0.267807 0.288521 1 0 1.000000
  0 0.680026 3.953578 8.101851 0.032328 0.986233 0.162173 0.272116 0.237606 1 0 1.000000
radio
  0 0.000000 3.624145 9.877155 0.000000 0.972729 0.231943 0.292148 0.290798 1 0 1.000000
  0 0.680026 3.953578 8.101851 0.032328 0.986233 0.162173 0.272116 0.237606 1 0 1.000000
  0 0.000000 3.953578 8.170382 0.000000 0.986494 0.163796 0.292148 0.239592 1 0 1.000000
radio
  0 -0.826277 3.624145 9.798605 -0.042371 0.972588 0.228643 0.316490 0.288521 1 0 1.000000
  0 0.000000 3.624145 9.877155 0.000000 0.972729 0.231943 0.292148 0.290798 1 0 1.000000
  0 0.000000 3.953578 8.170382 0.000000 0.986494 0.163796 0.292148 0.239592 1 0 1.000000
radio
  0 -0.826277 3.624145 9.798605 -0.042371 0.972588 0.228643 0.316490 0.288521 1 0 1.000000
  0 0.000000 3.953578 8.170382 0.000000 0.986494 0.163796 0.292148 0.239592 1 0 1.000000
  0 -0.680026 3.953578 8.101851 -0.032328 0.986233 0.162173 0.312181 0.237606 1 0 1.000000
radio
  0 -1.636451 3.624145 9.561611 -0.084595 0.971970 0.219358 0.340357 0.281653 1 0 1.000000
  0 -0.826277 3.624145 9.798605 -0.042371 0.972588 0.228643 0.316490 0.288521 1 0 1.000000
  0 -0.680026 3.953578 8.101851 -0.032328 0.986233 0.162173 0.312181 0.237606 1 0 1.000000
radio
  0 -1.636451 3.624145 9.561611 -0.084595 0.971970 0.219358 0.340357 0.281653 1 0 1.000000
  0 -0.680026 3.953578 8.101851 -0.032328 0.986233 0.162173 0.312181 0.237606 1 0 1.000000
  0 -1.347880 3.953578 7.897428 -0.064251 0.985433 0.157459 0.331856 0.231682 1 0 1.000000
radio
  0 -2.416456 3.624145 9.163707 -0.125988 0.970483 0.205646 0.363335 0.270122 1 0 1.000000
  0 -1.636451 3.624145 9.561611 -0.084595 0.971970 0.219358 0.340357 0.281653 1 0 1.000000
  0 -1.347880 3.953578 7.897428 -0.064251 0.985433 0.157459 0.331856 0.231682 1 0 1.000000
radio
  0 -2.416456 3.624145 9.163707 -0.125988 0.970483 0.205646 0.363335 0.270122 1 0 1.000000
  0 -1.347880 3.953578 7.897428 -0.064251 0.985433 0.157459 0.331856 0.231682 1 0 1.000000
  0 -1.992212 3.953578 7.560613 -0.095228 0.984084 0.150031 0.350837 0.221922 1 0 1.000000
radio
  0 -3.155292 3.624145 8.605644 -0.165082 0.967934 0.189344 0.385100 0.253950 1 0 1.000000
  0 -2.416456 3.624145 9.163707 -0.125988 0.970483 0.205646 0.363335 0.270122 1 0 1.000000
  0 -1.992212 3.953578 7.560613 -0.095228 0.984084 0.150031 0.350837 0.221922 1 0 1.000000
radio
  0 -2.602709 3.953578 7.097168 -0.124465 0.982258 0.140273 0.368822 0.208491 1 0 1.000000
  0 -1.526101 4.215837 5.824138 -0.068739 0.991782 0.107899 0.337106 0.170211 1 0 1.000000
  0 -1.993968 4.215837 5.469432 -0.089710 0.990826 0.101069 0.350889 0.159932 1 0 1.000000
radio
  0 -2.602709 3.953578 7.097168 -0.124465 0.982258 0.140273 0.368822 0.208491 1 0 1.000000
  0 -1.992212 3.953578 7.560613 -0.095228 0.984084 0.150031 0.350837 0.221922 1 0 1.000000
  0 -1.526101 4.215837 5.824138 -0.068739 0.991782 0.107899 0.337106 0.170211 1 0 1.000000
radio
  0 -1.992212 3.953578 7.560613 -0.095228 0.984084 0.150031 0.350837 0.221922 1 0 1.000000
  0 -1.032162 4.215837 6.081924 -0.046518 0.992519 0.112878 0.322555 0.177682 1 0 1.000000
  0 -1.526101 4.215837 5.824138 -0.068739 0.991782 0.107899 0.337106 0.170211 1 0 1.000000
radio
  0 -1.992212 3.953578 7.560613 -0.095228 0.984084 0.150031 0.350837 0.221922 1 0 1.000000
  0 -1.347880 3.953578 7.897428 -0.064251 0.985433 0.157459 0.331856 0.231682 1 0 1.000000
  0 -1.032162 4.215837 6.081924 -0.046518 0.992519 0.112878 0.322555 0.177682 1 0 1.000000
radio
  0 -1.347880 3.953578 7.897428 -0.064251 0.985433 0.157459 0.331856 0.231682 1 0 1.000000
  0 -0.520550 4.215837 6.238383 -0.023464 0.992983 0.115909 0.307483 0.182216 1 0 1.000000
  0 -1.032162 4.215837 6.081924 -0.046518 0.992519 0.112878 0.322555 0.177682 1 0 1.000000
radio
  0 -1.347880 3.953578 7.897428 -0.064251 0.985433 0.157459 0.331856 0.231682 1 0 1.000000
  0 -0.680026 3.953578 8.101851 -0.032328 0.986233 0.162173 0.312181 0.237606 1 0 1.000000
  0 -0.520550 4.215837 6.238383 -0.023464 0.992983 0.115909 0.307483 0.182216 1 0 1.000000
radio
  0 -0.680026 3.953578 8.101851 -0.032328 0.986233 0.162173 0.312181 0.237606 1 0 1.000000
  0 0.000000 4.215837 6.290834 0.000000 0.993140 0.116928 0.292148 0.183736 1 0 1.000000
  0 -0.520550 4.215837 6.238383 -0.023464 0.992983 0.115909 0.307483 0.182216 1 0 1.000000
radio
  0 -0.680026 3.953578 8.101851 -0.032328 0.986233 0.162173 0.312181 0.237606 1 0 1.000000
  0 0.000000 3.953578 8.170382 0.000000 0.986494 0.163796 0.292148 0.239592 1 0 1.000000
  0 0.000000 4.215837 6.290834 0.000000 0.993140 0.116928 0.292148 0.183736 1 0 1.000000
radio
  0 0.000000 3.953578 8.170382 0.000000 0.986494 0.163796 0.292148 0.239592 1 0 1.000000
  0 0.520550 4.215837 6.238383 0.023464 0.992983 0.115909 0.276814 0.182216 1 0 1.000000
  0 0.000000 4.215837 6.290834 0.000000 0.993140 0.116928 0.292148 0.183736 1 0 1.000000
radio
  0 0.000000 3.953578 8.170382 0.000000 0.986494 0.163796 0.292148 0.239592 1 0 1.000000
  0 0.680026 3.953578 8.101851 0.032328 0.986233 0.162173 0.272116 0.237606 1 0 1.000000
  0 0.520550 4.215837 6.238383 0.023464 0.992983 0.115909 0.276814 0.182216 1 0 1.000000
radio
  0 0.680026 3.953578 8.101851 0.032328 0.986233 0.162173 0.272116 0.237606 1 0 1.000000
  0 1.032162 4.215837 6.081924 0.046518 0.992519 0.112878 0.261742 0.177682 1 0 1.000000
  0 0.520550 4.215837 6.238383 0.023464 0.992983 0.115909 0.276814 0.182216 1 0 1.000000
radio
  0 0.680026 3.953578 8.101851 0.032328 0.986233 0.162173 0.272116 0.237606 1 0 1.000000
  0 1.347880 3.953578 7.897428 0.064251 0.985433 0.157459 0.252441 0.231682 1 0 1.000000
  0 1.032162 4.215837 6.081924 0.046518 0.992519 0.112878 0.261742 0.177682 1 0 1.000000
radio
  0 1.347880 3.953578 7.897428 0.064251 0.985433 0.157459 0.252441 0.231682 1 0 1.000000
  0 1.526101 4.215837 5.824138 0.068739 0.991782 0.107899 0.247191 0.170211 1 0 1.000000
  0 1.032162 4.215837 6.081924 0.046518 0.992519 0.112878 0.261742 0.177682 1 0 1.000000
radio
  0 1.347880 3.953578 7.897428 0.064251 0.985433 0.157459 0.252441 0.231682 1 0 1.000000
  0 1.992212 3.953578 7.560613 0.095228 0.984084 0.150031 0.233460 0.221922 1 0 1.000000
  0 1.526101 4.215837 5.824138 0.068739 0.991782 0.107899 0.247191 0.170211 1 0 1.000000
radio
  0 1.992212 3.953578 7.560613 0.095228 0.984084 0.150031 0.233460 0.221922 1 0 1.000000
  0 1.993968 4.215837 5.469432 0.089710 0.990826 0.101069 0.233408 0.159932 1 0 1.000000
  0 1.526101 4.215837 5.824138 0.068739 0.991782 0.107899 0.247191 0.170211 1 0 1.000000
radio
  0 1.526101 4.215837 5.824138 0.068739 0.991782 0.107899 0.247191 0.170211 1 0 1.000000
  0 1.993968 4.215837 5.469432 0.089710 0.990826 0.101069 0.233408 0.159932 1 0 1.000000
  0 1.348645 4.406440 3.750847 0.058286 0.996137 0.065673 0.252419 0.109120 1 0 1.000000
radio
  0 1.993968 4.215837 5.469432 0.089710 0.990826 0.101069 0.233408 0.159932 1 0 1.000000
  0 1.642007 4.406440 3.449507 0.070925 0.995667 0.060131 0.243776 0.100387 1 0 1.000000
  0 1.348645 4.406440 3.750847 0.058286 0.996137 0.065673 0.252419 0.109120 1 0 1.000000
radio
  0 1.348645 4.406440 3.750847 0.058286 0.996137 0.065673 0.252419 0.109120 1 0 1.000000
  0 1.642007 4.406440 3.449507 0.070925 0.995667 0.060131 0.243776 0.100387 1 0 1.000000
  0 0.828088 4.522121 1.818848 0.034958 0.998949 0.029635 0.267754 0.052520 1 0 1.000000
radio
  0 1.032162 4.215837 6.081924 0.046518 0.992519 0.112878 0.261742 0.177682 1 0 1.000000
  0 1.526101 4.215837 5.824138 0.068739 0.991782 0.107899 0.247191 0.170211 1 0 1.000000
  0 1.032208 4.406440 3.990744 0.044632 0.996541 0.070092 0.261741 0.116072 1 0 1.000000
radio
  0 1.526101 4.215837 5.824138 0.068739 0.991782 0.107899 0.247191 0.170211 1 0 1.000000
  0 1.348645 4.406440 3.750847 0.058286 0.996137 0.065673 0.252419 0.109120 1 0 1.000000
  0 1.032208 4.406440 3.990744 0.044632 0.996541 0.070092 0.261741 0.116072 1 0 1.000000
radio
  0 1.032208 4.406440 3.990744 0.044632 0.996541 0.070092 0.261741 0.116072 1 0 1.000000
  0 1.348645 4.406440 3.750847 0.058286 0.996137 0.065673 0.252419 0.109120 1 0 1.000000
  0 0.680141 4.522121 1.970818 0.028717 0.999064 0.032355 0.272112 0.056924 1 0 1.000000
radio
  0 1.348645 4.406440 3.750847 0.058286 0.996137 0.065673 0.252419 0.109120 1 0 1.000000
  0 0.828088 4.522121 1.818848 0.034958 0.998949 0.029635 0.267754 0.052520 1 0 1.000000
  0 0.680141 4.522121 1.970818 0.028717 0.999064 0.032355 0.272112 0.056924 1 0 1.000000
radio
  0 1.642007 4.406440 3.449507 0.070925 0.995667 0.060131 0.243776 0.100387 1 0 1.000000
  0 0.961865 4.522121 1.638491 0.040598 0.998826 0.026409 0.263813 0.047293 1 0 1.000000
  0 0.828088 4.522121 1.818848 0.034958 0.998949 0.029635 0.267754 0.052520 1 0 1.000000
radio
  0 0.828088 4.522121 1.818848 0.034958 0.998949 0.029635 0.267754 0.052520 1 0 1.000000
  0 0.961865 4.522121 1.638491 0.040598 0.998826 0.026409 0.263813 0.047293 1 0 1.000000
  0 0.000000 4.560902 0.159802 0.000000 0.999930 0.011840 0.292148 0.004237 1 0 1.000000
radio
  0 0.680141 4.522121 1.970818 0.028717 0.999064 0.032355 0.272112 0.056924 1 0 1.000000
  0 0.828088 4.522121 1.818848 0.034958 0.998949 0.029635 0.267754 0.052520 1 0 1.000000
  0 0.000000 4.560902 0.159802 0.000000 0.999930 0.011840 0.292148 0.004237 1 0 1.000000
radio
  0 0.520558 4.522121 2.091802 0.021982 0.999162 0.034522 0.276813 0.060430 1 0 1.000000
  0 0.680141 4.522121 1.970818 0.028717 0.999064 0.032355 0.272112 0.056924 1 0 1.000000
  0 0.000000 4.560902 0.159802 0.000000 0.999930 0.011840 0.292148 0.004237 1 0 1.000000
radio
  0 1.032208 4.406440 3.990744 0.044632 0.996541 0.070092 0.261741 0.116072 1 0 1.000000
  0 0.680141 4.522121 1.970818 0.028717 0.999064 0.032355 0.272112 0.056924 1 0 1.000000
  0 0.520558 4.522121 2.091802 0.021982 0.999162 0.034522 0.276813 0.060430 1 0 1.000000
radio
  0 0.698110 4.406440 4.165092 0.030196 0.996852 0.073307 0.271583 0.121124 1 0 1.000000
  0 1.032208 4.406440 3.990744 0.044632 0.996541 0.070092 0.261741 0.116072 1 0 1.000000
  0 0.520558 4.522121 2.091802 0.021982 0.999162 0.034522 0.276813 0.060430 1 0 1.000000
radio
  0 1.032162 4.215837 6.081924 0.046518 0.992519 0.112878 0.261742 0.177682 1 0 1.000000
  0 1.032208 4.406440 3.990744 0.044632 0.996541 0.070092 0.261741 0.116072 1 0 1.000000
  0 0.698110 4.406440 4.165092 0.030196 0.996852 0.073307 0.271583 0.121124 1 0 1.000000
radio
  0 0.520550 4.215837 6.238383 0.023464 0.992983 0.115909 0.276814 0.182216 1 0 1.000000
  0 1.032162 4.215837 6.081924 0.046518 0.992519 0.112878 0.261742 0.177682 1 0 1.000000
  0 0.698110 4.406440 4.165092 0.030196 0.996852 0.073307 0.271583 0.121124 1 0 1.000000
radio
  0 0.520550 4.215837 6.238383 0.023464 0.992983 0.115909 0.276814 0.182216 1 0 1.000000
  0 0.698110 4.406440 4.165092 0.030196 0.996852 0.073307 0.271583 0.121124 1 0 1.000000
  0 0.352067 4.406440 4.270909 0.015232 0.997047 0.075260 0.281777 0.124191 1 0 1.000000
radio
  0 0.000000 4.215837 6.290834 0.000000 0.993140 0.116928 0.292148 0.183736 1 0 1.000000
  0 0.520550 4.215837 6.238383 0.023464 0.992983 0.115909 0.276814 0.182216 1 0 1.000000
  0 0.352067 4.406440 4.270909 0.015232 0.997047 0.075260 0.281777 0.124191 1 0 1.000000
radio
  0 0.000000 4.215837 6.290834 0.000000 0.993140 0.116928 0.292148 0.183736 1 0 1.000000
  0 0.352067 4.406440 4.270909 0.015232 0.997047 0.075260 0.281777 0.124191 1 0 1.000000
  0 0.000000 4.406440 4.306384 0.000000 0.997114 0.075915 0.292148 0.125219 1 0 1.000000
radio
  0 -0.520550 4.215837 6.238383 -0.023464 0.992983 0.115909 0.307483 0.182216 1 0 1.000000
  0 0.000000 4.215837 6.290834 0.000000 0.993140 0.116928 0.292148 0.183736 1 0 1.000000
  0 0.000000 4.406440 4.306384 0.000000 0.997114 0.075915 0.292148 0.125219 1 0 1.000000
radio
  0 -0.520550 4.215837 6.238383 -0.023464 0.992983 0.115909 0.307483 0.182216 1 0 1.000000
  0 0.000000 4.406440 4.306384 0.000000 0.997114 0.075915 0.292148 0.125219 1 0 1.000000
  0 -0.352067 4.406440 4.270909 -0.015232 0.997047 0.075260 0.302520 0.124191 1 0 1.000000
radio
  0 -1.032162 4.215837 6.081924 -0.046518 0.992519 0.112878 0.322555 0.177682 1 0 1.000000
  0 -0.520550 4.215837 6.238383 -0.023464 0.992983 0.115909 0.307483 0.182216 1 0 1.000000
  0 -0.352067 4.406440 4.270909 -0.015232 0.997047 0.075260 0.302520 0.124191 1 0 1.000000
radio
  0 -1.032162 4.215837 6.081924 -0.046518 0.992519 0.112878 0.322555 0.177682 1 0 1.000000
  0 -0.352067 4.406440 4.270909 -0.015232 0.997047 0.075260 0.302520 0.124191 1 0 1.000000
  0 -0.698110 4.406440 4.165092 -0.030196 0.996852 0.073307 0.312714 0.121124 1 0 1.000000
radio
  0 -1.526101 4.215837 5.824138 -0.068739 0.991782 0.107899 0.337106 0.170211 1 0 1.000000
  0 -1.032162 4.215837 6.081924 -0.046518 0.992519 0.112878 0.322555 0.177682 1 0 1.000000
  0 -0.698110 4.406440 4.165092 -0.030196 0.996852 0.073307 0.312714 0.121124 1 0 1.000000
radio
  0 -1.526101 4.215837 5.824138 -0.068739 0.991782 0.107899 0.337106 0.170211 1 0 1.000000
  0 -0.698110 4.406440 4.165092 -0.030196 0.996852 0.073307 0.312714 0.121124 1 0 1.000000
  0 -1.032208 4.406440 3.990744 -0.044632 0.996541 0.070092 0.322556 0.116072 1 0 1.000000
radio
  0 -1.032208 4.406440 3.990744 -0.044632 0.996541 0.070092 0.322556 0.116072 1 0 1.000000
  0 -0.698110 4.406440 4.165092 -0.030196 0.996852 0.073307 0.312714 0.121124 1 0 1.000000
  0 -0.352067 4.522121 2.179728 -0.014869 0.999238 0.036097 0.302520 0.062978 1 0 1.000000
radio
  0 -0.698110 4.406440 4.165092 -0.030196 0.996852 0.073307 0.312714 0.121124 1 0 1.000000
  0 -0.177553 4.522121 2.233093 -0.007499 0.999285 0.037053 0.297379 0.064524 1 0 1.000000
  0 -0.352067 4.522121 2.179728 -0.014869 0.999238 0.036097 0.302520 0.062978 1 0 1.000000
radio
  0 -0.698110 4.406440 4.165092 -0.030196 0.996852 0.073307 0.312714 0.121124 1 0 1.000000
  0 -0.352067 4.406440 4.270909 -0.015232 0.997047 0.075260 0.302520 0.124191 1 0 1.000000
  0 -0.177553 4.522121 2.233093 -0.007499 0.999285 0.037053 0.297379 0.064524 1 0 1.000000
radio
  0 -1.032208 4.406440 3.990744 -0.044632 0.996541 0.070092 0.322556 0.116072 1 0 1.000000
  0 -0.352067 4.522121 2.179728 -0.014869 0.999238 0.036097 0.302520 0.062978 1 0 1.000000
  0 -0.520558 4.522121 2.091802 -0.021982 0.999162 0.034522 0.307483 0.060430 1 0 1.000000
radio
  0 -0.520558 4.522121 2.091802 -0.021982 0.999162 0.034522 0.307483 0.060430 1 0 1.000000
  0 -0.352067 4.522121 2.179728 -0.014869 0.999238 0.036097 0.302520 0.062978 1 0 1.000000
  0 0.000000 4.560902 0.159802 0.000000 0.999930 0.011840 0.292148 0.004237 1 0 1.000000
radio
  0 -0.352067 4.522121 2.179728 -0.014869 0.999238 0.036097 0.302520 0.062978 1 0 1.000000
  0 -0.177553 4.522121 2.233093 -0.007499 0.999285 0.037053 0.297379 0.064524 1 0 1.000000
  0 0.000000 4.560902 0.159802 0.000000 0.999930 0.011840 0.292148 0.004237 1 0 1.000000
radio
  0 -0.177553 4.522121 2.233093 -0.007499 0.999285 0.037053 0.297379 0.064524 1 0 1.000000
  0 0.000000 4.522121 2.250983 0.000000 0.999301 0.037374 0.292148 0.065043 1 0 1.000000
  0 0.000000 4.560902 0.159802 0.000000 0.999930 0.011840 0.292148 0.004237 1 0 1.000000
radio
  0 -0.352067 4.406440 4.270909 -0.015232 0.997047 0.075260 0.302520 0.124191 1 0 1.000000
  0 0.000000 4.522121 2.250983 0.000000 0.999301 0.037374 0.292148 0.065043 1 0 1.000000
  0 -0.177553 4.522121 2.233093 -0.007499 0.999285 0.037053 0.297379 0.064524 1 0 1.000000
radio
  0 -0.352067 4.406440 4.270909 -0.015232 0.997047 0.075260 0.302520 0.124191 1 0 1.000000
  0 0.000000 4.406440 4.306384 0.000000 0.997114 0.075915 0.292148 0.125219 1 0 1.000000
  0 0.000000 4.522121 2.250983 0.000000 0.999301 0.037374 0.292148 0.065043 1 0 1.000000
radio
  0 0.000000 4.406440 4.306384 0.000000 0.997114 0.075915 0.292148 0.125219 1 0 1.000000
  0 0.177553 4.522121 2.233093 0.007499 0.999285 0.037053 0.286918 0.064524 1 0 1.000000
  0 0.000000 4.522121 2.250983 0.000000 0.999301 0.037374 0.292148 0.065043 1 0 1.000000
radio
  0 0.000000 4.406440 4.306384 0.000000 0.997114 0.075915 0.292148 0.125219 1 0 1.000000
  0 0.352067 4.406440 4.270909 0.015232 0.997047 0.075260 0.281777 0.124191 1 0 1.000000
  0 0.177553 4.522121 2.233093 0.007499 0.999285 0.037053 0.286918 0.064524 1 0 1.000000
radio
  0 0.352067 4.406440 4.270909 0.015232 0.997047 0.075260 0.281777 0.124191 1 0 1.000000
  0 0.352067 4.522121 2.179728 0.014869 0.999238 0.036097 0.281777 0.062978 1 0 1.000000
  0 0.177553 4.522121 2.233093 0.007499 0.999285 0.037053 0.286918 0.064524 1 0 1.000000
radio
  0 0.352067 4.406440 4.270909 0.015232 0.997047 0.075260 0.281777 0.124191 1 0 1.000000
  0 0.698110 4.406440 4.165092 0.030196 0.996852 0.073307 0.271583 0.121124 1 0 1.000000
  0 0.352067 4.522121 2.179728 0.014869 0.999238 0.036097 0.281777 0.062978 1 0 1.000000
radio
  0 0.698110 4.406440 4.165092 0.030196 0.996852 0.073307 0.271583 0.121124 1 0 1.000000
  0 0.520558 4.522121 2.091802 0.021982 0.999162 0.034522 0.276813 0.060430 1 0 1.000000
  0 0.352067 4.522121 2.179728 0.014869 0.999238 0.036097 0.281777 0.062978 1 0 1.000000
radio
  0 0.352067 4.522121 2.179728 0.014869 0.999238 0.036097 0.281777 0.062978 1 0 1.000000
  0 0.520558 4.522121 2.091802 0.021982 0.999162 0.034522 0.276813 0.060430 1 0 1.000000
  0 0.000000 4.560902 0.159802 0.000000 0.999930 0.011840 0.292148 0.004237 1 0 1.000000
radio
  0 0.177553 4.522121 2.233093 0.007499 0.999285 0.037053 0.286918 0.064524 1 0 1.000000
  0 0.352067 4.522121 2.179728 0.014869 0.999238 0.036097 0.281777 0.062978 1 0 1.000000
  0 0.000000 4.560902 0.159802 0.000000 0.999930 0.011840 0.292148 0.004237 1 0 1.000000
radio
  0 0.000000 4.522121 2.250983 0.000000 0.999301 0.037374 0.292148 0.065043 1 0 1.000000
  0 0.177553 4.522121 2.233093 0.007499 0.999285 0.037053 0.286918 0.064524 1 0 1.000000
  0 0.000000 4.560902 0.159802 0.000000 0.999930 0.011840 0.292148 0.004237 1 0 1.000000
radio
  0 -3.155292 3.624145 8.605644 -0.165082 0.967934 0.189344 0.385100 0.253950 1 0 1.000000
  0 -1.992212 3.953578 7.560613 -0.095228 0.984084 0.150031 0.350837 0.221922 1 0 1.000000
  0 -2.602709 3.953578 7.097168 -0.124465 0.982258 0.140273 0.368822 0.208491 1 0 1.000000
radio
  0 -3.844157 3.624146 7.897428 -0.200198 0.964603 0.171644 0.405393 0.233427 1 0 1.000000
  0 -3.155292 3.624145 8.605644 -0.165082 0.967934 0.189344 0.385100 0.253950 1 0 1.000000
  0 -2.602709 3.953578 7.097168 -0.124465 0.982258 0.140273 0.368822 0.208491 1 0 1.000000
radio
  0 -3.844157 3.624146 7.897428 -0.200198 0.964603 0.171644 0.405393 0.233427 1 0 1.000000
  0 -2.602709 3.953578 7.097168 -0.124465 0.982258 0.140273 0.368822 0.208491 1 0 1.000000
  0 -3.169629 3.953578 6.515022 -0.151127 0.980145 0.128362 0.385522 0.191621 1 0 1.000000
radio
  0 -4.472960 3.624146 7.056260 -0.230456 0.961087 0.152321 0.423917 0.209051 1 0 1.000000
  0 -3.844157 3.624146 7.897428 -0.200198 0.964603 0.171644 0.405393 0.233427 1 0 1.000000
  0 -3.169629 3.953578 6.515022 -0.151127 0.980145 0.128362 0.385522 0.191621 1 0 1.000000
radio
  0 -4.472960 3.624146 7.056260 -0.230456 0.961087 0.152321 0.423917 0.209051 1 0 1.000000
  0 -3.169629 3.953578 6.515022 -0.151127 0.980145 0.128362 0.385522 0.191621 1 0 1.000000
  0 -3.683198 3.953578 5.824138 -0.174807 0.977951 0.114254 0.400652 0.171600 1 0 1.000000
radio
  0 -3.683198 3.953578 5.824138 -0.174807 0.977951 0.114254 0.400652 0.171600 1 0 1.000000
  0 -3.169629 3.953578 6.515022 -0.151127 0.980145 0.128362 0.385522 0.191621 1 0 1.000000
  0 -2.427776 4.215838 5.023877 -0.109058 0.989722 0.092505 0.363668 0.147021 1 0 1.000000
radio
  0 -3.683198 3.953578 5.824138 -0.174807 0.977951 0.114254 0.400652 0.171600 1 0 1.000000
  0 -2.427776 4.215838 5.023877 -0.109058 0.989722 0.092505 0.363668 0.147021 1 0 1.000000
  0 -2.820041 4.215838 4.495097 -0.126479 0.988545 0.082347 0.375224 0.131697 1 0 1.000000
radio
  0 -2.820041 4.215838 4.495097 -0.126479 0.988545 0.082347 0.375224 0.131697 1 0 1.000000
  0 -2.427776 4.215838 5.023877 -0.109058 0.989722 0.092505 0.363668 0.147021 1 0 1.000000
  0 -1.642007 4.406440 3.449507 -0.070925 0.995667 0.060131 0.340520 0.100387 1 0 1.000000
radio
  0 -2.820041 4.215838 4.495097 -0.126479 0.988545 0.082347 0.375224 0.131697 1 0 1.000000
  0 -1.642007 4.406440 3.449507 -0.070925 0.995667 0.060131 0.340520 0.100387 1 0 1.000000
  0 -1.907273 4.406440 3.091878 -0.082337 0.995164 0.053563 0.348335 0.090024 1 0 1.000000
radio
  0 -1.907273 4.406440 3.091878 -0.082337 0.995164 0.053563 0.348335 0.090024 1 0 1.000000
  0 -1.642007 4.406440 3.449507 -0.070925 0.995667 0.060131 0.340520 0.100387 1 0 1.000000
  0 -0.828088 4.522121 1.818848 -0.034958 0.998949 0.029635 0.316543 0.052520 1 0 1.000000
radio
  0 -1.907273 4.406440 3.091878 -0.082337 0.995164 0.053563 0.348335 0.090024 1 0 1.000000
  0 -0.828088 4.522121 1.818848 -0.034958 0.998949 0.029635 0.316543 0.052520 1 0 1.000000
  0 -0.961865 4.522121 1.638491 -0.040598 0.998826 0.026409 0.320484 0.047293 1 0 1.000000
radio
  0 -0.961865 4.522121 1.638491 -0.040598 0.998826 0.026409 0.320484 0.047293 1 0 1.000000
  0 -0.828088 4.522121 1.818848 -0.034958 0.998949 0.029635 0.316543 0.052520 1 0 1.000000
  0 0.000000 4.560902 0.159802 0.000000 0.999930 0.011840 0.292148 0.004237 1 0 1.000000
radio
  0 -0.828088 4.522121 1.818848 -0.034958 0.998949 0.029635 0.316543 0.052520 1 0 1.000000
  0 -0.680141 4.522121 1.970818 -0.028717 0.999064 0.032355 0.312185 0.056924 1 0 1.000000
  0 0.000000 4.560902 0.159802 0.000000 0.999930 0.011840 0.292148 0.004237 1 0 1.000000
radio
  0 -0.680141 4.522121 1.970818 -0.028717 0.999064 0.032355 0.312185 0.056924 1 0 1.000000
  0 -0.520558 4.522121 2.091802 -0.021982 0.999162 0.034522 0.307483 0.060430 1 0 1.000000
  0 0.000000 4.560902 0.159802 0.000000 0.999930 0.011840 0.292148 0.004237 1 0 1.000000
radio
  0 -1.348645 4.406440 3.750847 -0.058286 0.996137 0.065673 0.331878 0.109120 1 0 1.000000
  0 -0.520558 4.522121 2.091802 -0.021982 0.999162 0.034522 0.307483 0.060430 1 0 1.000000
  0 -0.680141 4.522121 1.970818 -0.028717 0.999064 0.032355 0.312185 0.056924 1 0 1.000000
radio
  0 -1.348645 4.406440 3.750847 -0.058286 0.996137 0.065673 0.331878 0.109120 1 0 1.000000
  0 -1.032208 4.406440 3.990744 -0.044632 0.996541 0.070092 0.322556 0.116072 1 0 1.000000
  0 -0.520558 4.522121 2.091802 -0.021982 0.999162 0.034522 0.307483 0.060430 1 0 1.000000
radio
  0 -1.993968 4.215837 5.469432 -0.089710 0.990826 0.101069 0.350889 0.159932 1 0 1.000000
  0 -1.032208 4.406440 3.990744 -0.044632 0.996541 0.070092 0.322556 0.116072 1 0 1.000000
  0 -1.348645 4.406440 3.750847 -0.058286 0.996137 0.065673 0.331878 0.109120 1 0 1.000000
radio
  0 -1.993968 4.215837 5.469432 -0.089710 0.990826 0.101069 0.350889 0.159932 1 0 1.000000
  0 -1.526101 4.215837 5.824138 -0.068739 0.991782 0.107899 0.337106 0.170211 1 0 1.000000
  0 -1.032208 4.406440 3.990744 -0.044632 0.996541 0.070092 0.322556 0.116072 1 0 1.000000
radio
  0 -1.642007 4.406440 3.449507 -0.070925 0.995667 0.060131 0.340520 0.100387 1 0 1.000000
  0 -0.680141 4.522121 1.970818 -0.028717 0.999064 0.032355 0.312185 0.056924 1 0 1.000000
  0 -0.828088 4.522121 1.818848 -0.034958 0.998949 0.029635 0.316543 0.052520 1 0 1.000000
radio
  0 -1.642007 4.406440 3.449507 -0.070925 0.995667 0.060131 0.340520 0.100387 1 0 1.000000
  0 -1.348645 4.406440 3.750847 -0.058286 0.996137 0.065673 0.331878 0.109120 1 0 1.000000
  0 -0.680141 4.522121 1.970818 -0.028717 0.999064 0.032355 0.312185 0.056924 1 0 1.000000
radio
  0 -2.427776 4.215838 5.023877 -0.109058 0.989722 0.092505 0.363668 0.147021 1 0 1.000000
  0 -1.348645 4.406440 3.750847 -0.058286 0.996137 0.065673 0.331878 0.109120 1 0 1.000000
  0 -1.642007 4.406440 3.449507 -0.070925 0.995667 0.060131 0.340520 0.100387 1 0 1.000000
radio
  0 -2.427776 4.215838 5.023877 -0.109058 0.989722 0.092505 0.363668 0.147021 1 0 1.000000
  0 -1.993968 4.215837 5.469432 -0.089710 0.990826 0.101069 0.350889 0.159932 1 0 1.000000
  0 -1.348645 4.406440 3.750847 -0.058286 0.996137 0.065673 0.331878 0.109120 1 0 1.000000
radio
  0 -3.169629 3.953578 6.515022 -0.151127 0.980145 0.128362 0.385522 0.191621 1 0 1.000000
  0 -1.993968 4.215837 5.469432 -0.089710 0.990826 0.101069 0.350889 0.159932 1 0 1.000000
  0 -2.427776 4.215838 5.023877 -0.109058 0.989722 0.092505 0.363668 0.147021 1 0 1.000000
radio
  0 -3.169629 3.953578 6.515022 -0.151127 0.980145 0.128362 0.385522 0.191621 1 0 1.000000
  0 -2.602709 3.953578 7.097168 -0.124465 0.982258 0.140273 0.368822 0.208491 1 0 1.000000
  0 -1.993968 4.215837 5.469432 -0.089710 0.990826 0.101069 0.350889 0.159932 1 0 1.000000
radio
  0 -5.861300 3.624146 3.892138 -0.295167 0.952105 0.079825 0.464816 0.117357 1 0 1.000000
  0 -4.512655 3.953578 4.165092 -0.212768 0.973814 0.080103 0.425087 0.123523 1 0 1.000000
  0 -4.814119 3.953578 3.225319 -0.226549 0.972083 0.061071 0.433967 0.096289 1 0 1.000000
radio
  0 -4.814119 3.953578 3.225319 -0.226549 0.972083 0.061071 0.433967 0.096289 1 0 1.000000
  0 -4.512655 3.953578 4.165092 -0.212768 0.973814 0.080103 0.425087 0.123523 1 0 1.000000
  0 -3.453837 4.215838 3.225319 -0.154521 0.986283 0.058044 0.393895 0.094900 1 0 1.000000
radio
  0 -4.814119 3.953578 3.225319 -0.226549 0.972083 0.061071 0.433967 0.096289 1 0 1.000000
  0 -3.453837 4.215838 3.225319 -0.154521 0.986283 0.058044 0.393895 0.094900 1 0 1.000000
  0 -3.684568 4.215838 2.506047 -0.164680 0.985348 0.044375 0.400692 0.074056 1 0 1.000000
radio
  0 -3.684568 4.215838 2.506047 -0.164680 0.985348 0.044375 0.400692 0.074056 1 0 1.000000
  0 -3.453837 4.215838 3.225319 -0.154521 0.986283 0.058044 0.393895 0.094900 1 0 1.000000
  0 -2.335922 4.406440 2.233093 -0.100732 0.994194 0.037832 0.360962 0.065137 1 0 1.000000
radio
  0 -3.684568 4.215838 2.506047 -0.164680 0.985348 0.044375 0.400692 0.074056 1 0 1.000000
  0 -2.335922 4.406440 2.233093 -0.100732 0.994194 0.037832 0.360962 0.065137 1 0 1.000000
  0 -2.491972 4.406440 1.746630 -0.107413 0.993793 0.028943 0.365559 0.051040 1 0 1.000000
radio
  0 -2.491972 4.406440 1.746630 -0.107413 0.993793 0.028943 0.365559 0.051040 1 0 1.000000
  0 -2.335922 4.406440 2.233093 -0.100732 0.994194 0.037832 0.360962 0.065137 1 0 1.000000
  0 -1.178039 4.522121 1.205393 -0.049704 0.998589 0.018667 0.326852 0.034742 1 0 1.000000
radio
  0 -2.491972 4.406440 1.746630 -0.107413 0.993793 0.028943 0.365559 0.051040 1 0 1.000000
  0 -1.178039 4.522121 1.205393 -0.049704 0.998589 0.018667 0.326852 0.034742 1 0 1.000000
  0 -1.256737 4.522121 0.960063 -0.053017 0.998491 0.014285 0.329171 0.027633 1 0 1.000000
radio
  0 -1.256737 4.522121 0.960063 -0.053017 0.998491 0.014285 0.329171 0.027633 1 0 1.000000
  0 -1.178039 4.522121 1.205393 -0.049704 0.998589 0.018667 0.326852 0.034742 1 0 1.000000
  0 0.000000 4.560902 0.159802 0.000000 0.999930 0.011840 0.292148 0.004237 1 0 1.000000
radio
  0 -1.178039 4.522121 1.205393 -0.049704 0.998589 0.018667 0.326852 0.034742 1 0 1.000000
  0 -1.079185 4.522121 1.432833 -0.045541 0.998704 0.022732 0.323940 0.041333 1 0 1.000000
  0 0.000000 4.560902 0.159802 0.000000 0.999930 0.011840 0.292148 0.004237 1 0 1.000000
radio
  0 -1.079185 4.522121 1.432833 -0.045541 0.998704 0.022732 0.323940 0.041333 1 0 1.000000
  0 -0.961865 4.522121 1.638491 -0.040598 0.998826 0.026409 0.320484 0.047293 1 0 1.000000
  0 0.000000 4.560902 0.159802 0.000000 0.999930 0.011840 0.292148 0.004237 1 0 1.000000
radio
  0 -2.139904 4.406440 2.684081 -0.092328 0.994661 0.046086 0.355188 0.078206 1 0 1.000000
  0 -0.961865 4.522121 1.638491 -0.040598 0.998826 0.026409 0.320484 0.047293 1 0 1.000000
  0 -1.079185 4.522121 1.432833 -0.045541 0.998704 0.022732 0.323940 0.041333 1 0 1.000000
radio
  0 -2.139904 4.406440 2.684081 -0.092328 0.994661 0.046086 0.355188 0.078206 1 0 1.000000
  0 -1.907273 4.406440 3.091878 -0.082337 0.995164 0.053563 0.348335 0.090024 1 0 1.000000
  0 -0.961865 4.522121 1.638491 -0.040598 0.998826 0.026409 0.320484 0.047293 1 0 1.000000
radio
  0 -3.164010 4.215838 3.892138 -0.141716 0.987373 0.070781 0.385357 0.114224 1 0 1.000000
  0 -1.907273 4.406440 3.091878 -0.082337 0.995164 0.053563 0.348335 0.090024 1 0 1.000000
  0 -2.139904 4.406440 2.684081 -0.092328 0.994661 0.046086 0.355188 0.078206 1 0 1.000000
radio
  0 -3.164010 4.215838 3.892138 -0.141716 0.987373 0.070781 0.385357 0.114224 1 0 1.000000
  0 -2.820041 4.215838 4.495097 -0.126479 0.988545 0.082347 0.375224 0.131697 1 0 1.000000
  0 -1.907273 4.406440 3.091878 -0.082337 0.995164 0.053563 0.348335 0.090024 1 0 1.000000
radio
  0 -4.133698 3.953578 5.036334 -0.195418 0.975809 0.098019 0.413923 0.148770 1 0 1.000000
  0 -2.820041 4.215838 4.495097 -0.126479 0.988545 0.082347 0.375224 0.131697 1 0 1.000000
  0 -3.164010 4.215838 3.892138 -0.141716 0.987373 0.070781 0.385357 0.114224 1 0 1.000000
radio
  0 -4.133698 3.953578 5.036334 -0.195418 0.975809 0.098019 0.413923 0.148770 1 0 1.000000
  0 -3.683198 3.953578 5.824138 -0.174807 0.977951 0.114254 0.400652 0.171600 1 0 1.000000
  0 -2.820041 4.215838 4.495097 -0.126479 0.988545 0.082347 0.375224 0.131697 1 0 1.000000
radio
  0 -5.027698 3.624146 6.097091 -0.256143 0.957813 0.130325 0.440259 0.181255 1 0 1.000000
  0 -3.683198 3.953578 5.824138 -0.174807 0.977951 0.114254 0.400652 0.171600 1 0 1.000000
  0 -4.133698 3.953578 5.036334 -0.195418 0.975809 0.098019 0.413923 0.148770 1 0 1.000000
radio
  0 -5.027698 3.624146 6.097091 -0.256143 0.957813 0.130325 0.440259 0.181255 1 0 1.000000
  0 -4.472960 3.624146 7.056260 -0.230456 0.961087 0.152321 0.423917 0.209051 1 0 1.000000
  0 -3.683198 3.953578 5.824138 -0.174807 0.977951 0.114254 0.400652 0.171600 1 0 1.000000
radio
  0 -2.335922 4.406440 2.233093 -0.100732 0.994194 0.037832 0.360962 0.065137 1 0 1.000000
  0 -1.079185 4.522121 1.432833 -0.045541 0.998704 0.022732 0.323940 0.041333 1 0 1.000000
  0 -1.178039 4.522121 1.205393 -0.049704 0.998589 0.018667 0.326852 0.034742 1 0 1.000000
radio
  0 -2.335922 4.406440 2.233093 -0.100732 0.994194 0.037832 0.360962 0.065137 1 0 1.000000
  0 -2.139904 4.406440 2.684081 -0.092328 0.994661 0.046086 0.355188 0.078206 1 0 1.000000
  0 -1.079185 4.522121 1.432833 -0.045541 0.998704 0.022732 0.323940 0.041333 1 0 1.000000
radio
  0 -3.453837 4.215838 3.225319 -0.154521 0.986283 0.058044 0.393895 0.094900 1 0 1.000000
  0 -2.139904 4.406440 2.684081 -0.092328 0.994661 0.046086 0.355188 0.078206 1 0 1.000000
  0 -2.335922 4.406440 2.233093 -0.100732 0.994194 0.037832 0.360962 0.065137 1 0 1.000000
radio
  0 -3.453837 4.215838 3.225319 -0.154521 0.986283 0.058044 0.393895 0.094900 1 0 1.000000
  0 -3.164010 4.215838 3.892138 -0.141716 0.987373 0.070781 0.385357 0.114224 1 0 1.000000
  0 -2.139904 4.406440 2.684081 -0.092328 0.994661 0.046086 0.355188 0.078206 1 0 1.000000
radio
  0 -4.512655 3.953578 4.165092 -0.212768 0.973814 0.080103 0.425087 0.123523 1 0 1.000000
  0 -3.164010 4.215838 3.892138 -0.141716 0.987373 0.070781 0.385357 0.114224 1 0 1.000000
  0 -3.453837 4.215838 3.225319 -0.154521 0.986283 0.058044 0.393895 0.094900 1 0 1.000000
radio
  0 -4.512655 3.953578 4.165092 -0.212768 0.973814 0.080103 0.425087 0.123523 1 0 1.000000
  0 -4.133698 3.953578 5.036334 -0.195418 0.975809 0.098019 0.413923 0.148770 1 0 1.000000
  0 -3.164010 4.215838 3.892138 -0.141716 0.987373 0.070781 0.385357 0.114224 1 0 1.000000
radio
  0 -5.493603 3.624146 5.036334 -0.277791 0.954812 0.105668 0.453984 0.150515 1 0 1.000000
  0 -4.133698 3.953578 5.036334 -0.195418 0.975809 0.098019 0.413923 0.148770 1 0 1.000000
  0 -4.512655 3.953578 4.165092 -0.212768 0.973814 0.080103 0.425087 0.123523 1 0 1.000000
radio
  0 -5.493603 3.624146 5.036334 -0.277791 0.954812 0.105668 0.453984 0.150515 1 0 1.000000
  0 -5.027698 3.624146 6.097091 -0.256143 0.957813 0.130325 0.440259 0.181255 1 0 1.000000
  0 -4.133698 3.953578 5.036334 -0.195418 0.975809 0.098019 0.413923 0.148770 1 0 1.000000
radio
  0 -6.374828 3.233178 5.824138 -0.352818 0.925480 0.137864 0.479944 0.175415 1 0 1.000000
  0 -5.027698 3.624146 6.097091 -0.256143 0.957813 0.130325 0.440259 0.181255 1 0 1.000000
  0 -5.493603 3.624146 5.036334 -0.277791 0.954812 0.105668 0.453984 0.150515 1 0 1.000000
radio
  0 -6.374828 3.233178 5.824138 -0.352818 0.925480 0.137864 0.479944 0.175415 1 0 1.000000
  0 -5.817440 3.233178 7.056260 -0.328014 0.928837 0.172245 0.463524 0.211121 1 0 1.000000
  0 -5.027698 3.624146 6.097091 -0.256143 0.957813 0.130325 0.440259 0.181255 1 0 1.000000
radio
  0 -2.062147 2.787366 11.913075 -0.135018 0.859228 0.493454 0.352897 0.354228 1 0 1.000000
  0 -0.949815 3.233178 11.165956 -0.054090 0.937095 0.344859 0.320129 0.330216 1 0 1.000000
  0 -1.879955 3.233178 10.932313 -0.108797 0.939601 0.324519 0.347530 0.323445 1 0 1.000000
radio
  0 -3.042799 2.787366 11.551776 -0.207420 0.872618 0.442170 0.381786 0.343758 1 0 1.000000
  0 -2.062147 2.787366 11.913075 -0.135018 0.859228 0.493454 0.352897 0.354228 1 0 1.000000
  0 -1.879955 3.233178 10.932313 -0.108797 0.939601 0.324519 0.347530 0.323445 1 0 1.000000
radio
  0 -3.042799 2.787366 11.551776 -0.207420 0.872618 0.442170 0.381786 0.343758 1 0 1.000000
  0 -1.879955 3.233178 10.932313 -0.108797 0.939601 0.324519 0.347530 0.323445 1 0 1.000000
  0 -2.774294 3.233178 10.526165 -0.163588 0.941211 0.295569 0.373876 0.311676 1 0 1.000000
radio
  0 -3.975604 2.787366 10.985670 -0.278373 0.881156 0.382194 0.409266 0.327352 1 0 1.000000
  0 -3.042799 2.787366 11.551776 -0.207420 0.872618 0.442170 0.381786 0.343758 1 0 1.000000
  0 -2.774294 3.233178 10.526165 -0.163588 0.941211 0.295569 0.373876 0.311676 1 0 1.000000
radio
  0 -3.975604 2.787366 10.985670 -0.278373 0.881156 0.382194 0.409266 0.327352 1 0 1.000000
  0 -2.774294 3.233178 10.526165 -0.163588 0.941211 0.295569 0.373876 0.311676 1 0 1.000000
  0 -3.622453 3.233178 9.931332 -0.215749 0.940222 0.263505 0.398862 0.294438 1 0 1.000000
radio
  0 -4.860748 2.787366 10.183517 -0.339130 0.882802 0.325040 0.435341 0.304107 1 0 1.000000
  0 -3.975604 2.787366 10.985670 -0.278373 0.881156 0.382194 0.409266 0.327352 1 0 1.000000
  0 -3.622453 3.233178 9.931332 -0.215749 0.940222 0.263505 0.398862 0.294438 1 0 1.000000
radio
  0 -4.860748 2.787366 10.183517 -0.339130 0.882802 0.325040 0.435341 0.304107 1 0 1.000000
  0 -3.622453 3.233178 9.931332 -0.215749 0.940222 0.263505 0.398862 0.294438 1 0 1.000000
  0 -4.418747 3.233178 9.141145 -0.261471 0.936817 0.232395 0.422320 0.271539 1 0 1.000000
radio
  0 -5.698978 2.787366 9.141145 -0.383688 0.881320 0.275788 0.460034 0.273900 1 0 1.000000
  0 -4.860748 2.787366 10.183517 -0.339130 0.882802 0.325040 0.435341 0.304107 1 0 1.000000
  0 -4.418747 3.233178 9.141145 -0.261471 0.936817 0.232395 0.422320 0.271539 1 0 1.000000
radio
  0 -5.698978 2.787366 9.141145 -0.383688 0.881320 0.275788 0.460034 0.273900 1 0 1.000000
  0 -4.418747 3.233178 9.141145 -0.261471 0.936817 0.232395 0.422320 0.271539 1 0 1.000000
  0 -5.156243 3.233178 8.170382 -0.298473 0.932592 0.202944 0.444046 0.243407 1 0 1.000000
radio
  0 -6.472936 2.787366 7.897428 -0.415287 0.880129 0.230021 0.482835 0.237858 1 0 1.000000
  0 -5.698978 2.787366 9.141145 -0.383688 0.881320 0.275788 0.460034 0.273900 1 0 1.000000
  0 -5.156243 3.233178 8.170382 -0.298473 0.932592 0.202944 0.444046 0.243407 1 0 1.000000
radio
  0 -6.472936 2.787366 7.897428 -0.415287 0.880129 0.230021 0.482835 0.237858 1 0 1.000000
  0 -5.156243 3.233178 8.170382 -0.298473 0.932592 0.202944 0.444046 0.243407 1 0 1.000000
  0 -5.817440 3.233178 7.056260 -0.328014 0.928837 0.172245 0.463524 0.211121 1 0 1.000000
radio
  0 -7.132843 2.787366 6.515022 -0.441371 0.878904 0.180887 0.502275 0.197797 1 0 1.000000
  0 -6.472936 2.787366 7.897428 -0.415287 0.880129 0.230021 0.482835 0.237858 1 0 1.000000
  0 -5.817440 3.233178 7.056260 -0.328014 0.928837 0.172245 0.463524 0.211121 1 0 1.000000
radio
  0 -7.132843 2.787366 6.515022 -0.441371 0.878904 0.180887 0.502275 0.197797 1 0 1.000000
  0 -5.817440 3.233178 7.056260 -0.328014 0.928837 0.172245 0.463524 0.211121 1 0 1.000000
  0 -6.374828 3.233178 5.824138 -0.352818 0.925480 0.137864 0.479944 0.175415 1 0 1.000000
radio
  0 -7.637012 2.787366 5.023877 -0.464121 0.876151 0.130193 0.517127 0.154585 1 0 1.000000
  0 -7.132843 2.787366 6.515022 -0.441371 0.878904 0.180887 0.502275 0.197797 1 0 1.000000
  0 -6.374828 3.233178 5.824138 -0.352818 0.925480 0.137864 0.479944 0.175415 1 0 1.000000
radio
  0 -7.637012 2.787366 5.023877 -0.464121 0.876151 0.130193 0.517127 0.154585 1 0 1.000000
  0 -6.374828 3.233178 5.824138 -0.352818 0.925480 0.137864 0.479944 0.175415 1 0 1.000000
  0 -6.808127 3.233178 4.495097 -0.373289 0.922077 0.102123 0.492709 0.136901 1 0 1.000000
radio
  0 -6.808127 3.233178 4.495097 -0.373289 0.922077 0.102123 0.492709 0.136901 1 0 1.000000
  0 -6.374828 3.233178 5.824138 -0.352818 0.925480 0.137864 0.479944 0.175415 1 0 1.000000
  0 -5.493603 3.624146 5.036334 -0.277791 0.954812 0.105668 0.453984 0.150515 1 0 1.000000
radio
  0 -6.808127 3.233178 4.495097 -0.373289 0.922077 0.102123 0.492709 0.136901 1 0 1.000000
  0 -5.493603 3.624146 5.036334 -0.277791 0.954812 0.105668 0.453984 0.150515 1 0 1.000000
  0 -5.861300 3.624146 3.892138 -0.295167 0.952105 0.079825 0.464816 0.117357 1 0 1.000000
radio
  0 -5.861300 3.624146 3.892138 -0.295167 0.952105 0.079825 0.464816 0.117357 1 0 1.000000
  0 -5.493603 3.624146 5.036334 -0.277791 0.954812 0.105668 0.453984 0.150515 1 0 1.000000
  0 -4.512655 3.953578 4.165092 -0.212768 0.973814 0.080103 0.425087 0.123523 1 0 1.000000
radio
  0 -8.717780 2.294336 3.750847 -0.589278 0.801180 0.104221 0.548965 0.120305 1 0 1.000000
  0 -7.637012 2.787366 5.023877 -0.464121 0.876151 0.130193 0.517127 0.154585 1 0 1.000000
  0 -7.986233 2.787366 3.449507 -0.481458 0.872398 0.084376 0.527415 0.108961 1 0 1.000000
radio
  0 -8.717780 2.294336 3.750847 -0.589278 0.801180 0.104221 0.548965 0.120305 1 0 1.000000
  0 -8.331398 2.294336 5.469432 -0.570067 0.804618 0.166171 0.537583 0.170108 1 0 1.000000
  0 -7.637012 2.787366 5.023877 -0.464121 0.876151 0.130193 0.517127 0.154585 1 0 1.000000
radio
  0 -8.331398 2.294336 5.469432 -0.570067 0.804618 0.166171 0.537583 0.170108 1 0 1.000000
  0 -7.132843 2.787366 6.515022 -0.441371 0.878904 0.180887 0.502275 0.197797 1 0 1.000000
  0 -7.637012 2.787366 5.023877 -0.464121 0.876151 0.130193 0.517127 0.154585 1 0 1.000000
radio
  0 -8.331398 2.294336 5.469432 -0.570067 0.804618 0.166171 0.537583 0.170108 1 0 1.000000
  0 -7.749307 2.294336 7.097168 -0.545121 0.803843 0.238073 0.520435 0.217278 1 0 1.000000
  0 -7.132843 2.787366 6.515022 -0.441371 0.878904 0.180887 0.502275 0.197797 1 0 1.000000
radio
  0 -7.749307 2.294336 7.097168 -0.545121 0.803843 0.238073 0.520435 0.217278 1 0 1.000000
  0 -6.472936 2.787366 7.897428 -0.415287 0.880129 0.230021 0.482835 0.237858 1 0 1.000000
  0 -7.132843 2.787366 6.515022 -0.441371 0.878904 0.180887 0.502275 0.197797 1 0 1.000000
radio
  0 -7.749307 2.294336 7.097168 -0.545121 0.803843 0.238073 0.520435 0.217278 1 0 1.000000
  0 -6.975353 2.294336 8.605644 -0.518073 0.797912 0.308118 0.497635 0.260992 1 0 1.000000
  0 -6.472936 2.787366 7.897428 -0.415287 0.880129 0.230021 0.482835 0.237858 1 0 1.000000
radio
  0 -6.975353 2.294336 8.605644 -0.518073 0.797912 0.308118 0.497635 0.260992 1 0 1.000000
  0 -5.698978 2.787366 9.141145 -0.383688 0.881320 0.275788 0.460034 0.273900 1 0 1.000000
  0 -6.472936 2.787366 7.897428 -0.415287 0.880129 0.230021 0.482835 0.237858 1 0 1.000000
radio
  0 -6.975353 2.294336 8.605644 -0.518073 0.797912 0.308118 0.497635 0.260992 1 0 1.000000
  0 -6.086732 2.294336 9.931332 -0.483893 0.789909 0.376686 0.471457 0.299410 1 0 1.000000
  0 -5.698978 2.787366 9.141145 -0.383688 0.881320 0.275788 0.460034 0.273900 1 0 1.000000
radio
  0 -6.086732 2.294336 9.931332 -0.483893 0.789909 0.376686 0.471457 0.299410 1 0 1.000000
  0 -4.860748 2.787366 10.183517 -0.339130 0.882802 0.325040 0.435341 0.304107 1 0 1.000000
  0 -5.698978 2.787366 9.141145 -0.383688 0.881320 0.275788 0.460034 0.273900 1 0 1.000000
radio
  0 -6.086732 2.294336 9.931332 -0.483893 0.789909 0.376686 0.471457 0.299410 1 0 1.000000
  0 -5.159197 2.294336 10.985670 -0.427725 0.780518 0.455899 0.444133 0.329963 1 0 1.000000
  0 -4.860748 2.787366 10.183517 -0.339130 0.882802 0.325040 0.435341 0.304107 1 0 1.000000
radio
  0 -5.159197 2.294336 10.985670 -0.427725 0.780518 0.455899 0.444133 0.329963 1 0 1.000000
  0 -3.975604 2.787366 10.985670 -0.278373 0.881156 0.382194 0.409266 0.327352 1 0 1.000000
  0 -4.860748 2.787366 10.183517 -0.339130 0.882802 0.325040 0.435341 0.304107 1 0 1.000000
radio
  0 -5.159197 2.294336 10.985670 -0.427725 0.780518 0.455899 0.444133 0.329963 1 0 1.000000
  0 -4.207266 2.294336 11.741966 -0.343897 0.763947 0.546003 0.416090 0.351880 1 0 1.000000
  0 -3.975604 2.787366 10.985670 -0.278373 0.881156 0.382194 0.409266 0.327352 1 0 1.000000
radio
  0 -4.207266 2.294336 11.741966 -0.343897 0.763947 0.546003 0.416090 0.351880 1 0 1.000000
  0 -3.042799 2.787366 11.551776 -0.207420 0.872618 0.442170 0.381786 0.343758 1 0 1.000000
  0 -3.975604 2.787366 10.985670 -0.278373 0.881156 0.382194 0.409266 0.327352 1 0 1.000000
radio
  0 -4.207266 2.294336 11.741966 -0.343897 0.763947 0.546003 0.416090 0.351880 1 0 1.000000
  0 -3.217152 2.294336 12.235148 -0.247080 0.737315 0.628743 0.386923 0.366172 1 0 1.000000
  0 -3.042799 2.787366 11.551776 -0.207420 0.872618 0.442170 0.381786 0.343758 1 0 1.000000
radio
  0 -3.217152 2.294336 12.235148 -0.247080 0.737315 0.628743 0.386923 0.366172 1 0 1.000000
  0 -2.062147 2.787366 11.913075 -0.135018 0.859228 0.493454 0.352897 0.354228 1 0 1.000000
  0 -3.042799 2.787366 11.551776 -0.207420 0.872618 0.442170 0.381786 0.343758 1 0 1.000000
radio
  0 -3.217152 2.294336 12.235148 -0.247080 0.737315 0.628743 0.386923 0.366172 1 0 1.000000
  0 -2.182171 2.294336 12.539939 -0.155238 0.708980 0.687931 0.356433 0.375005 1 0 1.000000
  0 -2.062147 2.787366 11.913075 -0.135018 0.859228 0.493454 0.352897 0.354228 1 0 1.000000
radio
  0 -2.182171 2.294336 12.539939 -0.155238 0.708980 0.687931 0.356433 0.375005 1 0 1.000000
  0 -1.042237 2.787366 12.111012 -0.065942 0.847525 0.526644 0.322852 0.359964 1 0 1.000000
  0 -2.062147 2.787366 11.913075 -0.135018 0.859228 0.493454 0.352897 0.354228 1 0 1.000000
radio
  0 -2.182171 2.294336 12.539939 -0.155238 0.708980 0.687931 0.356433 0.375005 1 0 1.000000
  0 -1.104418 2.294336 12.706806 -0.073987 0.688855 0.721114 0.324684 0.379840 1 0 1.000000
  0 -1.042237 2.787366 12.111012 -0.065942 0.847525 0.526644 0.322852 0.359964 1 0 1.000000
radio
  0 0.000000 1.762524 13.139281 -0.000001 0.496747 0.867895 0.292149 0.395189 1 0 1.000000
  0 1.104451 2.294336 12.706806 0.073976 0.688860 0.721110 0.259612 0.379840 1 0 1.000000
  0 0.000000 2.294336 12.760085 -0.000001 0.681758 0.731578 0.292149 0.381384 1 0 1.000000
radio
  0 -1.144157 1.762524 13.090699 -0.077698 0.502273 0.861211 0.325854 0.393782 1 0 1.000000
  0 0.000000 1.762524 13.139281 -0.000001 0.496747 0.867895 0.292149 0.395189 1 0 1.000000
  0 0.000000 2.294336 12.760085 -0.000001 0.681758 0.731578 0.292149 0.381384 1 0 1.000000
radio
  0 -1.144157 1.762524 13.090699 -0.077698 0.502273 0.861211 0.325854 0.393782 1 0 1.000000
  0 0.000000 2.294336 12.760085 -0.000001 0.681758 0.731578 0.292149 0.381384 1 0 1.000000
  0 -1.104418 2.294336 12.706806 -0.073987 0.688855 0.721114 0.324684 0.379840 1 0 1.000000
radio
  0 -2.255216 1.762524 12.940269 -0.165490 0.519230 0.838459 0.358585 0.389422 1 0 1.000000
  0 -1.144157 1.762524 13.090699 -0.077698 0.502273 0.861211 0.325854 0.393782 1 0 1.000000
  0 -1.104418 2.294336 12.706806 -0.073987 0.688855 0.721114 0.324684 0.379840 1 0 1.000000
radio
  0 -2.255216 1.762524 12.940269 -0.165490 0.519230 0.838459 0.358585 0.389422 1 0 1.000000
  0 -1.104418 2.294336 12.706806 -0.073987 0.688855 0.721114 0.324684 0.379840 1 0 1.000000
  0 -2.182171 2.294336 12.539939 -0.155238 0.708980 0.687931 0.356433 0.375005 1 0 1.000000
radio
  0 -3.316586 1.762524 12.669659 -0.271142 0.547386 0.791739 0.389852 0.381580 1 0 1.000000
  0 -2.255216 1.762524 12.940269 -0.165490 0.519230 0.838459 0.358585 0.389422 1 0 1.000000
  0 -2.182171 2.294336 12.539939 -0.155238 0.708980 0.687931 0.356433 0.375005 1 0 1.000000
radio
  0 -3.316586 1.762524 12.669659 -0.271142 0.547386 0.791739 0.389852 0.381580 1 0 1.000000
  0 -2.182171 2.294336 12.539939 -0.155238 0.708980 0.687931 0.356433 0.375005 1 0 1.000000
  0 -3.217152 2.294336 12.235148 -0.247080 0.737315 0.628743 0.386923 0.366172 1 0 1.000000
radio
  0 -4.334811 1.762524 12.235148 -0.392584 0.582719 0.711559 0.419848 0.368988 1 0 1.000000
  0 -3.316586 1.762524 12.669659 -0.271142 0.547386 0.791739 0.389852 0.381580 1 0 1.000000
  0 -3.217152 2.294336 12.235148 -0.247080 0.737315 0.628743 0.386923 0.366172 1 0 1.000000
radio
  0 -4.334811 1.762524 12.235148 -0.392584 0.582719 0.711559 0.419848 0.368988 1 0 1.000000
  0 -3.217152 2.294336 12.235148 -0.247080 0.737315 0.628743 0.386923 0.366172 1 0 1.000000
  0 -4.207266 2.294336 11.741966 -0.343897 0.763947 0.546003 0.416090 0.351880 1 0 1.000000
radio
  0 -5.331574 1.762524 11.551776 -0.506166 0.615922 0.603685 0.449211 0.349185 1 0 1.000000
  0 -4.334811 1.762524 12.235148 -0.392584 0.582719 0.711559 0.419848 0.368988 1 0 1.000000
  0 -4.207266 2.294336 11.741966 -0.343897 0.763947 0.546003 0.416090 0.351880 1 0 1.000000
radio
  0 -5.331574 1.762524 11.551776 -0.506166 0.615922 0.603685 0.449211 0.349185 1 0 1.000000
  0 -4.207266 2.294336 11.741966 -0.343897 0.763947 0.546003 0.416090 0.351880 1 0 1.000000
  0 -5.159197 2.294336 10.985670 -0.427725 0.780518 0.455899 0.444133 0.329963 1 0 1.000000
radio
  0 -6.333580 1.762524 10.526165 -0.583329 0.643178 0.496034 0.478729 0.319464 1 0 1.000000
  0 -5.331574 1.762524 11.551776 -0.506166 0.615922 0.603685 0.449211 0.349185 1 0 1.000000
  0 -5.159197 2.294336 10.985670 -0.427725 0.780518 0.455899 0.444133 0.329963 1 0 1.000000
radio
  0 -6.333580 1.762524 10.526165 -0.583329 0.643178 0.496034 0.478729 0.319464 1 0 1.000000
  0 -5.159197 2.294336 10.985670 -0.427725 0.780518 0.455899 0.444133 0.329963 1 0 1.000000
  0 -6.086732 2.294336 9.931332 -0.483893 0.789909 0.376686 0.471457 0.299410 1 0 1.000000
radio
  0 -7.327507 1.762524 9.163707 -0.627046 0.667059 0.402299 0.508009 0.279981 1 0 1.000000
  0 -6.333580 1.762524 10.526165 -0.583329 0.643178 0.496034 0.478729 0.319464 1 0 1.000000
  0 -6.086732 2.294336 9.931332 -0.483893 0.789909 0.376686 0.471457 0.299410 1 0 1.000000
radio
  0 -7.327507 1.762524 9.163707 -0.627046 0.667059 0.402299 0.508009 0.279981 1 0 1.000000
  0 -6.086732 2.294336 9.931332 -0.483893 0.789909 0.376686 0.471457 0.299410 1 0 1.000000
  0 -6.975353 2.294336 8.605644 -0.518073 0.797912 0.308118 0.497635 0.260992 1 0 1.000000
radio
  0 -8.216546 1.762524 7.560613 -0.659851 0.685249 0.308270 0.534200 0.233524 1 0 1.000000
  0 -7.327507 1.762524 9.163707 -0.627046 0.667059 0.402299 0.508009 0.279981 1 0 1.000000
  0 -6.975353 2.294336 8.605644 -0.518073 0.797912 0.308118 0.497635 0.260992 1 0 1.000000
radio
  0 -8.216546 1.762524 7.560613 -0.659851 0.685249 0.308270 0.534200 0.233524 1 0 1.000000
  0 -6.975353 2.294336 8.605644 -0.518073 0.797912 0.308118 0.497635 0.260992 1 0 1.000000
  0 -7.749307 2.294336 7.097168 -0.545121 0.803843 0.238073 0.520435 0.217278 1 0 1.000000
radio
  0 -8.878797 1.762524 5.824138 -0.689675 0.692921 0.210261 0.553709 0.183203 1 0 1.000000
  0 -8.216546 1.762524 7.560613 -0.659851 0.685249 0.308270 0.534200 0.233524 1 0 1.000000
  0 -7.749307 2.294336 7.097168 -0.545121 0.803843 0.238073 0.520435 0.217278 1 0 1.000000
radio
  0 -1.104418 2.294336 12.706806 -0.073987 0.688855 0.721114 0.324684 0.379840 1 0 1.000000
  0 0.000000 2.787366 12.174041 0.000000 0.842974 0.537954 0.292149 0.361791 1 0 1.000000
  0 -1.042237 2.787366 12.111012 -0.065942 0.847525 0.526644 0.322852 0.359964 1 0 1.000000
radio
  0 -1.104418 2.294336 12.706806 -0.073987 0.688855 0.721114 0.324684 0.379840 1 0 1.000000
  0 0.000000 2.294336 12.760085 -0.000001 0.681758 0.731578 0.292149 0.381384 1 0 1.000000
  0 0.000000 2.787366 12.174041 0.000000 0.842974 0.537954 0.292149 0.361791 1 0 1.000000
radio
  0 0.000000 2.294336 12.760085 -0.000001 0.681758 0.731578 0.292149 0.381384 1 0 1.000000
  0 1.042250 2.787366 12.111012 0.065937 0.847526 0.526641 0.261445 0.359964 1 0 1.000000
  0 0.000000 2.787366 12.174041 0.000000 0.842974 0.537954 0.292149 0.361791 1 0 1.000000
radio
  0 0.000000 2.294336 12.760085 -0.000001 0.681758 0.731578 0.292149 0.381384 1 0 1.000000
  0 1.104451 2.294336 12.706806 0.073976 0.688860 0.721110 0.259612 0.379840 1 0 1.000000
  0 1.042250 2.787366 12.111012 0.065937 0.847526 0.526641 0.261445 0.359964 1 0 1.000000
radio
  0 1.104451 2.294336 12.706806 0.073976 0.688860 0.721110 0.259612 0.379840 1 0 1.000000
  0 2.062231 2.787366 11.913075 0.134998 0.859239 0.493441 0.231397 0.354228 1 0 1.000000
  0 1.042250 2.787366 12.111012 0.065937 0.847526 0.526641 0.261445 0.359964 1 0 1.000000
radio
  0 1.104451 2.294336 12.706806 0.073976 0.688860 0.721110 0.259612 0.379840 1 0 1.000000
  0 2.182384 2.294336 12.539939 0.155192 0.709011 0.687909 0.227858 0.375005 1 0 1.000000
  0 2.062231 2.787366 11.913075 0.134998 0.859239 0.493441 0.231397 0.354228 1 0 1.000000
radio
  0 2.182384 2.294336 12.539939 0.155192 0.709011 0.687909 0.227858 0.375005 1 0 1.000000
  0 3.042980 2.787366 11.551776 0.207383 0.872645 0.442134 0.202505 0.343758 1 0 1.000000
  0 2.062231 2.787366 11.913075 0.134998 0.859239 0.493441 0.231397 0.354228 1 0 1.000000
radio
  0 2.182384 2.294336 12.539939 0.155192 0.709011 0.687909 0.227858 0.375005 1 0 1.000000
  0 3.217652 2.294336 12.235148 0.246989 0.737407 0.628671 0.197360 0.366172 1 0 1.000000
  0 3.042980 2.787366 11.551776 0.207383 0.872645 0.442134 0.202505 0.343758 1 0 1.000000
radio
  0 3.217652 2.294336 12.235148 0.246989 0.737407 0.628671 0.197360 0.366172 1 0 1.000000
  0 3.975814 2.787366 10.985670 0.278335 0.881195 0.382131 0.175025 0.327353 1 0 1.000000
  0 3.042980 2.787366 11.551776 0.207383 0.872645 0.442134 0.202505 0.343758 1 0 1.000000
radio
  0 3.217652 2.294336 12.235148 0.246989 0.737407 0.628671 0.197360 0.366172 1 0 1.000000
  0 4.207917 2.294336 11.741966 0.343801 0.764096 0.545855 0.168188 0.351880 1 0 1.000000
  0 3.975814 2.787366 10.985670 0.278335 0.881195 0.382131 0.175025 0.327353 1 0 1.000000
radio
  0 4.207917 2.294336 11.741966 0.343801 0.764096 0.545855 0.168188 0.351880 1 0 1.000000
  0 4.860873 2.787366 10.183517 0.339110 0.882834 0.324974 0.148952 0.304107 1 0 1.000000
  0 3.975814 2.787366 10.985670 0.278335 0.881195 0.382131 0.175025 0.327353 1 0 1.000000
radio
  0 4.207917 2.294336 11.741966 0.343801 0.764096 0.545855 0.168188 0.351880 1 0 1.000000
  0 5.159689 2.294336 10.985670 0.427672 0.780655 0.455713 0.140149 0.329964 1 0 1.000000
  0 4.860873 2.787366 10.183517 0.339110 0.882834 0.324974 0.148952 0.304107 1 0 1.000000
radio
  0 5.159689 2.294336 10.985670 0.427672 0.780655 0.455713 0.140149 0.329964 1 0 1.000000
  0 5.698999 2.787366 9.141145 0.383682 0.881334 0.275749 0.124262 0.273900 1 0 1.000000
  0 4.860873 2.787366 10.183517 0.339110 0.882834 0.324974 0.148952 0.304107 1 0 1.000000
radio
  0 5.159689 2.294336 10.985670 0.427672 0.780655 0.455713 0.140149 0.329964 1 0 1.000000
  0 6.086897 2.294336 9.931332 0.483880 0.789980 0.376553 0.112835 0.299410 1 0 1.000000
  0 5.698999 2.787366 9.141145 0.383682 0.881334 0.275749 0.124262 0.273900 1 0 1.000000
radio
  0 6.086897 2.294336 9.931332 0.483880 0.789980 0.376553 0.112835 0.299410 1 0 1.000000
  0 6.472936 2.787366 7.897428 0.415286 0.880132 0.230011 0.101462 0.237858 1 0 1.000000
  0 5.698999 2.787366 9.141145 0.383682 0.881334 0.275749 0.124262 0.273900 1 0 1.000000
radio
  0 6.086897 2.294336 9.931332 0.483880 0.789980 0.376553 0.112835 0.299410 1 0 1.000000
  0 6.975357 2.294336 8.605644 0.518070 0.797931 0.308073 0.086662 0.260992 1 0 1.000000
  0 6.472936 2.787366 7.897428 0.415286 0.880132 0.230011 0.101462 0.237858 1 0 1.000000
radio
  0 6.975357 2.294336 8.605644 0.518070 0.797931 0.308073 0.086662 0.260992 1 0 1.000000
  0 7.132843 2.787366 6.515022 0.441371 0.878904 0.180887 0.082022 0.197797 1 0 1.000000
  0 6.472936 2.787366 7.897428 0.415286 0.880132 0.230011 0.101462 0.237858 1 0 1.000000
radio
  0 6.472936 2.787366 7.897428 0.415286 0.880132 0.230011 0.101462 0.237858 1 0 1.000000
  0 7.132843 2.787366 6.515022 0.441371 0.878904 0.180887 0.082022 0.197797 1 0 1.000000
  0 6.374828 3.233178 5.824138 0.352818 0.925480 0.137864 0.104353 0.175415 1 0 1.000000
radio
  0 7.637012 2.787366 5.023877 0.464121 0.876151 0.130193 0.067170 0.154585 1 0 1.000000
  0 7.118038 3.233178 3.091878 0.388454 0.918970 0.067798 0.082458 0.096237 1 0 1.000000
  0 6.808127 3.233178 4.495097 0.373289 0.922077 0.102123 0.091588 0.136901 1 0 1.000000
radio
  0 7.132843 2.787366 6.515022 0.441371 0.878904 0.180887 0.082022 0.197797 1 0 1.000000
  0 7.637012 2.787366 5.023877 0.464121 0.876151 0.130193 0.067170 0.154585 1 0 1.000000
  0 6.808127 3.233178 4.495097 0.373289 0.922077 0.102123 0.091588 0.136901 1 0 1.000000
radio
  0 7.749307 2.294336 7.097168 0.545120 0.803845 0.238070 0.063862 0.217278 1 0 1.000000
  0 7.637012 2.787366 5.023877 0.464121 0.876151 0.130193 0.067170 0.154585 1 0 1.000000
  0 7.132843 2.787366 6.515022 0.441371 0.878904 0.180887 0.082022 0.197797 1 0 1.000000
radio
  0 6.975357 2.294336 8.605644 0.518070 0.797931 0.308073 0.086662 0.260992 1 0 1.000000
  0 7.749307 2.294336 7.097168 0.545120 0.803845 0.238070 0.063862 0.217278 1 0 1.000000
  0 7.132843 2.787366 6.515022 0.441371 0.878904 0.180887 0.082022 0.197797 1 0 1.000000
radio
  0 7.327553 1.762524 9.163707 0.627055 0.667120 0.402185 0.076287 0.279981 1 0 1.000000
  0 7.749307 2.294336 7.097168 0.545120 0.803845 0.238070 0.063862 0.217278 1 0 1.000000
  0 6.975357 2.294336 8.605644 0.518070 0.797931 0.308073 0.086662 0.260992 1 0 1.000000
radio
  0 6.334082 1.762524 10.526165 0.583348 0.643372 0.495760 0.105553 0.319464 1 0 1.000000
  0 7.327553 1.762524 9.163707 0.627055 0.667120 0.402185 0.076287 0.279981 1 0 1.000000
  0 6.975357 2.294336 8.605644 0.518070 0.797931 0.308073 0.086662 0.260992 1 0 1.000000
radio
  0 6.334082 1.762524 10.526165 0.583348 0.643372 0.495760 0.105553 0.319464 1 0 1.000000
  0 6.975357 2.294336 8.605644 0.518070 0.797931 0.308073 0.086662 0.260992 1 0 1.000000
  0 6.086897 2.294336 9.931332 0.483880 0.789980 0.376553 0.112835 0.299410 1 0 1.000000
radio
  0 5.332725 1.762524 11.551776 0.506124 0.616258 0.603378 0.135052 0.349185 1 0 1.000000
  0 6.334082 1.762524 10.526165 0.583348 0.643372 0.495760 0.105553 0.319464 1 0 1.000000
  0 6.086897 2.294336 9.931332 0.483880 0.789980 0.376553 0.112835 0.299410 1 0 1.000000
radio
  0 5.332725 1.762524 11.551776 0.506124 0.616258 0.603378 0.135052 0.349185 1 0 1.000000
  0 6.086897 2.294336 9.931332 0.483880 0.789980 0.376553 0.112835 0.299410 1 0 1.000000
  0 5.159689 2.294336 10.985670 0.427672 0.780655 0.455713 0.140149 0.329964 1 0 1.000000
radio
  0 4.336165 1.762524 12.235148 0.392444 0.583041 0.711373 0.164410 0.368989 1 0 1.000000
  0 5.332725 1.762524 11.551776 0.506124 0.616258 0.603378 0.135052 0.349185 1 0 1.000000
  0 5.159689 2.294336 10.985670 0.427672 0.780655 0.455713 0.140149 0.329964 1 0 1.000000
radio
  0 4.336165 1.762524 12.235148 0.392444 0.583041 0.711373 0.164410 0.368989 1 0 1.000000
  0 5.159689 2.294336 10.985670 0.427672 0.780655 0.455713 0.140149 0.329964 1 0 1.000000
  0 4.207917 2.294336 11.741966 0.343801 0.764096 0.545855 0.168188 0.351880 1 0 1.000000
radio
  0 3.317538 1.762524 12.669659 0.270989 0.547559 0.791672 0.194417 0.381580 1 0 1.000000
  0 4.336165 1.762524 12.235148 0.392444 0.583041 0.711373 0.164410 0.368989 1 0 1.000000
  0 4.207917 2.294336 11.741966 0.343801 0.764096 0.545855 0.168188 0.351880 1 0 1.000000
radio
  0 3.317538 1.762524 12.669659 0.270989 0.547559 0.791672 0.194417 0.381580 1 0 1.000000
  0 4.207917 2.294336 11.741966 0.343801 0.764096 0.545855 0.168188 0.351880 1 0 1.000000
  0 3.217652 2.294336 12.235148 0.246989 0.737407 0.628671 0.197360 0.366172 1 0 1.000000
radio
  0 2.255600 1.762524 12.940269 0.165411 0.519282 0.838442 0.225701 0.389422 1 0 1.000000
  0 3.317538 1.762524 12.669659 0.270989 0.547559 0.791672 0.194417 0.381580 1 0 1.000000
  0 3.217652 2.294336 12.235148 0.246989 0.737407 0.628671 0.197360 0.366172 1 0 1.000000
radio
  0 2.255600 1.762524 12.940269 0.165411 0.519282 0.838442 0.225701 0.389422 1 0 1.000000
  0 3.217652 2.294336 12.235148 0.246989 0.737407 0.628671 0.197360 0.366172 1 0 1.000000
  0 2.182384 2.294336 12.539939 0.155192 0.709011 0.687909 0.227858 0.375005 1 0 1.000000
radio
  0 1.144214 1.762524 13.090699 0.077680 0.502280 0.861209 0.258441 0.393782 1 0 1.000000
  0 2.255600 1.762524 12.940269 0.165411 0.519282 0.838442 0.225701 0.389422 1 0 1.000000
  0 2.182384 2.294336 12.539939 0.155192 0.709011 0.687909 0.227858 0.375005 1 0 1.000000
radio
  0 1.144214 1.762524 13.090699 0.077680 0.502280 0.861209 0.258441 0.393782 1 0 1.000000
  0 2.182384 2.294336 12.539939 0.155192 0.709011 0.687909 0.227858 0.375005 1 0 1.000000
  0 1.104451 2.294336 12.706806 0.073976 0.688860 0.721110 0.259612 0.379840 1 0 1.000000
radio
  0 0.000000 1.762524 13.139281 -0.000001 0.496747 0.867895 0.292149 0.395189 1 0 1.000000
  0 1.144214 1.762524 13.090699 0.077680 0.502280 0.861209 0.258441 0.393782 1 0 1.000000
  0 1.104451 2.294336 12.706806 0.073976 0.688860 0.721110 0.259612 0.379840 1 0 1.000000
radio
  0 0.000000 4.784728 0.763751 0.000000 0.000000 1.000000 0.857112 0.525018 1 0 1.000000
  0 -2.765147 4.621692 0.763751 0.000000 0.000000 1.000000 0.850038 0.609613 1 0 1.000000
  0 0.000000 0.000000 0.763750 0.000000 0.000000 1.000000 0.710561 0.521425 1 0 1.000000
radio
  0 -2.765147 4.621692 0.763751 0.000000 0.000000 1.000000 0.850038 0.609613 1 0 1.000000
  0 -5.341854 4.143696 0.763751 0.000000 0.000000 1.000000 0.833455 0.688197 1 0 1.000000
  0 0.000000 0.000000 0.763750 0.000000 0.000000 1.000000 0.710561 0.521425 1 0 1.000000
radio
  0 -5.341854 4.143696 0.763751 0.000000 0.000000 1.000000 0.833455 0.688197 1 0 1.000000
  0 -7.554522 3.383313 0.763751 0.000000 0.000000 1.000000 0.808494 0.755416 1 0 1.000000
  0 0.000000 0.000000 0.763750 0.000000 0.000000 1.000000 0.710561 0.521425 1 0 1.000000
radio
  0 -7.554522 3.383313 0.763751 0.000000 0.000000 1.000000 0.808494 0.755416 1 0 1.000000
  0 -9.252361 2.392364 0.763751 0.000000 0.000000 1.000000 0.776857 0.806688 1 0 1.000000
  0 0.000000 0.000000 0.763750 0.000000 0.000000 1.000000 0.710561 0.521425 1 0 1.000000
radio
  0 -9.252361 2.392364 0.763751 0.000000 0.000000 1.000000 0.776857 0.806688 1 0 1.000000
  0 -10.319669 1.238379 0.763750 0.000000 0.000000 1.000000 0.740699 0.838520 1 0 1.000000
  0 0.000000 0.000000 0.763750 0.000000 0.000000 1.000000 0.710561 0.521425 1 0 1.000000
radio
  0 -10.319669 1.238379 0.763750 0.000000 0.000000 1.000000 0.740699 0.838520 1 0 1.000000
  0 -10.683707 0.000000 0.763750 0.000000 0.000000 1.000000 0.702485 0.848742 1 0 1.000000
  0 0.000000 0.000000 0.763750 0.000000 0.000000 1.000000 0.710561 0.521425 1 0 1.000000
radio
  0 -10.683707 0.000000 0.763750 0.000000 0.000000 1.000000 0.702485 0.848742 1 0 1.000000
  0 -10.319669 -1.238379 0.763750 0.000000 0.000000 1.000000 0.664817 0.836657 1 0 1.000000
  0 0.000000 0.000000 0.763750 0.000000 0.000000 1.000000 0.710561 0.521425 1 0 1.000000
radio
  0 -10.319669 -1.238379 0.763750 0.000000 0.000000 1.000000 0.664817 0.836657 1 0 1.000000
  0 -9.252361 -2.392364 0.763750 0.000000 0.000000 1.000000 0.630265 0.803089 1 0 1.000000
  0 0.000000 0.000000 0.763750 0.000000 0.000000 1.000000 0.710561 0.521425 1 0 1.000000
radio
  0 -9.252361 -2.392364 0.763750 0.000000 0.000000 1.000000 0.630265 0.803089 1 0 1.000000
  0 -7.554522 -3.383313 0.763750 0.000000 0.000000 1.000000 0.601181 0.750327 1 0 1.000000
  0 0.000000 0.000000 0.763750 0.000000 0.000000 1.000000 0.710561 0.521425 1 0 1.000000
radio
  0 -7.554522 -3.383313 0.763750 0.000000 0.000000 1.000000 0.601181 0.750327 1 0 1.000000
  0 -5.341854 -4.143696 0.763750 0.000000 0.000000 1.000000 0.579549 0.681964 1 0 1.000000
  0 0.000000 0.000000 0.763750 0.000000 0.000000 1.000000 0.710561 0.521425 1 0 1.000000
radio
  0 -5.341854 -4.143696 0.763750 0.000000 0.000000 1.000000 0.579549 0.681964 1 0 1.000000
  0 -2.765147 -4.621692 0.763750 0.000000 0.000000 1.000000 0.566843 0.602661 1 0 1.000000
  0 0.000000 0.000000 0.763750 0.000000 0.000000 1.000000 0.710561 0.521425 1 0 1.000000
radio
  0 -2.765147 -4.621692 0.763750 0.000000 0.000000 1.000000 0.566843 0.602661 1 0 1.000000
  0 0.000000 -4.784728 0.763750 0.000000 0.000000 1.000000 0.563927 0.517821 1 0 1.000000
  0 0.000000 0.000000 0.763750 0.000000 0.000000 1.000000 0.710561 0.521425 1 0 1.000000
radio
  0 0.000000 -4.784728 0.763750 0.000000 0.000000 1.000000 0.563927 0.517821 1 0 1.000000
  0 2.765147 -4.621692 0.763750 0.000000 0.000000 1.000000 0.571002 0.433226 1 0 1.000000
  0 0.000000 0.000000 0.763750 0.000000 0.000000 1.000000 0.710561 0.521425 1 0 1.000000
radio
  0 2.765147 -4.621692 0.763750 0.000000 0.000000 1.000000 0.571002 0.433226 1 0 1.000000
  0 5.341854 -4.143696 0.763750 0.000000 0.000000 1.000000 0.587585 0.354642 1 0 1.000000
  0 0.000000 0.000000 0.763750 0.000000 0.000000 1.000000 0.710561 0.521425 1 0 1.000000
radio
  0 5.341854 -4.143696 0.763750 0.000000 0.000000 1.000000 0.587585 0.354642 1 0 1.000000
  0 7.554522 -3.383313 0.763750 0.000000 0.000000 1.000000 0.612545 0.287423 1 0 1.000000
  0 0.000000 0.000000 0.763750 0.000000 0.000000 1.000000 0.710561 0.521425 1 0 1.000000
radio
  0 7.554522 -3.383313 0.763750 0.000000 0.000000 1.000000 0.612545 0.287423 1 0 1.000000
  0 9.252361 -2.392364 0.763750 0.000000 0.000000 1.000000 0.644182 0.236151 1 0 1.000000
  0 0.000000 0.000000 0.763750 0.000000 0.000000 1.000000 0.710561 0.521425 1 0 1.000000
radio
  0 9.252361 -2.392364 0.763750 0.000000 0.000000 1.000000 0.644182 0.236151 1 0 1.000000
  0 10.319669 -1.238379 0.763750 0.000000 0.000000 1.000000 0.680340 0.204319 1 0 1.000000
  0 0.000000 0.000000 0.763750 0.000000 0.000000 1.000000 0.710561 0.521425 1 0 1.000000
radio
  0 10.319669 -1.238379 0.763750 0.000000 0.000000 1.000000 0.680340 0.204319 1 0 1.000000
  0 10.683707 0.000000 0.763750 0.000000 0.000000 1.000000 0.718555 0.194097 1 0 1.000000
  0 0.000000 0.000000 0.763750 0.000000 0.000000 1.000000 0.710561 0.521425 1 0 1.000000
radio
  0 10.683707 0.000000 0.763750 0.000000 0.000000 1.000000 0.718555 0.194097 1 0 1.000000
  0 10.319669 1.238379 0.763750 0.000000 0.000000 1.000000 0.756222 0.206182 1 0 1.000000
  0 0.000000 0.000000 0.763750 0.000000 0.000000 1.000000 0.710561 0.521425 1 0 1.000000
radio
  0 10.319669 1.238379 0.763750 0.000000 0.000000 1.000000 0.756222 0.206182 1 0 1.000000
  0 9.252361 2.392364 0.763751 0.000000 0.000000 1.000000 0.790775 0.239749 1 0 1.000000
  0 0.000000 0.000000 0.763750 0.000000 0.000000 1.000000 0.710561 0.521425 1 0 1.000000
radio
  0 9.252361 2.392364 0.763751 0.000000 0.000000 1.000000 0.790775 0.239749 1 0 1.000000
  0 7.554522 3.383313 0.763751 0.000000 0.000000 1.000000 0.819858 0.292512 1 0 1.000000
  0 0.000000 0.000000 0.763750 0.000000 0.000000 1.000000 0.710561 0.521425 1 0 1.000000
radio
  0 7.554522 3.383313 0.763751 0.000000 0.000000 1.000000 0.819858 0.292512 1 0 1.000000
  0 5.341854 4.143696 0.763751 0.000000 0.000000 1.000000 0.841490 0.360875 1 0 1.000000
  0 0.000000 0.000000 0.763750 0.000000 0.000000 1.000000 0.710561 0.521425 1 0 1.000000
radio
  0 5.341854 4.143696 0.763751 0.000000 0.000000 1.000000 0.841490 0.360875 1 0 1.000000
  0 2.765147 4.621692 0.763751 0.000000 0.000000 1.000000 0.854197 0.440178 1 0 1.000000
  0 0.000000 0.000000 0.763750 0.000000 0.000000 1.000000 0.710561 0.521425 1 0 1.000000
radio
  0 2.765147 4.621692 0.763751 0.000000 0.000000 1.000000 0.854197 0.440178 1 0 1.000000
  0 0.000000 4.784728 0.763751 0.000000 0.000000 1.000000 0.857112 0.525018 1 0 1.000000
  0 0.000000 0.000000 0.763750 0.000000 0.000000 1.000000 0.710561 0.521425 1 0 1.000000
radio
  0 -2.674215 4.406440 0.701040 -0.115203 0.993293 0.009866 0.370928 0.020739 1 0 1.000000
  0 -1.313932 4.522121 0.701040 -0.055424 0.998416 0.009660 0.330856 0.020127 1 0 1.000000
  0 -1.348645 4.522121 0.432756 -0.056884 0.998369 0.004872 0.331878 0.012352 1 0 1.000000
radio
  0 -2.674215 4.406440 0.701040 -0.115203 0.993293 0.009866 0.370928 0.020739 1 0 1.000000
  0 -2.605383 4.406440 1.233017 -0.112262 0.993486 0.019568 0.368900 0.036155 1 0 1.000000
  0 -1.313932 4.522121 0.701040 -0.055424 0.998416 0.009660 0.330856 0.020127 1 0 1.000000
radio
  0 -3.954028 4.215838 0.960063 -0.176503 0.984184 0.015117 0.408630 0.029255 1 0 1.000000
  0 -2.605383 4.406440 1.233017 -0.112262 0.993486 0.019568 0.368900 0.036155 1 0 1.000000
  0 -2.674215 4.406440 0.701040 -0.115203 0.993293 0.009866 0.370928 0.020739 1 0 1.000000
radio
  0 -3.954028 4.215838 0.960063 -0.176503 0.984184 0.015117 0.408630 0.029255 1 0 1.000000
  0 -3.852254 4.215838 1.746630 -0.172043 0.984633 0.029989 0.405632 0.052049 1 0 1.000000
  0 -2.605383 4.406440 1.233017 -0.112262 0.993486 0.019568 0.368900 0.036155 1 0 1.000000
radio
  0 -5.166187 3.953578 1.205393 -0.242552 0.969916 0.020775 0.444339 0.037753 1 0 1.000000
  0 -3.852254 4.215838 1.746630 -0.172043 0.984633 0.029989 0.405632 0.052049 1 0 1.000000
  0 -3.954028 4.215838 0.960063 -0.176503 0.984184 0.015117 0.408630 0.029255 1 0 1.000000
radio
  0 -5.166187 3.953578 1.205393 -0.242552 0.969916 0.020775 0.444339 0.037753 1 0 1.000000
  0 -5.033213 3.953578 2.233093 -0.236519 0.970752 0.041231 0.440422 0.067535 1 0 1.000000
  0 -3.852254 4.215838 1.746630 -0.172043 0.984633 0.029989 0.405632 0.052049 1 0 1.000000
radio
  0 -6.289950 3.624146 1.432833 -0.315457 0.948555 0.027022 0.477444 0.046089 1 0 1.000000
  0 -5.033213 3.953578 2.233093 -0.236519 0.970752 0.041231 0.440422 0.067535 1 0 1.000000
  0 -5.166187 3.953578 1.205393 -0.242552 0.969916 0.020775 0.444339 0.037753 1 0 1.000000
radio
  0 -6.289950 3.624146 1.432833 -0.315457 0.948555 0.027022 0.477444 0.046089 1 0 1.000000
  0 -6.128052 3.624146 2.684081 -0.307797 0.949937 0.053664 0.472674 0.082349 1 0 1.000000
  0 -5.033213 3.953578 2.233093 -0.236519 0.970752 0.041231 0.440422 0.067535 1 0 1.000000
radio
  0 -7.306091 3.233179 1.638491 -0.397728 0.916870 0.034075 0.507378 0.054119 1 0 1.000000
  0 -6.128052 3.624146 2.684081 -0.307797 0.949937 0.053664 0.472674 0.082349 1 0 1.000000
  0 -6.289950 3.624146 1.432833 -0.315457 0.948555 0.027022 0.477444 0.046089 1 0 1.000000
radio
  0 -7.306091 3.233179 1.638491 -0.397728 0.916870 0.034075 0.507378 0.054119 1 0 1.000000
  0 -7.118038 3.233178 3.091878 -0.388454 0.918970 0.067798 0.501839 0.096237 1 0 1.000000
  0 -6.128052 3.624146 2.684081 -0.307797 0.949937 0.053664 0.472674 0.082349 1 0 1.000000
radio
  0 -8.197223 2.787366 1.818848 -0.492159 0.869483 0.042174 0.533630 0.061706 1 0 1.000000
  0 -7.118038 3.233178 3.091878 -0.388454 0.918970 0.067798 0.501839 0.096237 1 0 1.000000
  0 -7.306091 3.233179 1.638491 -0.397728 0.916870 0.034075 0.507378 0.054119 1 0 1.000000
radio
  0 -8.197223 2.787366 1.818848 -0.492159 0.869483 0.042174 0.533630 0.061706 1 0 1.000000
  0 -7.986233 2.787366 3.449507 -0.481458 0.872398 0.084376 0.527415 0.108961 1 0 1.000000
  0 -7.118038 3.233178 3.091878 -0.388454 0.918970 0.067798 0.501839 0.096237 1 0 1.000000
radio
  0 -8.948098 2.294336 1.970818 -0.601052 0.797547 0.051521 0.555750 0.068721 1 0 1.000000
  0 -7.986233 2.787366 3.449507 -0.481458 0.872398 0.084376 0.527415 0.108961 1 0 1.000000
  0 -8.197223 2.787366 1.818848 -0.492159 0.869483 0.042174 0.533630 0.061706 1 0 1.000000
radio
  0 -8.948098 2.294336 1.970818 -0.601052 0.797547 0.051521 0.555750 0.068721 1 0 1.000000
  0 -8.717780 2.294336 3.750847 -0.589278 0.801180 0.104221 0.548965 0.120305 1 0 1.000000
  0 -7.986233 2.787366 3.449507 -0.481458 0.872398 0.084376 0.527415 0.108961 1 0 1.000000
radio
  0 -3.988147 4.215838 0.159802 -0.177991 0.984003 0.007589 0.409635 0.006064 1 0 1.000000
  0 -2.674215 4.406440 0.701040 -0.115203 0.993293 0.009866 0.370928 0.020739 1 0 1.000000
  0 -2.697291 4.406440 0.159802 -0.116187 0.993215 0.004954 0.371608 0.005055 1 0 1.000000
radio
  0 -2.697291 4.406440 0.159802 -0.116187 0.993215 0.004954 0.371608 0.005055 1 0 1.000000
  0 -2.674215 4.406440 0.701040 -0.115203 0.993293 0.009866 0.370928 0.020739 1 0 1.000000
  0 -1.348645 4.522121 0.432756 -0.056884 0.998369 0.004872 0.331878 0.012352 1 0 1.000000
radio
  0 -2.697291 4.406440 0.159802 -0.116187 0.993215 0.004954 0.371608 0.005055 1 0 1.000000
  0 -1.348645 4.522121 0.432756 -0.056884 0.998369 0.004872 0.331878 0.012352 1 0 1.000000
  0 -1.360283 4.522121 0.159802 -0.057373 0.998350 0.002446 0.332221 0.004442 1 0 1.000000
radio
  0 -1.360283 4.522121 0.159802 -0.057373 0.998350 0.002446 0.332221 0.004442 1 0 1.000000
  0 -1.348645 4.522121 0.432756 -0.056884 0.998369 0.004872 0.331878 0.012352 1 0 1.000000
  0 0.000000 4.560902 0.159802 0.000000 0.999930 0.011840 0.292148 0.004237 1 0 1.000000
radio
  0 -1.348645 4.522121 0.432756 -0.056884 0.998369 0.004872 0.331878 0.012352 1 0 1.000000
  0 -1.313932 4.522121 0.701040 -0.055424 0.998416 0.009660 0.330856 0.020127 1 0 1.000000
  0 0.000000 4.560902 0.159802 0.000000 0.999930 0.011840 0.292148 0.004237 1 0 1.000000
radio
  0 -1.313932 4.522121 0.701040 -0.055424 0.998416 0.009660 0.330856 0.020127 1 0 1.000000
  0 -1.256737 4.522121 0.960063 -0.053017 0.998491 0.014285 0.329171 0.027633 1 0 1.000000
  0 0.000000 4.560902 0.159802 0.000000 0.999930 0.011840 0.292148 0.004237 1 0 1.000000
radio
  0 -2.605383 4.406440 1.233017 -0.112262 0.993486 0.019568 0.368900 0.036155 1 0 1.000000
  0 -1.256737 4.522121 0.960063 -0.053017 0.998491 0.014285 0.329171 0.027633 1 0 1.000000
  0 -1.313932 4.522121 0.701040 -0.055424 0.998416 0.009660 0.330856 0.020127 1 0 1.000000
radio
  0 -2.605383 4.406440 1.233017 -0.112262 0.993486 0.019568 0.368900 0.036155 1 0 1.000000
  0 -2.491972 4.406440 1.746630 -0.107413 0.993793 0.028943 0.365559 0.051040 1 0 1.000000
  0 -1.256737 4.522121 0.960063 -0.053017 0.998491 0.014285 0.329171 0.027633 1 0 1.000000
radio
  0 -3.852254 4.215838 1.746630 -0.172043 0.984633 0.029989 0.405632 0.052049 1 0 1.000000
  0 -2.491972 4.406440 1.746630 -0.107413 0.993793 0.028943 0.365559 0.051040 1 0 1.000000
  0 -2.605383 4.406440 1.233017 -0.112262 0.993486 0.019568 0.368900 0.036155 1 0 1.000000
radio
  0 -3.852254 4.215838 1.746630 -0.172043 0.984633 0.029989 0.405632 0.052049 1 0 1.000000
  0 -3.684568 4.215838 2.506047 -0.164680 0.985348 0.044375 0.400692 0.074056 1 0 1.000000
  0 -2.491972 4.406440 1.746630 -0.107413 0.993793 0.028943 0.365559 0.051040 1 0 1.000000
radio
  0 -5.033213 3.953578 2.233093 -0.236519 0.970752 0.041231 0.440422 0.067535 1 0 1.000000
  0 -3.684568 4.215838 2.506047 -0.164680 0.985348 0.044375 0.400692 0.074056 1 0 1.000000
  0 -3.852254 4.215838 1.746630 -0.172043 0.984633 0.029989 0.405632 0.052049 1 0 1.000000
radio
  0 -5.033213 3.953578 2.233093 -0.236519 0.970752 0.041231 0.440422 0.067535 1 0 1.000000
  0 -4.814119 3.953578 3.225319 -0.226549 0.972083 0.061071 0.433967 0.096289 1 0 1.000000
  0 -3.684568 4.215838 2.506047 -0.164680 0.985348 0.044375 0.400692 0.074056 1 0 1.000000
radio
  0 -6.128052 3.624146 2.684081 -0.307797 0.949937 0.053664 0.472674 0.082349 1 0 1.000000
  0 -4.814119 3.953578 3.225319 -0.226549 0.972083 0.061071 0.433967 0.096289 1 0 1.000000
  0 -5.033213 3.953578 2.233093 -0.236519 0.970752 0.041231 0.440422 0.067535 1 0 1.000000
radio
  0 -6.128052 3.624146 2.684081 -0.307797 0.949937 0.053664 0.472674 0.082349 1 0 1.000000
  0 -5.861300 3.624146 3.892138 -0.295167 0.952105 0.079825 0.464816 0.117357 1 0 1.000000
  0 -4.814119 3.953578 3.225319 -0.226549 0.972083 0.061071 0.433967 0.096289 1 0 1.000000
radio
  0 -7.118038 3.233178 3.091878 -0.388454 0.918970 0.067798 0.501839 0.096237 1 0 1.000000
  0 -5.861300 3.624146 3.892138 -0.295167 0.952105 0.079825 0.464816 0.117357 1 0 1.000000
  0 -6.128052 3.624146 2.684081 -0.307797 0.949937 0.053664 0.472674 0.082349 1 0 1.000000
radio
  0 -7.118038 3.233178 3.091878 -0.388454 0.918970 0.067798 0.501839 0.096237 1 0 1.000000
  0 -6.808127 3.233178 4.495097 -0.373289 0.922077 0.102123 0.492709 0.136901 1 0 1.000000
  0 -5.861300 3.624146 3.892138 -0.295167 0.952105 0.079825 0.464816 0.117357 1 0 1.000000
radio
  0 -7.986233 2.787366 3.449507 -0.481458 0.872398 0.084376 0.527415 0.108961 1 0 1.000000
  0 -6.808127 3.233178 4.495097 -0.373289 0.922077 0.102123 0.492709 0.136901 1 0 1.000000
  0 -7.118038 3.233178 3.091878 -0.388454 0.918970 0.067798 0.501839 0.096237 1 0 1.000000
radio
  0 -7.986233 2.787366 3.449507 -0.481458 0.872398 0.084376 0.527415 0.108961 1 0 1.000000
  0 -7.637012 2.787366 5.023877 -0.464121 0.876151 0.130193 0.517127 0.154585 1 0 1.000000
  0 -6.808127 3.233178 4.495097 -0.373289 0.922077 0.102123 0.492709 0.136901 1 0 1.000000
radio
  0 9.473903 2.449647 0.033511 0.625956 0.779859 0.000000 0.408276 0.988757 1 0 1.000000
  0 7.735409 3.464324 0.684956 0.416561 0.909108 0.000000 0.424646 0.945072 1 0 1.000000
  0 9.473903 2.449647 0.684956 0.625956 0.779859 0.000000 0.424646 0.988757 1 0 1.000000
radio
  0 9.473903 2.449647 0.033511 0.625956 0.779859 0.000000 0.408276 0.988757 1 0 1.000000
  0 7.735409 3.464324 0.033512 0.416561 0.909108 0.000000 0.408276 0.945072 1 0 1.000000
  0 7.735409 3.464324 0.684956 0.416561 0.909108 0.000000 0.424646 0.945072 1 0 1.000000
radio
  0 7.735409 3.464324 0.033512 0.416561 0.909108 0.000000 0.408276 0.945072 1 0 1.000000
  0 5.469760 4.242913 0.684956 0.254387 0.967102 0.000000 0.424646 0.888139 1 0 1.000000
  0 7.735409 3.464324 0.684956 0.416561 0.909108 0.000000 0.424646 0.945072 1 0 1.000000
radio
  0 7.735409 3.464324 0.033512 0.416561 0.909108 0.000000 0.408276 0.945072 1 0 1.000000
  0 5.469760 4.242913 0.033512 0.254387 0.967102 0.000000 0.408276 0.888139 1 0 1.000000
  0 5.469760 4.242913 0.684956 0.254387 0.967102 0.000000 0.424646 0.888139 1 0 1.000000
radio
  0 5.469760 4.242913 0.033512 0.254387 0.967102 0.000000 0.408276 0.888139 1 0 1.000000
  0 2.831356 4.732355 0.684956 0.120861 0.992669 0.000000 0.424646 0.821840 1 0 1.000000
  0 5.469760 4.242913 0.684956 0.254387 0.967102 0.000000 0.424646 0.888139 1 0 1.000000
radio
  0 5.469760 4.242913 0.033512 0.254387 0.967102 0.000000 0.408276 0.888139 1 0 1.000000
  0 2.831356 4.732355 0.033512 0.120861 0.992669 0.000000 0.408276 0.821840 1 0 1.000000
  0 2.831356 4.732355 0.684956 0.120861 0.992669 0.000000 0.424646 0.821840 1 0 1.000000
radio
  0 2.831356 4.732355 0.033512 0.120861 0.992669 0.000000 0.408276 0.821840 1 0 1.000000
  0 0.000000 4.899294 0.684956 0.000000 1.000000 0.000000 0.424646 0.750692 1 0 1.000000
  0 2.831356 4.732355 0.684956 0.120861 0.992669 0.000000 0.424646 0.821840 1 0 1.000000
radio
  0 2.831356 4.732355 0.033512 0.120861 0.992669 0.000000 0.408276 0.821840 1 0 1.000000
  0 0.000000 4.899294 0.033512 0.000000 1.000000 0.000000 0.408276 0.750692 1 0 1.000000
  0 0.000000 4.899294 0.684956 0.000000 1.000000 0.000000 0.424646 0.750692 1 0 1.000000
radio
  0 0.000000 4.899294 0.033512 0.000000 1.000000 0.000000 0.408276 0.750692 1 0 1.000000
  0 -2.831356 4.732355 0.684956 -0.120861 0.992669 0.000000 0.424646 0.679544 1 0 1.000000
  0 0.000000 4.899294 0.684956 0.000000 1.000000 0.000000 0.424646 0.750692 1 0 1.000000
radio
  0 0.000000 4.899294 0.033512 0.000000 1.000000 0.000000 0.408276 0.750692 1 0 1.000000
  0 -2.831356 4.732355 0.033512 -0.120861 0.992669 0.000000 0.408276 0.679544 1 0 1.000000
  0 -2.831356 4.732355 0.684956 -0.120861 0.992669 0.000000 0.424646 0.679544 1 0 1.000000
radio
  0 -2.831356 4.732355 0.033512 -0.120861 0.992669 0.000000 0.408276 0.679544 1 0 1.000000
  0 -5.469760 4.242913 0.684956 -0.254387 0.967102 0.000000 0.424646 0.613244 1 0 1.000000
  0 -2.831356 4.732355 0.684956 -0.120861 0.992669 0.000000 0.424646 0.679544 1 0 1.000000
radio
  0 -2.831356 4.732355 0.033512 -0.120861 0.992669 0.000000 0.408276 0.679544 1 0 1.000000
  0 -5.469760 4.242913 0.033512 -0.254387 0.967102 0.000000 0.408276 0.613244 1 0 1.000000
  0 -5.469760 4.242913 0.684956 -0.254387 0.967102 0.000000 0.424646 0.613244 1 0 1.000000
radio
  0 -5.469760 4.242913 0.033512 -0.254387 0.967102 0.000000 0.408276 0.613244 1 0 1.000000
  0 -7.735409 3.464324 0.684956 -0.416561 0.909108 0.000000 0.424646 0.556312 1 0 1.000000
  0 -5.469760 4.242913 0.684956 -0.254387 0.967102 0.000000 0.424646 0.613244 1 0 1.000000
radio
  0 -5.469760 4.242913 0.033512 -0.254387 0.967102 0.000000 0.408276 0.613244 1 0 1.000000
  0 -7.735409 3.464324 0.033512 -0.416561 0.909108 0.000000 0.408276 0.556312 1 0 1.000000
  0 -7.735409 3.464324 0.684956 -0.416561 0.909108 0.000000 0.424646 0.556312 1 0 1.000000
radio
  0 -7.735409 3.464324 0.033512 -0.416561 0.909108 0.000000 0.408276 0.556312 1 0 1.000000
  0 -9.473903 2.449647 0.684956 -0.625956 0.779859 0.000000 0.424646 0.512626 1 0 1.000000
  0 -7.735409 3.464324 0.684956 -0.416561 0.909108 0.000000 0.424646 0.556312 1 0 1.000000
radio
  0 -7.735409 3.464324 0.033512 -0.416561 0.909108 0.000000 0.408276 0.556312 1 0 1.000000
  0 -9.473903 2.449647 0.033511 -0.625956 0.779859 0.000000 0.408276 0.512626 1 0 1.000000
  0 -9.473903 2.449647 0.684956 -0.625956 0.779859 0.000000 0.424646 0.512626 1 0 1.000000
radio
  0 9.473903 -2.449647 0.033511 0.625956 -0.779859 0.000000 0.133807 0.671722 1 0 1.000000
  0 10.566765 -1.268031 0.684956 0.869724 -0.493538 0.000000 0.175622 0.694775 1 0 1.000000
  0 9.473903 -2.449647 0.684956 0.625956 -0.779859 0.000000 0.133807 0.694775 1 0 1.000000
radio
  0 9.473903 -2.449647 0.033511 0.625956 -0.779859 0.000000 0.133807 0.671722 1 0 1.000000
  0 10.566765 -1.268031 0.033511 0.869724 -0.493538 0.000000 0.175622 0.671722 1 0 1.000000
  0 10.566765 -1.268031 0.684956 0.869724 -0.493538 0.000000 0.175622 0.694775 1 0 1.000000
radio
  0 10.566765 -1.268031 0.033511 0.869724 -0.493538 0.000000 0.175622 0.671722 1 0 1.000000
  0 10.939520 0.000000 0.684956 1.000000 0.000000 0.000000 0.220496 0.694775 1 0 1.000000
  0 10.566765 -1.268031 0.684956 0.869724 -0.493538 0.000000 0.175622 0.694775 1 0 1.000000
radio
  0 10.566765 -1.268031 0.033511 0.869724 -0.493538 0.000000 0.175622 0.671722 1 0 1.000000
  0 10.939520 0.000000 0.033511 1.000000 0.000000 0.000000 0.220496 0.671722 1 0 1.000000
  0 10.939520 0.000000 0.684956 1.000000 0.000000 0.000000 0.220496 0.694775 1 0 1.000000
radio
  0 10.939520 0.000000 0.033511 1.000000 0.000000 0.000000 0.220496 0.671722 1 0 1.000000
  0 10.566765 1.268031 0.684956 0.869724 0.493538 0.000000 0.265370 0.694775 1 0 1.000000
  0 10.939520 0.000000 0.684956 1.000000 0.000000 0.000000 0.220496 0.694775 1 0 1.000000
radio
  0 10.939520 0.000000 0.033511 1.000000 0.000000 0.000000 0.220496 0.671722 1 0 1.000000
  0 10.566765 1.268031 0.033511 0.869724 0.493538 0.000000 0.265370 0.671722 1 0 1.000000
  0 10.566765 1.268031 0.684956 0.869724 0.493538 0.000000 0.265370 0.694775 1 0 1.000000
radio
  0 10.566765 1.268031 0.033511 0.869724 0.493538 0.000000 0.265370 0.671722 1 0 1.000000
  0 9.473903 2.449647 0.684956 0.625956 0.779859 0.000000 0.307185 0.694775 1 0 1.000000
  0 10.566765 1.268031 0.684956 0.869724 0.493538 0.000000 0.265370 0.694775 1 0 1.000000
radio
  0 10.566765 1.268031 0.033511 0.869724 0.493538 0.000000 0.265370 0.671722 1 0 1.000000
  0 9.473903 2.449647 0.033511 0.625956 0.779859 0.000000 0.307185 0.671722 1 0 1.000000
  0 9.473903 2.449647 0.684956 0.625956 0.779859 0.000000 0.307185 0.694775 1 0 1.000000
radio
  0 -9.473903 -2.449647 0.033511 -0.625956 -0.779859 0.000000 0.403715 0.499034 1 0 1.000000
  0 -7.735409 -3.464324 0.684956 -0.416561 -0.909108 0.000000 0.386775 0.544240 1 0 1.000000
  0 -9.473903 -2.449647 0.684956 -0.625956 -0.779859 0.000000 0.386775 0.499034 1 0 1.000000
radio
  0 -9.473903 -2.449647 0.033511 -0.625956 -0.779859 0.000000 0.403715 0.499034 1 0 1.000000
  0 -7.735409 -3.464324 0.033511 -0.416561 -0.909108 0.000000 0.403715 0.544240 1 0 1.000000
  0 -7.735409 -3.464324 0.684956 -0.416561 -0.909108 0.000000 0.386775 0.544240 1 0 1.000000
radio
  0 -7.735409 -3.464324 0.033511 -0.416561 -0.909108 0.000000 0.403715 0.544240 1 0 1.000000
  0 -5.469760 -4.242913 0.684956 -0.254387 -0.967102 0.000000 0.386775 0.603154 1 0 1.000000
  0 -7.735409 -3.464324 0.684956 -0.416561 -0.909108 0.000000 0.386775 0.544240 1 0 1.000000
radio
  0 -7.735409 -3.464324 0.033511 -0.416561 -0.909108 0.000000 0.403715 0.544240 1 0 1.000000
  0 -5.469760 -4.242913 0.033511 -0.254387 -0.967102 0.000000 0.403715 0.603154 1 0 1.000000
  0 -5.469760 -4.242913 0.684956 -0.254387 -0.967102 0.000000 0.386775 0.603154 1 0 1.000000
radio
  0 -5.469760 -4.242913 0.033511 -0.254387 -0.967102 0.000000 0.403715 0.603154 1 0 1.000000
  0 -2.831356 -4.732355 0.684956 -0.120861 -0.992669 0.000000 0.386775 0.671762 1 0 1.000000
  0 -5.469760 -4.242913 0.684956 -0.254387 -0.967102 0.000000 0.386775 0.603154 1 0 1.000000
radio
  0 -5.469760 -4.242913 0.033511 -0.254387 -0.967102 0.000000 0.403715 0.603154 1 0 1.000000
  0 -2.831356 -4.732355 0.033511 -0.120861 -0.992669 0.000000 0.403715 0.671762 1 0 1.000000
  0 -2.831356 -4.732355 0.684956 -0.120861 -0.992669 0.000000 0.386775 0.671762 1 0 1.000000
radio
  0 -2.831356 -4.732355 0.033511 -0.120861 -0.992669 0.000000 0.403715 0.671762 1 0 1.000000
  0 0.000000 -4.899294 0.684956 0.000000 -1.000000 0.000000 0.386775 0.745386 1 0 1.000000
  0 -2.831356 -4.732355 0.684956 -0.120861 -0.992669 0.000000 0.386775 0.671762 1 0 1.000000
radio
  0 -2.831356 -4.732355 0.033511 -0.120861 -0.992669 0.000000 0.403715 0.671762 1 0 1.000000
  0 0.000000 -4.899294 0.033511 0.000000 -1.000000 0.000000 0.403715 0.745386 1 0 1.000000
  0 0.000000 -4.899294 0.684956 0.000000 -1.000000 0.000000 0.386775 0.745386 1 0 1.000000
radio
  0 0.000000 -4.899294 0.033511 0.000000 -1.000000 0.000000 0.403715 0.745386 1 0 1.000000
  0 2.831356 -4.732355 0.684956 0.120861 -0.992669 0.000000 0.386775 0.819010 1 0 1.000000
  0 0.000000 -4.899294 0.684956 0.000000 -1.000000 0.000000 0.386775 0.745386 1 0 1.000000
radio
  0 0.000000 -4.899294 0.033511 0.000000 -1.000000 0.000000 0.403715 0.745386 1 0 1.000000
  0 2.831356 -4.732355 0.033511 0.120861 -0.992669 0.000000 0.403715 0.819010 1 0 1.000000
  0 2.831356 -4.732355 0.684956 0.120861 -0.992669 0.000000 0.386775 0.819010 1 0 1.000000
radio
  0 2.831356 -4.732355 0.033511 0.120861 -0.992669 0.000000 0.403715 0.819010 1 0 1.000000
  0 5.469760 -4.242913 0.684956 0.254387 -0.967102 0.000000 0.386775 0.887618 1 0 1.000000
  0 2.831356 -4.732355 0.684956 0.120861 -0.992669 0.000000 0.386775 0.819010 1 0 1.000000
radio
  0 2.831356 -4.732355 0.033511 0.120861 -0.992669 0.000000 0.403715 0.819010 1 0 1.000000
  0 5.469760 -4.242913 0.033511 0.254387 -0.967102 0.000000 0.403715 0.887618 1 0 1.000000
  0 5.469760 -4.242913 0.684956 0.254387 -0.967102 0.000000 0.386775 0.887618 1 0 1.000000
radio
  0 5.469760 -4.242913 0.033511 0.254387 -0.967102 0.000000 0.403715 0.887618 1 0 1.000000
  0 7.735409 -3.464324 0.684956 0.416561 -0.909108 0.000000 0.386775 0.946532 1 0 1.000000
  0 5.469760 -4.242913 0.684956 0.254387 -0.967102 0.000000 0.386775 0.887618 1 0 1.000000
radio
  0 5.469760 -4.242913 0.033511 0.254387 -0.967102 0.000000 0.403715 0.887618 1 0 1.000000
  0 7.735409 -3.464324 0.033511 0.416561 -0.909108 0.000000 0.403715 0.946532 1 0 1.000000
  0 7.735409 -3.464324 0.684956 0.416561 -0.909108 0.000000 0.386775 0.946532 1 0 1.000000
radio
  0 7.735409 -3.464324 0.033511 0.416561 -0.909108 0.000000 0.403715 0.946532 1 0 1.000000
  0 9.473903 -2.449647 0.684956 0.625956 -0.779859 0.000000 0.386775 0.991738 1 0 1.000000
  0 7.735409 -3.464324 0.684956 0.416561 -0.909108 0.000000 0.386775 0.946532 1 0 1.000000
radio
  0 7.735409 -3.464324 0.033511 0.416561 -0.909108 0.000000 0.403715 0.946532 1 0 1.000000
  0 9.473903 -2.449647 0.033511 0.625956 -0.779859 0.000000 0.403715 0.991738 1 0 1.000000
  0 9.473903 -2.449647 0.684956 0.625956 -0.779859 0.000000 0.386775 0.991738 1 0 1.000000
radio
  0 -9.473903 2.449647 0.033511 -0.625956 0.779859 0.000000 0.130089 0.641474 1 0 1.000000
  0 -10.566765 1.268031 0.684956 -0.869724 0.493538 0.000000 0.176105 0.663034 1 0 1.000000
  0 -9.473903 2.449647 0.684956 -0.625956 0.779859 0.000000 0.130089 0.663034 1 0 1.000000
radio
  0 -9.473903 2.449647 0.033511 -0.625956 0.779859 0.000000 0.130089 0.641474 1 0 1.000000
  0 -10.566765 1.268031 0.033511 -0.869724 0.493538 0.000000 0.176105 0.641474 1 0 1.000000
  0 -10.566765 1.268031 0.684956 -0.869724 0.493538 0.000000 0.176105 0.663034 1 0 1.000000
radio
  0 -10.566765 1.268031 0.033511 -0.869724 0.493538 0.000000 0.176105 0.641474 1 0 1.000000
  0 -10.939520 0.000000 0.684956 -1.000000 0.000000 0.000000 0.219748 0.663034 1 0 1.000000
  0 -10.566765 1.268031 0.684956 -0.869724 0.493538 0.000000 0.176105 0.663034 1 0 1.000000
radio
  0 -10.566765 1.268031 0.033511 -0.869724 0.493538 0.000000 0.176105 0.641474 1 0 1.000000
  0 -10.939520 0.000000 0.033511 -1.000000 0.000000 0.000000 0.219748 0.641474 1 0 1.000000
  0 -10.939520 0.000000 0.684956 -1.000000 0.000000 0.000000 0.219748 0.663034 1 0 1.000000
radio
  0 -10.939520 0.000000 0.033511 -1.000000 0.000000 0.000000 0.219748 0.641474 1 0 1.000000
  0 -10.566765 -1.268031 0.684956 -0.869724 -0.493538 0.000000 0.258046 0.663034 1 0 1.000000
  0 -10.939520 0.000000 0.684956 -1.000000 0.000000 0.000000 0.219748 0.663034 1 0 1.000000
radio
  0 -10.939520 0.000000 0.033511 -1.000000 0.000000 0.000000 0.219748 0.641474 1 0 1.000000
  0 -10.566765 -1.268031 0.033511 -0.869724 -0.493538 0.000000 0.258046 0.641474 1 0 1.000000
  0 -10.566765 -1.268031 0.684956 -0.869724 -0.493538 0.000000 0.258046 0.663034 1 0 1.000000
radio
  0 -10.566765 -1.268031 0.033511 -0.869724 -0.493538 0.000000 0.258046 0.641474 1 0 1.000000
  0 -9.473903 -2.449647 0.684956 -0.625956 -0.779859 0.000000 0.288387 0.663034 1 0 1.000000
  0 -10.566765 -1.268031 0.684956 -0.869724 -0.493538 0.000000 0.258046 0.663034 1 0 1.000000
radio
  0 -10.566765 -1.268031 0.033511 -0.869724 -0.493538 0.000000 0.258046 0.641474 1 0 1.000000
  0 -9.473903 -2.449647 0.033511 -0.625956 -0.779859 0.000000 0.288387 0.641474 1 0 1.000000
  0 -9.473903 -2.449647 0.684956 -0.625956 -0.779859 0.000000 0.288387 0.663034 1 0 1.000000
radio
  0 -4.225987 -3.634396 6.761762 0.832975 0.065221 -0.549454 0.235870 0.461958 1 0 1.000000
  0 -4.750095 -3.235519 5.902901 0.890701 0.053584 -0.451420 0.213191 0.467967 1 0 1.000000
  0 -4.225987 -3.235519 6.809109 0.832975 0.065221 -0.549454 0.236843 0.467967 1 0 1.000000
radio
  0 -4.225987 -3.634396 6.761762 0.832975 0.065221 -0.549454 0.235870 0.461958 1 0 1.000000
  0 -4.750095 -3.634770 5.855509 0.890701 0.053584 -0.451420 0.212105 0.461953 1 0 1.000000
  0 -4.750095 -3.235519 5.902901 0.890701 0.053584 -0.451420 0.213191 0.467967 1 0 1.000000
radio
  0 -4.750095 -3.634770 5.855509 0.890701 0.053584 -0.451420 0.212105 0.461953 1 0 1.000000
  0 -5.190276 -3.235519 4.900713 0.934228 0.042043 -0.354189 0.189026 0.467967 1 0 1.000000
  0 -4.750095 -3.235519 5.902901 0.890701 0.053584 -0.451420 0.213191 0.467967 1 0 1.000000
radio
  0 -4.750095 -3.634770 5.855509 0.890701 0.053584 -0.451420 0.212105 0.461953 1 0 1.000000
  0 -5.190276 -3.635182 4.853272 0.934228 0.042043 -0.354189 0.187953 0.461947 1 0 1.000000
  0 -5.190276 -3.235519 4.900713 0.934228 0.042043 -0.354189 0.189026 0.467967 1 0 1.000000
radio
  0 -5.190276 -3.635182 4.853272 0.934228 0.042043 -0.354189 0.187953 0.461947 1 0 1.000000
  0 -5.537671 -3.235519 3.819693 0.964859 0.030973 -0.260936 0.166495 0.467967 1 0 1.000000
  0 -5.190276 -3.235519 4.900713 0.934228 0.042043 -0.354189 0.189026 0.467967 1 0 1.000000
radio
  0 -5.190276 -3.635182 4.853272 0.934228 0.042043 -0.354189 0.187953 0.461947 1 0 1.000000
  0 -5.537671 -3.635499 3.772215 0.964859 0.030973 -0.260936 0.165548 0.461942 1 0 1.000000
  0 -5.537671 -3.235519 3.819693 0.964859 0.030973 -0.260936 0.166495 0.467967 1 0 1.000000
radio
  0 -5.537671 -3.635499 3.772215 0.964859 0.030973 -0.260936 0.165548 0.461942 1 0 1.000000
  0 -5.789693 -3.235519 2.678339 0.984868 0.020428 -0.172097 0.147007 0.467967 1 0 1.000000
  0 -5.537671 -3.235519 3.819693 0.964859 0.030973 -0.260936 0.166495 0.467967 1 0 1.000000
radio
  0 -5.537671 -3.635499 3.772215 0.964859 0.030973 -0.260936 0.165548 0.461942 1 0 1.000000
  0 -5.789693 -3.635715 2.630835 0.984868 0.020428 -0.172097 0.146234 0.461939 1 0 1.000000
  0 -5.789693 -3.235519 2.678339 0.984868 0.020428 -0.172097 0.147007 0.467967 1 0 1.000000
radio
  0 -5.789693 -3.635715 2.630835 0.984868 0.020428 -0.172097 0.146234 0.461939 1 0 1.000000
  0 -5.942652 -3.235519 1.496177 0.996284 0.010153 -0.085531 0.130863 0.467967 1 0 1.000000
  0 -5.789693 -3.235519 2.678339 0.984868 0.020428 -0.172097 0.147007 0.467967 1 0 1.000000
radio
  0 -5.789693 -3.635715 2.630835 0.984868 0.020428 -0.172097 0.146234 0.461939 1 0 1.000000
  0 -5.942652 -3.635905 1.448651 0.996284 0.010153 -0.085531 0.130257 0.461936 1 0 1.000000
  0 -5.942652 -3.235519 1.496177 0.996284 0.010153 -0.085531 0.130863 0.467967 1 0 1.000000
radio
  0 -5.942652 -3.635905 1.448651 0.996284 0.010153 -0.085531 0.130257 0.461936 1 0 1.000000
  0 -5.993931 -3.235519 0.293437 0.999079 0.005056 -0.042596 0.117666 0.467967 1 0 1.000000
  0 -5.942652 -3.235519 1.496177 0.996284 0.010153 -0.085531 0.130863 0.467967 1 0 1.000000
radio
  0 -5.942652 -3.635905 1.448651 0.996284 0.010153 -0.085531 0.130257 0.461936 1 0 1.000000
  0 -5.993931 -3.631474 0.246437 0.999079 0.005056 -0.042596 0.117204 0.462002 1 0 1.000000
  0 -5.993931 -3.235519 0.293437 0.999079 0.005056 -0.042596 0.117666 0.467967 1 0 1.000000
radio
  0 2.283033 -3.632965 8.753016 -0.527977 0.100106 -0.843338 0.368220 0.461980 1 0 1.000000
  0 1.546096 -3.235519 9.176127 -0.367015 0.109648 -0.923730 0.354226 0.467967 1 0 1.000000
  0 2.283033 -3.235519 8.800194 -0.527977 0.100106 -0.843338 0.367813 0.467967 1 0 1.000000
radio
  0 2.283033 -3.632965 8.753016 -0.527977 0.100106 -0.843338 0.368220 0.461980 1 0 1.000000
  0 1.546096 -3.632082 9.129055 -0.367015 0.109648 -0.923730 0.354481 0.461993 1 0 1.000000
  0 1.546096 -3.235519 9.176127 -0.367015 0.109648 -0.923730 0.354226 0.467967 1 0 1.000000
radio
  0 1.546096 -3.632082 9.129055 -0.367015 0.109648 -0.923730 0.354481 0.461993 1 0 1.000000
  0 0.780655 -3.235519 9.400036 -0.187300 0.115788 -0.975455 0.341814 0.467967 1 0 1.000000
  0 1.546096 -3.235519 9.176127 -0.367015 0.109648 -0.923730 0.354226 0.467967 1 0 1.000000
radio
  0 1.546096 -3.632082 9.129055 -0.367015 0.109648 -0.923730 0.354481 0.461993 1 0 1.000000
  0 0.780655 -3.631328 9.353053 -0.187300 0.115788 -0.975455 0.341937 0.462005 1 0 1.000000
  0 0.780655 -3.235519 9.400036 -0.187300 0.115788 -0.975455 0.341814 0.467967 1 0 1.000000
radio
  0 0.780655 -3.631328 9.353053 -0.187300 0.115788 -0.975455 0.341937 0.462005 1 0 1.000000
  0 0.000000 -3.235519 9.474250 0.000000 0.117874 -0.993028 0.329933 0.467967 1 0 1.000000
  0 0.780655 -3.235519 9.400036 -0.187300 0.115788 -0.975455 0.341814 0.467967 1 0 1.000000
radio
  0 0.780655 -3.631328 9.353053 -0.187300 0.115788 -0.975455 0.341937 0.462005 1 0 1.000000
  0 0.000000 -3.631030 9.427301 0.000000 0.117874 -0.993028 0.329933 0.462009 1 0 1.000000
  0 0.000000 -3.235519 9.474250 0.000000 0.117874 -0.993028 0.329933 0.467967 1 0 1.000000
radio
  0 0.000000 -3.631030 9.427301 0.000000 0.117874 -0.993028 0.329933 0.462009 1 0 1.000000
  0 -0.780655 -3.235519 9.400036 0.187301 0.115788 -0.975454 0.318051 0.467967 1 0 1.000000
  0 0.000000 -3.235519 9.474250 0.000000 0.117874 -0.993028 0.329933 0.467967 1 0 1.000000
radio
  0 0.000000 -3.631030 9.427301 0.000000 0.117874 -0.993028 0.329933 0.462009 1 0 1.000000
  0 -0.780655 -3.631328 9.353053 0.187301 0.115788 -0.975454 0.317928 0.462005 1 0 1.000000
  0 -0.780655 -3.235519 9.400036 0.187301 0.115788 -0.975454 0.318051 0.467967 1 0 1.000000
radio
  0 -0.780655 -3.631328 9.353053 0.187301 0.115788 -0.975454 0.317928 0.462005 1 0 1.000000
  0 -1.546095 -3.235519 9.176127 0.367015 0.109648 -0.923730 0.305639 0.467967 1 0 1.000000
  0 -0.780655 -3.235519 9.400036 0.187301 0.115788 -0.975454 0.318051 0.467967 1 0 1.000000
radio
  0 -0.780655 -3.631328 9.353053 0.187301 0.115788 -0.975454 0.317928 0.462005 1 0 1.000000
  0 -1.546095 -3.632082 9.129055 0.367015 0.109648 -0.923730 0.305384 0.461993 1 0 1.000000
  0 -1.546095 -3.235519 9.176127 0.367015 0.109648 -0.923730 0.305639 0.467967 1 0 1.000000
radio
  0 -1.546095 -3.632082 9.129055 0.367015 0.109648 -0.923730 0.305384 0.461993 1 0 1.000000
  0 -2.283032 -3.235519 8.800194 0.527977 0.100106 -0.843338 0.292052 0.467967 1 0 1.000000
  0 -1.546095 -3.235519 9.176127 0.367015 0.109648 -0.923730 0.305639 0.467967 1 0 1.000000
radio
  0 -1.546095 -3.632082 9.129055 0.367015 0.109648 -0.923730 0.305384 0.461993 1 0 1.000000
  0 -2.283032 -3.632965 8.753016 0.527977 0.100106 -0.843338 0.291645 0.461980 1 0 1.000000
  0 -2.283032 -3.235519 8.800194 0.527977 0.100106 -0.843338 0.292052 0.467967 1 0 1.000000
radio
  0 -2.283032 -3.632965 8.753016 0.527977 0.100106 -0.843338 0.291645 0.461980 1 0 1.000000
  0 -2.981073 -3.235519 8.272944 0.659118 0.088646 -0.746796 0.276486 0.467967 1 0 1.000000
  0 -2.283032 -3.235519 8.800194 0.527977 0.100106 -0.843338 0.292052 0.467967 1 0 1.000000
radio
  0 -2.283032 -3.632965 8.753016 0.527977 0.100106 -0.843338 0.291645 0.461980 1 0 1.000000
  0 -2.981073 -3.633668 8.225684 0.659118 0.088646 -0.746796 0.275901 0.461969 1 0 1.000000
  0 -2.981073 -3.235519 8.272944 0.659118 0.088646 -0.746796 0.276486 0.467967 1 0 1.000000
radio
  0 -2.981073 -3.633668 8.225684 0.659118 0.088646 -0.746796 0.275901 0.461969 1 0 1.000000
  0 -3.631903 -3.235519 7.603832 0.758256 0.076849 -0.647412 0.258172 0.467967 1 0 1.000000
  0 -2.981073 -3.235519 8.272944 0.659118 0.088646 -0.746796 0.276486 0.467967 1 0 1.000000
radio
  0 -2.981073 -3.633668 8.225684 0.659118 0.088646 -0.746796 0.275901 0.461969 1 0 1.000000
  0 -3.631903 -3.634092 7.556521 0.758256 0.076849 -0.647412 0.257387 0.461963 1 0 1.000000
  0 -3.631903 -3.235519 7.603832 0.758256 0.076849 -0.647412 0.258172 0.467967 1 0 1.000000
radio
  0 -3.631903 -3.634092 7.556521 0.758256 0.076849 -0.647412 0.257387 0.461963 1 0 1.000000
  0 -4.225987 -3.235519 6.809109 0.832975 0.065221 -0.549454 0.236843 0.467967 1 0 1.000000
  0 -3.631903 -3.235519 7.603832 0.758256 0.076849 -0.647412 0.258172 0.467967 1 0 1.000000
radio
  0 -3.631903 -3.634092 7.556521 0.758256 0.076849 -0.647412 0.257387 0.461963 1 0 1.000000
  0 -4.225987 -3.634396 6.761762 0.832975 0.065221 -0.549454 0.235870 0.461958 1 0 1.000000
  0 -4.225987 -3.235519 6.809109 0.832975 0.065221 -0.549454 0.236843 0.467967 1 0 1.000000
radio
  0 5.993931 -3.631474 0.246437 -0.999079 0.005056 -0.042596 0.542661 0.462002 1 0 1.000000
  0 5.942652 -3.235519 1.496177 -0.996284 0.010153 -0.085531 0.529002 0.467967 1 0 1.000000
  0 5.993931 -3.235519 0.293437 -0.999079 0.005056 -0.042596 0.542199 0.467967 1 0 1.000000
radio
  0 5.993931 -3.631474 0.246437 -0.999079 0.005056 -0.042596 0.542661 0.462002 1 0 1.000000
  0 5.942652 -3.635905 1.448651 -0.996284 0.010153 -0.085531 0.529607 0.461936 1 0 1.000000
  0 5.942652 -3.235519 1.496177 -0.996284 0.010153 -0.085531 0.529002 0.467967 1 0 1.000000
radio
  0 5.942652 -3.635905 1.448651 -0.996284 0.010153 -0.085531 0.529607 0.461936 1 0 1.000000
  0 5.789693 -3.235519 2.678339 -0.984868 0.020428 -0.172097 0.512857 0.467967 1 0 1.000000
  0 5.942652 -3.235519 1.496177 -0.996284 0.010153 -0.085531 0.529002 0.467967 1 0 1.000000
radio
  0 5.942652 -3.635905 1.448651 -0.996284 0.010153 -0.085531 0.529607 0.461936 1 0 1.000000
  0 5.789693 -3.635715 2.630835 -0.984868 0.020428 -0.172097 0.513631 0.461939 1 0 1.000000
  0 5.789693 -3.235519 2.678339 -0.984868 0.020428 -0.172097 0.512857 0.467967 1 0 1.000000
radio
  0 5.789693 -3.635715 2.630835 -0.984868 0.020428 -0.172097 0.513631 0.461939 1 0 1.000000
  0 5.537671 -3.235519 3.819693 -0.964859 0.030973 -0.260936 0.493369 0.467967 1 0 1.000000
  0 5.789693 -3.235519 2.678339 -0.984868 0.020428 -0.172097 0.512857 0.467967 1 0 1.000000
radio
  0 5.789693 -3.635715 2.630835 -0.984868 0.020428 -0.172097 0.513631 0.461939 1 0 1.000000
  0 5.537671 -3.635499 3.772215 -0.964859 0.030973 -0.260936 0.494316 0.461942 1 0 1.000000
  0 5.537671 -3.235519 3.819693 -0.964859 0.030973 -0.260936 0.493369 0.467967 1 0 1.000000
radio
  0 5.537671 -3.635499 3.772215 -0.964859 0.030973 -0.260936 0.494316 0.461942 1 0 1.000000
  0 5.190276 -3.235519 4.900713 -0.934228 0.042043 -0.354189 0.470839 0.467967 1 0 1.000000
  0 5.537671 -3.235519 3.819693 -0.964859 0.030973 -0.260936 0.493369 0.467967 1 0 1.000000
radio
  0 5.537671 -3.635499 3.772215 -0.964859 0.030973 -0.260936 0.494316 0.461942 1 0 1.000000
  0 5.190276 -3.635182 4.853272 -0.934228 0.042043 -0.354189 0.471911 0.461947 1 0 1.000000
  0 5.190276 -3.235519 4.900713 -0.934228 0.042043 -0.354189 0.470839 0.467967 1 0 1.000000
radio
  0 5.190276 -3.635182 4.853272 -0.934228 0.042043 -0.354189 0.471911 0.461947 1 0 1.000000
  0 4.750095 -3.235519 5.902901 -0.890701 0.053584 -0.451420 0.446674 0.467967 1 0 1.000000
  0 5.190276 -3.235519 4.900713 -0.934228 0.042043 -0.354189 0.470839 0.467967 1 0 1.000000
radio
  0 5.190276 -3.635182 4.853272 -0.934228 0.042043 -0.354189 0.471911 0.461947 1 0 1.000000
  0 4.750095 -3.634770 5.855509 -0.890701 0.053584 -0.451420 0.447760 0.461953 1 0 1.000000
  0 4.750095 -3.235519 5.902901 -0.890701 0.053584 -0.451420 0.446674 0.467967 1 0 1.000000
radio
  0 4.750095 -3.634770 5.855509 -0.890701 0.053584 -0.451420 0.447760 0.461953 1 0 1.000000
  0 4.225987 -3.235519 6.809109 -0.832975 0.065221 -0.549454 0.423022 0.467967 1 0 1.000000
  0 4.750095 -3.235519 5.902901 -0.890701 0.053584 -0.451420 0.446674 0.467967 1 0 1.000000
radio
  0 4.750095 -3.634770 5.855509 -0.890701 0.053584 -0.451420 0.447760 0.461953 1 0 1.000000
  0 4.225987 -3.634396 6.761762 -0.832975 0.065221 -0.549454 0.423995 0.461958 1 0 1.000000
  0 4.225987 -3.235519 6.809109 -0.832975 0.065221 -0.549454 0.423022 0.467967 1 0 1.000000
radio
  0 4.225987 -3.634396 6.761762 -0.832975 0.065221 -0.549454 0.423995 0.461958 1 0 1.000000
  0 3.631903 -3.235519 7.603832 -0.758256 0.076849 -0.647412 0.401693 0.467967 1 0 1.000000
  0 4.225987 -3.235519 6.809109 -0.832975 0.065221 -0.549454 0.423022 0.467967 1 0 1.000000
radio
  0 4.225987 -3.634396 6.761762 -0.832975 0.065221 -0.549454 0.423995 0.461958 1 0 1.000000
  0 3.631903 -3.634093 7.556521 -0.758256 0.076849 -0.647412 0.402478 0.461963 1 0 1.000000
  0 3.631903 -3.235519 7.603832 -0.758256 0.076849 -0.647412 0.401693 0.467967 1 0 1.000000
radio
  0 3.631903 -3.634093 7.556521 -0.758256 0.076849 -0.647412 0.402478 0.461963 1 0 1.000000
  0 2.981074 -3.235519 8.272944 -0.659119 0.088646 -0.746796 0.383379 0.467967 1 0 1.000000
  0 3.631903 -3.235519 7.603832 -0.758256 0.076849 -0.647412 0.401693 0.467967 1 0 1.000000
radio
  0 3.631903 -3.634093 7.556521 -0.758256 0.076849 -0.647412 0.402478 0.461963 1 0 1.000000
  0 2.981074 -3.633669 8.225684 -0.659119 0.088646 -0.746796 0.383964 0.461969 1 0 1.000000
  0 2.981074 -3.235519 8.272944 -0.659119 0.088646 -0.746796 0.383379 0.467967 1 0 1.000000
radio
  0 2.981074 -3.633669 8.225684 -0.659119 0.088646 -0.746796 0.383964 0.461969 1 0 1.000000
  0 2.283033 -3.235519 8.800194 -0.527977 0.100106 -0.843338 0.367813 0.467967 1 0 1.000000
  0 2.981074 -3.235519 8.272944 -0.659119 0.088646 -0.746796 0.383379 0.467967 1 0 1.000000
radio
  0 2.981074 -3.633669 8.225684 -0.659119 0.088646 -0.746796 0.383964 0.461969 1 0 1.000000
  0 2.283033 -3.632965 8.753016 -0.527977 0.100106 -0.843338 0.368220 0.461980 1 0 1.000000
  0 2.283033 -3.235519 8.800194 -0.527977 0.100106 -0.843338 0.367813 0.467967 1 0 1.000000
radio
  0 -2.272017 2.259368 11.823997 -0.309017 0.951056 0.000000 0.295635 0.570878 1 0 1.000000
  0 -2.471703 2.114287 13.398373 -0.809017 0.587785 0.000000 0.304190 0.646779 1 0 1.000000
  0 -2.272017 2.259368 13.398373 -0.309017 0.951056 0.000000 0.295635 0.646779 1 0 1.000000
radio
  0 -2.272017 2.259368 11.823997 -0.309017 0.951056 0.000000 0.295635 0.570878 1 0 1.000000
  0 -2.471703 2.114287 11.823997 -0.809017 0.587785 0.000000 0.304190 0.570878 1 0 1.000000
  0 -2.471703 2.114287 13.398373 -0.809017 0.587785 0.000000 0.304190 0.646779 1 0 1.000000
radio
  0 -2.471703 2.114287 11.823997 -0.809017 0.587785 0.000000 0.304190 0.570878 1 0 1.000000
  0 -2.547976 1.879542 13.398373 -1.000000 0.000000 0.000000 0.312744 0.646779 1 0 1.000000
  0 -2.471703 2.114287 13.398373 -0.809017 0.587785 0.000000 0.304190 0.646779 1 0 1.000000
radio
  0 -2.471703 2.114287 11.823997 -0.809017 0.587785 0.000000 0.304190 0.570878 1 0 1.000000
  0 -2.547976 1.879542 11.823997 -1.000000 0.000000 0.000000 0.312744 0.570878 1 0 1.000000
  0 -2.547976 1.879542 13.398373 -1.000000 0.000000 0.000000 0.312744 0.646779 1 0 1.000000
radio
  0 -2.547976 1.879542 11.823997 -1.000000 0.000000 0.000000 0.312744 0.570878 1 0 1.000000
  0 -2.471703 1.644796 13.398373 -0.809017 -0.587785 0.000000 0.321298 0.646779 1 0 1.000000
  0 -2.547976 1.879542 13.398373 -1.000000 0.000000 0.000000 0.312744 0.646779 1 0 1.000000
radio
  0 -2.547976 1.879542 11.823997 -1.000000 0.000000 0.000000 0.312744 0.570878 1 0 1.000000
  0 -2.471703 1.644796 11.823997 -0.809017 -0.587785 0.000000 0.321298 0.570878 1 0 1.000000
  0 -2.471703 1.644796 13.398373 -0.809017 -0.587785 0.000000 0.321298 0.646779 1 0 1.000000
radio
  0 -2.471703 1.644796 11.823997 -0.809017 -0.587785 0.000000 0.321298 0.570878 1 0 1.000000
  0 -2.272017 1.499716 13.398373 -0.309017 -0.951056 0.000000 0.329852 0.646779 1 0 1.000000
  0 -2.471703 1.644796 13.398373 -0.809017 -0.587785 0.000000 0.321298 0.646779 1 0 1.000000
radio
  0 -2.471703 1.644796 11.823997 -0.809017 -0.587785 0.000000 0.321298 0.570878 1 0 1.000000
  0 -2.272017 1.499716 11.823997 -0.309017 -0.951056 0.000000 0.329852 0.570878 1 0 1.000000
  0 -2.272017 1.499716 13.398373 -0.309017 -0.951056 0.000000 0.329852 0.646779 1 0 1.000000
radio
  0 -2.272017 1.499716 11.823997 -0.309017 -0.951056 0.000000 0.329852 0.570878 1 0 1.000000
  0 -2.025191 1.499716 13.398373 0.309017 -0.951056 0.000000 0.338406 0.646779 1 0 1.000000
  0 -2.272017 1.499716 13.398373 -0.309017 -0.951056 0.000000 0.329852 0.646779 1 0 1.000000
radio
  0 -2.272017 1.499716 11.823997 -0.309017 -0.951056 0.000000 0.329852 0.570878 1 0 1.000000
  0 -2.025191 1.499716 11.823997 0.309017 -0.951056 0.000000 0.338406 0.570878 1 0 1.000000
  0 -2.025191 1.499716 13.398373 0.309017 -0.951056 0.000000 0.338406 0.646779 1 0 1.000000
radio
  0 -2.025191 1.499716 11.823997 0.309017 -0.951056 0.000000 0.338406 0.570878 1 0 1.000000
  0 -1.825504 1.644796 13.398373 0.809017 -0.587785 0.000000 0.346961 0.646779 1 0 1.000000
  0 -2.025191 1.499716 13.398373 0.309017 -0.951056 0.000000 0.338406 0.646779 1 0 1.000000
radio
  0 -2.025191 1.499716 11.823997 0.309017 -0.951056 0.000000 0.338406 0.570878 1 0 1.000000
  0 -1.825504 1.644796 11.823997 0.809017 -0.587785 0.000000 0.346961 0.570878 1 0 1.000000
  0 -1.825504 1.644796 13.398373 0.809017 -0.587785 0.000000 0.346961 0.646779 1 0 1.000000
radio
  0 -1.825504 1.644796 11.823997 0.809017 -0.587785 0.000000 0.346961 0.570878 1 0 1.000000
  0 -1.749231 1.879542 13.398373 1.000000 0.000000 0.000000 0.355515 0.646779 1 0 1.000000
  0 -1.825504 1.644796 13.398373 0.809017 -0.587785 0.000000 0.346961 0.646779 1 0 1.000000
radio
  0 -1.825504 1.644796 11.823997 0.809017 -0.587785 0.000000 0.346961 0.570878 1 0 1.000000
  0 -1.749231 1.879542 11.823997 1.000000 0.000000 0.000000 0.355515 0.570878 1 0 1.000000
  0 -1.749231 1.879542 13.398373 1.000000 0.000000 0.000000 0.355515 0.646779 1 0 1.000000
radio
  0 -1.749231 1.879542 11.823997 1.000000 0.000000 0.000000 0.355515 0.570878 1 0 1.000000
  0 -1.825504 2.114287 13.398373 0.809017 0.587785 0.000000 0.364069 0.646779 1 0 1.000000
  0 -1.749231 1.879542 13.398373 1.000000 0.000000 0.000000 0.355515 0.646779 1 0 1.000000
radio
  0 -1.749231 1.879542 11.823997 1.000000 0.000000 0.000000 0.355515 0.570878 1 0 1.000000
  0 -1.825504 2.114287 11.823997 0.809017 0.587785 0.000000 0.364069 0.570878 1 0 1.000000
  0 -1.825504 2.114287 13.398373 0.809017 0.587785 0.000000 0.364069 0.646779 1 0 1.000000
radio
  0 -1.825504 2.114287 11.823997 0.809017 0.587785 0.000000 0.364069 0.570878 1 0 1.000000
  0 -2.025191 2.259368 13.398373 0.309017 0.951056 0.000000 0.372623 0.646779 1 0 1.000000
  0 -1.825504 2.114287 13.398373 0.809017 0.587785 0.000000 0.364069 0.646779 1 0 1.000000
radio
  0 -1.825504 2.114287 11.823997 0.809017 0.587785 0.000000 0.364069 0.570878 1 0 1.000000
  0 -2.025191 2.259368 11.823997 0.309017 0.951056 0.000000 0.372623 0.570878 1 0 1.000000
  0 -2.025191 2.259368 13.398373 0.309017 0.951056 0.000000 0.372623 0.646779 1 0 1.000000
radio
  0 -2.025191 2.259368 11.823997 0.309017 0.951056 0.000000 0.372623 0.570878 1 0 1.000000
  0 -2.272017 2.259368 13.398373 -0.309017 0.951056 0.000000 0.381177 0.646779 1 0 1.000000
  0 -2.025191 2.259368 13.398373 0.309017 0.951056 0.000000 0.372623 0.646779 1 0 1.000000
radio
  0 -2.025191 2.259368 11.823997 0.309017 0.951056 0.000000 0.372623 0.570878 1 0 1.000000
  0 -2.272017 2.259368 11.823997 -0.309017 0.951056 0.000000 0.381177 0.570878 1 0 1.000000
  0 -2.272017 2.259368 13.398373 -0.309017 0.951056 0.000000 0.381177 0.646779 1 0 1.000000
radio
  0 3.740822 0.723941 11.165599 0.309017 0.951056 0.000000 0.431093 0.499615 1 0 1.000000
  0 3.270376 0.723941 14.166334 -0.309017 0.951056 0.000000 0.442115 0.597410 1 0 1.000000
  0 3.740822 0.723941 14.166334 0.309017 0.951056 0.000000 0.431093 0.597410 1 0 1.000000
radio
  0 3.740822 0.723941 11.165599 0.309017 0.951056 0.000000 0.431093 0.499615 1 0 1.000000
  0 3.270376 0.723941 11.165599 -0.309017 0.951056 0.000000 0.442115 0.499615 1 0 1.000000
  0 3.270376 0.723941 14.166334 -0.309017 0.951056 0.000000 0.442115 0.597410 1 0 1.000000
radio
  0 3.270376 0.723941 11.165599 -0.309017 0.951056 0.000000 0.442115 0.499615 1 0 1.000000
  0 2.889778 0.447420 14.166334 -0.809017 0.587785 0.000000 0.453137 0.597410 1 0 1.000000
  0 3.270376 0.723941 14.166334 -0.309017 0.951056 0.000000 0.442115 0.597410 1 0 1.000000
radio
  0 3.270376 0.723941 11.165599 -0.309017 0.951056 0.000000 0.442115 0.499615 1 0 1.000000
  0 2.889778 0.447420 11.165599 -0.809017 0.587785 0.000000 0.453137 0.499615 1 0 1.000000
  0 2.889778 0.447420 14.166334 -0.809017 0.587785 0.000000 0.453137 0.597410 1 0 1.000000
radio
  0 2.889778 0.447420 11.165599 -0.809017 0.587785 0.000000 0.453137 0.499615 1 0 1.000000
  0 2.744402 -0.000001 14.166334 -1.000000 0.000000 0.000000 0.464159 0.597410 1 0 1.000000
  0 2.889778 0.447420 14.166334 -0.809017 0.587785 0.000000 0.453137 0.597410 1 0 1.000000
radio
  0 2.889778 0.447420 11.165599 -0.809017 0.587785 0.000000 0.453137 0.499615 1 0 1.000000
  0 2.744402 0.000000 11.165599 -1.000000 0.000000 0.000000 0.464159 0.499615 1 0 1.000000
  0 2.744402 -0.000001 14.166334 -1.000000 0.000000 0.000000 0.464159 0.597410 1 0 1.000000
radio
  0 2.744402 0.000000 11.165599 -1.000000 0.000000 0.000000 0.464159 0.499615 1 0 1.000000
  0 2.889778 -0.447421 14.166334 -0.809017 -0.587785 0.000000 0.475180 0.597410 1 0 1.000000
  0 2.744402 -0.000001 14.166334 -1.000000 0.000000 0.000000 0.464159 0.597410 1 0 1.000000
radio
  0 2.744402 0.000000 11.165599 -1.000000 0.000000 0.000000 0.464159 0.499615 1 0 1.000000
  0 2.889778 -0.447421 11.165599 -0.809017 -0.587785 0.000000 0.475180 0.499615 1 0 1.000000
  0 2.889778 -0.447421 14.166334 -0.809017 -0.587785 0.000000 0.475180 0.597410 1 0 1.000000
radio
  0 2.889778 -0.447421 11.165599 -0.809017 -0.587785 0.000000 0.475180 0.499615 1 0 1.000000
  0 3.270376 -0.723942 14.166334 -0.309017 -0.951056 0.000000 0.486202 0.597410 1 0 1.000000
  0 2.889778 -0.447421 14.166334 -0.809017 -0.587785 0.000000 0.475180 0.597410 1 0 1.000000
radio
  0 2.889778 -0.447421 11.165599 -0.809017 -0.587785 0.000000 0.475180 0.499615 1 0 1.000000
  0 3.270376 -0.723942 11.165599 -0.309017 -0.951056 0.000000 0.486202 0.499615 1 0 1.000000
  0 3.270376 -0.723942 14.166334 -0.309017 -0.951056 0.000000 0.486202 0.597410 1 0 1.000000
radio
  0 3.270376 -0.723942 11.165599 -0.309017 -0.951056 0.000000 0.486202 0.499615 1 0 1.000000
  0 3.740822 -0.723942 14.166334 0.309017 -0.951056 0.000000 0.497224 0.597410 1 0 1.000000
  0 3.270376 -0.723942 14.166334 -0.309017 -0.951056 0.000000 0.486202 0.597410 1 0 1.000000
radio
  0 3.270376 -0.723942 11.165599 -0.309017 -0.951056 0.000000 0.486202 0.499615 1 0 1.000000
  0 3.740822 -0.723942 11.165599 0.309017 -0.951056 0.000000 0.497224 0.499615 1 0 1.000000
  0 3.740822 -0.723942 14.166334 0.309017 -0.951056 0.000000 0.497224 0.597410 1 0 1.000000
radio
  0 3.740822 -0.723942 11.165599 0.309017 -0.951056 0.000000 0.497224 0.499615 1 0 1.000000
  0 4.121421 -0.447421 14.166334 0.809017 -0.587785 0.000000 0.508245 0.597410 1 0 1.000000
  0 3.740822 -0.723942 14.166334 0.309017 -0.951056 0.000000 0.497224 0.597410 1 0 1.000000
radio
  0 3.740822 -0.723942 11.165599 0.309017 -0.951056 0.000000 0.497224 0.499615 1 0 1.000000
  0 4.121421 -0.447421 11.165599 0.809017 -0.587785 0.000000 0.508245 0.499615 1 0 1.000000
  0 4.121421 -0.447421 14.166334 0.809017 -0.587785 0.000000 0.508245 0.597410 1 0 1.000000
radio
  0 4.121421 -0.447421 11.165599 0.809017 -0.587785 0.000000 0.508245 0.499615 1 0 1.000000
  0 4.266797 -0.000001 14.166334 1.000000 0.000000 0.000000 0.519267 0.597410 1 0 1.000000
  0 4.121421 -0.447421 14.166334 0.809017 -0.587785 0.000000 0.508245 0.597410 1 0 1.000000
radio
  0 4.121421 -0.447421 11.165599 0.809017 -0.587785 0.000000 0.508245 0.499615 1 0 1.000000
  0 4.266797 0.000000 11.165599 1.000000 0.000000 0.000000 0.519267 0.499615 1 0 1.000000
  0 4.266797 -0.000001 14.166334 1.000000 0.000000 0.000000 0.519267 0.597410 1 0 1.000000
radio
  0 4.266797 0.000000 11.165599 1.000000 0.000000 0.000000 0.519267 0.499615 1 0 1.000000
  0 4.121421 0.447420 14.166334 0.809017 0.587785 0.000000 0.530289 0.597410 1 0 1.000000
  0 4.266797 -0.000001 14.166334 1.000000 0.000000 0.000000 0.519267 0.597410 1 0 1.000000
radio
  0 4.266797 0.000000 11.165599 1.000000 0.000000 0.000000 0.519267 0.499615 1 0 1.000000
  0 4.121421 0.447420 11.165599 0.809017 0.587785 0.000000 0.530289 0.499615 1 0 1.000000
  0 4.121421 0.447420 14.166334 0.809017 0.587785 0.000000 0.530289 0.597410 1 0 1.000000
radio
  0 4.121421 0.447420 11.165599 0.809017 0.587785 0.000000 0.530289 0.499615 1 0 1.000000
  0 3.740822 0.723941 14.166334 0.309017 0.951056 0.000000 0.541311 0.597410 1 0 1.000000
  0 4.121421 0.447420 14.166334 0.809017 0.587785 0.000000 0.530289 0.597410 1 0 1.000000
radio
  0 4.121421 0.447420 11.165599 0.809017 0.587785 0.000000 0.530289 0.499615 1 0 1.000000
  0 3.740822 0.723941 11.165599 0.309017 0.951056 0.000000 0.541311 0.499615 1 0 1.000000
  0 3.740822 0.723941 14.166334 0.309017 0.951056 0.000000 0.541311 0.597410 1 0 1.000000
radio
  0 3.191499 0.966700 9.573641 -0.309017 0.951056 0.000000 0.124912 0.485823 1 0 1.000000
  0 2.683275 0.597453 13.580610 -0.809017 0.587785 0.000000 0.141621 0.634078 1 0 1.000000
  0 3.191499 0.966700 13.580610 -0.309017 0.951056 0.000000 0.124912 0.634078 1 0 1.000000
radio
  0 3.191499 0.966700 9.573641 -0.309017 0.951056 0.000000 0.124912 0.485823 1 0 1.000000
  0 2.683275 0.597453 9.573641 -0.809017 0.587785 0.000000 0.141621 0.485823 1 0 1.000000
  0 2.683275 0.597453 13.580610 -0.809017 0.587785 0.000000 0.141621 0.634078 1 0 1.000000
radio
  0 2.683275 0.597453 9.573641 -0.809017 0.587785 0.000000 0.141621 0.485823 1 0 1.000000
  0 2.489150 -0.000001 13.580610 -1.000000 0.000000 0.000000 0.158329 0.634078 1 0 1.000000
  0 2.683275 0.597453 13.580610 -0.809017 0.587785 0.000000 0.141621 0.634078 1 0 1.000000
radio
  0 2.683275 0.597453 9.573641 -0.809017 0.587785 0.000000 0.141621 0.485823 1 0 1.000000
  0 2.489150 0.000000 9.573641 -1.000000 0.000000 0.000000 0.158329 0.485823 1 0 1.000000
  0 2.489150 -0.000001 13.580610 -1.000000 0.000000 0.000000 0.158329 0.634078 1 0 1.000000
radio
  0 2.489150 0.000000 9.573641 -1.000000 0.000000 0.000000 0.158329 0.485823 1 0 1.000000
  0 2.683275 -0.597454 13.580610 -0.809017 -0.587785 0.000000 0.175038 0.634078 1 0 1.000000
  0 2.489150 -0.000001 13.580610 -1.000000 0.000000 0.000000 0.158329 0.634078 1 0 1.000000
radio
  0 2.489150 0.000000 9.573641 -1.000000 0.000000 0.000000 0.158329 0.485823 1 0 1.000000
  0 2.683275 -0.597454 9.573641 -0.809017 -0.587785 0.000000 0.175038 0.485823 1 0 1.000000
  0 2.683275 -0.597454 13.580610 -0.809017 -0.587785 0.000000 0.175038 0.634078 1 0 1.000000
radio
  0 2.683275 -0.597454 9.573641 -0.809017 -0.587785 0.000000 0.175038 0.485823 1 0 1.000000
  0 3.191499 -0.966701 13.580610 -0.309017 -0.951056 0.000000 0.191747 0.634078 1 0 1.000000
  0 2.683275 -0.597454 13.580610 -0.809017 -0.587785 0.000000 0.175038 0.634078 1 0 1.000000
radio
  0 2.683275 -0.597454 9.573641 -0.809017 -0.587785 0.000000 0.175038 0.485823 1 0 1.000000
  0 3.191499 -0.966701 9.573641 -0.309017 -0.951056 0.000000 0.191747 0.485823 1 0 1.000000
  0 3.191499 -0.966701 13.580610 -0.309017 -0.951056 0.000000 0.191747 0.634078 1 0 1.000000
radio
  0 3.191499 -0.966701 9.573641 -0.309017 -0.951056 0.000000 0.191747 0.485823 1 0 1.000000
  0 3.819699 -0.966701 13.580610 0.309017 -0.951056 0.000000 0.208455 0.634078 1 0 1.000000
  0 3.191499 -0.966701 13.580610 -0.309017 -0.951056 0.000000 0.191747 0.634078 1 0 1.000000
radio
  0 3.191499 -0.966701 9.573641 -0.309017 -0.951056 0.000000 0.191747 0.485823 1 0 1.000000
  0 3.819699 -0.966701 9.573641 0.309017 -0.951056 0.000000 0.208455 0.485823 1 0 1.000000
  0 3.819699 -0.966701 13.580610 0.309017 -0.951056 0.000000 0.208455 0.634078 1 0 1.000000
radio
  0 3.819699 -0.966701 9.573641 0.309017 -0.951056 0.000000 0.208455 0.485823 1 0 1.000000
  0 4.327924 -0.597454 13.580610 0.809017 -0.587785 0.000000 0.225164 0.634078 1 0 1.000000
  0 3.819699 -0.966701 13.580610 0.309017 -0.951056 0.000000 0.208455 0.634078 1 0 1.000000
radio
  0 3.819699 -0.966701 9.573641 0.309017 -0.951056 0.000000 0.208455 0.485823 1 0 1.000000
  0 4.327924 -0.597454 9.573641 0.809017 -0.587785 0.000000 0.225164 0.485823 1 0 1.000000
  0 4.327924 -0.597454 13.580610 0.809017 -0.587785 0.000000 0.225164 0.634078 1 0 1.000000
radio
  0 4.327924 -0.597454 9.573641 0.809017 -0.587785 0.000000 0.225164 0.485823 1 0 1.000000
  0 4.522048 -0.000001 13.580610 1.000000 0.000000 0.000000 0.241873 0.634078 1 0 1.000000
  0 4.327924 -0.597454 13.580610 0.809017 -0.587785 0.000000 0.225164 0.634078 1 0 1.000000
radio
  0 4.327924 -0.597454 9.573641 0.809017 -0.587785 0.000000 0.225164 0.485823 1 0 1.000000
  0 4.522048 0.000000 9.573641 1.000000 0.000000 0.000000 0.241873 0.485823 1 0 1.000000
  0 4.522048 -0.000001 13.580610 1.000000 0.000000 0.000000 0.241873 0.634078 1 0 1.000000
radio
  0 4.522048 0.000000 9.573641 1.000000 0.000000 0.000000 0.241873 0.485823 1 0 1.000000
  0 4.327924 0.597453 13.580610 0.809017 0.587785 0.000000 0.258582 0.634078 1 0 1.000000
  0 4.522048 -0.000001 13.580610 1.000000 0.000000 0.000000 0.241873 0.634078 1 0 1.000000
radio
  0 4.522048 0.000000 9.573641 1.000000 0.000000 0.000000 0.241873 0.485823 1 0 1.000000
  0 4.327924 0.597453 9.573641 0.809017 0.587785 0.000000 0.258582 0.485823 1 0 1.000000
  0 4.327924 0.597453 13.580610 0.809017 0.587785 0.000000 0.258582 0.634078 1 0 1.000000
radio
  0 4.327924 0.597453 9.573641 0.809017 0.587785 0.000000 0.258582 0.485823 1 0 1.000000
  0 3.819699 0.966700 13.580610 0.309017 0.951056 0.000000 0.275291 0.634078 1 0 1.000000
  0 4.327924 0.597453 13.580610 0.809017 0.587785 0.000000 0.258582 0.634078 1 0 1.000000
radio
  0 4.327924 0.597453 9.573641 0.809017 0.587785 0.000000 0.258582 0.485823 1 0 1.000000
  0 3.819699 0.966700 9.573641 0.309017 0.951056 0.000000 0.275291 0.485823 1 0 1.000000
  0 3.819699 0.966700 13.580610 0.309017 0.951056 0.000000 0.275291 0.634078 1 0 1.000000
radio
  0 3.819699 0.966700 9.573641 0.309017 0.951056 0.000000 0.275291 0.485823 1 0 1.000000
  0 3.191499 0.966700 13.580610 -0.309017 0.951056 0.000000 0.292000 0.634078 1 0 1.000000
  0 3.819699 0.966700 13.580610 0.309017 0.951056 0.000000 0.275291 0.634078 1 0 1.000000
radio
  0 3.819699 0.966700 9.573641 0.309017 0.951056 0.000000 0.275291 0.485823 1 0 1.000000
  0 3.191499 0.966700 9.573641 -0.309017 0.951056 0.000000 0.292000 0.485823 1 0 1.000000
  0 3.191499 0.966700 13.580610 -0.309017 0.951056 0.000000 0.292000 0.634078 1 0 1.000000
radio
  0 -2.025449 1.969018 12.422202 0.809017 0.587785 0.000503 0.556274 0.355833 1 0 1.000000
  0 -2.101563 2.024318 12.422202 0.309017 0.951056 0.000503 0.557472 0.355833 1 0 1.000000
  0 -2.104425 2.015507 30.843733 0.309017 0.951056 0.000503 0.557472 0.682037 1 0 1.000000
radio
  0 -2.025449 1.969018 12.422202 0.809017 0.587785 0.000503 0.556274 0.355833 1 0 1.000000
  0 -2.104425 2.015507 30.843733 0.309017 0.951056 0.000503 0.557472 0.682037 1 0 1.000000
  0 -2.032944 1.963573 30.843733 0.809017 0.587785 0.000503 0.556274 0.682037 1 0 1.000000
radio
  0 -1.996376 1.879542 12.422202 1.000000 0.000000 0.000503 0.555077 0.355833 1 0 1.000000
  0 -2.025449 1.969018 12.422202 0.809017 0.587785 0.000503 0.556274 0.355833 1 0 1.000000
  0 -2.032944 1.963573 30.843733 0.809017 0.587785 0.000503 0.556274 0.682037 1 0 1.000000
radio
  0 -1.996376 1.879542 12.422202 1.000000 0.000000 0.000503 0.555077 0.355833 1 0 1.000000
  0 -2.032944 1.963573 30.843733 0.809017 0.587785 0.000503 0.556274 0.682037 1 0 1.000000
  0 -2.005640 1.879541 30.843733 1.000000 0.000000 0.000503 0.555077 0.682037 1 0 1.000000
radio
  0 -2.025449 1.790065 12.422202 0.809017 -0.587785 0.000503 0.553879 0.355833 1 0 1.000000
  0 -1.996376 1.879542 12.422202 1.000000 0.000000 0.000503 0.555077 0.355833 1 0 1.000000
  0 -2.005640 1.879541 30.843733 1.000000 0.000000 0.000503 0.555077 0.682037 1 0 1.000000
radio
  0 -2.025449 1.790065 12.422202 0.809017 -0.587785 0.000503 0.553879 0.355833 1 0 1.000000
  0 -2.005640 1.879541 30.843733 1.000000 0.000000 0.000503 0.555077 0.682037 1 0 1.000000
  0 -2.032944 1.795509 30.843733 0.809017 -0.587785 0.000503 0.553879 0.682037 1 0 1.000000
radio
  0 -2.101563 1.734765 12.422202 0.309017 -0.951056 0.000503 0.552681 0.355833 1 0 1.000000
  0 -2.025449 1.790065 12.422202 0.809017 -0.587785 0.000503 0.553879 0.355833 1 0 1.000000
  0 -2.032944 1.795509 30.843733 0.809017 -0.587785 0.000503 0.553879 0.682037 1 0 1.000000
radio
  0 -2.101563 1.734765 12.422202 0.309017 -0.951056 0.000503 0.552681 0.355833 1 0 1.000000
  0 -2.032944 1.795509 30.843733 0.809017 -0.587785 0.000503 0.553879 0.682037 1 0 1.000000
  0 -2.104425 1.743574 30.843733 0.309017 -0.951056 0.000503 0.552681 0.682037 1 0 1.000000
radio
  0 -2.195644 1.734765 12.422202 -0.309017 -0.951056 0.000503 0.551483 0.355833 1 0 1.000000
  0 -2.101563 1.734765 12.422202 0.309017 -0.951056 0.000503 0.552681 0.355833 1 0 1.000000
  0 -2.104425 1.743574 30.843733 0.309017 -0.951056 0.000503 0.552681 0.682037 1 0 1.000000
radio
  0 -2.195644 1.734765 12.422202 -0.309017 -0.951056 0.000503 0.551483 0.355833 1 0 1.000000
  0 -2.104425 1.743574 30.843733 0.309017 -0.951056 0.000503 0.552681 0.682037 1 0 1.000000
  0 -2.192782 1.743574 30.843733 -0.309017 -0.951056 0.000503 0.551483 0.682037 1 0 1.000000
radio
  0 -2.271758 1.790065 12.422202 -0.809017 -0.587785 0.000503 0.550286 0.355833 1 0 1.000000
  0 -2.195644 1.734765 12.422202 -0.309017 -0.951056 0.000503 0.551483 0.355833 1 0 1.000000
  0 -2.192782 1.743574 30.843733 -0.309017 -0.951056 0.000503 0.551483 0.682037 1 0 1.000000
radio
  0 -2.271758 1.790065 12.422202 -0.809017 -0.587785 0.000503 0.550286 0.355833 1 0 1.000000
  0 -2.192782 1.743574 30.843733 -0.309017 -0.951056 0.000503 0.551483 0.682037 1 0 1.000000
  0 -2.264264 1.795509 30.843733 -0.809017 -0.587785 0.000503 0.550286 0.682037 1 0 1.000000
radio
  0 -2.271758 1.790065 12.422202 -0.809017 -0.587785 0.000503 0.550286 0.355833 1 0 1.000000
  0 -2.264264 1.795509 30.843733 -0.809017 -0.587785 0.000503 0.550286 0.682037 1 0 1.000000
  0 -2.291567 1.879541 30.843733 -1.000000 0.000000 0.000503 0.549088 0.682037 1 0 1.000000
radio
  0 -2.271758 1.790065 12.422202 -0.809017 -0.587785 0.000503 0.550286 0.355833 1 0 1.000000
  0 -2.291567 1.879541 30.843733 -1.000000 0.000000 0.000503 0.549088 0.682037 1 0 1.000000
  0 -2.300831 1.879542 12.422202 -1.000000 0.000000 0.000503 0.549088 0.355833 1 0 1.000000
radio
  0 -2.264264 1.963573 30.843733 -0.809017 0.587785 0.000503 0.547891 0.682037 1 0 1.000000
  0 -2.300831 1.879542 12.422202 -1.000000 0.000000 0.000503 0.549088 0.355833 1 0 1.000000
  0 -2.291567 1.879541 30.843733 -1.000000 0.000000 0.000503 0.549088 0.682037 1 0 1.000000
radio
  0 -2.264264 1.963573 30.843733 -0.809017 0.587785 0.000503 0.547891 0.682037 1 0 1.000000
  0 -2.271758 1.969018 12.422202 -0.809017 0.587785 0.000503 0.547891 0.355833 1 0 1.000000
  0 -2.300831 1.879542 12.422202 -1.000000 0.000000 0.000503 0.549088 0.355833 1 0 1.000000
radio
  0 -2.192782 2.015507 30.843733 -0.309017 0.951056 0.000503 0.546693 0.682037 1 0 1.000000
  0 -2.271758 1.969018 12.422202 -0.809017 0.587785 0.000503 0.547891 0.355833 1 0 1.000000
  0 -2.264264 1.963573 30.843733 -0.809017 0.587785 0.000503 0.547891 0.682037 1 0 1.000000
radio
  0 -2.192782 2.015507 30.843733 -0.309017 0.951056 0.000503 0.546693 0.682037 1 0 1.000000
  0 -2.195644 2.024318 12.422202 -0.309017 0.951056 0.000503 0.546693 0.355833 1 0 1.000000
  0 -2.271758 1.969018 12.422202 -0.809017 0.587785 0.000503 0.547891 0.355833 1 0 1.000000
radio
  0 -2.104425 2.015507 30.843733 0.309017 0.951056 0.000503 0.545495 0.682037 1 0 1.000000
  0 -2.195644 2.024318 12.422202 -0.309017 0.951056 0.000503 0.546693 0.355833 1 0 1.000000
  0 -2.192782 2.015507 30.843733 -0.309017 0.951056 0.000503 0.546693 0.682037 1 0 1.000000
radio
  0 -2.104425 2.015507 30.843733 0.309017 0.951056 0.000503 0.545495 0.682037 1 0 1.000000
  0 -2.101563 2.024318 12.422202 0.309017 0.951056 0.000503 0.545495 0.355833 1 0 1.000000
  0 -2.195644 2.024318 12.422202 -0.309017 0.951056 0.000503 0.546693 0.355833 1 0 1.000000
radio
  0 2.831356 -4.732355 0.033511 0.000000 0.000000 -1.000000 0.854197 0.440178 1 0 1.000000
  0 0.000000 -4.899294 0.033511 0.000000 0.000000 -1.000000 0.857112 0.525018 1 0 1.000000
  0 0.000000 0.000000 0.033511 0.000000 0.000000 -1.000000 0.710561 0.521425 1 0 1.000000
radio
  0 0.000000 -4.899294 0.033511 0.000000 0.000000 -1.000000 0.857112 0.525018 1 0 1.000000
  0 -2.831356 -4.732355 0.033511 0.000000 0.000000 -1.000000 0.850038 0.609613 1 0 1.000000
  0 0.000000 0.000000 0.033511 0.000000 0.000000 -1.000000 0.710561 0.521425 1 0 1.000000
radio
  0 -2.831356 -4.732355 0.033511 0.000000 0.000000 -1.000000 0.850038 0.609613 1 0 1.000000
  0 -5.469760 -4.242913 0.033511 0.000000 0.000000 -1.000000 0.833455 0.688197 1 0 1.000000
  0 0.000000 0.000000 0.033511 0.000000 0.000000 -1.000000 0.710561 0.521425 1 0 1.000000
radio
  0 -5.469760 -4.242913 0.033511 0.000000 0.000000 -1.000000 0.833455 0.688197 1 0 1.000000
  0 -7.735409 -3.464324 0.033511 0.000000 0.000000 -1.000000 0.808494 0.755416 1 0 1.000000
  0 0.000000 0.000000 0.033511 0.000000 0.000000 -1.000000 0.710561 0.521425 1 0 1.000000
radio
  0 -7.735409 -3.464324 0.033511 0.000000 0.000000 -1.000000 0.808494 0.755416 1 0 1.000000
  0 -9.473903 -2.449647 0.033511 0.000000 0.000000 -1.000000 0.776857 0.806688 1 0 1.000000
  0 0.000000 0.000000 0.033511 0.000000 0.000000 -1.000000 0.710561 0.521425 1 0 1.000000
radio
  0 -9.473903 -2.449647 0.033511 0.000000 0.000000 -1.000000 0.776857 0.806688 1 0 1.000000
  0 -10.566765 -1.268031 0.033511 0.000000 0.000000 -1.000000 0.740699 0.838520 1 0 1.000000
  0 0.000000 0.000000 0.033511 0.000000 0.000000 -1.000000 0.710561 0.521425 1 0 1.000000
radio
  0 -10.566765 -1.268031 0.033511 0.000000 0.000000 -1.000000 0.740699 0.838520 1 0 1.000000
  0 -10.939520 0.000000 0.033511 0.000000 0.000000 -1.000000 0.702485 0.848742 1 0 1.000000
  0 0.000000 0.000000 0.033511 0.000000 0.000000 -1.000000 0.710561 0.521425 1 0 1.000000
radio
  0 -10.939520 0.000000 0.033511 0.000000 0.000000 -1.000000 0.702485 0.848742 1 0 1.000000
  0 -10.566765 1.268031 0.033511 0.000000 0.000000 -1.000000 0.664817 0.836657 1 0 1.000000
  0 0.000000 0.000000 0.033511 0.000000 0.000000 -1.000000 0.710561 0.521425 1 0 1.000000
radio
  0 -10.566765 1.268031 0.033511 0.000000 0.000000 -1.000000 0.664817 0.836657 1 0 1.000000
  0 -9.473903 2.449647 0.033511 0.000000 0.000000 -1.000000 0.630265 0.803089 1 0 1.000000
  0 0.000000 0.000000 0.033511 0.000000 0.000000 -1.000000 0.710561 0.521425 1 0 1.000000
radio
  0 -9.473903 2.449647 0.033511 0.000000 0.000000 -1.000000 0.630265 0.803089 1 0 1.000000
  0 -7.735409 3.464324 0.033512 0.000000 0.000000 -1.000000 0.601181 0.750327 1 0 1.000000
  0 0.000000 0.000000 0.033511 0.000000 0.000000 -1.000000 0.710561 0.521425 1 0 1.000000
radio
  0 -7.735409 3.464324 0.033512 0.000000 0.000000 -1.000000 0.601181 0.750327 1 0 1.000000
  0 -5.469760 4.242913 0.033512 0.000000 0.000000 -1.000000 0.579549 0.681964 1 0 1.000000
  0 0.000000 0.000000 0.033511 0.000000 0.000000 -1.000000 0.710561 0.521425 1 0 1.000000
radio
  0 -5.469760 4.242913 0.033512 0.000000 0.000000 -1.000000 0.579549 0.681964 1 0 1.000000
  0 -2.831356 4.732355 0.033512 0.000000 0.000000 -1.000000 0.566843 0.602661 1 0 1.000000
  0 0.000000 0.000000 0.033511 0.000000 0.000000 -1.000000 0.710561 0.521425 1 0 1.000000
radio
  0 -2.831356 4.732355 0.033512 0.000000 0.000000 -1.000000 0.566843 0.602661 1 0 1.000000
  0 0.000000 4.899294 0.033512 0.000000 0.000000 -1.000000 0.563927 0.517821 1 0 1.000000
  0 0.000000 0.000000 0.033511 0.000000 0.000000 -1.000000 0.710561 0.521425 1 0 1.000000
radio
  0 0.000000 4.899294 0.033512 0.000000 0.000000 -1.000000 0.563927 0.517821 1 0 1.000000
  0 2.831356 4.732355 0.033512 0.000000 0.000000 -1.000000 0.571002 0.433226 1 0 1.000000
  0 0.000000 0.000000 0.033511 0.000000 0.000000 -1.000000 0.710561 0.521425 1 0 1.000000
radio
  0 2.831356 4.732355 0.033512 0.000000 0.000000 -1.000000 0.571002 0.433226 1 0 1.000000
  0 5.469760 4.242913 0.033512 0.000000 0.000000 -1.000000 0.587585 0.354642 1 0 1.000000
  0 0.000000 0.000000 0.033511 0.000000 0.000000 -1.000000 0.710561 0.521425 1 0 1.000000
radio
  0 5.469760 4.242913 0.033512 0.000000 0.000000 -1.000000 0.587585 0.354642 1 0 1.000000
  0 7.735409 3.464324 0.033512 0.000000 0.000000 -1.000000 0.612545 0.287423 1 0 1.000000
  0 0.000000 0.000000 0.033511 0.000000 0.000000 -1.000000 0.710561 0.521425 1 0 1.000000
radio
  0 7.735409 3.464324 0.033512 0.000000 0.000000 -1.000000 0.612545 0.287423 1 0 1.000000
  0 9.473903 2.449647 0.033511 0.000000 0.000000 -1.000000 0.644182 0.236151 1 0 1.000000
  0 0.000000 0.000000 0.033511 0.000000 0.000000 -1.000000 0.710561 0.521425 1 0 1.000000
radio
  0 9.473903 2.449647 0.033511 0.000000 0.000000 -1.000000 0.644182 0.236151 1 0 1.000000
  0 10.566765 1.268031 0.033511 0.000000 0.000000 -1.000000 0.680340 0.204319 1 0 1.000000
  0 0.000000 0.000000 0.033511 0.000000 0.000000 -1.000000 0.710561 0.521425 1 0 1.000000
radio
  0 10.566765 1.268031 0.033511 0.000000 0.000000 -1.000000 0.680340 0.204319 1 0 1.000000
  0 10.939520 0.000000 0.033511 0.000000 0.000000 -1.000000 0.718555 0.194097 1 0 1.000000
  0 0.000000 0.000000 0.033511 0.000000 0.000000 -1.000000 0.710561 0.521425 1 0 1.000000
radio
  0 10.939520 0.000000 0.033511 0.000000 0.000000 -1.000000 0.718555 0.194097 1 0 1.000000
  0 10.566765 -1.268031 0.033511 0.000000 0.000000 -1.000000 0.756222 0.206182 1 0 1.000000
  0 0.000000 0.000000 0.033511 0.000000 0.000000 -1.000000 0.710561 0.521425 1 0 1.000000
radio
  0 10.566765 -1.268031 0.033511 0.000000 0.000000 -1.000000 0.756222 0.206182 1 0 1.000000
  0 9.473903 -2.449647 0.033511 0.000000 0.000000 -1.000000 0.790775 0.239749 1 0 1.000000
  0 0.000000 0.000000 0.033511 0.000000 0.000000 -1.000000 0.710561 0.521425 1 0 1.000000
radio
  0 9.473903 -2.449647 0.033511 0.000000 0.000000 -1.000000 0.790775 0.239749 1 0 1.000000
  0 7.735409 -3.464324 0.033511 0.000000 0.000000 -1.000000 0.819858 0.292512 1 0 1.000000
  0 0.000000 0.000000 0.033511 0.000000 0.000000 -1.000000 0.710561 0.521425 1 0 1.000000
radio
  0 7.735409 -3.464324 0.033511 0.000000 0.000000 -1.000000 0.819858 0.292512 1 0 1.000000
  0 5.469760 -4.242913 0.033511 0.000000 0.000000 -1.000000 0.841490 0.360875 1 0 1.000000
  0 0.000000 0.000000 0.033511 0.000000 0.000000 -1.000000 0.710561 0.521425 1 0 1.000000
radio
  0 5.469760 -4.242913 0.033511 0.000000 0.000000 -1.000000 0.841490 0.360875 1 0 1.000000
  0 2.831356 -4.732355 0.033511 0.000000 0.000000 -1.000000 0.854197 0.440178 1 0 1.000000
  0 0.000000 0.000000 0.033511 0.000000 0.000000 -1.000000 0.710561 0.521425 1 0 1.000000
radio
  0 10.683707 0.000000 0.763750 0.294367 0.000000 0.955692 0.718555 0.194097 1 0 1.000000
  0 10.566765 -1.268031 0.684956 0.281248 -0.167292 0.944941 0.679507 0.196411 1 0 1.000000
  0 10.939520 0.000000 0.684956 0.294367 0.000000 0.955692 0.718674 0.185935 1 0 1.000000
radio
  0 10.683707 0.000000 0.763750 0.294367 0.000000 0.955692 0.718555 0.194097 1 0 1.000000
  0 10.319669 -1.238379 0.763750 0.281248 -0.167292 0.944941 0.680340 0.204319 1 0 1.000000
  0 10.566765 -1.268031 0.684956 0.281248 -0.167292 0.944941 0.679507 0.196411 1 0 1.000000
radio
  0 10.319669 -1.238379 0.763750 0.281248 -0.167292 0.944941 0.680340 0.204319 1 0 1.000000
  0 9.473903 -2.449647 0.684956 0.245004 -0.314118 0.917226 0.642449 0.229036 1 0 1.000000
  0 10.566765 -1.268031 0.684956 0.281248 -0.167292 0.944941 0.679507 0.196411 1 0 1.000000
radio
  0 10.319669 -1.238379 0.763750 0.281248 -0.167292 0.944941 0.680340 0.204319 1 0 1.000000
  0 9.252361 -2.392364 0.763750 0.245004 -0.314118 0.917226 0.644182 0.236151 1 0 1.000000
  0 9.473903 -2.449647 0.684956 0.245004 -0.314118 0.917226 0.642449 0.229036 1 0 1.000000
radio
  0 9.252361 -2.392364 0.763750 0.245004 -0.314118 0.917226 0.644182 0.236151 1 0 1.000000
  0 7.735409 -3.464324 0.684956 0.192774 -0.428257 0.882855 0.610024 0.281585 1 0 1.000000
  0 9.473903 -2.449647 0.684956 0.245004 -0.314118 0.917226 0.642449 0.229036 1 0 1.000000
radio
  0 9.252361 -2.392364 0.763750 0.245004 -0.314118 0.917226 0.644182 0.236151 1 0 1.000000
  0 7.554522 -3.383313 0.763750 0.192774 -0.428257 0.882855 0.612545 0.287423 1 0 1.000000
  0 7.735409 -3.464324 0.684956 0.192774 -0.428257 0.882855 0.610024 0.281585 1 0 1.000000
radio
  0 7.554522 -3.383313 0.763750 0.192774 -0.428257 0.882855 0.612545 0.287423 1 0 1.000000
  0 5.469760 -4.242913 0.684956 0.131671 -0.506824 0.851934 0.584442 0.350477 1 0 1.000000
  0 7.735409 -3.464324 0.684956 0.192774 -0.428257 0.882855 0.610024 0.281585 1 0 1.000000
radio
  0 7.554522 -3.383313 0.763750 0.192774 -0.428257 0.882855 0.612545 0.287423 1 0 1.000000
  0 5.341854 -4.143696 0.763750 0.131671 -0.506824 0.851934 0.587585 0.354642 1 0 1.000000
  0 5.469760 -4.242913 0.684956 0.131671 -0.506824 0.851934 0.584442 0.350477 1 0 1.000000
radio
  0 5.341854 -4.143696 0.763750 0.131671 -0.506824 0.851934 0.587585 0.354642 1 0 1.000000
  0 2.831356 -4.732355 0.684956 0.066541 -0.552006 0.831181 0.567446 0.431019 1 0 1.000000
  0 5.469760 -4.242913 0.684956 0.131671 -0.506824 0.851934 0.584442 0.350477 1 0 1.000000
radio
  0 5.341854 -4.143696 0.763750 0.131671 -0.506824 0.851934 0.587585 0.354642 1 0 1.000000
  0 2.765147 -4.621692 0.763750 0.066541 -0.552006 0.831181 0.571002 0.433226 1 0 1.000000
  0 2.831356 -4.732355 0.684956 0.066541 -0.552006 0.831181 0.567446 0.431019 1 0 1.000000
radio
  0 2.765147 -4.621692 0.763750 0.066541 -0.552006 0.831181 0.571002 0.433226 1 0 1.000000
  0 0.000000 -4.899294 0.684956 0.000000 -0.566674 0.823942 0.560195 0.517720 1 0 1.000000
  0 2.831356 -4.732355 0.684956 0.066541 -0.552006 0.831181 0.567446 0.431019 1 0 1.000000
radio
  0 2.765147 -4.621692 0.763750 0.066541 -0.552006 0.831181 0.571002 0.433226 1 0 1.000000
  0 0.000000 -4.784728 0.763750 0.000000 -0.566674 0.823942 0.563927 0.517821 1 0 1.000000
  0 0.000000 -4.899294 0.684956 0.000000 -0.566674 0.823942 0.560195 0.517720 1 0 1.000000
radio
  0 0.000000 -4.784728 0.763750 0.000000 -0.566674 0.823942 0.563927 0.517821 1 0 1.000000
  0 -2.831356 -4.732355 0.684956 -0.066541 -0.552006 0.831181 0.563183 0.604672 1 0 1.000000
  0 0.000000 -4.899294 0.684956 0.000000 -0.566674 0.823942 0.560195 0.517720 1 0 1.000000
radio
  0 0.000000 -4.784728 0.763750 0.000000 -0.566674 0.823942 0.563927 0.517821 1 0 1.000000
  0 -2.765147 -4.621692 0.763750 -0.066541 -0.552006 0.831181 0.566843 0.602661 1 0 1.000000
  0 -2.831356 -4.732355 0.684956 -0.066541 -0.552006 0.831181 0.563183 0.604672 1 0 1.000000
radio
  0 -2.765147 -4.621692 0.763750 -0.066541 -0.552006 0.831181 0.566843 0.602661 1 0 1.000000
  0 -5.469760 -4.242913 0.684956 -0.131671 -0.506824 0.851934 0.576206 0.685951 1 0 1.000000
  0 -2.831356 -4.732355 0.684956 -0.066541 -0.552006 0.831181 0.563183 0.604672 1 0 1.000000
radio
  0 -2.765147 -4.621692 0.763750 -0.066541 -0.552006 0.831181 0.566843 0.602661 1 0 1.000000
  0 -5.341854 -4.143696 0.763750 -0.131671 -0.506824 0.851934 0.579549 0.681964 1 0 1.000000
  0 -5.469760 -4.242913 0.684956 -0.131671 -0.506824 0.851934 0.576206 0.685951 1 0 1.000000
radio
  0 -5.341854 -4.143696 0.763750 -0.131671 -0.506824 0.851934 0.579549 0.681964 1 0 1.000000
  0 -7.735409 -3.464324 0.684956 -0.192774 -0.428257 0.882855 0.598377 0.756016 1 0 1.000000
  0 -5.469760 -4.242913 0.684956 -0.131671 -0.506824 0.851934 0.576206 0.685951 1 0 1.000000
radio
  0 -5.341854 -4.143696 0.763750 -0.131671 -0.506824 0.851934 0.579549 0.681964 1 0 1.000000
  0 -7.554522 -3.383313 0.763750 -0.192774 -0.428257 0.882855 0.601181 0.750327 1 0 1.000000
  0 -7.735409 -3.464324 0.684956 -0.192774 -0.428257 0.882855 0.598377 0.756016 1 0 1.000000
radio
  0 -7.554522 -3.383313 0.763750 -0.192774 -0.428257 0.882855 0.601181 0.750327 1 0 1.000000
  0 -9.473903 -2.449647 0.684956 -0.245004 -0.314118 0.917226 0.628185 0.810092 1 0 1.000000
  0 -7.735409 -3.464324 0.684956 -0.192774 -0.428257 0.882855 0.598377 0.756016 1 0 1.000000
radio
  0 -7.554522 -3.383313 0.763750 -0.192774 -0.428257 0.882855 0.601181 0.750327 1 0 1.000000
  0 -9.252361 -2.392364 0.763750 -0.245004 -0.314118 0.917226 0.630265 0.803089 1 0 1.000000
  0 -9.473903 -2.449647 0.684956 -0.245004 -0.314118 0.917226 0.628185 0.810092 1 0 1.000000
radio
  0 -9.252361 -2.392364 0.763750 -0.245004 -0.314118 0.917226 0.630265 0.803089 1 0 1.000000
  0 -10.566765 -1.268031 0.684956 -0.281248 -0.167292 0.944941 0.663598 0.844496 1 0 1.000000
  0 -9.473903 -2.449647 0.684956 -0.245004 -0.314118 0.917226 0.628185 0.810092 1 0 1.000000
radio
  0 -9.252361 -2.392364 0.763750 -0.245004 -0.314118 0.917226 0.630265 0.803089 1 0 1.000000
  0 -10.319669 -1.238379 0.763750 -0.281248 -0.167292 0.944941 0.664817 0.836657 1 0 1.000000
  0 -10.566765 -1.268031 0.684956 -0.281248 -0.167292 0.944941 0.663598 0.844496 1 0 1.000000
radio
  0 -10.319669 -1.238379 0.763750 -0.281248 -0.167292 0.944941 0.664817 0.836657 1 0 1.000000
  0 -10.939520 0.000000 0.684956 -0.294367 0.000000 0.955692 0.702203 0.856881 1 0 1.000000
  0 -10.566765 -1.268031 0.684956 -0.281248 -0.167292 0.944941 0.663598 0.844496 1 0 1.000000
radio
  0 -10.319669 -1.238379 0.763750 -0.281248 -0.167292 0.944941 0.664817 0.836657 1 0 1.000000
  0 -10.683707 0.000000 0.763750 -0.294367 0.000000 0.955692 0.702485 0.848742 1 0 1.000000
  0 -10.939520 0.000000 0.684956 -0.294367 0.000000 0.955692 0.702203 0.856881 1 0 1.000000
radio
  0 -10.683707 0.000000 0.763750 -0.294367 0.000000 0.955692 0.702485 0.848742 1 0 1.000000
  0 -10.566765 1.268031 0.684956 -0.281248 0.167292 0.944941 0.741369 0.846405 1 0 1.000000
  0 -10.939520 0.000000 0.684956 -0.294367 0.000000 0.955692 0.702203 0.856881 1 0 1.000000
radio
  0 -10.683707 0.000000 0.763750 -0.294367 0.000000 0.955692 0.702485 0.848742 1 0 1.000000
  0 -10.319669 1.238379 0.763750 -0.281248 0.167292 0.944941 0.740699 0.838520 1 0 1.000000
  0 -10.566765 1.268031 0.684956 -0.281248 0.167292 0.944941 0.741369 0.846405 1 0 1.000000
radio
  0 -10.319669 1.238379 0.763750 -0.281248 0.167292 0.944941 0.740699 0.838520 1 0 1.000000
  0 -9.473903 2.449647 0.684956 -0.245004 0.314118 0.917226 0.778427 0.813781 1 0 1.000000
  0 -10.566765 1.268031 0.684956 -0.281248 0.167292 0.944941 0.741369 0.846405 1 0 1.000000
radio
  0 -10.319669 1.238379 0.763750 -0.281248 0.167292 0.944941 0.740699 0.838520 1 0 1.000000
  0 -9.252361 2.392364 0.763751 -0.245004 0.314118 0.917226 0.776857 0.806688 1 0 1.000000
  0 -9.473903 2.449647 0.684956 -0.245004 0.314118 0.917226 0.778427 0.813781 1 0 1.000000
radio
  0 -9.252361 2.392364 0.763751 -0.245004 0.314118 0.917226 0.776857 0.806688 1 0 1.000000
  0 -7.735409 3.464324 0.684956 -0.192774 0.428257 0.882855 0.810852 0.761232 1 0 1.000000
  0 -9.473903 2.449647 0.684956 -0.245004 0.314118 0.917226 0.778427 0.813781 1 0 1.000000
radio
  0 -9.252361 2.392364 0.763751 -0.245004 0.314118 0.917226 0.776857 0.806688 1 0 1.000000
  0 -7.554522 3.383313 0.763751 -0.192774 0.428257 0.882855 0.808494 0.755416 1 0 1.000000
  0 -7.735409 3.464324 0.684956 -0.192774 0.428257 0.882855 0.810852 0.761232 1 0 1.000000
radio
  0 -7.554522 3.383313 0.763751 -0.192774 0.428257 0.882855 0.808494 0.755416 1 0 1.000000
  0 -5.469760 4.242913 0.684956 -0.131671 0.506824 0.851934 0.836434 0.692339 1 0 1.000000
  0 -7.735409 3.464324 0.684956 -0.192774 0.428257 0.882855 0.810852 0.761232 1 0 1.000000
radio
  0 -7.554522 3.383313 0.763751 -0.192774 0.428257 0.882855 0.808494 0.755416 1 0 1.000000
  0 -5.341854 4.143696 0.763751 -0.131671 0.506824 0.851934 0.833455 0.688197 1 0 1.000000
  0 -5.469760 4.242913 0.684956 -0.131671 0.506824 0.851934 0.836434 0.692339 1 0 1.000000
radio
  0 -5.341854 4.143696 0.763751 -0.131671 0.506824 0.851934 0.833455 0.688197 1 0 1.000000
  0 -2.831356 4.732355 0.684956 -0.066541 0.552006 0.831181 0.853430 0.611798 1 0 1.000000
  0 -5.469760 4.242913 0.684956 -0.131671 0.506824 0.851934 0.836434 0.692339 1 0 1.000000
radio
  0 -5.341854 4.143696 0.763751 -0.131671 0.506824 0.851934 0.833455 0.688197 1 0 1.000000
  0 -2.765147 4.621692 0.763751 -0.066541 0.552006 0.831181 0.850038 0.609613 1 0 1.000000
  0 -2.831356 4.732355 0.684956 -0.066541 0.552006 0.831181 0.853430 0.611798 1 0 1.000000
radio
  0 -2.765147 4.621692 0.763751 -0.066541 0.552006 0.831181 0.850038 0.609613 1 0 1.000000
  0 0.000000 4.899294 0.684956 0.000000 0.566674 0.823942 0.860681 0.525096 1 0 1.000000
  0 -2.831356 4.732355 0.684956 -0.066541 0.552006 0.831181 0.853430 0.611798 1 0 1.000000
radio
  0 -2.765147 4.621692 0.763751 -0.066541 0.552006 0.831181 0.850038 0.609613 1 0 1.000000
  0 0.000000 4.784728 0.763751 0.000000 0.566674 0.823942 0.857112 0.525018 1 0 1.000000
  0 0.000000 4.899294 0.684956 0.000000 0.566674 0.823942 0.860681 0.525096 1 0 1.000000
radio
  0 0.000000 4.784728 0.763751 0.000000 0.566674 0.823942 0.857112 0.525018 1 0 1.000000
  0 2.831356 4.732355 0.684956 0.066541 0.552006 0.831181 0.857693 0.438144 1 0 1.000000
  0 0.000000 4.899294 0.684956 0.000000 0.566674 0.823942 0.860681 0.525096 1 0 1.000000
radio
  0 0.000000 4.784728 0.763751 0.000000 0.566674 0.823942 0.857112 0.525018 1 0 1.000000
  0 2.765147 4.621692 0.763751 0.066541 0.552006 0.831181 0.854197 0.440178 1 0 1.000000
  0 2.831356 4.732355 0.684956 0.066541 0.552006 0.831181 0.857693 0.438144 1 0 1.000000
radio
  0 2.765147 4.621692 0.763751 0.066541 0.552006 0.831181 0.854197 0.440178 1 0 1.000000
  0 5.469760 4.242913 0.684956 0.131671 0.506824 0.851934 0.844670 0.356866 1 0 1.000000
  0 2.831356 4.732355 0.684956 0.066541 0.552006 0.831181 0.857693 0.438144 1 0 1.000000
radio
  0 2.765147 4.621692 0.763751 0.066541 0.552006 0.831181 0.854197 0.440178 1 0 1.000000
  0 5.341854 4.143696 0.763751 0.131671 0.506824 0.851934 0.841490 0.360875 1 0 1.000000
  0 5.469760 4.242913 0.684956 0.131671 0.506824 0.851934 0.844670 0.356866 1 0 1.000000
radio
  0 5.341854 4.143696 0.763751 0.131671 0.506824 0.851934 0.841490 0.360875 1 0 1.000000
  0 7.735409 3.464324 0.684956 0.192774 0.428257 0.882855 0.822499 0.286801 1 0 1.000000
  0 5.469760 4.242913 0.684956 0.131671 0.506824 0.851934 0.844670 0.356866 1 0 1.000000
radio
  0 5.341854 4.143696 0.763751 0.131671 0.506824 0.851934 0.841490 0.360875 1 0 1.000000
  0 7.554522 3.383313 0.763751 0.192774 0.428257 0.882855 0.819858 0.292512 1 0 1.000000
  0 7.735409 3.464324 0.684956 0.192774 0.428257 0.882855 0.822499 0.286801 1 0 1.000000
radio
  0 7.554522 3.383313 0.763751 0.192774 0.428257 0.882855 0.819858 0.292512 1 0 1.000000
  0 9.473903 2.449647 0.684956 0.245004 0.314118 0.917226 0.792691 0.232724 1 0 1.000000
  0 7.735409 3.464324 0.684956 0.192774 0.428257 0.882855 0.822499 0.286801 1 0 1.000000
radio
  0 7.554522 3.383313 0.763751 0.192774 0.428257 0.882855 0.819858 0.292512 1 0 1.000000
  0 9.252361 2.392364 0.763751 0.245004 0.314118 0.917226 0.790775 0.239749 1 0 1.000000
  0 9.473903 2.449647 0.684956 0.245004 0.314118 0.917226 0.792691 0.232724 1 0 1.000000
radio
  0 9.252361 2.392364 0.763751 0.245004 0.314118 0.917226 0.790775 0.239749 1 0 1.000000
  0 10.566765 1.268031 0.684956 0.281248 0.167292 0.944941 0.757279 0.198320 1 0 1.000000
  0 9.473903 2.449647 0.684956 0.245004 0.314118 0.917226 0.792691 0.232724 1 0 1.000000
radio
  0 9.252361 2.392364 0.763751 0.245004 0.314118 0.917226 0.790775 0.239749 1 0 1.000000
  0 10.319669 1.238379 0.763750 0.281248 0.167292 0.944941 0.756222 0.206182 1 0 1.000000
  0 10.566765 1.268031 0.684956 0.281248 0.167292 0.944941 0.757279 0.198320 1 0 1.000000
radio
  0 10.319669 1.238379 0.763750 0.281248 0.167292 0.944941 0.756222 0.206182 1 0 1.000000
  0 10.939520 0.000000 0.684956 0.294367 0.000000 0.955692 0.718674 0.185935 1 0 1.000000
  0 10.566765 1.268031 0.684956 0.281248 0.167292 0.944941 0.757279 0.198320 1 0 1.000000
radio
  0 10.319669 1.238379 0.763750 0.281248 0.167292 0.944941 0.756222 0.206182 1 0 1.000000
  0 10.683707 0.000000 0.763750 0.294367 0.000000 0.955692 0.718555 0.194097 1 0 1.000000
  0 10.939520 0.000000 0.684956 0.294367 0.000000 0.955692 0.718674 0.185935 1 0 1.000000
radio
  0 -4.273943 -3.647845 6.835104 0.138423 -0.986219 -0.090614 0.585959 0.795387 1 0 1.000000
  0 -4.750095 -3.634770 5.855509 0.155371 -0.984769 -0.078041 0.571932 0.767514 1 0 1.000000
  0 -4.225987 -3.634396 6.761762 0.138423 -0.986219 -0.090614 0.587372 0.793391 1 0 1.000000
radio
  0 -4.273943 -3.647845 6.835104 0.138423 -0.986219 -0.090614 0.585959 0.795387 1 0 1.000000
  0 -4.804706 -3.648250 5.917026 0.155371 -0.984769 -0.078041 0.570324 0.769173 1 0 1.000000
  0 -4.750095 -3.634770 5.855509 0.155371 -0.984769 -0.078041 0.571932 0.767514 1 0 1.000000
radio
  0 -4.804706 -3.648250 5.917026 0.155371 -0.984769 -0.078041 0.570324 0.769173 1 0 1.000000
  0 -5.190276 -3.635182 4.853272 0.169949 -0.983381 -0.063863 0.558965 0.738897 1 0 1.000000
  0 -4.750095 -3.634770 5.855509 0.155371 -0.984769 -0.078041 0.571932 0.767514 1 0 1.000000
radio
  0 -4.804706 -3.648250 5.917026 0.155371 -0.984769 -0.078041 0.570324 0.769173 1 0 1.000000
  0 -5.250166 -3.648714 4.902053 0.169949 -0.983381 -0.063863 0.557201 0.740191 1 0 1.000000
  0 -5.190276 -3.635182 4.853272 0.169949 -0.983381 -0.063863 0.558965 0.738897 1 0 1.000000
radio
  0 -5.250166 -3.648714 4.902053 0.169949 -0.983381 -0.063863 0.557201 0.740191 1 0 1.000000
  0 -5.537671 -3.635499 3.772215 0.180937 -0.982294 -0.048576 0.548731 0.708030 1 0 1.000000
  0 -5.190276 -3.635182 4.853272 0.169949 -0.983381 -0.063863 0.558965 0.738897 1 0 1.000000
radio
  0 -5.250166 -3.648714 4.902053 0.169949 -0.983381 -0.063863 0.557201 0.740191 1 0 1.000000
  0 -5.601316 -3.649004 3.808023 0.180937 -0.982294 -0.048576 0.546856 0.708954 1 0 1.000000
  0 -5.537671 -3.635499 3.772215 0.180937 -0.982294 -0.048576 0.548731 0.708030 1 0 1.000000
radio
  0 -5.601316 -3.649004 3.808023 0.180937 -0.982294 -0.048576 0.546856 0.708954 1 0 1.000000
  0 -5.789693 -3.635715 2.630835 0.188110 -0.981605 -0.032643 0.541307 0.675441 1 0 1.000000
  0 -5.537671 -3.635499 3.772215 0.180937 -0.982294 -0.048576 0.548731 0.708030 1 0 1.000000
radio
  0 -5.601316 -3.649004 3.808023 0.180937 -0.982294 -0.048576 0.546856 0.708954 1 0 1.000000
  0 -5.855875 -3.649148 2.653399 0.188110 -0.981605 -0.032643 0.539357 0.675988 1 0 1.000000
  0 -5.789693 -3.635715 2.630835 0.188110 -0.981605 -0.032643 0.541307 0.675441 1 0 1.000000
radio
  0 -5.855875 -3.649148 2.653399 0.188110 -0.981605 -0.032643 0.539357 0.675988 1 0 1.000000
  0 -5.942652 -3.635905 1.448651 0.163376 -0.986388 -0.018637 0.536801 0.641688 1 0 1.000000
  0 -5.789693 -3.635715 2.630835 0.188110 -0.981605 -0.032643 0.541307 0.675441 1 0 1.000000
radio
  0 -5.855875 -3.649148 2.653399 0.188110 -0.981605 -0.032643 0.539357 0.675988 1 0 1.000000
  0 -6.010258 -3.649274 1.457659 0.163376 -0.986388 -0.018637 0.534809 0.641848 1 0 1.000000
  0 -5.942652 -3.635905 1.448651 0.163376 -0.986388 -0.018637 0.536801 0.641688 1 0 1.000000
radio
  0 -6.010258 -3.649274 1.457659 0.163376 -0.986388 -0.018637 0.534809 0.641848 1 0 1.000000
  0 -5.993931 -3.631474 0.246437 0.135815 -0.990652 -0.012728 0.535290 0.607397 1 0 1.000000
  0 -5.942652 -3.635905 1.448651 0.163376 -0.986388 -0.018637 0.536801 0.641688 1 0 1.000000
radio
  0 -6.010258 -3.649274 1.457659 0.163376 -0.986388 -0.018637 0.534809 0.641848 1 0 1.000000
  0 -6.086231 -3.640076 0.241236 0.135815 -0.990652 -0.012728 0.532571 0.607186 1 0 1.000000
  0 -5.993931 -3.631474 0.246437 0.135815 -0.990652 -0.012728 0.535290 0.607397 1 0 1.000000
radio
  0 2.309618 -3.646242 8.849205 -0.074340 -0.990472 -0.115927 0.779904 0.852902 1 0 1.000000
  0 1.546096 -3.632082 9.129055 -0.049051 -0.991643 -0.119319 0.757412 0.860995 1 0 1.000000
  0 2.283033 -3.632965 8.753016 -0.074340 -0.990472 -0.115927 0.779121 0.850253 1 0 1.000000
radio
  0 2.309618 -3.646242 8.849205 -0.074340 -0.990472 -0.115927 0.779904 0.852902 1 0 1.000000
  0 1.564888 -3.645116 9.229700 -0.049051 -0.991643 -0.119319 0.757965 0.863774 1 0 1.000000
  0 1.546096 -3.632082 9.129055 -0.049051 -0.991643 -0.119319 0.757412 0.860995 1 0 1.000000
radio
  0 1.564888 -3.645116 9.229700 -0.049051 -0.991643 -0.119319 0.757965 0.863774 1 0 1.000000
  0 0.780655 -3.631328 9.353053 -0.024166 -0.992397 -0.120681 0.734863 0.867396 1 0 1.000000
  0 1.546096 -3.632082 9.129055 -0.049051 -0.991643 -0.119319 0.757412 0.860995 1 0 1.000000
radio
  0 1.564888 -3.645116 9.229700 -0.049051 -0.991643 -0.119319 0.757965 0.863774 1 0 1.000000
  0 0.790497 -3.644140 9.456762 -0.024166 -0.992397 -0.120681 0.735153 0.870264 1 0 1.000000
  0 0.780655 -3.631328 9.353053 -0.024166 -0.992397 -0.120681 0.734863 0.867396 1 0 1.000000
radio
  0 0.790497 -3.644140 9.456762 -0.024166 -0.992397 -0.120681 0.735153 0.870264 1 0 1.000000
  0 0.000000 -3.631030 9.427301 0.000000 -0.992655 -0.120980 0.711865 0.869518 1 0 1.000000
  0 0.780655 -3.631328 9.353053 -0.024166 -0.992397 -0.120681 0.734863 0.867396 1 0 1.000000
radio
  0 0.790497 -3.644140 9.456762 -0.024166 -0.992397 -0.120681 0.735153 0.870264 1 0 1.000000
  0 0.000000 -3.643751 9.532125 0.000000 -0.992655 -0.120980 0.711865 0.872418 1 0 1.000000
  0 0.000000 -3.631030 9.427301 0.000000 -0.992655 -0.120980 0.711865 0.869518 1 0 1.000000
radio
  0 0.000000 -3.643751 9.532125 0.000000 -0.992655 -0.120980 0.711865 0.872418 1 0 1.000000
  0 -0.780655 -3.631328 9.353053 0.024166 -0.992397 -0.120681 0.688868 0.867396 1 0 1.000000
  0 0.000000 -3.631030 9.427301 0.000000 -0.992655 -0.120980 0.711865 0.869518 1 0 1.000000
radio
  0 0.000000 -3.643751 9.532125 0.000000 -0.992655 -0.120980 0.711865 0.872418 1 0 1.000000
  0 -0.790496 -3.644140 9.456762 0.024166 -0.992397 -0.120681 0.688578 0.870264 1 0 1.000000
  0 -0.780655 -3.631328 9.353053 0.024166 -0.992397 -0.120681 0.688868 0.867396 1 0 1.000000
radio
  0 -0.790496 -3.644140 9.456762 0.024166 -0.992397 -0.120681 0.688578 0.870264 1 0 1.000000
  0 -1.546095 -3.632082 9.129055 0.049051 -0.991644 -0.119318 0.666319 0.860995 1 0 1.000000
  0 -0.780655 -3.631328 9.353053 0.024166 -0.992397 -0.120681 0.688868 0.867396 1 0 1.000000
radio
  0 -0.790496 -3.644140 9.456762 0.024166 -0.992397 -0.120681 0.688578 0.870264 1 0 1.000000
  0 -1.564886 -3.645116 9.229701 0.049051 -0.991644 -0.119318 0.665766 0.863774 1 0 1.000000
  0 -1.546095 -3.632082 9.129055 0.049051 -0.991644 -0.119318 0.666319 0.860995 1 0 1.000000
radio
  0 -1.564886 -3.645116 9.229701 0.049051 -0.991644 -0.119318 0.665766 0.863774 1 0 1.000000
  0 -2.283032 -3.632965 8.753016 0.074339 -0.990472 -0.115926 0.644609 0.850252 1 0 1.000000
  0 -1.546095 -3.632082 9.129055 0.049051 -0.991644 -0.119318 0.666319 0.860995 1 0 1.000000
radio
  0 -1.564886 -3.645116 9.229701 0.049051 -0.991644 -0.119318 0.665766 0.863774 1 0 1.000000
  0 -2.309615 -3.646242 8.849206 0.074339 -0.990472 -0.115926 0.643827 0.852902 1 0 1.000000
  0 -2.283032 -3.632965 8.753016 0.074339 -0.990472 -0.115926 0.644609 0.850252 1 0 1.000000
radio
  0 -2.309615 -3.646242 8.849206 0.074339 -0.990472 -0.115926 0.643827 0.852902 1 0 1.000000
  0 -2.981073 -3.633668 8.225684 0.098412 -0.989059 -0.109898 0.624046 0.835192 1 0 1.000000
  0 -2.283032 -3.632965 8.753016 0.074339 -0.990472 -0.115926 0.644609 0.850252 1 0 1.000000
radio
  0 -2.309615 -3.646242 8.849206 0.074339 -0.990472 -0.115926 0.643827 0.852902 1 0 1.000000
  0 -3.014730 -3.647118 8.316254 0.098412 -0.989059 -0.109898 0.623055 0.837680 1 0 1.000000
  0 -2.981073 -3.633668 8.225684 0.098412 -0.989059 -0.109898 0.624046 0.835192 1 0 1.000000
radio
  0 -3.014730 -3.647118 8.316254 0.098412 -0.989059 -0.109898 0.623055 0.837680 1 0 1.000000
  0 -3.631903 -3.634092 7.556521 0.119704 -0.987625 -0.101334 0.604873 0.816084 1 0 1.000000
  0 -2.981073 -3.633668 8.225684 0.098412 -0.989059 -0.109898 0.624046 0.835192 1 0 1.000000
radio
  0 -3.014730 -3.647118 8.316254 0.098412 -0.989059 -0.109898 0.623055 0.837680 1 0 1.000000
  0 -3.672613 -3.647585 7.639750 0.119704 -0.987625 -0.101334 0.603674 0.818362 1 0 1.000000
  0 -3.631903 -3.634092 7.556521 0.119704 -0.987625 -0.101334 0.604873 0.816084 1 0 1.000000
radio
  0 -3.672613 -3.647585 7.639750 0.119704 -0.987625 -0.101334 0.603674 0.818362 1 0 1.000000
  0 -4.225987 -3.634396 6.761762 0.138423 -0.986219 -0.090614 0.587372 0.793391 1 0 1.000000
  0 -3.631903 -3.634092 7.556521 0.119704 -0.987625 -0.101334 0.604873 0.816084 1 0 1.000000
radio
  0 -3.672613 -3.647585 7.639750 0.119704 -0.987625 -0.101334 0.603674 0.818362 1 0 1.000000
  0 -4.273943 -3.647845 6.835104 0.138423 -0.986219 -0.090614 0.585959 0.795387 1 0 1.000000
  0 -4.225987 -3.634396 6.761762 0.138423 -0.986219 -0.090614 0.587372 0.793391 1 0 1.000000
radio
  0 6.086231 -3.640076 0.241236 -0.135815 -0.990652 -0.012728 0.891159 0.607186 1 0 1.000000
  0 5.942652 -3.635905 1.448651 -0.163376 -0.986388 -0.018637 0.886930 0.641689 1 0 1.000000
  0 5.993931 -3.631474 0.246437 -0.135815 -0.990652 -0.012728 0.888441 0.607397 1 0 1.000000
radio
  0 6.086231 -3.640076 0.241236 -0.135815 -0.990652 -0.012728 0.891159 0.607186 1 0 1.000000
  0 6.010258 -3.649274 1.457659 -0.163376 -0.986388 -0.018637 0.888921 0.641849 1 0 1.000000
  0 5.942652 -3.635905 1.448651 -0.163376 -0.986388 -0.018637 0.886930 0.641689 1 0 1.000000
radio
  0 6.010258 -3.649274 1.457659 -0.163376 -0.986388 -0.018637 0.888921 0.641849 1 0 1.000000
  0 5.789693 -3.635715 2.630835 -0.188110 -0.981605 -0.032643 0.882424 0.675442 1 0 1.000000
  0 5.942652 -3.635905 1.448651 -0.163376 -0.986388 -0.018637 0.886930 0.641689 1 0 1.000000
radio
  0 6.010258 -3.649274 1.457659 -0.163376 -0.986388 -0.018637 0.888921 0.641849 1 0 1.000000
  0 5.855875 -3.649148 2.653399 -0.188110 -0.981605 -0.032643 0.884374 0.675989 1 0 1.000000
  0 5.789693 -3.635715 2.630835 -0.188110 -0.981605 -0.032643 0.882424 0.675442 1 0 1.000000
radio
  0 5.855875 -3.649148 2.653399 -0.188110 -0.981605 -0.032643 0.884374 0.675989 1 0 1.000000
  0 5.537671 -3.635499 3.772215 -0.180937 -0.982294 -0.048576 0.875000 0.708031 1 0 1.000000
  0 5.789693 -3.635715 2.630835 -0.188110 -0.981605 -0.032643 0.882424 0.675442 1 0 1.000000
radio
  0 5.855875 -3.649148 2.653399 -0.188110 -0.981605 -0.032643 0.884374 0.675989 1 0 1.000000
  0 5.601316 -3.649004 3.808023 -0.180937 -0.982294 -0.048576 0.876875 0.708955 1 0 1.000000
  0 5.537671 -3.635499 3.772215 -0.180937 -0.982294 -0.048576 0.875000 0.708031 1 0 1.000000
radio
  0 5.601316 -3.649004 3.808023 -0.180937 -0.982294 -0.048576 0.876875 0.708955 1 0 1.000000
  0 5.190276 -3.635182 4.853272 -0.169949 -0.983381 -0.063863 0.864766 0.738898 1 0 1.000000
  0 5.537671 -3.635499 3.772215 -0.180937 -0.982294 -0.048576 0.875000 0.708031 1 0 1.000000
radio
  0 5.601316 -3.649004 3.808023 -0.180937 -0.982294 -0.048576 0.876875 0.708955 1 0 1.000000
  0 5.250166 -3.648714 4.902053 -0.169949 -0.983381 -0.063863 0.866530 0.740192 1 0 1.000000
  0 5.190276 -3.635182 4.853272 -0.169949 -0.983381 -0.063863 0.864766 0.738898 1 0 1.000000
radio
  0 5.250166 -3.648714 4.902053 -0.169949 -0.983381 -0.063863 0.866530 0.740192 1 0 1.000000
  0 4.750095 -3.634770 5.855509 -0.155371 -0.984769 -0.078041 0.851798 0.767515 1 0 1.000000
  0 5.190276 -3.635182 4.853272 -0.169949 -0.983381 -0.063863 0.864766 0.738898 1 0 1.000000
radio
  0 5.250166 -3.648714 4.902053 -0.169949 -0.983381 -0.063863 0.866530 0.740192 1 0 1.000000
  0 4.804706 -3.648250 5.917026 -0.155371 -0.984769 -0.078041 0.853407 0.769173 1 0 1.000000
  0 4.750095 -3.634770 5.855509 -0.155371 -0.984769 -0.078041 0.851798 0.767515 1 0 1.000000
radio
  0 4.804706 -3.648250 5.917026 -0.155371 -0.984769 -0.078041 0.853407 0.769173 1 0 1.000000
  0 4.225987 -3.634396 6.761762 -0.138423 -0.986219 -0.090614 0.836359 0.793391 1 0 1.000000
  0 4.750095 -3.634770 5.855509 -0.155371 -0.984769 -0.078041 0.851798 0.767515 1 0 1.000000
radio
  0 4.804706 -3.648250 5.917026 -0.155371 -0.984769 -0.078041 0.853407 0.769173 1 0 1.000000
  0 4.273943 -3.647845 6.835104 -0.138423 -0.986219 -0.090614 0.837771 0.795388 1 0 1.000000
  0 4.225987 -3.634396 6.761762 -0.138423 -0.986219 -0.090614 0.836359 0.793391 1 0 1.000000
radio
  0 4.273943 -3.647845 6.835104 -0.138423 -0.986219 -0.090614 0.837771 0.795388 1 0 1.000000
  0 3.631903 -3.634093 7.556521 -0.119704 -0.987624 -0.101335 0.818858 0.816084 1 0 1.000000
  0 4.225987 -3.634396 6.761762 -0.138423 -0.986219 -0.090614 0.836359 0.793391 1 0 1.000000
radio
  0 4.273943 -3.647845 6.835104 -0.138423 -0.986219 -0.090614 0.837771 0.795388 1 0 1.000000
  0 3.672613 -3.647585 7.639749 -0.119704 -0.987624 -0.101335 0.820057 0.818362 1 0 1.000000
  0 3.631903 -3.634093 7.556521 -0.119704 -0.987624 -0.101335 0.818858 0.816084 1 0 1.000000
radio
  0 3.672613 -3.647585 7.639749 -0.119704 -0.987624 -0.101335 0.820057 0.818362 1 0 1.000000
  0 2.981074 -3.633669 8.225684 -0.098413 -0.989059 -0.109899 0.799685 0.835192 1 0 1.000000
  0 3.631903 -3.634093 7.556521 -0.119704 -0.987624 -0.101335 0.818858 0.816084 1 0 1.000000
radio
  0 3.672613 -3.647585 7.639749 -0.119704 -0.987624 -0.101335 0.820057 0.818362 1 0 1.000000
  0 3.014732 -3.647119 8.316253 -0.098413 -0.989059 -0.109899 0.800676 0.837680 1 0 1.000000
  0 2.981074 -3.633669 8.225684 -0.098413 -0.989059 -0.109899 0.799685 0.835192 1 0 1.000000
radio
  0 3.014732 -3.647119 8.316253 -0.098413 -0.989059 -0.109899 0.800676 0.837680 1 0 1.000000
  0 2.283033 -3.632965 8.753016 -0.074340 -0.990472 -0.115927 0.779121 0.850253 1 0 1.000000
  0 2.981074 -3.633669 8.225684 -0.098413 -0.989059 -0.109899 0.799685 0.835192 1 0 1.000000
radio
  0 3.014732 -3.647119 8.316253 -0.098413 -0.989059 -0.109899 0.800676 0.837680 1 0 1.000000
  0 2.309618 -3.646242 8.849205 -0.074340 -0.990472 -0.115927 0.779904 0.852902 1 0 1.000000
  0 2.283033 -3.632965 8.753016 -0.074340 -0.990472 -0.115927 0.779121 0.850253 1 0 1.000000
radio
  0 -4.065646 -3.229067 6.562065 -0.819828 0.194500 0.538564 0.235266 0.476496 1 0 1.000000
  0 -4.566733 -3.484275 5.783410 -0.881329 0.160496 0.444409 0.213767 0.472495 1 0 1.000000
  0 -4.065646 -3.484220 6.654212 -0.819828 0.194500 0.538564 0.237233 0.472496 1 0 1.000000
radio
  0 -4.065646 -3.229067 6.562065 -0.819828 0.194500 0.538564 0.235266 0.476496 1 0 1.000000
  0 -4.566733 -3.229067 5.691242 -0.881329 0.160496 0.444409 0.211581 0.476496 1 0 1.000000
  0 -4.566733 -3.484275 5.783410 -0.881329 0.160496 0.444409 0.213767 0.472495 1 0 1.000000
radio
  0 -4.566733 -3.229067 5.691242 -0.881329 0.160496 0.444409 0.211581 0.476496 1 0 1.000000
  0 -4.987876 -3.484337 4.820377 -0.927883 0.126654 0.350701 0.189767 0.472494 1 0 1.000000
  0 -4.566733 -3.484275 5.783410 -0.881329 0.160496 0.444409 0.213767 0.472495 1 0 1.000000
radio
  0 -4.566733 -3.229067 5.691242 -0.881329 0.160496 0.444409 0.211581 0.476496 1 0 1.000000
  0 -4.987876 -3.229067 4.728188 -0.927883 0.126654 0.350701 0.187615 0.476496 1 0 1.000000
  0 -4.987876 -3.484337 4.820377 -0.927883 0.126654 0.350701 0.189767 0.472494 1 0 1.000000
radio
  0 -4.987876 -3.229067 4.728188 -0.927883 0.126654 0.350701 0.187615 0.476496 1 0 1.000000
  0 -5.321437 -3.484406 3.781594 -0.961113 0.093802 0.259736 0.167344 0.472493 1 0 1.000000
  0 -4.987876 -3.484337 4.820377 -0.927883 0.126654 0.350701 0.189767 0.472494 1 0 1.000000
radio
  0 -4.987876 -3.229067 4.728188 -0.927883 0.126654 0.350701 0.187615 0.476496 1 0 1.000000
  0 -5.321437 -3.229067 3.689379 -0.961113 0.093802 0.259736 0.165444 0.476496 1 0 1.000000
  0 -5.321437 -3.484406 3.781594 -0.961113 0.093802 0.259736 0.167344 0.472493 1 0 1.000000
radio
  0 -5.321437 -3.229067 3.689379 -0.961113 0.093802 0.259736 0.165444 0.476496 1 0 1.000000
  0 -5.563619 -3.484479 2.684833 -0.983183 0.062031 0.171763 0.147899 0.472492 1 0 1.000000
  0 -5.321437 -3.484406 3.781594 -0.961113 0.093802 0.259736 0.167344 0.472493 1 0 1.000000
radio
  0 -5.321437 -3.229067 3.689379 -0.961113 0.093802 0.259736 0.165444 0.476496 1 0 1.000000
  0 -5.563619 -3.229066 2.592592 -0.983183 0.062031 0.171763 0.146345 0.476496 1 0 1.000000
  0 -5.563619 -3.484479 2.684833 -0.983183 0.062031 0.171763 0.147899 0.472492 1 0 1.000000
radio
  0 -5.563619 -3.229066 2.592592 -0.983183 0.062031 0.171763 0.146345 0.476496 1 0 1.000000
  0 -5.710606 -3.484553 1.548859 -0.995862 0.030869 0.085476 0.131747 0.472491 1 0 1.000000
  0 -5.563619 -3.484479 2.684833 -0.983183 0.062031 0.171763 0.147899 0.472492 1 0 1.000000
radio
  0 -5.563619 -3.229066 2.592592 -0.983183 0.062031 0.171763 0.146345 0.476496 1 0 1.000000
  0 -5.710606 -3.229066 1.456592 -0.995862 0.030869 0.085476 0.130528 0.476496 1 0 1.000000
  0 -5.710606 -3.484553 1.548859 -0.995862 0.030869 0.085476 0.131747 0.472491 1 0 1.000000
radio
  0 -5.710606 -3.229066 1.456592 -0.995862 0.030869 0.085476 0.130528 0.476496 1 0 1.000000
  0 -5.759882 -3.484369 0.393016 -0.998974 0.015382 0.042591 0.118515 0.472494 1 0 1.000000
  0 -5.710606 -3.484553 1.548859 -0.995862 0.030869 0.085476 0.131747 0.472491 1 0 1.000000
radio
  0 -5.710606 -3.229066 1.456592 -0.995862 0.030869 0.085476 0.130528 0.476496 1 0 1.000000
  0 -5.759882 -3.229066 0.300816 -0.998974 0.015382 0.042591 0.117572 0.476496 1 0 1.000000
  0 -5.759882 -3.484369 0.393016 -0.998974 0.015382 0.042591 0.118515 0.472494 1 0 1.000000
radio
  0 2.197614 -3.229067 8.478168 0.510041 0.292169 0.809009 0.369136 0.476496 1 0 1.000000
  0 1.487617 -3.484067 8.936499 0.354868 0.317565 0.879330 0.354651 0.472498 1 0 1.000000
  0 2.197614 -3.484086 8.570266 0.510041 0.292169 0.809009 0.368304 0.472498 1 0 1.000000
radio
  0 2.197614 -3.229067 8.478168 0.510041 0.292169 0.809009 0.369136 0.476496 1 0 1.000000
  0 1.487617 -3.229067 8.844407 0.354868 0.317565 0.879330 0.355174 0.476496 1 0 1.000000
  0 1.487617 -3.484067 8.936499 0.354868 0.317565 0.879330 0.354651 0.472498 1 0 1.000000
radio
  0 1.487617 -3.229067 8.844407 0.354868 0.317565 0.879330 0.355174 0.476496 1 0 1.000000
  0 0.750856 -3.484061 9.156532 0.181695 0.334018 0.924888 0.342198 0.472499 1 0 1.000000
  0 1.487617 -3.484067 8.936499 0.354868 0.317565 0.879330 0.354651 0.472498 1 0 1.000000
radio
  0 1.487617 -3.229067 8.844407 0.354868 0.317565 0.879330 0.355174 0.476496 1 0 1.000000
  0 0.750856 -3.229067 9.064442 0.181695 0.334018 0.924888 0.342450 0.476496 1 0 1.000000
  0 0.750856 -3.484061 9.156532 0.181695 0.334018 0.924888 0.342198 0.472499 1 0 1.000000
radio
  0 0.750856 -3.229067 9.064442 0.181695 0.334018 0.924888 0.342450 0.476496 1 0 1.000000
  0 0.000000 -3.484061 9.229849 0.000000 0.339672 0.940544 0.330301 0.472499 1 0 1.000000
  0 0.750856 -3.484061 9.156532 0.181695 0.334018 0.924888 0.342198 0.472499 1 0 1.000000
radio
  0 0.750856 -3.229067 9.064442 0.181695 0.334018 0.924888 0.342450 0.476496 1 0 1.000000
  0 0.000000 -3.229067 9.137759 0.000000 0.339672 0.940544 0.330301 0.476496 1 0 1.000000
  0 0.000000 -3.484061 9.229849 0.000000 0.339672 0.940544 0.330301 0.472499 1 0 1.000000
radio
  0 0.000000 -3.229067 9.137759 0.000000 0.339672 0.940544 0.330301 0.476496 1 0 1.000000
  0 -0.750856 -3.484061 9.156532 -0.181695 0.334018 0.924888 0.318404 0.472499 1 0 1.000000
  0 0.000000 -3.484061 9.229849 0.000000 0.339672 0.940544 0.330301 0.472499 1 0 1.000000
radio
  0 0.000000 -3.229067 9.137759 0.000000 0.339672 0.940544 0.330301 0.476496 1 0 1.000000
  0 -0.750856 -3.229067 9.064442 -0.181695 0.334018 0.924888 0.318153 0.476496 1 0 1.000000
  0 -0.750856 -3.484061 9.156532 -0.181695 0.334018 0.924888 0.318404 0.472499 1 0 1.000000
radio
  0 -0.750856 -3.229067 9.064442 -0.181695 0.334018 0.924888 0.318153 0.476496 1 0 1.000000
  0 -1.487617 -3.484067 8.936499 -0.354869 0.317565 0.879330 0.305951 0.472498 1 0 1.000000
  0 -0.750856 -3.484061 9.156532 -0.181695 0.334018 0.924888 0.318404 0.472499 1 0 1.000000
radio
  0 -0.750856 -3.229067 9.064442 -0.181695 0.334018 0.924888 0.318153 0.476496 1 0 1.000000
  0 -1.487617 -3.229067 8.844407 -0.354869 0.317565 0.879330 0.305429 0.476496 1 0 1.000000
  0 -1.487617 -3.484067 8.936499 -0.354869 0.317565 0.879330 0.305951 0.472498 1 0 1.000000
radio
  0 -1.487617 -3.229067 8.844407 -0.354869 0.317565 0.879330 0.305429 0.476496 1 0 1.000000
  0 -2.197613 -3.484086 8.570266 -0.510041 0.292169 0.809009 0.292298 0.472498 1 0 1.000000
  0 -1.487617 -3.484067 8.936499 -0.354869 0.317565 0.879330 0.305951 0.472498 1 0 1.000000
radio
  0 -1.487617 -3.229067 8.844407 -0.354869 0.317565 0.879330 0.305429 0.476496 1 0 1.000000
  0 -2.197613 -3.229067 8.478168 -0.510041 0.292169 0.809009 0.291467 0.476496 1 0 1.000000
  0 -2.197613 -3.484086 8.570266 -0.510041 0.292169 0.809009 0.292298 0.472498 1 0 1.000000
radio
  0 -2.197613 -3.229067 8.478168 -0.510041 0.292169 0.809009 0.291467 0.476496 1 0 1.000000
  0 -2.870223 -3.484122 8.061082 -0.639268 0.261203 0.723263 0.276693 0.472498 1 0 1.000000
  0 -2.197613 -3.484086 8.570266 -0.510041 0.292169 0.809009 0.292298 0.472498 1 0 1.000000
radio
  0 -2.197613 -3.229067 8.478168 -0.510041 0.292169 0.809009 0.291467 0.476496 1 0 1.000000
  0 -2.870223 -3.229067 7.968970 -0.639268 0.261203 0.723263 0.275500 0.476496 1 0 1.000000
  0 -2.870223 -3.484122 8.061082 -0.639268 0.261203 0.723263 0.276693 0.472498 1 0 1.000000
radio
  0 -2.870223 -3.229067 7.968970 -0.639268 0.261203 0.723263 0.275500 0.476496 1 0 1.000000
  0 -3.496202 -3.484169 7.417885 -0.740895 0.228131 0.631688 0.258426 0.472497 1 0 1.000000
  0 -2.870223 -3.484122 8.061082 -0.639268 0.261203 0.723263 0.276693 0.472498 1 0 1.000000
radio
  0 -2.870223 -3.229067 7.968970 -0.639268 0.261203 0.723263 0.275500 0.476496 1 0 1.000000
  0 -3.496202 -3.229067 7.325757 -0.740895 0.228131 0.631688 0.256831 0.476496 1 0 1.000000
  0 -3.496202 -3.484169 7.417885 -0.740895 0.228131 0.631688 0.258426 0.472497 1 0 1.000000
radio
  0 -3.496202 -3.229067 7.325757 -0.740895 0.228131 0.631688 0.256831 0.476496 1 0 1.000000
  0 -4.065646 -3.484220 6.654212 -0.819828 0.194500 0.538564 0.237233 0.472496 1 0 1.000000
  0 -3.496202 -3.484169 7.417885 -0.740895 0.228131 0.631688 0.258426 0.472497 1 0 1.000000
radio
  0 -3.496202 -3.229067 7.325757 -0.740895 0.228131 0.631688 0.256831 0.476496 1 0 1.000000
  0 -4.065646 -3.229067 6.562065 -0.819828 0.194500 0.538564 0.235266 0.476496 1 0 1.000000
  0 -4.065646 -3.484220 6.654212 -0.819828 0.194500 0.538564 0.237233 0.472496 1 0 1.000000
radio
  0 5.759882 -3.229066 0.300816 0.998974 0.015382 0.042591 0.543030 0.476496 1 0 1.000000
  0 5.710606 -3.484553 1.548859 0.995862 0.030869 0.085476 0.528855 0.472491 1 0 1.000000
  0 5.759882 -3.484369 0.393016 0.998974 0.015382 0.042591 0.542087 0.472494 1 0 1.000000
radio
  0 5.759882 -3.229066 0.300816 0.998974 0.015382 0.042591 0.543030 0.476496 1 0 1.000000
  0 5.710606 -3.229066 1.456592 0.995862 0.030869 0.085476 0.530074 0.476496 1 0 1.000000
  0 5.710606 -3.484553 1.548859 0.995862 0.030869 0.085476 0.528855 0.472491 1 0 1.000000
radio
  0 5.710606 -3.229066 1.456592 0.995862 0.030869 0.085476 0.530074 0.476496 1 0 1.000000
  0 5.563619 -3.484479 2.684833 0.983183 0.062031 0.171763 0.512704 0.472492 1 0 1.000000
  0 5.710606 -3.484553 1.548859 0.995862 0.030869 0.085476 0.528855 0.472491 1 0 1.000000
radio
  0 5.710606 -3.229066 1.456592 0.995862 0.030869 0.085476 0.530074 0.476496 1 0 1.000000
  0 5.563619 -3.229066 2.592592 0.983183 0.062031 0.171763 0.514257 0.476496 1 0 1.000000
  0 5.563619 -3.484479 2.684833 0.983183 0.062031 0.171763 0.512704 0.472492 1 0 1.000000
radio
  0 5.563619 -3.229066 2.592592 0.983183 0.062031 0.171763 0.514257 0.476496 1 0 1.000000
  0 5.321437 -3.484406 3.781594 0.961113 0.093802 0.259736 0.493258 0.472493 1 0 1.000000
  0 5.563619 -3.484479 2.684833 0.983183 0.062031 0.171763 0.512704 0.472492 1 0 1.000000
radio
  0 5.563619 -3.229066 2.592592 0.983183 0.062031 0.171763 0.514257 0.476496 1 0 1.000000
  0 5.321437 -3.229067 3.689379 0.961113 0.093802 0.259736 0.495158 0.476496 1 0 1.000000
  0 5.321437 -3.484406 3.781594 0.961113 0.093802 0.259736 0.493258 0.472493 1 0 1.000000
radio
  0 5.321437 -3.229067 3.689379 0.961113 0.093802 0.259736 0.495158 0.476496 1 0 1.000000
  0 4.987876 -3.484337 4.820377 0.927883 0.126654 0.350701 0.470835 0.472494 1 0 1.000000
  0 5.321437 -3.484406 3.781594 0.961113 0.093802 0.259736 0.493258 0.472493 1 0 1.000000
radio
  0 5.321437 -3.229067 3.689379 0.961113 0.093802 0.259736 0.495158 0.476496 1 0 1.000000
  0 4.987876 -3.229067 4.728188 0.927883 0.126654 0.350701 0.472988 0.476496 1 0 1.000000
  0 4.987876 -3.484337 4.820377 0.927883 0.126654 0.350701 0.470835 0.472494 1 0 1.000000
radio
  0 4.987876 -3.229067 4.728188 0.927883 0.126654 0.350701 0.472988 0.476496 1 0 1.000000
  0 4.566733 -3.484275 5.783410 0.881329 0.160496 0.444409 0.446835 0.472495 1 0 1.000000
  0 4.987876 -3.484337 4.820377 0.927883 0.126654 0.350701 0.470835 0.472494 1 0 1.000000
radio
  0 4.987876 -3.229067 4.728188 0.927883 0.126654 0.350701 0.472988 0.476496 1 0 1.000000
  0 4.566733 -3.229067 5.691242 0.881329 0.160496 0.444409 0.449021 0.476496 1 0 1.000000
  0 4.566733 -3.484275 5.783410 0.881329 0.160496 0.444409 0.446835 0.472495 1 0 1.000000
radio
  0 4.566733 -3.229067 5.691242 0.881329 0.160496 0.444409 0.449021 0.476496 1 0 1.000000
  0 4.065646 -3.484220 6.654212 0.819828 0.194500 0.538564 0.423369 0.472496 1 0 1.000000
  0 4.566733 -3.484275 5.783410 0.881329 0.160496 0.444409 0.446835 0.472495 1 0 1.000000
radio
  0 4.566733 -3.229067 5.691242 0.881329 0.160496 0.444409 0.449021 0.476496 1 0 1.000000
  0 4.065646 -3.229067 6.562065 0.819828 0.194500 0.538564 0.425336 0.476496 1 0 1.000000
  0 4.065646 -3.484220 6.654212 0.819828 0.194500 0.538564 0.423369 0.472496 1 0 1.000000
radio
  0 4.065646 -3.229067 6.562065 0.819828 0.194500 0.538564 0.425336 0.476496 1 0 1.000000
  0 3.496202 -3.484169 7.417885 0.740895 0.228131 0.631688 0.402177 0.472497 1 0 1.000000
  0 4.065646 -3.484220 6.654212 0.819828 0.194500 0.538564 0.423369 0.472496 1 0 1.000000
radio
  0 4.065646 -3.229067 6.562065 0.819828 0.194500 0.538564 0.425336 0.476496 1 0 1.000000
  0 3.496202 -3.229067 7.325757 0.740895 0.228131 0.631688 0.403771 0.476496 1 0 1.000000
  0 3.496202 -3.484169 7.417885 0.740895 0.228131 0.631688 0.402177 0.472497 1 0 1.000000
radio
  0 3.496202 -3.229067 7.325757 0.740895 0.228131 0.631688 0.403771 0.476496 1 0 1.000000
  0 2.870224 -3.484122 8.061082 0.639268 0.261203 0.723263 0.383910 0.472498 1 0 1.000000
  0 3.496202 -3.484169 7.417885 0.740895 0.228131 0.631688 0.402177 0.472497 1 0 1.000000
radio
  0 3.496202 -3.229067 7.325757 0.740895 0.228131 0.631688 0.403771 0.476496 1 0 1.000000
  0 2.870224 -3.229067 7.968970 0.639268 0.261203 0.723263 0.385103 0.476496 1 0 1.000000
  0 2.870224 -3.484122 8.061082 0.639268 0.261203 0.723263 0.383910 0.472498 1 0 1.000000
radio
  0 2.870224 -3.229067 7.968970 0.639268 0.261203 0.723263 0.385103 0.476496 1 0 1.000000
  0 2.197614 -3.484086 8.570266 0.510041 0.292169 0.809009 0.368304 0.472498 1 0 1.000000
  0 2.870224 -3.484122 8.061082 0.639268 0.261203 0.723263 0.383910 0.472498 1 0 1.000000
radio
  0 2.870224 -3.229067 7.968970 0.639268 0.261203 0.723263 0.385103 0.476496 1 0 1.000000
  0 2.197614 -3.229067 8.478168 0.510041 0.292169 0.809009 0.369136 0.476496 1 0 1.000000
  0 2.197614 -3.484086 8.570266 0.510041 0.292169 0.809009 0.368304 0.472498 1 0 1.000000
radio
  0 -4.065646 -3.484220 6.654212 -0.054836 -0.997847 0.035965 0.068979 0.897009 1 0 1.000000
  0 -4.492103 -3.491302 5.701234 -0.060418 -0.997709 0.030427 0.055963 0.867923 1 0 1.000000
  0 -3.999252 -3.491354 6.557654 -0.054836 -0.997847 0.035965 0.071006 0.894058 1 0 1.000000
radio
  0 -4.065646 -3.484220 6.654212 -0.054836 -0.997847 0.035965 0.068979 0.897009 1 0 1.000000
  0 -4.566733 -3.484275 5.783410 -0.060418 -0.997709 0.030427 0.053685 0.870435 1 0 1.000000
  0 -4.492103 -3.491302 5.701234 -0.060418 -0.997709 0.030427 0.055963 0.867923 1 0 1.000000
radio
  0 -4.566733 -3.484275 5.783410 -0.060418 -0.997709 0.030427 0.053685 0.870435 1 0 1.000000
  0 -4.906382 -3.491248 4.754050 -0.064727 -0.997603 0.024450 0.043318 0.839018 1 0 1.000000
  0 -4.492103 -3.491302 5.701234 -0.060418 -0.997709 0.030427 0.055963 0.867923 1 0 1.000000
radio
  0 -4.566733 -3.484275 5.783410 -0.060418 -0.997709 0.030427 0.053685 0.870435 1 0 1.000000
  0 -4.987876 -3.484337 4.820377 -0.064727 -0.997603 0.024450 0.040831 0.841046 1 0 1.000000
  0 -4.906382 -3.491248 4.754050 -0.064727 -0.997603 0.024450 0.043318 0.839018 1 0 1.000000
radio
  0 -4.987876 -3.484337 4.820377 -0.064727 -0.997603 0.024450 0.040831 0.841046 1 0 1.000000
  0 -5.234582 -3.491206 3.732285 -0.067698 -0.997538 0.018303 0.033301 0.807837 1 0 1.000000
  0 -4.906382 -3.491248 4.754050 -0.064727 -0.997603 0.024450 0.043318 0.839018 1 0 1.000000
radio
  0 -4.987876 -3.484337 4.820377 -0.064727 -0.997603 0.024450 0.040831 0.841046 1 0 1.000000
  0 -5.321437 -3.484406 3.781594 -0.067698 -0.997538 0.018303 0.030650 0.809346 1 0 1.000000
  0 -5.234582 -3.491206 3.732285 -0.067698 -0.997538 0.018303 0.033301 0.807837 1 0 1.000000
radio
  0 -5.321437 -3.484406 3.781594 -0.067698 -0.997538 0.018303 0.030650 0.809346 1 0 1.000000
  0 -5.472917 -3.491164 2.653443 -0.069317 -0.997521 0.012134 0.026026 0.774915 1 0 1.000000
  0 -5.234582 -3.491206 3.732285 -0.067698 -0.997538 0.018303 0.033301 0.807837 1 0 1.000000
radio
  0 -5.321437 -3.484406 3.781594 -0.067698 -0.997538 0.018303 0.030650 0.809346 1 0 1.000000
  0 -5.563619 -3.484479 2.684833 -0.069317 -0.997521 0.012134 0.023258 0.775876 1 0 1.000000
  0 -5.472917 -3.491164 2.653443 -0.069317 -0.997521 0.012134 0.026026 0.774915 1 0 1.000000
radio
  0 -5.563619 -3.484479 2.684833 -0.069317 -0.997521 0.012134 0.023258 0.775876 1 0 1.000000
  0 -5.617617 -3.491122 1.535986 -0.079133 -0.996839 0.007087 0.021610 0.740813 1 0 1.000000
  0 -5.472917 -3.491164 2.653443 -0.069317 -0.997521 0.012134 0.026026 0.774915 1 0 1.000000
radio
  0 -5.563619 -3.484479 2.684833 -0.069317 -0.997521 0.012134 0.023258 0.775876 1 0 1.000000
  0 -5.710606 -3.484553 1.548859 -0.079133 -0.996839 0.007087 0.018771 0.741210 1 0 1.000000
  0 -5.617617 -3.491122 1.535986 -0.079133 -0.996839 0.007087 0.021610 0.740813 1 0 1.000000
radio
  0 -5.710606 -3.484553 1.548859 -0.079133 -0.996839 0.007087 0.018771 0.741210 1 0 1.000000
  0 -5.654736 -3.495433 0.398930 -0.088465 -0.996066 0.005126 0.020477 0.706112 1 0 1.000000
  0 -5.617617 -3.491122 1.535986 -0.079133 -0.996839 0.007087 0.021610 0.740813 1 0 1.000000
radio
  0 -5.710606 -3.484553 1.548859 -0.079133 -0.996839 0.007087 0.018771 0.741210 1 0 1.000000
  0 -5.759882 -3.484369 0.393016 -0.088465 -0.996066 0.005126 0.017268 0.705938 1 0 1.000000
  0 -5.654736 -3.495433 0.398930 -0.088465 -0.996066 0.005126 0.020477 0.706112 1 0 1.000000
radio
  0 2.197614 -3.484086 8.570266 0.030761 -0.998343 0.048632 0.260147 0.955481 1 0 1.000000
  0 1.463257 -3.491468 8.802546 0.020812 -0.998463 0.051356 0.237733 0.962565 1 0 1.000000
  0 2.161714 -3.491429 8.442213 0.030761 -0.998343 0.048632 0.259051 0.951569 1 0 1.000000
radio
  0 2.197614 -3.484086 8.570266 0.030761 -0.998343 0.048632 0.260147 0.955481 1 0 1.000000
  0 1.487617 -3.484067 8.936499 0.020812 -0.998463 0.051356 0.238476 0.966657 1 0 1.000000
  0 1.463257 -3.491468 8.802546 0.020812 -0.998463 0.051356 0.237733 0.962565 1 0 1.000000
radio
  0 1.487617 -3.484067 8.936499 0.020812 -0.998463 0.051356 0.238476 0.966657 1 0 1.000000
  0 0.738533 -3.491506 9.019061 0.010477 -0.998535 0.053083 0.215613 0.969172 1 0 1.000000
  0 1.463257 -3.491468 8.802546 0.020812 -0.998463 0.051356 0.237733 0.962565 1 0 1.000000
radio
  0 1.487617 -3.484067 8.936499 0.020812 -0.998463 0.051356 0.238476 0.966657 1 0 1.000000
  0 0.750856 -3.484061 9.156532 0.010477 -0.998535 0.053083 0.215989 0.973372 1 0 1.000000
  0 0.738533 -3.491506 9.019061 0.010477 -0.998535 0.053083 0.215613 0.969172 1 0 1.000000
radio
  0 0.750856 -3.484061 9.156532 0.010477 -0.998535 0.053083 0.215989 0.973372 1 0 1.000000
  0 0.000000 -3.491523 9.091210 0.000000 -0.998558 0.053675 0.193071 0.971374 1 0 1.000000
  0 0.738533 -3.491506 9.019061 0.010477 -0.998535 0.053083 0.215613 0.969172 1 0 1.000000
radio
  0 0.750856 -3.484061 9.156532 0.010477 -0.998535 0.053083 0.215989 0.973372 1 0 1.000000
  0 0.000000 -3.484061 9.229849 0.000000 -0.998558 0.053675 0.193071 0.975609 1 0 1.000000
  0 0.000000 -3.491523 9.091210 0.000000 -0.998558 0.053675 0.193071 0.971374 1 0 1.000000
radio
  0 0.000000 -3.484061 9.229849 0.000000 -0.998558 0.053675 0.193071 0.975609 1 0 1.000000
  0 -0.738533 -3.491506 9.019061 -0.010477 -0.998535 0.053083 0.170529 0.969172 1 0 1.000000
  0 0.000000 -3.491523 9.091210 0.000000 -0.998558 0.053675 0.193071 0.971374 1 0 1.000000
radio
  0 0.000000 -3.484061 9.229849 0.000000 -0.998558 0.053675 0.193071 0.975609 1 0 1.000000
  0 -0.750856 -3.484061 9.156532 -0.010477 -0.998535 0.053083 0.170153 0.973372 1 0 1.000000
  0 -0.738533 -3.491506 9.019061 -0.010477 -0.998535 0.053083 0.170529 0.969172 1 0 1.000000
radio
  0 -0.750856 -3.484061 9.156532 -0.010477 -0.998535 0.053083 0.170153 0.973372 1 0 1.000000
  0 -1.463256 -3.491468 8.802546 -0.020812 -0.998463 0.051356 0.148409 0.962565 1 0 1.000000
  0 -0.738533 -3.491506 9.019061 -0.010477 -0.998535 0.053083 0.170529 0.969172 1 0 1.000000
radio
  0 -0.750856 -3.484061 9.156532 -0.010477 -0.998535 0.053083 0.170153 0.973372 1 0 1.000000
  0 -1.487617 -3.484067 8.936499 -0.020812 -0.998463 0.051356 0.147666 0.966657 1 0 1.000000
  0 -1.463256 -3.491468 8.802546 -0.020812 -0.998463 0.051356 0.148409 0.962565 1 0 1.000000
radio
  0 -1.487617 -3.484067 8.936499 -0.020812 -0.998463 0.051356 0.147666 0.966657 1 0 1.000000
  0 -2.161713 -3.491429 8.442213 -0.030761 -0.998343 0.048632 0.127091 0.951569 1 0 1.000000
  0 -1.463256 -3.491468 8.802546 -0.020812 -0.998463 0.051356 0.148409 0.962565 1 0 1.000000
radio
  0 -1.487617 -3.484067 8.936499 -0.020812 -0.998463 0.051356 0.147666 0.966657 1 0 1.000000
  0 -2.197613 -3.484086 8.570266 -0.030761 -0.998343 0.048632 0.125995 0.955481 1 0 1.000000
  0 -2.161713 -3.491429 8.442213 -0.030761 -0.998343 0.048632 0.127091 0.951569 1 0 1.000000
radio
  0 -2.197613 -3.484086 8.570266 -0.030761 -0.998343 0.048632 0.125995 0.955481 1 0 1.000000
  0 -2.823400 -3.491406 7.941329 -0.039951 -0.998184 0.045092 0.106895 0.936284 1 0 1.000000
  0 -2.161713 -3.491429 8.442213 -0.030761 -0.998343 0.048632 0.127091 0.951569 1 0 1.000000
radio
  0 -2.197613 -3.484086 8.570266 -0.030761 -0.998343 0.048632 0.125995 0.955481 1 0 1.000000
  0 -2.870223 -3.484122 8.061082 -0.039951 -0.998184 0.045092 0.105466 0.939942 1 0 1.000000
  0 -2.823400 -3.491406 7.941329 -0.039951 -0.998184 0.045092 0.106895 0.936284 1 0 1.000000
radio
  0 -2.870223 -3.484122 8.061082 -0.039951 -0.998184 0.045092 0.105466 0.939942 1 0 1.000000
  0 -3.439160 -3.491389 7.308716 -0.048018 -0.998010 0.040865 0.088101 0.916978 1 0 1.000000
  0 -2.823400 -3.491406 7.941329 -0.039951 -0.998184 0.045092 0.106895 0.936284 1 0 1.000000
radio
  0 -2.870223 -3.484122 8.061082 -0.039951 -0.998184 0.045092 0.105466 0.939942 1 0 1.000000
  0 -3.496202 -3.484169 7.417885 -0.048018 -0.998010 0.040865 0.086360 0.920314 1 0 1.000000
  0 -3.439160 -3.491389 7.308716 -0.048018 -0.998010 0.040865 0.088101 0.916978 1 0 1.000000
radio
  0 -3.496202 -3.484169 7.417885 -0.048018 -0.998010 0.040865 0.086360 0.920314 1 0 1.000000
  0 -3.999252 -3.491354 6.557654 -0.054836 -0.997847 0.035965 0.071006 0.894058 1 0 1.000000
  0 -3.439160 -3.491389 7.308716 -0.048018 -0.998010 0.040865 0.088101 0.916978 1 0 1.000000
radio
  0 -3.496202 -3.484169 7.417885 -0.048018 -0.998010 0.040865 0.086360 0.920314 1 0 1.000000
  0 -4.065646 -3.484220 6.654212 -0.054836 -0.997847 0.035965 0.068979 0.897009 1 0 1.000000
  0 -3.999252 -3.491354 6.557654 -0.054836 -0.997847 0.035965 0.071006 0.894058 1 0 1.000000
radio
  0 5.759882 -3.484369 0.393016 0.088465 -0.996066 0.005126 0.368874 0.705938 1 0 1.000000
  0 5.617617 -3.491122 1.535986 0.079133 -0.996839 0.007087 0.364532 0.740813 1 0 1.000000
  0 5.654736 -3.495433 0.398930 0.088465 -0.996066 0.005126 0.365665 0.706112 1 0 1.000000
radio
  0 5.759882 -3.484369 0.393016 0.088465 -0.996066 0.005126 0.368874 0.705938 1 0 1.000000
  0 5.710606 -3.484553 1.548859 0.079133 -0.996839 0.007087 0.367370 0.741210 1 0 1.000000
  0 5.617617 -3.491122 1.535986 0.079133 -0.996839 0.007087 0.364532 0.740813 1 0 1.000000
radio
  0 5.710606 -3.484553 1.548859 0.079133 -0.996839 0.007087 0.367370 0.741210 1 0 1.000000
  0 5.472917 -3.491164 2.653443 0.069317 -0.997521 0.012134 0.360115 0.774915 1 0 1.000000
  0 5.617617 -3.491122 1.535986 0.079133 -0.996839 0.007087 0.364532 0.740813 1 0 1.000000
radio
  0 5.710606 -3.484553 1.548859 0.079133 -0.996839 0.007087 0.367370 0.741210 1 0 1.000000
  0 5.563619 -3.484479 2.684833 0.069317 -0.997521 0.012134 0.362884 0.775876 1 0 1.000000
  0 5.472917 -3.491164 2.653443 0.069317 -0.997521 0.012134 0.360115 0.774915 1 0 1.000000
radio
  0 5.563619 -3.484479 2.684833 0.069317 -0.997521 0.012134 0.362884 0.775876 1 0 1.000000
  0 5.234582 -3.491206 3.732285 0.067698 -0.997538 0.018303 0.352841 0.807837 1 0 1.000000
  0 5.472917 -3.491164 2.653443 0.069317 -0.997521 0.012134 0.360115 0.774915 1 0 1.000000
radio
  0 5.563619 -3.484479 2.684833 0.069317 -0.997521 0.012134 0.362884 0.775876 1 0 1.000000
  0 5.321437 -3.484406 3.781594 0.067698 -0.997538 0.018303 0.355492 0.809346 1 0 1.000000
  0 5.234582 -3.491206 3.732285 0.067698 -0.997538 0.018303 0.352841 0.807837 1 0 1.000000
radio
  0 5.321437 -3.484406 3.781594 0.067698 -0.997538 0.018303 0.355492 0.809346 1 0 1.000000
  0 4.906382 -3.491248 4.754050 0.064727 -0.997603 0.024450 0.342824 0.839018 1 0 1.000000
  0 5.234582 -3.491206 3.732285 0.067698 -0.997538 0.018303 0.352841 0.807837 1 0 1.000000
radio
  0 5.321437 -3.484406 3.781594 0.067698 -0.997538 0.018303 0.355492 0.809346 1 0 1.000000
  0 4.987876 -3.484337 4.820377 0.064727 -0.997603 0.024450 0.345311 0.841046 1 0 1.000000
  0 4.906382 -3.491248 4.754050 0.064727 -0.997603 0.024450 0.342824 0.839018 1 0 1.000000
radio
  0 4.987876 -3.484337 4.820377 0.064727 -0.997603 0.024450 0.345311 0.841046 1 0 1.000000
  0 4.492103 -3.491302 5.701234 0.060418 -0.997709 0.030427 0.330179 0.867923 1 0 1.000000
  0 4.906382 -3.491248 4.754050 0.064727 -0.997603 0.024450 0.342824 0.839018 1 0 1.000000
radio
  0 4.987876 -3.484337 4.820377 0.064727 -0.997603 0.024450 0.345311 0.841046 1 0 1.000000
  0 4.566733 -3.484275 5.783410 0.060418 -0.997709 0.030427 0.332457 0.870435 1 0 1.000000
  0 4.492103 -3.491302 5.701234 0.060418 -0.997709 0.030427 0.330179 0.867923 1 0 1.000000
radio
  0 4.566733 -3.484275 5.783410 0.060418 -0.997709 0.030427 0.332457 0.870435 1 0 1.000000
  0 3.999252 -3.491354 6.557654 0.054836 -0.997847 0.035965 0.315136 0.894058 1 0 1.000000
  0 4.492103 -3.491302 5.701234 0.060418 -0.997709 0.030427 0.330179 0.867923 1 0 1.000000
radio
  0 4.566733 -3.484275 5.783410 0.060418 -0.997709 0.030427 0.332457 0.870435 1 0 1.000000
  0 4.065646 -3.484220 6.654212 0.054836 -0.997847 0.035965 0.317163 0.897009 1 0 1.000000
  0 3.999252 -3.491354 6.557654 0.054836 -0.997847 0.035965 0.315136 0.894058 1 0 1.000000
radio
  0 4.065646 -3.484220 6.654212 0.054836 -0.997847 0.035965 0.317163 0.897009 1 0 1.000000
  0 3.439160 -3.491389 7.308716 0.048018 -0.998010 0.040865 0.298041 0.916978 1 0 1.000000
  0 3.999252 -3.491354 6.557654 0.054836 -0.997847 0.035965 0.315136 0.894058 1 0 1.000000
radio
  0 4.065646 -3.484220 6.654212 0.054836 -0.997847 0.035965 0.317163 0.897009 1 0 1.000000
  0 3.496202 -3.484169 7.417885 0.048018 -0.998010 0.040865 0.299782 0.920314 1 0 1.000000
  0 3.439160 -3.491389 7.308716 0.048018 -0.998010 0.040865 0.298041 0.916978 1 0 1.000000
radio
  0 3.496202 -3.484169 7.417885 0.048018 -0.998010 0.040865 0.299782 0.920314 1 0 1.000000
  0 2.823400 -3.491406 7.941329 0.039951 -0.998184 0.045092 0.279247 0.936284 1 0 1.000000
  0 3.439160 -3.491389 7.308716 0.048018 -0.998010 0.040865 0.298041 0.916978 1 0 1.000000
radio
  0 3.496202 -3.484169 7.417885 0.048018 -0.998010 0.040865 0.299782 0.920314 1 0 1.000000
  0 2.870224 -3.484122 8.061082 0.039951 -0.998184 0.045092 0.280676 0.939942 1 0 1.000000
  0 2.823400 -3.491406 7.941329 0.039951 -0.998184 0.045092 0.279247 0.936284 1 0 1.000000
radio
  0 2.870224 -3.484122 8.061082 0.039951 -0.998184 0.045092 0.280676 0.939942 1 0 1.000000
  0 2.161714 -3.491429 8.442213 0.030761 -0.998343 0.048632 0.259051 0.951569 1 0 1.000000
  0 2.823400 -3.491406 7.941329 0.039951 -0.998184 0.045092 0.279247 0.936284 1 0 1.000000
radio
  0 2.870224 -3.484122 8.061082 0.039951 -0.998184 0.045092 0.280676 0.939942 1 0 1.000000
  0 2.197614 -3.484086 8.570266 0.030761 -0.998343 0.048632 0.260147 0.955481 1 0 1.000000
  0 2.161714 -3.491429 8.442213 0.030761 -0.998343 0.048632 0.259051 0.951569 1 0 1.000000
radio
  0 -4.225987 -3.235519 6.809109 0.019978 -0.999714 -0.013117 0.059727 0.911426 1 0 1.000000
  0 -4.566733 -3.229067 5.691242 0.022244 -0.999690 -0.011219 0.048967 0.876125 1 0 1.000000
  0 -4.065646 -3.229067 6.562065 0.019978 -0.999714 -0.013117 0.064791 0.903623 1 0 1.000000
radio
  0 -4.225987 -3.235519 6.809109 0.019978 -0.999714 -0.013117 0.059727 0.911426 1 0 1.000000
  0 -4.750095 -3.235519 5.902901 0.022244 -0.999690 -0.011219 0.043177 0.882811 1 0 1.000000
  0 -4.566733 -3.229067 5.691242 0.022244 -0.999690 -0.011219 0.048967 0.876125 1 0 1.000000
radio
  0 -4.750095 -3.235519 5.902901 0.022244 -0.999690 -0.011219 0.043177 0.882811 1 0 1.000000
  0 -4.987876 -3.229067 4.728188 0.024143 -0.999667 -0.009118 0.035668 0.845715 1 0 1.000000
  0 -4.566733 -3.229067 5.691242 0.022244 -0.999690 -0.011219 0.048967 0.876125 1 0 1.000000
radio
  0 -4.750095 -3.235519 5.902901 0.022244 -0.999690 -0.011219 0.043177 0.882811 1 0 1.000000
  0 -5.190276 -3.235519 4.900713 0.024143 -0.999667 -0.009118 0.029276 0.851165 1 0 1.000000
  0 -4.987876 -3.229067 4.728188 0.024143 -0.999667 -0.009118 0.035668 0.845715 1 0 1.000000
radio
  0 -5.190276 -3.235519 4.900713 0.024143 -0.999667 -0.009118 0.029276 0.851165 1 0 1.000000
  0 -5.321437 -3.229067 3.689379 0.025665 -0.999646 -0.006923 0.025134 0.812913 1 0 1.000000
  0 -4.987876 -3.229067 4.728188 0.024143 -0.999667 -0.009118 0.035668 0.845715 1 0 1.000000
radio
  0 -5.190276 -3.235519 4.900713 0.024143 -0.999667 -0.009118 0.029276 0.851165 1 0 1.000000
  0 -5.537671 -3.235519 3.819693 0.025665 -0.999646 -0.006923 0.018306 0.817030 1 0 1.000000
  0 -5.321437 -3.229067 3.689379 0.025665 -0.999646 -0.006923 0.025134 0.812913 1 0 1.000000
radio
  0 -5.537671 -3.235519 3.819693 0.025665 -0.999646 -0.006923 0.018306 0.817030 1 0 1.000000
  0 -5.563619 -3.229066 2.592592 0.026761 -0.999631 -0.004666 0.017486 0.778280 1 0 1.000000
  0 -5.321437 -3.229067 3.689379 0.025665 -0.999646 -0.006923 0.025134 0.812913 1 0 1.000000
radio
  0 -5.537671 -3.235519 3.819693 0.025665 -0.999646 -0.006923 0.018306 0.817030 1 0 1.000000
  0 -5.789693 -3.235519 2.678339 0.026761 -0.999631 -0.004666 0.010347 0.780990 1 0 1.000000
  0 -5.563619 -3.229066 2.592592 0.026761 -0.999631 -0.004666 0.017486 0.778280 1 0 1.000000
radio
  0 -5.789693 -3.235519 2.678339 0.026761 -0.999631 -0.004666 0.010347 0.780990 1 0 1.000000
  0 -5.710606 -3.229066 1.456592 0.027395 -0.999622 -0.002348 0.012845 0.742409 1 0 1.000000
  0 -5.563619 -3.229066 2.592592 0.026761 -0.999631 -0.004666 0.017486 0.778280 1 0 1.000000
radio
  0 -5.789693 -3.235519 2.678339 0.026761 -0.999631 -0.004666 0.010347 0.780990 1 0 1.000000
  0 -5.942652 -3.235519 1.496177 0.027395 -0.999622 -0.002348 0.005517 0.743661 1 0 1.000000
  0 -5.710606 -3.229066 1.456592 0.027395 -0.999622 -0.002348 0.012845 0.742409 1 0 1.000000
radio
  0 -5.942652 -3.235519 1.496177 0.027395 -0.999622 -0.002348 0.005517 0.743661 1 0 1.000000
  0 -5.759882 -3.229066 0.300816 0.027595 -0.999618 -0.001177 0.011289 0.705913 1 0 1.000000
  0 -5.710606 -3.229066 1.456592 0.027395 -0.999622 -0.002348 0.012845 0.742409 1 0 1.000000
radio
  0 -5.942652 -3.235519 1.496177 0.027395 -0.999622 -0.002348 0.005517 0.743661 1 0 1.000000
  0 -5.993931 -3.235519 0.293437 0.027595 -0.999618 -0.001177 0.003898 0.705682 1 0 1.000000
  0 -5.759882 -3.229066 0.300816 0.027595 -0.999618 -0.001177 0.011289 0.705913 1 0 1.000000
radio
  0 2.283033 -3.235519 8.800194 -0.010847 -0.999793 -0.017197 0.265275 0.974298 1 0 1.000000
  0 1.487617 -3.229067 8.844407 -0.007298 -0.999808 -0.018171 0.240157 0.975692 1 0 1.000000
  0 2.197614 -3.229067 8.478168 -0.010847 -0.999793 -0.017197 0.262578 0.964127 1 0 1.000000
radio
  0 2.283033 -3.235519 8.800194 -0.010847 -0.999793 -0.017197 0.265275 0.974298 1 0 1.000000
  0 1.546096 -3.235519 9.176127 -0.007298 -0.999808 -0.018171 0.242004 0.986169 1 0 1.000000
  0 1.487617 -3.229067 8.844407 -0.007298 -0.999808 -0.018171 0.240157 0.975692 1 0 1.000000
radio
  0 1.546096 -3.235519 9.176127 -0.007298 -0.999808 -0.018171 0.242004 0.986169 1 0 1.000000
  0 0.750856 -3.229067 9.064442 -0.003670 -0.999815 -0.018862 0.216891 0.982640 1 0 1.000000
  0 1.487617 -3.229067 8.844407 -0.007298 -0.999808 -0.018171 0.240157 0.975692 1 0 1.000000
radio
  0 1.546096 -3.235519 9.176127 -0.007298 -0.999808 -0.018171 0.242004 0.986169 1 0 1.000000
  0 0.780655 -3.235519 9.400036 -0.003670 -0.999815 -0.018862 0.217832 0.993239 1 0 1.000000
  0 0.750856 -3.229067 9.064442 -0.003670 -0.999815 -0.018862 0.216891 0.982640 1 0 1.000000
radio
  0 0.780655 -3.235519 9.400036 -0.003670 -0.999815 -0.018862 0.217832 0.993239 1 0 1.000000
  0 0.000000 -3.229067 9.137759 0.000000 -0.999817 -0.019116 0.193180 0.984955 1 0 1.000000
  0 0.750856 -3.229067 9.064442 -0.003670 -0.999815 -0.018862 0.216891 0.982640 1 0 1.000000
radio
  0 0.780655 -3.235519 9.400036 -0.003670 -0.999815 -0.018862 0.217832 0.993239 1 0 1.000000
  0 0.000000 -3.235519 9.474250 0.000000 -0.999817 -0.019116 0.193180 0.995582 1 0 1.000000
  0 0.000000 -3.229067 9.137759 0.000000 -0.999817 -0.019116 0.193180 0.984955 1 0 1.000000
radio
  0 0.000000 -3.235519 9.474250 0.000000 -0.999817 -0.019116 0.193180 0.995582 1 0 1.000000
  0 -0.750856 -3.229067 9.064442 0.003670 -0.999815 -0.018862 0.169468 0.982640 1 0 1.000000
  0 0.000000 -3.229067 9.137759 0.000000 -0.999817 -0.019116 0.193180 0.984955 1 0 1.000000
radio
  0 0.000000 -3.235519 9.474250 0.000000 -0.999817 -0.019116 0.193180 0.995582 1 0 1.000000
  0 -0.780655 -3.235519 9.400036 0.003670 -0.999815 -0.018862 0.168527 0.993239 1 0 1.000000
  0 -0.750856 -3.229067 9.064442 0.003670 -0.999815 -0.018862 0.169468 0.982640 1 0 1.000000
radio
  0 -0.780655 -3.235519 9.400036 0.003670 -0.999815 -0.018862 0.168527 0.993239 1 0 1.000000
  0 -1.487617 -3.229067 8.844407 0.007298 -0.999808 -0.018171 0.146202 0.975692 1 0 1.000000
  0 -0.750856 -3.229067 9.064442 0.003670 -0.999815 -0.018862 0.169468 0.982640 1 0 1.000000
radio
  0 -0.780655 -3.235519 9.400036 0.003670 -0.999815 -0.018862 0.168527 0.993239 1 0 1.000000
  0 -1.546095 -3.235519 9.176127 0.007298 -0.999808 -0.018171 0.144356 0.986169 1 0 1.000000
  0 -1.487617 -3.229067 8.844407 0.007298 -0.999808 -0.018171 0.146202 0.975692 1 0 1.000000
radio
  0 -1.546095 -3.235519 9.176127 0.007298 -0.999808 -0.018171 0.144356 0.986169 1 0 1.000000
  0 -2.197613 -3.229067 8.478168 0.010847 -0.999793 -0.017197 0.123781 0.964127 1 0 1.000000
  0 -1.487617 -3.229067 8.844407 0.007298 -0.999808 -0.018171 0.146202 0.975692 1 0 1.000000
radio
  0 -1.546095 -3.235519 9.176127 0.007298 -0.999808 -0.018171 0.144356 0.986169 1 0 1.000000
  0 -2.283032 -3.235519 8.800194 0.010847 -0.999793 -0.017197 0.121084 0.974298 1 0 1.000000
  0 -2.197613 -3.229067 8.478168 0.010847 -0.999793 -0.017197 0.123781 0.964127 1 0 1.000000
radio
  0 -2.283032 -3.235519 8.800194 0.010847 -0.999793 -0.017197 0.121084 0.974298 1 0 1.000000
  0 -2.870223 -3.229067 7.968970 0.014235 -0.999770 -0.016052 0.102541 0.948048 1 0 1.000000
  0 -2.197613 -3.229067 8.478168 0.010847 -0.999793 -0.017197 0.123781 0.964127 1 0 1.000000
radio
  0 -2.283032 -3.235519 8.800194 0.010847 -0.999793 -0.017197 0.121084 0.974298 1 0 1.000000
  0 -2.981073 -3.235519 8.272944 0.014235 -0.999770 -0.016052 0.099041 0.957649 1 0 1.000000
  0 -2.870223 -3.229067 7.968970 0.014235 -0.999770 -0.016052 0.102541 0.948048 1 0 1.000000
radio
  0 -2.981073 -3.235519 8.272944 0.014235 -0.999770 -0.016052 0.099041 0.957649 1 0 1.000000
  0 -3.496202 -3.229067 7.325757 0.017311 -0.999742 -0.014720 0.082773 0.927738 1 0 1.000000
  0 -2.870223 -3.229067 7.968970 0.014235 -0.999770 -0.016052 0.102541 0.948048 1 0 1.000000
radio
  0 -2.981073 -3.235519 8.272944 0.014235 -0.999770 -0.016052 0.099041 0.957649 1 0 1.000000
  0 -3.631903 -3.235519 7.603832 0.017311 -0.999742 -0.014720 0.078488 0.936521 1 0 1.000000
  0 -3.496202 -3.229067 7.325757 0.017311 -0.999742 -0.014720 0.082773 0.927738 1 0 1.000000
radio
  0 -3.631903 -3.235519 7.603832 0.017311 -0.999742 -0.014720 0.078488 0.936521 1 0 1.000000
  0 -4.065646 -3.229067 6.562065 0.019978 -0.999714 -0.013117 0.064791 0.903623 1 0 1.000000
  0 -3.496202 -3.229067 7.325757 0.017311 -0.999742 -0.014720 0.082773 0.927738 1 0 1.000000
radio
  0 -3.631903 -3.235519 7.603832 0.017311 -0.999742 -0.014720 0.078488 0.936521 1 0 1.000000
  0 -4.225987 -3.235519 6.809109 0.019978 -0.999714 -0.013117 0.059727 0.911426 1 0 1.000000
  0 -4.065646 -3.229067 6.562065 0.019978 -0.999714 -0.013117 0.064791 0.903623 1 0 1.000000
radio
  0 5.993931 -3.235519 0.293437 -0.027595 -0.999618 -0.001177 0.382462 0.705682 1 0 1.000000
  0 5.710606 -3.229066 1.456592 -0.027395 -0.999622 -0.002348 0.373515 0.742409 1 0 1.000000
  0 5.759882 -3.229066 0.300816 -0.027595 -0.999618 -0.001177 0.375071 0.705913 1 0 1.000000
radio
  0 5.993931 -3.235519 0.293437 -0.027595 -0.999618 -0.001177 0.382462 0.705682 1 0 1.000000
  0 5.942652 -3.235519 1.496177 -0.027395 -0.999622 -0.002348 0.380842 0.743661 1 0 1.000000
  0 5.710606 -3.229066 1.456592 -0.027395 -0.999622 -0.002348 0.373515 0.742409 1 0 1.000000
radio
  0 5.942652 -3.235519 1.496177 -0.027395 -0.999622 -0.002348 0.380842 0.743661 1 0 1.000000
  0 5.563619 -3.229066 2.592592 -0.026761 -0.999631 -0.004666 0.368873 0.778280 1 0 1.000000
  0 5.710606 -3.229066 1.456592 -0.027395 -0.999622 -0.002348 0.373515 0.742409 1 0 1.000000
radio
  0 5.942652 -3.235519 1.496177 -0.027395 -0.999622 -0.002348 0.380842 0.743661 1 0 1.000000
  0 5.789693 -3.235519 2.678339 -0.026761 -0.999631 -0.004666 0.376012 0.780990 1 0 1.000000
  0 5.563619 -3.229066 2.592592 -0.026761 -0.999631 -0.004666 0.368873 0.778280 1 0 1.000000
radio
  0 5.789693 -3.235519 2.678339 -0.026761 -0.999631 -0.004666 0.376012 0.780990 1 0 1.000000
  0 5.321437 -3.229067 3.689379 -0.025665 -0.999646 -0.006923 0.361225 0.812913 1 0 1.000000
  0 5.563619 -3.229066 2.592592 -0.026761 -0.999631 -0.004666 0.368873 0.778280 1 0 1.000000
radio
  0 5.789693 -3.235519 2.678339 -0.026761 -0.999631 -0.004666 0.376012 0.780990 1 0 1.000000
  0 5.537671 -3.235519 3.819693 -0.025665 -0.999646 -0.006923 0.368054 0.817030 1 0 1.000000
  0 5.321437 -3.229067 3.689379 -0.025665 -0.999646 -0.006923 0.361225 0.812913 1 0 1.000000
radio
  0 5.537671 -3.235519 3.819693 -0.025665 -0.999646 -0.006923 0.368054 0.817030 1 0 1.000000
  0 4.987876 -3.229067 4.728188 -0.024143 -0.999667 -0.009118 0.350692 0.845715 1 0 1.000000
  0 5.321437 -3.229067 3.689379 -0.025665 -0.999646 -0.006923 0.361225 0.812913 1 0 1.000000
radio
  0 5.537671 -3.235519 3.819693 -0.025665 -0.999646 -0.006923 0.368054 0.817030 1 0 1.000000
  0 5.190276 -3.235519 4.900713 -0.024143 -0.999667 -0.009118 0.357083 0.851165 1 0 1.000000
  0 4.987876 -3.229067 4.728188 -0.024143 -0.999667 -0.009118 0.350692 0.845715 1 0 1.000000
radio
  0 5.190276 -3.235519 4.900713 -0.024143 -0.999667 -0.009118 0.357083 0.851165 1 0 1.000000
  0 4.566733 -3.229067 5.691242 -0.022244 -0.999690 -0.011219 0.337392 0.876125 1 0 1.000000
  0 4.987876 -3.229067 4.728188 -0.024143 -0.999667 -0.009118 0.350692 0.845715 1 0 1.000000
radio
  0 5.190276 -3.235519 4.900713 -0.024143 -0.999667 -0.009118 0.357083 0.851165 1 0 1.000000
  0 4.750095 -3.235519 5.902901 -0.022244 -0.999690 -0.011219 0.343183 0.882811 1 0 1.000000
  0 4.566733 -3.229067 5.691242 -0.022244 -0.999690 -0.011219 0.337392 0.876125 1 0 1.000000
radio
  0 4.750095 -3.235519 5.902901 -0.022244 -0.999690 -0.011219 0.343183 0.882811 1 0 1.000000
  0 4.065646 -3.229067 6.562065 -0.019978 -0.999714 -0.013117 0.321568 0.903623 1 0 1.000000
  0 4.566733 -3.229067 5.691242 -0.022244 -0.999690 -0.011219 0.337392 0.876125 1 0 1.000000
radio
  0 4.750095 -3.235519 5.902901 -0.022244 -0.999690 -0.011219 0.343183 0.882811 1 0 1.000000
  0 4.225987 -3.235519 6.809109 -0.019978 -0.999714 -0.013117 0.326632 0.911426 1 0 1.000000
  0 4.065646 -3.229067 6.562065 -0.019978 -0.999714 -0.013117 0.321568 0.903623 1 0 1.000000
radio
  0 4.225987 -3.235519 6.809109 -0.019978 -0.999714 -0.013117 0.326632 0.911426 1 0 1.000000
  0 3.496202 -3.229067 7.325757 -0.017311 -0.999742 -0.014720 0.303586 0.927738 1 0 1.000000
  0 4.065646 -3.229067 6.562065 -0.019978 -0.999714 -0.013117 0.321568 0.903623 1 0 1.000000
radio
  0 4.225987 -3.235519 6.809109 -0.019978 -0.999714 -0.013117 0.326632 0.911426 1 0 1.000000
  0 3.631903 -3.235519 7.603832 -0.017311 -0.999742 -0.014720 0.307871 0.936521 1 0 1.000000
  0 3.496202 -3.229067 7.325757 -0.017311 -0.999742 -0.014720 0.303586 0.927738 1 0 1.000000
radio
  0 3.631903 -3.235519 7.603832 -0.017311 -0.999742 -0.014720 0.307871 0.936521 1 0 1.000000
  0 2.870224 -3.229067 7.968970 -0.014235 -0.999770 -0.016052 0.283818 0.948048 1 0 1.000000
  0 3.496202 -3.229067 7.325757 -0.017311 -0.999742 -0.014720 0.303586 0.927738 1 0 1.000000
radio
  0 3.631903 -3.235519 7.603832 -0.017311 -0.999742 -0.014720 0.307871 0.936521 1 0 1.000000
  0 2.981074 -3.235519 8.272944 -0.014235 -0.999770 -0.016052 0.287319 0.957649 1 0 1.000000
  0 2.870224 -3.229067 7.968970 -0.014235 -0.999770 -0.016052 0.283818 0.948048 1 0 1.000000
radio
  0 2.981074 -3.235519 8.272944 -0.014235 -0.999770 -0.016052 0.287319 0.957649 1 0 1.000000
  0 2.197614 -3.229067 8.478168 -0.010847 -0.999793 -0.017197 0.262578 0.964127 1 0 1.000000
  0 2.870224 -3.229067 7.968970 -0.014235 -0.999770 -0.016052 0.283818 0.948048 1 0 1.000000
radio
  0 2.981074 -3.235519 8.272944 -0.014235 -0.999770 -0.016052 0.287319 0.957649 1 0 1.000000
  0 2.283033 -3.235519 8.800194 -0.010847 -0.999793 -0.017197 0.265275 0.974298 1 0 1.000000
  0 2.197614 -3.229067 8.478168 -0.010847 -0.999793 -0.017197 0.262578 0.964127 1 0 1.000000
radio
  0 -5.817440 3.233178 7.056260 -0.328014 0.928837 0.172245 0.463524 0.211121 1 0 1.000000
  0 -4.472960 3.624146 7.056260 -0.230456 0.961087 0.152321 0.423917 0.209051 1 0 1.000000
  0 -5.027698 3.624146 6.097091 -0.256143 0.957813 0.130325 0.440259 0.181255 1 0 1.000000
radio
  0 -5.817440 3.233178 7.056260 -0.328014 0.928837 0.172245 0.463524 0.211121 1 0 1.000000
  0 -5.156243 3.233178 8.170382 -0.298473 0.932592 0.202944 0.444046 0.243407 1 0 1.000000
  0 -4.472960 3.624146 7.056260 -0.230456 0.961087 0.152321 0.423917 0.209051 1 0 1.000000
radio
  0 -5.156243 3.233178 8.170382 -0.298473 0.932592 0.202944 0.444046 0.243407 1 0 1.000000
  0 -3.844157 3.624146 7.897428 -0.200198 0.964603 0.171644 0.405393 0.233427 1 0 1.000000
  0 -4.472960 3.624146 7.056260 -0.230456 0.961087 0.152321 0.423917 0.209051 1 0 1.000000
radio
  0 -5.156243 3.233178 8.170382 -0.298473 0.932592 0.202944 0.444046 0.243407 1 0 1.000000
  0 -4.418747 3.233178 9.141145 -0.261471 0.936817 0.232395 0.422320 0.271539 1 0 1.000000
  0 -3.844157 3.624146 7.897428 -0.200198 0.964603 0.171644 0.405393 0.233427 1 0 1.000000
radio
  0 -4.418747 3.233178 9.141145 -0.261471 0.936817 0.232395 0.422320 0.271539 1 0 1.000000
  0 -3.155292 3.624145 8.605644 -0.165082 0.967934 0.189344 0.385100 0.253950 1 0 1.000000
  0 -3.844157 3.624146 7.897428 -0.200198 0.964603 0.171644 0.405393 0.233427 1 0 1.000000
radio
  0 -4.418747 3.233178 9.141145 -0.261471 0.936817 0.232395 0.422320 0.271539 1 0 1.000000
  0 -3.622453 3.233178 9.931332 -0.215749 0.940222 0.263505 0.398862 0.294438 1 0 1.000000
  0 -3.155292 3.624145 8.605644 -0.165082 0.967934 0.189344 0.385100 0.253950 1 0 1.000000
radio
  0 -3.622453 3.233178 9.931332 -0.215749 0.940222 0.263505 0.398862 0.294438 1 0 1.000000
  0 -2.416456 3.624145 9.163707 -0.125988 0.970483 0.205646 0.363335 0.270122 1 0 1.000000
  0 -3.155292 3.624145 8.605644 -0.165082 0.967934 0.189344 0.385100 0.253950 1 0 1.000000
radio
  0 -3.622453 3.233178 9.931332 -0.215749 0.940222 0.263505 0.398862 0.294438 1 0 1.000000
  0 -2.774294 3.233178 10.526165 -0.163588 0.941211 0.295569 0.373876 0.311676 1 0 1.000000
  0 -2.416456 3.624145 9.163707 -0.125988 0.970483 0.205646 0.363335 0.270122 1 0 1.000000
radio
  0 -2.774294 3.233178 10.526165 -0.163588 0.941211 0.295569 0.373876 0.311676 1 0 1.000000
  0 -1.636451 3.624145 9.561611 -0.084595 0.971970 0.219358 0.340357 0.281653 1 0 1.000000
  0 -2.416456 3.624145 9.163707 -0.125988 0.970483 0.205646 0.363335 0.270122 1 0 1.000000
radio
  0 -2.774294 3.233178 10.526165 -0.163588 0.941211 0.295569 0.373876 0.311676 1 0 1.000000
  0 -1.879955 3.233178 10.932313 -0.108797 0.939601 0.324519 0.347530 0.323445 1 0 1.000000
  0 -1.636451 3.624145 9.561611 -0.084595 0.971970 0.219358 0.340357 0.281653 1 0 1.000000
radio
  0 -1.879955 3.233178 10.932313 -0.108797 0.939601 0.324519 0.347530 0.323445 1 0 1.000000
  0 -0.826277 3.624145 9.798605 -0.042371 0.972588 0.228643 0.316490 0.288521 1 0 1.000000
  0 -1.636451 3.624145 9.561611 -0.084595 0.971970 0.219358 0.340357 0.281653 1 0 1.000000
radio
  0 -1.879955 3.233178 10.932313 -0.108797 0.939601 0.324519 0.347530 0.323445 1 0 1.000000
  0 -0.949815 3.233178 11.165956 -0.054090 0.937095 0.344859 0.320129 0.330216 1 0 1.000000
  0 -0.826277 3.624145 9.798605 -0.042371 0.972588 0.228643 0.316490 0.288521 1 0 1.000000
radio
  0 -0.949815 3.233178 11.165956 -0.054090 0.937095 0.344859 0.320129 0.330216 1 0 1.000000
  0 0.000000 3.624145 9.877155 0.000000 0.972729 0.231943 0.292148 0.290798 1 0 1.000000
  0 -0.826277 3.624145 9.798605 -0.042371 0.972588 0.228643 0.316490 0.288521 1 0 1.000000
radio
  0 -0.949815 3.233178 11.165956 -0.054090 0.937095 0.344859 0.320129 0.330216 1 0 1.000000
  0 0.000000 3.233178 11.241893 0.000000 0.935932 0.352182 0.292148 0.332417 1 0 1.000000
  0 0.000000 3.624145 9.877155 0.000000 0.972729 0.231943 0.292148 0.290798 1 0 1.000000
radio
  0 0.000000 3.233178 11.241893 0.000000 0.935932 0.352182 0.292148 0.332417 1 0 1.000000
  0 0.826278 3.624145 9.798605 0.042371 0.972588 0.228643 0.267807 0.288521 1 0 1.000000
  0 0.000000 3.624145 9.877155 0.000000 0.972729 0.231943 0.292148 0.290798 1 0 1.000000
radio
  0 0.000000 3.233178 11.241893 0.000000 0.935932 0.352182 0.292148 0.332417 1 0 1.000000
  0 0.949819 3.233178 11.165956 0.054089 0.937095 0.344859 0.264168 0.330216 1 0 1.000000
  0 0.826278 3.624145 9.798605 0.042371 0.972588 0.228643 0.267807 0.288521 1 0 1.000000
radio
  0 0.949819 3.233178 11.165956 0.054089 0.937095 0.344859 0.264168 0.330216 1 0 1.000000
  0 1.636453 3.624145 9.561611 0.084594 0.971970 0.219357 0.243940 0.281653 1 0 1.000000
  0 0.826278 3.624145 9.798605 0.042371 0.972588 0.228643 0.267807 0.288521 1 0 1.000000
radio
  0 0.949819 3.233178 11.165956 0.054089 0.937095 0.344859 0.264168 0.330216 1 0 1.000000
  0 1.879974 3.233178 10.932313 0.108791 0.939603 0.324515 0.236766 0.323446 1 0 1.000000
  0 1.636453 3.624145 9.561611 0.084594 0.971970 0.219357 0.243940 0.281653 1 0 1.000000
radio
  0 -3.999252 -3.491354 6.557654 0.001738 -0.999998 -0.001192 0.071006 0.894058 1 0 1.000000
  0 -4.492103 -3.491302 5.701234 0.001946 -0.999997 -0.001037 0.055963 0.867923 1 0 1.000000
  0 0.000000 -3.477053 0.392079 0.000000 -1.000000 -0.000756 0.193071 0.705913 1 0 1.000000
radio
  0 0.000000 -3.477053 0.392079 0.000000 -1.000000 -0.000756 0.193071 0.705913 1 0 1.000000
  0 -4.492103 -3.491302 5.701234 0.001946 -0.999997 -0.001037 0.055963 0.867923 1 0 1.000000
  0 -4.906382 -3.491248 4.754050 0.002134 -0.999997 -0.000854 0.043318 0.839018 1 0 1.000000
radio
  0 0.000000 -3.477053 0.392079 0.000000 -1.000000 -0.000756 0.193071 0.705913 1 0 1.000000
  0 -4.906382 -3.491248 4.754050 0.002134 -0.999997 -0.000854 0.043318 0.839018 1 0 1.000000
  0 -5.234582 -3.491206 3.732285 0.002285 -0.999997 -0.000656 0.033301 0.807837 1 0 1.000000
radio
  0 0.000000 -3.477053 0.392079 0.000000 -1.000000 -0.000756 0.193071 0.705913 1 0 1.000000
  0 -5.234582 -3.491206 3.732285 0.002285 -0.999997 -0.000656 0.033301 0.807837 1 0 1.000000
  0 -5.472917 -3.491164 2.653443 0.002390 -0.999997 -0.000455 0.026026 0.774915 1 0 1.000000
radio
  0 0.000000 -3.477053 0.392079 0.000000 -1.000000 -0.000756 0.193071 0.705913 1 0 1.000000
  0 -5.472917 -3.491164 2.653443 0.002390 -0.999997 -0.000455 0.026026 0.774915 1 0 1.000000
  0 -5.617617 -3.491122 1.535986 0.002844 -0.999994 0.001666 0.021610 0.740813 1 0 1.000000
radio
  0 -5.617617 -3.491122 1.535986 0.002844 -0.999994 0.001666 0.021610 0.740813 1 0 1.000000
  0 -5.654736 -3.495433 0.398930 0.003255 -0.999988 0.003685 0.020477 0.706112 1 0 1.000000
  0 0.000000 -3.477053 0.392079 0.000000 -1.000000 -0.000756 0.193071 0.705913 1 0 1.000000
radio
  0 5.654736 -3.495433 0.398930 -0.003255 -0.999988 0.003685 0.365665 0.706112 1 0 1.000000
  0 5.617617 -3.491122 1.535986 -0.002844 -0.999994 0.001666 0.364532 0.740813 1 0 1.000000
  0 0.000000 -3.477053 0.392079 0.000000 -1.000000 -0.000756 0.193071 0.705913 1 0 1.000000
radio
  0 5.617617 -3.491122 1.535986 -0.002844 -0.999994 0.001666 0.364532 0.740813 1 0 1.000000
  0 5.472917 -3.491164 2.653443 -0.002390 -0.999997 -0.000455 0.360115 0.774915 1 0 1.000000
  0 0.000000 -3.477053 0.392079 0.000000 -1.000000 -0.000756 0.193071 0.705913 1 0 1.000000
radio
  0 5.472917 -3.491164 2.653443 -0.002390 -0.999997 -0.000455 0.360115 0.774915 1 0 1.000000
  0 5.234582 -3.491206 3.732285 -0.002285 -0.999997 -0.000656 0.352841 0.807837 1 0 1.000000
  0 0.000000 -3.477053 0.392079 0.000000 -1.000000 -0.000756 0.193071 0.705913 1 0 1.000000
radio
  0 5.234582 -3.491206 3.732285 -0.002285 -0.999997 -0.000656 0.352841 0.807837 1 0 1.000000
  0 4.906382 -3.491248 4.754050 -0.002134 -0.999997 -0.000854 0.342824 0.839018 1 0 1.000000
  0 0.000000 -3.477053 0.392079 0.000000 -1.000000 -0.000756 0.193071 0.705913 1 0 1.000000
radio
  0 4.906382 -3.491248 4.754050 -0.002134 -0.999997 -0.000854 0.342824 0.839018 1 0 1.000000
  0 4.492103 -3.491302 5.701234 -0.001946 -0.999997 -0.001037 0.330179 0.867923 1 0 1.000000
  0 0.000000 -3.477053 0.392079 0.000000 -1.000000 -0.000756 0.193071 0.705913 1 0 1.000000
radio
  0 4.492103 -3.491302 5.701234 -0.001946 -0.999997 -0.001037 0.330179 0.867923 1 0 1.000000
  0 3.999252 -3.491354 6.557654 -0.001738 -0.999998 -0.001192 0.315136 0.894058 1 0 1.000000
  0 0.000000 -3.477053 0.392079 0.000000 -1.000000 -0.000756 0.193071 0.705913 1 0 1.000000
radio
  0 3.999252 -3.491354 6.557654 -0.001738 -0.999998 -0.001192 0.315136 0.894058 1 0 1.000000
  0 3.439160 -3.491389 7.308716 -0.001510 -0.999998 -0.001322 0.298041 0.916978 1 0 1.000000
  0 0.000000 -3.477053 0.392079 0.000000 -1.000000 -0.000756 0.193071 0.705913 1 0 1.000000
radio
  0 3.439160 -3.491389 7.308716 -0.001510 -0.999998 -0.001322 0.298041 0.916978 1 0 1.000000
  0 2.823400 -3.491406 7.941329 -0.001243 -0.999998 -0.001436 0.279247 0.936284 1 0 1.000000
  0 0.000000 -3.477053 0.392079 0.000000 -1.000000 -0.000756 0.193071 0.705913 1 0 1.000000
radio
  0 2.823400 -3.491406 7.941329 -0.001243 -0.999998 -0.001436 0.279247 0.936284 1 0 1.000000
  0 2.161714 -3.491429 8.442213 -0.000928 -0.999998 -0.001537 0.259051 0.951569 1 0 1.000000
  0 0.000000 -3.477053 0.392079 0.000000 -1.000000 -0.000756 0.193071 0.705913 1 0 1.000000
radio
  0 2.161714 -3.491429 8.442213 -0.000928 -0.999998 -0.001537 0.259051 0.951569 1 0 1.000000
  0 1.463257 -3.491468 8.802546 -0.000598 -0.999998 -0.001610 0.237733 0.962565 1 0 1.000000
  0 0.000000 -3.477053 0.392079 0.000000 -1.000000 -0.000756 0.193071 0.705913 1 0 1.000000
radio
  0 1.463257 -3.491468 8.802546 -0.000598 -0.999998 -0.001610 0.237733 0.962565 1 0 1.000000
  0 0.738533 -3.491506 9.019061 -0.000288 -0.999998 -0.001651 0.215613 0.969172 1 0 1.000000
  0 0.000000 -3.477053 0.392079 0.000000 -1.000000 -0.000756 0.193071 0.705913 1 0 1.000000
radio
  0 0.738533 -3.491506 9.019061 -0.000288 -0.999998 -0.001651 0.215613 0.969172 1 0 1.000000
  0 0.000000 -3.491523 9.091210 0.000000 -0.999999 -0.001663 0.193071 0.971374 1 0 1.000000
  0 0.000000 -3.477053 0.392079 0.000000 -1.000000 -0.000756 0.193071 0.705913 1 0 1.000000
radio
  0 0.000000 -3.491523 9.091210 0.000000 -0.999999 -0.001663 0.193071 0.971374 1 0 1.000000
  0 -0.738533 -3.491506 9.019061 0.000288 -0.999998 -0.001651 0.170529 0.969172 1 0 1.000000
  0 0.000000 -3.477053 0.392079 0.000000 -1.000000 -0.000756 0.193071 0.705913 1 0 1.000000
radio
  0 -0.738533 -3.491506 9.019061 0.000288 -0.999998 -0.001651 0.170529 0.969172 1 0 1.000000
  0 -1.463256 -3.491468 8.802546 0.000598 -0.999998 -0.001610 0.148409 0.962565 1 0 1.000000
  0 0.000000 -3.477053 0.392079 0.000000 -1.000000 -0.000756 0.193071 0.705913 1 0 1.000000
radio
  0 -1.463256 -3.491468 8.802546 0.000598 -0.999998 -0.001610 0.148409 0.962565 1 0 1.000000
  0 -2.161713 -3.491429 8.442213 0.000928 -0.999998 -0.001537 0.127091 0.951569 1 0 1.000000
  0 0.000000 -3.477053 0.392079 0.000000 -1.000000 -0.000756 0.193071 0.705913 1 0 1.000000
radio
  0 -2.161713 -3.491429 8.442213 0.000928 -0.999998 -0.001537 0.127091 0.951569 1 0 1.000000
  0 -2.823400 -3.491406 7.941329 0.001243 -0.999998 -0.001436 0.106895 0.936284 1 0 1.000000
  0 0.000000 -3.477053 0.392079 0.000000 -1.000000 -0.000756 0.193071 0.705913 1 0 1.000000
radio
  0 -2.823400 -3.491406 7.941329 0.001243 -0.999998 -0.001436 0.106895 0.936284 1 0 1.000000
  0 -3.439160 -3.491389 7.308716 0.001510 -0.999998 -0.001322 0.088101 0.916978 1 0 1.000000
  0 0.000000 -3.477053 0.392079 0.000000 -1.000000 -0.000756 0.193071 0.705913 1 0 1.000000
radio
  0 -3.439160 -3.491389 7.308716 0.001510 -0.999998 -0.001322 0.088101 0.916978 1 0 1.000000
  0 -3.999252 -3.491354 6.557654 0.001738 -0.999998 -0.001192 0.071006 0.894058 1 0 1.000000
  0 0.000000 -3.477053 0.392079 0.000000 -1.000000 -0.000756 0.193071 0.705913 1 0 1.000000
radio
  0 -8.878797 1.762524 5.824138 -0.689675 0.692921 0.210261 0.553709 0.183203 1 0 1.000000
  0 -7.749307 2.294336 7.097168 -0.545121 0.803843 0.238073 0.520435 0.217278 1 0 1.000000
  0 -8.331398 2.294336 5.469432 -0.570067 0.804618 0.166171 0.537583 0.170108 1 0 1.000000
radio
  0 -9.300165 1.762525 3.990744 -0.711266 0.691262 0.127506 0.566122 0.130073 1 0 1.000000
  0 -8.878797 1.762524 5.824138 -0.689675 0.692921 0.210261 0.553709 0.183203 1 0 1.000000
  0 -8.331398 2.294336 5.469432 -0.570067 0.804618 0.166171 0.537583 0.170108 1 0 1.000000
radio
  0 -9.300165 1.762525 3.990744 -0.711266 0.691262 0.127506 0.566122 0.130073 1 0 1.000000
  0 -8.331398 2.294336 5.469432 -0.570067 0.804618 0.166171 0.537583 0.170108 1 0 1.000000
  0 -8.717780 2.294336 3.750847 -0.589278 0.801180 0.104221 0.548965 0.120305 1 0 1.000000
radio
  0 -9.545868 1.762525 2.091801 -0.723716 0.687301 0.062061 0.573360 0.075043 1 0 1.000000
  0 -9.300165 1.762525 3.990744 -0.711266 0.691262 0.127506 0.566122 0.130073 1 0 1.000000
  0 -8.717780 2.294336 3.750847 -0.589278 0.801180 0.104221 0.548965 0.120305 1 0 1.000000
radio
  0 -9.545868 1.762525 2.091801 -0.723716 0.687301 0.062061 0.573360 0.075043 1 0 1.000000
  0 -8.717780 2.294336 3.750847 -0.589278 0.801180 0.104221 0.548965 0.120305 1 0 1.000000
  0 -8.948098 2.294336 1.970818 -0.601052 0.797547 0.051521 0.555750 0.068721 1 0 1.000000
radio
  0 -9.628239 1.762525 0.159802 -0.727689 0.685205 0.031025 0.575787 0.019055 1 0 1.000000
  0 -9.545868 1.762525 2.091801 -0.723716 0.687301 0.062061 0.573360 0.075043 1 0 1.000000
  0 -8.948098 2.294336 1.970818 -0.601052 0.797547 0.051521 0.555750 0.068721 1 0 1.000000
radio
  0 -9.628239 1.762525 0.159802 -0.727689 0.685205 0.031025 0.575787 0.019055 1 0 1.000000
  0 -8.948098 2.294336 1.970818 -0.601052 0.797547 0.051521 0.555750 0.068721 1 0 1.000000
  0 -9.025311 2.294336 0.159802 -0.604933 0.795859 0.025791 0.558025 0.016239 1 0 1.000000
radio
  0 -9.025311 2.294336 0.159802 -0.604933 0.795859 0.025791 0.558025 0.016239 1 0 1.000000
  0 -8.948098 2.294336 1.970818 -0.601052 0.797547 0.051521 0.555750 0.068721 1 0 1.000000
  0 -8.197223 2.787366 1.818848 -0.492159 0.869483 0.042174 0.533630 0.061706 1 0 1.000000
radio
  0 -9.025311 2.294336 0.159802 -0.604933 0.795859 0.025791 0.558025 0.016239 1 0 1.000000
  0 -8.197223 2.787366 1.818848 -0.492159 0.869483 0.042174 0.533630 0.061706 1 0 1.000000
  0 -8.267957 2.787366 0.159802 -0.495687 0.868244 0.021134 0.535714 0.013628 1 0 1.000000
radio
  0 -8.267957 2.787366 0.159802 -0.495687 0.868244 0.021134 0.535714 0.013628 1 0 1.000000
  0 -8.197223 2.787366 1.818848 -0.492159 0.869483 0.042174 0.533630 0.061706 1 0 1.000000
  0 -7.306091 3.233179 1.638491 -0.397728 0.916870 0.034075 0.507378 0.054119 1 0 1.000000
radio
  0 -8.267957 2.787366 0.159802 -0.495687 0.868244 0.021134 0.535714 0.013628 1 0 1.000000
  0 -7.306091 3.233179 1.638491 -0.397728 0.916870 0.034075 0.507378 0.054119 1 0 1.000000
  0 -7.369135 3.233179 0.159802 -0.400780 0.916015 0.017087 0.509236 0.011268 1 0 1.000000
radio
  0 -7.369135 3.233179 0.159802 -0.400780 0.916015 0.017087 0.509236 0.011268 1 0 1.000000
  0 -7.306091 3.233179 1.638491 -0.397728 0.916870 0.034075 0.507378 0.054119 1 0 1.000000
  0 -6.289950 3.624146 1.432833 -0.315457 0.948555 0.027022 0.477444 0.046089 1 0 1.000000
radio
  0 -7.369135 3.233179 0.159802 -0.400780 0.916015 0.017087 0.509236 0.011268 1 0 1.000000
  0 -6.289950 3.624146 1.432833 -0.315457 0.948555 0.027022 0.477444 0.046089 1 0 1.000000
  0 -6.344226 3.624146 0.159802 -0.317988 0.947998 0.013557 0.479043 0.009197 1 0 1.000000
radio
  0 -6.344226 3.624146 0.159802 -0.317988 0.947998 0.013557 0.479043 0.009197 1 0 1.000000
  0 -6.289950 3.624146 1.432833 -0.315457 0.948555 0.027022 0.477444 0.046089 1 0 1.000000
  0 -5.166187 3.953578 1.205393 -0.242552 0.969916 0.020775 0.444339 0.037753 1 0 1.000000
radio
  0 -6.344226 3.624146 0.159802 -0.317988 0.947998 0.013557 0.479043 0.009197 1 0 1.000000
  0 -5.166187 3.953578 1.205393 -0.242552 0.969916 0.020775 0.444339 0.037753 1 0 1.000000
  0 -5.210765 3.953578 0.159802 -0.244558 0.969579 0.010427 0.445652 0.007453 1 0 1.000000
radio
  0 -5.210765 3.953578 0.159802 -0.244558 0.969579 0.010427 0.445652 0.007453 1 0 1.000000
  0 -5.166187 3.953578 1.205393 -0.242552 0.969916 0.020775 0.444339 0.037753 1 0 1.000000
  0 -3.954028 4.215838 0.960063 -0.176503 0.984184 0.015117 0.408630 0.029255 1 0 1.000000
radio
  0 -5.210765 3.953578 0.159802 -0.244558 0.969579 0.010427 0.445652 0.007453 1 0 1.000000
  0 -3.954028 4.215838 0.960063 -0.176503 0.984184 0.015117 0.408630 0.029255 1 0 1.000000
  0 -3.988147 4.215838 0.159802 -0.177991 0.984003 0.007589 0.409635 0.006064 1 0 1.000000
radio
  0 -3.988147 4.215838 0.159802 -0.177991 0.984003 0.007589 0.409635 0.006064 1 0 1.000000
  0 -3.954028 4.215838 0.960063 -0.176503 0.984184 0.015117 0.408630 0.029255 1 0 1.000000
  0 -2.674215 4.406440 0.701040 -0.115203 0.993293 0.009866 0.370928 0.020739 1 0 1.000000
radio
  0 -1.845166 2.100002 13.421487 0.000000 0.000000 1.000000 0.408099 0.429211 1 0 1.000000
  0 -2.032701 2.236254 13.421487 0.000000 0.000000 1.000000 0.398618 0.436100 1 0 1.000000
  0 -2.148604 1.879542 13.421487 0.000000 0.000000 1.000000 0.392759 0.418066 1 0 1.000000
radio
  0 -2.032701 2.236254 13.421487 0.000000 0.000000 1.000000 0.398618 0.436100 1 0 1.000000
  0 -2.264506 2.236254 13.421487 0.000000 0.000000 1.000000 0.386899 0.436100 1 0 1.000000
  0 -2.148604 1.879542 13.421487 0.000000 0.000000 1.000000 0.392759 0.418066 1 0 1.000000
radio
  0 -2.264506 2.236254 13.421487 0.000000 0.000000 1.000000 0.386899 0.436100 1 0 1.000000
  0 -2.452041 2.100002 13.421487 0.000000 0.000000 1.000000 0.377418 0.429211 1 0 1.000000
  0 -2.148604 1.879542 13.421487 0.000000 0.000000 1.000000 0.392759 0.418066 1 0 1.000000
radio
  0 -2.452041 2.100002 13.421487 0.000000 0.000000 1.000000 0.377418 0.429211 1 0 1.000000
  0 -2.523673 1.879542 13.421487 0.000000 0.000000 1.000000 0.373797 0.418066 1 0 1.000000
  0 -2.148604 1.879542 13.421487 0.000000 0.000000 1.000000 0.392759 0.418066 1 0 1.000000
radio
  0 -2.523673 1.879542 13.421487 0.000000 0.000000 1.000000 0.373797 0.418066 1 0 1.000000
  0 -2.452041 1.659081 13.421487 0.000000 0.000000 1.000000 0.377418 0.406920 1 0 1.000000
  0 -2.148604 1.879542 13.421487 0.000000 0.000000 1.000000 0.392759 0.418066 1 0 1.000000
radio
  0 -2.452041 1.659081 13.421487 0.000000 0.000000 1.000000 0.377418 0.406920 1 0 1.000000
  0 -2.264506 1.522830 13.421487 0.000000 0.000000 1.000000 0.386899 0.400032 1 0 1.000000
  0 -2.148604 1.879542 13.421487 0.000000 0.000000 1.000000 0.392759 0.418066 1 0 1.000000
radio
  0 -2.264506 1.522830 13.421487 0.000000 0.000000 1.000000 0.386899 0.400032 1 0 1.000000
  0 -2.032701 1.522830 13.421487 0.000000 0.000000 1.000000 0.398618 0.400032 1 0 1.000000
  0 -2.148604 1.879542 13.421487 0.000000 0.000000 1.000000 0.392759 0.418066 1 0 1.000000
radio
  0 -2.032701 1.522830 13.421487 0.000000 0.000000 1.000000 0.398618 0.400032 1 0 1.000000
  0 -1.845166 1.659081 13.421487 0.000000 0.000000 1.000000 0.408099 0.406920 1 0 1.000000
  0 -2.148604 1.879542 13.421487 0.000000 0.000000 1.000000 0.392759 0.418066 1 0 1.000000
radio
  0 -1.845166 1.659081 13.421487 0.000000 0.000000 1.000000 0.408099 0.406920 1 0 1.000000
  0 -1.773534 1.879542 13.421487 0.000000 0.000000 1.000000 0.411721 0.418066 1 0 1.000000
  0 -2.148604 1.879542 13.421487 0.000000 0.000000 1.000000 0.392759 0.418066 1 0 1.000000
radio
  0 -1.773534 1.879542 13.421487 0.000000 0.000000 1.000000 0.411721 0.418066 1 0 1.000000
  0 -1.845166 2.100002 13.421487 0.000000 0.000000 1.000000 0.408099 0.429211 1 0 1.000000
  0 -2.148604 1.879542 13.421487 0.000000 0.000000 1.000000 0.392759 0.418066 1 0 1.000000
radio
  0 2.790724 -0.000001 14.210389 -0.689152 0.000000 0.724617 0.143490 0.411874 1 0 1.000000
  0 2.927253 0.420193 14.210389 -0.557535 0.405073 0.724617 0.147512 0.424251 1 0 1.000000
  0 2.889778 0.447420 14.166334 -0.557535 0.405073 0.724617 0.146408 0.425053 1 0 1.000000
radio
  0 2.927253 0.420193 14.210389 -0.557535 0.405073 0.724617 0.147512 0.424251 1 0 1.000000
  0 3.270376 0.723941 14.166334 -0.212960 0.655422 0.724617 0.157619 0.433199 1 0 1.000000
  0 2.889778 0.447420 14.166334 -0.557535 0.405073 0.724617 0.146408 0.425053 1 0 1.000000
radio
  0 2.927253 0.420193 14.210389 -0.557535 0.405073 0.724617 0.147512 0.424251 1 0 1.000000
  0 3.284691 0.679886 14.210389 -0.212960 0.655422 0.724617 0.158040 0.431901 1 0 1.000000
  0 3.270376 0.723941 14.166334 -0.212960 0.655422 0.724617 0.157619 0.433199 1 0 1.000000
radio
  0 3.284691 0.679886 14.210389 -0.212960 0.655422 0.724617 0.158040 0.431901 1 0 1.000000
  0 3.740822 0.723941 14.166334 0.212960 0.655422 0.724617 0.171476 0.433199 1 0 1.000000
  0 3.270376 0.723941 14.166334 -0.212960 0.655422 0.724617 0.157619 0.433199 1 0 1.000000
radio
  0 3.284691 0.679886 14.210389 -0.212960 0.655422 0.724617 0.158040 0.431901 1 0 1.000000
  0 3.726508 0.679886 14.210389 0.212960 0.655422 0.724617 0.171054 0.431901 1 0 1.000000
  0 3.740822 0.723941 14.166334 0.212960 0.655422 0.724617 0.171476 0.433199 1 0 1.000000
radio
  0 3.726508 0.679886 14.210389 0.212960 0.655422 0.724617 0.171054 0.431901 1 0 1.000000
  0 4.121421 0.447420 14.166334 0.557535 0.405073 0.724617 0.182687 0.425053 1 0 1.000000
  0 3.740822 0.723941 14.166334 0.212960 0.655422 0.724617 0.171476 0.433199 1 0 1.000000
radio
  0 3.726508 0.679886 14.210389 0.212960 0.655422 0.724617 0.171054 0.431901 1 0 1.000000
  0 4.083946 0.420193 14.210389 0.557535 0.405073 0.724617 0.181583 0.424251 1 0 1.000000
  0 4.121421 0.447420 14.166334 0.557535 0.405073 0.724617 0.182687 0.425053 1 0 1.000000
radio
  0 4.083946 0.420193 14.210389 0.557535 0.405073 0.724617 0.181583 0.424251 1 0 1.000000
  0 4.266797 -0.000001 14.166334 0.689152 0.000000 0.724617 0.186969 0.411874 1 0 1.000000
  0 4.121421 0.447420 14.166334 0.557535 0.405073 0.724617 0.182687 0.425053 1 0 1.000000
radio
  0 4.083946 0.420193 14.210389 0.557535 0.405073 0.724617 0.181583 0.424251 1 0 1.000000
  0 4.220475 -0.000001 14.210389 0.689152 0.000000 0.724617 0.185605 0.411874 1 0 1.000000
  0 4.266797 -0.000001 14.166334 0.689152 0.000000 0.724617 0.186969 0.411874 1 0 1.000000
radio
  0 4.220475 -0.000001 14.210389 0.689152 0.000000 0.724617 0.185605 0.411874 1 0 1.000000
  0 4.121421 -0.447421 14.166334 0.557535 -0.405073 0.724617 0.182687 0.398695 1 0 1.000000
  0 4.266797 -0.000001 14.166334 0.689152 0.000000 0.724617 0.186969 0.411874 1 0 1.000000
radio
  0 4.220475 -0.000001 14.210389 0.689152 0.000000 0.724617 0.185605 0.411874 1 0 1.000000
  0 4.083946 -0.420194 14.210389 0.557535 -0.405073 0.724617 0.181583 0.399497 1 0 1.000000
  0 4.121421 -0.447421 14.166334 0.557535 -0.405073 0.724617 0.182687 0.398695 1 0 1.000000
radio
  0 4.083946 -0.420194 14.210389 0.557535 -0.405073 0.724617 0.181583 0.399497 1 0 1.000000
  0 3.740822 -0.723942 14.166334 0.212960 -0.655422 0.724617 0.171476 0.390550 1 0 1.000000
  0 4.121421 -0.447421 14.166334 0.557535 -0.405073 0.724617 0.182687 0.398695 1 0 1.000000
radio
  0 4.083946 -0.420194 14.210389 0.557535 -0.405073 0.724617 0.181583 0.399497 1 0 1.000000
  0 3.726508 -0.679888 14.210389 0.212960 -0.655422 0.724617 0.171054 0.391848 1 0 1.000000
  0 3.740822 -0.723942 14.166334 0.212960 -0.655422 0.724617 0.171476 0.390550 1 0 1.000000
radio
  0 3.726508 -0.679888 14.210389 0.212960 -0.655422 0.724617 0.171054 0.391848 1 0 1.000000
  0 3.270376 -0.723942 14.166334 -0.212960 -0.655422 0.724617 0.157619 0.390550 1 0 1.000000
  0 3.740822 -0.723942 14.166334 0.212960 -0.655422 0.724617 0.171476 0.390550 1 0 1.000000
radio
  0 3.726508 -0.679888 14.210389 0.212960 -0.655422 0.724617 0.171054 0.391848 1 0 1.000000
  0 3.284691 -0.679888 14.210389 -0.212960 -0.655422 0.724617 0.158040 0.391848 1 0 1.000000
  0 3.270376 -0.723942 14.166334 -0.212960 -0.655422 0.724617 0.157619 0.390550 1 0 1.000000
radio
  0 3.284691 -0.679888 14.210389 -0.212960 -0.655422 0.724617 0.158040 0.391848 1 0 1.000000
  0 2.889778 -0.447421 14.166334 -0.557535 -0.405073 0.724617 0.146408 0.398695 1 0 1.000000
  0 3.270376 -0.723942 14.166334 -0.212960 -0.655422 0.724617 0.157619 0.390550 1 0 1.000000
radio
  0 3.284691 -0.679888 14.210389 -0.212960 -0.655422 0.724617 0.158040 0.391848 1 0 1.000000
  0 2.927253 -0.420194 14.210389 -0.557535 -0.405073 0.724617 0.147512 0.399497 1 0 1.000000
  0 2.889778 -0.447421 14.166334 -0.557535 -0.405073 0.724617 0.146408 0.398695 1 0 1.000000
radio
  0 2.927253 -0.420194 14.210389 -0.557535 -0.405073 0.724617 0.147512 0.399497 1 0 1.000000
  0 2.744402 -0.000001 14.166334 -0.689152 0.000000 0.724617 0.142126 0.411874 1 0 1.000000
  0 2.889778 -0.447421 14.166334 -0.557535 -0.405073 0.724617 0.146408 0.398695 1 0 1.000000
radio
  0 2.927253 -0.420194 14.210389 -0.557535 -0.405073 0.724617 0.147512 0.399497 1 0 1.000000
  0 2.790724 -0.000001 14.210389 -0.689152 0.000000 0.724617 0.143490 0.411874 1 0 1.000000
  0 2.744402 -0.000001 14.166334 -0.689152 0.000000 0.724617 0.142126 0.411874 1 0 1.000000
radio
  0 2.790724 -0.000001 14.210389 -0.689152 0.000000 0.724617 0.143490 0.411874 1 0 1.000000
  0 2.889778 0.447420 14.166334 -0.557535 0.405073 0.724617 0.146408 0.425053 1 0 1.000000
  0 2.744402 -0.000001 14.166334 -0.689152 0.000000 0.724617 0.142126 0.411874 1 0 1.000000
radio
  0 2.927253 0.420193 14.210389 0.000000 0.000000 1.000000 0.147512 0.424251 1 0 1.000000
  0 2.790724 -0.000001 14.210389 0.000000 0.000000 1.000000 0.143490 0.411874 1 0 1.000000
  0 3.505599 -0.000001 14.210389 0.000000 0.000000 1.000000 0.164548 0.411874 1 0 1.000000
radio
  0 2.790724 -0.000001 14.210389 0.000000 0.000000 1.000000 0.143490 0.411874 1 0 1.000000
  0 2.927253 -0.420194 14.210389 0.000000 0.000000 1.000000 0.147512 0.399497 1 0 1.000000
  0 3.505599 -0.000001 14.210389 0.000000 0.000000 1.000000 0.164548 0.411874 1 0 1.000000
radio
  0 2.927253 -0.420194 14.210389 0.000000 0.000000 1.000000 0.147512 0.399497 1 0 1.000000
  0 3.284691 -0.679888 14.210389 0.000000 0.000000 1.000000 0.158040 0.391848 1 0 1.000000
  0 3.505599 -0.000001 14.210389 0.000000 0.000000 1.000000 0.164548 0.411874 1 0 1.000000
radio
  0 3.284691 -0.679888 14.210389 0.000000 0.000000 1.000000 0.158040 0.391848 1 0 1.000000
  0 3.726508 -0.679888 14.210389 0.000000 0.000000 1.000000 0.171054 0.391848 1 0 1.000000
  0 3.505599 -0.000001 14.210389 0.000000 0.000000 1.000000 0.164548 0.411874 1 0 1.000000
radio
  0 3.726508 -0.679888 14.210389 0.000000 0.000000 1.000000 0.171054 0.391848 1 0 1.000000
  0 4.083946 -0.420194 14.210389 0.000000 0.000000 1.000000 0.181583 0.399497 1 0 1.000000
  0 3.505599 -0.000001 14.210389 0.000000 0.000000 1.000000 0.164548 0.411874 1 0 1.000000
radio
  0 4.083946 -0.420194 14.210389 0.000000 0.000000 1.000000 0.181583 0.399497 1 0 1.000000
  0 4.220475 -0.000001 14.210389 0.000000 0.000000 1.000000 0.185605 0.411874 1 0 1.000000
  0 3.505599 -0.000001 14.210389 0.000000 0.000000 1.000000 0.164548 0.411874 1 0 1.000000
radio
  0 4.220475 -0.000001 14.210389 0.000000 0.000000 1.000000 0.185605 0.411874 1 0 1.000000
  0 4.083946 0.420193 14.210389 0.000000 0.000000 1.000000 0.181583 0.424251 1 0 1.000000
  0 3.505599 -0.000001 14.210389 0.000000 0.000000 1.000000 0.164548 0.411874 1 0 1.000000
radio
  0 4.083946 0.420193 14.210389 0.000000 0.000000 1.000000 0.181583 0.424251 1 0 1.000000
  0 3.726508 0.679886 14.210389 0.000000 0.000000 1.000000 0.171054 0.431901 1 0 1.000000
  0 3.505599 -0.000001 14.210389 0.000000 0.000000 1.000000 0.164548 0.411874 1 0 1.000000
radio
  0 3.726508 0.679886 14.210389 0.000000 0.000000 1.000000 0.171054 0.431901 1 0 1.000000
  0 3.284691 0.679886 14.210389 0.000000 0.000000 1.000000 0.158040 0.431901 1 0 1.000000
  0 3.505599 -0.000001 14.210389 0.000000 0.000000 1.000000 0.164548 0.411874 1 0 1.000000
radio
  0 3.284691 0.679886 14.210389 0.000000 0.000000 1.000000 0.158040 0.431901 1 0 1.000000
  0 2.927253 0.420193 14.210389 0.000000 0.000000 1.000000 0.147512 0.424251 1 0 1.000000
  0 3.505599 -0.000001 14.210389 0.000000 0.000000 1.000000 0.164548 0.411874 1 0 1.000000
radio
  0 2.551005 -0.000001 13.639438 -0.689152 0.000000 0.724617 0.445116 0.399409 1 0 1.000000
  0 2.733316 0.561096 13.639438 -0.557535 0.405073 0.724617 0.451518 0.419109 1 0 1.000000
  0 2.683275 0.597453 13.580610 -0.557535 0.405073 0.724617 0.449761 0.420386 1 0 1.000000
radio
  0 2.733316 0.561096 13.639438 -0.557535 0.405073 0.724617 0.451518 0.419109 1 0 1.000000
  0 3.191499 0.966700 13.580610 -0.212960 0.655422 0.724617 0.467605 0.433350 1 0 1.000000
  0 2.683275 0.597453 13.580610 -0.557535 0.405073 0.724617 0.449761 0.420386 1 0 1.000000
radio
  0 2.733316 0.561096 13.639438 -0.557535 0.405073 0.724617 0.451518 0.419109 1 0 1.000000
  0 3.210613 0.907872 13.639438 -0.212960 0.655422 0.724617 0.468275 0.431284 1 0 1.000000
  0 3.191499 0.966700 13.580610 -0.212960 0.655422 0.724617 0.467605 0.433350 1 0 1.000000
radio
  0 3.210613 0.907872 13.639438 -0.212960 0.655422 0.724617 0.468275 0.431284 1 0 1.000000
  0 3.819699 0.966700 13.580610 0.212960 0.655422 0.724617 0.489660 0.433350 1 0 1.000000
  0 3.191499 0.966700 13.580610 -0.212960 0.655422 0.724617 0.467605 0.433350 1 0 1.000000
radio
  0 3.210613 0.907872 13.639438 -0.212960 0.655422 0.724617 0.468275 0.431284 1 0 1.000000
  0 3.800585 0.907872 13.639438 0.212960 0.655422 0.724617 0.488989 0.431284 1 0 1.000000
  0 3.819699 0.966700 13.580610 0.212960 0.655422 0.724617 0.489660 0.433350 1 0 1.000000
radio
  0 3.800585 0.907872 13.639438 0.212960 0.655422 0.724617 0.488989 0.431284 1 0 1.000000
  0 4.327924 0.597453 13.580610 0.557535 0.405073 0.724617 0.507504 0.420386 1 0 1.000000
  0 3.819699 0.966700 13.580610 0.212960 0.655422 0.724617 0.489660 0.433350 1 0 1.000000
radio
  0 3.800585 0.907872 13.639438 0.212960 0.655422 0.724617 0.488989 0.431284 1 0 1.000000
  0 4.277882 0.561096 13.639438 0.557535 0.405073 0.724617 0.505747 0.419109 1 0 1.000000
  0 4.327924 0.597453 13.580610 0.557535 0.405073 0.724617 0.507504 0.420386 1 0 1.000000
radio
  0 4.277882 0.561096 13.639438 0.557535 0.405073 0.724617 0.505747 0.419109 1 0 1.000000
  0 4.522048 -0.000001 13.580610 0.689152 0.000000 0.724617 0.514320 0.399409 1 0 1.000000
  0 4.327924 0.597453 13.580610 0.557535 0.405073 0.724617 0.507504 0.420386 1 0 1.000000
radio
  0 4.277882 0.561096 13.639438 0.557535 0.405073 0.724617 0.505747 0.419109 1 0 1.000000
  0 4.460193 -0.000001 13.639438 0.689152 0.000000 0.724617 0.512148 0.399409 1 0 1.000000
  0 4.522048 -0.000001 13.580610 0.689152 0.000000 0.724617 0.514320 0.399409 1 0 1.000000
radio
  0 4.460193 -0.000001 13.639438 0.689152 0.000000 0.724617 0.512148 0.399409 1 0 1.000000
  0 4.327924 -0.597454 13.580610 0.557535 -0.405073 0.724617 0.507504 0.378433 1 0 1.000000
  0 4.522048 -0.000001 13.580610 0.689152 0.000000 0.724617 0.514320 0.399409 1 0 1.000000
radio
  0 4.460193 -0.000001 13.639438 0.689152 0.000000 0.724617 0.512148 0.399409 1 0 1.000000
  0 4.277882 -0.561097 13.639438 0.557535 -0.405073 0.724617 0.505747 0.379709 1 0 1.000000
  0 4.327924 -0.597454 13.580610 0.557535 -0.405073 0.724617 0.507504 0.378433 1 0 1.000000
radio
  0 4.277882 -0.561097 13.639438 0.557535 -0.405073 0.724617 0.505747 0.379709 1 0 1.000000
  0 3.819699 -0.966701 13.580610 0.212960 -0.655422 0.724617 0.489660 0.365468 1 0 1.000000
  0 4.327924 -0.597454 13.580610 0.557535 -0.405073 0.724617 0.507504 0.378433 1 0 1.000000
radio
  0 4.277882 -0.561097 13.639438 0.557535 -0.405073 0.724617 0.505747 0.379709 1 0 1.000000
  0 3.800585 -0.907874 13.639438 0.212960 -0.655422 0.724617 0.488989 0.367534 1 0 1.000000
  0 3.819699 -0.966701 13.580610 0.212960 -0.655422 0.724617 0.489660 0.365468 1 0 1.000000
radio
  0 3.800585 -0.907874 13.639438 0.212960 -0.655422 0.724617 0.488989 0.367534 1 0 1.000000
  0 3.191499 -0.966701 13.580610 -0.212960 -0.655422 0.724617 0.467605 0.365468 1 0 1.000000
  0 3.819699 -0.966701 13.580610 0.212960 -0.655422 0.724617 0.489660 0.365468 1 0 1.000000
radio
  0 3.800585 -0.907874 13.639438 0.212960 -0.655422 0.724617 0.488989 0.367534 1 0 1.000000
  0 3.210613 -0.907874 13.639438 -0.212960 -0.655422 0.724617 0.468275 0.367534 1 0 1.000000
  0 3.191499 -0.966701 13.580610 -0.212960 -0.655422 0.724617 0.467605 0.365468 1 0 1.000000
radio
  0 3.210613 -0.907874 13.639438 -0.212960 -0.655422 0.724617 0.468275 0.367534 1 0 1.000000
  0 2.683275 -0.597454 13.580610 -0.557535 -0.405073 0.724617 0.449761 0.378433 1 0 1.000000
  0 3.191499 -0.966701 13.580610 -0.212960 -0.655422 0.724617 0.467605 0.365468 1 0 1.000000
radio
  0 3.210613 -0.907874 13.639438 -0.212960 -0.655422 0.724617 0.468275 0.367534 1 0 1.000000
  0 2.733316 -0.561097 13.639438 -0.557535 -0.405073 0.724617 0.451518 0.379709 1 0 1.000000
  0 2.683275 -0.597454 13.580610 -0.557535 -0.405073 0.724617 0.449761 0.378433 1 0 1.000000
radio
  0 2.733316 -0.561097 13.639438 -0.557535 -0.405073 0.724617 0.451518 0.379709 1 0 1.000000
  0 2.489150 -0.000001 13.580610 -0.689152 0.000000 0.724617 0.442945 0.399409 1 0 1.000000
  0 2.683275 -0.597454 13.580610 -0.557535 -0.405073 0.724617 0.449761 0.378433 1 0 1.000000
radio
  0 2.733316 -0.561097 13.639438 -0.557535 -0.405073 0.724617 0.451518 0.379709 1 0 1.000000
  0 2.551005 -0.000001 13.639438 -0.689152 0.000000 0.724617 0.445116 0.399409 1 0 1.000000
  0 2.489150 -0.000001 13.580610 -0.689152 0.000000 0.724617 0.442945 0.399409 1 0 1.000000
radio
  0 2.551005 -0.000001 13.639438 -0.689152 0.000000 0.724617 0.445116 0.399409 1 0 1.000000
  0 2.683275 0.597453 13.580610 -0.557535 0.405073 0.724617 0.449761 0.420386 1 0 1.000000
  0 2.489150 -0.000001 13.580610 -0.689152 0.000000 0.724617 0.442945 0.399409 1 0 1.000000
radio
  0 2.733316 0.561096 13.639438 0.000000 0.000000 1.000000 0.451518 0.419109 1 0 1.000000
  0 2.551005 -0.000001 13.639438 0.000000 0.000000 1.000000 0.445116 0.399409 1 0 1.000000
  0 3.505599 -0.000001 13.639438 0.000000 0.000000 1.000000 0.478633 0.399409 1 0 1.000000
radio
  0 2.551005 -0.000001 13.639438 0.000000 0.000000 1.000000 0.445116 0.399409 1 0 1.000000
  0 2.733316 -0.561097 13.639438 0.000000 0.000000 1.000000 0.451518 0.379709 1 0 1.000000
  0 3.505599 -0.000001 13.639438 0.000000 0.000000 1.000000 0.478633 0.399409 1 0 1.000000
radio
  0 2.733316 -0.561097 13.639438 0.000000 0.000000 1.000000 0.451518 0.379709 1 0 1.000000
  0 3.210613 -0.907874 13.639438 0.000000 0.000000 1.000000 0.468275 0.367534 1 0 1.000000
  0 3.505599 -0.000001 13.639438 0.000000 0.000000 1.000000 0.478633 0.399409 1 0 1.000000
radio
  0 3.210613 -0.907874 13.639438 0.000000 0.000000 1.000000 0.468275 0.367534 1 0 1.000000
  0 3.800585 -0.907874 13.639438 0.000000 0.000000 1.000000 0.488989 0.367534 1 0 1.000000
  0 3.505599 -0.000001 13.639438 0.000000 0.000000 1.000000 0.478633 0.399409 1 0 1.000000
radio
  0 3.800585 -0.907874 13.639438 0.000000 0.000000 1.000000 0.488989 0.367534 1 0 1.000000
  0 4.277882 -0.561097 13.639438 0.000000 0.000000 1.000000 0.505747 0.379709 1 0 1.000000
  0 3.505599 -0.000001 13.639438 0.000000 0.000000 1.000000 0.478633 0.399409 1 0 1.000000
radio
  0 4.277882 -0.561097 13.639438 0.000000 0.000000 1.000000 0.505747 0.379709 1 0 1.000000
  0 4.460193 -0.000001 13.639438 0.000000 0.000000 1.000000 0.512148 0.399409 1 0 1.000000
  0 3.505599 -0.000001 13.639438 0.000000 0.000000 1.000000 0.478633 0.399409 1 0 1.000000
radio
  0 4.460193 -0.000001 13.639438 0.000000 0.000000 1.000000 0.512148 0.399409 1 0 1.000000
  0 4.277882 0.561096 13.639438 0.000000 0.000000 1.000000 0.505747 0.419109 1 0 1.000000
  0 3.505599 -0.000001 13.639438 0.000000 0.000000 1.000000 0.478633 0.399409 1 0 1.000000
radio
  0 4.277882 0.561096 13.639438 0.000000 0.000000 1.000000 0.505747 0.419109 1 0 1.000000
  0 3.800585 0.907872 13.639438 0.000000 0.000000 1.000000 0.488989 0.431284 1 0 1.000000
  0 3.505599 -0.000001 13.639438 0.000000 0.000000 1.000000 0.478633 0.399409 1 0 1.000000
radio
  0 3.800585 0.907872 13.639438 0.000000 0.000000 1.000000 0.488989 0.431284 1 0 1.000000
  0 3.210613 0.907872 13.639438 0.000000 0.000000 1.000000 0.468275 0.431284 1 0 1.000000
  0 3.505599 -0.000001 13.639438 0.000000 0.000000 1.000000 0.478633 0.399409 1 0 1.000000
radio
  0 3.210613 0.907872 13.639438 0.000000 0.000000 1.000000 0.468275 0.431284 1 0 1.000000
  0 2.733316 0.561096 13.639438 0.000000 0.000000 1.000000 0.451518 0.419109 1 0 1.000000
  0 3.505599 -0.000001 13.639438 0.000000 0.000000 1.000000 0.478633 0.399409 1 0 1.000000
radio
  0 -2.032701 2.236254 13.421487 0.212960 0.655422 0.724617 0.398618 0.436100 1 0 1.000000
  0 -1.845166 2.100002 13.421487 0.557535 0.405073 0.724617 0.408099 0.429211 1 0 1.000000
  0 -1.825504 2.114287 13.398373 0.557535 0.405073 0.724617 0.409093 0.429934 1 0 1.000000
radio
  0 -1.845166 2.100002 13.421487 0.557535 0.405073 0.724617 0.408099 0.429211 1 0 1.000000
  0 -1.749231 1.879542 13.398373 0.689152 0.000000 0.724617 0.412949 0.418066 1 0 1.000000
  0 -1.825504 2.114287 13.398373 0.557535 0.405073 0.724617 0.409093 0.429934 1 0 1.000000
radio
  0 -1.845166 2.100002 13.421487 0.557535 0.405073 0.724617 0.408099 0.429211 1 0 1.000000
  0 -1.773534 1.879542 13.421487 0.689152 0.000000 0.724617 0.411721 0.418066 1 0 1.000000
  0 -1.749231 1.879542 13.398373 0.689152 0.000000 0.724617 0.412949 0.418066 1 0 1.000000
radio
  0 -1.773534 1.879542 13.421487 0.689152 0.000000 0.724617 0.411721 0.418066 1 0 1.000000
  0 -1.825504 1.644796 13.398373 0.557535 -0.405073 0.724617 0.409093 0.406198 1 0 1.000000
  0 -1.749231 1.879542 13.398373 0.689152 0.000000 0.724617 0.412949 0.418066 1 0 1.000000
radio
  0 -1.773534 1.879542 13.421487 0.689152 0.000000 0.724617 0.411721 0.418066 1 0 1.000000
  0 -1.845166 1.659081 13.421487 0.557535 -0.405073 0.724617 0.408099 0.406920 1 0 1.000000
  0 -1.825504 1.644796 13.398373 0.557535 -0.405073 0.724617 0.409093 0.406198 1 0 1.000000
radio
  0 -1.845166 1.659081 13.421487 0.557535 -0.405073 0.724617 0.408099 0.406920 1 0 1.000000
  0 -2.025191 1.499716 13.398373 0.212960 -0.655422 0.724617 0.398998 0.398864 1 0 1.000000
  0 -1.825504 1.644796 13.398373 0.557535 -0.405073 0.724617 0.409093 0.406198 1 0 1.000000
radio
  0 -1.845166 1.659081 13.421487 0.557535 -0.405073 0.724617 0.408099 0.406920 1 0 1.000000
  0 -2.032701 1.522830 13.421487 0.212960 -0.655422 0.724617 0.398618 0.400032 1 0 1.000000
  0 -2.025191 1.499716 13.398373 0.212960 -0.655422 0.724617 0.398998 0.398864 1 0 1.000000
radio
  0 -2.032701 1.522830 13.421487 0.212960 -0.655422 0.724617 0.398618 0.400032 1 0 1.000000
  0 -2.272017 1.499716 13.398373 -0.212960 -0.655422 0.724617 0.386519 0.398864 1 0 1.000000
  0 -2.025191 1.499716 13.398373 0.212960 -0.655422 0.724617 0.398998 0.398864 1 0 1.000000
radio
  0 -2.032701 1.522830 13.421487 0.212960 -0.655422 0.724617 0.398618 0.400032 1 0 1.000000
  0 -2.264506 1.522830 13.421487 -0.212960 -0.655422 0.724617 0.386899 0.400032 1 0 1.000000
  0 -2.272017 1.499716 13.398373 -0.212960 -0.655422 0.724617 0.386519 0.398864 1 0 1.000000
radio
  0 -2.264506 1.522830 13.421487 -0.212960 -0.655422 0.724617 0.386899 0.400032 1 0 1.000000
  0 -2.471703 1.644796 13.398373 -0.557535 -0.405073 0.724617 0.376424 0.406198 1 0 1.000000
  0 -2.272017 1.499716 13.398373 -0.212960 -0.655422 0.724617 0.386519 0.398864 1 0 1.000000
radio
  0 -2.264506 1.522830 13.421487 -0.212960 -0.655422 0.724617 0.386899 0.400032 1 0 1.000000
  0 -2.452041 1.659081 13.421487 -0.557535 -0.405073 0.724617 0.377418 0.406920 1 0 1.000000
  0 -2.471703 1.644796 13.398373 -0.557535 -0.405073 0.724617 0.376424 0.406198 1 0 1.000000
radio
  0 -2.452041 1.659081 13.421487 -0.557535 -0.405073 0.724617 0.377418 0.406920 1 0 1.000000
  0 -2.547976 1.879542 13.398373 -0.689152 0.000000 0.724617 0.372569 0.418066 1 0 1.000000
  0 -2.471703 1.644796 13.398373 -0.557535 -0.405073 0.724617 0.376424 0.406198 1 0 1.000000
radio
  0 -2.452041 1.659081 13.421487 -0.557535 -0.405073 0.724617 0.377418 0.406920 1 0 1.000000
  0 -2.523673 1.879542 13.421487 -0.689152 0.000000 0.724617 0.373797 0.418066 1 0 1.000000
  0 -2.547976 1.879542 13.398373 -0.689152 0.000000 0.724617 0.372569 0.418066 1 0 1.000000
radio
  0 -2.523673 1.879542 13.421487 -0.689152 0.000000 0.724617 0.373797 0.418066 1 0 1.000000
  0 -2.471703 2.114287 13.398373 -0.557535 0.405073 0.724617 0.376424 0.429934 1 0 1.000000
  0 -2.547976 1.879542 13.398373 -0.689152 0.000000 0.724617 0.372569 0.418066 1 0 1.000000
radio
  0 -2.523673 1.879542 13.421487 -0.689152 0.000000 0.724617 0.373797 0.418066 1 0 1.000000
  0 -2.452041 2.100002 13.421487 -0.557535 0.405073 0.724617 0.377418 0.429211 1 0 1.000000
  0 -2.471703 2.114287 13.398373 -0.557535 0.405073 0.724617 0.376424 0.429934 1 0 1.000000
radio
  0 -2.452041 2.100002 13.421487 -0.557535 0.405073 0.724617 0.377418 0.429211 1 0 1.000000
  0 -2.272017 2.259368 13.398373 -0.212960 0.655422 0.724617 0.386519 0.437269 1 0 1.000000
  0 -2.471703 2.114287 13.398373 -0.557535 0.405073 0.724617 0.376424 0.429934 1 0 1.000000
radio
  0 -2.452041 2.100002 13.421487 -0.557535 0.405073 0.724617 0.377418 0.429211 1 0 1.000000
  0 -2.264506 2.236254 13.421487 -0.212960 0.655422 0.724617 0.386899 0.436100 1 0 1.000000
  0 -2.272017 2.259368 13.398373 -0.212960 0.655422 0.724617 0.386519 0.437269 1 0 1.000000
radio
  0 -2.264506 2.236254 13.421487 -0.212960 0.655422 0.724617 0.386899 0.436100 1 0 1.000000
  0 -2.025191 2.259368 13.398373 0.212960 0.655422 0.724617 0.398998 0.437269 1 0 1.000000
  0 -2.272017 2.259368 13.398373 -0.212960 0.655422 0.724617 0.386519 0.437269 1 0 1.000000
radio
  0 -2.264506 2.236254 13.421487 -0.212960 0.655422 0.724617 0.386899 0.436100 1 0 1.000000
  0 -2.032701 2.236254 13.421487 0.212960 0.655422 0.724617 0.398618 0.436100 1 0 1.000000
  0 -2.025191 2.259368 13.398373 0.212960 0.655422 0.724617 0.398998 0.437269 1 0 1.000000
radio
  0 -2.032701 2.236254 13.421487 0.212960 0.655422 0.724617 0.398618 0.436100 1 0 1.000000
  0 -1.825504 2.114287 13.398373 0.557535 0.405073 0.724617 0.409093 0.429934 1 0 1.000000
  0 -2.025191 2.259368 13.398373 0.212960 0.655422 0.724617 0.398998 0.437269 1 0 1.000000
radio
  0 -2.032944 1.963573 30.843733 0.000000 0.000000 1.000000 0.473304 0.957413 1 0 1.000000
  0 -2.104425 2.015507 30.843733 0.000000 0.000000 1.000000 0.468855 0.960646 1 0 1.000000
  0 -2.148604 1.879541 30.843733 0.000000 0.000000 1.000000 0.466105 0.952183 1 0 1.000000
radio
  0 -2.104425 2.015507 30.843733 0.000000 0.000000 1.000000 0.468855 0.960646 1 0 1.000000
  0 -2.192782 2.015507 30.843733 0.000000 0.000000 1.000000 0.463355 0.960646 1 0 1.000000
  0 -2.148604 1.879541 30.843733 0.000000 0.000000 1.000000 0.466105 0.952183 1 0 1.000000
radio
  0 -2.192782 2.015507 30.843733 0.000000 0.000000 1.000000 0.463355 0.960646 1 0 1.000000
  0 -2.264264 1.963573 30.843733 0.000000 0.000000 1.000000 0.458906 0.957413 1 0 1.000000
  0 -2.148604 1.879541 30.843733 0.000000 0.000000 1.000000 0.466105 0.952183 1 0 1.000000
radio
  0 -2.264264 1.963573 30.843733 0.000000 0.000000 1.000000 0.458906 0.957413 1 0 1.000000
  0 -2.291567 1.879541 30.843733 0.000000 0.000000 1.000000 0.457207 0.952183 1 0 1.000000
  0 -2.148604 1.879541 30.843733 0.000000 0.000000 1.000000 0.466105 0.952183 1 0 1.000000
radio
  0 -2.291567 1.879541 30.843733 0.000000 0.000000 1.000000 0.457207 0.952183 1 0 1.000000
  0 -2.264264 1.795509 30.843733 0.000000 0.000000 1.000000 0.458906 0.946952 1 0 1.000000
  0 -2.148604 1.879541 30.843733 0.000000 0.000000 1.000000 0.466105 0.952183 1 0 1.000000
radio
  0 -2.264264 1.795509 30.843733 0.000000 0.000000 1.000000 0.458906 0.946952 1 0 1.000000
  0 -2.192782 1.743574 30.843733 0.000000 0.000000 1.000000 0.463355 0.943720 1 0 1.000000
  0 -2.148604 1.879541 30.843733 0.000000 0.000000 1.000000 0.466105 0.952183 1 0 1.000000
radio
  0 -2.192782 1.743574 30.843733 0.000000 0.000000 1.000000 0.463355 0.943720 1 0 1.000000
  0 -2.104425 1.743574 30.843733 0.000000 0.000000 1.000000 0.468855 0.943720 1 0 1.000000
  0 -2.148604 1.879541 30.843733 0.000000 0.000000 1.000000 0.466105 0.952183 1 0 1.000000
radio
  0 -2.104425 1.743574 30.843733 0.000000 0.000000 1.000000 0.468855 0.943720 1 0 1.000000
  0 -2.032944 1.795509 30.843733 0.000000 0.000000 1.000000 0.473304 0.946952 1 0 1.000000
  0 -2.148604 1.879541 30.843733 0.000000 0.000000 1.000000 0.466105 0.952183 1 0 1.000000
radio
  0 -2.032944 1.795509 30.843733 0.000000 0.000000 1.000000 0.473304 0.946952 1 0 1.000000
  0 -2.005640 1.879541 30.843733 0.000000 0.000000 1.000000 0.475004 0.952183 1 0 1.000000
  0 -2.148604 1.879541 30.843733 0.000000 0.000000 1.000000 0.466105 0.952183 1 0 1.000000
radio
  0 -2.005640 1.879541 30.843733 0.000000 0.000000 1.000000 0.475004 0.952183 1 0 1.000000
  0 -2.032944 1.963573 30.843733 0.000000 0.000000 1.000000 0.473304 0.957413 1 0 1.000000
  0 -2.148604 1.879541 30.843733 0.000000 0.000000 1.000000 0.466105 0.952183 1 0 1.000000
radio
  0 4.336165 -1.706985 12.235148 0.392443 -0.583041 0.711373 0.925026 0.065184 1 0 1.000000
  0 5.332725 -1.706985 11.551776 0.506124 -0.616258 0.603378 0.957448 0.064388 1 0 1.000000
  0 5.415703 -1.145491 11.913075 0.553735 -0.409521 0.725031 0.960596 0.082590 1 0 1.000000
radio
  0 4.336165 -1.706985 12.235148 0.392443 -0.583041 0.711373 0.925026 0.065184 1 0 1.000000
  0 5.415703 -1.145491 11.913075 0.553735 -0.409521 0.725031 0.960596 0.082590 1 0 1.000000
  0 4.394898 -1.145491 12.539939 0.415680 -0.375532 0.828363 0.927385 0.083406 1 0 1.000000
radio
  0 4.394898 -1.145491 12.539939 0.415680 -0.375532 0.828363 0.927385 0.083406 1 0 1.000000
  0 5.415703 -1.145491 11.913075 0.553735 -0.409521 0.725031 0.960596 0.082590 1 0 1.000000
  0 5.447117 -0.563923 12.111012 0.572154 -0.199088 0.795615 0.962083 0.101486 1 0 1.000000
radio
  0 4.394898 -1.145491 12.539939 0.415680 -0.375532 0.828363 0.927385 0.083406 1 0 1.000000
  0 5.447117 -0.563923 12.111012 0.572154 -0.199088 0.795615 0.962083 0.101486 1 0 1.000000
  0 4.415934 -0.563923 12.706806 0.422842 -0.179627 0.888222 0.928534 0.102310 1 0 1.000000
radio
  0 4.415934 -0.563923 12.706806 0.422842 -0.179627 0.888222 0.928534 0.102310 1 0 1.000000
  0 5.447117 -0.563923 12.111012 0.572154 -0.199088 0.795615 0.962083 0.101486 1 0 1.000000
  0 5.454386 0.027770 12.174041 0.575937 0.000000 0.817494 0.962792 0.120730 1 0 1.000000
radio
  0 4.415934 -0.563923 12.706806 0.422842 -0.179627 0.888222 0.928534 0.102310 1 0 1.000000
  0 5.454386 0.027770 12.174041 0.575937 0.000000 0.817494 0.962792 0.120730 1 0 1.000000
  0 4.420478 0.027769 12.760085 0.424112 0.000000 0.905610 0.929154 0.121556 1 0 1.000000
radio
  0 4.420478 0.027769 12.760085 0.424112 0.000000 0.905610 0.929154 0.121556 1 0 1.000000
  0 5.454386 0.027770 12.174041 0.575937 0.000000 0.817494 0.962792 0.120730 1 0 1.000000
  0 5.447117 0.619462 12.111012 0.572154 0.199088 0.795615 0.963028 0.139986 1 0 1.000000
radio
  0 4.420478 0.027769 12.760085 0.424112 0.000000 0.905610 0.929154 0.121556 1 0 1.000000
  0 5.447117 0.619462 12.111012 0.572154 0.199088 0.795615 0.963028 0.139986 1 0 1.000000
  0 4.415934 0.619462 12.706806 0.422842 0.179627 0.888222 0.929479 0.140810 1 0 1.000000
radio
  0 4.415934 0.619462 12.706806 0.422842 0.179627 0.888222 0.929479 0.140810 1 0 1.000000
  0 5.447117 0.619462 12.111012 0.572154 0.199088 0.795615 0.963028 0.139986 1 0 1.000000
  0 5.415703 1.201030 11.913075 0.553735 0.409521 0.725031 0.962470 0.158932 1 0 1.000000
radio
  0 4.415934 0.619462 12.706806 0.422842 0.179627 0.888222 0.929479 0.140810 1 0 1.000000
  0 5.415703 1.201030 11.913075 0.553735 0.409521 0.725031 0.962470 0.158932 1 0 1.000000
  0 4.394898 1.201030 12.539939 0.415680 0.375532 0.828363 0.929259 0.159748 1 0 1.000000
radio
  0 3.389877 0.619462 13.090699 0.286122 0.168643 0.943236 0.896097 0.141630 1 0 1.000000
  0 4.415934 0.619462 12.706806 0.422842 0.179627 0.888222 0.929479 0.140810 1 0 1.000000
  0 4.394898 1.201030 12.539939 0.415680 0.375532 0.828363 0.929259 0.159748 1 0 1.000000
radio
  0 3.389877 0.619462 13.090699 0.286122 0.168643 0.943236 0.896097 0.141630 1 0 1.000000
  0 4.394898 1.201030 12.539939 0.415680 0.375532 0.828363 0.929259 0.159748 1 0 1.000000
  0 3.368120 1.201030 12.940269 0.281627 0.349845 0.893473 0.895854 0.160568 1 0 1.000000
radio
  0 2.317611 0.619462 13.339014 0.174185 0.163571 0.971032 0.861212 0.142486 1 0 1.000000
  0 3.389877 0.619462 13.090699 0.286122 0.168643 0.943236 0.896097 0.141630 1 0 1.000000
  0 3.368120 1.201030 12.940269 0.281627 0.349845 0.893473 0.895854 0.160568 1 0 1.000000
radio
  0 2.317611 0.619462 13.339014 0.174185 0.163571 0.971032 0.861212 0.142486 1 0 1.000000
  0 3.368120 1.201030 12.940269 0.281627 0.349845 0.893473 0.895854 0.160568 1 0 1.000000
  0 2.297001 1.201030 13.194438 0.170629 0.334054 0.926981 0.861006 0.161424 1 0 1.000000
radio
  0 1.181215 0.619462 13.482977 0.082210 0.161769 0.983398 0.824241 0.143394 1 0 1.000000
  0 2.317611 0.619462 13.339014 0.174185 0.163571 0.971032 0.861212 0.142486 1 0 1.000000
  0 2.297001 1.201030 13.194438 0.170629 0.334054 0.926981 0.861006 0.161424 1 0 1.000000
radio
  0 1.181215 0.619462 13.482977 0.082210 0.161769 0.983398 0.824241 0.143394 1 0 1.000000
  0 2.297001 1.201030 13.194438 0.170629 0.334054 0.926981 0.861006 0.161424 1 0 1.000000
  0 1.168306 1.201030 13.339014 0.080078 0.326141 0.941923 0.824285 0.162325 1 0 1.000000
radio
  0 0.000000 0.619462 13.530699 -0.000002 0.161411 0.986887 0.785811 0.144337 1 0 1.000000
  0 1.181215 0.619462 13.482977 0.082210 0.161769 0.983398 0.824241 0.143394 1 0 1.000000
  0 1.168306 1.201030 13.339014 0.080078 0.326141 0.941923 0.824285 0.162325 1 0 1.000000
radio
  0 0.000000 0.619462 13.530699 -0.000002 0.161411 0.986887 0.785811 0.144337 1 0 1.000000
  0 1.168306 1.201030 13.339014 0.080078 0.326141 0.941923 0.824285 0.162325 1 0 1.000000
  0 0.000000 1.201030 13.386399 -0.000001 0.323853 0.946107 0.786275 0.163258 1 0 1.000000
radio
  0 5.332725 -1.706985 11.551776 0.506124 -0.616258 0.603378 0.957448 0.064388 1 0 1.000000
  0 6.334082 -1.706985 10.526165 0.583348 -0.643372 0.495760 0.990026 0.063587 1 0 1.000000
  0 6.472730 -1.145491 10.932313 0.658806 -0.446356 0.605592 0.994986 0.081745 1 0 1.000000
radio
  0 5.332725 -1.706985 11.551776 0.506124 -0.616258 0.603378 0.957448 0.064388 1 0 1.000000
  0 6.472730 -1.145491 10.932313 0.658806 -0.446356 0.605592 0.994986 0.081745 1 0 1.000000
  0 5.415703 -1.145491 11.913075 0.553735 -0.409521 0.725031 0.960596 0.082590 1 0 1.000000
radio
  0 5.415703 -1.145491 11.913075 0.553735 -0.409521 0.725031 0.960596 0.082590 1 0 1.000000
  0 6.472730 -1.145491 10.932313 0.658806 -0.446356 0.605592 0.994986 0.081745 1 0 1.000000
  0 6.538247 -0.563923 11.165956 0.699397 -0.224990 0.678398 0.997582 0.100613 1 0 1.000000
radio
  0 5.415703 -1.145491 11.913075 0.553735 -0.409521 0.725031 0.960596 0.082590 1 0 1.000000
  0 6.538247 -0.563923 11.165956 0.699397 -0.224990 0.678398 0.997582 0.100613 1 0 1.000000
  0 5.447117 -0.563923 12.111012 0.572154 -0.199088 0.795615 0.962083 0.101486 1 0 1.000000
radio
  0 5.447117 -0.563923 12.111012 0.572154 -0.199088 0.795615 0.962083 0.101486 1 0 1.000000
  0 6.538247 -0.563923 11.165956 0.699397 -0.224990 0.678398 0.997582 0.100613 1 0 1.000000
  0 6.556893 0.027770 11.241893 0.711138 0.000000 0.703052 0.998661 0.119849 1 0 1.000000
radio
  0 5.447117 -0.563923 12.111012 0.572154 -0.199088 0.795615 0.962083 0.101486 1 0 1.000000
  0 6.556893 0.027770 11.241893 0.711138 0.000000 0.703052 0.998661 0.119849 1 0 1.000000
  0 5.454386 0.027770 12.174041 0.575937 0.000000 0.817494 0.962792 0.120730 1 0 1.000000
radio
  0 5.454386 0.027770 12.174041 0.575937 0.000000 0.817494 0.962792 0.120730 1 0 1.000000
  0 6.556893 0.027770 11.241893 0.711138 0.000000 0.703052 0.998661 0.119849 1 0 1.000000
  0 6.538247 0.619462 11.165956 0.699397 0.224990 0.678398 0.998527 0.139113 1 0 1.000000
radio
  0 5.454386 0.027770 12.174041 0.575937 0.000000 0.817494 0.962792 0.120730 1 0 1.000000
  0 6.538247 0.619462 11.165956 0.699397 0.224990 0.678398 0.998527 0.139113 1 0 1.000000
  0 5.447117 0.619462 12.111012 0.572154 0.199088 0.795615 0.963028 0.139986 1 0 1.000000
radio
  0 5.447117 0.619462 12.111012 0.572154 0.199088 0.795615 0.963028 0.139986 1 0 1.000000
  0 6.538247 0.619462 11.165956 0.699397 0.224990 0.678398 0.998527 0.139113 1 0 1.000000
  0 6.472730 1.201030 10.932313 0.658806 0.446356 0.605592 0.996860 0.158086 1 0 1.000000
radio
  0 5.447117 0.619462 12.111012 0.572154 0.199088 0.795615 0.963028 0.139986 1 0 1.000000
  0 6.472730 1.201030 10.932313 0.658806 0.446356 0.605592 0.996860 0.158086 1 0 1.000000
  0 5.415703 1.201030 11.913075 0.553735 0.409521 0.725031 0.962470 0.158932 1 0 1.000000
radio
  0 5.415703 1.201030 11.913075 0.553735 0.409521 0.725031 0.962470 0.158932 1 0 1.000000
  0 6.472730 1.201030 10.932313 0.658806 0.446356 0.605592 0.996860 0.158086 1 0 1.000000
  0 6.334082 1.762524 10.526165 0.583348 0.643372 0.495760 0.992797 0.176465 1 0 1.000000
radio
  0 5.415703 1.201030 11.913075 0.553735 0.409521 0.725031 0.962470 0.158932 1 0 1.000000
  0 6.334082 1.762524 10.526165 0.583348 0.643372 0.495760 0.992797 0.176465 1 0 1.000000
  0 5.332725 1.762524 11.551776 0.506124 0.616258 0.603378 0.960219 0.177265 1 0 1.000000
radio
  0 4.394898 1.201030 12.539939 0.415680 0.375532 0.828363 0.929259 0.159748 1 0 1.000000
  0 5.415703 1.201030 11.913075 0.553735 0.409521 0.725031 0.962470 0.158932 1 0 1.000000
  0 5.332725 1.762524 11.551776 0.506124 0.616258 0.603378 0.960219 0.177265 1 0 1.000000
radio
  0 4.394898 1.201030 12.539939 0.415680 0.375532 0.828363 0.929259 0.159748 1 0 1.000000
  0 5.332725 1.762524 11.551776 0.506124 0.616258 0.603378 0.960219 0.177265 1 0 1.000000
  0 4.336165 1.762524 12.235148 0.392444 0.583041 0.711373 0.927797 0.178062 1 0 1.000000
radio
  0 3.368120 1.201030 12.940269 0.281627 0.349845 0.893473 0.895854 0.160568 1 0 1.000000
  0 4.394898 1.201030 12.539939 0.415680 0.375532 0.828363 0.929259 0.159748 1 0 1.000000
  0 4.336165 1.762524 12.235148 0.392444 0.583041 0.711373 0.927797 0.178062 1 0 1.000000
radio
  0 3.368120 1.201030 12.940269 0.281627 0.349845 0.893473 0.895854 0.160568 1 0 1.000000
  0 4.336165 1.762524 12.235148 0.392444 0.583041 0.711373 0.927797 0.178062 1 0 1.000000
  0 3.317538 1.762524 12.669659 0.270989 0.547559 0.791672 0.894657 0.178876 1 0 1.000000
radio
  0 2.297001 1.201030 13.194438 0.170629 0.334054 0.926981 0.861006 0.161424 1 0 1.000000
  0 3.368120 1.201030 12.940269 0.281627 0.349845 0.893473 0.895854 0.160568 1 0 1.000000
  0 3.317538 1.762524 12.669659 0.270989 0.547559 0.791672 0.894657 0.178876 1 0 1.000000
radio
  0 2.297001 1.201030 13.194438 0.170629 0.334054 0.926981 0.861006 0.161424 1 0 1.000000
  0 3.317538 1.762524 12.669659 0.270989 0.547559 0.791672 0.894657 0.178876 1 0 1.000000
  0 2.255600 1.762524 12.940269 0.165411 0.519282 0.838442 0.860107 0.179724 1 0 1.000000
end
