version 1
nodes
0 "root" -1
end
skeleton
time 0
0 0 0 0 0 0 0
end
triangles
toilet
0  8.937413 -2.293605 24.920208  0.864733 -0.074993 -0.496601  0.728367 0.328616 0
0  9.087655 -1.403354 25.288052  0.966097 0.075349 -0.246939  0.732389 0.319548 0
0  9.087712 -2.293621 25.287998  0.965838 -0.075640 -0.247860  0.732389 0.328616 0
toilet
0  6.773557 -2.293705 24.314480  -0.458079 -0.073406 -0.885876  0.702512 0.328616 0
0  7.161645 -1.403400 24.173256  -0.222291 0.072405 -0.972288  0.706855 0.319548 0
0  7.161698 -2.293667 24.173199  -0.221460 -0.072713 -0.972455  0.706855 0.328616 0
toilet
0  8.367541 -2.293605 24.353642  0.501042 -0.073232 -0.862319  0.720012 0.328616 0
0  8.691722 -1.403335 24.601570  0.704538 0.073813 -0.705818  0.724249 0.319548 0
0  8.691775 -2.293605 24.601521  0.703272 -0.074067 -0.707052  0.724249 0.328616 0
toilet
0  7.161698 -2.293667 24.173199  -0.221460 -0.072713 -0.972455  0.706855 0.328616 0
0  7.575461 -1.403370 24.131985  0.024496 0.072115 -0.997095  0.711262 0.319548 0
0  7.575515 -2.293648 24.131931  0.024499 -0.072559 -0.997063  0.711262 0.328616 0
toilet
0  7.575515 -2.293648 24.131931  0.024499 -0.072559 -0.997063  0.711262 0.328616 0
0  7.986753 -1.403354 24.193531  0.269774 0.072374 -0.960200  0.715670 0.319548 0
0  7.986806 -2.293621 24.193478  0.268976 -0.072691 -0.960400  0.715670 0.328616 0
toilet
0  5.944460 2.370171 25.601486  -0.996809 0.075946 -0.024573  0.746428 0.403818 0
0  6.065452 2.411770 25.975941  -0.530332 0.836859 0.135701  0.744884 0.407820 0
0  6.022934 2.411751 25.603409  -0.545745 0.837843 -0.013458  0.745518 0.403796 0
toilet
0  7.986806 -2.293621 24.193478  0.268976 -0.072691 -0.960400  0.715670 0.328616 0
0  8.367488 -1.403343 24.353699  0.501050 0.073030 -0.862331  0.720012 0.319548 0
0  8.367541 -2.293605 24.353642  0.501042 -0.073232 -0.862319  0.720012 0.328616 0
toilet
0  8.691775 -2.293605 24.601521  0.703272 -0.074067 -0.707052  0.724249 0.328616 0
0  8.937358 -1.403343 24.920261  0.864721 0.074658 -0.496672  0.728367 0.319548 0
0  8.937413 -2.293605 24.920208  0.864733 -0.074993 -0.496601  0.728367 0.328616 0
toilet
0  9.087712 -2.293621 25.287998  0.965838 -0.075640 -0.247860  0.732389 0.328616 0
0  9.132379 -1.403370 25.679874  0.996842 0.075540 0.024508  0.736357 0.319548 0
0  9.132432 -2.293647 25.679817  0.996814 -0.075928 0.024450  0.736357 0.328616 0
toilet
0  6.437540 -2.293739 24.546127  -0.669002 -0.074243 -0.739543  0.698276 0.328616 0
0  6.773503 -1.403435 24.314529  -0.458109 0.072909 -0.885901  0.702512 0.319548 0
0  6.773557 -2.293705 24.314480  -0.458079 -0.073406 -0.885876  0.702512 0.328616 0
toilet
0  6.176548 -2.293773 24.852371  -0.839252 -0.075081 -0.538535  0.694158 0.328616 0
0  6.437486 -1.403469 24.546185  -0.669030 0.073748 -0.739567  0.698276 0.319548 0
0  6.437540 -2.293739 24.546127  -0.669002 -0.074243 -0.739543  0.698276 0.328616 0
toilet
0  9.068467 -1.403400 26.069023  0.952799 0.075232 0.294133  0.740324 0.319548 0
0  9.132432 -2.293647 25.679817  0.996814 -0.075928 0.024450  0.736357 0.328616 0
0  9.132379 -1.403370 25.679874  0.996842 0.075540 0.024508  0.736357 0.319548 0
toilet
0  8.303279 -1.403499 26.966877  0.458089 0.072849 0.885917  0.752701 0.319548 0
0  8.639350 -2.293739 26.735168  0.669031 -0.074244 0.739517  0.748465 0.328616 0
0  8.639296 -1.403469 26.735226  0.667665 0.073681 0.740807  0.748465 0.319548 0
toilet
0  5.944406 -1.403560 25.601543  -0.996851 0.075412 -0.024508  0.786545 0.319548 0
0  5.989180 -2.293854 25.993301  -0.966071 -0.075771 0.246912  0.782578 0.328616 0
0  5.989125 -1.403587 25.993359  -0.965872 0.075152 0.247879  0.782578 0.319548 0
toilet
0  7.915137 -1.403534 27.108154  0.222308 0.072307 0.972292  0.757043 0.319548 0
0  8.303332 -2.293773 26.966824  0.458113 -0.073357 0.885862  0.752701 0.328616 0
0  8.303279 -1.403499 26.966877  0.458089 0.072849 0.885917  0.752701 0.319548 0
toilet
0  6.008368 -2.293804 25.212330  -0.952784 -0.075738 -0.294053  0.690136 0.328616 0
0  6.176494 -1.403499 24.852428  -0.839293 0.074559 -0.538542  0.694158 0.319548 0
0  6.176548 -2.293773 24.852371  -0.839252 -0.075081 -0.538535  0.694158 0.328616 0
toilet
0  6.139424 -1.403599 26.361145  -0.864723 0.074438 0.496702  0.778555 0.319548 0
0  6.385114 -2.293873 26.679783  -0.704536 -0.074326 0.705766  0.774437 0.328616 0
0  6.385060 -1.403599 26.679836  -0.703275 0.073619 0.707096  0.774437 0.319548 0
toilet
0  8.639296 -1.403469 26.735226  0.667665 0.073681 0.740807  0.748465 0.319548 0
0  8.900340 -2.293697 26.428928  0.839280 -0.075047 0.538496  0.744346 0.328616 0
0  8.900287 -1.403434 26.428986  0.838400 0.074577 0.539929  0.744346 0.319548 0
toilet
0  6.385060 -1.403599 26.679836  -0.703275 0.073619 0.707096  0.774437 0.319548 0
0  6.709347 -2.293865 26.927658  -0.501065 -0.073411 0.862290  0.770202 0.328616 0
0  6.709293 -1.403599 26.927711  -0.499819 0.072814 0.863064  0.770202 0.319548 0
toilet
0  7.501320 -1.403560 27.149426  -0.024507 0.072096 0.997097  0.761452 0.319548 0
0  7.915191 -2.293804 27.108097  0.222299 -0.072816 0.972256  0.757043 0.328616 0
0  7.915137 -1.403534 27.108154  0.222308 0.072307 0.972292  0.757043 0.319548 0
toilet
0  8.900287 -1.403434 26.428986  0.838400 0.074577 0.539929  0.744346 0.319548 0
0  9.068522 -2.293666 26.068966  0.952783 -0.075697 0.294065  0.740324 0.328616 0
0  9.068467 -1.403400 26.069023  0.952799 0.075232 0.294133  0.740324 0.319548 0
toilet
0  5.944460 -2.293827 25.601486  -0.996806 -0.076004 -0.024518  0.686168 0.328616 0
0  6.008314 -1.403541 25.212387  -0.952820 0.075145 -0.294087  0.690136 0.319548 0
0  6.008368 -2.293804 25.212330  -0.952784 -0.075738 -0.294053  0.690136 0.328616 0
toilet
0  7.090030 -1.403587 27.087883  -0.269759 0.072181 0.960219  0.765858 0.319548 0
0  7.501374 -2.293827 27.149372  -0.024486 -0.072653 0.997057  0.761452 0.328616 0
0  7.501320 -1.403560 27.149426  -0.024507 0.072096 0.997097  0.761452 0.319548 0
toilet
0  5.989125 -1.403587 25.993359  -0.965872 0.075152 0.247879  0.782578 0.319548 0
0  6.139479 -2.293865 26.361092  -0.864708 -0.075101 0.496628  0.778555 0.328616 0
0  6.139424 -1.403599 26.361145  -0.864723 0.074438 0.496702  0.778555 0.319548 0
toilet
0  8.134825 -2.833488 25.504875  0.149576 -0.988013 -0.038170  0.747875 0.349746 0
0  8.152038 -2.833496 25.655693  0.156075 -0.987738 0.003756  0.748126 0.351244 0
0  8.127439 -2.833507 25.805489  0.147547 -0.988015 0.045344  0.747947 0.352752 0
toilet
0  8.134825 -2.833488 25.504875  0.149576 -0.988013 -0.038170  0.747875 0.349746 0
0  8.127439 -2.833507 25.805489  0.147547 -0.988015 0.045344  0.747947 0.352752 0
0  7.538484 -2.902935 25.640615  0.000062 -1.000000 -0.000060  0.742008 0.351391 0
toilet
0  6.545748 2.517319 26.535053  -0.421123 0.801872 0.423860  0.739246 0.413520 0
0  6.750167 2.411785 26.864296  -0.282271 0.826884 0.486402  0.737045 0.417218 0
0  6.824817 2.517315 26.748425  -0.301826 0.798314 0.521148  0.736160 0.415694 0
toilet
0  6.204980 2.517315 25.944176  -0.569298 0.809060 0.146020  0.743149 0.407339 0
0  6.461472 2.620293 26.195267  -0.490685 0.824022 0.283223  0.740072 0.409776 0
0  6.345766 2.620289 25.912125  -0.545143 0.826564 0.140041  0.741414 0.406857 0
toilet
0  7.152527 2.517300 26.886295  -0.163407 0.795491 0.583517  0.732576 0.417030 0
0  7.503201 2.411751 27.075096  -0.013886 0.823290 0.567451  0.728701 0.419188 0
0  7.506545 2.517273 26.939278  -0.014866 0.794465 0.607128  0.728743 0.417428 0
toilet
0  7.112159 -2.335426 27.016579  -0.149714 -0.832342 0.533660  0.738074 0.366719 0
0  7.506596 -2.437366 26.937183  -0.014899 -0.795371 0.605939  0.742346 0.365419 0
0  7.503201 -2.335407 27.075092  -0.013601 -0.831384 0.555532  0.742389 0.367179 0
toilet
0  7.570312 -2.437202 24.344105  0.014999 -0.795298 -0.606033  0.741670 0.337363 0
0  7.964736 -2.335212 24.264717  0.149810 -0.832288 -0.533717  0.745942 0.336064 0
0  7.923814 -2.437443 24.396816  0.163144 -0.796265 -0.582534  0.745504 0.337761 0
toilet
0  7.503201 -2.335407 27.075092  -0.013601 -0.831384 0.555532  0.742389 0.367179 0
0  7.862261 -2.437595 26.901890  0.134181 -0.796742 0.589234  0.746156 0.364837 0
0  7.896646 -2.335380 27.035858  0.123418 -0.832343 0.540345  0.746676 0.366511 0
toilet
0  7.923814 -2.437443 24.396816  0.163144 -0.796265 -0.582534  0.745504 0.337761 0
0  8.326727 -2.335193 24.417000  0.276381 -0.834758 -0.476228  0.749972 0.337574 0
0  8.250977 -2.437164 24.534615  0.301368 -0.799130 -0.520163  0.749088 0.339098 0
toilet
0  7.964736 2.411553 24.264717  0.153070 0.824147 -0.545299  0.725147 0.388073 0
0  8.252090 2.517094 24.532864  0.301924 0.798212 -0.521248  0.722002 0.391107 0
0  8.326727 2.411538 24.417000  0.282360 0.826802 -0.486488  0.721117 0.389583 0
toilet
0  6.367998 -2.437282 24.963184  -0.496427 -0.807051 -0.319734  0.729128 0.344735 0
0  6.491741 -2.335319 24.600010  -0.365478 -0.838270 -0.404634  0.730045 0.340586 0
0  6.592206 -2.437530 24.699883  -0.398494 -0.803412 -0.442416  0.731368 0.341773 0
toilet
0  6.223279 -2.437565 25.272480  -0.560038 -0.810103 -0.173467  0.727767 0.348135 0
0  6.243598 -2.335346 24.891178  -0.454150 -0.841753 -0.291891  0.727533 0.343918 0
0  6.367998 -2.437282 24.963184  -0.496427 -0.807051 -0.319734  0.729128 0.344735 0
toilet
0  6.022935 -2.335407 25.603413  -0.534097 -0.845321 -0.013168  0.725571 0.351787 0
0  6.223279 -2.437565 25.272480  -0.560038 -0.810103 -0.173467  0.727767 0.348135 0
0  6.168506 -2.437332 25.606979  -0.584748 -0.811088 -0.014357  0.727367 0.351744 0
toilet
0  8.908401 -2.437164 25.674305  0.584831 -0.811030 0.014243  0.756650 0.351039 0
0  9.011443 -2.335201 25.305355  0.519108 -0.844311 -0.132913  0.757811 0.346971 0
0  9.053960 -2.335227 25.677887  0.534230 -0.845238 0.013080  0.758445 0.350995 0
toilet
0  8.740769 -2.437145 25.021488  0.511660 -0.807072 -0.294683  0.754553 0.344123 0
0  9.011443 -2.335201 25.305355  0.519108 -0.844311 -0.132913  0.757811 0.346971 0
0  8.870122 -2.437404 25.337521  0.567611 -0.810285 -0.145790  0.756076 0.347453 0
toilet
0  8.529763 -2.437408 24.747490  0.419967 -0.803248 -0.422398  0.752173 0.341271 0
0  8.868541 -2.335193 24.955677  0.468053 -0.841693 -0.269222  0.756107 0.343230 0
0  8.740769 -2.437145 25.021488  0.511660 -0.807072 -0.294683  0.754553 0.344123 0
toilet
0  8.250977 -2.437164 24.534615  0.301368 -0.799130 -0.520163  0.749088 0.339098 0
0  8.634999 -2.335186 24.652676  0.384991 -0.838240 -0.386182  0.753437 0.340022 0
0  8.529763 -2.437408 24.747490  0.419967 -0.803248 -0.422398  0.752173 0.341271 0
toilet
0  7.896646 -2.335380 27.035858  0.123418 -0.832343 0.540345  0.746676 0.366511 0
0  8.195798 -2.437297 26.780331  0.275044 -0.799487 0.534014  0.749671 0.363329 0
0  8.265680 -2.335346 26.901531  0.252654 -0.834823 0.489118  0.750628 0.364809 0
toilet
0  6.428128 1.368542 52.531048  -0.650899 0.118586 0.749846  0.453385 0.696144 0
0  6.658221 0.000889 52.730518  -0.024558 -0.000569 0.999698  0.438742 0.694260 0
0  6.660466 1.380337 52.642490  -0.024289 0.152068 0.988072  0.453019 0.693560 0
toilet
0  7.214646 -2.437488 24.379391  -0.134211 -0.796488 -0.589571  0.737861 0.337946 0
0  7.573693 -2.335228 24.206200  0.013710 -0.831309 -0.555642  0.741628 0.335604 0
0  7.570312 -2.437202 24.344105  0.014999 -0.795298 -0.606033  0.741670 0.337363 0
toilet
0  6.881110 -2.437244 24.500954  -0.274828 -0.799560 -0.534015  0.734345 0.339453 0
0  7.180248 -2.335254 24.245441  -0.123331 -0.832281 -0.540461  0.737340 0.336271 0
0  7.214646 -2.437488 24.379391  -0.134211 -0.796488 -0.589571  0.737861 0.337946 0
toilet
0  8.265680 -2.335346 26.901531  0.252654 -0.834823 0.489118  0.750628 0.364809 0
0  8.484701 -2.437530 26.581406  0.399129 -0.803045 0.442510  0.752648 0.361010 0
0  8.585155 -2.335319 26.681286  0.365571 -0.838268 0.404555  0.753971 0.362197 0
toilet
0  8.585155 -2.335319 26.681286  0.365571 -0.838268 0.404555  0.753971 0.362197 0
0  8.708911 -2.437229 26.318104  0.496507 -0.807043 0.319629  0.754889 0.358047 0
0  8.833297 -2.335285 26.390121  0.454240 -0.841743 0.291778  0.756483 0.358864 0
toilet
0  8.833297 -2.335285 26.390121  0.454240 -0.841743 0.291778  0.756483 0.358864 0
0  8.853629 -2.437454 26.008804  0.560127 -0.810066 0.173352  0.756250 0.354648 0
0  8.993197 -2.335254 26.047878  0.511940 -0.844340 0.158138  0.758006 0.355045 0
toilet
0  8.853629 -2.437454 26.008804  0.560127 -0.810066 0.173352  0.756250 0.354648 0
0  9.053960 -2.335227 25.677887  0.534230 -0.845238 0.013080  0.758445 0.350995 0
0  8.993197 -2.335254 26.047878  0.511940 -0.844340 0.158138  0.758006 0.355045 0
toilet
0  6.065452 -2.335426 25.975941  -0.519033 -0.844371 0.132826  0.726205 0.355811 0
0  6.336138 -2.437370 26.259804  -0.511557 -0.807169 0.294597  0.729464 0.358660 0
0  6.208352 -2.335438 26.325619  -0.467958 -0.841776 0.269127  0.727910 0.359553 0
toilet
0  8.127439 -2.833507 25.805489  0.147547 -0.988015 0.045344  0.747947 0.352752 0
0  8.062701 -2.833515 25.944046  0.132871 -0.987404 0.085895  0.747368 0.354167 0
0  7.962241 -2.833534 26.061924  0.106098 -0.987469 0.116824  0.746425 0.355391 0
toilet
0  8.127439 -2.833507 25.805489  0.147547 -0.988015 0.045344  0.747947 0.352752 0
0  7.962241 -2.833534 26.061924  0.106098 -0.987469 0.116824  0.746425 0.355391 0
0  7.538484 -2.902935 25.640615  0.000062 -1.000000 -0.000060  0.742008 0.351391 0
toilet
0  7.962241 -2.833534 26.061924  0.106098 -0.987469 0.116824  0.746425 0.355391 0
0  7.832900 -2.833549 26.151093  0.074009 -0.986763 0.144294  0.745182 0.356342 0
0  7.683496 -2.833553 26.205471  0.036122 -0.986906 0.157201  0.743723 0.356952 0
toilet
0  7.962241 -2.833534 26.061924  0.106098 -0.987469 0.116824  0.746425 0.355391 0
0  7.683496 -2.833553 26.205471  0.036122 -0.986906 0.157201  0.743723 0.356952 0
0  7.538484 -2.902935 25.640615  0.000062 -1.000000 -0.000060  0.742008 0.351391 0
toilet
0  7.538484 -2.902935 25.640615  0.000062 -1.000000 -0.000060  0.742008 0.351391 0
0  7.683496 -2.833553 26.205471  0.036122 -0.986906 0.157201  0.743723 0.356952 0
0  7.524209 -2.833568 26.221359  -0.003967 -0.986417 0.164211  0.742147 0.357179 0
toilet
0  7.538484 -2.902935 25.640615  0.000062 -1.000000 -0.000060  0.742008 0.351391 0
0  7.524209 -2.833568 26.221359  -0.003967 -0.986417 0.164211  0.742147 0.357179 0
0  7.365894 -2.833576 26.197666  -0.043669 -0.986910 0.155250  0.740563 0.357028 0
toilet
0  7.538484 -2.902935 25.640615  0.000062 -1.000000 -0.000060  0.742008 0.351391 0
0  7.365894 -2.833576 26.197666  -0.043669 -0.986910 0.155250  0.740563 0.357028 0
0  7.219340 -2.833587 26.136017  -0.080708 -0.986754 0.140723  0.739076 0.356489 0
toilet
0  7.538484 -2.902935 25.640615  0.000062 -1.000000 -0.000060  0.742008 0.351391 0
0  7.219340 -2.833587 26.136017  -0.080708 -0.986754 0.140723  0.739076 0.356489 0
0  7.094535 -2.833587 26.040604  -0.111587 -0.987481 0.111485  0.737789 0.355599 0
toilet
0  7.538484 -2.902935 25.640615  0.000062 -1.000000 -0.000060  0.742008 0.351391 0
0  7.094535 -2.833587 26.040604  -0.111587 -0.987481 0.111485  0.737789 0.355599 0
0  6.999984 -2.833587 25.917931  -0.136852 -0.987414 0.079284  0.736789 0.354421 0
toilet
0  7.538484 -2.902935 25.640615  0.000062 -1.000000 -0.000060  0.742008 0.351391 0
0  6.999984 -2.833587 25.917931  -0.136852 -0.987414 0.079284  0.736789 0.354421 0
0  6.942131 -2.833576 25.776363  -0.149455 -0.988036 0.038043  0.736141 0.353037 0
toilet
0  6.949518 -2.833561 25.475750  -0.147398 -0.988032 -0.045457  0.736069 0.350030 0
0  7.538484 -2.902935 25.640615  0.000062 -1.000000 -0.000060  0.742008 0.351391 0
0  6.942131 -2.833576 25.776363  -0.149455 -0.988036 0.038043  0.736141 0.353037 0
toilet
0  6.949518 -2.833561 25.475750  -0.147398 -0.988032 -0.045457  0.736069 0.350030 0
0  6.942131 -2.833576 25.776363  -0.149455 -0.988036 0.038043  0.736141 0.353037 0
0  6.924918 -2.833568 25.625542  -0.155949 -0.987757 -0.003870  0.735891 0.351539 0
toilet
0  7.114715 -2.833534 25.219315  -0.105967 -0.987468 -0.116955  0.737591 0.347392 0
0  7.538484 -2.902935 25.640615  0.000062 -1.000000 -0.000060  0.742008 0.351391 0
0  6.949518 -2.833561 25.475750  -0.147398 -0.988032 -0.045457  0.736069 0.350030 0
toilet
0  7.114715 -2.833534 25.219315  -0.105967 -0.987468 -0.116955  0.737591 0.347392 0
0  6.949518 -2.833561 25.475750  -0.147398 -0.988032 -0.045457  0.736069 0.350030 0
0  7.014254 -2.833549 25.337194  -0.132747 -0.987411 -0.086015  0.736648 0.348616 0
toilet
0  7.393460 -2.833507 25.075764  -0.036019 -0.986889 -0.157331  0.740293 0.345830 0
0  7.538484 -2.902935 25.640615  0.000062 -1.000000 -0.000060  0.742008 0.351391 0
0  7.114715 -2.833534 25.219315  -0.105967 -0.987468 -0.116955  0.737591 0.347392 0
toilet
0  7.393460 -2.833507 25.075764  -0.036019 -0.986889 -0.157331  0.740293 0.345830 0
0  7.114715 -2.833534 25.219315  -0.105967 -0.987468 -0.116955  0.737591 0.347392 0
0  7.244056 -2.833515 25.130148  -0.073976 -0.986734 -0.144511  0.738834 0.346441 0
toilet
0  7.552747 -2.833496 25.059875  0.004095 -0.986401 -0.164303  0.741869 0.345604 0
0  7.711063 -2.833488 25.083565  0.043792 -0.986890 -0.155339  0.743454 0.345754 0
0  7.538484 -2.902935 25.640615  0.000062 -1.000000 -0.000060  0.742008 0.351391 0
toilet
0  7.552747 -2.833496 25.059875  0.004095 -0.986401 -0.164303  0.741869 0.345604 0
0  7.538484 -2.902935 25.640615  0.000062 -1.000000 -0.000060  0.742008 0.351391 0
0  7.393460 -2.833507 25.075764  -0.036019 -0.986889 -0.157331  0.740293 0.345830 0
toilet
0  7.857618 -2.833488 25.145218  0.081129 -0.986720 -0.140718  0.744940 0.346294 0
0  7.982421 -2.833477 25.240627  0.111733 -0.987448 -0.111631  0.746228 0.347183 0
0  7.538484 -2.902935 25.640615  0.000062 -1.000000 -0.000060  0.742008 0.351391 0
toilet
0  7.857618 -2.833488 25.145218  0.081129 -0.986720 -0.140718  0.744940 0.346294 0
0  7.538484 -2.902935 25.640615  0.000062 -1.000000 -0.000060  0.742008 0.351391 0
0  7.711063 -2.833488 25.083565  0.043792 -0.986890 -0.155339  0.743454 0.345754 0
toilet
0  8.076972 -2.833488 25.363304  0.136980 -0.987386 -0.079405  0.747228 0.348361 0
0  8.134825 -2.833488 25.504875  0.149576 -0.988013 -0.038170  0.747875 0.349746 0
0  7.538484 -2.902935 25.640615  0.000062 -1.000000 -0.000060  0.742008 0.351391 0
toilet
0  8.076972 -2.833488 25.363304  0.136980 -0.987386 -0.079405  0.747228 0.348361 0
0  7.538484 -2.902935 25.640615  0.000062 -1.000000 -0.000060  0.742008 0.351391 0
0  7.982421 -2.833477 25.240627  0.111733 -0.987448 -0.111631  0.746228 0.347183 0
toilet
0  6.633316 -2.716850 25.846664  -0.438862 -0.891452 0.112754  0.732908 0.353942 0
0  6.753012 -2.786400 25.621319  -0.355711 -0.934555 -0.008783  0.734208 0.351579 0
0  6.783953 -2.786823 25.812370  -0.344242 -0.934704 0.088462  0.734525 0.353490 0
toilet
0  6.598403 -2.715866 25.617523  -0.450759 -0.892575 -0.011196  0.732526 0.351620 0
0  6.793297 -2.786808 25.432018  -0.339504 -0.934683 -0.105377  0.734432 0.349656 0
0  6.753012 -2.786400 25.621319  -0.355711 -0.934555 -0.008783  0.734208 0.351579 0
toilet
0  6.713249 -2.715790 26.065742  -0.394914 -0.890006 0.227889  0.733903 0.356094 0
0  6.783953 -2.786823 25.812370  -0.344242 -0.934704 0.088462  0.734525 0.353490 0
0  6.848964 -2.786350 25.995853  -0.311777 -0.932889 0.180314  0.735346 0.355258 0
toilet
0  6.735363 2.791706 25.175629  -0.383886 0.889595 -0.247492  0.737404 0.399093 0
0  6.793451 2.862919 25.432064  -0.340609 0.934242 -0.105723  0.736657 0.401665 0
0  6.867384 2.862412 25.252033  -0.303517 0.932415 -0.196165  0.735922 0.399859 0
toilet
0  6.864336 -2.716701 26.248005  -0.325632 -0.886850 0.327812  0.735449 0.357931 0
0  7.129652 -2.786201 26.275490  -0.184163 -0.929666 0.319071  0.738261 0.357907 0
0  7.049194 -2.715599 26.400372  -0.233320 -0.884745 0.403469  0.737445 0.359325 0
toilet
0  7.319942 2.862709 26.345978  -0.099947 0.928496 0.357640  0.730929 0.410611 0
0  7.516589 2.791447 26.531166  -0.011596 0.881891 0.471311  0.728864 0.412428 0
0  7.520188 2.862221 26.384865  -0.009117 0.927554 0.373578  0.728903 0.410808 0
toilet
0  8.062701 -2.833515 25.944046  0.132871 -0.987404 0.085895  0.747368 0.354167 0
0  8.283650 -2.786735 25.849220  0.339539 -0.934684 0.105251  0.749584 0.353127 0
0  8.209706 -2.786258 26.029293  0.302604 -0.932878 0.195371  0.748849 0.354933 0
toilet
0  7.757057 -2.786468 24.935104  0.099704 -0.928972 -0.356469  0.743856 0.344180 0
0  8.027749 -2.715446 24.880878  0.233517 -0.884657 -0.403549  0.746572 0.343458 0
0  7.947299 -2.786068 25.005749  0.184307 -0.929584 -0.319223  0.745756 0.344876 0
toilet
0  7.947299 -2.786068 25.005749  0.184307 -0.929584 -0.319223  0.745756 0.344876 0
0  8.212605 -2.716545 25.033241  0.325734 -0.886761 -0.327951  0.748568 0.344852 0
0  8.100442 -2.786587 25.134296  0.255730 -0.931811 -0.257546  0.747398 0.346018 0
toilet
0  8.100442 -2.786587 25.134296  0.255730 -0.931811 -0.257546  0.747398 0.346018 0
0  8.363690 -2.715637 25.215508  0.395083 -0.889905 -0.227989  0.750114 0.346688 0
0  8.227986 -2.786216 25.285385  0.311809 -0.932865 -0.180383  0.748671 0.347525 0
toilet
0  8.292998 -2.786712 25.468872  0.344357 -0.934651 -0.088572  0.749492 0.349293 0
0  8.363690 -2.715637 25.215508  0.395083 -0.889905 -0.227989  0.750114 0.346688 0
0  8.443625 -2.716716 25.434589  0.438940 -0.891398 -0.112873  0.751108 0.348840 0
toilet
0  8.323937 -2.786300 25.659920  0.355833 -0.934509 0.008680  0.749808 0.351203 0
0  8.443625 -2.716716 25.434589  0.438940 -0.891398 -0.112873  0.751108 0.348840 0
0  8.478539 -2.715751 25.663723  0.450925 -0.892492 0.011206  0.751490 0.351163 0
toilet
0  8.283650 -2.786735 25.849220  0.339539 -0.934684 0.105251  0.749584 0.353127 0
0  8.478539 -2.715751 25.663723  0.450925 -0.892492 0.011206  0.751490 0.351163 0
0  8.432412 -2.716739 25.890873  0.432961 -0.891366 0.134207  0.751220 0.353501 0
toilet
0  8.209706 -2.786258 26.029293  0.302604 -0.932878 0.195371  0.748849 0.354933 0
0  8.432412 -2.716739 25.890873  0.432961 -0.891366 0.134207  0.751220 0.353501 0
0  8.341817 -2.715686 26.105755  0.383379 -0.890026 0.246728  0.750331 0.355699 0
toilet
0  8.181962 -2.716625 26.280384  0.309201 -0.886833 0.343398  0.748875 0.357607 0
0  8.209706 -2.786258 26.029293  0.302604 -0.932878 0.195371  0.748849 0.354933 0
0  8.341817 -2.715686 26.105755  0.383379 -0.890026 0.246728  0.750331 0.355699 0
toilet
0  7.989843 -2.715534 26.423481  0.213480 -0.884725 0.414352  0.746948 0.359096 0
0  8.074897 -2.786651 26.173935  0.242872 -0.931794 0.269763  0.747650 0.356499 0
0  8.181962 -2.716625 26.280384  0.309201 -0.886833 0.343398  0.748875 0.357607 0
toilet
0  7.915541 2.862271 26.294659  0.168957 0.929146 0.328849  0.725024 0.409728 0
0  8.181764 2.792592 26.280190  0.309593 0.886545 0.343788  0.722214 0.409616 0
0  8.074782 2.862770 26.173820  0.243609 0.931367 0.270574  0.723439 0.408508 0
toilet
0  7.516582 -2.715469 26.531448  -0.011446 -0.882160 0.470811  0.742226 0.360419 0
0  7.722143 -2.786560 26.356018  0.082083 -0.929000 0.360861  0.744201 0.358505 0
0  7.758791 -2.716491 26.498787  0.104389 -0.882334 0.458901  0.744680 0.360058 0
toilet
0  7.276270 -2.716526 26.486927  -0.126723 -0.882340 0.453231  0.739757 0.360176 0
0  7.520185 -2.786106 26.385033  -0.009081 -0.928037 0.372378  0.742187 0.358799 0
0  7.516582 -2.715469 26.531448  -0.011446 -0.882160 0.470811  0.742226 0.360419 0
toilet
0  7.556766 -2.786007 24.896210  0.009213 -0.928009 -0.372443  0.741830 0.343984 0
0  7.800671 -2.716381 24.794319  0.126861 -0.882244 -0.453377  0.744259 0.342607 0
0  7.757057 -2.786468 24.935104  0.099704 -0.928972 -0.356469  0.743856 0.344180 0
toilet
0  7.129741 2.862320 26.275352  -0.184788 0.929183 0.320114  0.732829 0.409916 0
0  7.276353 2.792496 26.486660  -0.126853 0.882047 0.453763  0.731332 0.412185 0
0  7.319942 2.862709 26.345978  -0.099947 0.928496 0.357640  0.730929 0.410611 0
toilet
0  6.735363 2.791706 25.175629  -0.383886 0.889595 -0.247492  0.737404 0.399093 0
0  7.002167 2.862770 25.107422  -0.243495 0.931349 -0.270739  0.734723 0.398293 0
0  6.895176 2.792591 25.001060  -0.309458 0.886541 -0.343919  0.735948 0.397185 0
toilet
0  8.750473 -2.173320 38.373981  0.999237 -0.039063 -0.000676  0.419353 0.544666 0
0  8.776521 -0.974434 39.187298  0.999797 -0.017687 0.009662  0.431571 0.553143 0
0  8.772614 -1.096622 39.346054  0.999731 -0.020060 0.011654  0.430273 0.554710 0
toilet
0  6.867243 -2.786300 25.251949  -0.302516 -0.932875 -0.195518  0.735167 0.347850 0
0  6.894979 -2.716625 25.000866  -0.309111 -0.886800 -0.343563  0.735141 0.345175 0
0  7.002053 -2.786651 25.107307  -0.242696 -0.931812 -0.269861  0.736366 0.346283 0
toilet
0  9.053960 2.411572 25.677887  0.545871 0.837763 0.013363  0.712644 0.403004 0
0  9.068522 2.370011 26.068970  0.952491 0.075694 0.295009  0.712196 0.407252 0
0  9.132432 2.369992 25.679817  0.996813 0.075933 0.024447  0.711733 0.402982 0
toilet
0  6.083698 -2.335380 25.233418  -0.511896 -0.844347 -0.158246  0.726011 0.347737 0
0  6.176548 -2.293773 24.852371  -0.839252 -0.075081 -0.538535  0.726727 0.343511 0
0  6.243598 -2.335346 24.891178  -0.454150 -0.841753 -0.291891  0.727533 0.343918 0
toilet
0  6.243598 -2.335346 24.891178  -0.454150 -0.841753 -0.291891  0.727533 0.343918 0
0  6.437540 -2.293739 24.546127  -0.669002 -0.074243 -0.739543  0.729376 0.339994 0
0  6.491741 -2.335319 24.600010  -0.365478 -0.838270 -0.404634  0.730045 0.340586 0
toilet
0  8.303332 -2.293773 26.966824  0.458113 -0.073357 0.885862  0.751113 0.365549 0
0  8.585155 -2.335319 26.681286  0.365571 -0.838268 0.404555  0.753971 0.362197 0
0  8.639350 -2.293739 26.735168  0.669031 -0.074244 0.739517  0.754640 0.362789 0
toilet
0  7.915191 -2.293804 27.108097  0.222299 -0.072816 0.972256  0.746939 0.367348 0
0  8.265680 -2.335346 26.901531  0.252654 -0.834823 0.489118  0.750628 0.364809 0
0  8.303332 -2.293773 26.966824  0.458113 -0.073357 0.885862  0.751113 0.365549 0
toilet
0  6.709293 1.479946 26.927711  -0.499760 -0.072770 0.863102  0.762293 0.417117 0
0  7.111904 1.442036 27.017269  -0.008009 -0.999556 0.028690  0.766508 0.417730 0
0  7.090029 1.479931 27.087879  -0.268930 -0.072254 0.960446  0.766302 0.418557 0
toilet
0  7.573693 -2.335228 24.206200  0.013710 -0.831309 -0.555642  0.741628 0.335604 0
0  7.986806 -2.293621 24.193478  0.268976 -0.072691 -0.960400  0.746165 0.335216 0
0  7.964736 -2.335212 24.264717  0.149810 -0.832288 -0.533717  0.745942 0.336064 0
toilet
0  7.501374 -2.293827 27.149372  -0.024486 -0.072653 0.997057  0.742410 0.368055 0
0  7.896646 -2.335380 27.035858  0.123418 -0.832343 0.540345  0.746676 0.366511 0
0  7.915191 -2.293804 27.108097  0.222299 -0.072816 0.972256  0.746939 0.367348 0
toilet
0  7.964736 -2.335212 24.264717  0.149810 -0.832288 -0.533717  0.745942 0.336064 0
0  8.367541 -2.293605 24.353642  0.501042 -0.073232 -0.862319  0.750420 0.336812 0
0  8.326727 -2.335193 24.417000  0.276381 -0.834758 -0.476228  0.749972 0.337574 0
toilet
0  5.944460 -2.293827 25.601486  -0.996806 -0.076004 -0.024518  0.724661 0.351809 0
0  6.083698 -2.335380 25.233418  -0.511896 -0.844347 -0.158246  0.726011 0.347737 0
0  6.022935 -2.335407 25.603413  -0.534097 -0.845321 -0.013168  0.725571 0.351787 0
toilet
0  8.326727 -2.335193 24.417000  0.276381 -0.834758 -0.476228  0.749972 0.337574 0
0  8.691775 -2.293605 24.601521  0.703272 -0.074067 -0.707052  0.754077 0.339399 0
0  8.634999 -2.335186 24.652676  0.384991 -0.838240 -0.386182  0.753437 0.340022 0
toilet
0  7.180248 -2.335254 24.245441  -0.123331 -0.832281 -0.540461  0.737340 0.336271 0
0  7.575515 -2.293648 24.131931  0.024499 -0.072559 -0.997063  0.741607 0.334728 0
0  7.573693 -2.335228 24.206200  0.013710 -0.831309 -0.555642  0.741628 0.335604 0
toilet
0  8.868541 -2.335193 24.955677  0.468053 -0.841693 -0.269222  0.756107 0.343230 0
0  9.087712 -2.293621 25.287998  0.965838 -0.075640 -0.247860  0.758688 0.346731 0
0  9.011443 -2.335201 25.305355  0.519108 -0.844311 -0.132913  0.757811 0.346971 0
toilet
0  6.811215 -2.335285 24.379765  -0.252579 -0.834753 -0.489276  0.733388 0.337974 0
0  7.161698 -2.293667 24.173199  -0.221460 -0.072713 -0.972455  0.737077 0.335435 0
0  7.180248 -2.335254 24.245441  -0.123331 -0.832281 -0.540461  0.737340 0.336271 0
toilet
0  5.944406 -1.403560 25.601543  -0.996851 0.075412 -0.024508  0.717401 0.351871 0
0  6.064719 -1.365692 25.976154  -0.027930 0.999583 0.007285  0.715874 0.355637 0
0  6.022182 -1.365673 25.603451  -0.028725 0.999587 -0.000687  0.716515 0.351845 0
toilet
0  6.491741 -2.335319 24.600010  -0.365478 -0.838270 -0.404634  0.730045 0.340586 0
0  6.773557 -2.293705 24.314480  -0.458079 -0.073406 -0.885876  0.732904 0.337234 0
0  6.811215 -2.335285 24.379765  -0.252579 -0.834753 -0.489276  0.733388 0.337974 0
toilet
0  5.989180 -2.293854 25.993301  -0.966071 -0.075771 0.246912  0.725328 0.356051 0
0  6.208352 -2.335438 26.325619  -0.467958 -0.841776 0.269127  0.727910 0.359553 0
0  6.139479 -2.293865 26.361092  -0.864708 -0.075101 0.496628  0.727124 0.359998 0
toilet
0  6.385060 1.479946 26.679836  -0.703247 -0.073598 0.707126  0.758818 0.414742 0
0  6.749746 1.442051 26.864920  -0.014812 -0.999562 0.025607  0.762716 0.416369 0
0  6.709293 1.479946 26.927711  -0.499760 -0.072770 0.863102  0.762293 0.417117 0
toilet
0  8.634999 -2.335186 24.652676  0.384991 -0.838240 -0.386182  0.753437 0.340022 0
0  8.937413 -2.293605 24.920208  0.864733 -0.074993 -0.496601  0.756892 0.342785 0
0  8.868541 -2.335193 24.955677  0.468053 -0.841693 -0.269222  0.756107 0.343230 0
toilet
0  8.639350 -2.293739 26.735168  0.669031 -0.074244 0.739517  0.754640 0.362789 0
0  8.833297 -2.335285 26.390121  0.454240 -0.841743 0.291778  0.756483 0.358864 0
0  8.900340 -2.293697 26.428928  0.839280 -0.075047 0.538496  0.757289 0.359271 0
toilet
0  6.008368 2.370152 25.212330  -0.952500 0.075695 -0.294983  0.745966 0.399549 0
0  6.243598 2.411690 24.891174  -0.464051 0.834103 -0.298209  0.743556 0.395928 0
0  6.176548 2.370117 24.852371  -0.838361 0.075056 -0.539923  0.744362 0.395520 0
toilet
0  6.208351 2.411785 26.325619  -0.478084 0.834175 0.274931  0.743179 0.411562 0
0  6.385113 2.370217 26.679783  -0.703258 0.074281 0.707043  0.741149 0.415393 0
0  6.441896 2.411789 26.628624  -0.393251 0.830514 0.394462  0.740510 0.414769 0
toilet
0  8.993197 -2.335254 26.047878  0.511940 -0.844340 0.158138  0.758006 0.355045 0
0  9.132432 -2.293647 25.679817  0.996814 -0.075928 0.024450  0.759356 0.350973 0
0  9.068522 -2.293666 26.068966  0.952783 -0.075697 0.294065  0.758893 0.355243 0
toilet
0  6.242946 1.441956 24.890892  -0.024345 -0.999580 -0.015730  0.756441 0.396438 0
0  6.437486 1.479813 24.546185  -0.667699 -0.073749 -0.740769  0.758176 0.392737 0
0  6.491202 1.441929 24.599590  -0.019518 -0.999573 -0.021738  0.758821 0.393319 0
toilet
0  7.896751 -1.365646 27.036552  0.006465 0.999558 0.029031  0.696534 0.365486 0
0  7.538390 -1.365585 25.640715  -0.000062 1.000000 0.000062  0.700972 0.351391 0
0  7.111905 -1.365692 27.017269  -0.008005 0.999557 0.028675  0.704581 0.365721 0
toilet
0  7.896751 -1.365646 27.036552  0.006465 0.999558 0.029031  0.696534 0.365486 0
0  7.111905 -1.365692 27.017269  -0.008005 0.999557 0.028675  0.704581 0.365721 0
0  7.503127 -1.365673 27.075811  -0.000793 0.999554 0.029851  0.700543 0.366104 0
toilet
0  8.265952 -1.365612 26.902172  0.013375 0.999563 0.026349  0.692828 0.363906 0
0  8.585574 -1.365585 26.681820  0.019444 0.999572 0.021859  0.689677 0.361473 0
0  7.538390 -1.365585 25.640715  -0.000062 1.000000 0.000062  0.700972 0.351391 0
toilet
0  8.265952 -1.365612 26.902172  0.013375 0.999563 0.026349  0.692828 0.363906 0
0  7.538390 -1.365585 25.640715  -0.000062 1.000000 0.000062  0.700972 0.351391 0
0  7.896751 -1.365646 27.036552  0.006465 0.999558 0.029031  0.696534 0.365486 0
toilet
0  7.111905 -1.365692 27.017269  -0.008005 0.999557 0.028675  0.704581 0.365721 0
0  7.538390 -1.365585 25.640715  -0.000062 1.000000 0.000062  0.700972 0.351391 0
0  6.441335 -1.365711 26.629135  -0.020589 0.999570 0.020902  0.711660 0.362115 0
toilet
0  7.111905 -1.365692 27.017269  -0.008005 0.999557 0.028675  0.704581 0.365721 0
0  6.441335 -1.365711 26.629135  -0.020589 0.999570 0.020902  0.711660 0.362115 0
0  6.749747 -1.365703 26.864920  -0.014754 0.999563 0.025626  0.708373 0.364360 0
toilet
0  6.441335 -1.365711 26.629135  -0.020589 0.999570 0.020902  0.711660 0.362115 0
0  7.538390 -1.365585 25.640715  -0.000062 1.000000 0.000062  0.700972 0.351391 0
0  6.064719 -1.365692 25.976154  -0.027930 0.999583 0.007285  0.715874 0.355637 0
toilet
0  6.441335 -1.365711 26.629135  -0.020589 0.999570 0.020902  0.711660 0.362115 0
0  6.064719 -1.365692 25.976154  -0.027930 0.999583 0.007285  0.715874 0.355637 0
0  6.207685 -1.365703 26.325994  -0.025109 0.999577 0.014648  0.714218 0.359139 0
toilet
0  8.833831 -1.365547 26.390526  0.024175 0.999583 0.015799  0.687297 0.358353 0
0  8.993806 -1.365512 26.048126  0.027369 0.999588 0.008608  0.685849 0.354760 0
0  7.538390 -1.365585 25.640715  -0.000062 1.000000 0.000062  0.700972 0.351391 0
toilet
0  8.833831 -1.365547 26.390526  0.024175 0.999583 0.015799  0.687297 0.358353 0
0  7.538390 -1.365585 25.640715  -0.000062 1.000000 0.000062  0.700972 0.351391 0
0  8.585574 -1.365585 26.681820  0.019444 0.999572 0.021859  0.689677 0.361473 0
toilet
0  7.538390 -1.365585 25.640715  -0.000062 1.000000 0.000062  0.700972 0.351391 0
0  6.082972 -1.365646 25.233292  -0.027491 0.999586 -0.008498  0.716096 0.348023 0
0  6.022182 -1.365673 25.603451  -0.028725 0.999587 -0.000687  0.716515 0.351845 0
toilet
0  7.538390 -1.365585 25.640715  -0.000062 1.000000 0.000062  0.700972 0.351391 0
0  6.022182 -1.365673 25.603451  -0.028725 0.999587 -0.000687  0.716515 0.351845 0
0  6.064719 -1.365692 25.976154  -0.027930 0.999583 0.007285  0.715874 0.355637 0
toilet
0  7.538390 -1.365585 25.640715  -0.000062 1.000000 0.000062  0.700972 0.351391 0
0  6.491202 -1.365585 24.599594  -0.019506 0.999574 -0.021720  0.712268 0.341310 0
0  6.242946 -1.365612 24.890892  -0.024371 0.999579 -0.015716  0.714648 0.344429 0
toilet
0  7.538390 -1.365585 25.640715  -0.000062 1.000000 0.000062  0.700972 0.351391 0
0  6.242946 -1.365612 24.890892  -0.024371 0.999579 -0.015716  0.714648 0.344429 0
0  6.082972 -1.365646 25.233292  -0.027491 0.999586 -0.008498  0.716096 0.348023 0
toilet
0  9.054595 -1.365493 25.677963  0.028590 0.999591 0.000757  0.685430 0.350938 0
0  9.012057 -1.365467 25.305264  0.027775 0.999589 -0.007137  0.686071 0.347146 0
0  7.538390 -1.365585 25.640715  -0.000062 1.000000 0.000062  0.700972 0.351391 0
toilet
0  9.054595 -1.365493 25.677963  0.028590 0.999591 0.000757  0.685430 0.350938 0
0  7.538390 -1.365585 25.640715  -0.000062 1.000000 0.000062  0.700972 0.351391 0
0  8.993806 -1.365512 26.048126  0.027369 0.999588 0.008608  0.685849 0.354760 0
toilet
0  7.538390 -1.365585 25.640715  -0.000062 1.000000 0.000062  0.700972 0.351391 0
0  7.180026 -1.365520 24.244862  -0.006594 0.999560 -0.028904  0.705411 0.337297 0
0  6.810822 -1.365551 24.379248  -0.013472 0.999565 -0.026223  0.709117 0.338877 0
toilet
0  7.538390 -1.365585 25.640715  -0.000062 1.000000 0.000062  0.700972 0.351391 0
0  6.810822 -1.365551 24.379248  -0.013472 0.999565 -0.026223  0.709117 0.338877 0
0  6.491202 -1.365585 24.599594  -0.019506 0.999574 -0.021720  0.712268 0.341310 0
toilet
0  7.964873 -1.365467 24.264149  0.007862 0.999564 -0.028473  0.697364 0.337062 0
0  7.573650 -1.365493 24.205605  0.000658 0.999561 -0.029638  0.701402 0.336678 0
0  7.180026 -1.365520 24.244862  -0.006594 0.999560 -0.028904  0.705411 0.337297 0
toilet
0  7.964873 -1.365467 24.264149  0.007862 0.999564 -0.028473  0.697364 0.337062 0
0  7.180026 -1.365520 24.244862  -0.006594 0.999560 -0.028904  0.705411 0.337297 0
0  7.538390 -1.365585 25.640715  -0.000062 1.000000 0.000062  0.700972 0.351391 0
toilet
0  8.635442 -1.365451 24.652279  0.020482 0.999575 -0.020748  0.690285 0.340668 0
0  8.327029 -1.365459 24.416496  0.014640 0.999567 -0.025519  0.693572 0.338423 0
0  7.964873 -1.365467 24.264149  0.007862 0.999564 -0.028473  0.697364 0.337062 0
toilet
0  8.635442 -1.365451 24.652279  0.020482 0.999575 -0.020748  0.690285 0.340668 0
0  7.964873 -1.365467 24.264149  0.007862 0.999564 -0.028473  0.697364 0.337062 0
0  7.538390 -1.365585 25.640715  -0.000062 1.000000 0.000062  0.700972 0.351391 0
toilet
0  9.012057 -1.365467 25.305264  0.027775 0.999589 -0.007137  0.686071 0.347146 0
0  8.869092 -1.365459 24.955420  0.024933 0.999585 -0.014448  0.687726 0.343643 0
0  8.635442 -1.365451 24.652279  0.020482 0.999575 -0.020748  0.690285 0.340668 0
toilet
0  9.012057 -1.365467 25.305264  0.027775 0.999589 -0.007137  0.686071 0.347146 0
0  8.635442 -1.365451 24.652279  0.020482 0.999575 -0.020748  0.690285 0.340668 0
0  7.538390 -1.365585 25.640715  -0.000062 1.000000 0.000062  0.700972 0.351391 0
toilet
0  6.082972 1.441990 25.233288  -0.027479 -0.999586 -0.008511  0.754993 0.400032 0
0  6.176494 1.479847 24.852428  -0.838396 -0.074563 -0.539938  0.755660 0.396037 0
0  6.242946 1.441956 24.890892  -0.024345 -0.999580 -0.015730  0.756441 0.396438 0
toilet
0  6.441896 2.411789 26.628624  -0.393251 0.830514 0.394462  0.740510 0.414769 0
0  6.709347 2.370209 26.927658  -0.499701 0.073497 0.863074  0.737493 0.417980 0
0  6.750167 2.411785 26.864296  -0.282271 0.826884 0.486402  0.737045 0.417218 0
toilet
0  6.750167 2.411785 26.864296  -0.282271 0.826884 0.486402  0.737045 0.417218 0
0  7.090083 2.370198 27.087826  -0.268929 0.072861 0.960400  0.733238 0.419576 0
0  7.112158 2.411770 27.016579  -0.152971 0.824240 0.545187  0.733015 0.418728 0
toilet
0  6.437486 -1.403469 24.546185  -0.669030 0.073748 -0.739567  0.712913 0.340728 0
0  6.810822 -1.365551 24.379248  -0.013472 0.999565 -0.026223  0.709117 0.338877 0
0  6.773503 -1.403435 24.314529  -0.458109 0.072909 -0.885901  0.709583 0.338155 0
toilet
0  7.090029 1.479931 27.087879  -0.268930 -0.072254 0.960446  0.766302 0.418557 0
0  7.503127 1.442017 27.075813  -0.000727 -0.999556 0.029776  0.770546 0.418113 0
0  7.501319 1.479905 27.149426  -0.024455 -0.072032 0.997102  0.770571 0.418964 0
toilet
0  6.022934 2.411751 25.603409  -0.545745 0.837843 -0.013458  0.745518 0.403796 0
0  6.204980 2.517315 25.944176  -0.569298 0.809060 0.146020  0.743149 0.407339 0
0  6.166492 2.517300 25.606930  -0.586071 0.810130 -0.014457  0.743723 0.403753 0
toilet
0  7.503127 -1.365673 27.075811  -0.000793 0.999554 0.029851  0.700543 0.366104 0
0  7.915137 -1.403534 27.108154  0.222308 0.072307 0.972292  0.696280 0.366299 0
0  7.896751 -1.365646 27.036552  0.006465 0.999558 0.029031  0.696534 0.365486 0
toilet
0  7.575461 -1.403370 24.131985  0.024496 0.072115 -0.997095  0.701427 0.335828 0
0  7.964873 -1.365467 24.264149  0.007862 0.999564 -0.028473  0.697364 0.337062 0
0  7.986753 -1.403354 24.193531  0.269774 0.072374 -0.960200  0.697157 0.336235 0
toilet
0  7.915136 1.479874 27.108154  0.221460 -0.072307 0.972485  0.774809 0.418309 0
0  8.265952 1.441956 26.902172  0.013364 -0.999565 0.026277  0.778261 0.415915 0
0  8.303279 1.479847 26.966877  0.458121 -0.072867 0.885898  0.778727 0.416637 0
toilet
0  9.012057 -1.365467 25.305264  0.027775 0.999589 -0.007137  0.686071 0.347146 0
0  9.132379 -1.403370 25.679874  0.996842 0.075540 0.024508  0.684544 0.350912 0
0  9.087655 -1.403354 25.288052  0.966097 0.075349 -0.246939  0.685220 0.346902 0
toilet
0  7.161645 -1.403400 24.173256  -0.222291 0.072405 -0.972288  0.705665 0.336483 0
0  7.573650 -1.365493 24.205605  0.000658 0.999561 -0.029638  0.701402 0.336678 0
0  7.575461 -1.403370 24.131985  0.024496 0.072115 -0.997095  0.701427 0.335828 0
toilet
0  7.112158 2.411770 27.016579  -0.152971 0.824240 0.545187  0.733015 0.418728 0
0  7.501374 2.370171 27.149368  -0.024456 0.072581 0.997063  0.728679 0.420064 0
0  7.503201 2.411751 27.075096  -0.013886 0.823290 0.567451  0.728701 0.419188 0
toilet
0  7.896751 -1.365646 27.036552  0.006465 0.999558 0.029031  0.696534 0.365486 0
0  8.303279 -1.403499 26.966877  0.458089 0.072849 0.885917  0.692362 0.364628 0
0  8.265952 -1.365612 26.902172  0.013375 0.999563 0.026349  0.692828 0.363906 0
toilet
0  8.585574 -1.365585 26.681820  0.019444 0.999572 0.021859  0.689677 0.361473 0
0  8.900287 -1.403434 26.428986  0.838400 0.074577 0.539929  0.686515 0.358755 0
0  8.833831 -1.365547 26.390526  0.024175 0.999583 0.015799  0.687297 0.358353 0
toilet
0  8.937358 -1.403343 24.920261  0.864721 0.074658 -0.496672  0.686970 0.343197 0
0  9.012057 -1.365467 25.305264  0.027775 0.999589 -0.007137  0.686071 0.347146 0
0  9.087655 -1.403354 25.288052  0.966097 0.075349 -0.246939  0.685220 0.346902 0
toilet
0  7.986753 -1.403354 24.193531  0.269774 0.072374 -0.960200  0.697157 0.336235 0
0  8.327029 -1.365459 24.416496  0.014640 0.999567 -0.025519  0.693572 0.338423 0
0  8.367488 -1.403343 24.353699  0.501050 0.073030 -0.862331  0.693149 0.337675 0
toilet
0  8.265952 -1.365612 26.902172  0.013375 0.999563 0.026349  0.692828 0.363906 0
0  8.639296 -1.403469 26.735226  0.667665 0.073681 0.740807  0.689032 0.362055 0
0  8.585574 -1.365585 26.681820  0.019444 0.999572 0.021859  0.689677 0.361473 0
toilet
0  8.900287 1.479779 26.428986  0.839279 -0.074535 0.538567  0.784574 0.410764 0
0  8.993806 1.441857 26.048126  0.027326 -0.999589 0.008613  0.785240 0.406769 0
0  9.068467 1.479748 26.069023  0.952514 -0.075303 0.295038  0.786104 0.406964 0
toilet
0  8.639296 1.479813 26.735226  0.669026 -0.073688 0.739577  0.782058 0.414064 0
0  8.833831 1.441891 26.390524  0.024153 -0.999583 0.015843  0.783792 0.410363 0
0  8.900287 1.479779 26.428986  0.839279 -0.074535 0.538567  0.784574 0.410764 0
toilet
0  8.993806 1.441857 26.048126  0.027326 -0.999589 0.008613  0.785240 0.406769 0
0  9.132379 1.479714 25.679871  0.996841 -0.075542 0.024506  0.786545 0.402921 0
0  9.068467 1.479748 26.069023  0.952514 -0.075303 0.295038  0.786104 0.406964 0
toilet
0  8.691722 -1.403335 24.601570  0.704538 0.073813 -0.705818  0.689674 0.340050 0
0  8.869092 -1.365459 24.955420  0.024933 0.999585 -0.014448  0.687726 0.343643 0
0  8.937358 -1.403343 24.920261  0.864721 0.074658 -0.496672  0.686970 0.343197 0
toilet
0  8.367488 -1.403343 24.353699  0.501050 0.073030 -0.862331  0.693149 0.337675 0
0  8.635442 -1.365451 24.652279  0.020482 0.999575 -0.020748  0.690285 0.340668 0
0  8.691722 -1.403335 24.601570  0.704538 0.073813 -0.705818  0.689674 0.340050 0
toilet
0  5.989125 1.479931 25.993359  -0.966108 -0.075120 0.246965  0.754364 0.407890 0
0  6.207684 1.442051 26.325994  -0.025037 -0.999580 0.014592  0.756871 0.411148 0
0  6.139424 1.479946 26.361145  -0.864739 -0.074474 0.496669  0.756114 0.411595 0
toilet
0  5.944406 1.479904 25.601540  -0.996851 -0.075412 -0.024501  0.753688 0.403880 0
0  6.082972 1.441990 25.233288  -0.027479 -0.999586 -0.008511  0.754993 0.400032 0
0  6.022182 1.442017 25.603455  -0.028725 -0.999587 -0.000615  0.754574 0.403854 0
toilet
0  7.565466 2.093621 28.891373  0.425182 0.905048 0.010392  0.690190 0.387795 0
0  7.622460 1.834851 26.571205  0.425063 -0.905099 0.010795  0.692844 0.411593 0
0  7.622476 2.093476 26.571190  0.425225 0.905028 0.010390  0.690192 0.411593 0
toilet
0  7.565451 -1.758648 28.891388  0.425082 0.905098 0.010168  0.778248 0.335785 0
0  7.622476 -2.017132 26.571190  0.425180 -0.905051 0.010274  0.780897 0.359584 0
0  7.622460 -1.758503 26.571205  0.425110 0.905081 0.010500  0.778245 0.359584 0
toilet
0  7.072026 -1.758537 26.557678  -0.425181 0.905048 -0.010437  0.772600 0.359583 0
0  7.565451 -1.758648 28.891388  0.425082 0.905098 0.010168  0.778248 0.335785 0
0  7.622460 -1.758503 26.571205  0.425110 0.905081 0.010500  0.778245 0.359584 0
toilet
0  7.015032 -2.017311 28.877850  -0.425059 -0.905101 -0.010858  0.786545 0.335786 0
0  7.622476 -2.017132 26.571190  0.425180 -0.905051 0.010274  0.780897 0.359584 0
0  7.565467 -2.017277 28.891376  0.425219 -0.905031 0.010390  0.780900 0.335786 0
toilet
0  7.072041 2.093510 26.557663  -0.425068 0.905100 -0.010507  0.684546 0.411594 0
0  7.565466 2.093621 28.891373  0.425182 0.905048 0.010392  0.690190 0.387795 0
0  7.622476 2.093476 26.571190  0.425225 0.905028 0.010390  0.690192 0.411593 0
toilet
0  7.015016 1.835022 28.877865  -0.425172 -0.905052 -0.010522  0.698487 0.387794 0
0  7.622460 1.834851 26.571205  0.425063 -0.905099 0.010795  0.692844 0.411593 0
0  7.565450 1.834996 28.891388  0.425115 -0.905078 0.010504  0.692841 0.387794 0
toilet
0  6.709293 -1.403599 26.927711  -0.499819 0.072814 0.863064  0.770202 0.319548 0
0  7.090083 -2.293854 27.087830  -0.269772 -0.072880 0.960162  0.765858 0.328616 0
0  7.090030 -1.403587 27.087883  -0.269759 0.072181 0.960219  0.765858 0.319548 0
toilet
0  7.015016 1.835022 28.877865  -0.425172 -0.905052 -0.010522  0.698487 0.387794 0
0  7.072041 2.093510 26.557663  -0.425068 0.905100 -0.010507  0.701141 0.411592 0
0  7.072026 1.834881 26.557682  -0.425220 -0.905030 -0.010395  0.698490 0.411592 0
toilet
0  6.139478 2.370209 26.361092  -0.863874 0.075169 0.498069  0.692534 0.380625 0
0  6.385060 1.479946 26.679836  -0.703247 -0.073598 0.707126  0.696652 0.371557 0
0  6.385113 2.370217 26.679783  -0.703258 0.074281 0.707043  0.696652 0.380625 0
toilet
0  5.989179 2.370198 25.993301  -0.965808 0.075775 0.247936  0.688511 0.380625 0
0  6.139424 1.479946 26.361145  -0.864739 -0.074474 0.496669  0.692534 0.371557 0
0  6.139478 2.370209 26.361092  -0.863874 0.075169 0.498069  0.692534 0.380625 0
toilet
0  5.944460 2.370171 25.601486  -0.996809 0.075946 -0.024573  0.684544 0.380625 0
0  5.989125 1.479931 25.993359  -0.966108 -0.075120 0.246965  0.688511 0.371557 0
0  5.989179 2.370198 25.993301  -0.965808 0.075775 0.247936  0.688511 0.380625 0
toilet
0  7.986753 1.479699 24.193527  0.269782 -0.072392 -0.960196  0.755420 0.371557 0
0  8.367541 2.369954 24.353642  0.501073 0.073293 -0.862296  0.751077 0.380625 0
0  8.367488 1.479687 24.353699  0.499689 -0.072936 -0.863129  0.751077 0.371557 0
toilet
0  5.944406 1.479904 25.601540  -0.996851 -0.075412 -0.024501  0.784922 0.371557 0
0  6.008368 2.370152 25.212330  -0.952500 0.075695 -0.294983  0.780953 0.380625 0
0  6.008314 1.479885 25.212387  -0.952531 -0.075235 -0.295000  0.780953 0.371557 0
toilet
0  6.008314 1.479885 25.212387  -0.952531 -0.075235 -0.295000  0.780953 0.371557 0
0  6.176548 2.370117 24.852371  -0.838361 0.075056 -0.539923  0.776931 0.380625 0
0  6.176494 1.479847 24.852428  -0.838396 -0.074563 -0.539938  0.776931 0.371557 0
toilet
0  6.773503 1.479779 24.314533  -0.458121 -0.072903 -0.885895  0.768577 0.371557 0
0  7.161698 2.370011 24.173203  -0.222285 0.072722 -0.972266  0.764234 0.380625 0
0  7.161645 1.479748 24.173256  -0.221448 -0.072369 -0.972483  0.764234 0.371557 0
toilet
0  7.015032 -2.017311 28.877850  -0.425059 -0.905101 -0.010858  0.769950 0.335785 0
0  7.072026 -1.758537 26.557678  -0.425181 0.905048 -0.010437  0.772600 0.359583 0
0  7.072042 -2.017162 26.557663  -0.425116 -0.905078 -0.010502  0.769948 0.359583 0
toilet
0  7.161645 1.479748 24.173256  -0.221448 -0.072369 -0.972483  0.764234 0.371557 0
0  7.575515 2.369992 24.131931  0.024498 0.072510 -0.997067  0.759827 0.380625 0
0  7.575461 1.479714 24.131985  0.024461 -0.072117 -0.997096  0.759827 0.371557 0
toilet
0  6.437486 1.479813 24.546185  -0.667699 -0.073749 -0.740769  0.772813 0.371557 0
0  6.773557 2.370053 24.314480  -0.458108 0.073364 -0.885864  0.768577 0.380625 0
0  6.773503 1.479779 24.314533  -0.458121 -0.072903 -0.885895  0.768577 0.371557 0
toilet
0  6.176494 1.479847 24.852428  -0.838396 -0.074563 -0.539938  0.776931 0.371557 0
0  6.437540 2.370083 24.546131  -0.669020 0.074225 -0.739529  0.772813 0.380625 0
0  6.437486 1.479813 24.546185  -0.667699 -0.073749 -0.740769  0.772813 0.371557 0
toilet
0  7.575461 1.479714 24.131985  0.024461 -0.072117 -0.997096  0.759827 0.371557 0
0  7.986806 2.369965 24.193474  0.269783 0.072696 -0.960173  0.755420 0.380625 0
0  7.986753 1.479699 24.193527  0.269782 -0.072392 -0.960196  0.755420 0.371557 0
toilet
0  8.900340 2.370045 26.428928  0.839298 0.075087 0.538462  0.726743 0.380625 0
0  9.068467 1.479748 26.069023  0.952514 -0.075303 0.295038  0.730765 0.371557 0
0  9.068522 2.370011 26.068970  0.952491 0.075694 0.295009  0.730765 0.380625 0
toilet
0  9.068522 2.370011 26.068970  0.952491 0.075694 0.295009  0.730765 0.380625 0
0  9.132379 1.479714 25.679871  0.996841 -0.075542 0.024506  0.734732 0.371557 0
0  9.132432 2.369992 25.679817  0.996813 0.075933 0.024447  0.734732 0.380625 0
toilet
0  8.367488 1.479687 24.353699  0.499689 -0.072936 -0.863129  0.751077 0.371557 0
0  8.691775 2.369954 24.601521  0.704545 0.074081 -0.705782  0.746840 0.380625 0
0  8.691722 1.479679 24.601574  0.703244 -0.073821 -0.707106  0.746840 0.371557 0
toilet
0  7.090083 2.370198 27.087826  -0.268929 0.072861 0.960400  0.705231 0.380625 0
0  7.501319 1.479905 27.149426  -0.024455 -0.072032 0.997102  0.709638 0.371557 0
0  7.501374 2.370171 27.149368  -0.024456 0.072581 0.997063  0.709638 0.380625 0
toilet
0  6.709347 2.370209 26.927658  -0.499701 0.073497 0.863074  0.700888 0.380625 0
0  7.090029 1.479931 27.087879  -0.268930 -0.072254 0.960446  0.705231 0.371557 0
0  7.090083 2.370198 27.087826  -0.268929 0.072861 0.960400  0.705231 0.380625 0
toilet
0  8.639350 2.370083 26.735172  0.669011 0.074239 0.739536  0.722624 0.380625 0
0  8.900287 1.479779 26.428986  0.839279 -0.074535 0.538567  0.726743 0.371557 0
0  8.900340 2.370045 26.428928  0.839298 0.075087 0.538462  0.726743 0.380625 0
toilet
0  6.385113 2.370217 26.679783  -0.703258 0.074281 0.707043  0.696652 0.380625 0
0  6.709293 1.479946 26.927711  -0.499760 -0.072770 0.863102  0.700888 0.371557 0
0  6.709347 2.370209 26.927658  -0.499701 0.073497 0.863074  0.700888 0.380625 0
toilet
0  8.691722 1.479679 24.601574  0.703244 -0.073821 -0.707106  0.746840 0.371557 0
0  8.937413 2.369954 24.920208  0.864710 0.075029 -0.496636  0.742723 0.380625 0
0  8.937358 1.479687 24.920261  0.863863 -0.074647 -0.498165  0.742723 0.371557 0
toilet
0  7.915190 2.370152 27.108097  0.222289 0.072852 0.972255  0.714046 0.380625 0
0  8.303279 1.479847 26.966877  0.458121 -0.072867 0.885898  0.718388 0.371557 0
0  8.303332 2.370118 26.966824  0.456777 0.073370 0.886550  0.718388 0.380625 0
toilet
0  7.501374 2.370171 27.149368  -0.024456 0.072581 0.997063  0.709638 0.380625 0
0  7.915136 1.479874 27.108154  0.221460 -0.072307 0.972485  0.714046 0.371557 0
0  7.915190 2.370152 27.108097  0.222289 0.072852 0.972255  0.714046 0.380625 0
toilet
0  9.087655 1.479699 25.288052  0.966095 -0.075256 -0.246974  0.738701 0.371557 0
0  9.132432 2.369992 25.679817  0.996813 0.075933 0.024447  0.734732 0.380625 0
0  9.132379 1.479714 25.679871  0.996841 -0.075542 0.024506  0.734732 0.371557 0
toilet
0  8.937358 1.479687 24.920261  0.863863 -0.074647 -0.498165  0.742723 0.371557 0
0  9.087712 2.369965 25.287994  0.966084 0.075582 -0.246919  0.738701 0.380625 0
0  9.087655 1.479699 25.288052  0.966095 -0.075256 -0.246974  0.738701 0.371557 0
toilet
0  8.152038 2.909840 25.655693  0.156486 0.987673 0.003789  0.722963 0.403253 0
0  8.134825 2.909832 25.504871  0.150010 0.987943 -0.038275  0.723214 0.401755 0
0  7.538483 2.979279 25.640615  0.000062 1.000000 -0.000060  0.729081 0.403400 0
toilet
0  8.152038 2.909840 25.655693  0.156486 0.987673 0.003789  0.722963 0.403253 0
0  7.538483 2.979279 25.640615  0.000062 1.000000 -0.000060  0.729081 0.403400 0
0  8.127439 2.909855 25.805489  0.147968 0.987946 0.045477  0.723142 0.404761 0
toilet
0  6.334334 2.517319 26.260742  -0.512664 0.806150 0.295463  0.741626 0.410669 0
0  6.441896 2.411789 26.628624  -0.393251 0.830514 0.394462  0.740510 0.414769 0
0  6.545748 2.517319 26.535053  -0.421123 0.801872 0.423860  0.739246 0.413520 0
toilet
0  6.065452 -2.335426 25.975941  -0.519033 -0.844371 0.132826  0.726205 0.355811 0
0  6.168506 -2.437332 25.606979  -0.584748 -0.811088 -0.014357  0.727367 0.351744 0
0  6.206784 -2.437610 25.943768  -0.567549 -0.810344 0.145710  0.727940 0.355330 0
toilet
0  6.208352 -2.335438 26.325619  -0.467958 -0.841776 0.269127  0.727910 0.359553 0
0  6.547145 -2.437641 26.533794  -0.419843 -0.803362 0.422305  0.731844 0.361511 0
0  6.441896 -2.335445 26.628624  -0.384894 -0.838323 0.386099  0.730579 0.362760 0
toilet
0  6.592206 -2.437530 24.699883  -0.398494 -0.803412 -0.442416  0.731368 0.341773 0
0  6.811215 -2.335285 24.379765  -0.252579 -0.834753 -0.489276  0.733388 0.337974 0
0  6.881110 -2.437244 24.500954  -0.274828 -0.799560 -0.534015  0.734345 0.339453 0
toilet
0  7.573693 2.411572 24.206203  0.013991 0.823197 -0.567583  0.729461 0.387613 0
0  7.924380 2.517102 24.394985  0.163498 0.795410 -0.583602  0.725586 0.389771 0
0  7.964736 2.411553 24.264717  0.153070 0.824147 -0.545299  0.725147 0.388073 0
toilet
0  7.180248 2.411598 24.245441  -0.126023 0.824157 -0.552162  0.733749 0.388280 0
0  7.570363 2.517113 24.342010  0.014969 0.794382 -0.607234  0.729419 0.389372 0
0  7.573693 2.411572 24.206203  0.013991 0.823197 -0.567583  0.729461 0.387613 0
toilet
0  6.811215 2.411633 24.379765  -0.258046 0.826810 -0.499798  0.737701 0.389983 0
0  7.214170 2.517143 24.377541  -0.134550 0.795426 -0.590927  0.733229 0.389955 0
0  7.180248 2.411598 24.245441  -0.126023 0.824157 -0.552162  0.733749 0.388280 0
toilet
0  6.491741 2.411663 24.600010  -0.373390 0.830479 -0.413381  0.741044 0.392595 0
0  6.880084 2.517174 24.499153  -0.275818 0.798065 -0.535740  0.736744 0.391462 0
0  6.811215 2.411633 24.379765  -0.258046 0.826810 -0.499798  0.737701 0.389983 0
toilet
0  6.243598 2.411690 24.891174  -0.464051 0.834103 -0.298209  0.743556 0.395928 0
0  6.590872 2.517208 24.698551  -0.399800 0.801913 -0.443955  0.739721 0.393782 0
0  6.491741 2.411663 24.600010  -0.373390 0.830479 -0.413381  0.741044 0.392595 0
toilet
0  6.083697 2.411724 25.233418  -0.523073 0.836808 -0.161701  0.745079 0.399746 0
0  6.366243 2.517243 24.962154  -0.497547 0.806102 -0.320385  0.741961 0.396744 0
0  6.243598 2.411690 24.891174  -0.464051 0.834103 -0.298209  0.743556 0.395928 0
toilet
0  6.083697 2.411724 25.233418  -0.523073 0.836808 -0.161701  0.745079 0.399746 0
0  6.166492 2.517300 25.606930  -0.586071 0.810130 -0.014457  0.743723 0.403753 0
0  6.221497 2.517266 25.271984  -0.561430 0.809047 -0.173898  0.743322 0.400144 0
toilet
0  8.871926 2.517109 25.337109  0.569389 0.808980 -0.146109  0.715013 0.399462 0
0  9.053960 2.411572 25.677887  0.545871 0.837763 0.013363  0.712644 0.403004 0
0  9.011443 2.411545 25.305355  0.530405 0.836799 -0.135788  0.713278 0.398980 0
toilet
0  8.868541 2.411538 24.955673  0.478240 0.834046 -0.275054  0.714983 0.395239 0
0  8.871926 2.517109 25.337109  0.569389 0.808980 -0.146109  0.715013 0.399462 0
0  9.011443 2.411545 25.305355  0.530405 0.836799 -0.135788  0.713278 0.398980 0
toilet
0  8.634999 2.411530 24.652672  0.393374 0.830402 -0.394574  0.717652 0.392031 0
0  8.742572 2.517102 25.020542  0.512775 0.806047 -0.295552  0.716536 0.396132 0
0  8.868541 2.411538 24.955673  0.478240 0.834046 -0.275054  0.714983 0.395239 0
toilet
0  8.326727 2.411538 24.417000  0.282360 0.826802 -0.486488  0.721117 0.389583 0
0  8.531160 2.517094 24.746231  0.421219 0.801855 -0.423796  0.718916 0.393281 0
0  8.634999 2.411530 24.652672  0.393374 0.830402 -0.394574  0.717652 0.392031 0
toilet
0  6.441896 -2.335445 26.628624  -0.384894 -0.838323 0.386099  0.730579 0.362760 0
0  6.825931 -2.437385 26.746674  -0.300828 -0.799544 0.519839  0.734929 0.363685 0
0  6.750167 -2.335438 26.864296  -0.276268 -0.834849 0.476133  0.734044 0.365209 0
toilet
0  7.506545 2.517273 26.939278  -0.014866 0.794465 0.607128  0.728743 0.417428 0
0  7.896646 2.411724 27.035854  0.126102 0.824233 0.552032  0.724413 0.418521 0
0  7.862736 2.517254 26.903748  0.134649 0.795474 0.590839  0.724933 0.416846 0
toilet
0  6.750167 -2.335438 26.864296  -0.276268 -0.834849 0.476133  0.734044 0.365209 0
0  7.153093 -2.437641 26.884468  -0.162825 -0.796823 0.581860  0.738513 0.365021 0
0  7.112159 -2.335426 27.016579  -0.149714 -0.832342 0.533660  0.738074 0.366719 0
toilet
0  7.862736 2.517254 26.903748  0.134649 0.795474 0.590839  0.724933 0.416846 0
0  8.265680 2.411690 26.901535  0.258142 0.826849 0.499684  0.720461 0.416818 0
0  8.196823 2.517228 26.782131  0.275959 0.798277 0.535351  0.721418 0.415339 0
toilet
0  8.196823 2.517228 26.782131  0.275959 0.798277 0.535351  0.721418 0.415339 0
0  8.585155 2.411664 26.681286  0.373545 0.830432 0.413336  0.717118 0.414206 0
0  8.486035 2.517209 26.582729  0.399875 0.802167 0.443428  0.718441 0.413019 0
toilet
0  8.486035 2.517209 26.582729  0.399875 0.802167 0.443428  0.718441 0.413019 0
0  8.833297 2.411633 26.390121  0.464117 0.834108 0.298093  0.714606 0.410873 0
0  8.710666 2.517182 26.319130  0.497619 0.806100 0.320277  0.716201 0.410057 0
toilet
0  8.710666 2.517182 26.319130  0.497619 0.806100 0.320277  0.716201 0.410057 0
0  8.993197 2.411599 26.047878  0.523266 0.836762 0.161312  0.713083 0.407054 0
0  8.855412 2.517163 26.009304  0.561529 0.809000 0.173793  0.714840 0.406657 0
toilet
0  8.910413 2.517128 25.674355  0.586162 0.810067 0.014343  0.714439 0.403048 0
0  8.993197 2.411599 26.047878  0.523266 0.836762 0.161312  0.713083 0.407054 0
0  9.053960 2.411572 25.677887  0.545871 0.837763 0.013363  0.712644 0.403004 0
toilet
0  6.204980 2.517315 25.944176  -0.569298 0.809060 0.146020  0.743149 0.407339 0
0  6.208351 2.411785 26.325619  -0.478084 0.834175 0.274931  0.743179 0.411562 0
0  6.334334 2.517319 26.260742  -0.512664 0.806150 0.295463  0.741626 0.410669 0
toilet
0  8.062701 2.909859 25.944046  0.133214 0.987339 0.086117  0.723721 0.406176 0
0  8.127439 2.909855 25.805489  0.147968 0.987946 0.045477  0.723142 0.404761 0
0  7.538483 2.979279 25.640615  0.000062 1.000000 -0.000060  0.729081 0.403400 0
toilet
0  8.062701 2.909859 25.944046  0.133214 0.987339 0.086117  0.723721 0.406176 0
0  7.538483 2.979279 25.640615  0.000062 1.000000 -0.000060  0.729081 0.403400 0
0  7.962241 2.909874 26.061924  0.106351 0.987409 0.117104  0.724664 0.407400 0
toilet
0  7.832900 2.909893 26.151093  0.074305 0.986671 0.144773  0.725907 0.408351 0
0  7.962241 2.909874 26.061924  0.106351 0.987409 0.117104  0.724664 0.407400 0
0  7.538483 2.979279 25.640615  0.000062 1.000000 -0.000060  0.729081 0.403400 0
toilet
0  7.832900 2.909893 26.151093  0.074305 0.986671 0.144773  0.725907 0.408351 0
0  7.538483 2.979279 25.640615  0.000062 1.000000 -0.000060  0.729081 0.403400 0
0  7.683496 2.909901 26.205471  0.036203 0.986853 0.157514  0.727366 0.408961 0
toilet
0  7.683496 2.909901 26.205471  0.036203 0.986853 0.157514  0.727366 0.408961 0
0  7.538483 2.979279 25.640615  0.000062 1.000000 -0.000060  0.729081 0.403400 0
0  7.365894 2.909920 26.197666  -0.043767 0.986858 0.155547  0.730526 0.409038 0
toilet
0  7.683496 2.909901 26.205471  0.036203 0.986853 0.157514  0.727366 0.408961 0
0  7.365894 2.909920 26.197666  -0.043767 0.986858 0.155547  0.730526 0.409038 0
0  7.524209 2.909912 26.221359  -0.003956 0.986361 0.164549  0.728942 0.409188 0
toilet
0  7.365894 2.909920 26.197666  -0.043767 0.986858 0.155547  0.730526 0.409038 0
0  7.538483 2.979279 25.640615  0.000062 1.000000 -0.000060  0.729081 0.403400 0
0  7.094534 2.909928 26.040604  -0.111854 0.987422 0.111739  0.733300 0.407608 0
toilet
0  7.365894 2.909920 26.197666  -0.043767 0.986858 0.155547  0.730526 0.409038 0
0  7.094534 2.909928 26.040604  -0.111854 0.987422 0.111739  0.733300 0.407608 0
0  7.219340 2.909928 26.136017  -0.081156 0.986695 0.140879  0.732013 0.408498 0
toilet
0  7.094534 2.909928 26.040604  -0.111854 0.987422 0.111739  0.733300 0.407608 0
0  7.538483 2.979279 25.640615  0.000062 1.000000 -0.000060  0.729081 0.403400 0
0  6.942131 2.909920 25.776363  -0.149832 0.987976 0.038140  0.734948 0.405046 0
toilet
0  7.094534 2.909928 26.040604  -0.111854 0.987422 0.111739  0.733300 0.407608 0
0  6.942131 2.909920 25.776363  -0.149832 0.987976 0.038140  0.734948 0.405046 0
0  6.999983 2.909928 25.917931  -0.137162 0.987357 0.079452  0.734301 0.406431 0
toilet
0  7.538483 2.979279 25.640615  0.000062 1.000000 -0.000060  0.729081 0.403400 0
0  6.949518 2.909909 25.475750  -0.147847 0.987958 -0.045605  0.735020 0.402040 0
0  6.924918 2.909912 25.625542  -0.156362 0.987692 -0.003892  0.735199 0.403548 0
toilet
0  7.538483 2.979279 25.640615  0.000062 1.000000 -0.000060  0.729081 0.403400 0
0  6.924918 2.909912 25.625542  -0.156362 0.987692 -0.003892  0.735199 0.403548 0
0  6.942131 2.909920 25.776363  -0.149832 0.987976 0.038140  0.734948 0.405046 0
toilet
0  7.538483 2.979279 25.640615  0.000062 1.000000 -0.000060  0.729081 0.403400 0
0  7.114715 2.909874 25.219315  -0.106219 0.987407 -0.117236  0.733498 0.399401 0
0  7.014254 2.909893 25.337194  -0.133087 0.987345 -0.086244  0.734441 0.400625 0
toilet
0  7.538483 2.979279 25.640615  0.000062 1.000000 -0.000060  0.729081 0.403400 0
0  7.014254 2.909893 25.337194  -0.133087 0.987345 -0.086244  0.734441 0.400625 0
0  6.949518 2.909909 25.475750  -0.147847 0.987958 -0.045605  0.735020 0.402040 0
toilet
0  7.538483 2.979279 25.640615  0.000062 1.000000 -0.000060  0.729081 0.403400 0
0  7.393460 2.909855 25.075764  -0.036068 0.986839 -0.157631  0.730796 0.397840 0
0  7.244055 2.909859 25.130142  -0.073929 0.986662 -0.145029  0.732255 0.398450 0
toilet
0  7.538483 2.979279 25.640615  0.000062 1.000000 -0.000060  0.729081 0.403400 0
0  7.244055 2.909859 25.130142  -0.073929 0.986662 -0.145029  0.732255 0.398450 0
0  7.114715 2.909874 25.219315  -0.106219 0.987407 -0.117236  0.733498 0.399401 0
toilet
0  7.711062 2.909832 25.083569  0.043884 0.986835 -0.155661  0.727636 0.397763 0
0  7.552747 2.909840 25.059881  0.004101 0.986339 -0.164675  0.729220 0.397613 0
0  7.393460 2.909855 25.075764  -0.036068 0.986839 -0.157631  0.730796 0.397840 0
toilet
0  7.711062 2.909832 25.083569  0.043884 0.986835 -0.155661  0.727636 0.397763 0
0  7.393460 2.909855 25.075764  -0.036068 0.986839 -0.157631  0.730796 0.397840 0
0  7.538483 2.979279 25.640615  0.000062 1.000000 -0.000060  0.729081 0.403400 0
toilet
0  7.982421 2.909821 25.240631  0.111954 0.987398 -0.111859  0.724862 0.399193 0
0  7.857617 2.909832 25.145224  0.081257 0.986669 -0.141005  0.726149 0.398303 0
0  7.711062 2.909832 25.083569  0.043884 0.986835 -0.155661  0.727636 0.397763 0
toilet
0  7.982421 2.909821 25.240631  0.111954 0.987398 -0.111859  0.724862 0.399193 0
0  7.711062 2.909832 25.083569  0.043884 0.986835 -0.155661  0.727636 0.397763 0
0  7.538483 2.979279 25.640615  0.000062 1.000000 -0.000060  0.729081 0.403400 0
toilet
0  8.134825 2.909832 25.504871  0.150010 0.987943 -0.038275  0.723214 0.401755 0
0  8.076972 2.909832 25.363302  0.137262 0.987333 -0.079578  0.723861 0.400370 0
0  7.982421 2.909821 25.240631  0.111954 0.987398 -0.111859  0.724862 0.399193 0
toilet
0  8.134825 2.909832 25.504871  0.150010 0.987943 -0.038275  0.723214 0.401755 0
0  7.982421 2.909821 25.240631  0.111954 0.987398 -0.111859  0.724862 0.399193 0
0  7.538483 2.979279 25.640615  0.000062 1.000000 -0.000060  0.729081 0.403400 0
toilet
0  6.713496 2.791760 26.065613  -0.395374 0.889803 0.227884  0.737186 0.408103 0
0  6.755397 2.711415 26.346161  -0.368593 0.852322 0.371062  0.736811 0.411106 0
0  6.864542 2.792668 26.247822  -0.325969 0.886580 0.328208  0.735641 0.409940 0
toilet
0  8.367998 6.368908 41.311615  0.990745 0.130062 0.038834  0.507099 0.576118 0
0  8.483383 5.098687 41.939182  0.994270 0.096936 0.045070  0.493784 0.582196 0
0  8.503057 5.231034 41.138828  0.994462 0.098931 0.035459  0.495341 0.574091 0
toilet
0  8.344255 -6.464977 35.925266  0.987887 -0.147621 -0.047827  0.375672 0.518279 0
0  8.504807 -5.111808 35.716000  0.993597 -0.104370 -0.043274  0.389711 0.516773 0
0  8.484516 -5.565826 36.540680  0.993020 -0.113762 -0.031151  0.384780 0.524974 0
toilet
0  7.896904 -4.877193 30.356163  0.944541 -0.195661 -0.263742  0.394242 0.461890 0
0  8.108457 -3.511162 30.348656  0.972841 -0.111013 -0.203118  0.408139 0.462961 0
0  8.092768 -4.571786 30.984571  0.971391 -0.144728 -0.188289  0.397065 0.468732 0
toilet
0  8.563996 2.472435 33.325439  0.995620 0.050510 -0.078670  0.468166 0.494798 0
0  8.655135 2.638894 34.943336  0.997536 0.050233 -0.048977  0.469673 0.511113 0
0  8.664039 2.030705 34.579472  0.997796 0.038441 -0.054086  0.463470 0.507412 0
toilet
0  8.389088 -5.278789 34.103535  0.989620 -0.120778 -0.077874  0.388517 0.500246 0
0  8.539310 -3.925056 34.314632  0.994719 -0.080272 -0.063956  0.402363 0.503100 0
0  8.523113 -4.544612 34.972324  0.994119 -0.093527 -0.054591  0.395782 0.509475 0
toilet
0  7.563745 2.710358 24.611801  0.013151 0.846204 -0.532697  0.729337 0.392753 0
0  7.800586 2.792362 24.794590  0.126972 0.881964 -0.453892  0.726830 0.394616 0
0  7.842977 2.711090 24.657761  0.143364 0.846697 -0.512398  0.726427 0.393042 0
toilet
0  7.842977 2.711090 24.657761  0.143364 0.846697 -0.512398  0.726427 0.393042 0
0  8.027596 2.791413 24.881115  0.233827 0.884413 -0.403903  0.724518 0.395467 0
0  8.103686 2.710430 24.763119  0.264435 0.849359 -0.456797  0.723702 0.394049 0
toilet
0  8.103686 2.710430 24.763119  0.264435 0.849359 -0.456797  0.723702 0.394049 0
0  8.212398 2.792515 25.033428  0.326073 0.886499 -0.328322  0.722521 0.396861 0
0  8.321534 2.711239 24.935101  0.368631 0.852291 -0.371095  0.721351 0.395695 0
toilet
0  8.321534 2.711239 24.935101  0.368631 0.852291 -0.371095  0.721351 0.395695 0
0  8.363445 2.791607 25.215637  0.395493 0.889726 -0.227975  0.720976 0.398697 0
0  8.491916 2.710598 25.149551  0.448015 0.855854 -0.258449  0.719533 0.397861 0
toilet
0  8.363445 2.791607 25.215637  0.395493 0.889726 -0.227975  0.720976 0.398697 0
0  8.590067 2.711392 25.401257  0.497612 0.857918 -0.127897  0.718365 0.400396 0
0  8.491916 2.710598 25.149551  0.448015 0.855854 -0.258449  0.719533 0.397861 0
toilet
0  7.851906 -6.897048 32.182610  0.938299 -0.274991 -0.209703  0.372470 0.479140 0
0  8.073629 -5.583761 31.761003  0.969601 -0.175742 -0.170263  0.386335 0.475966 0
0  8.050589 -6.465160 32.696644  0.967643 -0.203853 -0.148696  0.376806 0.484942 0
toilet
0  8.478263 2.791710 25.663715  0.451404 0.892251 0.011057  0.719599 0.403172 0
0  8.577039 2.711419 25.931362  0.490689 0.857956 0.152105  0.718232 0.405885 0
0  8.624683 2.710698 25.667320  0.511622 0.859120 0.012457  0.717917 0.403131 0
toilet
0  8.060052 -2.634590 26.545094  0.242324 -0.848544 0.470375  0.747831 0.360473 0
0  8.181962 -2.716625 26.280384  0.309201 -0.886833 0.343398  0.748875 0.357607 0
0  8.286145 -2.635387 26.383976  0.350900 -0.851471 0.389700  0.750100 0.358715 0
toilet
0  8.181764 2.792592 26.280190  0.309593 0.886545 0.343788  0.722214 0.409616 0
0  8.466645 2.710656 26.177940  0.434949 0.855774 0.280127  0.719277 0.408474 0
0  8.341577 2.791653 26.105618  0.384457 0.889329 0.247563  0.720758 0.407708 0
toilet
0  7.989703 2.791512 26.423241  0.213529 0.884468 0.414876  0.724141 0.411105 0
0  8.285937 2.711319 26.383766  0.350002 0.852306 0.388680  0.720989 0.410724 0
0  8.181764 2.792592 26.280190  0.309593 0.886545 0.343788  0.722214 0.409616 0
toilet
0  7.758720 2.792469 26.498512  0.104547 0.882052 0.459405  0.726410 0.412067 0
0  8.059906 2.710537 26.544842  0.241566 0.849412 0.469196  0.723258 0.412482 0
0  7.989703 2.791512 26.423241  0.213529 0.884468 0.414876  0.724141 0.411105 0
toilet
0  7.516589 2.791447 26.531166  -0.011596 0.881891 0.471311  0.728864 0.412428 0
0  7.794339 2.711212 26.637272  0.118028 0.846728 0.518770  0.725932 0.413619 0
0  7.758720 2.792469 26.498512  0.104547 0.882052 0.459405  0.726410 0.412067 0
toilet
0  8.561869 -5.098659 38.720341  0.995305 -0.096753 0.002571  0.389037 0.547313 0
0  8.671291 -3.739856 38.510914  0.997728 -0.067361 0.000981  0.403135 0.545602 0
0  8.656794 -3.902347 39.100529  0.997489 -0.070299 0.008623  0.401321 0.551515 0
toilet
0  8.502424 -5.241931 41.139194  0.994468 -0.098877 0.035441  0.387033 0.571858 0
0  8.626513 -4.039932 40.332573  0.997047 -0.072780 0.024506  0.399635 0.563943 0
0  8.611298 -4.012004 40.951832  0.996850 -0.072327 0.032530  0.399796 0.570218 0
toilet
0  8.050589 -6.465160 32.696644  0.967643 -0.203853 -0.148696  0.376806 0.484942 0
0  8.251783 -5.115215 32.483498  0.983098 -0.134486 -0.124227  0.390826 0.483770 0
0  8.230676 -5.922645 33.340622  0.981799 -0.156208 -0.108025  0.382168 0.492019 0
toilet
0  8.446495 4.571465 43.439251  0.994070 0.085659 0.066992  0.487952 0.597299 0
0  8.555746 3.212376 43.230179  0.996395 0.057878 0.062027  0.473968 0.594797 0
0  8.568491 3.498845 42.712223  0.996468 0.062865 0.055668  0.477053 0.589629 0
toilet
0  6.452248 2.710835 25.613937  -0.511482 0.859202 -0.012594  0.740245 0.403669 0
0  6.633585 2.792820 25.846600  -0.439375 0.891186 0.112857  0.738181 0.405952 0
0  6.598679 2.791825 25.617531  -0.451278 0.892313 -0.011183  0.738563 0.403629 0
toilet
0  8.231399 5.921856 33.339897  0.981745 0.156393 -0.108246  0.503601 0.494520 0
0  8.368403 5.938824 34.972530  0.988756 0.135365 -0.063551  0.503664 0.511305 0
0  8.389731 5.278077 34.102890  0.989630 0.120711 -0.077861  0.496920 0.502478 0
toilet
0  9.053960 -2.335227 25.677887  0.534230 -0.845238 0.013080  0.758445 0.350995 0
0  9.087712 -2.293621 25.287998  0.965838 -0.075640 -0.247860  0.758688 0.346731 0
0  9.132432 -2.293647 25.679817  0.996814 -0.075928 0.024450  0.759356 0.350973 0
toilet
0  8.833297 2.411633 26.390121  0.464117 0.834108 0.298093  0.714606 0.410873 0
0  9.068522 2.370011 26.068970  0.952491 0.075694 0.295009  0.712196 0.407252 0
0  8.993197 2.411599 26.047878  0.523266 0.836762 0.161312  0.713083 0.407054 0
toilet
0  8.585155 2.411664 26.681286  0.373545 0.830432 0.413336  0.717118 0.414206 0
0  8.900340 2.370045 26.428928  0.839298 0.075087 0.538462  0.713800 0.411280 0
0  8.833297 2.411633 26.390121  0.464117 0.834108 0.298093  0.714606 0.410873 0
toilet
0  6.385114 -2.293873 26.679783  -0.704536 -0.074326 0.705766  0.729940 0.363384 0
0  6.750167 -2.335438 26.864296  -0.276268 -0.834849 0.476133  0.734044 0.365209 0
0  6.709347 -2.293865 26.927658  -0.501065 -0.073411 0.862290  0.733596 0.365971 0
toilet
0  6.709347 -2.293865 26.927658  -0.501065 -0.073411 0.862290  0.733596 0.365971 0
0  7.112159 -2.335426 27.016579  -0.149714 -0.832342 0.533660  0.738074 0.366719 0
0  7.090083 -2.293854 27.087830  -0.269772 -0.072880 0.960162  0.737851 0.367567 0
toilet
0  7.090083 -2.293854 27.087830  -0.269772 -0.072880 0.960162  0.737851 0.367567 0
0  7.503201 -2.335407 27.075092  -0.013601 -0.831384 0.555532  0.742389 0.367179 0
0  7.501374 -2.293827 27.149372  -0.024486 -0.072653 0.997057  0.742410 0.368055 0
toilet
0  7.575515 2.369992 24.131931  0.024498 0.072510 -0.997067  0.729482 0.386737 0
0  7.964736 2.411553 24.264717  0.153070 0.824147 -0.545299  0.725147 0.388073 0
0  7.986806 2.369965 24.193474  0.269783 0.072696 -0.960173  0.724924 0.387225 0
toilet
0  7.503201 2.411751 27.075096  -0.013886 0.823290 0.567451  0.728701 0.419188 0
0  7.915190 2.370152 27.108097  0.222289 0.072852 0.972255  0.724150 0.419357 0
0  7.896646 2.411724 27.035854  0.126102 0.824233 0.552032  0.724413 0.418521 0
toilet
0  7.986806 2.369965 24.193474  0.269783 0.072696 -0.960173  0.724924 0.387225 0
0  8.326727 2.411538 24.417000  0.282360 0.826802 -0.486488  0.721117 0.389583 0
0  8.367541 2.369954 24.353642  0.501073 0.073293 -0.862296  0.720669 0.388821 0
toilet
0  5.989180 -2.293854 25.993301  -0.966071 -0.075771 0.246912  0.725328 0.356051 0
0  6.022935 -2.335407 25.603413  -0.534097 -0.845321 -0.013168  0.725571 0.351787 0
0  6.065452 -2.335426 25.975941  -0.519033 -0.844371 0.132826  0.726205 0.355811 0
toilet
0  8.265680 2.411690 26.901535  0.258142 0.826849 0.499684  0.720461 0.416818 0
0  8.639350 2.370083 26.735172  0.669011 0.074239 0.739536  0.716449 0.414798 0
0  8.585155 2.411664 26.681286  0.373545 0.830432 0.413336  0.717118 0.414206 0
toilet
0  7.161698 2.370011 24.173203  -0.222285 0.072722 -0.972266  0.734012 0.387444 0
0  7.573693 2.411572 24.206203  0.013991 0.823197 -0.567583  0.729461 0.387613 0
0  7.575515 2.369992 24.131931  0.024498 0.072510 -0.997067  0.729482 0.386737 0
toilet
0  8.900340 -2.293697 26.428928  0.839280 -0.075047 0.538496  0.757289 0.359271 0
0  8.993197 -2.335254 26.047878  0.511940 -0.844340 0.158138  0.758006 0.355045 0
0  9.068522 -2.293666 26.068966  0.952783 -0.075697 0.294065  0.758893 0.355243 0
toilet
0  7.896646 2.411724 27.035854  0.126102 0.824233 0.552032  0.724413 0.418521 0
0  8.303332 2.370118 26.966824  0.456777 0.073370 0.886550  0.719977 0.417558 0
0  8.265680 2.411690 26.901535  0.258142 0.826849 0.499684  0.720461 0.416818 0
toilet
0  8.691775 2.369954 24.601521  0.704545 0.074081 -0.705782  0.717012 0.391408 0
0  8.868541 2.411538 24.955673  0.478240 0.834046 -0.275054  0.714983 0.395239 0
0  8.937413 2.369954 24.920208  0.864710 0.075029 -0.496636  0.714197 0.394794 0
toilet
0  6.437540 2.370083 24.546131  -0.669020 0.074225 -0.739529  0.741713 0.392003 0
0  6.811215 2.411633 24.379765  -0.258046 0.826810 -0.499798  0.737701 0.389983 0
0  6.773557 2.370053 24.314480  -0.458108 0.073364 -0.885864  0.738185 0.389243 0
toilet
0  6.065452 2.411770 25.975941  -0.530332 0.836859 0.135701  0.744884 0.407820 0
0  6.139478 2.370209 26.361092  -0.863874 0.075169 0.498069  0.743965 0.412007 0
0  6.208351 2.411785 26.325619  -0.478084 0.834175 0.274931  0.743179 0.411562 0
toilet
0  6.773557 2.370053 24.314480  -0.458108 0.073364 -0.885864  0.738185 0.389243 0
0  7.180248 2.411598 24.245441  -0.126023 0.824157 -0.552162  0.733749 0.388280 0
0  7.161698 2.370011 24.173203  -0.222285 0.072722 -0.972266  0.734012 0.387444 0
toilet
0  6.139479 -2.293865 26.361092  -0.864708 -0.075101 0.496628  0.727124 0.359998 0
0  6.441896 -2.335445 26.628624  -0.384894 -0.838323 0.386099  0.730579 0.362760 0
0  6.385114 -2.293873 26.679783  -0.704536 -0.074326 0.705766  0.729940 0.363384 0
toilet
0  6.176548 2.370117 24.852371  -0.838361 0.075056 -0.539923  0.744362 0.395520 0
0  6.491741 2.411663 24.600010  -0.373390 0.830479 -0.413381  0.741044 0.392595 0
0  6.437540 2.370083 24.546131  -0.669020 0.074225 -0.739529  0.741713 0.392003 0
toilet
0  9.011443 2.411545 25.305355  0.530405 0.836799 -0.135788  0.713278 0.398980 0
0  9.132432 2.369992 25.679817  0.996813 0.075933 0.024447  0.711733 0.402982 0
0  9.087712 2.369965 25.287994  0.966084 0.075582 -0.246919  0.712401 0.398741 0
toilet
0  8.937413 2.369954 24.920208  0.864710 0.075029 -0.496636  0.714197 0.394794 0
0  9.011443 2.411545 25.305355  0.530405 0.836799 -0.135788  0.713278 0.398980 0
0  9.087712 2.369965 25.287994  0.966084 0.075582 -0.246919  0.712401 0.398741 0
toilet
0  6.008368 2.370152 25.212330  -0.952500 0.075695 -0.294983  0.745966 0.399549 0
0  6.022934 2.411751 25.603409  -0.545745 0.837843 -0.013458  0.745518 0.403796 0
0  6.083697 2.411724 25.233418  -0.523073 0.836808 -0.161701  0.745079 0.399746 0
toilet
0  8.367541 2.369954 24.353642  0.501073 0.073293 -0.862296  0.720669 0.388821 0
0  8.634999 2.411530 24.652672  0.393374 0.830402 -0.394574  0.717652 0.392031 0
0  8.691775 2.369954 24.601521  0.704545 0.074081 -0.705782  0.717012 0.391408 0
toilet
0  7.538390 1.441929 25.640707  -0.000062 -1.000000 0.000061  0.770117 0.403400 0
0  7.896751 1.441990 27.036552  0.006463 -0.999557 0.029036  0.774555 0.417495 0
0  7.503127 1.442017 27.075813  -0.000727 -0.999556 0.029776  0.770546 0.418113 0
toilet
0  7.538390 1.441929 25.640707  -0.000062 -1.000000 0.000061  0.770117 0.403400 0
0  7.503127 1.442017 27.075813  -0.000727 -0.999556 0.029776  0.770546 0.418113 0
0  7.111904 1.442036 27.017269  -0.008009 -0.999556 0.028690  0.766508 0.417730 0
toilet
0  8.585574 1.441929 26.681820  0.019413 -0.999573 0.021834  0.781412 0.413482 0
0  8.265952 1.441956 26.902172  0.013364 -0.999565 0.026277  0.778261 0.415915 0
0  7.896751 1.441990 27.036552  0.006463 -0.999557 0.029036  0.774555 0.417495 0
toilet
0  8.585574 1.441929 26.681820  0.019413 -0.999573 0.021834  0.781412 0.413482 0
0  7.896751 1.441990 27.036552  0.006463 -0.999557 0.029036  0.774555 0.417495 0
0  7.538390 1.441929 25.640707  -0.000062 -1.000000 0.000061  0.770117 0.403400 0
toilet
0  7.538390 1.441929 25.640707  -0.000062 -1.000000 0.000061  0.770117 0.403400 0
0  7.111904 1.442036 27.017269  -0.008009 -0.999556 0.028690  0.766508 0.417730 0
0  6.749746 1.442051 26.864920  -0.014812 -0.999562 0.025607  0.762716 0.416369 0
toilet
0  7.538390 1.441929 25.640707  -0.000062 -1.000000 0.000061  0.770117 0.403400 0
0  6.749746 1.442051 26.864920  -0.014812 -0.999562 0.025607  0.762716 0.416369 0
0  6.441334 1.442055 26.629135  -0.020616 -0.999569 0.020878  0.759429 0.414124 0
toilet
0  7.538390 1.441929 25.640707  -0.000062 -1.000000 0.000061  0.770117 0.403400 0
0  6.441334 1.442055 26.629135  -0.020616 -0.999569 0.020878  0.759429 0.414124 0
0  6.207684 1.442051 26.325994  -0.025037 -0.999580 0.014592  0.756871 0.411148 0
toilet
0  7.538390 1.441929 25.640707  -0.000062 -1.000000 0.000061  0.770117 0.403400 0
0  6.207684 1.442051 26.325994  -0.025037 -0.999580 0.014592  0.756871 0.411148 0
0  6.064719 1.442036 25.976154  -0.027898 -0.999584 0.007263  0.755215 0.407646 0
toilet
0  8.993806 1.441857 26.048126  0.027326 -0.999589 0.008613  0.785240 0.406769 0
0  8.833831 1.441891 26.390524  0.024153 -0.999583 0.015843  0.783792 0.410363 0
0  8.585574 1.441929 26.681820  0.019413 -0.999573 0.021834  0.781412 0.413482 0
toilet
0  8.993806 1.441857 26.048126  0.027326 -0.999589 0.008613  0.785240 0.406769 0
0  8.585574 1.441929 26.681820  0.019413 -0.999573 0.021834  0.781412 0.413482 0
0  7.538390 1.441929 25.640707  -0.000062 -1.000000 0.000061  0.770117 0.403400 0
toilet
0  6.082972 1.441990 25.233288  -0.027479 -0.999586 -0.008511  0.754993 0.400032 0
0  7.538390 1.441929 25.640707  -0.000062 -1.000000 0.000061  0.770117 0.403400 0
0  6.064719 1.442036 25.976154  -0.027898 -0.999584 0.007263  0.755215 0.407646 0
toilet
0  6.082972 1.441990 25.233288  -0.027479 -0.999586 -0.008511  0.754993 0.400032 0
0  6.064719 1.442036 25.976154  -0.027898 -0.999584 0.007263  0.755215 0.407646 0
0  6.022182 1.442017 25.603455  -0.028725 -0.999587 -0.000615  0.754574 0.403854 0
toilet
0  6.491202 1.441929 24.599590  -0.019518 -0.999573 -0.021738  0.758821 0.393319 0
0  7.538390 1.441929 25.640707  -0.000062 -1.000000 0.000061  0.770117 0.403400 0
0  6.082972 1.441990 25.233288  -0.027479 -0.999586 -0.008511  0.754993 0.400032 0
toilet
0  6.491202 1.441929 24.599590  -0.019518 -0.999573 -0.021738  0.758821 0.393319 0
0  6.082972 1.441990 25.233288  -0.027479 -0.999586 -0.008511  0.754993 0.400032 0
0  6.242946 1.441956 24.890892  -0.024345 -0.999580 -0.015730  0.756441 0.396438 0
toilet
0  9.012057 1.441811 25.305260  0.027698 -0.999591 -0.007133  0.785018 0.399155 0
0  9.054595 1.441838 25.677963  0.028590 -0.999591 0.000729  0.785659 0.402947 0
0  8.993806 1.441857 26.048126  0.027326 -0.999589 0.008613  0.785240 0.406769 0
toilet
0  9.012057 1.441811 25.305260  0.027698 -0.999591 -0.007133  0.785018 0.399155 0
0  8.993806 1.441857 26.048126  0.027326 -0.999589 0.008613  0.785240 0.406769 0
0  7.538390 1.441929 25.640707  -0.000062 -1.000000 0.000061  0.770117 0.403400 0
toilet
0  7.180026 1.441864 24.244862  -0.006593 -0.999561 -0.028899  0.765678 0.389306 0
0  7.538390 1.441929 25.640707  -0.000062 -1.000000 0.000061  0.770117 0.403400 0
0  6.491202 1.441929 24.599590  -0.019518 -0.999573 -0.021738  0.758821 0.393319 0
toilet
0  7.180026 1.441864 24.244862  -0.006593 -0.999561 -0.028899  0.765678 0.389306 0
0  6.491202 1.441929 24.599590  -0.019518 -0.999573 -0.021738  0.758821 0.393319 0
0  6.810822 1.441899 24.379248  -0.013495 -0.999565 -0.026241  0.761972 0.390886 0
toilet
0  7.573650 1.441838 24.205605  0.000671 -0.999557 -0.029736  0.769687 0.388687 0
0  7.964873 1.441811 24.264145  0.007913 -0.999562 -0.028518  0.773726 0.389071 0
0  7.538390 1.441929 25.640707  -0.000062 -1.000000 0.000061  0.770117 0.403400 0
toilet
0  7.573650 1.441838 24.205605  0.000671 -0.999557 -0.029736  0.769687 0.388687 0
0  7.538390 1.441929 25.640707  -0.000062 -1.000000 0.000061  0.770117 0.403400 0
0  7.180026 1.441864 24.244862  -0.006593 -0.999561 -0.028899  0.765678 0.389306 0
toilet
0  8.327029 1.441803 24.416496  0.014642 -0.999567 -0.025514  0.777517 0.390432 0
0  8.635442 1.441800 24.652279  0.020463 -0.999576 -0.020725  0.780805 0.392677 0
0  7.538390 1.441929 25.640707  -0.000062 -1.000000 0.000061  0.770117 0.403400 0
toilet
0  8.327029 1.441803 24.416496  0.014642 -0.999567 -0.025514  0.777517 0.390432 0
0  7.538390 1.441929 25.640707  -0.000062 -1.000000 0.000061  0.770117 0.403400 0
0  7.964873 1.441811 24.264145  0.007913 -0.999562 -0.028518  0.773726 0.389071 0
toilet
0  8.869092 1.441803 24.955421  0.024962 -0.999583 -0.014484  0.783363 0.395652 0
0  9.012057 1.441811 25.305260  0.027698 -0.999591 -0.007133  0.785018 0.399155 0
0  7.538390 1.441929 25.640707  -0.000062 -1.000000 0.000061  0.770117 0.403400 0
toilet
0  8.869092 1.441803 24.955421  0.024962 -0.999583 -0.014484  0.783363 0.395652 0
0  7.538390 1.441929 25.640707  -0.000062 -1.000000 0.000061  0.770117 0.403400 0
0  8.635442 1.441800 24.652279  0.020463 -0.999576 -0.020725  0.780805 0.392677 0
toilet
0  6.008314 -1.403541 25.212387  -0.952820 0.075145 -0.294087  0.716960 0.347828 0
0  6.022182 -1.365673 25.603451  -0.028725 0.999587 -0.000687  0.716515 0.351845 0
0  6.082972 -1.365646 25.233292  -0.027491 0.999586 -0.008498  0.716096 0.348023 0
toilet
0  8.833831 -1.365547 26.390526  0.024175 0.999583 0.015799  0.687297 0.358353 0
0  9.068467 -1.403400 26.069023  0.952799 0.075232 0.294133  0.684985 0.354954 0
0  8.993806 -1.365512 26.048126  0.027369 0.999588 0.008608  0.685849 0.354760 0
toilet
0  6.207685 -1.365703 26.325994  -0.025109 0.999577 0.014648  0.714218 0.359139 0
0  6.385060 -1.403599 26.679836  -0.703275 0.073619 0.707096  0.712271 0.362733 0
0  6.441335 -1.365711 26.629135  -0.020589 0.999570 0.020902  0.711660 0.362115 0
toilet
0  8.303279 1.479847 26.966877  0.458121 -0.072867 0.885898  0.778727 0.416637 0
0  8.585574 1.441929 26.681820  0.019413 -0.999573 0.021834  0.781412 0.413482 0
0  8.639296 1.479813 26.735226  0.669026 -0.073688 0.739577  0.782058 0.414064 0
toilet
0  6.810822 1.441899 24.379248  -0.013495 -0.999565 -0.026241  0.761972 0.390886 0
0  7.161645 1.479748 24.173256  -0.221448 -0.072369 -0.972483  0.765424 0.388492 0
0  7.180026 1.441864 24.244862  -0.006593 -0.999561 -0.028899  0.765678 0.389306 0
toilet
0  7.111905 -1.365692 27.017269  -0.008005 0.999557 0.028675  0.704581 0.365721 0
0  7.501320 -1.403560 27.149426  -0.024507 0.072096 0.997097  0.700518 0.366955 0
0  7.503127 -1.365673 27.075811  -0.000793 0.999554 0.029851  0.700543 0.366104 0
toilet
0  7.573650 1.441838 24.205605  0.000671 -0.999557 -0.029736  0.769687 0.388687 0
0  7.986753 1.479699 24.193527  0.269782 -0.072392 -0.960196  0.773932 0.388244 0
0  7.964873 1.441811 24.264145  0.007913 -0.999562 -0.028518  0.773726 0.389071 0
toilet
0  7.180026 1.441864 24.244862  -0.006593 -0.999561 -0.028899  0.765678 0.389306 0
0  7.575461 1.479714 24.131985  0.024461 -0.072117 -0.997096  0.769662 0.387837 0
0  7.573650 1.441838 24.205605  0.000671 -0.999557 -0.029736  0.769687 0.388687 0
toilet
0  6.773503 -1.403435 24.314529  -0.458109 0.072909 -0.885901  0.709583 0.338155 0
0  7.180026 -1.365520 24.244862  -0.006594 0.999560 -0.028904  0.705411 0.337297 0
0  7.161645 -1.403400 24.173256  -0.222291 0.072405 -0.972288  0.705665 0.336483 0
toilet
0  9.054595 -1.365493 25.677963  0.028590 0.999591 0.000757  0.685430 0.350938 0
0  9.068467 -1.403400 26.069023  0.952799 0.075232 0.294133  0.684985 0.354954 0
0  9.132379 -1.403370 25.679874  0.996842 0.075540 0.024508  0.684544 0.350912 0
toilet
0  7.501319 1.479905 27.149426  -0.024455 -0.072032 0.997102  0.770571 0.418964 0
0  7.896751 1.441990 27.036552  0.006463 -0.999557 0.029036  0.774555 0.417495 0
0  7.915136 1.479874 27.108154  0.221460 -0.072307 0.972485  0.774809 0.418309 0
toilet
0  6.441335 -1.365711 26.629135  -0.020589 0.999570 0.020902  0.711660 0.362115 0
0  6.709293 -1.403599 26.927711  -0.499819 0.072814 0.863064  0.708796 0.365108 0
0  6.749747 -1.365703 26.864920  -0.014754 0.999563 0.025626  0.708373 0.364360 0
toilet
0  7.964873 1.441811 24.264145  0.007913 -0.999562 -0.028518  0.773726 0.389071 0
0  8.367488 1.479687 24.353699  0.499689 -0.072936 -0.863129  0.777940 0.389684 0
0  8.327029 1.441803 24.416496  0.014642 -0.999567 -0.025514  0.777517 0.390432 0
toilet
0  6.139424 1.479946 26.361145  -0.864739 -0.074474 0.496669  0.756114 0.411595 0
0  6.441334 1.442055 26.629135  -0.020616 -0.999569 0.020878  0.759429 0.414124 0
0  6.385060 1.479946 26.679836  -0.703247 -0.073598 0.707126  0.758818 0.414742 0
toilet
0  8.869092 1.441803 24.955421  0.024962 -0.999583 -0.014484  0.783363 0.395652 0
0  9.087655 1.479699 25.288052  0.966095 -0.075256 -0.246974  0.785869 0.398911 0
0  9.012057 1.441811 25.305260  0.027698 -0.999591 -0.007133  0.785018 0.399155 0
toilet
0  6.749747 -1.365703 26.864920  -0.014754 0.999563 0.025626  0.708373 0.364360 0
0  7.090030 -1.403587 27.087883  -0.269759 0.072181 0.960219  0.704787 0.366548 0
0  7.111905 -1.365692 27.017269  -0.008005 0.999557 0.028675  0.704581 0.365721 0
toilet
0  8.327029 1.441803 24.416496  0.014642 -0.999567 -0.025514  0.777517 0.390432 0
0  8.691722 1.479679 24.601574  0.703244 -0.073821 -0.707106  0.781415 0.392059 0
0  8.635442 1.441800 24.652279  0.020463 -0.999576 -0.020725  0.780805 0.392677 0
toilet
0  6.064719 -1.365692 25.976154  -0.027930 0.999583 0.007285  0.715874 0.355637 0
0  6.139424 -1.403599 26.361145  -0.864723 0.074438 0.496702  0.714975 0.359586 0
0  6.207685 -1.365703 26.325994  -0.025109 0.999577 0.014648  0.714218 0.359139 0
toilet
0  8.635442 1.441800 24.652279  0.020463 -0.999576 -0.020725  0.780805 0.392677 0
0  8.937358 1.479687 24.920261  0.863863 -0.074647 -0.498165  0.784120 0.395206 0
0  8.869092 1.441803 24.955421  0.024962 -0.999583 -0.014484  0.783363 0.395652 0
toilet
0  5.989125 1.479931 25.993359  -0.966108 -0.075120 0.246965  0.754364 0.407890 0
0  6.022182 1.442017 25.603455  -0.028725 -0.999587 -0.000615  0.754574 0.403854 0
0  6.064719 1.442036 25.976154  -0.027898 -0.999584 0.007263  0.755215 0.407646 0
toilet
0  6.176494 -1.403499 24.852428  -0.839293 0.074559 -0.538542  0.715429 0.344028 0
0  6.491202 -1.365585 24.599594  -0.019506 0.999574 -0.021720  0.712268 0.341310 0
0  6.437486 -1.403469 24.546185  -0.669030 0.073748 -0.739567  0.712913 0.340728 0
toilet
0  6.491202 1.441929 24.599590  -0.019518 -0.999573 -0.021738  0.758821 0.393319 0
0  6.773503 1.479779 24.314533  -0.458121 -0.072903 -0.885895  0.761506 0.390164 0
0  6.810822 1.441899 24.379248  -0.013495 -0.999565 -0.026241  0.761972 0.390886 0
toilet
0  6.008314 -1.403541 25.212387  -0.952820 0.075145 -0.294087  0.716960 0.347828 0
0  6.242946 -1.365612 24.890892  -0.024371 0.999579 -0.015716  0.714648 0.344429 0
0  6.176494 -1.403499 24.852428  -0.839293 0.074559 -0.538542  0.715429 0.344028 0
toilet
0  9.054595 1.441838 25.677963  0.028590 -0.999591 0.000729  0.785659 0.402947 0
0  9.087655 1.479699 25.288052  0.966095 -0.075256 -0.246974  0.785869 0.398911 0
0  9.132379 1.479714 25.679871  0.996841 -0.075542 0.024506  0.786545 0.402921 0
toilet
0  7.316344 -9.440048 44.893970  0.841037 -0.503522 0.197796  0.342089 0.610550 0
0  7.578997 -9.420689 43.283363  0.922205 -0.371632 0.106905  0.342774 0.593544 0
0  7.544222 -9.029137 44.699600  0.922646 -0.356184 0.147840  0.346783 0.608313 0
toilet
0  6.963219 -10.556763 40.292110  -0.000060 -1.000000 0.000090  0.328451 0.562150 0
0  7.237761 -10.394085 38.686298  0.608188 -0.790374 -0.073594  0.332370 0.545180 0
0  7.198160 -10.466461 40.297871  0.605965 -0.795352 0.014886  0.331047 0.562213 0
toilet
0  6.649882 -10.109592 43.478230  -0.580691 -0.796861 0.166767  0.329243 0.597185 0
0  6.923460 -10.483795 41.910320  -0.002809 -0.993759 0.111515  0.329068 0.579499 0
0  6.884135 -10.196842 43.511547  -0.005513 -0.975050 0.221917  0.331785 0.596698 0
toilet
0  7.281560 -8.830540 46.311054  0.843496 -0.474127 0.252425  0.348339 0.625407 0
0  7.544222 -9.029137 44.699600  0.922646 -0.356184 0.147840  0.346783 0.608313 0
0  7.510952 -8.446159 46.055000  0.923728 -0.334764 0.186168  0.352737 0.622443 0
toilet
0  7.042346 -10.197247 37.072624  0.005408 -0.974979 -0.222231  0.333290 0.527765 0
0  7.314168 -9.689041 35.578388  0.619359 -0.745086 -0.247469  0.340942 0.512606 0
0  7.276609 -10.110020 37.105934  0.613860 -0.772904 -0.160609  0.335770 0.528532 0
toilet
0  7.022469 -2.709583 28.090786  -0.705312 -0.209465 -0.677244  0.415822 0.434877 0
0  7.273862 -1.381530 27.751431  0.024488 -0.159840 -0.986839  0.430100 0.434449 0
0  7.259563 -2.732979 28.096581  0.023361 -0.317172 -0.948080  0.416216 0.437282 0
toilet
0  6.578105 9.818867 37.180706  -0.930607 -0.361075 0.059966  0.567230 0.556450 0
0  6.611382 9.440262 35.688961  -0.987317 0.141178 -0.072622  0.571312 0.541103 0
0  6.614386 9.410683 35.704285  -0.933361 -0.344717 0.100037  0.571615 0.541264 0
toilet
0  6.741391 -7.313316 46.878593  -0.931655 0.294458 -0.212870  0.742652 0.657800 0
0  6.791773 -7.866195 45.652275  -0.999638 0.004301 -0.026546  0.748437 0.645271 0
0  6.769846 -7.964683 45.699966  -0.930441 0.320402 -0.177824  0.749460 0.645785 0
toilet
0  6.879889 -9.064564 34.119930  -0.576067 -0.727303 -0.373064  0.343556 0.495013 0
0  7.150798 -8.392006 32.723194  0.013325 -0.836541 -0.547743  0.354656 0.482264 0
0  7.116126 -9.142799 34.072495  0.010912 -0.896284 -0.443347  0.345872 0.496180 0
toilet
0  8.181090 7.210648 42.598804  0.984513 0.164954 0.059376  0.515533 0.589543 0
0  8.320944 5.960457 43.225620  0.990390 0.121137 0.066732  0.502374 0.595551 0
0  8.344045 6.207772 42.286060  0.990486 0.127602 0.051526  0.505190 0.586030 0
toilet
0  7.897851 -9.079247 38.906433  0.958895 -0.283645 -0.008074  0.347494 0.547993 0
0  8.121841 -8.090061 37.764713  0.976963 -0.212053 -0.024042  0.358211 0.536506 0
0  8.090755 -8.317371 39.029316  0.976067 -0.217471 -0.000257  0.355515 0.549495 0
toilet
0  6.942750 -7.401397 31.565659  -0.596165 -0.615566 -0.515427  0.363066 0.467908 0
0  7.197744 -6.447887 30.362141  0.017073 -0.700605 -0.713345  0.376666 0.458469 0
0  7.179530 -7.465271 31.496178  0.016329 -0.774623 -0.632213  0.365053 0.469623 0
toilet
0  6.466818 5.234063 50.965744  -0.633401 0.442371 0.634911  0.495662 0.681014 0
0  6.681377 4.054463 51.797901  -0.022080 0.436210 0.899574  0.481028 0.685773 0
0  6.699492 5.279213 51.063675  -0.020296 0.561089 0.827507  0.494195 0.678840 0
toilet
0  6.221497 2.517266 25.271984  -0.561430 0.809047 -0.173898  0.743322 0.400144 0
0  6.490012 2.620228 25.033779  -0.476284 0.823941 -0.307040  0.740366 0.397561 0
0  6.366243 2.517243 24.962154  -0.497547 0.806102 -0.320385  0.741961 0.396744 0
toilet
0  6.738111 6.422005 47.870773  -0.999622 -0.003319 -0.027281  0.601751 0.666519 0
0  6.742353 7.309300 46.883549  -0.931643 -0.294890 -0.212325  0.592743 0.656320 0
0  6.764042 7.222210 46.817425  -0.999627 -0.003829 -0.027037  0.593658 0.655636 0
toilet
0  8.639732 1.668877 42.890270  0.997902 0.029906 0.057414  0.458110 0.590979 0
0  8.713839 0.688385 41.742355  0.999003 0.012475 0.042874  0.448231 0.579192 0
0  8.716734 0.841233 41.624874  0.999029 0.015313 0.041323  0.449836 0.578043 0
toilet
0  7.243690 4.066327 28.640850  0.021961 0.465719 -0.884660  0.485431 0.444018 0
0  7.448055 5.232689 29.413094  0.723551 0.408613 -0.556335  0.496563 0.453260 0
0  7.470591 4.035321 28.643894  0.761982 0.297740 -0.575096  0.484202 0.445968 0
toilet
0  7.151336 3.535313 30.279423  -0.952477 -0.144365 0.268227  0.633181 0.486455 0
0  7.178478 2.348629 29.938862  -0.999781 -0.001106 -0.020916  0.645384 0.483101 0
0  7.167655 3.492237 30.382126  -0.999780 -0.001741 -0.020921  0.633618 0.487523 0
toilet
0  6.544110 -8.326744 47.787300  -0.603840 -0.674122 0.425368  0.348794 0.644275 0
0  6.810484 -9.142021 46.511547  -0.010872 -0.897740 0.440391  0.342941 0.628765 0
0  6.777449 -8.398613 47.857811  -0.013502 -0.836640 0.547586  0.351016 0.642956 0
toilet
0  7.259563 -2.732979 28.096581  0.023361 -0.317172 -0.948080  0.416216 0.437282 0
0  7.507480 -1.369686 27.757931  0.798336 -0.096139 -0.594489  0.430497 0.436774 0
0  7.492339 -2.709617 28.102333  0.786100 -0.196192 -0.586136  0.417035 0.439519 0
toilet
0  7.156523 -3.922916 51.411629  0.859973 -0.215414 0.462649  0.399107 0.677874 0
0  7.407815 -4.875949 50.261211  0.930398 -0.196033 0.309726  0.389548 0.665700 0
0  7.391362 -3.752163 50.933552  0.931905 -0.150081 0.330196  0.401017 0.672522 0
toilet
0  6.936687 5.234036 50.977291  0.634240 0.427317 0.644314  0.492979 0.676503 0
0  7.156853 3.916283 51.417282  0.859973 0.215386 0.462661  0.478925 0.679572 0
0  7.174349 5.099305 50.708076  0.857240 0.279911 0.432191  0.491346 0.672920 0
toilet
0  7.037609 -1.369655 27.746387  -0.709323 -0.103517 -0.697241  0.429936 0.432064 0
0  7.279277 -0.000683 27.663525  0.024499 0.000413 -0.999700  0.444108 0.433753 0
0  7.273862 -1.381530 27.751431  0.024488 -0.159840 -0.986839  0.430100 0.434449 0
toilet
0  7.273862 -1.381530 27.751431  0.024488 -0.159840 -0.986839  0.430100 0.434449 0
0  7.511975 -0.000702 27.669273  0.805881 0.000332 -0.592078  0.444058 0.436137 0
0  7.507480 -1.369686 27.757931  0.798336 -0.096139 -0.594489  0.430497 0.436774 0
toilet
0  6.425821 9.819290 43.378120  -0.926526 -0.362376 -0.101159  0.566570 0.620388 0
0  6.460208 10.105690 41.843021  -0.988519 0.150896 -0.007837  0.563771 0.604524 0
0  6.463729 10.073929 41.837582  -0.926563 -0.370540 -0.064661  0.564099 0.604470 0
toilet
0  7.133259 5.548840 31.786945  -0.999772 -0.002625 -0.021191  0.612390 0.501699 0
0  7.135287 4.600781 30.916409  -0.950034 -0.188203 0.249027  0.622190 0.492866 0
0  7.152344 4.538865 31.007751  -0.999773 -0.002224 -0.021210  0.622824 0.493819 0
toilet
0  7.115612 -5.612871 31.692766  -0.947094 0.228637 0.225253  0.726802 0.501894 0
0  7.151791 -4.539844 31.008327  -0.999770 0.002400 -0.021293  0.715864 0.494776 0
0  7.134734 -4.601703 30.916954  -0.950016 0.187997 0.249251  0.716517 0.493835 0
toilet
0  6.425902 0.000897 52.618328  -0.653516 -0.000604 0.756913  0.438686 0.696919 0
0  6.660357 -1.389309 52.640182  -0.024280 -0.152329 0.988032  0.424391 0.692950 0
0  6.658221 0.000889 52.730518  -0.024558 -0.000569 0.999698  0.438742 0.694260 0
toilet
0  6.166492 2.517300 25.606930  -0.586071 0.810130 -0.014457  0.743723 0.403753 0
0  6.345766 2.620289 25.912125  -0.545143 0.826564 0.140041  0.741414 0.406857 0
0  6.311338 2.620274 25.610485  -0.560926 0.827753 -0.013700  0.741927 0.403710 0
toilet
0  7.638031 -7.210926 31.807323  0.868406 -0.390298 -0.305839  0.369159 0.474699 0
0  7.876487 -5.956771 31.184464  0.941449 -0.237494 -0.239314  0.382749 0.469585 0
0  7.851906 -6.897048 32.182610  0.938299 -0.274991 -0.209703  0.372470 0.479140 0
toilet
0  6.709646 7.188824 31.812569  -0.942250 -0.265729 0.203846  0.594993 0.501358 0
0  6.732595 6.231915 30.748066  -0.997451 0.039989 -0.059101  0.605009 0.490493 0
0  6.736535 6.213788 30.781097  -0.945580 -0.228120 0.232033  0.605192 0.490836 0
toilet
0  7.931784 -8.831112 37.525978  0.960200 -0.276566 -0.039093  0.350449 0.533732 0
0  8.151897 -7.753196 36.542370  0.977998 -0.203203 -0.047219  0.362105 0.524031 0
0  8.121841 -8.090061 37.764713  0.976963 -0.212053 -0.024042  0.358211 0.536506 0
toilet
0  6.660466 1.380337 52.642490  -0.024289 0.152068 0.988072  0.453019 0.693560 0
0  6.895772 0.000866 52.629871  0.648066 -0.000659 0.761584  0.438796 0.691629 0
0  6.897997 1.368508 52.542603  0.645654 0.114329 0.755023  0.452751 0.690957 0
toilet
0  6.202786 0.000889 52.295223  -0.994820 -0.000009 0.101657  0.438598 0.701011 0
0  6.216971 -1.346996 52.254230  -0.819662 -0.091675 0.565465  0.423217 0.698968 0
0  6.214896 0.000897 52.341801  -0.821000 -0.000429 0.570927  0.438609 0.700519 0
toilet
0  6.436060 -2.708084 52.198269  -0.647915 -0.234637 0.724673  0.409609 0.691986 0
0  6.681038 -4.061275 51.792053  -0.022131 -0.436699 0.899336  0.396745 0.683983 0
0  6.668467 -2.731457 52.306835  -0.023428 -0.300900 0.953368  0.410482 0.689504 0
toilet
0  6.658221 0.000889 52.730518  -0.024558 -0.000569 0.999698  0.438742 0.694260 0
0  6.897889 -1.377441 52.540306  0.645665 -0.114319 0.755015  0.424769 0.690360 0
0  6.895772 0.000866 52.629871  0.648066 -0.000659 0.761584  0.438796 0.691629 0
toilet
0  7.136652 1.333271 52.233089  0.863989 0.073917 0.498055  0.452404 0.686993 0
0  7.370282 0.000779 51.800571  0.934318 -0.000257 0.356441  0.438996 0.681823 0
0  7.372355 1.275227 51.719250  0.933881 0.051330 0.353879  0.451920 0.681253 0
toilet
0  7.065541 -7.311473 33.695396  -0.940896 0.295070 0.166280  0.744012 0.522600 0
0  7.109862 -6.421833 32.710236  -0.999758 0.003387 -0.021755  0.734981 0.512412 0
0  7.091553 -6.505569 32.638733  -0.943906 0.264252 0.198019  0.735860 0.511680 0
toilet
0  6.237442 3.931164 51.437748  -0.811605 0.266332 0.519966  0.483821 0.691175 0
0  6.436392 2.709812 52.197941  -0.648034 0.233608 0.724900  0.467942 0.693192 0
0  6.448860 4.019791 51.693687  -0.640520 0.342393 0.687388  0.482158 0.688118 0
toilet
0  7.452566 -6.896030 48.435013  0.926820 -0.275220 0.255458  0.368788 0.647024 0
0  7.702376 -7.273448 46.866222  0.958322 -0.228148 0.171955  0.365110 0.630580 0
0  7.676255 -6.464206 47.931309  0.959172 -0.203966 0.195925  0.373418 0.641542 0
toilet
0  7.180440 7.464390 31.495274  0.016162 0.774337 -0.632566  0.521618 0.472858 0
0  7.385150 8.318325 32.803467  0.634618 0.654087 -0.411620  0.529476 0.487618 0
0  7.413521 7.400513 31.576298  0.652612 0.592155 -0.472706  0.519795 0.474768 0
toilet
0  6.330945 -8.143867 47.617783  -0.782619 -0.531668 0.323786  0.345820 0.645784 0
0  6.349862 -8.830482 46.288158  -0.990473 -0.132090 0.038923  0.337031 0.631100 0
0  6.363086 -8.864693 46.312775  -0.775441 -0.575321 0.260188  0.337463 0.630970 0
toilet
0  6.246582 5.084916 50.650658  -0.934496 -0.188064 -0.302239  0.614755 0.695894 0
0  6.263987 6.228447 49.819473  -0.992413 0.095045 0.077989  0.603031 0.687202 0
0  6.267921 6.209393 49.788311  -0.933131 -0.227531 -0.278382  0.603230 0.686882 0
toilet
0  7.818789 -1.102260 50.115284  0.977165 -0.029095 0.210479  0.428153 0.663864 0
0  8.027712 -1.931480 48.818882  0.985402 -0.044496 0.164326  0.419919 0.650423 0
0  8.021976 -0.982437 49.054600  0.985497 -0.022525 0.168193  0.429564 0.652951 0
toilet
0  8.036840 2.866894 48.459015  0.985229 0.065554 0.158196  0.468993 0.647875 0
0  8.212202 1.663803 47.640846  0.990639 0.034036 0.132197  0.456910 0.639106 0
0  8.219856 2.468155 47.331226  0.990556 0.050458 0.127485  0.465232 0.636200 0
toilet
0  6.721005 -6.451507 50.159664  -0.018318 -0.668645 0.743356  0.371712 0.667061 0
0  6.984074 -7.400333 49.018177  0.621472 -0.590019 0.515413  0.362712 0.654107 0
0  6.958018 -6.396324 50.081013  0.627071 -0.513828 0.585459  0.373288 0.664986 0
toilet
0  6.914311 -8.316093 32.786366  -0.579400 -0.676007 -0.455313  0.352477 0.480831 0
0  7.179530 -7.465271 31.496178  0.016329 -0.774623 -0.632213  0.365053 0.469623 0
0  7.150798 -8.392006 32.723194  0.013325 -0.836541 -0.547743  0.354656 0.482264 0
toilet
0  6.747286 -7.464176 49.087658  -0.015943 -0.762105 0.647257  0.360870 0.655971 0
0  7.013979 -8.326767 47.798836  0.615161 -0.653043 0.441714  0.353067 0.641368 0
0  6.984074 -7.400333 49.018177  0.621472 -0.590019 0.515413  0.362712 0.654107 0
toilet
0  7.270250 2.731659 28.096344  0.023483 0.319434 -0.947317  0.471795 0.438532 0
0  7.470591 4.035321 28.643894  0.761982 0.297740 -0.575096  0.484202 0.445968 0
0  7.492670 2.708279 28.102001  0.791227 0.195272 -0.579507  0.470915 0.440631 0
toilet
0  7.314874 9.691406 35.583878  0.619795 0.744723 -0.247469  0.543971 0.516862 0
0  7.506723 9.849575 37.192547  0.845983 0.524117 -0.098052  0.544927 0.533973 0
0  7.543081 9.440201 35.711849  0.850039 0.503058 -0.156100  0.540620 0.518450 0
toilet
0  6.880994 9.064034 34.118824  -0.576294 0.727155 -0.373002  0.542055 0.499107 0
0  7.080919 9.774193 35.537918  0.008165 0.942865 -0.333074  0.546349 0.515866 0
0  7.117240 9.142239 34.071381  0.010769 0.896204 -0.443511  0.539693 0.500177 0
toilet
0  6.806740 -10.109993 37.094391  -0.571864 -0.796803 -0.195133  0.330776 0.527153 0
0  7.080228 -9.772636 35.531895  0.008139 -0.942789 -0.333290  0.338606 0.511509 0
0  7.042346 -10.197247 37.072624  0.005408 -0.974979 -0.222231  0.333290 0.527765 0
toilet
0  6.212683 -2.638355 51.885975  -0.994418 -0.039541 0.097823  0.694386 0.709431 0
0  6.228819 -3.911014 51.352718  -0.936235 0.143289 -0.320832  0.707586 0.704069 0
0  6.224825 -3.922863 51.388733  -0.993736 -0.059486 0.094601  0.707703 0.704442 0
toilet
0  7.542113 -9.439667 35.705521  0.849674 -0.503635 -0.156225  0.344209 0.514323 0
0  7.793330 -8.446877 34.562813  0.931779 -0.334680 -0.140631  0.355338 0.503003 0
0  7.760165 -9.028770 35.911114  0.928769 -0.356256 -0.102318  0.348786 0.516802 0
toilet
0  6.846494 -9.773033 45.044487  -0.008248 -0.942868 0.333066  0.336351 0.613074 0
0  7.119751 -10.109623 43.489773  0.605092 -0.773019 0.190540  0.334298 0.596055 0
0  7.082433 -9.689438 45.009590  0.606555 -0.744987 0.277642  0.338740 0.612097 0
toilet
0  8.022055 0.976002 49.056232  0.985500 0.022324 0.168200  0.449529 0.653379 0
0  8.205760 0.000500 47.898968  0.990701 -0.000125 0.136053  0.439830 0.641314 0
0  8.207127 0.840248 47.845387  0.990675 0.017170 0.135162  0.448431 0.640962 0
toilet
0  6.884135 -10.196842 43.511547  -0.005513 -0.975050 0.221917  0.331785 0.596698 0
0  7.158741 -10.394123 41.902248  0.603819 -0.790378 0.103468  0.331624 0.579208 0
0  7.119751 -10.109623 43.489773  0.605092 -0.773019 0.190540  0.334298 0.596055 0
toilet
0  6.422203 9.850025 43.389179  -0.989113 0.147023 0.006268  0.555765 0.602461 0
0  6.474023 10.145672 41.849789  -0.759470 0.648363 0.053202  0.558728 0.584790 0
0  6.460208 10.105690 41.843021  -0.988519 0.150896 -0.007837  0.559164 0.584827 0
toilet
0  7.372256 -1.283596 51.717113  0.933870 -0.051402 0.353900  0.426007 0.680699 0
0  7.607996 -2.365555 50.719193  0.962398 -0.075435 0.260959  0.415203 0.670105 0
0  7.600974 -1.203220 51.007885  0.962738 -0.037962 0.267760  0.426964 0.673159 0
toilet
0  6.807973 10.109833 37.093159  -0.571945 0.796875 -0.194601  0.553499 0.531746 0
0  7.004319 10.483833 38.672661  0.002805 0.993759 -0.111516  0.553717 0.549456 0
0  7.043589 10.197063 37.071377  0.005489 0.975191 -0.221296  0.550961 0.532251 0
toilet
0  7.120985 10.110207 43.488541  0.605041 0.775399 0.180779  0.547130 0.600472 0
0  7.317249 9.457546 44.902882  0.841062 0.503493 0.197762  0.538830 0.614686 0
0  7.353903 9.849960 43.412071  0.839919 0.526163 0.132995  0.543648 0.599286 0
toilet
0  6.769037 10.393990 38.680779  -0.570439 0.814560 -0.105313  0.556276 0.549232 0
0  6.964506 10.556976 40.290821  -0.000128 0.999978 0.006554  0.554356 0.566797 0
0  7.004319 10.483833 38.672661  0.002805 0.993759 -0.111516  0.553717 0.549456 0
toilet
0  6.729567 10.466675 40.285053  -0.572150 0.820103 -0.008617  0.556917 0.566848 0
0  6.924715 10.462173 41.909599  -0.002681 0.993772 0.111398  0.552956 0.584140 0
0  6.964506 10.556976 40.290821  -0.000128 0.999978 0.006554  0.554356 0.566797 0
toilet
0  7.619177 3.511223 50.278442  0.961758 0.110800 0.250490  0.475026 0.666997 0
0  7.825487 2.168331 49.850555  0.976989 0.057303 0.205449  0.461468 0.661952 0
0  7.835464 3.216580 49.447056  0.976680 0.084695 0.197291  0.472269 0.658196 0
toilet
0  6.885378 10.197460 43.510303  -0.005099 0.977798 0.209487  0.549613 0.601222 0
0  7.083362 9.707417 45.018734  0.606442 0.745046 0.277731  0.542100 0.616368 0
0  7.120985 10.110207 43.488541  0.605041 0.775399 0.180779  0.547130 0.600472 0
toilet
0  6.641581 1.201359 51.039494  -0.939183 -0.049801 -0.339787  0.654929 0.699549 0
0  6.669783 2.349980 50.641804  -0.999601 -0.001161 -0.028215  0.643201 0.695338 0
0  6.662615 1.186737 50.930737  -0.999596 -0.000537 -0.028410  0.655092 0.698417 0
toilet
0  6.825931 -2.437385 26.746674  -0.300828 -0.799544 0.519839  0.734929 0.363685 0
0  7.193291 -2.543941 26.754734  -0.159680 -0.805305 0.570952  0.738952 0.363324 0
0  7.153093 -2.437641 26.884468  -0.162825 -0.796823 0.581860  0.738513 0.365021 0
toilet
0  6.785188 -2.649372 28.581436  -0.921913 -0.112773 -0.370619  0.413391 0.429878 0
0  6.791072 -1.333053 28.349854  -0.999776 0.006835 0.020050  0.428472 0.425582 0
0  6.793276 -1.338241 28.253738  -0.923246 -0.056512 -0.380030  0.428718 0.426526 0
toilet
0  6.577967 9.064804 46.451454  -0.596007 0.724605 0.346010  0.539510 0.633925 0
0  6.778297 8.394444 47.863918  -0.013383 0.836487 0.547824  0.528451 0.646692 0
0  6.811599 9.143013 46.510437  -0.010906 0.894852 0.446229  0.537179 0.632768 0
toilet
0  6.289696 7.211140 48.775608  -0.991967 0.108337 0.065306  0.523234 0.663165 0
0  6.331768 8.139877 47.623711  -0.782498 0.531867 0.323751  0.533525 0.649735 0
0  6.318771 8.108437 47.594444  -0.990925 0.123166 0.053822  0.533935 0.649936 0
toilet
0  7.634863 4.571896 49.642590  0.960978 0.144594 0.235827  0.486081 0.660966 0
0  7.835464 3.216580 49.447056  0.976680 0.084695 0.197291  0.472269 0.658196 0
0  7.849834 4.188244 48.864559  0.976295 0.110482 0.186122  0.482391 0.652641 0
toilet
0  6.515106 7.401634 49.005737  -0.613930 0.609902 0.501108  0.520112 0.660905 0
0  6.721582 6.448136 50.167427  -0.018227 0.668302 0.743667  0.506763 0.669919 0
0  6.748196 7.465485 49.086754  -0.015848 0.762457 0.646845  0.518123 0.659217 0
toilet
0  7.158741 -10.394123 41.902248  0.603819 -0.790378 0.103468  0.331624 0.579208 0
0  7.429091 -10.197075 40.303535  0.840665 -0.541163 0.020649  0.334702 0.562303 0
0  7.390689 -10.126595 41.866604  0.839436 -0.537428 0.080741  0.335228 0.578738 0
toilet
0  7.390689 -10.126595 41.866604  0.839436 -0.537428 0.080741  0.335228 0.578738 0
0  7.652061 -9.753208 40.308983  0.923012 -0.384103 0.022679  0.339812 0.562430 0
0  7.615332 -9.685799 41.804024  0.922219 -0.381124 0.065247  0.340281 0.578055 0
toilet
0  7.615332 -9.685799 41.804024  0.922219 -0.381124 0.065247  0.340281 0.578055 0
0  7.863258 -9.142464 40.314137  0.957956 -0.285948 0.023533  0.346456 0.562596 0
0  7.828827 -9.079269 41.715546  0.957310 -0.283744 0.055198  0.346865 0.577162 0
toilet
0  7.828827 -9.079269 41.715546  0.957310 -0.283744 0.055198  0.346865 0.577162 0
0  8.059065 -8.375286 40.318897  0.975346 -0.219378 0.023964  0.354592 0.562801 0
0  8.027522 -8.317398 41.602707  0.974851 -0.217576 0.048222  0.354947 0.576074 0
toilet
0  8.259979 -4.543941 45.681332  0.990314 -0.093082 0.103029  0.393523 0.618192 0
0  8.429420 -4.199348 44.112934  0.993922 -0.079605 0.076039  0.397299 0.602244 0
0  8.414337 -3.732131 44.727863  0.993896 -0.071082 0.084367  0.402027 0.608545 0
toilet
0  8.544228 2.856884 43.698132  0.996328 0.051815 0.068156  0.470183 0.599438 0
0  8.639732 1.668877 42.890270  0.997902 0.029906 0.057414  0.458110 0.590979 0
0  8.646620 1.932186 42.610569  0.997950 0.034710 0.053762  0.460893 0.588219 0
toilet
0  8.074136 5.587311 31.767464  0.969621 0.175603 -0.170287  0.500152 0.478373 0
0  8.231399 5.921856 33.339897  0.981745 0.156393 -0.108246  0.503601 0.494520 0
0  8.252248 5.118451 32.489418  0.983088 0.134482 -0.124309  0.495336 0.485983 0
toilet
0  6.790992 2.711319 24.897491  -0.349902 0.852298 -0.388788  0.737173 0.396076 0
0  7.087236 2.791466 24.858009  -0.213476 0.884441 -0.414960  0.734021 0.395696 0
0  7.017023 2.710491 24.736420  -0.241490 0.849408 -0.469243  0.734904 0.394319 0
toilet
0  7.282594 2.711121 24.643990  -0.117952 0.846723 -0.518794  0.732230 0.393182 0
0  7.560352 2.791340 24.750084  0.011651 0.881833 -0.471417  0.729298 0.394373 0
0  7.563745 2.710358 24.611801  0.013151 0.846204 -0.532697  0.729337 0.392753 0
toilet
0  8.702606 2.732323 40.334019  0.998495 0.048899 0.024851  0.469663 0.565434 0
0  8.743265 1.366391 40.546448  0.999317 0.024842 0.027350  0.455495 0.567302 0
0  8.748457 1.379540 40.335148  0.999385 0.024863 0.024716  0.455676 0.565179 0
toilet
0  8.758615 -1.331020 39.915173  0.999526 -0.024159 0.019106  0.427730 0.560376 0
0  8.763766 0.000000 40.335693  0.999698 -0.000079 0.024564  0.441408 0.564900 0
0  8.748286 -1.379772 40.335396  0.999389 -0.024890 0.024548  0.427139 0.564592 0
toilet
0  8.758615 -1.331020 39.915173  0.999526 -0.024159 0.019106  0.427730 0.560376 0
0  8.748286 -1.379772 40.335396  0.999389 -0.024890 0.024548  0.427139 0.564592 0
0  8.753498 -1.369369 40.123283  0.999453 -0.024909 0.021766  0.427290 0.562460 0
toilet
0  7.082433 -9.689438 45.009590  0.606555 -0.744987 0.277642  0.338740 0.612097 0
0  7.352702 -9.849419 43.413273  0.839979 -0.524356 0.139593  0.337830 0.595028 0
0  7.316344 -9.440048 44.893970  0.841037 -0.503522 0.197796  0.342089 0.610550 0
toilet
0  6.472792 -10.166603 41.850365  -0.759751 -0.648039 0.053135  0.323290 0.579909 0
0  6.497391 -10.197018 40.280643  -0.988292 -0.150635 -0.024266  0.322249 0.561999 0
0  6.511368 -10.237415 40.280994  -0.757319 -0.652780 -0.018616  0.322685 0.562010 0
toilet
0  7.608983 -8.110897 32.987316  0.858557 -0.438931 -0.264989  0.359279 0.486544 0
0  7.851906 -6.897048 32.182610  0.938299 -0.274991 -0.209703  0.372470 0.479140 0
0  7.824124 -7.757843 33.311241  0.934902 -0.307535 -0.177145  0.363077 0.490375 0
toilet
0  7.762983 8.479382 44.437801  0.957305 0.264601 0.116423  0.528264 0.609075 0
0  7.938776 7.253598 45.252224  0.974726 0.189603 0.118156  0.515210 0.616911 0
0  7.967205 7.767834 44.096523  0.974596 0.202790 0.095073  0.520897 0.605183 0
toilet
0  8.152691 7.753598 36.547569  0.978086 0.202784 -0.047180  0.522336 0.527397 0
0  8.292964 7.210370 38.045792  0.986326 0.164292 -0.013046  0.516475 0.542812 0
0  8.319579 6.910683 36.961849  0.987070 0.157292 -0.030849  0.513510 0.531670 0
toilet
0  7.877028 5.960583 31.191360  0.941493 0.237317 -0.239316  0.504004 0.472146 0
0  8.051376 6.464314 32.695850  0.967686 0.203782 -0.148516  0.509250 0.487670 0
0  8.074136 5.587311 31.767464  0.969621 0.175603 -0.170287  0.500152 0.478373 0
toilet
0  8.654411 2.172619 42.294079  0.998008 0.038857 0.049703  0.463449 0.585082 0
0  8.720221 0.974427 41.483330  0.999065 0.017624 0.039472  0.451243 0.576647 0
0  8.724133 1.096257 41.324409  0.999098 0.019972 0.037483  0.452537 0.575074 0
toilet
0  6.755181 -2.635471 26.346355  -0.369532 -0.851507 0.371997  0.734278 0.359096 0
0  7.049194 -2.715599 26.400372  -0.233320 -0.884745 0.403469  0.737445 0.359325 0
0  6.973086 -2.634655 26.518391  -0.264967 -0.848580 0.457935  0.736629 0.360743 0
toilet
0  6.973086 -2.634655 26.518391  -0.264967 -0.848580 0.457935  0.736629 0.360743 0
0  7.276270 -2.716526 26.486927  -0.126723 -0.882340 0.453231  0.739757 0.360176 0
0  7.233867 -2.635307 26.623783  -0.143628 -0.845958 0.513542  0.739355 0.361750 0
toilet
0  8.732815 2.529480 39.104015  0.998942 0.045137 0.008783  0.467820 0.553001 0
0  8.758776 1.330971 39.915009  0.999531 0.023902 0.019139  0.455261 0.560943 0
0  8.763707 1.276184 39.714165  0.999595 0.023170 0.016540  0.454737 0.558913 0
toilet
0  8.768278 -1.194393 39.522209  0.999667 -0.021625 0.014072  0.429225 0.556457 0
0  8.763766 0.000000 40.335693  0.999698 -0.000079 0.024564  0.441408 0.564900 0
0  8.758615 -1.331020 39.915173  0.999526 -0.024159 0.019106  0.427730 0.560376 0
toilet
0  8.768278 -1.194393 39.522209  0.999667 -0.021625 0.014072  0.429225 0.556457 0
0  8.758615 -1.331020 39.915173  0.999526 -0.024159 0.019106  0.427730 0.560376 0
0  8.763578 -1.276100 39.713326  0.999591 -0.023333 0.016530  0.428340 0.558359 0
toilet
0  7.653994 5.584210 48.866405  0.960076 0.175662 0.217706  0.496732 0.653450 0
0  7.849834 4.188244 48.864559  0.976295 0.110482 0.186122  0.482391 0.652641 0
0  7.867361 5.115613 48.153515  0.975847 0.134296 0.172299  0.492139 0.645756 0
toilet
0  6.292675 -7.188552 48.747623  -0.931028 0.265730 -0.250149  0.741741 0.677571 0
0  6.693036 -5.616683 48.881302  -0.934574 0.228482 -0.272704  0.725043 0.678152 0
0  6.715525 -6.504627 47.942028  -0.932993 0.264329 -0.244244  0.734249 0.668620 0
toilet
0  6.613379 -9.410053 35.697948  -0.933349 0.344756 0.100020  0.766078 0.543185 0
0  6.971064 -8.882473 37.490688  -0.933209 0.354820 0.056774  0.759735 0.561683 0
0  7.004597 -8.510853 36.144924  -0.935480 0.340383 0.094950  0.756059 0.547843 0
toilet
0  6.900184 -2.543949 26.631435  -0.294759 -0.808251 0.509752  0.735813 0.362161 0
0  7.233867 -2.635307 26.623783  -0.143628 -0.845958 0.513542  0.739355 0.361750 0
0  7.193291 -2.543941 26.754734  -0.159680 -0.805305 0.570952  0.738952 0.363324 0
toilet
0  8.208914 7.397805 41.466938  0.984722 0.168743 0.042995  0.517768 0.577976 0
0  8.344045 6.207772 42.286060  0.990486 0.127602 0.051526  0.505190 0.586030 0
0  8.367998 6.368908 41.311615  0.990745 0.130062 0.038834  0.507099 0.576118 0
toilet
0  8.439603 -6.207736 38.367046  0.991867 -0.127203 -0.004426  0.377643 0.543362 0
0  8.580810 -4.886356 37.949978  0.995706 -0.092236 -0.007813  0.391421 0.539560 0
0  8.561869 -5.098659 38.720341  0.995305 -0.096753 0.002571  0.389037 0.547313 0
toilet
0  8.596725 3.902367 41.564117  0.996728 0.070517 0.039495  0.481495 0.578106 0
0  8.672302 2.534119 41.566746  0.998160 0.045299 0.040317  0.467348 0.577826 0
0  8.682125 2.639271 41.167278  0.998278 0.047369 0.034591  0.468523 0.573820 0
toilet
0  8.692308 2.707783 40.752995  0.998376 0.048462 0.029936  0.469321 0.569655 0
0  8.738127 1.331017 40.755459  0.999267 0.024087 0.029744  0.455085 0.569398 0
0  8.743265 1.366391 40.546448  0.999317 0.024842 0.027350  0.455495 0.567302 0
toilet
0  8.644056 3.225827 35.395664  0.997211 0.061083 -0.042895  0.475652 0.515699 0
0  8.709641 2.856465 36.966167  0.998487 0.051593 -0.019025  0.471598 0.531510 0
0  8.719696 2.468930 36.555927  0.998713 0.044435 -0.024446  0.467668 0.527339 0
toilet
0  8.709641 2.856465 36.966167  0.998487 0.051593 -0.019025  0.471598 0.531510 0
0  8.750687 2.173756 38.375866  0.999242 0.038909 -0.000661  0.464286 0.545613 0
0  8.758493 1.931900 38.057564  0.999388 0.034659 -0.004678  0.461848 0.542374 0
toilet
0  8.763766 0.000000 40.335693  0.999698 -0.000079 0.024564  0.441408 0.564900 0
0  8.720221 0.974427 41.483330  0.999065 0.017624 0.039472  0.451243 0.576647 0
0  8.716734 0.841233 41.624874  0.999029 0.015313 0.041323  0.449836 0.578043 0
toilet
0  8.763766 0.000000 40.335693  0.999698 -0.000079 0.024564  0.441408 0.564900 0
0  8.716734 0.841233 41.624874  0.999029 0.015313 0.041323  0.449836 0.578043 0
0  8.713839 0.688385 41.742355  0.999003 0.012475 0.042874  0.448231 0.579192 0
toilet
0  8.064861 -4.561950 47.300610  0.984793 -0.104259 0.138973  0.393153 0.634766 0
0  8.259979 -4.543941 45.681332  0.990314 -0.093082 0.103029  0.393523 0.618192 0
0  8.243980 -3.927471 46.333931  0.990376 -0.080312 0.112720  0.399793 0.624881 0
toilet
0  7.829922 9.060444 41.714931  0.957292 0.283805 0.055191  0.535221 0.581060 0
0  7.997309 8.090141 42.872066  0.974484 0.213436 0.069470  0.524656 0.592675 0
0  8.028526 8.300137 41.602146  0.974791 0.217841 0.048238  0.527187 0.579634 0
toilet
0  7.866904 -5.118366 48.147358  0.975859 -0.134268 0.172251  0.387342 0.643531 0
0  8.083445 -5.278011 46.542587  0.984597 -0.120829 0.126370  0.385852 0.627004 0
0  8.064861 -4.561950 47.300610  0.984793 -0.104259 0.138973  0.393153 0.634766 0
toilet
0  7.677042 6.465264 47.930511  0.959197 0.203949 0.195820  0.506179 0.644279 0
0  7.867361 5.115613 48.153515  0.975847 0.134296 0.172299  0.492139 0.645756 0
0  7.888475 5.922734 47.296154  0.975353 0.156182 0.155866  0.500753 0.637339 0
toilet
0  6.360537 2.620247 25.310898  -0.537637 0.826523 -0.166750  0.741566 0.400541 0
0  6.452248 2.710835 25.613937  -0.511482 0.859202 -0.012594  0.740245 0.403669 0
0  6.499890 2.711518 25.349899  -0.490577 0.858005 -0.152187  0.739930 0.400916 0
toilet
0  7.195130 -6.231700 49.834866  0.853315 -0.339039 0.396115  0.375441 0.661774 0
0  7.452566 -6.896030 48.435013  0.926820 -0.275220 0.255458  0.368788 0.647024 0
0  7.428286 -5.960445 49.425419  0.928593 -0.237395 0.285234  0.378463 0.657129 0
toilet
0  6.514203 -7.400299 49.006630  -0.613977 -0.609568 0.501457  0.358814 0.657576 0
0  6.777449 -8.398613 47.857811  -0.013502 -0.836640 0.547586  0.351016 0.642956 0
0  6.747286 -7.464176 49.087658  -0.015943 -0.762105 0.647257  0.360870 0.655971 0
toilet
0  6.720805 -7.238246 31.751041  -0.785781 -0.470936 -0.400959  0.360320 0.465911 0
0  6.960912 -6.394718 30.393024  -0.627627 -0.531796 -0.568575  0.375246 0.456393 0
0  6.942750 -7.401397 31.565659  -0.596165 -0.615566 -0.515427  0.363066 0.467908 0
toilet
0  8.265155 7.413270 39.178036  0.985671 0.168590 0.005456  0.518390 0.554467 0
0  8.392217 6.426636 40.326160  0.991048 0.131102 0.025240  0.507909 0.566061 0
0  8.416420 6.382218 39.341053  0.991398 0.130515 0.009801  0.507644 0.555988 0
toilet
0  8.443357 2.792675 25.434650  0.439480 0.891121 -0.112959  0.719981 0.400849 0
0  8.624683 2.710698 25.667320  0.511622 0.859120 0.012457  0.717917 0.403131 0
0  8.590067 2.711392 25.401257  0.497612 0.857918 -0.127897  0.718365 0.400396 0
toilet
0  8.416420 6.382218 39.341053  0.991398 0.130515 0.009801  0.507644 0.555988 0
0  8.522949 5.278450 40.329441  0.994680 0.099911 0.025112  0.496005 0.565872 0
0  8.542828 5.241967 39.520340  0.994979 0.099189 0.013384  0.495793 0.557641 0
toilet
0  8.503057 5.231034 41.138828  0.994462 0.098931 0.035459  0.495341 0.574091 0
0  8.596725 3.902367 41.564117  0.996728 0.070517 0.039495  0.481495 0.578106 0
0  8.611782 4.003655 40.951561  0.996871 0.072050 0.032517  0.482679 0.571927 0
toilet
0  8.627007 4.039940 40.332081  0.997047 0.072620 0.024982  0.483187 0.565664 0
0  8.692308 2.707783 40.752995  0.998376 0.048462 0.029936  0.469321 0.569655 0
0  8.702606 2.732323 40.334019  0.998495 0.048899 0.024851  0.469663 0.565434 0
toilet
0  8.775640 1.051167 37.357616  0.999726 0.018838 -0.013895  0.452884 0.535197 0
0  8.782983 0.687981 38.928329  0.999903 0.012373 0.006425  0.448815 0.550902 0
0  8.785297 0.529663 38.833733  0.999941 0.009706 0.004823  0.447197 0.549921 0
toilet
0  8.728176 2.019715 36.209728  0.998912 0.036579 -0.028933  0.463094 0.523807 0
0  8.765296 1.669804 37.780106  0.999516 0.029955 -0.008416  0.459193 0.539543 0
0  8.771030 1.365986 37.545963  0.999631 0.024636 -0.011415  0.456100 0.537142 0
toilet
0  8.741848 -2.366352 38.724594  0.999090 -0.042459 0.003924  0.417281 0.548143 0
0  8.772614 -1.096622 39.346054  0.999731 -0.020060 0.011654  0.430273 0.554710 0
0  8.768278 -1.194393 39.522209  0.999667 -0.021625 0.014072  0.429225 0.556457 0
toilet
0  6.598679 2.791825 25.617531  -0.451278 0.892313 -0.011183  0.738563 0.403629 0
0  6.784107 2.862942 25.812336  -0.345354 0.934268 0.088740  0.736564 0.405499 0
0  6.753175 2.862511 25.621323  -0.356905 0.934099 -0.008827  0.736881 0.403588 0
toilet
0  8.785255 -0.528881 38.832867  0.999940 -0.009782 0.004862  0.436252 0.549686 0
0  8.786884 -0.356739 38.767033  0.999970 -0.006507 0.004159  0.438046 0.549065 0
0  8.763766 0.000000 40.335693  0.999698 -0.000079 0.024564  0.441408 0.564900 0
toilet
0  8.785255 -0.528881 38.832867  0.999940 -0.009782 0.004862  0.436252 0.549686 0
0  8.763766 0.000000 40.335693  0.999698 -0.000079 0.024564  0.441408 0.564900 0
0  8.782903 -0.688388 38.928268  0.999901 -0.012654 0.006164  0.434583 0.550608 0
toilet
0  6.363086 -8.864693 46.312775  -0.775441 -0.575321 0.260188  0.337463 0.630970 0
0  6.612563 -9.689407 44.998047  -0.586653 -0.768182 0.256387  0.333892 0.613834 0
0  6.576862 -9.063793 46.452564  -0.595221 -0.727434 0.341398  0.340566 0.629814 0
toilet
0  6.237113 -3.937717 51.432072  -0.811625 -0.266089 0.520059  0.393728 0.689267 0
0  6.242028 -5.097789 50.685802  -0.993375 -0.076622 0.085642  0.379864 0.681681 0
0  6.254483 -5.116767 50.726788  -0.805359 -0.345076 0.481994  0.380193 0.681335 0
toilet
0  6.216675 -2.631145 51.848232  -0.937118 0.097924 -0.334992  0.694316 0.709041 0
0  6.641415 -1.209163 51.037682  -0.939201 0.049868 -0.339727  0.679635 0.699783 0
0  6.648255 -2.381626 50.746609  -0.938455 0.098190 -0.331151  0.691683 0.696928 0
toilet
0  6.225153 3.916336 51.394386  -0.993701 0.059753 0.094803  0.484069 0.691588 0
0  6.225211 2.649773 51.930832  -0.816776 0.180725 0.547920  0.469086 0.696525 0
0  6.237442 3.931164 51.437748  -0.811605 0.266332 0.519966  0.483821 0.691175 0
toilet
0  6.648550 2.383095 50.746330  -0.938484 -0.097759 -0.331197  0.642846 0.696426 0
0  6.680599 3.486397 50.204361  -0.999601 -0.001739 -0.028174  0.631601 0.690736 0
0  6.669783 2.349980 50.641804  -0.999601 -0.001161 -0.028215  0.643201 0.695338 0
toilet
0  8.463942 -4.886558 42.706272  0.994084 -0.092557 0.056829  0.390422 0.587855 0
0  8.596249 -3.902194 41.564598  0.996701 -0.070401 0.040388  0.400811 0.576445 0
0  8.581844 -3.740009 42.151218  0.996568 -0.067405 0.048053  0.402377 0.582415 0
toilet
0  8.483383 5.098687 41.939182  0.994270 0.096936 0.045070  0.493784 0.582196 0
0  8.582203 3.746895 42.154755  0.996594 0.067091 0.047953  0.479750 0.584047 0
0  8.596725 3.902367 41.564117  0.996728 0.070517 0.039495  0.481495 0.578106 0
toilet
0  7.087097 -2.715500 24.857765  -0.213318 -0.884705 -0.414479  0.737068 0.343687 0
0  7.282520 -2.635177 24.643707  -0.118194 -0.845906 -0.520070  0.738859 0.341172 0
0  7.318151 -2.716415 24.782467  -0.104297 -0.882284 -0.459017  0.739337 0.342725 0
toilet
0  8.389731 5.278077 34.102890  0.989630 0.120711 -0.077861  0.496920 0.502478 0
0  8.505305 5.112832 35.720455  0.993555 0.104640 -0.043580  0.495062 0.518995 0
0  8.523667 4.543984 34.971767  0.994137 0.093383 -0.054506  0.489281 0.511400 0
toilet
0  7.276353 2.792496 26.486660  -0.126853 0.882047 0.453763  0.731332 0.412185 0
0  7.513186 2.710484 26.669456  -0.013097 0.846263 0.532604  0.728824 0.414048 0
0  7.516589 2.791447 26.531166  -0.011596 0.881891 0.471311  0.728864 0.412428 0
toilet
0  8.484516 -5.565826 36.540680  0.993020 -0.113762 -0.031151  0.384780 0.524974 0
0  8.615425 -4.198535 36.542938  0.996458 -0.079599 -0.027122  0.398891 0.525546 0
0  8.598759 -4.571441 37.220284  0.996066 -0.086800 -0.017831  0.394861 0.532268 0
toilet
0  8.423983 3.731972 32.705177  0.991195 0.085558 -0.101056  0.481112 0.488452 0
0  8.539668 3.927514 34.319176  0.994726 0.080195 -0.063944  0.483001 0.504809 0
0  8.553155 3.212914 33.768456  0.995221 0.065861 -0.072098  0.475714 0.499264 0
toilet
0  8.734992 1.554230 35.931232  0.999071 0.028027 -0.032743  0.458343 0.520950 0
0  8.771030 1.365986 37.545963  0.999631 0.024636 -0.011415  0.456100 0.537142 0
0  8.775640 1.051167 37.357616  0.999726 0.018838 -0.013895  0.452884 0.535197 0
toilet
0  8.681803 -2.639163 41.167603  0.998263 -0.047251 0.035181  0.413948 0.572696 0
0  8.743099 -1.369411 40.546577  0.999315 -0.024936 0.027353  0.427202 0.566719 0
0  8.737964 -1.330967 40.755619  0.999262 -0.024018 0.029983  0.427557 0.568831 0
toilet
0  8.712609 -2.713420 39.913647  0.998635 -0.048588 0.019140  0.413438 0.560033 0
0  8.758615 -1.331020 39.915173  0.999526 -0.024159 0.019106  0.427730 0.560376 0
0  8.753498 -1.369369 40.123283  0.999453 -0.024909 0.021766  0.427290 0.562460 0
toilet
0  6.398058 -9.477055 44.889782  -0.768966 -0.609356 0.193333  0.330728 0.614648 0
0  6.421002 -9.849361 43.390385  -0.989228 -0.146152 0.008172  0.325591 0.597738 0
0  6.434628 -9.888138 43.403465  -0.763746 -0.633501 0.123967  0.326029 0.597687 0
toilet
0  6.540292 10.094952 38.721600  -0.928962 -0.369679 0.019139  0.564219 0.572319 0
0  6.575024 9.849632 37.169651  -0.987693 0.145808 -0.056594  0.566914 0.556333 0
0  6.578105 9.818867 37.180706  -0.930607 -0.361075 0.059966  0.567230 0.556450 0
toilet
0  7.249651 -8.112457 47.611427  0.846268 -0.436617 0.305281  0.355909 0.638883 0
0  7.510952 -8.446159 46.055000  0.923728 -0.334764 0.186168  0.352737 0.622443 0
0  7.480433 -7.759338 47.298775  0.925091 -0.307472 0.222863  0.359895 0.635290 0
toilet
0  8.370927 0.690125 46.505283  0.993990 0.013060 0.108687  0.447202 0.627297 0
0  8.509794 0.000306 45.092541  0.996251 -0.000110 0.086515  0.440417 0.612831 0
0  8.510653 0.528202 45.058857  0.996252 0.009528 0.085967  0.445859 0.612608 0
toilet
0  7.153093 -2.437641 26.884468  -0.162825 -0.796823 0.581860  0.738513 0.365021 0
0  7.509921 -2.543922 26.802116  -0.014313 -0.804498 0.593784  0.742304 0.363660 0
0  7.506596 -2.437366 26.937183  -0.014899 -0.795371 0.605939  0.742346 0.365419 0
toilet
0  6.736047 -6.209617 30.773949  -0.945592 0.228162 0.231944  0.733501 0.492074 0
0  7.091553 -6.505569 32.638733  -0.943906 0.264252 0.198019  0.735860 0.511680 0
0  7.115612 -5.612871 31.692766  -0.947094 0.228637 0.225253  0.726802 0.501894 0
toilet
0  7.349759 -9.064594 34.131474  0.626273 -0.705334 -0.332094  0.348058 0.497598 0
0  7.608983 -8.110897 32.987316  0.858557 -0.438931 -0.264989  0.359279 0.486544 0
0  7.576787 -8.831287 34.295849  0.854235 -0.474848 -0.211662  0.351094 0.499810 0
toilet
0  8.577039 2.711419 25.931362  0.490689 0.857956 0.152105  0.718232 0.405885 0
0  8.586909 2.620167 26.247486  0.476258 0.824050 0.306791  0.717795 0.409240 0
0  8.716380 2.620141 25.970375  0.537688 0.826509 0.166657  0.716596 0.406260 0
toilet
0  6.245963 -5.083362 50.651279  -0.934467 0.188484 -0.302067  0.719779 0.696972 0
0  6.658972 -3.535087 50.300617  -0.937413 0.145294 -0.316460  0.703553 0.692478 0
0  6.674099 -4.600563 49.663612  -0.936026 0.188179 -0.297395  0.714544 0.686066 0
toilet
0  6.788907 2.632435 28.714138  -0.952360 -0.097962 0.288813  0.642409 0.469924 0
0  7.169724 1.209389 29.542389  -0.955370 -0.049461 0.291243  0.657098 0.479150 0
0  7.162399 2.381855 29.833447  -0.954229 -0.097502 0.282737  0.645050 0.482005 0
toilet
0  7.047836 9.064774 46.463005  0.611653 0.702084 0.364635  0.534973 0.631370 0
0  7.250471 8.108379 47.617344  0.846267 0.436623 0.305274  0.523732 0.642416 0
0  7.282637 8.831444 46.309975  0.843897 0.471842 0.255349  0.531906 0.629192 0
toilet
0  6.715199 5.546189 48.801216  -0.999612 -0.002843 -0.027717  0.610634 0.676144 0
0  6.716319 6.505826 47.941204  -0.932989 -0.263773 -0.244858  0.600870 0.667250 0
0  6.738111 6.422005 47.870773  -0.999622 -0.003319 -0.027281  0.601751 0.666519 0
toilet
0  6.267921 6.209393 49.788311  -0.933131 -0.227531 -0.278382  0.603230 0.686882 0
0  6.716319 6.505826 47.941204  -0.932989 -0.263773 -0.244858  0.600870 0.667250 0
0  6.693785 5.613427 48.887512  -0.934583 -0.228787 -0.272417  0.609926 0.677040 0
toilet
0  8.212000 -1.662857 47.641048  0.990633 -0.034265 0.132182  0.422854 0.638405 0
0  8.381214 -2.030681 46.080059  0.993931 -0.038560 0.103025  0.419338 0.622477 0
0  8.374929 -1.365772 46.337452  0.993956 -0.026209 0.106602  0.426126 0.625187 0
toilet
0  8.283688 -3.216533 31.189667  0.985164 -0.084871 -0.149162  0.410756 0.471761 0
0  8.445229 -1.932537 31.826824  0.992287 -0.044348 -0.115754  0.423553 0.478841 0
0  8.436337 -2.866863 32.186417  0.991802 -0.065671 -0.109617  0.413925 0.482070 0
toilet
0  6.424624 -9.818588 43.379494  -0.926485 0.361210 -0.105603  0.769503 0.622479 0
0  6.800879 -8.511555 44.429493  -0.929716 0.340461 -0.140410  0.755199 0.632812 0
0  6.833474 -8.882122 43.090321  -0.929320 0.354772 -0.102478  0.759145 0.619118 0
toilet
0  7.852747 6.896164 32.181767  0.938281 0.275109 -0.209628  0.513820 0.482054 0
0  8.025254 7.273560 33.760941  0.965663 0.227946 -0.124640  0.517596 0.498556 0
0  8.051376 6.464314 32.695850  0.967686 0.203782 -0.148516  0.509250 0.487670 0
toilet
0  8.103845 -2.634479 24.762875  0.265048 -0.848495 -0.458046  0.747387 0.342040 0
0  8.426347 -2.543750 24.840664  0.411627 -0.811700 -0.414374  0.750908 0.342521 0
0  8.321751 -2.635299 24.934906  0.369634 -0.851424 -0.372087  0.749738 0.343686 0
toilet
0  8.787960 -0.180133 38.723675  0.999989 -0.003379 0.003332  0.439881 0.548668 0
0  8.788248 -0.000087 38.712414  0.999995 -0.000045 0.003272  0.441745 0.548594 0
0  8.763766 0.000000 40.335693  0.999698 -0.000079 0.024564  0.441408 0.564900 0
toilet
0  8.787960 -0.180133 38.723675  0.999989 -0.003379 0.003332  0.439881 0.548668 0
0  8.763766 0.000000 40.335693  0.999698 -0.000079 0.024564  0.441408 0.564900 0
0  8.786884 -0.356739 38.767033  0.999970 -0.006507 0.004159  0.438046 0.549065 0
toilet
0  8.763766 0.000000 40.335693  0.999698 -0.000079 0.024564  0.441408 0.564900 0
0  8.709856 0.356736 41.903584  0.998962 0.006432 0.045096  0.444768 0.580743 0
0  8.708780 0.180142 41.946930  0.998950 0.003244 0.045690  0.442934 0.581141 0
toilet
0  8.763766 0.000000 40.335693  0.999698 -0.000079 0.024564  0.441408 0.564900 0
0  8.708780 0.180142 41.946930  0.998950 0.003244 0.045690  0.442934 0.581141 0
0  8.708494 0.000100 41.958176  0.998946 -0.000066 0.045892  0.441071 0.581216 0
toilet
0  8.623333 0.000203 43.553646  0.997812 -0.000099 0.066118  0.440738 0.597291 0
0  8.708765 -0.181331 41.946671  0.998945 -0.003363 0.045790  0.439198 0.581061 0
0  8.708494 0.000100 41.958176  0.998946 -0.000066 0.045892  0.441071 0.581216 0
toilet
0  8.509794 0.000306 45.092541  0.996251 -0.000110 0.086515  0.440417 0.612831 0
0  8.623885 -0.359600 43.530270  0.997805 -0.006508 0.065908  0.437030 0.596980 0
0  8.623333 0.000203 43.553646  0.997812 -0.000099 0.066118  0.440738 0.597291 0
toilet
0  7.688964 -9.685768 38.807228  0.924295 -0.381163 -0.019831  0.340961 0.546766 0
0  7.931784 -8.831112 37.525978  0.960200 -0.276566 -0.039093  0.350449 0.533732 0
0  7.897851 -9.079247 38.906433  0.958895 -0.283645 -0.008074  0.347494 0.547993 0
toilet
0  6.753376 -5.099094 29.874859  -0.999920 0.004901 -0.011693  0.722123 0.482688 0
0  6.776440 -3.905445 29.204144  -0.950752 0.143600 0.274681  0.709854 0.475663 0
0  6.770874 -3.916116 29.165586  -0.999799 0.016073 0.011952  0.709969 0.475265 0
toilet
0  6.973245 2.710602 26.518143  -0.264346 0.849449 0.456681  0.734460 0.412752 0
0  7.193290 2.620289 26.754734  -0.156531 0.813771 0.559710  0.732137 0.415333 0
0  7.233954 2.711254 26.623501  -0.143253 0.846755 0.512332  0.731735 0.413759 0
toilet
0  6.317952 -8.112400 47.588535  -0.990944 -0.123026 0.053800  0.751406 0.665714 0
0  6.353627 -8.803513 46.267334  -0.927997 0.324500 -0.183087  0.758701 0.652162 0
0  6.349862 -8.830482 46.288158  -0.990473 -0.132090 0.038923  0.758976 0.652380 0
toilet
0  6.208872 -1.337917 52.169460  -0.938141 0.048926 -0.342780  0.680925 0.712202 0
0  6.639624 0.000752 51.116108  -0.939406 0.000253 -0.342806  0.667226 0.700466 0
0  6.641415 -1.209163 51.037682  -0.939201 0.049868 -0.339727  0.679635 0.699783 0
toilet
0  6.612563 -9.689407 44.998047  -0.586653 -0.768182 0.256387  0.333892 0.613834 0
0  6.884135 -10.196842 43.511547  -0.005513 -0.975050 0.221917  0.331785 0.596698 0
0  6.846494 -9.773033 45.044487  -0.008248 -0.942868 0.333066  0.336351 0.613074 0
toilet
0  6.224825 -3.922863 51.388733  -0.993736 -0.059486 0.094601  0.707703 0.704442 0
0  6.245963 -5.083362 50.651279  -0.934467 0.188484 -0.302067  0.719779 0.696972 0
0  6.242028 -5.097789 50.685802  -0.993375 -0.076622 0.085642  0.719923 0.697330 0
toilet
0  6.360538 -2.543903 25.310898  -0.548729 -0.818486 -0.170223  0.729523 0.348532 0
0  6.610036 -2.634773 25.103172  -0.436018 -0.854941 -0.281005  0.732204 0.346318 0
0  6.499610 -2.635586 25.349819  -0.491894 -0.857181 -0.152581  0.731160 0.348907 0
toilet
0  7.221395 7.211087 48.798504  0.849940 0.391889 0.352170  0.513950 0.654275 0
0  7.428820 5.957268 49.432587  0.928587 0.237381 0.285264  0.500440 0.659715 0
0  7.453407 6.897179 48.434174  0.926874 0.275207 0.255275  0.510580 0.649948 0
toilet
0  6.502031 10.165188 40.279575  -0.927315 -0.373486 -0.024384  0.563313 0.588387 0
0  6.937945 9.131638 38.879932  -0.931540 -0.363235 0.017146  0.574889 0.574046 0
0  6.903243 9.195328 40.289761  -0.930110 -0.366403 -0.025379  0.574087 0.588499 0
toilet
0  7.725165 -9.421062 37.334568  0.926371 -0.371557 -0.061493  0.344117 0.531465 0
0  7.964592 -8.463387 36.191666  0.961794 -0.264849 -0.069336  0.354758 0.520052 0
0  7.931784 -8.831112 37.525978  0.960200 -0.276566 -0.039093  0.350449 0.533732 0
toilet
0  7.676255 -6.464206 47.931309  0.959172 -0.203966 0.195925  0.373418 0.641542 0
0  7.911685 -6.663105 46.321171  0.974974 -0.174700 0.137498  0.371540 0.624812 0
0  7.887753 -5.921772 47.296879  0.975301 -0.156292 0.156078  0.379123 0.634832 0
toilet
0  7.566998 2.620129 24.479153  0.014581 0.812950 -0.582151  0.729377 0.391132 0
0  7.842977 2.711090 24.657761  0.143364 0.846697 -0.512398  0.726427 0.393042 0
0  7.883630 2.620102 24.526535  0.156619 0.813693 -0.559799  0.726025 0.391468 0
toilet
0  6.960912 -6.394718 30.393024  -0.627627 -0.531796 -0.568575  0.375246 0.456393 0
0  7.214415 -5.279003 29.407982  0.019337 -0.597596 -0.801564  0.389366 0.449205 0
0  7.197744 -6.447887 30.362141  0.017073 -0.700605 -0.713345  0.376666 0.458469 0
toilet
0  8.205760 0.000500 47.898968  0.990701 -0.000125 0.136053  0.439830 0.641314 0
0  8.370873 -0.694698 46.504128  0.993967 -0.013203 0.108880  0.432986 0.626992 0
0  8.369805 0.000401 46.549294  0.994077 -0.000108 0.108675  0.440113 0.627587 0
toilet
0  8.020466 0.000584 49.118473  0.985552 -0.000144 0.169374  0.439573 0.653786 0
0  8.207062 -0.845806 47.843975  0.990672 -0.017352 0.135157  0.431183 0.640593 0
0  8.205760 0.000500 47.898968  0.990701 -0.000125 0.136053  0.439830 0.641314 0
toilet
0  7.817093 0.000660 50.186951  0.977198 -0.000168 0.212329  0.439346 0.664802 0
0  8.021976 -0.982437 49.054600  0.985497 -0.022525 0.168193  0.429564 0.652951 0
0  8.020466 0.000584 49.118473  0.985552 -0.000144 0.169374  0.439573 0.653786 0
toilet
0  6.229147 3.904511 51.358330  -0.936278 -0.143161 -0.320761  0.626884 0.703303 0
0  6.242649 5.099358 50.685181  -0.993411 0.076366 0.085459  0.614604 0.696249 0
0  6.246582 5.084916 50.650658  -0.934496 -0.188064 -0.302239  0.614755 0.695894 0
toilet
0  7.609774 8.112617 32.994392  0.858859 0.438472 -0.264770  0.526728 0.490077 0
0  7.794360 8.446289 34.561783  0.931779 0.334695 -0.140596  0.529955 0.506603 0
0  7.824880 7.759476 33.318005  0.934956 0.307360 -0.177165  0.522772 0.493743 0
toilet
0  7.169691 -1.201130 29.540585  -0.955356 0.049608 0.291264  0.681803 0.479384 0
0  7.178191 -2.349769 29.939167  -0.999780 0.001216 -0.020948  0.693530 0.483595 0
0  7.185359 -1.186515 29.650246  -0.999785 0.000660 -0.020725  0.681639 0.480517 0
toilet
0  6.811599 9.143013 46.510437  -0.010906 0.894852 0.446229  0.537179 0.632768 0
0  7.014820 8.322605 47.804905  0.615133 0.653095 0.441677  0.526468 0.645019 0
0  7.047836 9.064774 46.463005  0.611653 0.702084 0.364635  0.534973 0.631370 0
toilet
0  7.080228 -9.772636 35.531895  0.008139 -0.942789 -0.333290  0.338606 0.511509 0
0  7.349759 -9.064594 34.131474  0.626273 -0.705334 -0.332094  0.348058 0.497598 0
0  7.314168 -9.689041 35.578388  0.619359 -0.745086 -0.247469  0.340942 0.512606 0
toilet
0  6.755397 2.711415 26.346161  -0.368593 0.852322 0.371062  0.736811 0.411106 0
0  6.900184 2.620293 26.631432  -0.289144 0.816654 0.499472  0.735276 0.414170 0
0  6.973245 2.710602 26.518143  -0.264346 0.849449 0.456681  0.734460 0.412752 0
toilet
0  6.353627 -8.803513 46.267334  -0.927997 0.324500 -0.183087  0.758701 0.652162 0
0  6.741391 -7.313316 46.878593  -0.931655 0.294458 -0.212870  0.742652 0.657800 0
0  6.769846 -7.964683 45.699966  -0.930441 0.320402 -0.177824  0.749460 0.645785 0
toilet
0  7.135287 4.600781 30.916409  -0.950034 -0.188203 0.249027  0.622190 0.492866 0
0  7.167655 3.492237 30.382126  -0.999780 -0.001741 -0.020921  0.633618 0.487523 0
0  7.152344 4.538865 31.007751  -0.999773 -0.002224 -0.021210  0.622824 0.493819 0
toilet
0  7.653495 -5.587204 48.859688  0.960054 -0.175756 0.217731  0.382431 0.651025 0
0  7.887753 -5.921772 47.296879  0.975301 -0.156292 0.156078  0.379123 0.634832 0
0  7.866904 -5.118366 48.147358  0.975859 -0.134268 0.172251  0.387342 0.643531 0
toilet
0  6.677284 -8.110844 32.964428  -0.985640 -0.130475 -0.107192  0.752929 0.514854 0
0  6.708770 -7.189609 31.813450  -0.942196 0.265829 0.203963  0.743534 0.502884 0
0  6.706332 -7.210876 31.784431  -0.990573 -0.093990 -0.099656  0.743755 0.502588 0
toilet
0  8.127305 -2.543876 26.661583  0.269655 -0.808163 0.523601  0.748714 0.361850 0
0  8.286145 -2.635387 26.383976  0.350900 -0.851471 0.389700  0.750100 0.358715 0
0  8.385985 -2.543849 26.483250  0.390724 -0.811811 0.433934  0.751325 0.359823 0
toilet
0  7.703112 7.269761 46.871513  0.958344 0.228067 0.171938  0.514880 0.633733 0
0  7.888475 5.922734 47.296154  0.975353 0.156182 0.155866  0.500753 0.637339 0
0  7.912357 6.659714 46.326012  0.974959 0.174742 0.137551  0.508693 0.627698 0
toilet
0  8.623913 0.357235 43.530865  0.997805 0.006401 0.065903  0.444428 0.597139 0
0  8.708494 0.000100 41.958176  0.998946 -0.000066 0.045892  0.441071 0.581216 0
0  8.708780 0.180142 41.946930  0.998950 0.003244 0.045690  0.442934 0.581141 0
toilet
0  8.711485 0.528878 41.837749  0.998969 0.009706 0.044339  0.446562 0.580118 0
0  8.634014 1.366337 43.122238  0.997871 0.024529 0.060436  0.454933 0.593248 0
0  8.629326 1.049351 43.312267  0.997847 0.018777 0.062845  0.451619 0.595090 0
toilet
0  7.509921 -2.543922 26.802116  -0.014313 -0.804498 0.593784  0.742304 0.363660 0
0  7.794412 -2.635273 26.637558  0.118330 -0.845876 0.520089  0.745158 0.361610 0
0  7.828496 -2.543903 26.770344  0.131528 -0.805261 0.578148  0.745636 0.363163 0
toilet
0  8.782983 0.687981 38.928329  0.999903 0.012373 0.006425  0.448815 0.550902 0
0  8.780079 0.841580 39.046852  0.999851 0.015429 0.007696  0.450379 0.552123 0
0  8.776638 0.974282 39.187180  0.999799 0.017594 0.009646  0.451723 0.553558 0
toilet
0  8.782983 0.687981 38.928329  0.999903 0.012373 0.006425  0.448815 0.550902 0
0  8.776638 0.974282 39.187180  0.999799 0.017594 0.009646  0.451723 0.553558 0
0  8.763766 0.000000 40.335693  0.999698 -0.000079 0.024564  0.441408 0.564900 0
toilet
0  7.370282 0.000779 51.800571  0.934318 -0.000257 0.356441  0.438996 0.681823 0
0  7.600974 -1.203220 51.007885  0.962738 -0.037962 0.267760  0.426964 0.673159 0
0  7.599122 0.000725 51.086117  0.962996 -0.000268 0.269517  0.439153 0.674192 0
toilet
0  7.134486 0.000824 52.318108  0.865020 -0.000347 0.501738  0.438878 0.687621 0
0  7.372256 -1.283596 51.717113  0.933870 -0.051402 0.353900  0.426007 0.680699 0
0  7.370282 0.000779 51.800571  0.934318 -0.000257 0.356441  0.438996 0.681823 0
toilet
0  6.895772 0.000866 52.629871  0.648066 -0.000659 0.761584  0.438796 0.691629 0
0  7.136549 -1.341999 52.230854  0.863996 -0.073956 0.498038  0.425282 0.686414 0
0  7.134486 0.000824 52.318108  0.865020 -0.000347 0.501738  0.438878 0.687621 0
toilet
0  6.793242 -0.000618 28.264816  -0.999777 -0.000012 0.021124  0.669639 0.465588 0
0  6.796611 -1.329555 28.390530  -0.953703 0.049052 0.296724  0.683341 0.467020 0
0  6.798744 -0.000602 28.305672  -0.953911 -0.000089 0.300091  0.669634 0.466011 0
toilet
0  7.136549 -1.341999 52.230854  0.863996 -0.073956 0.498038  0.425282 0.686414 0
0  7.379748 -2.523571 51.409145  0.933217 -0.102158 0.344484  0.413462 0.677474 0
0  7.372256 -1.283596 51.717113  0.933870 -0.051402 0.353900  0.426007 0.680699 0
toilet
0  6.216971 -1.346996 52.254230  -0.819662 -0.091675 0.565465  0.423217 0.698968 0
0  6.436060 -2.708084 52.198269  -0.647915 -0.234637 0.724673  0.409609 0.691986 0
0  6.428019 -1.377414 52.528763  -0.650943 -0.118429 0.749832  0.423917 0.695518 0
toilet
0  7.897499 4.876080 30.355564  0.944511 0.195919 -0.263655  0.492778 0.463918 0
0  8.074136 5.587311 31.767464  0.969621 0.175603 -0.170287  0.500152 0.478373 0
0  8.093325 4.570729 30.984009  0.971412 0.144820 -0.188113  0.489679 0.470636 0
toilet
0  7.448055 5.232689 29.413094  0.723551 0.408613 -0.556335  0.496563 0.453260 0
0  7.664295 6.231862 30.770958  0.885003 0.327650 -0.330779  0.506906 0.467384 0
0  7.685699 5.098004 29.897129  0.904099 0.256774 -0.341573  0.495107 0.458785 0
toilet
0  8.093325 4.570729 30.984009  0.971412 0.144820 -0.188113  0.489679 0.470636 0
0  8.252248 5.118451 32.489418  0.983088 0.134482 -0.124309  0.495336 0.485983 0
0  8.269826 4.187176 31.771706  0.984144 0.110932 -0.138400  0.485785 0.478856 0
toilet
0  8.269316 -4.188163 31.772217  0.984141 -0.110917 -0.138435  0.400617 0.477106 0
0  8.436337 -2.866863 32.186417  0.991802 -0.065671 -0.109617  0.413925 0.482070 0
0  8.423528 -3.732860 32.705635  0.991191 -0.085573 -0.101082  0.404891 0.486885 0
toilet
0  8.581844 -3.740009 42.151218  0.996568 -0.067405 0.048053  0.402377 0.582415 0
0  8.681803 -2.639163 41.167603  0.998263 -0.047251 0.035181  0.413948 0.572696 0
0  8.672061 -2.529472 41.564354  0.998160 -0.045301 0.040303  0.415003 0.576722 0
toilet
0  8.641799 -4.011989 39.710526  0.997242 -0.072372 0.016468  0.400054 0.557655 0
0  8.722750 -2.639263 39.501087  0.998787 -0.047245 0.013890  0.414292 0.555893 0
0  8.712609 -2.713420 39.913647  0.998635 -0.048588 0.019140  0.413438 0.560033 0
toilet
0  8.671673 3.740025 38.513424  0.997736 0.067240 0.000965  0.480450 0.547225 0
0  8.723072 2.639172 39.500763  0.998790 0.047178 0.013880  0.468874 0.557017 0
0  8.732815 2.529480 39.104015  0.998942 0.045137 0.008783  0.467820 0.553001 0
toilet
0  8.685454 3.498543 37.952000  0.997988 0.063095 -0.006233  0.478057 0.541524 0
0  8.732815 2.529480 39.104015  0.998942 0.045137 0.008783  0.467820 0.553001 0
0  8.742136 2.366162 38.724308  0.999091 0.042448 0.003892  0.466207 0.549151 0
toilet
0  8.630917 3.732159 35.931671  0.996856 0.070888 -0.035391  0.480795 0.521131 0
0  8.698096 3.214058 37.436813  0.998236 0.057918 -0.013051  0.475209 0.536293 0
0  8.709641 2.856465 36.966167  0.998487 0.051593 -0.019025  0.471598 0.531510 0
toilet
0  8.697783 -3.213424 37.434010  0.998227 -0.058079 -0.013065  0.408828 0.534893 0
0  8.758257 -1.932178 38.057796  0.999385 -0.034747 -0.004688  0.421916 0.541551 0
0  8.750473 -2.173320 38.373981  0.999237 -0.039063 -0.000676  0.419353 0.544666 0
toilet
0  6.221497 2.517266 25.271984  -0.561430 0.809047 -0.173898  0.743322 0.400144 0
0  6.311338 2.620274 25.610485  -0.560926 0.827753 -0.013700  0.741927 0.403710 0
0  6.360537 2.620247 25.310898  -0.537637 0.826523 -0.166750  0.741566 0.400541 0
toilet
0  6.659507 -8.865448 34.249031  -0.757899 -0.578550 -0.301444  0.340520 0.493698 0
0  6.677284 -8.110844 32.964428  -0.985640 -0.130475 -0.107192  0.349260 0.479002 0
0  6.692397 -8.140907 32.937302  -0.757462 -0.539879 -0.367125  0.349653 0.479200 0
toilet
0  6.345766 -2.543941 25.912125  -0.556372 -0.818543 0.142959  0.729676 0.354848 0
0  6.451961 -2.634903 25.613930  -0.512896 -0.858357 -0.012679  0.730844 0.351660 0
0  6.486583 -2.635620 25.880066  -0.498819 -0.857177 0.128171  0.731292 0.354395 0
toilet
0  7.702376 -7.273448 46.866222  0.958322 -0.228148 0.171955  0.365110 0.630580 0
0  7.937892 -7.252891 45.253113  0.974646 -0.190706 0.117033  0.365507 0.613825 0
0  7.911685 -6.663105 46.321171  0.974974 -0.174700 0.137498  0.371540 0.624812 0
toilet
0  7.997309 8.090141 42.872066  0.974484 0.213436 0.069470  0.524656 0.592675 0
0  8.154259 6.923378 43.690151  0.984340 0.157240 0.079685  0.512227 0.600647 0
0  8.181090 7.210648 42.598804  0.984513 0.164954 0.059376  0.515533 0.589543 0
toilet
0  8.429420 -4.199348 44.112934  0.993922 -0.079605 0.076039  0.397299 0.602244 0
0  8.568063 -3.498535 42.712650  0.996462 -0.063300 0.055278  0.404771 0.588142 0
0  8.555421 -3.214038 43.227837  0.996384 -0.058035 0.062063  0.407619 0.593404 0
toilet
0  8.562490 5.098488 38.719723  0.995339 0.096407 0.002621  0.494462 0.549486 0
0  8.642220 4.012024 39.712818  0.997250 0.072255 0.016461  0.483028 0.559393 0
0  8.657270 3.902211 39.100052  0.997487 0.070328 0.008602  0.482015 0.553177 0
toilet
0  8.523113 -4.544612 34.972324  0.994119 -0.093527 -0.054591  0.395782 0.509475 0
0  8.643764 -3.223804 35.391933  0.997207 -0.061175 -0.042841  0.409252 0.514292 0
0  8.630462 -3.732681 35.932125  0.996854 -0.070920 -0.035391  0.403860 0.519547 0
toilet
0  8.685028 -3.498828 37.952427  0.997979 -0.063241 -0.006264  0.405756 0.540034 0
0  8.750473 -2.173320 38.373981  0.999237 -0.039063 -0.000676  0.419353 0.544666 0
0  8.741848 -2.366352 38.724594  0.999090 -0.042459 0.003924  0.417281 0.548143 0
toilet
0  8.719696 2.468930 36.555927  0.998713 0.044435 -0.024446  0.467668 0.527339 0
0  8.758493 1.931900 38.057564  0.999388 0.034659 -0.004678  0.461848 0.542374 0
0  8.765296 1.669804 37.780106  0.999516 0.029955 -0.008416  0.459193 0.539543 0
toilet
0  8.323773 2.862416 25.659916  0.357025 0.934054 0.008705  0.721281 0.403212 0
0  8.432146 2.792710 25.890797  0.433407 0.891128 0.134347  0.719869 0.405510 0
0  8.478263 2.791710 25.663715  0.451404 0.892251 0.011057  0.719599 0.403172 0
toilet
0  8.763766 0.000000 40.335693  0.999698 -0.000079 0.024564  0.441408 0.564900 0
0  8.768424 1.194332 39.522026  0.999670 0.021499 0.014057  0.453930 0.556965 0
0  8.763707 1.276184 39.714165  0.999595 0.023170 0.016540  0.454737 0.558913 0
toilet
0  8.763766 0.000000 40.335693  0.999698 -0.000079 0.024564  0.441408 0.564900 0
0  8.763707 1.276184 39.714165  0.999595 0.023170 0.016540  0.454737 0.558913 0
0  8.758776 1.330971 39.915009  0.999531 0.023902 0.019139  0.455261 0.560943 0
toilet
0  6.984074 -7.400333 49.018177  0.621472 -0.590019 0.515413  0.362712 0.654107 0
0  7.249651 -8.112457 47.611427  0.846268 -0.436617 0.305281  0.355909 0.638883 0
0  7.220515 -7.209865 48.799381  0.849883 -0.391819 0.352387  0.365244 0.651208 0
toilet
0  6.984976 7.401608 49.017277  0.621713 0.590131 0.514994  0.516359 0.657277 0
0  7.195688 6.228398 49.842358  0.853331 0.339006 0.396109  0.503263 0.664482 0
0  7.221395 7.211087 48.798504  0.849940 0.391889 0.352170  0.513950 0.654275 0
toilet
0  6.254483 -5.116767 50.726788  -0.805359 -0.345076 0.481994  0.380193 0.681335 0
0  6.263430 -6.231643 49.811970  -0.992464 -0.094663 0.077802  0.366978 0.671479 0
0  6.276028 -6.255497 49.849560  -0.797993 -0.415978 0.436085  0.367347 0.671185 0
toilet
0  6.276028 -6.255497 49.849560  -0.797993 -0.415978 0.436085  0.367347 0.671185 0
0  6.288815 -7.209808 48.776485  -0.991937 -0.108445 0.065588  0.355601 0.659705 0
0  6.301632 -7.237175 48.810562  -0.790296 -0.478532 0.382674  0.356005 0.659473 0
toilet
0  7.511983 8.447006 46.053970  0.923925 0.333063 0.188232  0.527621 0.626052 0
0  7.703112 7.269761 46.871513  0.958344 0.228067 0.171938  0.514880 0.633733 0
0  7.731950 7.918038 45.699356  0.957779 0.247405 0.146460  0.522047 0.621939 0
toilet
0  8.775553 -1.049354 37.356083  0.999726 -0.018918 -0.013805  0.431191 0.534734 0
0  8.786884 -0.356739 38.767033  0.999970 -0.006507 0.004159  0.438046 0.549065 0
0  8.785255 -0.528881 38.832867  0.999940 -0.009782 0.004862  0.436252 0.549686 0
toilet
0  6.707210 7.210080 31.783546  -0.990363 0.095233 -0.100561  0.526902 0.469118 0
0  6.742454 6.255631 30.694901  -0.843035 0.369020 -0.391302  0.515384 0.457188 0
0  6.732595 6.231915 30.748066  -0.997451 0.039989 -0.059101  0.515922 0.456919 0
toilet
0  6.894979 -2.716625 25.000866  -0.309111 -0.886800 -0.343563  0.735141 0.345175 0
0  7.016878 -2.634548 24.736164  -0.242266 -0.848524 -0.470441  0.736185 0.342310 0
0  7.087097 -2.715500 24.857765  -0.213318 -0.884705 -0.414479  0.737068 0.343687 0
toilet
0  8.092768 -4.571786 30.984571  0.971391 -0.144728 -0.188289  0.397065 0.468732 0
0  8.283688 -3.216533 31.189667  0.985164 -0.084871 -0.149162  0.410756 0.471761 0
0  8.269316 -4.188163 31.772217  0.984141 -0.110917 -0.138435  0.400617 0.477106 0
toilet
0  8.654814 -2.639541 34.943661  0.997526 -0.050329 -0.049086  0.415386 0.509996 0
0  8.734863 -1.551544 35.928974  0.999078 -0.028042 -0.032521  0.426335 0.520267 0
0  8.727930 -2.020221 36.209972  0.998911 -0.036605 -0.028916  0.421437 0.522949 0
toilet
0  8.722750 -2.639263 39.501087  0.998787 -0.047245 0.013890  0.414292 0.555893 0
0  8.763578 -1.276100 39.713326  0.999591 -0.023333 0.016530  0.428340 0.558359 0
0  8.758615 -1.331020 39.915173  0.999526 -0.024159 0.019106  0.427730 0.560376 0
toilet
0  8.765144 -1.668766 37.778179  0.999514 -0.030025 -0.008336  0.424699 0.538811 0
0  8.782903 -0.688388 38.928268  0.999901 -0.012654 0.006164  0.434583 0.550608 0
0  8.780006 -0.841182 39.045788  0.999850 -0.015436 0.007799  0.432978 0.551753 0
toilet
0  7.117240 9.142239 34.071381  0.010769 0.896204 -0.443511  0.539693 0.500177 0
0  7.314874 9.691406 35.583878  0.619795 0.744723 -0.247469  0.543971 0.516862 0
0  7.350864 9.064003 34.130371  0.626753 0.705030 -0.331835  0.537450 0.501503 0
toilet
0  6.398058 -9.477055 44.889782  -0.768966 -0.609356 0.193333  0.330728 0.614648 0
0  6.649882 -10.109592 43.478230  -0.580691 -0.796861 0.166767  0.329243 0.597185 0
0  6.612563 -9.689407 44.998047  -0.586653 -0.768182 0.256387  0.333892 0.613834 0
toilet
0  6.658972 -3.535087 50.300617  -0.937413 0.145294 -0.316460  0.703553 0.692478 0
0  6.669495 -2.348408 50.642109  -0.999601 0.001211 -0.028213  0.691349 0.695833 0
0  6.680319 -3.492016 50.198841  -0.999602 0.001839 -0.028163  0.703115 0.691410 0
toilet
0  7.385150 8.318325 32.803467  0.634618 0.654087 -0.411620  0.529476 0.487618 0
0  7.577864 8.830700 34.294773  0.854445 0.474565 -0.211452  0.534326 0.503588 0
0  7.609774 8.112617 32.994392  0.858859 0.438472 -0.264770  0.526728 0.490077 0
toilet
0  6.856308 8.775696 43.066212  -0.999663 -0.004718 -0.025519  0.578117 0.617011 0
0  6.868657 9.112885 41.697163  -0.929428 -0.363562 -0.063146  0.574781 0.602944 0
0  6.890245 9.003983 41.685535  -0.999673 -0.004924 -0.025101  0.575920 0.602828 0
toilet
0  7.912357 6.659714 46.326012  0.974959 0.174742 0.137551  0.508693 0.627698 0
0  8.084089 5.278855 46.541943  0.984612 0.120809 0.126270  0.494350 0.629240 0
0  8.105373 5.935723 45.677269  0.984441 0.135332 0.112072  0.501401 0.620655 0
toilet
0  8.278860 5.110169 44.936371  0.990236 0.104527 0.092232  0.493098 0.612730 0
0  8.414794 3.732705 44.727409  0.993895 0.071085 0.084380  0.478950 0.610128 0
0  8.429844 4.197186 44.115993  0.993937 0.079445 0.076009  0.483906 0.604062 0
toilet
0  8.320944 5.960457 43.225620  0.990390 0.121137 0.066732  0.502374 0.595551 0
0  8.446495 4.571465 43.439251  0.994070 0.085659 0.066992  0.487952 0.597299 0
0  8.464411 4.895554 42.710888  0.994108 0.092347 0.056764  0.491490 0.589987 0
toilet
0  8.646384 -1.931900 42.610806  0.997945 -0.034817 0.053781  0.420976 0.587398 0
0  8.724022 -1.096683 41.323616  0.999096 -0.020060 0.037480  0.429863 0.574598 0
0  8.720102 -0.974285 41.483448  0.999062 -0.017758 0.039493  0.431096 0.576233 0
toilet
0  8.283956 3.222157 31.194359  0.985240 0.084496 -0.148870  0.475942 0.473149 0
0  8.423983 3.731972 32.705177  0.991195 0.085558 -0.101056  0.481112 0.488452 0
0  8.436576 2.871865 32.190594  0.991807 0.065623 -0.109603  0.472344 0.483314 0
toilet
0  8.599317 4.571080 37.219723  0.996062 0.086837 -0.017867  0.489263 0.534213 0
0  8.671673 3.740025 38.513424  0.997736 0.067240 0.000965  0.480450 0.547225 0
0  8.685454 3.498543 37.952000  0.997988 0.063095 -0.006233  0.478057 0.541524 0
toilet
0  8.655135 2.638894 34.943336  0.997536 0.050233 -0.048977  0.469673 0.511113 0
0  8.719696 2.468930 36.555927  0.998713 0.044435 -0.024446  0.467668 0.527339 0
0  8.728176 2.019715 36.209728  0.998912 0.036579 -0.028933  0.463094 0.523807 0
toilet
0  8.763766 0.000000 40.335693  0.999698 -0.000079 0.024564  0.441408 0.564900 0
0  8.758776 1.330971 39.915009  0.999531 0.023902 0.019139  0.455261 0.560943 0
0  8.753643 1.369244 40.124020  0.999458 0.024684 0.021777  0.455613 0.563053 0
toilet
0  8.763766 0.000000 40.335693  0.999698 -0.000079 0.024564  0.441408 0.564900 0
0  8.753643 1.369244 40.124020  0.999458 0.024684 0.021777  0.455613 0.563053 0
0  8.748457 1.379540 40.335148  0.999385 0.024863 0.024716  0.455676 0.565179 0
toilet
0  8.523667 4.543984 34.971767  0.994137 0.093383 -0.054506  0.489281 0.511400 0
0  8.615835 4.199376 36.546589  0.996471 0.079444 -0.027112  0.485526 0.527372 0
0  8.630917 3.732159 35.931671  0.996856 0.070888 -0.035391  0.480795 0.521131 0
toilet
0  8.728317 -1.194027 41.148567  0.999150 -0.021671 0.035072  0.428892 0.572815 0
0  8.763766 0.000000 40.335693  0.999698 -0.000079 0.024564  0.441408 0.564900 0
0  8.720102 -0.974285 41.483448  0.999062 -0.017758 0.039493  0.431096 0.576233 0
toilet
0  8.728317 -1.194027 41.148567  0.999150 -0.021671 0.035072  0.428892 0.572815 0
0  8.720102 -0.974285 41.483448  0.999062 -0.017758 0.039493  0.431096 0.576233 0
0  8.724022 -1.096683 41.323616  0.999096 -0.020060 0.037480  0.429863 0.574598 0
toilet
0  7.233867 -2.635307 26.623783  -0.143628 -0.845958 0.513542  0.739355 0.361750 0
0  7.516582 -2.715469 26.531448  -0.011446 -0.882160 0.470811  0.742226 0.360419 0
0  7.513179 -2.634537 26.669754  -0.013057 -0.845387 0.533994  0.742265 0.362039 0
toilet
0  7.470591 4.035321 28.643894  0.761982 0.297740 -0.575096  0.484202 0.445968 0
0  7.685699 5.098004 29.897129  0.904099 0.256774 -0.341573  0.495107 0.458785 0
0  7.702901 3.923073 29.194195  0.919964 0.186125 -0.344999  0.483059 0.452023 0
toilet
0  8.720102 -0.974285 41.483448  0.999062 -0.017758 0.039493  0.431096 0.576233 0
0  8.763766 0.000000 40.335693  0.999698 -0.000079 0.024564  0.441408 0.564900 0
0  8.713755 -0.688209 41.742435  0.999004 -0.012574 0.042813  0.434001 0.578899 0
toilet
0  8.720102 -0.974285 41.483448  0.999062 -0.017758 0.039493  0.431096 0.576233 0
0  8.713755 -0.688209 41.742435  0.999004 -0.012574 0.042813  0.434001 0.578899 0
0  8.716660 -0.841724 41.623863  0.999021 -0.015526 0.041430  0.432438 0.577674 0
toilet
0  8.320375 -5.949485 43.220009  0.990362 -0.121335 0.066797  0.379334 0.592957 0
0  8.482761 -5.098461 41.939804  0.994265 -0.096429 0.046247  0.388364 0.580027 0
0  8.463942 -4.886558 42.706272  0.994084 -0.092557 0.056829  0.390422 0.587855 0
toilet
0  7.828496 -2.543903 26.770344  0.131528 -0.805261 0.578148  0.745636 0.363163 0
0  8.060052 -2.634590 26.545094  0.242324 -0.848544 0.470375  0.747831 0.360473 0
0  8.127305 -2.543876 26.661583  0.269655 -0.808163 0.523601  0.748714 0.361850 0
toilet
0  7.238906 10.393963 38.692322  0.608220 0.790341 -0.073687  0.551162 0.549766 0
0  7.430335 10.197227 40.302288  0.840353 0.541496 0.024280  0.548118 0.566700 0
0  7.468737 10.126747 38.739216  0.842425 0.537370 -0.039419  0.547563 0.550264 0
toilet
0  7.468737 10.126747 38.739216  0.842425 0.537370 -0.039419  0.547563 0.550264 0
0  7.653251 9.753342 40.307793  0.922891 0.384230 0.025276  0.543016 0.566622 0
0  7.689981 9.685928 38.812756  0.924354 0.381018 -0.019877  0.542516 0.550990 0
toilet
0  6.389259 9.427979 44.864807  -0.927602 -0.343946 -0.145795  0.570478 0.635767 0
0  6.834539 8.882835 43.088581  -0.929299 -0.355994 -0.098343  0.576995 0.617240 0
0  6.801896 8.526962 44.437309  -0.929866 -0.340038 -0.140437  0.580513 0.631106 0
toilet
0  7.898803 9.079384 38.911610  0.958899 0.283633 -0.008117  0.535939 0.551944 0
0  8.060087 8.375366 40.317875  0.975340 0.219237 0.025451  0.528246 0.566386 0
0  8.091628 8.317478 39.034061  0.976101 0.217315 -0.000284  0.527866 0.553110 0
toilet
0  8.091628 8.317478 39.034061  0.976101 0.217315 -0.000284  0.527866 0.553110 0
0  8.237043 7.464859 40.322285  0.985103 0.170088 0.025357  0.518711 0.566233 0
0  8.265155 7.413270 39.178036  0.985671 0.168590 0.005456  0.518390 0.554467 0
toilet
0  8.264377 -7.413184 39.173805  0.985653 -0.168697 0.005429  0.364929 0.551249 0
0  8.439603 -6.207736 38.367046  0.991867 -0.127203 -0.004426  0.377643 0.543362 0
0  8.415750 -6.382156 39.337418  0.991457 -0.130059 0.009879  0.375602 0.553220 0
toilet
0  8.464411 4.895554 42.710888  0.994108 0.092347 0.056764  0.491490 0.589987 0
0  8.568491 3.498845 42.712223  0.996468 0.062865 0.055668  0.477053 0.589629 0
0  8.582203 3.746895 42.154755  0.996594 0.067091 0.047953  0.479750 0.584047 0
toilet
0  8.582203 3.746895 42.154755  0.996594 0.067091 0.047953  0.479750 0.584047 0
0  8.663029 2.366360 41.943775  0.998080 0.042130 0.045405  0.465530 0.581593 0
0  8.672302 2.534119 41.566746  0.998160 0.045299 0.040317  0.467348 0.577826 0
toilet
0  8.407902 -4.559135 33.339588  0.990434 -0.104207 -0.090456  0.396191 0.492868 0
0  8.552763 -3.213695 33.768845  0.995217 -0.065901 -0.072117  0.409839 0.497909 0
0  8.539310 -3.925056 34.314632  0.994719 -0.080272 -0.063956  0.402363 0.503100 0
toilet
0  8.770864 -1.366329 37.546131  0.999632 -0.024656 -0.011351  0.427875 0.536561 0
0  8.785255 -0.528881 38.832867  0.999940 -0.009782 0.004862  0.436252 0.549686 0
0  8.782903 -0.688388 38.928268  0.999901 -0.012654 0.006164  0.434583 0.550608 0
toilet
0  8.663029 2.366360 41.943775  0.998080 0.042130 0.045405  0.465530 0.581593 0
0  8.724133 1.096257 41.324409  0.999098 0.019972 0.037483  0.452537 0.575074 0
0  8.728462 1.194401 41.148415  0.999151 0.021441 0.035178  0.453589 0.573324 0
toilet
0  8.252248 5.118451 32.489418  0.983088 0.134482 -0.124309  0.495336 0.485983 0
0  8.389731 5.278077 34.102890  0.989630 0.120711 -0.077861  0.496920 0.502478 0
0  8.408313 4.562012 33.344860  0.990442 0.104141 -0.090440  0.489595 0.494847 0
toilet
0  7.663730 -6.227861 30.763750  0.885345 -0.327321 -0.330190  0.380053 0.464707 0
0  7.896904 -4.877193 30.356163  0.944541 -0.195661 -0.263742  0.394242 0.461890 0
0  7.876487 -5.956771 31.184464  0.941449 -0.237494 -0.239314  0.382749 0.469585 0
toilet
0  8.463273 5.949528 37.433098  0.992461 0.121217 -0.018077  0.503482 0.536463 0
0  8.562490 5.098488 38.719723  0.995339 0.096407 0.002621  0.494462 0.549486 0
0  8.581311 4.886586 37.953259  0.995717 0.092124 -0.007819  0.492403 0.541680 0
toilet
0  6.486583 -2.635620 25.880066  -0.498819 -0.857177 0.128171  0.731292 0.354395 0
0  6.598403 -2.715866 25.617523  -0.450759 -0.892575 -0.011196  0.732526 0.351620 0
0  6.633316 -2.716850 25.846664  -0.438862 -0.891452 0.112754  0.732908 0.353942 0
toilet
0  6.499610 -2.635586 25.349819  -0.491894 -0.857181 -0.152581  0.731160 0.348907 0
0  6.735124 -2.715736 25.175491  -0.383257 -0.890045 -0.246850  0.733686 0.347084 0
0  6.644526 -2.716827 25.390381  -0.432814 -0.891425 -0.134288  0.732796 0.349281 0
toilet
0  8.180211 -7.210296 42.599678  0.984475 -0.164409 0.061471  0.366334 0.586475 0
0  8.367229 -6.382175 41.312046  0.990681 -0.130539 0.038880  0.375181 0.573397 0
0  8.343288 -6.207489 42.286819  0.990452 -0.127210 0.053134  0.376811 0.583389 0
toilet
0  8.121841 -8.090061 37.764713  0.976963 -0.212053 -0.024042  0.358211 0.536506 0
0  8.318872 -6.910339 36.957211  0.987054 -0.157386 -0.030871  0.370747 0.528671 0
0  8.292085 -7.210586 38.046673  0.986307 -0.164406 -0.013021  0.367316 0.539736 0
toilet
0  6.971064 -8.882473 37.490688  -0.933209 0.354820 0.056774  0.759735 0.561683 0
0  7.024304 -8.409691 36.187431  -0.999725 0.004705 -0.022965  0.754999 0.548270 0
0  7.004597 -8.510853 36.144924  -0.935480 0.340383 0.094950  0.756059 0.547843 0
toilet
0  6.776440 -3.905445 29.204144  -0.950752 0.143600 0.274681  0.709854 0.475663 0
0  7.134734 -4.601703 30.916954  -0.950016 0.187997 0.249251  0.716517 0.493835 0
0  7.151209 -3.528845 30.274759  -0.952460 0.144532 0.268197  0.705584 0.487147 0
toilet
0  6.537038 10.126808 38.716320  -0.987460 0.152484 -0.040880  0.559927 0.548985 0
0  6.589282 9.888405 37.157249  -0.757214 0.633041 -0.160893  0.556709 0.531222 0
0  6.575024 9.849632 37.169651  -0.987693 0.145808 -0.056594  0.557146 0.531167 0
toilet
0  8.021976 -0.982437 49.054600  0.985497 -0.022525 0.168193  0.429564 0.652951 0
0  8.212000 -1.662857 47.641048  0.990633 -0.034265 0.132182  0.422854 0.638405 0
0  8.207062 -0.845806 47.843975  0.990672 -0.017352 0.135157  0.431183 0.640593 0
toilet
0  8.374929 -1.365772 46.337452  0.993956 -0.026209 0.106602  0.426126 0.625187 0
0  8.518526 -1.554214 44.733410  0.996258 -0.028130 0.081725  0.424477 0.608905 0
0  8.513717 -1.045318 44.930408  0.996267 -0.019075 0.084193  0.429682 0.610987 0
toilet
0  7.248424 2.620140 24.510925  -0.128868 0.813719 -0.566793  0.732709 0.391629 0
0  7.563745 2.710358 24.611801  0.013151 0.846204 -0.532697  0.729337 0.392753 0
0  7.566998 2.620129 24.479153  0.014581 0.812950 -0.582151  0.729377 0.391132 0
toilet
0  8.060087 8.375366 40.317875  0.975340 0.219237 0.025451  0.528246 0.566386 0
0  8.208914 7.397805 41.466938  0.984722 0.168743 0.042995  0.517768 0.577976 0
0  8.237043 7.464859 40.322285  0.985103 0.170088 0.025357  0.518711 0.566233 0
toilet
0  8.208019 -7.413208 41.467442  0.984730 -0.168707 0.042959  0.364431 0.574811 0
0  8.391432 -6.426589 40.326942  0.990975 -0.131815 0.024350  0.374922 0.563319 0
0  8.367229 -6.382175 41.312046  0.990681 -0.130539 0.038880  0.375181 0.573397 0
toilet
0  8.646620 1.932186 42.610569  0.997950 0.034710 0.053762  0.460893 0.588219 0
0  8.716734 0.841233 41.624874  0.999029 0.015313 0.041323  0.449836 0.578043 0
0  8.720221 0.974427 41.483330  0.999065 0.017624 0.039472  0.451243 0.576647 0
toilet
0  6.584760 -2.634838 26.131840  -0.449305 -0.854972 0.259130  0.732460 0.356931 0
0  6.864336 -2.716701 26.248005  -0.325632 -0.886850 0.327812  0.735449 0.357931 0
0  6.755181 -2.635471 26.346355  -0.369532 -0.851507 0.371997  0.734278 0.359096 0
toilet
0  8.611298 -4.012004 40.951832  0.996850 -0.072327 0.032530  0.399796 0.570218 0
0  8.702272 -2.732318 40.334354  0.998506 -0.048823 0.024534  0.413156 0.564270 0
0  8.691982 -2.713432 40.753178  0.998367 -0.048646 0.029943  0.413264 0.568499 0
toilet
0  8.539668 3.927514 34.319176  0.994726 0.080195 -0.063944  0.483001 0.504809 0
0  8.630917 3.732159 35.931671  0.996856 0.070888 -0.035391  0.480795 0.521131 0
0  8.644056 3.225827 35.395664  0.997211 0.061083 -0.042895  0.475652 0.515699 0
toilet
0  8.763766 0.000000 40.335693  0.999698 -0.000079 0.024564  0.441408 0.564900 0
0  8.728462 1.194401 41.148415  0.999151 0.021441 0.035178  0.453589 0.573324 0
0  8.724133 1.096257 41.324409  0.999098 0.019972 0.037483  0.452537 0.575074 0
toilet
0  8.763766 0.000000 40.335693  0.999698 -0.000079 0.024564  0.441408 0.564900 0
0  8.724133 1.096257 41.324409  0.999098 0.019972 0.037483  0.452537 0.575074 0
0  8.720221 0.974427 41.483330  0.999065 0.017624 0.039472  0.451243 0.576647 0
toilet
0  8.318872 -6.910339 36.957211  0.987054 -0.157386 -0.030871  0.370747 0.528671 0
0  8.484516 -5.565826 36.540680  0.993020 -0.113762 -0.031151  0.384780 0.524974 0
0  8.462665 -5.949249 37.429111  0.992368 -0.121941 -0.018343  0.380568 0.533881 0
toilet
0  8.299131 5.565865 44.112423  0.990309 0.113118 0.080573  0.498046 0.604481 0
0  8.429844 4.197186 44.115993  0.993937 0.079445 0.076009  0.483906 0.604062 0
0  8.446495 4.571465 43.439251  0.994070 0.085659 0.066992  0.487952 0.597299 0
toilet
0  8.555746 3.212376 43.230179  0.996395 0.057878 0.062027  0.473968 0.594797 0
0  8.646620 1.932186 42.610569  0.997950 0.034710 0.053762  0.460893 0.588219 0
0  8.654411 2.172619 42.294079  0.998008 0.038857 0.049703  0.463449 0.585082 0
toilet
0  8.429844 4.197186 44.115993  0.993937 0.079445 0.076009  0.483906 0.604062 0
0  8.544228 2.856884 43.698132  0.996328 0.051815 0.068156  0.470183 0.599438 0
0  8.555746 3.212376 43.230179  0.996395 0.057878 0.062027  0.473968 0.594797 0
toilet
0  8.028526 8.300137 41.602146  0.974791 0.217841 0.048238  0.527187 0.579634 0
0  8.181090 7.210648 42.598804  0.984513 0.164954 0.059376  0.515533 0.589543 0
0  8.208914 7.397805 41.466938  0.984722 0.168743 0.042995  0.517768 0.577976 0
toilet
0  7.911685 -6.663105 46.321171  0.974974 -0.174700 0.137498  0.371540 0.624812 0
0  8.128132 -6.464427 44.720997  0.984342 -0.147639 0.096295  0.373780 0.608310 0
0  8.104773 -5.938758 45.672947  0.984425 -0.135482 0.112034  0.379119 0.618084 0
toilet
0  6.758018 -5.117921 29.799475  -0.892668 -0.258292 -0.369364  0.384852 0.443845 0
0  6.770874 -3.916116 29.165586  -0.999799 0.016073 0.011952  0.398014 0.435126 0
0  6.773462 -3.932413 29.079252  -0.914472 -0.176510 -0.364122  0.398623 0.435781 0
toilet
0  6.949615 2.620175 24.619686  -0.263838 0.816649 -0.513297  0.735787 0.392942 0
0  7.282594 2.711121 24.643990  -0.117952 0.846723 -0.518794  0.732230 0.393182 0
0  7.248424 2.620140 24.510925  -0.128868 0.813719 -0.566793  0.732709 0.391629 0
toilet
0  6.788586 -2.633587 28.714451  -0.952346 0.097650 0.288967  0.696773 0.470482 0
0  7.151209 -3.528845 30.274759  -0.952460 0.144532 0.268197  0.705584 0.487147 0
0  7.162114 -2.382881 29.833721  -0.954229 0.097270 0.282815  0.693885 0.482507 0
toilet
0  8.300364 1.102341 30.521488  0.986350 0.028932 -0.162100  0.454546 0.466362 0
0  8.445464 1.931542 31.826591  0.992288 0.044380 -0.115733  0.462796 0.479647 0
0  8.451199 0.982506 31.590878  0.992571 0.022406 -0.119589  0.453187 0.477205 0
toilet
0  8.126564 -1.195255 29.617287  0.974741 -0.037972 -0.220085  0.431688 0.456608 0
0  8.302057 -0.000576 30.449825  0.986558 0.000088 -0.163411  0.443457 0.465465 0
0  8.300275 -1.094963 30.519672  0.986269 -0.029094 -0.162562  0.432428 0.465889 0
toilet
0  6.293552 7.189892 48.746731  -0.931056 -0.265768 -0.250006  0.593196 0.676045 0
0  6.742353 7.309300 46.883549  -0.931643 -0.294890 -0.212325  0.592743 0.656320 0
0  6.716319 6.505826 47.941204  -0.932989 -0.263773 -0.244858  0.600870 0.667250 0
toilet
0  6.384644 -9.439991 44.871078  -0.989501 -0.142432 0.024518  0.765420 0.637826 0
0  6.424624 -9.818588 43.379494  -0.926485 0.361210 -0.105603  0.769503 0.622479 0
0  6.421002 -9.849361 43.390385  -0.989228 -0.146152 0.008172  0.769819 0.622595 0
toilet
0  8.518526 -1.554214 44.733410  0.996258 -0.028130 0.081725  0.424477 0.608905 0
0  8.633848 -1.365978 43.122406  0.997864 -0.024729 0.060458  0.426722 0.592667 0
0  8.629238 -1.051159 43.310757  0.997835 -0.018955 0.062980  0.429936 0.594628 0
toilet
0  8.105373 5.935723 45.677269  0.984441 0.135332 0.112072  0.501401 0.620655 0
0  8.260535 4.544655 45.680782  0.990326 0.093040 0.102951  0.487048 0.620118 0
0  8.278860 5.110169 44.936371  0.990236 0.104527 0.092232  0.493098 0.612730 0
toilet
0  8.401197 -3.225795 45.263866  0.993893 -0.061203 0.091818  0.407167 0.614045 0
0  8.543879 -2.856449 43.698483  0.996333 -0.051792 0.068098  0.411229 0.598225 0
0  8.533821 -2.468914 44.108723  0.996306 -0.044525 0.073429  0.415157 0.602437 0
toilet
0  6.720805 -7.238246 31.751041  -0.785781 -0.470936 -0.400959  0.360320 0.465911 0
0  6.732031 -6.227808 30.740858  -0.997585 -0.038698 -0.057686  0.371451 0.453841 0
0  6.741612 -6.252012 30.687124  -0.844668 -0.367370 -0.389327  0.371982 0.454137 0
toilet
0  8.343288 -6.207489 42.286819  0.990452 -0.127210 0.053134  0.376811 0.583389 0
0  8.502424 -5.241931 41.139194  0.994468 -0.098877 0.035441  0.387033 0.571858 0
0  8.482761 -5.098461 41.939804  0.994265 -0.096429 0.046247  0.388364 0.580027 0
toilet
0  8.482761 -5.098461 41.939804  0.994265 -0.096429 0.046247  0.388364 0.580027 0
0  8.611298 -4.012004 40.951832  0.996850 -0.072327 0.032530  0.399796 0.570218 0
0  8.596249 -3.902194 41.564598  0.996701 -0.070401 0.040388  0.400811 0.576445 0
toilet
0  8.251783 -5.115215 32.483498  0.983098 -0.134486 -0.124227  0.390826 0.483770 0
0  8.423528 -3.732860 32.705635  0.991191 -0.085573 -0.101082  0.404891 0.486885 0
0  8.407902 -4.559135 33.339588  0.990434 -0.104207 -0.090456  0.396191 0.492868 0
toilet
0  8.090755 -8.317371 39.029316  0.976067 -0.217471 -0.000257  0.355515 0.549495 0
0  8.292085 -7.210586 38.046673  0.986307 -0.164406 -0.013021  0.367316 0.539736 0
0  8.264377 -7.413184 39.173805  0.985653 -0.168697 0.005429  0.364929 0.551249 0
toilet
0  8.525589 2.020234 44.454670  0.996286 0.036500 0.077985  0.461369 0.606868 0
0  8.629326 1.049351 43.312267  0.997847 0.018777 0.062845  0.451619 0.595090 0
0  8.634014 1.366337 43.122238  0.997871 0.024529 0.060436  0.454933 0.593248 0
toilet
0  7.996323 -8.089745 42.873051  0.974557 -0.212248 0.072041  0.357089 0.589230 0
0  8.208019 -7.413208 41.467442  0.984730 -0.168707 0.042959  0.364431 0.574811 0
0  8.180211 -7.210296 42.599678  0.984475 -0.164409 0.061471  0.366334 0.586475 0
toilet
0  7.730986 -7.917263 45.700329  0.957661 -0.248749 0.144945  0.358468 0.618564 0
0  7.966461 -7.753509 44.089203  0.974534 -0.203039 0.095176  0.360439 0.601802 0
0  7.937892 -7.252891 45.253113  0.974646 -0.190706 0.117033  0.365507 0.613825 0
toilet
0  7.179530 -7.465271 31.496178  0.016329 -0.774623 -0.632213  0.365053 0.469623 0
0  7.430780 -6.394752 30.404575  0.684898 -0.507652 -0.522688  0.378274 0.460331 0
0  7.412619 -7.401424 31.577198  0.653225 -0.592092 -0.471936  0.366797 0.471609 0
toilet
0  8.230492 -3.212879 46.884647  0.990426 -0.066217 0.121124  0.407068 0.630544 0
0  8.401197 -3.225795 45.263866  0.993893 -0.061203 0.091818  0.407167 0.614045 0
0  8.390119 -2.638866 45.716194  0.994013 -0.049793 0.097252  0.413140 0.618706 0
toilet
0  7.824880 7.759476 33.318005  0.934956 0.307360 -0.177165  0.522772 0.493743 0
0  7.996645 7.917367 34.926830  0.963666 0.248594 -0.097715  0.524256 0.510557 0
0  8.025254 7.273560 33.760941  0.965663 0.227946 -0.124640  0.517596 0.498556 0
toilet
0  7.638910 7.210026 31.806442  0.868300 0.390450 -0.305948  0.517309 0.477755 0
0  7.824880 7.759476 33.318005  0.934956 0.307360 -0.177165  0.522772 0.493743 0
0  7.852747 6.896164 32.181767  0.938281 0.275109 -0.209628  0.513820 0.482054 0
toilet
0  6.267365 -6.212585 49.780853  -0.933051 0.227760 -0.278462  0.731537 0.688116 0
0  6.674099 -4.600563 49.663612  -0.936026 0.188179 -0.297395  0.714544 0.686066 0
0  6.693036 -5.616683 48.881302  -0.934574 0.228482 -0.272704  0.725043 0.678152 0
toilet
0  7.083362 9.707417 45.018734  0.606442 0.745046 0.277731  0.542100 0.616368 0
0  7.282637 8.831444 46.309975  0.843897 0.471842 0.255349  0.531906 0.629192 0
0  7.317249 9.457546 44.902882  0.841062 0.503493 0.197762  0.538830 0.614686 0
toilet
0  7.014820 8.322605 47.804905  0.615133 0.653095 0.441677  0.526468 0.645019 0
0  7.221395 7.211087 48.798504  0.849940 0.391889 0.352170  0.513950 0.654275 0
0  7.250471 8.108379 47.617344  0.846267 0.436623 0.305274  0.523732 0.642416 0
toilet
0  7.317249 9.457546 44.902882  0.841062 0.503493 0.197762  0.538830 0.614686 0
0  7.511983 8.447006 46.053970  0.923925 0.333063 0.188232  0.527621 0.626052 0
0  7.545087 9.045853 44.708122  0.922741 0.355976 0.147747  0.534248 0.612258 0
toilet
0  8.036600 -2.871803 48.454884  0.985219 -0.065740 0.158180  0.410360 0.646623 0
0  8.230492 -3.212879 46.884647  0.990426 -0.066217 0.121124  0.407068 0.630544 0
0  8.219650 -2.472393 47.327671  0.990483 -0.050762 0.127934  0.414607 0.635119 0
toilet
0  8.576585 0.845852 32.809128  0.996117 0.017235 -0.086340  0.451604 0.489480 0
0  8.670324 1.365795 34.322083  0.998011 0.026000 -0.057435  0.456680 0.504760 0
0  8.674379 0.694722 34.155407  0.998122 0.013077 -0.059837  0.449820 0.502994 0
toilet
0  6.462511 -10.094669 41.838604  -0.926834 0.369853 -0.064716  0.772513 0.606610 0
0  6.833474 -8.882122 43.090321  -0.929320 0.354772 -0.102478  0.759145 0.619118 0
0  6.867567 -9.131420 41.699993  -0.929550 0.363288 -0.062911  0.761844 0.604883 0
toilet
0  8.781544 -0.000198 37.114719  0.999857 -0.000035 -0.016938  0.442076 0.532560 0
0  8.787975 0.181355 38.723919  0.999989 0.003253 0.003315  0.443619 0.548748 0
0  8.788248 -0.000087 38.712414  0.999995 -0.000045 0.003272  0.441745 0.548594 0
toilet
0  7.193291 -2.543941 26.754734  -0.159680 -0.805305 0.570952  0.738952 0.363324 0
0  7.513179 -2.634537 26.669754  -0.013057 -0.845387 0.533994  0.742265 0.362039 0
0  7.509921 -2.543922 26.802116  -0.014313 -0.804498 0.593784  0.742304 0.363660 0
toilet
0  8.154259 6.923378 43.690151  0.984340 0.157240 0.079685  0.512227 0.600647 0
0  8.299131 5.565865 44.112423  0.990309 0.113118 0.080573  0.498046 0.604481 0
0  8.320944 5.960457 43.225620  0.990390 0.121137 0.066732  0.502374 0.595551 0
toilet
0  8.207467 6.663193 34.315609  0.980514 0.174858 -0.089533  0.511207 0.504447 0
0  8.345044 6.464486 35.924477  0.987901 0.147522 -0.047833  0.509010 0.521027 0
0  8.368403 5.938824 34.972530  0.988756 0.135365 -0.063551  0.503664 0.511305 0
toilet
0  8.367229 -6.382175 41.312046  0.990681 -0.130539 0.038880  0.375181 0.573397 0
0  8.522305 -5.278415 40.330090  0.994676 -0.100110 0.024452  0.386821 0.563622 0
0  8.502424 -5.241931 41.139194  0.994468 -0.098877 0.035441  0.387033 0.571858 0
toilet
0  8.763766 0.000000 40.335693  0.999698 -0.000079 0.024564  0.441408 0.564900 0
0  8.713839 0.688385 41.742355  0.999003 0.012475 0.042874  0.448231 0.579192 0
0  8.711485 0.528878 41.837749  0.998969 0.009706 0.044339  0.446562 0.580118 0
toilet
0  8.763766 0.000000 40.335693  0.999698 -0.000079 0.024564  0.441408 0.564900 0
0  8.711485 0.528878 41.837749  0.998969 0.009706 0.044339  0.446562 0.580118 0
0  8.709856 0.356736 41.903584  0.998962 0.006432 0.045096  0.444768 0.580743 0
toilet
0  8.780006 -0.841182 39.045788  0.999850 -0.015436 0.007799  0.432978 0.551753 0
0  8.782903 -0.688388 38.928268  0.999901 -0.012654 0.006164  0.434583 0.550608 0
0  8.763766 0.000000 40.335693  0.999698 -0.000079 0.024564  0.441408 0.564900 0
toilet
0  8.780006 -0.841182 39.045788  0.999850 -0.015436 0.007799  0.432978 0.551753 0
0  8.763766 0.000000 40.335693  0.999698 -0.000079 0.024564  0.441408 0.564900 0
0  8.776521 -0.974434 39.187298  0.999797 -0.017687 0.009662  0.431571 0.553143 0
toilet
0  8.772614 -1.096622 39.346054  0.999731 -0.020060 0.011654  0.430273 0.554710 0
0  8.776521 -0.974434 39.187298  0.999797 -0.017687 0.009662  0.431571 0.553143 0
0  8.763766 0.000000 40.335693  0.999698 -0.000079 0.024564  0.441408 0.564900 0
toilet
0  8.772614 -1.096622 39.346054  0.999731 -0.020060 0.011654  0.430273 0.554710 0
0  8.763766 0.000000 40.335693  0.999698 -0.000079 0.024564  0.441408 0.564900 0
0  8.768278 -1.194393 39.522209  0.999667 -0.021625 0.014072  0.429225 0.556457 0
toilet
0  8.748286 -1.379772 40.335396  0.999389 -0.024890 0.024548  0.427139 0.564592 0
0  8.763766 0.000000 40.335693  0.999698 -0.000079 0.024564  0.441408 0.564900 0
0  8.737964 -1.330967 40.755619  0.999262 -0.024018 0.029983  0.427557 0.568831 0
toilet
0  8.748286 -1.379772 40.335396  0.999389 -0.024890 0.024548  0.427139 0.564592 0
0  8.737964 -1.330967 40.755619  0.999262 -0.024018 0.029983  0.427557 0.568831 0
0  8.743099 -1.369411 40.546577  0.999315 -0.024936 0.027353  0.427202 0.566719 0
toilet
0  8.737964 -1.330967 40.755619  0.999262 -0.024018 0.029983  0.427557 0.568831 0
0  8.763766 0.000000 40.335693  0.999698 -0.000079 0.024564  0.441408 0.564900 0
0  8.728317 -1.194027 41.148567  0.999150 -0.021671 0.035072  0.428892 0.572815 0
toilet
0  8.737964 -1.330967 40.755619  0.999262 -0.024018 0.029983  0.427557 0.568831 0
0  8.728317 -1.194027 41.148567  0.999150 -0.021671 0.035072  0.428892 0.572815 0
0  8.733032 -1.275997 40.956432  0.999197 -0.023314 0.032586  0.428084 0.570864 0
toilet
0  8.713755 -0.688209 41.742435  0.999004 -0.012574 0.042813  0.434001 0.578899 0
0  8.763766 0.000000 40.335693  0.999698 -0.000079 0.024564  0.441408 0.564900 0
0  8.709812 -0.356540 41.903629  0.998965 -0.006550 0.045012  0.437396 0.580591 0
toilet
0  8.713755 -0.688209 41.742435  0.999004 -0.012574 0.042813  0.434001 0.578899 0
0  8.709812 -0.356540 41.903629  0.998965 -0.006550 0.045012  0.437396 0.580591 0
0  8.711441 -0.529796 41.836998  0.998973 -0.009768 0.044239  0.435619 0.579884 0
toilet
0  8.709812 -0.356540 41.903629  0.998965 -0.006550 0.045012  0.437396 0.580591 0
0  8.763766 0.000000 40.335693  0.999698 -0.000079 0.024564  0.441408 0.564900 0
0  8.708494 0.000100 41.958176  0.998946 -0.000066 0.045892  0.441071 0.581216 0
toilet
0  8.709812 -0.356540 41.903629  0.998965 -0.006550 0.045012  0.437396 0.580591 0
0  8.708494 0.000100 41.958176  0.998946 -0.000066 0.045892  0.441071 0.581216 0
0  8.708765 -0.181331 41.946671  0.998945 -0.003363 0.045790  0.439198 0.581061 0
toilet
0  8.763766 0.000000 40.335693  0.999698 -0.000079 0.024564  0.441408 0.564900 0
0  8.738127 1.331017 40.755459  0.999267 0.024087 0.029744  0.455085 0.569398 0
0  8.733154 1.278519 40.957672  0.999201 0.023163 0.032553  0.454500 0.571422 0
toilet
0  8.763766 0.000000 40.335693  0.999698 -0.000079 0.024564  0.441408 0.564900 0
0  8.733154 1.278519 40.957672  0.999201 0.023163 0.032553  0.454500 0.571422 0
0  8.728462 1.194401 41.148415  0.999151 0.021441 0.035178  0.453589 0.573324 0
toilet
0  8.763766 0.000000 40.335693  0.999698 -0.000079 0.024564  0.441408 0.564900 0
0  8.748457 1.379540 40.335148  0.999385 0.024863 0.024716  0.455676 0.565179 0
0  8.743265 1.366391 40.546448  0.999317 0.024842 0.027350  0.455495 0.567302 0
toilet
0  8.763766 0.000000 40.335693  0.999698 -0.000079 0.024564  0.441408 0.564900 0
0  8.743265 1.366391 40.546448  0.999317 0.024842 0.027350  0.455495 0.567302 0
0  8.738127 1.331017 40.755459  0.999267 0.024087 0.029744  0.455085 0.569398 0
toilet
0  8.776638 0.974282 39.187180  0.999799 0.017594 0.009646  0.451723 0.553558 0
0  8.772718 1.096890 39.346962  0.999733 0.019948 0.011633  0.452958 0.555187 0
0  8.768424 1.194332 39.522026  0.999670 0.021499 0.014057  0.453930 0.556965 0
toilet
0  8.776638 0.974282 39.187180  0.999799 0.017594 0.009646  0.451723 0.553558 0
0  8.768424 1.194332 39.522026  0.999670 0.021499 0.014057  0.453930 0.556965 0
0  8.763766 0.000000 40.335693  0.999698 -0.000079 0.024564  0.441408 0.564900 0
toilet
0  8.786928 0.356537 38.766991  0.999971 0.006439 0.004099  0.445421 0.549216 0
0  8.785297 0.529663 38.833733  0.999941 0.009706 0.004823  0.447197 0.549921 0
0  8.782983 0.687981 38.928329  0.999903 0.012373 0.006425  0.448815 0.550902 0
toilet
0  8.786928 0.356537 38.766991  0.999971 0.006439 0.004099  0.445421 0.549216 0
0  8.782983 0.687981 38.928329  0.999903 0.012373 0.006425  0.448815 0.550902 0
0  8.763766 0.000000 40.335693  0.999698 -0.000079 0.024564  0.441408 0.564900 0
toilet
0  8.788248 -0.000087 38.712414  0.999995 -0.000045 0.003272  0.441745 0.548594 0
0  8.787975 0.181355 38.723919  0.999989 0.003253 0.003315  0.443619 0.548748 0
0  8.786928 0.356537 38.766991  0.999971 0.006439 0.004099  0.445421 0.549216 0
toilet
0  8.788248 -0.000087 38.712414  0.999995 -0.000045 0.003272  0.441745 0.548594 0
0  8.786928 0.356537 38.766991  0.999971 0.006439 0.004099  0.445421 0.549216 0
0  8.763766 0.000000 40.335693  0.999698 -0.000079 0.024564  0.441408 0.564900 0
toilet
0  6.793266 1.347698 28.255802  -0.923545 0.056397 -0.379320  0.459904 0.427182 0
0  7.022799 2.708298 28.090458  -0.698288 0.213300 -0.683298  0.472319 0.436045 0
0  7.037003 1.380356 27.747955  -0.704965 0.104651 -0.701479  0.458463 0.432668 0
toilet
0  6.648255 -2.381626 50.746609  -0.938455 0.098190 -0.331151  0.691683 0.696928 0
0  6.662528 -1.194423 50.928547  -0.999596 0.000663 -0.028408  0.679493 0.698643 0
0  6.669495 -2.348408 50.642109  -0.999601 0.001211 -0.028213  0.691349 0.695833 0
toilet
0  6.613492 9.707443 45.007195  -0.586505 0.768285 0.256419  0.546855 0.618295 0
0  6.811599 9.143013 46.510437  -0.010906 0.894852 0.446229  0.537179 0.632768 0
0  6.847431 9.791191 45.053711  -0.008129 0.942743 0.333422  0.544437 0.617440 0
toilet
0  7.350864 9.064003 34.130371  0.626753 0.705030 -0.331835  0.537450 0.501503 0
0  7.543081 9.440201 35.711849  0.850039 0.503058 -0.156100  0.540620 0.518450 0
0  7.577864 8.830700 34.294773  0.854445 0.474565 -0.211452  0.534326 0.503588 0
toilet
0  7.577864 8.830700 34.294773  0.854445 0.474565 -0.211452  0.534326 0.503588 0
0  7.761091 9.029266 35.917179  0.928835 0.356076 -0.102347  0.535944 0.520734 0
0  7.794360 8.446289 34.561783  0.931779 0.334695 -0.140596  0.529955 0.506603 0
toilet
0  7.794360 8.446289 34.561783  0.931779 0.334695 -0.140596  0.529955 0.506603 0
0  7.965460 8.463837 36.197346  0.961817 0.264754 -0.069380  0.529842 0.523730 0
0  7.996645 7.917367 34.926830  0.963666 0.248594 -0.097715  0.524256 0.510557 0
toilet
0  7.762172 -8.463734 44.429813  0.957260 -0.264729 0.116502  0.352909 0.605383 0
0  7.996323 -8.089745 42.873051  0.974557 -0.212248 0.072041  0.357089 0.589230 0
0  7.966461 -7.753509 44.089203  0.974534 -0.203039 0.095176  0.360439 0.601802 0
toilet
0  7.937892 -7.252891 45.253113  0.974646 -0.190706 0.117033  0.365507 0.613825 0
0  8.153595 -6.910621 43.683632  0.984345 -0.157413 0.079289  0.369289 0.597634 0
0  8.128132 -6.464427 44.720997  0.984342 -0.147639 0.096295  0.373780 0.608310 0
toilet
0  8.128132 -6.464427 44.720997  0.984342 -0.147639 0.096295  0.373780 0.608310 0
0  8.320375 -5.949485 43.220009  0.990362 -0.121335 0.066797  0.379334 0.592957 0
0  8.298452 -5.565353 44.113106  0.990244 -0.114097 0.079991  0.383178 0.602117 0
toilet
0  8.298452 -5.565353 44.113106  0.990244 -0.114097 0.079991  0.383178 0.602117 0
0  8.463942 -4.886558 42.706272  0.994084 -0.092557 0.056829  0.390422 0.587855 0
0  8.445937 -4.571048 43.439808  0.993993 -0.086775 0.066695  0.393563 0.595357 0
toilet
0  8.445937 -4.571048 43.439808  0.993993 -0.086775 0.066695  0.393563 0.595357 0
0  8.581844 -3.740009 42.151218  0.996568 -0.067405 0.048053  0.402377 0.582415 0
0  8.568063 -3.498535 42.712650  0.996462 -0.063300 0.055278  0.404771 0.588142 0
toilet
0  8.568063 -3.498535 42.712650  0.996462 -0.063300 0.055278  0.404771 0.588142 0
0  8.672061 -2.529472 41.564354  0.998160 -0.045301 0.040303  0.415003 0.576722 0
0  8.662742 -2.366153 41.944061  0.998077 -0.042474 0.045140  0.416617 0.580586 0
toilet
0  8.580810 -4.886356 37.949978  0.995706 -0.092236 -0.007813  0.391421 0.539560 0
0  8.685028 -3.498828 37.952427  0.997979 -0.063241 -0.006264  0.405756 0.540034 0
0  8.671291 -3.739856 38.510914  0.997728 -0.067361 0.000981  0.403135 0.545602 0
toilet
0  7.505521 -9.849808 37.193748  0.845873 -0.524269 -0.098189  0.339249 0.529734 0
0  7.760165 -9.028770 35.911114  0.928769 -0.356256 -0.102318  0.348786 0.516802 0
0  7.725165 -9.421062 37.334568  0.926371 -0.371557 -0.061493  0.344117 0.531465 0
toilet
0  6.778297 8.394444 47.863918  -0.013383 0.836487 0.547824  0.528451 0.646692 0
0  6.984976 7.401608 49.017277  0.621713 0.590131 0.514994  0.516359 0.657277 0
0  7.014820 8.322605 47.804905  0.615133 0.653095 0.441677  0.526468 0.645019 0
toilet
0  7.933060 1.283726 28.899662  0.950130 0.051287 -0.307608  0.456572 0.449618 0
0  8.119634 2.365658 29.907963  0.974073 0.075308 -0.213331  0.467311 0.460050 0
0  8.126658 1.203324 29.619278  0.974742 0.037835 -0.220107  0.455674 0.457122 0
toilet
0  7.151967 8.394295 32.729340  0.013979 0.836717 -0.547458  0.531527 0.485984 0
0  7.350864 9.064003 34.130371  0.626753 0.705030 -0.331835  0.537450 0.501503 0
0  7.385150 8.318325 32.803467  0.634618 0.654087 -0.411620  0.529476 0.487618 0
toilet
0  7.282637 8.831444 46.309975  0.843897 0.471842 0.255349  0.531906 0.629192 0
0  7.481216 7.755417 47.304428  0.925123 0.307394 0.222838  0.519897 0.638660 0
0  7.511983 8.447006 46.053970  0.923925 0.333063 0.188232  0.527621 0.626052 0
toilet
0  6.924551 9.085762 40.289547  -0.999685 -0.004902 -0.024605  0.575231 0.588503 0
0  6.937945 9.131638 38.879932  -0.931540 -0.363235 0.017146  0.574889 0.574046 0
0  6.958817 9.022743 38.894840  -0.999700 -0.004937 -0.023979  0.576024 0.574207 0
toilet
0  8.590349 -2.635459 25.401192  0.498893 -0.857121 -0.128255  0.752725 0.348387 0
0  8.615447 -2.543750 25.086010  0.500960 -0.815762 -0.289087  0.752999 0.345016 0
0  8.731154 -2.543758 25.369144  0.556484 -0.818452 -0.143047  0.754341 0.347934 0
toilet
0  8.734863 -1.551544 35.928974  0.999078 -0.028042 -0.032521  0.426335 0.520267 0
0  8.778807 -0.707363 37.224468  0.999796 -0.012797 -0.015610  0.434751 0.533498 0
0  8.775553 -1.049354 37.356083  0.999726 -0.018918 -0.013805  0.431191 0.534734 0
toilet
0  8.243980 -3.927471 46.333931  0.990376 -0.080312 0.112720  0.399793 0.624881 0
0  8.414337 -3.732131 44.727863  0.993896 -0.071082 0.084367  0.402027 0.608545 0
0  8.401197 -3.225795 45.263866  0.993893 -0.061203 0.091818  0.407167 0.614045 0
toilet
0  8.128922 6.465043 44.720211  0.984376 0.146827 0.097186  0.507176 0.611056 0
0  8.278860 5.110169 44.936371  0.990236 0.104527 0.092232  0.493098 0.612730 0
0  8.299131 5.565865 44.112423  0.990309 0.113118 0.080573  0.498046 0.604481 0
toilet
0  8.533821 -2.468914 44.108723  0.996306 -0.044525 0.073429  0.415157 0.602437 0
0  8.646384 -1.931900 42.610806  0.997945 -0.034817 0.053781  0.420976 0.587398 0
0  8.639582 -1.669796 42.888264  0.997896 -0.030049 0.057454  0.423630 0.590247 0
toilet
0  6.499890 2.711518 25.349899  -0.490577 0.858005 -0.152187  0.739930 0.400916 0
0  6.598679 2.791825 25.617531  -0.451278 0.892313 -0.011183  0.738563 0.403629 0
0  6.644792 2.792786 25.390457  -0.433340 0.891144 -0.134453  0.738293 0.401290 0
toilet
0  8.555421 -3.214038 43.227837  0.996384 -0.058035 0.062063  0.407619 0.593404 0
0  8.662742 -2.366153 41.944061  0.998077 -0.042474 0.045140  0.416617 0.580586 0
0  8.654190 -2.173748 42.292500  0.998000 -0.039025 0.049732  0.418538 0.584139 0
toilet
0  6.590872 2.517208 24.698551  -0.399800 0.801913 -0.443955  0.739721 0.393782 0
0  6.949615 2.620175 24.619686  -0.263838 0.816649 -0.513297  0.735787 0.392942 0
0  6.880084 2.517174 24.499153  -0.275818 0.798065 -0.535740  0.736744 0.391462 0
toilet
0  6.466179 -5.232486 50.966389  -0.633197 -0.443173 0.634554  0.382416 0.678674 0
0  6.721005 -6.451507 50.159664  -0.018318 -0.668645 0.743356  0.371712 0.667061 0
0  6.698847 -5.277652 51.064320  -0.020350 -0.562086 0.826829  0.383973 0.676565 0
toilet
0  6.488720 6.392983 50.077164  -0.623108 0.531427 0.573865  0.508501 0.671843 0
0  6.699492 5.279213 51.063675  -0.020296 0.561089 0.827507  0.494195 0.678840 0
0  6.721582 6.448136 50.167427  -0.018227 0.668302 0.743667  0.506763 0.669919 0
toilet
0  6.254483 -5.116767 50.726788  -0.805359 -0.345076 0.481994  0.380193 0.681335 0
0  6.488148 -6.396293 50.069466  -0.623284 -0.531243 0.573845  0.369895 0.668913 0
0  6.466179 -5.232486 50.966389  -0.633197 -0.443173 0.634554  0.382416 0.678674 0
toilet
0  6.398960 9.494717 44.898724  -0.769133 0.609300 0.192842  0.549977 0.619233 0
0  6.577967 9.064804 46.451454  -0.596007 0.724605 0.346010  0.539510 0.633925 0
0  6.613492 9.707443 45.007195  -0.586505 0.768285 0.256419  0.546855 0.618295 0
toilet
0  6.336138 -2.437370 26.259804  -0.511557 -0.807169 0.294597  0.729464 0.358660 0
0  6.345766 -2.543941 25.912125  -0.556372 -0.818543 0.142959  0.729676 0.354848 0
0  6.461473 -2.543949 26.195263  -0.500788 -0.815918 0.288943  0.731017 0.357767 0
toilet
0  7.634305 -4.570625 49.643147  0.960984 -0.144936 0.235594  0.392808 0.659045 0
0  7.866904 -5.118366 48.147358  0.975859 -0.134268 0.172251  0.387342 0.643531 0
0  7.849324 -4.187088 48.865070  0.976251 -0.110858 0.186133  0.396838 0.650880 0
toilet
0  7.849324 -4.187088 48.865070  0.976251 -0.110858 0.186133  0.396838 0.650880 0
0  8.064861 -4.561950 47.300610  0.984793 -0.104259 0.138973  0.393153 0.634766 0
0  8.049193 -3.731910 47.940296  0.985026 -0.085676 0.149613  0.401609 0.641328 0
toilet
0  7.481216 7.755417 47.304428  0.925123 0.307394 0.222838  0.519897 0.638660 0
0  7.677042 6.465264 47.930511  0.959197 0.203949 0.195820  0.506179 0.644279 0
0  7.703112 7.269761 46.871513  0.958344 0.228067 0.171938  0.514880 0.633733 0
toilet
0  8.513844 1.045906 44.930279  0.996261 0.018899 0.084300  0.451219 0.611430 0
0  8.623913 0.357235 43.530865  0.997805 0.006401 0.065903  0.444428 0.597139 0
0  8.626070 0.707379 43.443905  0.997822 0.012702 0.064736  0.448060 0.596340 0
toilet
0  6.732031 -6.227808 30.740858  -0.997585 -0.038698 -0.057686  0.733692 0.491734 0
0  6.758542 -5.086114 29.912001  -0.948113 0.188646 0.255918  0.721984 0.483071 0
0  6.753376 -5.099094 29.874859  -0.999920 0.004901 -0.011693  0.722123 0.482688 0
toilet
0  8.525343 -2.019706 44.454922  0.996277 -0.036728 0.077995  0.419729 0.606011 0
0  8.639582 -1.669796 42.888264  0.997896 -0.030049 0.057454  0.423630 0.590247 0
0  8.633848 -1.365978 43.122406  0.997864 -0.024729 0.060458  0.426722 0.592667 0
toilet
0  7.995679 -7.917934 34.927792  0.963662 -0.248602 -0.097740  0.360869 0.507190 0
0  8.206820 -6.661827 34.309799  0.980558 -0.174671 -0.089415  0.374185 0.501558 0
0  8.180375 -7.253509 35.384544  0.979263 -0.190502 -0.068946  0.367668 0.512313 0
toilet
0  6.212683 -2.638355 51.885975  -0.994418 -0.039541 0.097823  0.408129 0.695713 0
0  6.237113 -3.937717 51.432072  -0.811625 -0.266089 0.520059  0.393728 0.689267 0
0  6.224888 -2.648037 51.931160  -0.816697 -0.181509 0.547778  0.408324 0.695267 0
toilet
0  6.668467 -2.731457 52.306835  -0.023428 -0.300900 0.953368  0.410482 0.689504 0
0  6.918393 -4.026546 51.699436  0.638576 -0.330524 0.694964  0.397750 0.681571 0
0  6.905930 -2.708103 52.209812  0.644065 -0.226446 0.730686  0.411186 0.686960 0
toilet
0  6.448860 4.019791 51.693687  -0.640520 0.342393 0.687388  0.482158 0.688118 0
0  6.668803 2.733177 52.306503  -0.023400 0.299565 0.953789  0.467174 0.690674 0
0  6.681377 4.054463 51.797901  -0.022080 0.436210 0.899574  0.481028 0.685773 0
toilet
0  6.224888 -2.648037 51.931160  -0.816697 -0.181509 0.547778  0.408324 0.695267 0
0  6.448523 -4.026515 51.687893  -0.640625 -0.342218 0.687376  0.395517 0.686280 0
0  6.436060 -2.708084 52.198269  -0.647915 -0.234637 0.724673  0.409609 0.691986 0
toilet
0  7.144383 -2.638412 51.908863  0.862812 -0.146825 0.483733  0.412133 0.683079 0
0  7.391362 -3.752163 50.933552  0.931905 -0.150081 0.330196  0.401017 0.672522 0
0  7.379748 -2.523571 51.409145  0.933217 -0.102158 0.344484  0.413462 0.677474 0
toilet
0  6.366243 2.517243 24.962154  -0.497547 0.806102 -0.320385  0.741961 0.396744 0
0  6.690934 2.620194 24.798023  -0.382852 0.820060 -0.425354  0.738398 0.394968 0
0  6.590872 2.517208 24.698551  -0.399800 0.801913 -0.443955  0.739721 0.393782 0
toilet
0  6.660588 8.864960 34.247948  -0.758818 0.577593 -0.300967  0.545143 0.497919 0
0  6.845005 9.691437 35.572334  -0.573757 0.767907 -0.284818  0.548797 0.515085 0
0  6.880994 9.064034 34.118824  -0.576294 0.727155 -0.373002  0.542055 0.499107 0
toilet
0  6.796611 -1.329555 28.390530  -0.953703 0.049052 0.296724  0.683341 0.467020 0
0  7.162114 -2.382881 29.833721  -0.954229 0.097270 0.282815  0.693885 0.482507 0
0  7.169691 -1.201130 29.540585  -0.955356 0.049608 0.291264  0.681803 0.479384 0
toilet
0  6.345766 2.620289 25.912125  -0.545143 0.826564 0.140041  0.741414 0.406857 0
0  6.585015 2.710770 26.131706  -0.447910 0.855941 0.258345  0.738629 0.408940 0
0  6.486866 2.711552 25.880001  -0.497476 0.858015 0.127778  0.739797 0.406404 0
toilet
0  6.425821 9.819290 43.378120  -0.926526 -0.362376 -0.101159  0.566570 0.620388 0
0  6.868657 9.112885 41.697163  -0.929428 -0.363562 -0.063146  0.574781 0.602944 0
0  6.834539 8.882835 43.088581  -0.929299 -0.355994 -0.098343  0.576995 0.617240 0
toilet
0  7.580146 9.421188 43.282204  0.922221 0.372907 0.102221  0.538776 0.597585 0
0  7.762983 8.479382 44.437801  0.957305 0.264601 0.116423  0.528264 0.609075 0
0  7.795846 8.831219 43.101177  0.957142 0.277558 0.082710  0.532434 0.595371 0
toilet
0  8.381214 -2.030681 46.080059  0.993931 -0.038560 0.103025  0.419338 0.622477 0
0  8.525343 -2.019706 44.454922  0.996277 -0.036728 0.077995  0.419729 0.606011 0
0  8.518526 -1.554214 44.733410  0.996258 -0.028130 0.081725  0.424477 0.608905 0
toilet
0  8.625984 -0.706977 43.443993  0.997823 -0.012865 0.064686  0.433462 0.596040 0
0  8.711441 -0.529796 41.836998  0.998973 -0.009768 0.044239  0.435619 0.579884 0
0  8.709812 -0.356540 41.903629  0.998965 -0.006550 0.045012  0.437396 0.580591 0
toilet
0  6.759161 5.085095 29.911396  -0.948127 -0.188792 0.255758  0.616946 0.481992 0
0  6.771200 3.923138 29.171299  -0.999799 -0.016032 0.012047  0.629034 0.474497 0
0  6.776754 3.912438 29.209812  -0.950755 -0.143511 0.274719  0.629141 0.474896 0
toilet
0  8.674326 -0.690094 34.154259  0.998127 -0.013180 -0.059738  0.435612 0.502690 0
0  8.743725 -0.000286 35.572102  0.999306 -0.000026 -0.037240  0.442395 0.517085 0
0  8.742865 -0.528179 35.605797  0.999273 -0.009638 -0.036886  0.436951 0.517301 0
toilet
0  8.108457 -3.511162 30.348656  0.972841 -0.111013 -0.203118  0.408139 0.462961 0
0  8.293663 -2.168252 30.786215  0.985917 -0.057369 -0.157085  0.421521 0.468176 0
0  8.283688 -3.216533 31.189667  0.985164 -0.084871 -0.149162  0.410756 0.471761 0
toilet
0  7.428286 -5.960445 49.425419  0.928593 -0.237395 0.285234  0.378463 0.657129 0
0  7.676255 -6.464206 47.931309  0.959172 -0.203966 0.195925  0.373418 0.641542 0
0  7.653495 -5.587204 48.859688  0.960054 -0.175756 0.217731  0.382431 0.651025 0
toilet
0  7.835196 -3.222072 49.442417  0.976611 -0.085006 0.197494  0.406654 0.656797 0
0  8.049193 -3.731910 47.940296  0.985026 -0.085676 0.149613  0.401609 0.641328 0
0  8.036600 -2.871803 48.454884  0.985219 -0.065740 0.158180  0.410360 0.646623 0
toilet
0  6.544950 8.322639 47.793365  -0.603707 0.674281 0.425303  0.530616 0.648103 0
0  6.748196 7.465485 49.086754  -0.015848 0.762457 0.646845  0.518123 0.659217 0
0  6.778297 8.394444 47.863918  -0.013383 0.836487 0.547824  0.528451 0.646692 0
toilet
0  7.391362 -3.752163 50.933552  0.931905 -0.150081 0.330196  0.401017 0.672522 0
0  7.634305 -4.570625 49.643147  0.960984 -0.144936 0.235594  0.392808 0.659045 0
0  7.618882 -3.517208 50.273376  0.961746 -0.110882 0.250501  0.403532 0.665473 0
toilet
0  6.225153 3.916336 51.394386  -0.993701 0.059753 0.094803  0.484069 0.691588 0
0  6.255106 5.118344 50.726162  -0.805441 0.344426 0.482323  0.497771 0.683768 0
0  6.242649 5.099358 50.685181  -0.993411 0.076366 0.085459  0.498085 0.684129 0
toilet
0  6.202786 0.000889 52.295223  -0.994820 -0.000009 0.101657  0.667093 0.713351 0
0  6.208977 1.329338 52.171677  -0.938145 -0.048848 -0.342781  0.653394 0.711943 0
0  6.206809 0.000874 52.256458  -0.938123 0.000181 -0.346302  0.667097 0.712952 0
toilet
0  6.681377 4.054463 51.797901  -0.022080 0.436210 0.899574  0.481028 0.685773 0
0  6.906262 2.709782 52.209484  0.644227 0.225315 0.730894  0.466576 0.688102 0
0  6.918728 4.019757 51.705242  0.638508 0.330568 0.695005  0.480125 0.683322 0
toilet
0  6.436392 2.709812 52.197941  -0.648034 0.233608 0.724900  0.467942 0.693192 0
0  6.660466 1.380337 52.642490  -0.024289 0.152068 0.988072  0.453019 0.693560 0
0  6.668803 2.733177 52.306503  -0.023400 0.299565 0.953789  0.467174 0.690674 0
toilet
0  6.461472 2.620293 26.195267  -0.490685 0.824022 0.283223  0.740072 0.409776 0
0  6.545748 2.517319 26.535053  -0.421123 0.801872 0.423860  0.739246 0.413520 0
0  6.650574 2.620293 26.440605  -0.403227 0.820161 0.405887  0.737981 0.412271 0
toilet
0  6.208977 1.329338 52.171677  -0.938145 -0.048848 -0.342781  0.653394 0.711943 0
0  6.213007 2.640076 51.885651  -0.994443 0.039389 0.097631  0.639887 0.708872 0
0  6.216998 2.632847 51.847912  -0.937138 -0.097370 -0.335099  0.639965 0.708483 0
toilet
0  6.213007 2.640076 51.885651  -0.994443 0.039389 0.097631  0.469262 0.696980 0
0  6.217076 1.338349 52.256470  -0.819634 0.091874 0.565473  0.453942 0.699620 0
0  6.225211 2.649773 51.930832  -0.816776 0.180725 0.547920  0.469086 0.696525 0
toilet
0  6.668803 2.733177 52.306503  -0.023400 0.299565 0.953789  0.467174 0.690674 0
0  6.897997 1.368508 52.542603  0.645654 0.114329 0.755023  0.452751 0.690957 0
0  6.906262 2.709782 52.209484  0.644227 0.225315 0.730894  0.466576 0.688102 0
toilet
0  6.428019 -1.377414 52.528763  -0.650943 -0.118429 0.749832  0.423917 0.695518 0
0  6.668467 -2.731457 52.306835  -0.023428 -0.300900 0.953368  0.410482 0.689504 0
0  6.660357 -1.389309 52.640182  -0.024280 -0.152329 0.988032  0.424391 0.692950 0
toilet
0  6.906262 2.709782 52.209484  0.644227 0.225315 0.730894  0.466576 0.688102 0
0  7.136652 1.333271 52.233089  0.863989 0.073917 0.498055  0.452404 0.686993 0
0  7.144705 2.640023 51.908539  0.862904 0.146016 0.483813  0.465787 0.684185 0
toilet
0  7.144705 2.640023 51.908539  0.862904 0.146016 0.483813  0.465787 0.684185 0
0  7.372355 1.275227 51.719250  0.933881 0.051330 0.353879  0.451920 0.681253 0
0  7.380056 2.525093 51.408829  0.933286 0.101539 0.344480  0.464688 0.678529 0
toilet
0  7.380056 2.525093 51.408829  0.933286 0.101539 0.344480  0.464688 0.678529 0
0  7.601065 1.195362 51.009884  0.962773 0.037850 0.267647  0.451280 0.673679 0
0  7.608286 2.366959 50.718910  0.962444 0.074940 0.260933  0.463251 0.671093 0
toilet
0  7.608286 2.366959 50.718910  0.962444 0.074940 0.260933  0.463251 0.671093 0
0  7.818874 1.095051 50.117115  0.977202 0.028904 0.210335  0.450481 0.664343 0
0  7.825487 2.168331 49.850555  0.976989 0.057303 0.205449  0.461468 0.661952 0
toilet
0  7.825487 2.168331 49.850555  0.976989 0.057303 0.205449  0.461468 0.661952 0
0  8.022055 0.976002 49.056232  0.985500 0.022324 0.168200  0.449529 0.653379 0
0  8.027948 1.932606 48.818645  0.985410 0.044236 0.164347  0.459348 0.651234 0
toilet
0  8.027948 1.932606 48.818645  0.985410 0.044236 0.164347  0.459348 0.651234 0
0  8.207127 0.840248 47.845387  0.990675 0.017170 0.135162  0.448431 0.640962 0
0  8.212202 1.663803 47.640846  0.990639 0.034036 0.132197  0.456910 0.639106 0
toilet
0  8.212202 1.663803 47.640846  0.990639 0.034036 0.132197  0.456910 0.639106 0
0  8.370927 0.690125 46.505283  0.993990 0.013060 0.108687  0.447202 0.627297 0
0  8.375095 1.366551 46.337284  0.993976 0.025918 0.106493  0.454186 0.625765 0
toilet
0  8.375095 1.366551 46.337284  0.993976 0.025918 0.106493  0.454186 0.625765 0
0  8.510653 0.528202 45.058857  0.996252 0.009528 0.085967  0.445859 0.612608 0
0  8.513844 1.045906 44.930279  0.996261 0.018899 0.084300  0.451219 0.611430 0
toilet
0  8.244333 3.925335 46.338657  0.990387 0.080155 0.112731  0.480476 0.626595 0
0  8.390442 2.639565 45.715874  0.993938 0.050074 0.097875  0.467428 0.619824 0
0  8.401487 3.224034 45.267750  0.993907 0.061052 0.091768  0.473562 0.615454 0
toilet
0  8.626070 0.707379 43.443905  0.997822 0.012702 0.064736  0.448060 0.596340 0
0  8.708780 0.180142 41.946930  0.998950 0.003244 0.045690  0.442934 0.581141 0
0  8.709856 0.356736 41.903584  0.998962 0.006432 0.045096  0.444768 0.580743 0
toilet
0  6.845005 9.691437 35.572334  -0.573757 0.767907 -0.284818  0.548797 0.515085 0
0  7.043589 10.197063 37.071377  0.005489 0.975191 -0.221296  0.550961 0.532251 0
0  7.080919 9.774193 35.537918  0.008165 0.942865 -0.333074  0.546349 0.515866 0
toilet
0  6.681038 -4.061275 51.792053  -0.022131 -0.436699 0.899336  0.396745 0.683983 0
0  6.936049 -5.232517 50.977932  0.633935 -0.428269 0.643981  0.385283 0.674282 0
0  6.918393 -4.026546 51.699436  0.638576 -0.330524 0.694964  0.397750 0.681571 0
toilet
0  6.699492 5.279213 51.063675  -0.020296 0.561089 0.827507  0.494195 0.678840 0
0  6.918728 4.019757 51.705242  0.638508 0.330568 0.695005  0.480125 0.683322 0
0  6.936687 5.234036 50.977291  0.634240 0.427317 0.644314  0.492979 0.676503 0
toilet
0  6.791072 -1.333053 28.349854  -0.999776 0.006835 0.020050  0.428472 0.425582 0
0  6.795584 -0.000621 28.167980  -0.924135 0.000127 -0.382067  0.444283 0.425450 0
0  6.793276 -1.338241 28.253738  -0.923246 -0.056512 -0.380030  0.428718 0.426526 0
toilet
0  7.174349 5.099305 50.708076  0.857240 0.279911 0.432191  0.491346 0.672920 0
0  7.391674 3.745800 50.938953  0.931888 0.150059 0.330254  0.477242 0.674146 0
0  7.408409 4.877320 50.260620  0.930494 0.195460 0.309801  0.489065 0.667750 0
toilet
0  6.498635 10.197289 40.279396  -0.988115 0.151915 -0.023444  0.560547 0.566931 0
0  6.551176 10.166821 38.710381  -0.755884 0.648432 -0.090413  0.559491 0.549009 0
0  6.537038 10.126808 38.716320  -0.987460 0.152484 -0.040880  0.559927 0.548985 0
toilet
0  6.748196 7.465485 49.086754  -0.015848 0.762457 0.646845  0.518123 0.659217 0
0  6.958590 6.392956 50.088711  0.626992 0.513874 0.585504  0.505277 0.667780 0
0  6.984976 7.401608 49.017277  0.621713 0.590131 0.514994  0.516359 0.657277 0
toilet
0  6.646165 8.830753 34.271881  -0.986857 0.134807 -0.089113  0.545574 0.497784 0
0  6.693153 8.142799 32.944149  -0.758029 0.539292 -0.366819  0.536664 0.483126 0
0  6.678075 8.112671 32.971497  -0.985784 0.129779 -0.106714  0.537067 0.482945 0
toilet
0  6.540292 10.094952 38.721600  -0.928962 -0.369679 0.019139  0.564219 0.572319 0
0  6.972146 8.882343 37.489605  -0.933286 -0.354562 0.057122  0.577587 0.559811 0
0  6.937945 9.131638 38.879932  -0.931540 -0.363235 0.017146  0.574889 0.574046 0
toilet
0  6.680485 8.087688 32.995525  -0.939318 -0.296360 0.172776  0.585581 0.513465 0
0  6.707210 7.210080 31.783546  -0.990363 0.095233 -0.100561  0.594778 0.501058 0
0  6.709646 7.188824 31.812569  -0.942250 -0.265729 0.203846  0.594993 0.501358 0
toilet
0  8.513717 -1.045318 44.930408  0.996267 -0.019075 0.084193  0.429682 0.610987 0
0  8.629238 -1.051159 43.310757  0.997835 -0.018955 0.062980  0.429936 0.594628 0
0  8.625984 -0.706977 43.443993  0.997823 -0.012865 0.064686  0.433462 0.596040 0
toilet
0  7.863258 -9.142464 40.314137  0.957956 -0.285948 0.023533  0.346456 0.562596 0
0  8.090755 -8.317371 39.029316  0.976067 -0.217471 -0.000257  0.355515 0.549495 0
0  8.059065 -8.375286 40.318897  0.975346 -0.219378 0.023964  0.354592 0.562801 0
toilet
0  8.778893 0.706986 37.224380  0.999796 0.012766 -0.015646  0.449356 0.533799 0
0  8.785297 0.529663 38.833733  0.999941 0.009706 0.004823  0.447197 0.549921 0
0  8.786928 0.356537 38.766991  0.999971 0.006439 0.004099  0.445421 0.549216 0
toilet
0  7.967205 7.767834 44.096523  0.974596 0.202790 0.095073  0.520897 0.605183 0
0  8.128922 6.465043 44.720211  0.984376 0.146827 0.097186  0.507176 0.611056 0
0  8.154259 6.923378 43.690151  0.984340 0.157240 0.079685  0.512227 0.600647 0
toilet
0  7.964592 -8.463387 36.191666  0.961794 -0.264849 -0.069336  0.354758 0.520052 0
0  8.180375 -7.253509 35.384544  0.979263 -0.190502 -0.068946  0.367668 0.512313 0
0  8.151897 -7.753196 36.542370  0.977998 -0.203203 -0.047219  0.362105 0.524031 0
toilet
0  8.742908 0.531720 35.606674  0.999269 0.009538 -0.037032  0.447868 0.517535 0
0  8.778893 0.706986 37.224380  0.999796 0.012766 -0.015646  0.449356 0.533799 0
0  8.780991 0.359620 37.138103  0.999840 0.006375 -0.016728  0.445786 0.532868 0
toilet
0  8.571649 1.662899 33.012058  0.995890 0.034360 -0.083801  0.459921 0.491605 0
0  8.664039 2.030705 34.579472  0.997796 0.038441 -0.054086  0.463470 0.507412 0
0  8.670324 1.365795 34.322083  0.998011 0.026000 -0.057435  0.456680 0.504760 0
toilet
0  7.616498 9.665730 41.803356  0.922160 0.381269 0.065227  0.541774 0.582229 0
0  7.795846 8.831219 43.101177  0.957142 0.277558 0.082710  0.532434 0.595371 0
0  7.829922 9.060444 41.714931  0.957292 0.283805 0.055191  0.535221 0.581060 0
toilet
0  7.576787 -8.831287 34.295849  0.854235 -0.474848 -0.211662  0.351094 0.499810 0
0  7.824124 -7.757843 33.311241  0.934902 -0.307535 -0.177145  0.363077 0.490375 0
0  7.793330 -8.446877 34.562813  0.931779 -0.334680 -0.140631  0.355338 0.503003 0
toilet
0  7.391910 10.105633 41.865917  0.839462 0.537396 0.080675  0.546808 0.583122 0
0  7.580146 9.421188 43.282204  0.922221 0.372907 0.102221  0.538776 0.597585 0
0  7.616498 9.665730 41.803356  0.922160 0.381269 0.065227  0.541774 0.582229 0
toilet
0  6.674099 -4.600563 49.663612  -0.936026 0.188179 -0.297395  0.714544 0.686066 0
0  6.680319 -3.492016 50.198841  -0.999602 0.001839 -0.028163  0.703115 0.691410 0
0  6.695630 -4.538650 49.573215  -0.999608 0.002354 -0.027909  0.713910 0.685113 0
toilet
0  7.314168 -9.689041 35.578388  0.619359 -0.745086 -0.247469  0.340942 0.512606 0
0  7.576787 -8.831287 34.295849  0.854235 -0.474848 -0.211662  0.351094 0.499810 0
0  7.542113 -9.439667 35.705521  0.849674 -0.503635 -0.156225  0.344209 0.514323 0
toilet
0  6.639624 0.000752 51.116108  -0.939406 0.000253 -0.342806  0.667226 0.700466 0
0  6.662615 1.186737 50.930737  -0.999596 -0.000537 -0.028410  0.655092 0.698417 0
0  6.660685 0.000813 51.006409  -0.999599 0.000070 -0.028328  0.667237 0.699320 0
toilet
0  6.651115 10.110229 43.476997  -0.579903 0.799467 0.156734  0.552134 0.601796 0
0  6.847431 9.791191 45.053711  -0.008129 0.942743 0.333422  0.544437 0.617440 0
0  6.885378 10.197460 43.510303  -0.005099 0.977798 0.209487  0.549613 0.601222 0
toilet
0  6.698847 -5.277652 51.064320  -0.020350 -0.562086 0.826829  0.383973 0.676565 0
0  6.958018 -6.396324 50.081013  0.627071 -0.513828 0.585459  0.373288 0.664986 0
0  6.936049 -5.232517 50.977932  0.633935 -0.428269 0.643981  0.385283 0.674282 0
toilet
0  6.350938 8.831497 46.287071  -0.990631 0.130721 0.039515  0.542986 0.635379 0
0  6.398960 9.494717 44.898724  -0.769133 0.609300 0.192842  0.549977 0.619233 0
0  6.385549 9.457596 44.879982  -0.989293 0.143831 0.024726  0.550408 0.619343 0
toilet
0  6.463729 10.073929 41.837582  -0.926563 -0.370540 -0.064661  0.564099 0.604470 0
0  6.498635 10.197289 40.279396  -0.988115 0.151915 -0.023444  0.562982 0.588383 0
0  6.502031 10.165188 40.279575  -0.927315 -0.373486 -0.024384  0.563313 0.588387 0
toilet
0  6.777449 -8.398613 47.857811  -0.013502 -0.836640 0.547586  0.351016 0.642956 0
0  7.046731 -9.063820 46.464108  0.610837 -0.705078 0.360198  0.345197 0.627460 0
0  7.013979 -8.326767 47.798836  0.615161 -0.653043 0.441714  0.353067 0.641368 0
toilet
0  7.714720 -2.639866 28.697277  0.930342 -0.120575 -0.346302  0.417527 0.446025 0
0  7.932959 -1.275089 28.897541  0.950130 -0.051441 -0.307583  0.431104 0.449071 0
0  7.925258 -2.524959 29.207943  0.949052 -0.101651 -0.298275  0.418524 0.451666 0
toilet
0  8.128509 -0.000621 29.541042  0.975038 0.000148 -0.222039  0.443649 0.456139 0
0  8.300364 1.102341 30.521488  0.986350 0.028932 -0.162100  0.454546 0.466362 0
0  8.302057 -0.000576 30.449825  0.986558 0.000088 -0.163411  0.443457 0.465465 0
toilet
0  7.250471 8.108379 47.617344  0.846267 0.436623 0.305274  0.523732 0.642416 0
0  7.453407 6.897179 48.434174  0.926874 0.275207 0.255275  0.510580 0.649948 0
0  7.481216 7.755417 47.304428  0.925123 0.307394 0.222838  0.519897 0.638660 0
toilet
0  8.436337 -2.866863 32.186417  0.991802 -0.065671 -0.109617  0.413925 0.482070 0
0  8.571446 -1.663761 33.012260  0.995932 -0.034151 -0.083385  0.425934 0.490907 0
0  8.563791 -2.468135 33.321838  0.995571 -0.050757 -0.079129  0.417618 0.493720 0
toilet
0  8.321751 -2.635299 24.934906  0.369634 -0.851424 -0.372087  0.749738 0.343686 0
0  8.615447 -2.543750 25.086010  0.500960 -0.815762 -0.289087  0.752999 0.345016 0
0  8.492171 -2.634655 25.149418  0.449328 -0.854939 -0.259197  0.751556 0.345852 0
toilet
0  7.938776 7.253598 45.252224  0.974726 0.189603 0.118156  0.515210 0.616911 0
0  8.105373 5.935723 45.677269  0.984441 0.135332 0.112072  0.501401 0.620655 0
0  8.128922 6.465043 44.720211  0.984376 0.146827 0.097186  0.507176 0.611056 0
toilet
0  8.122828 8.089821 37.763725  0.976984 0.211954 -0.024032  0.525704 0.539959 0
0  8.265155 7.413270 39.178036  0.985671 0.168590 0.005456  0.518390 0.554467 0
0  8.292964 7.210370 38.045792  0.986326 0.164292 -0.013046  0.516475 0.542812 0
toilet
0  8.153595 -6.910621 43.683632  0.984345 -0.157413 0.079289  0.369289 0.597634 0
0  8.343288 -6.207489 42.286819  0.990452 -0.127210 0.053134  0.376811 0.583389 0
0  8.320375 -5.949485 43.220009  0.990362 -0.121335 0.066797  0.379334 0.592957 0
toilet
0  8.639582 -1.669796 42.888264  0.997896 -0.030049 0.057454  0.423630 0.590247 0
0  8.720102 -0.974285 41.483448  0.999062 -0.017758 0.039493  0.431096 0.576233 0
0  8.716660 -0.841724 41.623863  0.999021 -0.015526 0.041430  0.432438 0.577674 0
toilet
0  8.368403 5.938824 34.972530  0.988756 0.135365 -0.063551  0.503664 0.511305 0
0  8.485194 5.565392 36.540005  0.993031 0.113658 -0.031157  0.499635 0.527340 0
0  8.505305 5.112832 35.720455  0.993555 0.104640 -0.043580  0.495062 0.518995 0
toilet
0  8.436576 2.871865 32.190594  0.991807 0.065623 -0.109603  0.472344 0.483314 0
0  8.553155 3.212914 33.768456  0.995221 0.065861 -0.072098  0.475714 0.499264 0
0  8.563996 2.472435 33.325439  0.995620 0.050510 -0.078670  0.468166 0.494798 0
toilet
0  8.672302 2.534119 41.566746  0.998160 0.045299 0.040317  0.467348 0.577826 0
0  8.728462 1.194401 41.148415  0.999151 0.021441 0.035178  0.453589 0.573324 0
0  8.733154 1.278519 40.957672  0.999201 0.023163 0.032553  0.454500 0.571422 0
toilet
0  8.542278 -5.241924 39.517349  0.994986 -0.099114 0.013421  0.387373 0.555370 0
0  8.656794 -3.902347 39.100529  0.997489 -0.070299 0.008623  0.401321 0.551515 0
0  8.641799 -4.011989 39.710526  0.997242 -0.072372 0.016468  0.400054 0.557655 0
toilet
0  8.415750 -6.382156 39.337418  0.991457 -0.130059 0.009879  0.375602 0.553220 0
0  8.561869 -5.098659 38.720341  0.995305 -0.096753 0.002571  0.389037 0.547313 0
0  8.542278 -5.241924 39.517349  0.994986 -0.099114 0.013421  0.387373 0.555370 0
toilet
0  6.735124 -2.715736 25.175491  -0.383257 -0.890045 -0.246850  0.733686 0.347084 0
0  6.790786 -2.635387 24.897285  -0.350756 -0.851493 -0.389782  0.733916 0.344067 0
0  6.894979 -2.716625 25.000866  -0.309111 -0.886800 -0.343563  0.735141 0.345175 0
toilet
0  6.742454 6.255631 30.694901  -0.843035 0.369020 -0.391302  0.515384 0.457188 0
0  6.943652 7.400548 31.564751  -0.595588 0.615515 -0.516155  0.523673 0.471228 0
0  6.962183 6.395848 30.403465  -0.627575 0.532022 -0.568421  0.512044 0.459290 0
toilet
0  6.773813 3.939549 29.085400  -0.914411 0.176531 -0.364264  0.489566 0.437720 0
0  6.978185 5.232716 29.401550  -0.660874 0.429811 -0.615230  0.499139 0.449176 0
0  7.000721 4.035340 28.632347  -0.682862 0.317610 -0.657894  0.486196 0.441651 0
toilet
0  7.795846 8.831219 43.101177  0.957142 0.277558 0.082710  0.532434 0.595371 0
0  7.967205 7.767834 44.096523  0.974596 0.202790 0.095073  0.520897 0.605183 0
0  7.997309 8.090141 42.872066  0.974484 0.213436 0.069470  0.524656 0.592675 0
toilet
0  7.480433 -7.759338 47.298775  0.925091 -0.307472 0.222863  0.359895 0.635290 0
0  7.730986 -7.917263 45.700329  0.957661 -0.248749 0.144945  0.358468 0.618564 0
0  7.702376 -7.273448 46.866222  0.958322 -0.228148 0.171955  0.365110 0.630580 0
toilet
0  8.300275 -1.094963 30.519672  0.986269 -0.029094 -0.162562  0.432428 0.465889 0
0  8.452708 -0.000515 31.527000  0.992681 0.000025 -0.120767  0.443233 0.476402 0
0  8.451121 -0.975925 31.589252  0.992569 -0.022440 -0.119597  0.433332 0.476780 0
toilet
0  7.932959 -1.275089 28.897541  0.950130 -0.051441 -0.307583  0.431104 0.449071 0
0  8.128509 -0.000621 29.541042  0.975038 0.000148 -0.222039  0.443649 0.456139 0
0  8.126564 -1.195255 29.617287  0.974741 -0.037972 -0.220085  0.431688 0.456608 0
toilet
0  7.277843 10.109802 37.104702  0.614054 0.772828 -0.160236  0.548453 0.532916 0
0  7.468737 10.126747 38.739216  0.842425 0.537370 -0.039419  0.547563 0.550264 0
0  7.506723 9.849575 37.192547  0.845983 0.524117 -0.098052  0.544927 0.533973 0
toilet
0  6.810484 -9.142021 46.511547  -0.010872 -0.897740 0.440391  0.342941 0.628765 0
0  7.082433 -9.689438 45.009590  0.606555 -0.744987 0.277642  0.338740 0.612097 0
0  7.046731 -9.063820 46.464108  0.610837 -0.705078 0.360198  0.345197 0.627460 0
toilet
0  6.311338 2.620274 25.610485  -0.560926 0.827753 -0.013700  0.741927 0.403710 0
0  6.486866 2.711552 25.880001  -0.497476 0.858015 0.127778  0.739797 0.406404 0
0  6.452248 2.710835 25.613937  -0.511482 0.859202 -0.012594  0.740245 0.403669 0
toilet
0  7.162399 2.381855 29.833447  -0.954229 -0.097502 0.282737  0.645050 0.482005 0
0  7.185448 1.194641 29.652428  -0.999785 -0.000543 -0.020721  0.657239 0.480290 0
0  7.178478 2.348629 29.938862  -0.999781 -0.001106 -0.020916  0.645384 0.483101 0
toilet
0  6.923460 -10.483795 41.910320  -0.002809 -0.993759 0.111515  0.329068 0.579499 0
0  7.198160 -10.466461 40.297871  0.605965 -0.795352 0.014886  0.331047 0.562213 0
0  7.158741 -10.394123 41.902248  0.603819 -0.790378 0.103468  0.331624 0.579208 0
toilet
0  6.728291 -10.466434 40.286327  -0.572617 -0.819702 -0.014075  0.325883 0.562087 0
0  7.003163 -10.483765 38.666626  0.002693 -0.993739 -0.111697  0.329832 0.544762 0
0  6.963219 -10.556763 40.292110  -0.000060 -1.000000 0.000090  0.328451 0.562150 0
toilet
0  7.119751 -10.109623 43.489773  0.605092 -0.773019 0.190540  0.334298 0.596055 0
0  7.390689 -10.126595 41.866604  0.839436 -0.537428 0.080741  0.335228 0.578738 0
0  7.352702 -9.849419 43.413273  0.839979 -0.524356 0.139593  0.337830 0.595028 0
toilet
0  7.352702 -9.849419 43.413273  0.839979 -0.524356 0.139593  0.337830 0.595028 0
0  7.615332 -9.685799 41.804024  0.922219 -0.381124 0.065247  0.340281 0.578055 0
0  7.578997 -9.420689 43.283363  0.922205 -0.371632 0.106905  0.342774 0.593544 0
toilet
0  6.490012 2.620228 25.033779  -0.476284 0.823941 -0.307040  0.740366 0.397561 0
0  6.499890 2.711518 25.349899  -0.490577 0.858005 -0.152187  0.739930 0.400916 0
0  6.610284 2.710713 25.103313  -0.434735 0.855868 -0.280172  0.738885 0.398327 0
toilet
0  7.794770 -8.830765 43.102253  0.957116 -0.276587 0.086188  0.349206 0.591602 0
0  8.027522 -8.317398 41.602707  0.974851 -0.217576 0.048222  0.354947 0.576074 0
0  7.996323 -8.089745 42.873051  0.974557 -0.212248 0.072041  0.357089 0.589230 0
toilet
0  8.059065 -8.375286 40.318897  0.975346 -0.219378 0.023964  0.354592 0.562801 0
0  8.264377 -7.413184 39.173805  0.985653 -0.168697 0.005429  0.364929 0.551249 0
0  8.236133 -7.464801 40.323193  0.985127 -0.170114 0.024222  0.364125 0.563043 0
toilet
0  7.664295 6.231862 30.770958  0.885003 0.327650 -0.330779  0.506906 0.467384 0
0  7.852747 6.896164 32.181767  0.938281 0.275109 -0.209628  0.513820 0.482054 0
0  7.877028 5.960583 31.191360  0.941493 0.237317 -0.239316  0.504004 0.472146 0
toilet
0  8.345044 6.464486 35.924477  0.987901 0.147522 -0.047833  0.509010 0.521027 0
0  8.463273 5.949528 37.433098  0.992461 0.121217 -0.018077  0.503482 0.536463 0
0  8.485194 5.565392 36.540005  0.993031 0.113658 -0.031157  0.499635 0.527340 0
toilet
0  8.230676 -5.922645 33.340622  0.981799 -0.156208 -0.108025  0.382168 0.492019 0
0  8.407902 -4.559135 33.339588  0.990434 -0.104207 -0.090456  0.396191 0.492868 0
0  8.389088 -5.278789 34.103535  0.989620 -0.120778 -0.077874  0.388517 0.500246 0
toilet
0  7.017023 2.710491 24.736420  -0.241490 0.849408 -0.469243  0.734904 0.394319 0
0  7.318221 2.792389 24.782738  -0.104449 0.882006 -0.459517  0.731752 0.394734 0
0  7.282594 2.711121 24.643990  -0.117952 0.846723 -0.518794  0.732230 0.393182 0
toilet
0  8.682125 2.639271 41.167278  0.998278 0.047369 0.034591  0.468523 0.573820 0
0  8.733154 1.278519 40.957672  0.999201 0.023163 0.032553  0.454500 0.571422 0
0  8.738127 1.331017 40.755459  0.999267 0.024087 0.029744  0.455085 0.569398 0
toilet
0  6.434628 -9.888138 43.403465  -0.763746 -0.633501 0.123967  0.326029 0.597687 0
0  6.458989 -10.126537 41.843716  -0.988332 -0.152118 -0.007705  0.322853 0.579930 0
0  6.472792 -10.166603 41.850365  -0.759751 -0.648039 0.053135  0.323290 0.579909 0
toilet
0  7.003163 -10.483765 38.666626  0.002693 -0.993739 -0.111697  0.329832 0.544762 0
0  7.276609 -10.110020 37.105934  0.613860 -0.772904 -0.160609  0.335770 0.528532 0
0  7.237761 -10.394085 38.686298  0.608188 -0.790374 -0.073594  0.332370 0.545180 0
toilet
0  6.688873 -10.394093 41.890705  -0.575035 -0.814482 0.077162  0.326508 0.579706 0
0  6.963219 -10.556763 40.292110  -0.000060 -1.000000 0.000090  0.328451 0.562150 0
0  6.923460 -10.483795 41.910320  -0.002809 -0.993759 0.111515  0.329068 0.579499 0
toilet
0  6.588075 -9.888527 37.158455  -0.756774 -0.633441 -0.161385  0.327591 0.526494 0
0  6.844299 -9.689011 35.566833  -0.573335 -0.768224 -0.284816  0.336188 0.510627 0
0  6.806740 -10.109993 37.094391  -0.571864 -0.796803 -0.195133  0.330776 0.527153 0
toilet
0  7.429091 -10.197075 40.303535  0.840665 -0.541163 0.020649  0.334702 0.562303 0
0  7.688964 -9.685768 38.807228  0.924295 -0.381163 -0.019831  0.340961 0.546766 0
0  7.652061 -9.753208 40.308983  0.923012 -0.384103 0.022679  0.339812 0.562430 0
toilet
0  8.369805 0.000401 46.549294  0.994077 -0.000108 0.108675  0.440113 0.627587 0
0  8.510612 -0.531696 45.057976  0.996255 -0.009633 0.085921  0.434947 0.612374 0
0  8.509794 0.000306 45.092541  0.996251 -0.000110 0.086515  0.440417 0.612831 0
toilet
0  7.731950 7.918038 45.699356  0.957779 0.247405 0.146460  0.522047 0.621939 0
0  7.912357 6.659714 46.326012  0.974959 0.174742 0.137551  0.508693 0.627698 0
0  7.938776 7.253598 45.252224  0.974726 0.189603 0.118156  0.515210 0.616911 0
toilet
0  8.024546 -7.272045 33.754589  0.965622 -0.228131 -0.124624  0.368047 0.495402 0
0  8.230676 -5.922645 33.340622  0.981799 -0.156208 -0.108025  0.382168 0.492019 0
0  8.206820 -6.661827 34.309799  0.980558 -0.174671 -0.089415  0.374185 0.501558 0
toilet
0  6.732595 6.231915 30.748066  -0.997451 0.039989 -0.059101  0.515922 0.456919 0
0  6.758644 5.116883 29.798843  -0.891594 0.260510 -0.370397  0.502894 0.446300 0
0  6.753998 5.098065 29.874237  -0.999911 -0.003872 -0.012765  0.503575 0.445889 0
toilet
0  6.864542 2.792668 26.247822  -0.325969 0.886580 0.328208  0.735641 0.409940 0
0  6.973245 2.710602 26.518143  -0.264346 0.849449 0.456681  0.734460 0.412752 0
0  7.049345 2.791565 26.400135  -0.233652 0.884475 0.403869  0.733644 0.411334 0
toilet
0  8.542828 5.241967 39.520340  0.994979 0.099189 0.013384  0.495793 0.557641 0
0  8.627007 4.039940 40.332081  0.997047 0.072620 0.024982  0.483187 0.565664 0
0  8.642220 4.012024 39.712818  0.997250 0.072255 0.016461  0.483028 0.559393 0
toilet
0  8.662742 -2.366153 41.944061  0.998077 -0.042474 0.045140  0.416617 0.580586 0
0  8.733032 -1.275997 40.956432  0.999197 -0.023314 0.032586  0.428084 0.570864 0
0  8.728317 -1.194027 41.148567  0.999150 -0.021671 0.035072  0.428892 0.572815 0
toilet
0  8.615835 4.199376 36.546589  0.996471 0.079444 -0.027112  0.485526 0.527372 0
0  8.685454 3.498543 37.952000  0.997988 0.063095 -0.006233  0.478057 0.541524 0
0  8.698096 3.214058 37.436813  0.998236 0.057918 -0.013051  0.475209 0.536293 0
toilet
0  6.363086 -8.864693 46.312775  -0.775441 -0.575321 0.260188  0.337463 0.630970 0
0  6.384644 -9.439991 44.871078  -0.989501 -0.142432 0.024518  0.330293 0.614741 0
0  6.398058 -9.477055 44.889782  -0.768966 -0.609356 0.193333  0.330728 0.614648 0
toilet
0  7.599122 0.000725 51.086117  0.962996 -0.000268 0.269517  0.439153 0.674192 0
0  7.818789 -1.102260 50.115284  0.977165 -0.029095 0.210479  0.428153 0.663864 0
0  7.817093 0.000660 50.186951  0.977198 -0.000168 0.212329  0.439346 0.664802 0
toilet
0  7.159986 10.372688 41.901535  0.604124 0.790166 0.103306  0.550404 0.583743 0
0  7.353903 9.849960 43.412071  0.839919 0.526163 0.132995  0.543648 0.599286 0
0  7.391910 10.105633 41.865917  0.839462 0.537396 0.080675  0.546808 0.583122 0
toilet
0  6.575024 9.849632 37.169651  -0.987693 0.145808 -0.056594  0.557146 0.531167 0
0  6.625585 9.477600 35.670776  -0.759914 0.607843 -0.230341  0.551963 0.514246 0
0  6.611382 9.440262 35.688961  -0.987317 0.141178 -0.072622  0.552400 0.514149 0
toilet
0  6.588075 -9.888527 37.158455  -0.756774 -0.633441 -0.161385  0.327591 0.526494 0
0  6.610415 -9.439610 35.682625  -0.987082 -0.142572 -0.073089  0.332641 0.509546 0
0  6.624732 -9.476669 35.664574  -0.758580 -0.609347 -0.230765  0.333071 0.509660 0
toilet
0  6.709646 7.188824 31.812569  -0.942250 -0.265729 0.203846  0.594993 0.501358 0
0  7.115901 5.616902 31.698715  -0.947165 -0.227960 0.225640  0.611691 0.500779 0
0  7.092338 6.504845 32.637959  -0.943948 -0.264246 0.197830  0.602484 0.510310 0
toilet
0  7.996645 7.917367 34.926830  0.963666 0.248594 -0.097715  0.524256 0.510557 0
0  8.152691 7.753598 36.547569  0.978086 0.202784 -0.047180  0.522336 0.527397 0
0  8.181260 7.252980 35.383663  0.979211 0.190712 -0.069100  0.517252 0.515396 0
toilet
0  8.181260 7.252980 35.383663  0.979211 0.190712 -0.069100  0.517252 0.515396 0
0  8.319579 6.910683 36.961849  0.987070 0.157292 -0.030849  0.513510 0.531670 0
0  8.345044 6.464486 35.924477  0.987901 0.147522 -0.047833  0.509010 0.521027 0
toilet
0  8.344045 6.207772 42.286060  0.990486 0.127602 0.051526  0.505190 0.586030 0
0  8.464411 4.895554 42.710888  0.994108 0.092347 0.056764  0.491490 0.589987 0
0  8.483383 5.098687 41.939182  0.994270 0.096936 0.045070  0.493784 0.582196 0
toilet
0  8.108748 3.517315 30.353779  0.972878 0.110822 -0.203045  0.478925 0.464466 0
0  8.269826 4.187176 31.771706  0.984144 0.110932 -0.138400  0.485785 0.478856 0
0  8.283956 3.222157 31.194359  0.985240 0.084496 -0.148870  0.475942 0.473149 0
toilet
0  8.642220 4.012024 39.712818  0.997250 0.072255 0.016461  0.483028 0.559393 0
0  8.702606 2.732323 40.334019  0.998495 0.048899 0.024851  0.469663 0.565434 0
0  8.712894 2.713444 39.915192  0.998641 0.048477 0.019132  0.469557 0.561207 0
toilet
0  8.712894 2.713444 39.915192  0.998641 0.048477 0.019132  0.469557 0.561207 0
0  8.748457 1.379540 40.335148  0.999385 0.024863 0.024716  0.455676 0.565179 0
0  8.753643 1.369244 40.124020  0.999458 0.024684 0.021777  0.455613 0.563053 0
toilet
0  8.698096 3.214058 37.436813  0.998236 0.057918 -0.013051  0.475209 0.536293 0
0  8.742136 2.366162 38.724308  0.999091 0.042448 0.003892  0.466207 0.549151 0
0  8.750687 2.173756 38.375866  0.999242 0.038909 -0.000661  0.464286 0.545613 0
toilet
0  7.760165 -9.028770 35.911114  0.928769 -0.356256 -0.102318  0.348786 0.516802 0
0  7.995679 -7.917934 34.927792  0.963662 -0.248602 -0.097740  0.360869 0.507190 0
0  7.964592 -8.463387 36.191666  0.961794 -0.264849 -0.069336  0.354758 0.520052 0
toilet
0  7.150798 -8.392006 32.723194  0.013325 -0.836541 -0.547743  0.354656 0.482264 0
0  7.412619 -7.401424 31.577198  0.653225 -0.592092 -0.471936  0.366797 0.471609 0
0  7.384181 -8.316128 32.797913  0.633793 -0.654751 -0.411834  0.356636 0.483988 0
toilet
0  6.977547 -5.233831 29.402193  -0.663114 -0.427923 -0.614135  0.388482 0.446885 0
0  7.237971 -4.059379 28.633038  0.021732 -0.465986 -0.884525  0.402475 0.442198 0
0  7.214415 -5.279003 29.407982  0.019337 -0.597596 -0.801564  0.389366 0.449205 0
toilet
0  7.413521 7.400513 31.576298  0.652612 0.592155 -0.472706  0.519795 0.474768 0
0  7.609774 8.112617 32.994392  0.858859 0.438472 -0.264770  0.526728 0.490077 0
0  7.638910 7.210026 31.806442  0.868300 0.390450 -0.305948  0.517309 0.477755 0
toilet
0  7.544222 -9.029137 44.699600  0.922646 -0.356184 0.147840  0.346783 0.608313 0
0  7.794770 -8.830765 43.102253  0.957116 -0.276587 0.086188  0.349206 0.591602 0
0  7.762172 -8.463734 44.429813  0.957260 -0.264729 0.116502  0.352909 0.605383 0
toilet
0  8.401487 3.224034 45.267750  0.993907 0.061052 0.091768  0.473562 0.615454 0
0  8.525589 2.020234 44.454670  0.996286 0.036500 0.077985  0.461369 0.606868 0
0  8.534042 2.467564 44.111694  0.996296 0.044537 0.073561  0.466064 0.603517 0
toilet
0  8.027522 -8.317398 41.602707  0.974851 -0.217576 0.048222  0.354947 0.576074 0
0  8.236133 -7.464801 40.323193  0.985127 -0.170114 0.024222  0.364125 0.563043 0
0  8.208019 -7.413208 41.467442  0.984730 -0.168707 0.042959  0.364431 0.574811 0
toilet
0  6.486866 2.711552 25.880001  -0.497476 0.858015 0.127778  0.739797 0.406404 0
0  6.713496 2.791760 26.065613  -0.395374 0.889803 0.227884  0.737186 0.408103 0
0  6.633585 2.792820 25.846600  -0.439375 0.891186 0.112857  0.738181 0.405952 0
toilet
0  8.485194 5.565392 36.540005  0.993031 0.113658 -0.031157  0.499635 0.527340 0
0  8.581311 4.886586 37.953259  0.995717 0.092124 -0.007819  0.492403 0.541680 0
0  8.599317 4.571080 37.219723  0.996062 0.086837 -0.017867  0.489263 0.534213 0
toilet
0  8.672061 -2.529472 41.564354  0.998160 -0.045301 0.040303  0.415003 0.576722 0
0  8.737964 -1.330967 40.755619  0.999262 -0.024018 0.029983  0.427557 0.568831 0
0  8.733032 -1.275997 40.956432  0.999197 -0.023314 0.032586  0.428084 0.570864 0
toilet
0  8.719473 -2.467395 36.553066  0.998703 -0.044622 -0.024508  0.416742 0.526258 0
0  8.770864 -1.366329 37.546131  0.999632 -0.024656 -0.011351  0.427875 0.536561 0
0  8.765144 -1.668766 37.778179  0.999514 -0.030025 -0.008336  0.424699 0.538811 0
toilet
0  8.709291 -2.856868 36.966518  0.998480 -0.051716 -0.019071  0.412622 0.530296 0
0  8.765144 -1.668766 37.778179  0.999514 -0.030025 -0.008336  0.424699 0.538811 0
0  8.758257 -1.932178 38.057796  0.999385 -0.034747 -0.004688  0.421916 0.541551 0
toilet
0  8.758257 -1.932178 38.057796  0.999385 -0.034747 -0.004688  0.421916 0.541551 0
0  8.780006 -0.841182 39.045788  0.999850 -0.015436 0.007799  0.432978 0.551753 0
0  8.776521 -0.974434 39.187298  0.999797 -0.017687 0.009662  0.431571 0.553143 0
toilet
0  6.741612 -6.252012 30.687124  -0.844668 -0.367370 -0.389327  0.371982 0.454137 0
0  6.977547 -5.233831 29.402193  -0.663114 -0.427923 -0.614135  0.388482 0.446885 0
0  6.960912 -6.394718 30.393024  -0.627627 -0.531796 -0.568575  0.375246 0.456393 0
toilet
0  7.197744 -6.447887 30.362141  0.017073 -0.700605 -0.713345  0.376666 0.458469 0
0  7.447416 -5.233860 29.413734  0.723576 -0.408028 -0.556733  0.390889 0.451078 0
0  7.430780 -6.394752 30.404575  0.684898 -0.507652 -0.522688  0.378274 0.460331 0
toilet
0  6.736535 6.213788 30.781097  -0.945580 -0.228120 0.232033  0.605192 0.490836 0
0  6.753998 5.098065 29.874237  -0.999911 -0.003872 -0.012765  0.616815 0.481606 0
0  6.759161 5.085095 29.911396  -0.948127 -0.188792 0.255758  0.616946 0.481992 0
toilet
0  7.876487 -5.956771 31.184464  0.941449 -0.237494 -0.239314  0.382749 0.469585 0
0  8.092768 -4.571786 30.984571  0.971391 -0.144728 -0.188289  0.397065 0.468732 0
0  8.073629 -5.583761 31.761003  0.969601 -0.175742 -0.170263  0.386335 0.475966 0
toilet
0  7.430780 -6.394752 30.404575  0.684898 -0.507652 -0.522688  0.378274 0.460331 0
0  7.685076 -5.099145 29.897757  0.904502 -0.255942 -0.341131  0.392124 0.456663 0
0  7.663730 -6.227861 30.763750  0.885345 -0.327321 -0.330190  0.380053 0.464707 0
toilet
0  8.073629 -5.583761 31.761003  0.969601 -0.175742 -0.170263  0.386335 0.475966 0
0  8.269316 -4.188163 31.772217  0.984141 -0.110917 -0.138435  0.400617 0.477106 0
0  8.251783 -5.115215 32.483498  0.983098 -0.134486 -0.124227  0.390826 0.483770 0
toilet
0  8.581311 4.886586 37.953259  0.995717 0.092124 -0.007819  0.492403 0.541680 0
0  8.657270 3.902211 39.100052  0.997487 0.070328 0.008602  0.482015 0.553177 0
0  8.671673 3.740025 38.513424  0.997736 0.067240 0.000965  0.480450 0.547225 0
toilet
0  8.423528 -3.732860 32.705635  0.991191 -0.085573 -0.101082  0.404891 0.486885 0
0  8.563791 -2.468135 33.321838  0.995571 -0.050757 -0.079129  0.417618 0.493720 0
0  8.552763 -3.213695 33.768845  0.995217 -0.065901 -0.072117  0.409839 0.497909 0
toilet
0  8.408313 4.562012 33.344860  0.990442 0.104141 -0.090440  0.489595 0.494847 0
0  8.523667 4.543984 34.971767  0.994137 0.093383 -0.054506  0.489281 0.511400 0
0  8.539668 3.927514 34.319176  0.994726 0.080195 -0.063944  0.483001 0.504809 0
toilet
0  8.553155 3.212914 33.768456  0.995221 0.065861 -0.072098  0.475714 0.499264 0
0  8.644056 3.225827 35.395664  0.997211 0.061083 -0.042895  0.475652 0.515699 0
0  8.655135 2.638894 34.943336  0.997536 0.050233 -0.048977  0.469673 0.511113 0
toilet
0  8.723072 2.639172 39.500763  0.998790 0.047178 0.013880  0.468874 0.557017 0
0  8.753643 1.369244 40.124020  0.999458 0.024684 0.021777  0.455613 0.563053 0
0  8.758776 1.330971 39.915009  0.999531 0.023902 0.019139  0.455261 0.560943 0
toilet
0  8.630462 -3.732681 35.932125  0.996854 -0.070920 -0.035391  0.403860 0.519547 0
0  8.719473 -2.467395 36.553066  0.998703 -0.044622 -0.024508  0.416742 0.526258 0
0  8.709291 -2.856868 36.966518  0.998480 -0.051716 -0.019071  0.412622 0.530296 0
toilet
0  8.771030 1.365986 37.545963  0.999631 0.024636 -0.011415  0.456100 0.537142 0
0  8.780079 0.841580 39.046852  0.999851 0.015429 0.007696  0.450379 0.552123 0
0  8.782983 0.687981 38.928329  0.999903 0.012373 0.006425  0.448815 0.550902 0
toilet
0  6.770874 -3.916116 29.165586  -0.999799 0.016073 0.011952  0.709969 0.475265 0
0  6.788586 -2.633587 28.714451  -0.952346 0.097650 0.288967  0.696773 0.470482 0
0  6.783020 -2.639808 28.674385  -0.999703 0.013715 0.020160  0.696842 0.470068 0
toilet
0  6.769846 -7.964683 45.699966  -0.930441 0.320402 -0.177824  0.749460 0.645785 0
0  6.822814 -8.409637 44.387737  -0.999647 0.004658 -0.026167  0.754140 0.632361 0
0  6.800879 -8.511555 44.429493  -0.929716 0.340461 -0.140410  0.755199 0.632812 0
toilet
0  6.659456 3.529019 50.305233  -0.937444 -0.145215 -0.316403  0.631147 0.691785 0
0  6.696184 4.540074 49.572643  -0.999609 -0.002212 -0.027887  0.620866 0.684157 0
0  6.680599 3.486397 50.204361  -0.999601 -0.001739 -0.028174  0.631601 0.690736 0
toilet
0  6.614386 9.410683 35.704285  -0.933361 -0.344717 0.100037  0.571615 0.541264 0
0  7.036653 7.964905 34.879986  -0.938091 -0.320010 0.132584  0.587273 0.533144 0
0  7.005316 8.511772 36.150452  -0.935535 -0.340330 0.094606  0.581533 0.546117 0
toilet
0  6.992721 8.775505 37.514400  -0.999712 -0.004699 -0.023521  0.578701 0.560076 0
0  7.005316 8.511772 36.150452  -0.935535 -0.340330 0.094606  0.581533 0.546117 0
0  7.025161 8.409859 36.193233  -0.999726 -0.004582 -0.022940  0.582592 0.546568 0
toilet
0  6.645089 -8.831234 34.272957  -0.986751 -0.135357 -0.089454  0.760249 0.528423 0
0  6.679674 -8.085842 32.988453  -0.939326 0.296362 0.172729  0.752670 0.515098 0
0  6.677284 -8.110844 32.964428  -0.985640 -0.130475 -0.107192  0.752929 0.514854 0
toilet
0  6.648901 8.803783 34.292866  -0.935911 -0.324372 0.137308  0.578032 0.526767 0
0  6.678075 8.112671 32.971497  -0.985784 0.129779 -0.106714  0.585327 0.513215 0
0  6.680485 8.087688 32.995525  -0.939318 -0.296360 0.172776  0.585581 0.513465 0
toilet
0  8.381384 2.027195 46.082989  0.993947 0.038400 0.102931  0.461036 0.623367 0
0  8.513844 1.045906 44.930279  0.996261 0.018899 0.084300  0.451219 0.611430 0
0  8.518656 1.551545 44.735645  0.996258 0.028039 0.081760  0.456472 0.609588 0
toilet
0  6.759161 5.085095 29.911396  -0.948127 -0.188792 0.255758  0.616946 0.481992 0
0  7.151336 3.535313 30.279423  -0.952477 -0.144365 0.268227  0.633181 0.486455 0
0  7.135287 4.600781 30.916409  -0.950034 -0.188203 0.249027  0.622190 0.492866 0
toilet
0  8.510612 -0.531696 45.057976  0.996255 -0.009633 0.085921  0.434947 0.612374 0
0  8.625984 -0.706977 43.443993  0.997823 -0.012865 0.064686  0.433462 0.596040 0
0  8.623885 -0.359600 43.530270  0.997805 -0.006508 0.065908  0.437030 0.596980 0
toilet
0  6.690934 2.620194 24.798023  -0.382852 0.820060 -0.425354  0.738398 0.394968 0
0  7.017023 2.710491 24.736420  -0.241490 0.849408 -0.469243  0.734904 0.394319 0
0  6.949615 2.620175 24.619686  -0.263838 0.816649 -0.513297  0.735787 0.392942 0
toilet
0  8.739801 1.045334 35.734241  0.999196 0.019000 -0.035300  0.453135 0.518900 0
0  8.775640 1.051167 37.357616  0.999726 0.018838 -0.013895  0.452884 0.535197 0
0  8.778893 0.706986 37.224380  0.999796 0.012766 -0.015646  0.449356 0.533799 0
toilet
0  8.629238 -1.051159 43.310757  0.997835 -0.018955 0.062980  0.429936 0.594628 0
0  8.713755 -0.688209 41.742435  0.999004 -0.012574 0.042813  0.434001 0.578899 0
0  8.711441 -0.529796 41.836998  0.998973 -0.009768 0.044239  0.435619 0.579884 0
toilet
0  6.793242 -0.000618 28.264816  -0.999777 -0.000012 0.021124  0.444304 0.424460 0
0  6.793266 1.347698 28.255802  -0.923545 0.056397 -0.379320  0.459904 0.427182 0
0  6.795584 -0.000621 28.167980  -0.924135 0.000127 -0.382067  0.444283 0.425450 0
toilet
0  7.279277 -0.000683 27.663525  0.024499 0.000413 -0.999700  0.444108 0.433753 0
0  7.506873 1.380333 27.759499  0.802104 0.094911 -0.589593  0.457705 0.437349 0
0  7.511975 -0.000702 27.669273  0.805881 0.000332 -0.592078  0.444058 0.436137 0
toilet
0  6.208977 1.329338 52.171677  -0.938145 -0.048848 -0.342781  0.653394 0.711943 0
0  6.648550 2.383095 50.746330  -0.938484 -0.097759 -0.331197  0.642846 0.696426 0
0  6.641581 1.201359 51.039494  -0.939183 -0.049801 -0.339787  0.654929 0.699549 0
toilet
0  7.511975 -0.000702 27.669273  0.805881 0.000332 -0.592078  0.444058 0.436137 0
0  7.722875 1.342156 28.374966  0.936586 0.059092 -0.345421  0.457250 0.443925 0
0  7.724940 -0.000675 28.287708  0.938218 0.000264 -0.346045  0.443922 0.442794 0
toilet
0  7.724940 -0.000675 28.287708  0.938218 0.000264 -0.346045  0.443922 0.442794 0
0  7.933060 1.283726 28.899662  0.950130 0.051287 -0.307608  0.456572 0.449618 0
0  7.935033 -0.000656 28.816208  0.950667 0.000143 -0.310214  0.443804 0.448556 0
toilet
0  7.935033 -0.000656 28.816208  0.950667 0.000143 -0.310214  0.443804 0.448556 0
0  8.126658 1.203324 29.619278  0.974742 0.037835 -0.220107  0.455674 0.457122 0
0  8.128509 -0.000621 29.541042  0.975038 0.000148 -0.222039  0.443649 0.456139 0
toilet
0  7.013979 -8.326767 47.798836  0.615161 -0.653043 0.441714  0.353067 0.641368 0
0  7.281560 -8.830540 46.311054  0.843496 -0.474127 0.252425  0.348339 0.625407 0
0  7.249651 -8.112457 47.611427  0.846268 -0.436617 0.305281  0.355909 0.638883 0
toilet
0  8.302057 -0.000576 30.449825  0.986558 0.000088 -0.163411  0.443457 0.465465 0
0  8.451199 0.982506 31.590878  0.992571 0.022406 -0.119589  0.453187 0.477205 0
0  8.452708 -0.000515 31.527000  0.992681 0.000025 -0.120767  0.443233 0.476402 0
toilet
0  8.452708 -0.000515 31.527000  0.992681 0.000025 -0.120767  0.443233 0.476402 0
0  8.576585 0.845852 32.809128  0.996117 0.017235 -0.086340  0.451604 0.489480 0
0  8.577888 -0.000457 32.754139  0.996188 0.000007 -0.087234  0.442978 0.488782 0
toilet
0  8.577888 -0.000457 32.754139  0.996188 0.000007 -0.087234  0.442978 0.488782 0
0  8.674379 0.694722 34.155407  0.998122 0.013077 -0.059837  0.449820 0.502994 0
0  8.675448 -0.000377 34.110241  0.998163 0.000007 -0.060589  0.442697 0.502414 0
toilet
0  8.675448 -0.000377 34.110241  0.998163 0.000007 -0.060589  0.442697 0.502414 0
0  8.742908 0.531720 35.606674  0.999269 0.009538 -0.037032  0.447868 0.517535 0
0  8.743725 -0.000286 35.572102  0.999306 -0.000026 -0.037240  0.442395 0.517085 0
toilet
0  7.233954 2.711254 26.623501  -0.143253 0.846755 0.512332  0.731735 0.413759 0
0  7.509921 2.620266 26.802120  -0.014664 0.813064 0.581990  0.728785 0.415669 0
0  7.513186 2.710484 26.669456  -0.013097 0.846263 0.532604  0.728824 0.414048 0
toilet
0  8.084089 5.278855 46.541943  0.984612 0.120809 0.126270  0.494350 0.629240 0
0  8.244333 3.925335 46.338657  0.990387 0.080155 0.112731  0.480476 0.626595 0
0  8.260535 4.544655 45.680782  0.990326 0.093040 0.102951  0.487048 0.620118 0
toilet
0  6.206784 -2.437610 25.943768  -0.567549 -0.810344 0.145710  0.727940 0.355330 0
0  6.311338 -2.543930 25.610481  -0.572668 -0.819666 -0.014125  0.729162 0.351701 0
0  6.345766 -2.543941 25.912125  -0.556372 -0.818543 0.142959  0.729676 0.354848 0
toilet
0  6.228819 -3.911014 51.352718  -0.936235 0.143289 -0.320832  0.707586 0.704069 0
0  6.648255 -2.381626 50.746609  -0.938455 0.098190 -0.331151  0.691683 0.696928 0
0  6.658972 -3.535087 50.300617  -0.937413 0.145294 -0.316460  0.703553 0.692478 0
toilet
0  7.722772 -1.333110 28.372749  0.936519 -0.059402 -0.345547  0.430664 0.443354 0
0  7.935033 -0.000656 28.816208  0.950667 0.000143 -0.310214  0.443804 0.448556 0
0  7.932959 -1.275089 28.897541  0.950130 -0.051441 -0.307583  0.431104 0.449071 0
toilet
0  6.360538 -2.543903 25.310898  -0.548729 -0.818486 -0.170223  0.729523 0.348532 0
0  6.367998 -2.437282 24.963184  -0.496427 -0.807051 -0.319734  0.729128 0.344735 0
0  6.490012 -2.543884 25.033783  -0.486173 -0.815775 -0.313284  0.730723 0.345552 0
toilet
0  6.336138 -2.437370 26.259804  -0.511557 -0.807169 0.294597  0.729464 0.358660 0
0  6.650574 -2.543949 26.440609  -0.411463 -0.811875 0.414195  0.733108 0.360262 0
0  6.547145 -2.437641 26.533794  -0.419843 -0.803362 0.422305  0.731844 0.361511 0
toilet
0  6.364166 8.865734 46.311657  -0.775979 0.572816 0.264080  0.542561 0.635228 0
0  6.544950 8.322639 47.793365  -0.603707 0.674281 0.425303  0.530616 0.648103 0
0  6.577967 9.064804 46.451454  -0.596007 0.724605 0.346010  0.539510 0.633925 0
toilet
0  8.119346 -2.366855 29.908253  0.974067 -0.075074 -0.213443  0.419848 0.459074 0
0  8.300275 -1.094963 30.519672  0.986269 -0.029094 -0.162562  0.432428 0.465889 0
0  8.293663 -2.168252 30.786215  0.985917 -0.057369 -0.157085  0.421521 0.468176 0
toilet
0  8.293663 -2.168252 30.786215  0.985917 -0.057369 -0.157085  0.421521 0.468176 0
0  8.451121 -0.975925 31.589252  0.992569 -0.022440 -0.119597  0.433332 0.476780 0
0  8.445229 -1.932537 31.826824  0.992287 -0.044348 -0.115754  0.423553 0.478841 0
toilet
0  6.721687 7.237447 31.750153  -0.784649 0.471865 -0.402082  0.526497 0.469346 0
0  6.915281 8.318352 32.791920  -0.579635 0.675800 -0.455321  0.533762 0.484637 0
0  6.943652 7.400548 31.564751  -0.595588 0.615515 -0.516155  0.523673 0.471228 0
toilet
0  8.571446 -1.663761 33.012260  0.995932 -0.034151 -0.083385  0.425934 0.490907 0
0  8.674326 -0.690094 34.154259  0.998127 -0.013180 -0.059738  0.435612 0.502690 0
0  8.670158 -1.366520 34.322250  0.998009 -0.026002 -0.057458  0.428630 0.504183 0
toilet
0  8.670158 -1.366520 34.322250  0.998009 -0.026002 -0.057458  0.428630 0.504183 0
0  8.742865 -0.528179 35.605797  0.999273 -0.009638 -0.036886  0.436951 0.517301 0
0  8.739674 -1.045894 35.734371  0.999193 -0.019048 -0.035360  0.431590 0.518457 0
toilet
0  8.739674 -1.045894 35.734371  0.999193 -0.019048 -0.035360  0.431590 0.518457 0
0  8.780964 -0.357219 37.137508  0.999839 -0.006505 -0.016724  0.438385 0.532709 0
0  8.778807 -0.707363 37.224468  0.999796 -0.012797 -0.015610  0.434751 0.533498 0
toilet
0  8.778807 -0.707363 37.224468  0.999796 -0.012797 -0.015610  0.434751 0.533498 0
0  8.787960 -0.180133 38.723675  0.999989 -0.003379 0.003332  0.439881 0.548668 0
0  8.786884 -0.356739 38.767033  0.999970 -0.006507 0.004159  0.438046 0.549065 0
toilet
0  8.025254 7.273560 33.760941  0.965663 0.227946 -0.124640  0.517596 0.498556 0
0  8.181260 7.252980 35.383663  0.979211 0.190712 -0.069100  0.517252 0.515396 0
0  8.207467 6.663193 34.315609  0.980514 0.174858 -0.089533  0.511207 0.504447 0
toilet
0  6.764042 7.222210 46.817425  -0.999627 -0.003829 -0.027037  0.593658 0.655636 0
0  6.770853 7.965428 45.699306  -0.930544 -0.318514 -0.180654  0.586133 0.644110 0
0  6.792740 7.867272 45.650970  -0.999638 -0.004095 -0.026606  0.587163 0.643611 0
toilet
0  6.943652 7.400548 31.564751  -0.595588 0.615515 -0.516155  0.523673 0.471228 0
0  7.151967 8.394295 32.729340  0.013979 0.836717 -0.547458  0.531527 0.485984 0
0  7.180440 7.464390 31.495274  0.016162 0.774337 -0.632566  0.521618 0.472858 0
toilet
0  6.610284 2.710713 25.103313  -0.434735 0.855868 -0.280172  0.738885 0.398327 0
0  6.895176 2.792591 25.001060  -0.309458 0.886541 -0.343919  0.735948 0.397185 0
0  6.790992 2.711319 24.897491  -0.349902 0.852298 -0.388788  0.737173 0.396076 0
toilet
0  7.447416 -5.233860 29.413734  0.723576 -0.408028 -0.556733  0.390889 0.451078 0
0  7.702574 -3.916172 29.188484  0.920210 -0.185931 -0.344447  0.404529 0.450360 0
0  7.685076 -5.099145 29.897757  0.904502 -0.255942 -0.341131  0.392124 0.456663 0
toilet
0  7.685076 -5.099145 29.897757  0.904502 -0.255942 -0.341131  0.392124 0.456663 0
0  7.913641 -3.745712 29.677769  0.946980 -0.150143 -0.284052  0.406074 0.455802 0
0  7.896904 -4.877193 30.356163  0.944541 -0.195661 -0.263742  0.394242 0.461890 0
toilet
0  8.522949 5.278450 40.329441  0.994680 0.099911 0.025112  0.496005 0.565872 0
0  8.611782 4.003655 40.951561  0.996871 0.072050 0.032517  0.482679 0.571927 0
0  8.627007 4.039940 40.332081  0.997047 0.072620 0.024982  0.483187 0.565664 0
toilet
0  7.685699 5.098004 29.897129  0.904099 0.256774 -0.341573  0.495107 0.458785 0
0  7.877028 5.960583 31.191360  0.941493 0.237317 -0.239316  0.504004 0.472146 0
0  7.897499 4.876080 30.355564  0.944511 0.195919 -0.263655  0.492778 0.463918 0
toilet
0  8.269826 4.187176 31.771706  0.984144 0.110932 -0.138400  0.485785 0.478856 0
0  8.408313 4.562012 33.344860  0.990442 0.104141 -0.090440  0.489595 0.494847 0
0  8.423983 3.731972 32.705177  0.991195 0.085558 -0.101056  0.481112 0.488452 0
toilet
0  8.611782 4.003655 40.951561  0.996871 0.072050 0.032517  0.482679 0.571927 0
0  8.682125 2.639271 41.167278  0.998278 0.047369 0.034591  0.468523 0.573820 0
0  8.692308 2.707783 40.752995  0.998376 0.048462 0.029936  0.469321 0.569655 0
toilet
0  8.657270 3.902211 39.100052  0.997487 0.070328 0.008602  0.482015 0.553177 0
0  8.712894 2.713444 39.915192  0.998641 0.048477 0.019132  0.469557 0.561207 0
0  8.723072 2.639172 39.500763  0.998790 0.047178 0.013880  0.468874 0.557017 0
toilet
0  8.656794 -3.902347 39.100529  0.997489 -0.070299 0.008623  0.401321 0.551515 0
0  8.732557 -2.529365 39.102314  0.998932 -0.045355 0.008761  0.415513 0.551904 0
0  8.722750 -2.639263 39.501087  0.998787 -0.047245 0.013890  0.414292 0.555893 0
toilet
0  8.691982 -2.713432 40.753178  0.998367 -0.048646 0.029943  0.413264 0.568499 0
0  8.748286 -1.379772 40.335396  0.999389 -0.024890 0.024548  0.427139 0.564592 0
0  8.743099 -1.369411 40.546577  0.999315 -0.024936 0.027353  0.427202 0.566719 0
toilet
0  7.412619 -7.401424 31.577198  0.653225 -0.592092 -0.471936  0.366797 0.471609 0
0  7.663730 -6.227861 30.763750  0.885345 -0.327321 -0.330190  0.380053 0.464707 0
0  7.638031 -7.210926 31.807323  0.868406 -0.390298 -0.305839  0.369159 0.474699 0
toilet
0  7.824124 -7.757843 33.311241  0.934902 -0.307535 -0.177145  0.363077 0.490375 0
0  8.050589 -6.465160 32.696644  0.967643 -0.203853 -0.148696  0.376806 0.484942 0
0  8.024546 -7.272045 33.754589  0.965622 -0.228131 -0.124624  0.368047 0.495402 0
toilet
0  6.962183 6.395848 30.403465  -0.627575 0.532022 -0.568421  0.512044 0.459290 0
0  7.180440 7.464390 31.495274  0.016162 0.774337 -0.632566  0.521618 0.472858 0
0  7.197905 6.450299 30.371086  0.017111 0.700454 -0.713493  0.510541 0.461303 0
toilet
0  8.151897 -7.753196 36.542370  0.977998 -0.203203 -0.047219  0.362105 0.524031 0
0  8.344255 -6.464977 35.925266  0.987887 -0.147621 -0.047827  0.375672 0.518279 0
0  8.318872 -6.910339 36.957211  0.987054 -0.157386 -0.030871  0.370747 0.528671 0
toilet
0  8.180375 -7.253509 35.384544  0.979263 -0.190502 -0.068946  0.367668 0.512313 0
0  8.367823 -5.937614 34.967354  0.988744 -0.135442 -0.063568  0.381436 0.508728 0
0  8.344255 -6.464977 35.925266  0.987887 -0.147621 -0.047827  0.375672 0.518279 0
toilet
0  8.319579 6.910683 36.961849  0.987070 0.157292 -0.030849  0.513510 0.531670 0
0  8.440358 6.207528 38.366287  0.991942 0.126615 -0.004360  0.506009 0.546008 0
0  8.463273 5.949528 37.433098  0.992461 0.121217 -0.018077  0.503482 0.536463 0
toilet
0  6.584760 -2.634838 26.131840  -0.449305 -0.854972 0.259130  0.732460 0.356931 0
0  6.633316 -2.716850 25.846664  -0.438862 -0.891452 0.112754  0.732908 0.353942 0
0  6.713249 -2.715790 26.065742  -0.394914 -0.890006 0.227889  0.733903 0.356094 0
toilet
0  7.913951 3.752297 29.683231  0.947016 0.149971 -0.284023  0.481288 0.457399 0
0  8.093325 4.570729 30.984009  0.971412 0.144820 -0.188113  0.489679 0.470636 0
0  8.108748 3.517315 30.353779  0.972878 0.110822 -0.203045  0.478925 0.464466 0
toilet
0  8.552763 -3.213695 33.768845  0.995217 -0.065901 -0.072117  0.409839 0.497909 0
0  8.663872 -2.027179 34.576515  0.997798 -0.038519 -0.053991  0.421780 0.506522 0
0  8.654814 -2.639541 34.943661  0.997526 -0.050329 -0.049086  0.415386 0.509996 0
toilet
0  8.598759 -4.571441 37.220284  0.996066 -0.086800 -0.017831  0.394861 0.532268 0
0  8.697783 -3.213424 37.434010  0.998227 -0.058079 -0.013065  0.408828 0.534893 0
0  8.685028 -3.498828 37.952427  0.997979 -0.063241 -0.006264  0.405756 0.540034 0
toilet
0  8.732557 -2.529365 39.102314  0.998932 -0.045355 0.008761  0.415513 0.551904 0
0  8.768278 -1.194393 39.522209  0.999667 -0.021625 0.014072  0.429225 0.556457 0
0  8.763578 -1.276100 39.713326  0.999591 -0.023333 0.016530  0.428340 0.558359 0
toilet
0  8.750687 2.173756 38.375866  0.999242 0.038909 -0.000661  0.464286 0.545613 0
0  8.768424 1.194332 39.522026  0.999670 0.021499 0.014057  0.453930 0.556965 0
0  8.772718 1.096890 39.346962  0.999733 0.019948 0.011633  0.452958 0.555187 0
toilet
0  6.644792 2.792786 25.390457  -0.433340 0.891144 -0.134453  0.738293 0.401290 0
0  6.753175 2.862511 25.621323  -0.356905 0.934099 -0.008827  0.736881 0.403588 0
0  6.793451 2.862919 25.432064  -0.340609 0.934242 -0.105723  0.736657 0.401665 0
toilet
0  7.849834 4.188244 48.864559  0.976295 0.110482 0.186122  0.482391 0.652641 0
0  8.036840 2.866894 48.459015  0.985229 0.065554 0.158196  0.468993 0.647875 0
0  8.049650 3.732922 47.939838  0.985041 0.085428 0.149652  0.478017 0.642901 0
toilet
0  7.110644 6.421082 32.709438  -0.999757 -0.003340 -0.021784  0.603349 0.511060 0
0  7.115901 5.616902 31.698715  -0.947165 -0.227960 0.225640  0.611691 0.500779 0
0  7.133259 5.548840 31.786945  -0.999772 -0.002625 -0.021191  0.612390 0.501699 0
toilet
0  6.915281 8.318352 32.791920  -0.579635 0.675800 -0.455321  0.533762 0.484637 0
0  7.117240 9.142239 34.071381  0.010769 0.896204 -0.443511  0.539693 0.500177 0
0  7.151967 8.394295 32.729340  0.013979 0.836717 -0.547458  0.531527 0.485984 0
toilet
0  6.263987 6.228447 49.819473  -0.992413 0.095045 0.077989  0.511309 0.674525 0
0  6.302513 7.238499 48.809673  -0.790295 0.478781 0.382364  0.522840 0.662917 0
0  6.289696 7.211140 48.775608  -0.991967 0.108337 0.065306  0.523234 0.663165 0
toilet
0  6.773462 -3.932413 29.079252  -0.914472 -0.176510 -0.364122  0.398623 0.435781 0
0  7.022469 -2.709583 28.090786  -0.705312 -0.209465 -0.677244  0.415822 0.434877 0
0  7.000939 -4.028183 28.624187  -0.687549 -0.315619 -0.653958  0.401838 0.439857 0
toilet
0  7.888475 5.922734 47.296154  0.975353 0.156182 0.155866  0.500753 0.637339 0
0  8.065270 4.559479 47.306095  0.984809 0.104091 0.138987  0.486698 0.636753 0
0  8.084089 5.278855 46.541943  0.984612 0.120809 0.126270  0.494350 0.629240 0
toilet
0  6.758018 -5.117921 29.799475  -0.892668 -0.258292 -0.369364  0.384852 0.443845 0
0  7.000939 -4.028183 28.624187  -0.687549 -0.315619 -0.653958  0.401838 0.439857 0
0  6.977547 -5.233831 29.402193  -0.663114 -0.427923 -0.614135  0.388482 0.446885 0
toilet
0  8.237043 7.464859 40.322285  0.985103 0.170088 0.025357  0.518711 0.566233 0
0  8.367998 6.368908 41.311615  0.990745 0.130062 0.038834  0.507099 0.576118 0
0  8.392217 6.426636 40.326160  0.991048 0.131102 0.025240  0.507909 0.566061 0
toilet
0  7.702901 3.923073 29.194195  0.919964 0.186125 -0.344999  0.483059 0.452023 0
0  7.897499 4.876080 30.355564  0.944511 0.195919 -0.263655  0.492778 0.463918 0
0  7.913951 3.752297 29.683231  0.947016 0.149971 -0.284023  0.481288 0.457399 0
toilet
0  8.626513 -4.039932 40.332573  0.997047 -0.072780 0.024506  0.399635 0.563943 0
0  8.712609 -2.713420 39.913647  0.998635 -0.048588 0.019140  0.413438 0.560033 0
0  8.702272 -2.732318 40.334354  0.998506 -0.048823 0.024534  0.413156 0.564270 0
toilet
0  8.671291 -3.739856 38.510914  0.997728 -0.067361 0.000981  0.403135 0.545602 0
0  8.741848 -2.366352 38.724594  0.999090 -0.042459 0.003924  0.417281 0.548143 0
0  8.732557 -2.529365 39.102314  0.998932 -0.045355 0.008761  0.415513 0.551904 0
toilet
0  8.742136 2.366162 38.724308  0.999091 0.042448 0.003892  0.466207 0.549151 0
0  8.763707 1.276184 39.714165  0.999595 0.023170 0.016540  0.454737 0.558913 0
0  8.768424 1.194332 39.522026  0.999670 0.021499 0.014057  0.453930 0.556965 0
toilet
0  6.644526 -2.716827 25.390381  -0.432814 -0.891425 -0.134288  0.732796 0.349281 0
0  6.867243 -2.786300 25.251949  -0.302516 -0.932875 -0.195518  0.735167 0.347850 0
0  6.793297 -2.786808 25.432018  -0.339504 -0.934683 -0.105377  0.734432 0.349656 0
toilet
0  7.046731 -9.063820 46.464108  0.610837 -0.705078 0.360198  0.345197 0.627460 0
0  7.316344 -9.440048 44.893970  0.841037 -0.503522 0.197796  0.342089 0.610550 0
0  7.281560 -8.830540 46.311054  0.843496 -0.474127 0.252425  0.348339 0.625407 0
toilet
0  7.080919 9.774193 35.537918  0.008165 0.942865 -0.333074  0.546349 0.515866 0
0  7.277843 10.109802 37.104702  0.614054 0.772828 -0.160236  0.548453 0.532916 0
0  7.314874 9.691406 35.583878  0.619795 0.744723 -0.247469  0.543971 0.516862 0
toilet
0  6.721582 6.448136 50.167427  -0.018227 0.668302 0.743667  0.506763 0.669919 0
0  6.936687 5.234036 50.977291  0.634240 0.427317 0.644314  0.492979 0.676503 0
0  6.958590 6.392956 50.088711  0.626992 0.513874 0.585504  0.505277 0.667780 0
toilet
0  7.600974 -1.203220 51.007885  0.962738 -0.037962 0.267760  0.426964 0.673159 0
0  7.825224 -2.167061 49.850822  0.977027 -0.057604 0.205181  0.417360 0.661045 0
0  7.818789 -1.102260 50.115284  0.977165 -0.029095 0.210479  0.428153 0.663864 0
toilet
0  7.353903 9.849960 43.412071  0.839919 0.526163 0.132995  0.543648 0.599286 0
0  7.545087 9.045853 44.708122  0.922741 0.355976 0.147747  0.534248 0.612258 0
0  7.580146 9.421188 43.282204  0.922221 0.372907 0.102221  0.538776 0.597585 0
toilet
0  6.758542 -5.086114 29.912001  -0.948113 0.188646 0.255918  0.721984 0.483071 0
0  7.115612 -5.612871 31.692766  -0.947094 0.228637 0.225253  0.726802 0.501894 0
0  7.134734 -4.601703 30.916954  -0.950016 0.187997 0.249251  0.716517 0.493835 0
toilet
0  8.780964 -0.357219 37.137508  0.999839 -0.006505 -0.016724  0.438385 0.532709 0
0  8.788248 -0.000087 38.712414  0.999995 -0.000045 0.003272  0.441745 0.548594 0
0  8.787960 -0.180133 38.723675  0.999989 -0.003379 0.003332  0.439881 0.548668 0
toilet
0  8.414794 3.732705 44.727409  0.993895 0.071085 0.084380  0.478950 0.610128 0
0  8.534042 2.467564 44.111694  0.996296 0.044537 0.073561  0.466064 0.603517 0
0  8.544228 2.856884 43.698132  0.996328 0.051815 0.068156  0.470183 0.599438 0
toilet
0  8.543879 -2.856449 43.698483  0.996333 -0.051792 0.068098  0.411229 0.598225 0
0  8.654190 -2.173748 42.292500  0.998000 -0.039025 0.049732  0.418538 0.584139 0
0  8.646384 -1.931900 42.610806  0.997945 -0.034817 0.053781  0.420976 0.587398 0
toilet
0  8.568491 3.498845 42.712223  0.996468 0.062865 0.055668  0.477053 0.589629 0
0  8.654411 2.172619 42.294079  0.998008 0.038857 0.049703  0.463449 0.585082 0
0  8.663029 2.366360 41.943775  0.998080 0.042130 0.045405  0.465530 0.581593 0
toilet
0  8.596249 -3.902194 41.564598  0.996701 -0.070401 0.040388  0.400811 0.576445 0
0  8.691982 -2.713432 40.753178  0.998367 -0.048646 0.029943  0.413264 0.568499 0
0  8.681803 -2.639163 41.167603  0.998263 -0.047251 0.035181  0.413948 0.572696 0
toilet
0  8.727930 -2.020221 36.209972  0.998911 -0.036605 -0.028916  0.421437 0.522949 0
0  8.775553 -1.049354 37.356083  0.999726 -0.018918 -0.013805  0.431191 0.534734 0
0  8.770864 -1.366329 37.546131  0.999632 -0.024656 -0.011351  0.427875 0.536561 0
toilet
0  8.615425 -4.198535 36.542938  0.996458 -0.079599 -0.027122  0.398891 0.525546 0
0  8.709291 -2.856868 36.966518  0.998480 -0.051716 -0.019071  0.412622 0.530296 0
0  8.697783 -3.213424 37.434010  0.998227 -0.058079 -0.013065  0.408828 0.534893 0
toilet
0  6.460208 10.105690 41.843021  -0.988519 0.150896 -0.007837  0.559164 0.584827 0
0  6.512619 10.237686 40.279697  -0.757045 0.653209 -0.014141  0.560111 0.566920 0
0  6.498635 10.197289 40.279396  -0.988115 0.151915 -0.023444  0.560547 0.566931 0
toilet
0  7.004319 10.483833 38.672661  0.002805 0.993759 -0.111516  0.553717 0.549456 0
0  7.199437 10.466648 40.296597  0.605439 0.795631 0.020375  0.551765 0.566754 0
0  7.238906 10.393963 38.692322  0.608220 0.790341 -0.073687  0.551162 0.549766 0
toilet
0  7.043589 10.197063 37.071377  0.005489 0.975191 -0.221296  0.550961 0.532251 0
0  7.238906 10.393963 38.692322  0.608220 0.790341 -0.073687  0.551162 0.549766 0
0  7.277843 10.109802 37.104702  0.614054 0.772828 -0.160236  0.548453 0.532916 0
toilet
0  6.576862 -9.063793 46.452564  -0.595221 -0.727434 0.341398  0.340566 0.629814 0
0  6.846494 -9.773033 45.044487  -0.008248 -0.942868 0.333066  0.336351 0.613074 0
0  6.810484 -9.142021 46.511547  -0.010872 -0.897740 0.440391  0.342941 0.628765 0
toilet
0  6.693153 8.142799 32.944149  -0.758029 0.539292 -0.366819  0.536664 0.483126 0
0  6.880994 9.064034 34.118824  -0.576294 0.727155 -0.373002  0.542055 0.499107 0
0  6.915281 8.318352 32.791920  -0.579635 0.675800 -0.455321  0.533762 0.484637 0
toilet
0  7.726315 9.420818 37.333420  0.926405 0.371477 -0.061472  0.539992 0.535502 0
0  7.898803 9.079384 38.911610  0.958899 0.283633 -0.008117  0.535939 0.551944 0
0  7.932861 8.830872 37.524899  0.960241 0.276427 -0.039069  0.533573 0.537507 0
toilet
0  7.932861 8.830872 37.524899  0.960241 0.276427 -0.039069  0.533573 0.537507 0
0  8.091628 8.317478 39.034061  0.976101 0.217315 -0.000284  0.527866 0.553110 0
0  8.122828 8.089821 37.763725  0.976984 0.211954 -0.024032  0.525704 0.539959 0
toilet
0  8.104773 -5.938758 45.672947  0.984425 -0.135482 0.112034  0.379119 0.618084 0
0  8.298452 -5.565353 44.113106  0.990244 -0.114097 0.079991  0.383178 0.602117 0
0  8.278343 -5.112789 44.932652  0.990223 -0.104648 0.092230  0.387748 0.610517 0
toilet
0  6.758644 5.116883 29.798843  -0.891594 0.260510 -0.370397  0.502894 0.446300 0
0  6.962183 6.395848 30.403465  -0.627575 0.532022 -0.568421  0.512044 0.459290 0
0  6.978185 5.232716 29.401550  -0.660874 0.429811 -0.615230  0.499139 0.449176 0
toilet
0  8.440358 6.207528 38.366287  0.991942 0.126615 -0.004360  0.506009 0.546008 0
0  8.542828 5.241967 39.520340  0.994979 0.099189 0.013384  0.495793 0.557641 0
0  8.562490 5.098488 38.719723  0.995339 0.096407 0.002621  0.494462 0.549486 0
toilet
0  8.367823 -5.937614 34.967354  0.988744 -0.135442 -0.063568  0.381436 0.508728 0
0  8.523113 -4.544612 34.972324  0.994119 -0.093527 -0.054591  0.395782 0.509475 0
0  8.504807 -5.111808 35.716000  0.993597 -0.104370 -0.043274  0.389711 0.516773 0
toilet
0  8.664039 2.030705 34.579472  0.997796 0.038441 -0.054086  0.463470 0.507412 0
0  8.728176 2.019715 36.209728  0.998912 0.036579 -0.028933  0.463094 0.523807 0
0  8.734992 1.554230 35.931232  0.999071 0.028027 -0.032743  0.458343 0.520950 0
toilet
0  8.643764 -3.223804 35.391933  0.997207 -0.061175 -0.042841  0.409252 0.514292 0
0  8.727930 -2.020221 36.209972  0.998911 -0.036605 -0.028916  0.421437 0.522949 0
0  8.719473 -2.467395 36.553066  0.998703 -0.044622 -0.024508  0.416742 0.526258 0
toilet
0  7.193290 2.620289 26.754734  -0.156531 0.813771 0.559710  0.732137 0.415333 0
0  7.506545 2.517273 26.939278  -0.014866 0.794465 0.607128  0.728743 0.417428 0
0  7.509921 2.620266 26.802120  -0.014664 0.813064 0.581990  0.728785 0.415669 0
toilet
0  6.924715 10.462173 41.909599  -0.002681 0.993772 0.111398  0.552956 0.584140 0
0  7.120985 10.110207 43.488541  0.605041 0.775399 0.180779  0.547130 0.600472 0
0  7.159986 10.372688 41.901535  0.604124 0.790166 0.103306  0.550404 0.583743 0
toilet
0  6.964506 10.556976 40.290821  -0.000128 0.999978 0.006554  0.554356 0.566797 0
0  7.159986 10.372688 41.901535  0.604124 0.790166 0.103306  0.550404 0.583743 0
0  7.199437 10.466648 40.296597  0.605439 0.795631 0.020375  0.551765 0.566754 0
toilet
0  7.199437 10.466648 40.296597  0.605439 0.795631 0.020375  0.551765 0.566754 0
0  7.391910 10.105633 41.865917  0.839462 0.537396 0.080675  0.546808 0.583122 0
0  7.430335 10.197227 40.302288  0.840353 0.541496 0.024280  0.548118 0.566700 0
toilet
0  7.430335 10.197227 40.302288  0.840353 0.541496 0.024280  0.548118 0.566700 0
0  7.616498 9.665730 41.803356  0.922160 0.381269 0.065227  0.541774 0.582229 0
0  7.653251 9.753342 40.307793  0.922891 0.384230 0.025276  0.543016 0.566622 0
toilet
0  6.354705 8.804482 46.266350  -0.928085 -0.323191 -0.184949  0.576763 0.650295 0
0  6.385549 9.457596 44.879982  -0.989293 0.143831 0.024726  0.570171 0.635921 0
0  6.389259 9.427979 44.864807  -0.927602 -0.343946 -0.145795  0.570478 0.635767 0
toilet
0  7.864373 9.142570 40.313023  0.957891 0.285997 0.025491  0.536380 0.566517 0
0  8.028526 8.300137 41.602146  0.974791 0.217841 0.048238  0.527187 0.579634 0
0  8.060087 8.375366 40.317875  0.975340 0.219237 0.025451  0.528246 0.566386 0
toilet
0  8.051376 6.464314 32.695850  0.967686 0.203782 -0.148516  0.509250 0.487670 0
0  8.207467 6.663193 34.315609  0.980514 0.174858 -0.089533  0.511207 0.504447 0
0  8.231399 5.921856 33.339897  0.981745 0.156393 -0.108246  0.503601 0.494520 0
toilet
0  6.451961 -2.634903 25.613930  -0.512896 -0.858357 -0.012679  0.730844 0.351660 0
0  6.644526 -2.716827 25.390381  -0.432814 -0.891425 -0.134288  0.732796 0.349281 0
0  6.598403 -2.715866 25.617523  -0.450759 -0.892575 -0.011196  0.732526 0.351620 0
toilet
0  8.391432 -6.426589 40.326942  0.990975 -0.131815 0.024350  0.374922 0.563319 0
0  8.542278 -5.241924 39.517349  0.994986 -0.099114 0.013421  0.387373 0.555370 0
0  8.522305 -5.278415 40.330090  0.994676 -0.100110 0.024452  0.386821 0.563622 0
toilet
0  8.522305 -5.278415 40.330090  0.994676 -0.100110 0.024452  0.386821 0.563622 0
0  8.641799 -4.011989 39.710526  0.997242 -0.072372 0.016468  0.400054 0.557655 0
0  8.626513 -4.039932 40.332573  0.997047 -0.072780 0.024506  0.399635 0.563943 0
toilet
0  7.318151 -2.716415 24.782467  -0.104297 -0.882284 -0.459017  0.739337 0.342725 0
0  7.563752 -2.634411 24.611507  0.013150 -0.845328 -0.534086  0.741752 0.340743 0
0  7.560359 -2.715358 24.749802  0.011573 -0.882104 -0.470912  0.741791 0.342364 0
toilet
0  8.702272 -2.732318 40.334354  0.998506 -0.048823 0.024534  0.413156 0.564270 0
0  8.753498 -1.369369 40.123283  0.999453 -0.024909 0.021766  0.427290 0.562460 0
0  8.748286 -1.379772 40.335396  0.999389 -0.024890 0.024548  0.427139 0.564592 0
toilet
0  6.783342 2.638626 28.674065  -0.999702 -0.013639 0.020263  0.475477 0.430355 0
0  6.793266 1.347698 28.255802  -0.923545 0.056397 -0.379320  0.459904 0.427182 0
0  6.791177 1.342221 28.352070  -0.999765 -0.006800 0.020588  0.460187 0.426246 0
toilet
0  7.237971 -4.059379 28.633038  0.021732 -0.465986 -0.884525  0.402475 0.442198 0
0  7.492339 -2.709617 28.102333  0.786100 -0.196192 -0.586136  0.417035 0.439519 0
0  7.470809 -4.028211 28.635729  0.758184 -0.299430 -0.579222  0.403647 0.444248 0
toilet
0  7.037003 1.380356 27.747955  -0.704965 0.104651 -0.701479  0.458463 0.432668 0
0  7.270250 2.731659 28.096344  0.023483 0.319434 -0.947317  0.471795 0.438532 0
0  7.280375 1.391888 27.753765  0.024539 0.160453 -0.986738  0.458185 0.435114 0
toilet
0  6.659507 -8.865448 34.249031  -0.757899 -0.578550 -0.301444  0.340520 0.493698 0
0  6.914311 -8.316093 32.786366  -0.579400 -0.676007 -0.455313  0.352477 0.480831 0
0  6.879889 -9.064564 34.119930  -0.576067 -0.727303 -0.373064  0.343556 0.495013 0
toilet
0  6.715525 -6.504627 47.942028  -0.932993 0.264329 -0.244244  0.734249 0.668620 0
0  6.763320 -7.225265 46.811806  -0.999627 0.004007 -0.027000  0.741741 0.657090 0
0  6.741391 -7.313316 46.878593  -0.931655 0.294458 -0.212870  0.742652 0.657800 0
toilet
0  6.321795 -8.087265 47.564522  -0.929676 0.296442 -0.218689  0.751150 0.665462 0
0  6.715525 -6.504627 47.942028  -0.932993 0.264329 -0.244244  0.734249 0.668620 0
0  6.741391 -7.313316 46.878593  -0.931655 0.294458 -0.212870  0.742652 0.657800 0
toilet
0  6.267921 6.209393 49.788311  -0.933131 -0.227531 -0.278382  0.603230 0.686882 0
0  6.289696 7.211140 48.775608  -0.991967 0.108337 0.065306  0.592974 0.676341 0
0  6.293552 7.189892 48.746731  -0.931056 -0.265768 -0.250006  0.593196 0.676045 0
toilet
0  7.151209 -3.528845 30.274759  -0.952460 0.144532 0.268197  0.705584 0.487147 0
0  7.151791 -4.539844 31.008327  -0.999770 0.002400 -0.021293  0.715864 0.494776 0
0  7.167377 -3.486229 30.376545  -0.999779 0.001858 -0.020949  0.705130 0.488196 0
toilet
0  7.925565 2.523705 29.207634  0.949038 0.102031 -0.298188  0.468937 0.452702 0
0  8.108748 3.517315 30.353779  0.972878 0.110822 -0.203045  0.478925 0.464466 0
0  8.119634 2.365658 29.907963  0.974073 0.075308 -0.213331  0.467311 0.460050 0
toilet
0  6.576907 -9.818977 37.181900  -0.930543 0.361239 0.059958  0.770160 0.558535 0
0  6.937041 -9.131256 38.874748  -0.931497 0.363344 0.017132  0.762138 0.575906 0
0  6.971064 -8.882473 37.490688  -0.933209 0.354820 0.056774  0.759735 0.561683 0
toilet
0  8.518656 1.551545 44.735645  0.996258 0.028039 0.081760  0.456472 0.609588 0
0  8.626070 0.707379 43.443905  0.997822 0.012702 0.064736  0.448060 0.596340 0
0  8.629326 1.049351 43.312267  0.997847 0.018777 0.062845  0.451619 0.595090 0
toilet
0  6.902143 -9.195099 40.290520  -0.930196 0.366350 -0.022877  0.762646 0.590433 0
0  6.957870 -9.022640 38.889652  -0.999699 0.005080 -0.024006  0.761003 0.576044 0
0  6.937041 -9.131256 38.874748  -0.931497 0.363344 0.017132  0.762138 0.575906 0
toilet
0  7.653251 9.753342 40.307793  0.922891 0.384230 0.025276  0.543016 0.566622 0
0  7.829922 9.060444 41.714931  0.957292 0.283805 0.055191  0.535221 0.581060 0
0  7.864373 9.142570 40.313023  0.957891 0.285997 0.025491  0.536380 0.566517 0
toilet
0  8.049193 -3.731910 47.940296  0.985026 -0.085676 0.149613  0.401609 0.641328 0
0  8.243980 -3.927471 46.333931  0.990376 -0.080312 0.112720  0.399793 0.624881 0
0  8.230492 -3.212879 46.884647  0.990426 -0.066217 0.121124  0.407068 0.630544 0
toilet
0  7.025161 8.409859 36.193233  -0.999726 -0.004582 -0.022940  0.582592 0.546568 0
0  7.036653 7.964905 34.879986  -0.938091 -0.320010 0.132584  0.587273 0.533144 0
0  7.056200 7.866410 34.928699  -0.999738 -0.004146 -0.022512  0.588296 0.533658 0
toilet
0  6.302513 7.238499 48.809673  -0.790295 0.478781 0.382364  0.522840 0.662917 0
0  6.488720 6.392983 50.077164  -0.623108 0.531427 0.573865  0.508501 0.671843 0
0  6.515106 7.401634 49.005737  -0.613930 0.609902 0.501108  0.520112 0.660905 0
toilet
0  6.679674 -8.085842 32.988453  -0.939326 0.296362 0.172729  0.752670 0.515098 0
0  7.035687 -7.965354 34.880951  -0.938036 0.320388 0.132064  0.750600 0.534822 0
0  7.065541 -7.311473 33.695396  -0.940896 0.295070 0.166280  0.744012 0.522600 0
toilet
0  6.322613 8.083305 47.570404  -0.929698 -0.296397 -0.218655  0.584090 0.663817 0
0  6.770853 7.965428 45.699306  -0.930544 -0.318514 -0.180654  0.586133 0.644110 0
0  6.742353 7.309300 46.883549  -0.931643 -0.294890 -0.212325  0.592743 0.656320 0
toilet
0  6.611382 9.440262 35.688961  -0.987317 0.141178 -0.072622  0.552400 0.514149 0
0  6.660588 8.864960 34.247948  -0.758818 0.577593 -0.300967  0.545143 0.497919 0
0  6.646165 8.830753 34.271881  -0.986857 0.134807 -0.089113  0.545574 0.497784 0
toilet
0  7.722875 1.342156 28.374966  0.936586 0.059092 -0.345421  0.457250 0.443925 0
0  7.925565 2.523705 29.207634  0.949038 0.102031 -0.298188  0.468937 0.452702 0
0  7.933060 1.283726 28.899662  0.950130 0.051287 -0.307608  0.456572 0.449618 0
toilet
0  6.625585 9.477600 35.670776  -0.759914 0.607843 -0.230341  0.551963 0.514246 0
0  6.807973 10.109833 37.093159  -0.571945 0.796875 -0.194601  0.553499 0.531746 0
0  6.845005 9.691437 35.572334  -0.573757 0.767907 -0.284818  0.548797 0.515085 0
toilet
0  7.276609 -10.110020 37.105934  0.613860 -0.772904 -0.160609  0.335770 0.528532 0
0  7.542113 -9.439667 35.705521  0.849674 -0.503635 -0.156225  0.344209 0.514323 0
0  7.505521 -9.849808 37.193748  0.845873 -0.524269 -0.098189  0.339249 0.529734 0
toilet
0  7.237761 -10.394085 38.686298  0.608188 -0.790374 -0.073594  0.332370 0.545180 0
0  7.505521 -9.849808 37.193748  0.845873 -0.524269 -0.098189  0.339249 0.529734 0
0  7.467673 -10.126564 38.733433  0.842392 -0.537427 -0.039349  0.335948 0.545830 0
toilet
0  7.084653 7.225491 33.769165  -0.999747 -0.003900 -0.022133  0.594992 0.521840 0
0  7.092338 6.504845 32.637959  -0.943948 -0.264246 0.197830  0.602484 0.510310 0
0  7.110644 6.421082 32.709438  -0.999757 -0.003340 -0.021784  0.603349 0.511060 0
toilet
0  6.318771 8.108437 47.594444  -0.990925 0.123166 0.053822  0.533935 0.649936 0
0  6.364166 8.865734 46.311657  -0.775979 0.572816 0.264080  0.542561 0.635228 0
0  6.350938 8.831497 46.287071  -0.990631 0.130721 0.039515  0.542986 0.635379 0
toilet
0  6.674669 4.601914 49.663078  -0.936041 -0.187853 -0.297553  0.620213 0.685097 0
0  6.715199 5.546189 48.801216  -0.999612 -0.002843 -0.027717  0.610634 0.676144 0
0  6.696184 4.540074 49.572643  -0.999609 -0.002212 -0.027887  0.620866 0.684157 0
toilet
0  6.331768 8.139877 47.623711  -0.782498 0.531867 0.323751  0.533525 0.649735 0
0  6.515106 7.401634 49.005737  -0.613930 0.609902 0.501108  0.520112 0.660905 0
0  6.544950 8.322639 47.793365  -0.603707 0.674281 0.425303  0.530616 0.648103 0
toilet
0  6.900184 2.620293 26.631432  -0.289144 0.816654 0.499472  0.735276 0.414170 0
0  7.152527 2.517300 26.886295  -0.163407 0.795491 0.583517  0.732576 0.417030 0
0  7.193290 2.620289 26.754734  -0.156531 0.813771 0.559710  0.732137 0.415333 0
toilet
0  6.693036 -5.616683 48.881302  -0.934574 0.228482 -0.272704  0.725043 0.678152 0
0  6.737330 -6.420867 47.871536  -0.999621 0.003484 -0.027328  0.733384 0.667871 0
0  6.715525 -6.504627 47.942028  -0.932993 0.264329 -0.244244  0.734249 0.668620 0
toilet
0  6.693036 -5.616683 48.881302  -0.934574 0.228482 -0.272704  0.725043 0.678152 0
0  6.695630 -4.538650 49.573215  -0.999608 0.002354 -0.027909  0.713910 0.685113 0
0  6.714715 -5.548622 48.794025  -0.999608 0.002820 -0.027846  0.724343 0.677232 0
toilet
0  6.648901 8.803783 34.292866  -0.935911 -0.324372 0.137308  0.578032 0.526767 0
0  7.066041 7.313538 33.701382  -0.940984 -0.294438 0.166896  0.594081 0.521130 0
0  7.036653 7.964905 34.879986  -0.938091 -0.320010 0.132584  0.587273 0.533144 0
toilet
0  8.451121 -0.975925 31.589252  0.992569 -0.022440 -0.119597  0.433332 0.476780 0
0  8.577888 -0.000457 32.754139  0.996188 0.000007 -0.087234  0.442978 0.488782 0
0  8.576522 -0.840198 32.807732  0.996115 -0.017289 -0.086345  0.434398 0.489112 0
toilet
0  6.511368 -10.237415 40.280994  -0.757319 -0.652780 -0.018616  0.322685 0.562010 0
0  6.535974 -10.126507 38.710545  -0.987513 -0.152155 -0.040819  0.323647 0.544032 0
0  6.550086 -10.166573 38.704575  -0.756220 -0.648065 -0.090238  0.324082 0.544073 0
toilet
0  7.171644 -0.000526 29.463959  -0.955708 -0.000131 0.294317  0.669506 0.478468 0
0  7.185359 -1.186515 29.650246  -0.999785 0.000660 -0.020725  0.681639 0.480517 0
0  7.187291 -0.000591 29.574558  -0.999784 0.000051 -0.020803  0.669495 0.479613 0
toilet
0  6.242028 -5.097789 50.685802  -0.993375 -0.076622 0.085642  0.719923 0.697330 0
0  6.267365 -6.212585 49.780853  -0.933051 0.227760 -0.278462  0.731537 0.688116 0
0  6.263430 -6.231643 49.811970  -0.992464 -0.094663 0.077802  0.731729 0.688440 0
toilet
0  6.550086 -10.166573 38.704575  -0.756220 -0.648065 -0.090238  0.324082 0.544073 0
0  6.806740 -10.109993 37.094391  -0.571864 -0.796803 -0.195133  0.330776 0.527153 0
0  6.767892 -10.394058 38.674755  -0.570589 -0.814466 -0.105224  0.327286 0.544431 0
toilet
0  6.276585 6.252289 49.857079  -0.797945 0.416213 0.435948  0.510953 0.674217 0
0  6.466818 5.234063 50.965744  -0.633401 0.442371 0.634911  0.495662 0.681014 0
0  6.488720 6.392983 50.077164  -0.623108 0.531427 0.573865  0.508501 0.671843 0
toilet
0  7.543081 9.440201 35.711849  0.850039 0.503058 -0.156100  0.540620 0.518450 0
0  7.726315 9.420818 37.333420  0.926405 0.371477 -0.061472  0.539992 0.535502 0
0  7.761091 9.029266 35.917179  0.928835 0.356076 -0.102347  0.535944 0.520734 0
toilet
0  8.049650 3.732922 47.939838  0.985041 0.085428 0.149652  0.478017 0.642901 0
0  8.219856 2.468155 47.331226  0.990556 0.050458 0.127485  0.465232 0.636200 0
0  8.230885 3.213738 46.884258  0.990482 0.065761 0.120918  0.473006 0.631901 0
toilet
0  6.680485 8.087688 32.995525  -0.939318 -0.296360 0.172776  0.585581 0.513465 0
0  7.092338 6.504845 32.637959  -0.943948 -0.264246 0.197830  0.602484 0.510310 0
0  7.066041 7.313538 33.701382  -0.940984 -0.294438 0.166896  0.594081 0.521130 0
toilet
0  6.785188 -2.649372 28.581436  -0.921913 -0.112773 -0.370619  0.413391 0.429878 0
0  7.037609 -1.369655 27.746387  -0.709323 -0.103517 -0.697241  0.429936 0.432064 0
0  7.022469 -2.709583 28.090786  -0.705312 -0.209465 -0.677244  0.415822 0.434877 0
toilet
0  7.116126 -9.142799 34.072495  0.010912 -0.896284 -0.443347  0.345872 0.496180 0
0  7.384181 -8.316128 32.797913  0.633793 -0.654751 -0.411834  0.356636 0.483988 0
0  7.349759 -9.064594 34.131474  0.626273 -0.705334 -0.332094  0.348058 0.497598 0
toilet
0  6.216998 2.632847 51.847912  -0.937138 -0.097370 -0.335099  0.639965 0.708483 0
0  6.225153 3.916336 51.394386  -0.993701 0.059753 0.094803  0.626759 0.703673 0
0  6.229147 3.904511 51.358330  -0.936278 -0.143161 -0.320761  0.626884 0.703303 0
toilet
0  7.925258 -2.524959 29.207943  0.949052 -0.101651 -0.298275  0.418524 0.451666 0
0  8.126564 -1.195255 29.617287  0.974741 -0.037972 -0.220085  0.431688 0.456608 0
0  8.119346 -2.366855 29.908253  0.974067 -0.075074 -0.213443  0.419848 0.459074 0
toilet
0  7.828496 2.620247 26.770348  0.128951 0.813771 0.566700  0.725453 0.415172 0
0  8.196823 2.517228 26.782131  0.275959 0.798277 0.535351  0.721418 0.415339 0
0  8.127305 2.620220 26.661587  0.263610 0.816757 0.513243  0.722375 0.413859 0
toilet
0  8.390442 2.639565 45.715874  0.993938 0.050074 0.097875  0.467428 0.619824 0
0  8.518656 1.551545 44.735645  0.996258 0.028039 0.081760  0.456472 0.609588 0
0  8.525589 2.020234 44.454670  0.996286 0.036500 0.077985  0.461369 0.606868 0
toilet
0  8.059906 2.710537 26.544842  0.241566 0.849412 0.469196  0.723258 0.412482 0
0  8.385985 2.620194 26.483246  0.382936 0.820071 0.425258  0.719764 0.411832 0
0  8.285937 2.711319 26.383766  0.350002 0.852306 0.388680  0.720989 0.410724 0
toilet
0  6.706332 -7.210876 31.784431  -0.990573 -0.093990 -0.099656  0.743755 0.502588 0
0  6.736047 -6.209617 30.773949  -0.945592 0.228162 0.231944  0.733501 0.492074 0
0  6.732031 -6.227808 30.740858  -0.997585 -0.038698 -0.057686  0.733692 0.491734 0
toilet
0  7.280375 1.391888 27.753765  0.024539 0.160453 -0.986738  0.458185 0.435114 0
0  7.492670 2.708279 28.102001  0.791227 0.195272 -0.579507  0.470915 0.440631 0
0  7.506873 1.380333 27.759499  0.802104 0.094911 -0.589593  0.457705 0.437349 0
toilet
0  6.237113 -3.937717 51.432072  -0.811625 -0.266089 0.520059  0.393728 0.689267 0
0  6.466179 -5.232486 50.966389  -0.633197 -0.443173 0.634554  0.382416 0.678674 0
0  6.448523 -4.026515 51.687893  -0.640625 -0.342218 0.687376  0.395517 0.686280 0
toilet
0  6.795584 -0.000621 28.167980  -0.924135 0.000127 -0.382067  0.444283 0.425450 0
0  7.037003 1.380356 27.747955  -0.704965 0.104651 -0.701479  0.458463 0.432668 0
0  7.042105 -0.000667 27.657726  -0.711821 -0.000272 -0.702361  0.444159 0.431353 0
toilet
0  7.173726 -5.097843 50.708694  0.857125 -0.280588 0.431981  0.387059 0.670770 0
0  7.428286 -5.960445 49.425419  0.928593 -0.237395 0.285234  0.378463 0.657129 0
0  7.407815 -4.875949 50.261211  0.930398 -0.196033 0.309726  0.389548 0.665700 0
toilet
0  6.792740 7.867272 45.650970  -0.999638 -0.004095 -0.026606  0.587163 0.643611 0
0  6.801896 8.526962 44.437309  -0.929866 -0.340038 -0.140437  0.580513 0.631106 0
0  6.823616 8.425755 44.395847  -0.999646 -0.004630 -0.026184  0.581572 0.630680 0
toilet
0  6.322613 8.083305 47.570404  -0.929698 -0.296397 -0.218655  0.584090 0.663817 0
0  6.350938 8.831497 46.287071  -0.990631 0.130721 0.039515  0.576482 0.650507 0
0  6.354705 8.804482 46.266350  -0.928085 -0.323191 -0.184949  0.576763 0.650295 0
toilet
0  7.689981 9.685928 38.812756  0.924354 0.381018 -0.019877  0.542516 0.550990 0
0  7.864373 9.142570 40.313023  0.957891 0.285997 0.025491  0.536380 0.566517 0
0  7.898803 9.079384 38.911610  0.958899 0.283633 -0.008117  0.535939 0.551944 0
toilet
0  7.453407 6.897179 48.434174  0.926874 0.275207 0.255275  0.510580 0.649948 0
0  7.653994 5.584210 48.866405  0.960076 0.175662 0.217706  0.496732 0.653450 0
0  7.677042 6.465264 47.930511  0.959197 0.203949 0.195820  0.506179 0.644279 0
toilet
0  6.833474 -8.882122 43.090321  -0.929320 0.354772 -0.102478  0.759145 0.619118 0
0  6.889159 -9.022522 41.686127  -0.999672 0.005049 -0.025104  0.760709 0.604722 0
0  6.867567 -9.131420 41.699993  -0.929550 0.363288 -0.062911  0.761844 0.604883 0
toilet
0  7.162114 -2.382881 29.833721  -0.954229 0.097270 0.282815  0.693885 0.482507 0
0  7.167377 -3.486229 30.376545  -0.999779 0.001858 -0.020949  0.705130 0.488196 0
0  7.178191 -2.349769 29.939167  -0.999780 0.001216 -0.020948  0.693530 0.483595 0
toilet
0  6.578105 9.818867 37.180706  -0.930607 -0.361075 0.059966  0.567230 0.556450 0
0  7.005316 8.511772 36.150452  -0.935535 -0.340330 0.094606  0.581533 0.546117 0
0  6.972146 8.882343 37.489605  -0.933286 -0.354562 0.057122  0.577587 0.559811 0
toilet
0  8.370873 -0.694698 46.504128  0.993967 -0.013203 0.108880  0.432986 0.626992 0
0  8.513717 -1.045318 44.930408  0.996267 -0.019075 0.084193  0.429682 0.610987 0
0  8.510612 -0.531696 45.057976  0.996255 -0.009633 0.085921  0.434947 0.612374 0
toilet
0  7.510952 -8.446159 46.055000  0.923728 -0.334764 0.186168  0.352737 0.622443 0
0  7.762172 -8.463734 44.429813  0.957260 -0.264729 0.116502  0.352909 0.605383 0
0  7.730986 -7.917263 45.700329  0.957661 -0.248749 0.144945  0.358468 0.618564 0
toilet
0  6.263430 -6.231643 49.811970  -0.992464 -0.094663 0.077802  0.731729 0.688440 0
0  6.292675 -7.188552 48.747623  -0.931028 0.265730 -0.250149  0.741741 0.677571 0
0  6.288815 -7.209808 48.776485  -0.991937 -0.108445 0.065588  0.741956 0.677872 0
toilet
0  6.301632 -7.237175 48.810562  -0.790296 -0.478532 0.382674  0.356005 0.659473 0
0  6.317952 -8.112400 47.588535  -0.990944 -0.123026 0.053800  0.345401 0.645968 0
0  6.330945 -8.143867 47.617783  -0.782619 -0.531668 0.323786  0.345820 0.645784 0
toilet
0  7.793330 -8.446877 34.562813  0.931779 -0.334680 -0.140631  0.355338 0.503003 0
0  8.024546 -7.272045 33.754589  0.965622 -0.228131 -0.124624  0.368047 0.495402 0
0  7.995679 -7.917934 34.927792  0.963662 -0.248602 -0.097740  0.360869 0.507190 0
toilet
0  6.692397 -8.140907 32.937302  -0.757462 -0.539879 -0.367125  0.349653 0.479200 0
0  6.942750 -7.401397 31.565659  -0.596165 -0.615566 -0.515427  0.363066 0.467908 0
0  6.914311 -8.316093 32.786366  -0.579400 -0.676007 -0.455313  0.352477 0.480831 0
toilet
0  6.474023 10.145672 41.849789  -0.759470 0.648363 0.053202  0.558728 0.584790 0
0  6.651115 10.110229 43.476997  -0.579903 0.799467 0.156734  0.552134 0.601796 0
0  6.690116 10.372715 41.889988  -0.575033 0.814498 0.077011  0.555515 0.584454 0
toilet
0  7.825224 -2.167061 49.850822  0.977027 -0.057604 0.205181  0.417360 0.661045 0
0  8.036600 -2.871803 48.454884  0.985219 -0.065740 0.158180  0.410360 0.646623 0
0  8.027712 -1.931480 48.818882  0.985402 -0.044496 0.164326  0.419919 0.650423 0
toilet
0  8.293927 2.167138 30.785957  0.985948 0.057471 -0.156856  0.465265 0.469074 0
0  8.436576 2.871865 32.190594  0.991807 0.065623 -0.109603  0.472344 0.483314 0
0  8.445464 1.931542 31.826591  0.992288 0.044380 -0.115733  0.462796 0.479647 0
toilet
0  8.119634 2.365658 29.907963  0.974073 0.075308 -0.213331  0.467311 0.460050 0
0  8.283956 3.222157 31.194359  0.985240 0.084496 -0.148870  0.475942 0.473149 0
0  8.293927 2.167138 30.785957  0.985948 0.057471 -0.156856  0.465265 0.469074 0
toilet
0  6.614386 9.410683 35.704285  -0.933361 -0.344717 0.100037  0.571615 0.541264 0
0  6.646165 8.830753 34.271881  -0.986857 0.134807 -0.089113  0.577757 0.526548 0
0  6.648901 8.803783 34.292866  -0.935911 -0.324372 0.137308  0.578032 0.526767 0
toilet
0  6.800879 -8.511555 44.429493  -0.929716 0.340461 -0.140410  0.755199 0.632812 0
0  6.855254 -8.775291 43.066574  -0.999660 0.004827 -0.025604  0.758032 0.618853 0
0  6.833474 -8.882122 43.090321  -0.929320 0.354772 -0.102478  0.759145 0.619118 0
toilet
0  6.867567 -9.131420 41.699993  -0.929550 0.363288 -0.062911  0.761844 0.604883 0
0  6.923433 -9.085567 40.291042  -0.999686 0.005022 -0.024567  0.761502 0.590422 0
0  6.902143 -9.195099 40.290520  -0.930196 0.366350 -0.022877  0.762646 0.590433 0
toilet
0  6.890245 9.003983 41.685535  -0.999673 -0.004924 -0.025101  0.575920 0.602828 0
0  6.903243 9.195328 40.289761  -0.930110 -0.366403 -0.025379  0.574087 0.588499 0
0  6.924551 9.085762 40.289547  -0.999685 -0.004902 -0.024605  0.575231 0.588503 0
toilet
0  7.867361 5.115613 48.153515  0.975847 0.134296 0.172299  0.492139 0.645756 0
0  8.049650 3.732922 47.939838  0.985041 0.085428 0.149652  0.478017 0.642901 0
0  8.065270 4.559479 47.306095  0.984809 0.104091 0.138987  0.486698 0.636753 0
toilet
0  7.618882 -3.517208 50.273376  0.961746 -0.110882 0.250501  0.403532 0.665473 0
0  7.849324 -4.187088 48.865070  0.976251 -0.110858 0.186133  0.396838 0.650880 0
0  7.835196 -3.222072 49.442417  0.976611 -0.085006 0.197494  0.406654 0.656797 0
toilet
0  6.206809 0.000874 52.256458  -0.938123 0.000181 -0.346302  0.667097 0.712952 0
0  6.641581 1.201359 51.039494  -0.939183 -0.049801 -0.339787  0.654929 0.699549 0
0  6.639624 0.000752 51.116108  -0.939406 0.000253 -0.342806  0.667226 0.700466 0
toilet
0  6.448523 -4.026515 51.687893  -0.640625 -0.342218 0.687376  0.395517 0.686280 0
0  6.698847 -5.277652 51.064320  -0.020350 -0.562086 0.826829  0.383973 0.676565 0
0  6.681038 -4.061275 51.792053  -0.022131 -0.436699 0.899336  0.396745 0.683983 0
toilet
0  7.372355 1.275227 51.719250  0.933881 0.051330 0.353879  0.451920 0.681253 0
0  7.599122 0.000725 51.086117  0.962996 -0.000268 0.269517  0.439153 0.674192 0
0  7.601065 1.195362 51.009884  0.962773 0.037850 0.267647  0.451280 0.673679 0
toilet
0  7.407815 -4.875949 50.261211  0.930398 -0.196033 0.309726  0.389548 0.665700 0
0  7.653495 -5.587204 48.859688  0.960054 -0.175756 0.217731  0.382431 0.651025 0
0  7.634305 -4.570625 49.643147  0.960984 -0.144936 0.235594  0.392808 0.659045 0
toilet
0  6.276028 -6.255497 49.849560  -0.797993 -0.415978 0.436085  0.367347 0.671185 0
0  6.514203 -7.400299 49.006630  -0.613977 -0.609568 0.501457  0.358814 0.657576 0
0  6.488148 -6.396293 50.069466  -0.623284 -0.531243 0.573845  0.369895 0.668913 0
toilet
0  6.678075 8.112671 32.971497  -0.985784 0.129779 -0.106714  0.537067 0.482945 0
0  6.721687 7.237447 31.750153  -0.784649 0.471865 -0.402082  0.526497 0.469346 0
0  6.707210 7.210080 31.783546  -0.990363 0.095233 -0.100561  0.526902 0.469118 0
toilet
0  6.389259 9.427979 44.864807  -0.927602 -0.343946 -0.145795  0.570478 0.635767 0
0  6.422203 9.850025 43.389179  -0.989113 0.147023 0.006268  0.566252 0.620500 0
0  6.425821 9.819290 43.378120  -0.926526 -0.362376 -0.101159  0.566570 0.620388 0
toilet
0  6.539240 -10.094635 38.715851  -0.928911 0.369812 0.019086  0.772841 0.574390 0
0  6.902143 -9.195099 40.290520  -0.930196 0.366350 -0.022877  0.762646 0.590433 0
0  6.937041 -9.131256 38.874748  -0.931497 0.363344 0.017132  0.762138 0.575906 0
toilet
0  8.663872 -2.027179 34.576515  0.997798 -0.038519 -0.053991  0.421780 0.506522 0
0  8.739674 -1.045894 35.734371  0.999193 -0.019048 -0.035360  0.431590 0.518457 0
0  8.734863 -1.551544 35.928974  0.999078 -0.028042 -0.032521  0.426335 0.520267 0
toilet
0  6.773462 -3.932413 29.079252  -0.914472 -0.176510 -0.364122  0.398623 0.435781 0
0  6.783020 -2.639808 28.674385  -0.999703 0.013715 0.020160  0.412913 0.429051 0
0  6.785188 -2.649372 28.581436  -0.921913 -0.112773 -0.370619  0.413391 0.429878 0
toilet
0  6.771200 3.923138 29.171299  -0.999799 -0.016032 0.012047  0.490198 0.437092 0
0  6.785501 2.648274 28.581127  -0.921867 0.113788 -0.370423  0.474965 0.431160 0
0  6.783342 2.638626 28.674065  -0.999702 -0.013639 0.020263  0.475477 0.430355 0
toilet
0  8.219650 -2.472393 47.327671  0.990483 -0.050762 0.127934  0.414607 0.635119 0
0  8.390119 -2.638866 45.716194  0.994013 -0.049793 0.097252  0.413140 0.618706 0
0  8.381214 -2.030681 46.080059  0.993931 -0.038560 0.103025  0.419338 0.622477 0
toilet
0  7.384181 -8.316128 32.797913  0.633793 -0.654751 -0.411834  0.356636 0.483988 0
0  7.638031 -7.210926 31.807323  0.868406 -0.390298 -0.305839  0.369159 0.474699 0
0  7.608983 -8.110897 32.987316  0.858557 -0.438931 -0.264989  0.359279 0.486544 0
toilet
0  6.796735 1.338673 28.392742  -0.953708 -0.048900 0.296732  0.655804 0.466762 0
0  7.171644 -0.000526 29.463959  -0.955708 -0.000131 0.294317  0.669506 0.478468 0
0  7.169724 1.209389 29.542389  -0.955370 -0.049461 0.291243  0.657098 0.479150 0
toilet
0  6.488148 -6.396293 50.069466  -0.623284 -0.531243 0.573845  0.369895 0.668913 0
0  6.747286 -7.464176 49.087658  -0.015943 -0.762105 0.647257  0.360870 0.655971 0
0  6.721005 -6.451507 50.159664  -0.018318 -0.668645 0.743356  0.371712 0.667061 0
toilet
0  7.545087 9.045853 44.708122  0.922741 0.355976 0.147747  0.534248 0.612258 0
0  7.731950 7.918038 45.699356  0.957779 0.247405 0.146460  0.522047 0.621939 0
0  7.762983 8.479382 44.437801  0.957305 0.264601 0.116423  0.528264 0.609075 0
toilet
0  6.736535 6.213788 30.781097  -0.945580 -0.228120 0.232033  0.605192 0.490836 0
0  7.135287 4.600781 30.916409  -0.950034 -0.188203 0.249027  0.622190 0.492866 0
0  7.115901 5.616902 31.698715  -0.947165 -0.227960 0.225640  0.611691 0.500779 0
toilet
0  6.823616 8.425755 44.395847  -0.999646 -0.004630 -0.026184  0.581572 0.630680 0
0  6.834539 8.882835 43.088581  -0.929299 -0.355994 -0.098343  0.576995 0.617240 0
0  6.856308 8.775696 43.066212  -0.999663 -0.004718 -0.025519  0.578117 0.617011 0
toilet
0  6.647828 -8.804264 34.293934  -0.935880 0.324441 0.137357  0.759970 0.528636 0
0  7.004597 -8.510853 36.144924  -0.935480 0.340383 0.094950  0.756059 0.547843 0
0  7.035687 -7.965354 34.880951  -0.938036 0.320388 0.132064  0.750600 0.534822 0
toilet
0  6.610036 -2.634773 25.103172  -0.436018 -0.854941 -0.281005  0.732204 0.346318 0
0  6.690934 -2.543850 24.798023  -0.390624 -0.811801 -0.434041  0.732691 0.342959 0
0  6.790786 -2.635387 24.897285  -0.350756 -0.851493 -0.389782  0.733916 0.344067 0
toilet
0  8.451199 0.982506 31.590878  0.992571 0.022406 -0.119589  0.453187 0.477205 0
0  8.571649 1.662899 33.012058  0.995890 0.034360 -0.083801  0.459921 0.491605 0
0  8.576585 0.845852 32.809128  0.996117 0.017235 -0.086340  0.451604 0.489480 0
toilet
0  6.669783 2.349980 50.641804  -0.999601 -0.001161 -0.028215  0.643201 0.695338 0
0  6.680599 3.486397 50.204361  -0.999601 -0.001739 -0.028174  0.631601 0.690736 0
0  6.923955 0.000004 40.290398  -0.999698 0.000059 -0.024564  0.668367 0.589466 0
toilet
0  6.680599 3.486397 50.204361  -0.999601 -0.001739 -0.028174  0.631601 0.690736 0
0  6.696184 4.540074 49.572643  -0.999609 -0.002212 -0.027887  0.620866 0.684157 0
0  6.923955 0.000004 40.290398  -0.999698 0.000059 -0.024564  0.668367 0.589466 0
toilet
0  6.696184 4.540074 49.572643  -0.999609 -0.002212 -0.027887  0.620866 0.684157 0
0  6.715199 5.546189 48.801216  -0.999612 -0.002843 -0.027717  0.610634 0.676144 0
0  6.923955 0.000004 40.290398  -0.999698 0.000059 -0.024564  0.668367 0.589466 0
toilet
0  6.715199 5.546189 48.801216  -0.999612 -0.002843 -0.027717  0.610634 0.676144 0
0  6.738111 6.422005 47.870773  -0.999622 -0.003319 -0.027281  0.601751 0.666519 0
0  6.923955 0.000004 40.290398  -0.999698 0.000059 -0.024564  0.668367 0.589466 0
toilet
0  6.738111 6.422005 47.870773  -0.999622 -0.003319 -0.027281  0.601751 0.666519 0
0  6.764042 7.222210 46.817425  -0.999627 -0.003829 -0.027037  0.593658 0.655636 0
0  6.923955 0.000004 40.290398  -0.999698 0.000059 -0.024564  0.668367 0.589466 0
toilet
0  6.764042 7.222210 46.817425  -0.999627 -0.003829 -0.027037  0.593658 0.655636 0
0  6.792740 7.867272 45.650970  -0.999638 -0.004095 -0.026606  0.587163 0.643611 0
0  6.923955 0.000004 40.290398  -0.999698 0.000059 -0.024564  0.668367 0.589466 0
toilet
0  6.792740 7.867272 45.650970  -0.999638 -0.004095 -0.026606  0.587163 0.643611 0
0  6.823616 8.425755 44.395847  -0.999646 -0.004630 -0.026184  0.581572 0.630680 0
0  6.923955 0.000004 40.290398  -0.999698 0.000059 -0.024564  0.668367 0.589466 0
toilet
0  6.823616 8.425755 44.395847  -0.999646 -0.004630 -0.026184  0.581572 0.630680 0
0  6.856308 8.775696 43.066212  -0.999663 -0.004718 -0.025519  0.578117 0.617011 0
0  6.923955 0.000004 40.290398  -0.999698 0.000059 -0.024564  0.668367 0.589466 0
toilet
0  6.923433 -9.085567 40.291042  -0.999686 0.005022 -0.024567  0.761502 0.590422 0
0  6.889159 -9.022522 41.686127  -0.999672 0.005049 -0.025104  0.760709 0.604722 0
0  6.923955 0.000004 40.290398  -0.999698 0.000059 -0.024564  0.668367 0.589466 0
toilet
0  6.889159 -9.022522 41.686127  -0.999672 0.005049 -0.025104  0.760709 0.604722 0
0  6.855254 -8.775291 43.066574  -0.999660 0.004827 -0.025604  0.758032 0.618853 0
0  6.923955 0.000004 40.290398  -0.999698 0.000059 -0.024564  0.668367 0.589466 0
toilet
0  6.991650 -8.775642 37.515472  -0.999712 0.004790 -0.023508  0.758617 0.561925 0
0  6.957870 -9.022640 38.889652  -0.999699 0.005080 -0.024006  0.761003 0.576044 0
0  6.923955 0.000004 40.290398  -0.999698 0.000059 -0.024564  0.668367 0.589466 0
toilet
0  6.957870 -9.022640 38.889652  -0.999699 0.005080 -0.024006  0.761003 0.576044 0
0  6.923433 -9.085567 40.291042  -0.999686 0.005022 -0.024567  0.761502 0.590422 0
0  6.923955 0.000004 40.290398  -0.999698 0.000059 -0.024564  0.668367 0.589466 0
toilet
0  6.856308 8.775696 43.066212  -0.999663 -0.004718 -0.025519  0.578117 0.617011 0
0  6.890245 9.003983 41.685535  -0.999673 -0.004924 -0.025101  0.575920 0.602828 0
0  6.923955 0.000004 40.290398  -0.999698 0.000059 -0.024564  0.668367 0.589466 0
toilet
0  6.890245 9.003983 41.685535  -0.999673 -0.004924 -0.025101  0.575920 0.602828 0
0  6.924551 9.085762 40.289547  -0.999685 -0.004902 -0.024605  0.575231 0.588503 0
0  6.923955 0.000004 40.290398  -0.999698 0.000059 -0.024564  0.668367 0.589466 0
toilet
0  6.924551 9.085762 40.289547  -0.999685 -0.004902 -0.024605  0.575231 0.588503 0
0  6.958817 9.022743 38.894840  -0.999700 -0.004937 -0.023979  0.576024 0.574207 0
0  6.923955 0.000004 40.290398  -0.999698 0.000059 -0.024564  0.668367 0.589466 0
toilet
0  6.958817 9.022743 38.894840  -0.999700 -0.004937 -0.023979  0.576024 0.574207 0
0  6.992721 8.775505 37.514400  -0.999712 -0.004699 -0.023521  0.578701 0.560076 0
0  6.923955 0.000004 40.290398  -0.999698 0.000059 -0.024564  0.668367 0.589466 0
toilet
0  6.855254 -8.775291 43.066574  -0.999660 0.004827 -0.025604  0.758032 0.618853 0
0  6.822814 -8.409637 44.387737  -0.999647 0.004658 -0.026167  0.754140 0.632361 0
0  6.923955 0.000004 40.290398  -0.999698 0.000059 -0.024564  0.668367 0.589466 0
toilet
0  6.822814 -8.409637 44.387737  -0.999647 0.004658 -0.026167  0.754140 0.632361 0
0  6.791773 -7.866195 45.652275  -0.999638 0.004301 -0.026546  0.748437 0.645271 0
0  6.923955 0.000004 40.290398  -0.999698 0.000059 -0.024564  0.668367 0.589466 0
toilet
0  6.791773 -7.866195 45.652275  -0.999638 0.004301 -0.026546  0.748437 0.645271 0
0  6.763320 -7.225265 46.811806  -0.999627 0.004007 -0.027000  0.741741 0.657090 0
0  6.923955 0.000004 40.290398  -0.999698 0.000059 -0.024564  0.668367 0.589466 0
toilet
0  6.763320 -7.225265 46.811806  -0.999627 0.004007 -0.027000  0.741741 0.657090 0
0  6.737330 -6.420867 47.871536  -0.999621 0.003484 -0.027328  0.733384 0.667871 0
0  6.923955 0.000004 40.290398  -0.999698 0.000059 -0.024564  0.668367 0.589466 0
toilet
0  6.992721 8.775505 37.514400  -0.999712 -0.004699 -0.023521  0.578701 0.560076 0
0  7.025161 8.409859 36.193233  -0.999726 -0.004582 -0.022940  0.582592 0.546568 0
0  6.923955 0.000004 40.290398  -0.999698 0.000059 -0.024564  0.668367 0.589466 0
toilet
0  7.025161 8.409859 36.193233  -0.999726 -0.004582 -0.022940  0.582592 0.546568 0
0  7.056200 7.866410 34.928699  -0.999738 -0.004146 -0.022512  0.588296 0.533658 0
0  6.923955 0.000004 40.290398  -0.999698 0.000059 -0.024564  0.668367 0.589466 0
toilet
0  7.056200 7.866410 34.928699  -0.999738 -0.004146 -0.022512  0.588296 0.533658 0
0  7.084653 7.225491 33.769165  -0.999747 -0.003900 -0.022133  0.594992 0.521840 0
0  6.923955 0.000004 40.290398  -0.999698 0.000059 -0.024564  0.668367 0.589466 0
toilet
0  7.084653 7.225491 33.769165  -0.999747 -0.003900 -0.022133  0.594992 0.521840 0
0  7.110644 6.421082 32.709438  -0.999757 -0.003340 -0.021784  0.603349 0.511060 0
0  6.923955 0.000004 40.290398  -0.999698 0.000059 -0.024564  0.668367 0.589466 0
toilet
0  6.737330 -6.420867 47.871536  -0.999621 0.003484 -0.027328  0.733384 0.667871 0
0  6.714715 -5.548622 48.794025  -0.999608 0.002820 -0.027846  0.724343 0.677232 0
0  6.923955 0.000004 40.290398  -0.999698 0.000059 -0.024564  0.668367 0.589466 0
toilet
0  6.714715 -5.548622 48.794025  -0.999608 0.002820 -0.027846  0.724343 0.677232 0
0  6.695630 -4.538650 49.573215  -0.999608 0.002354 -0.027909  0.713910 0.685113 0
0  6.923955 0.000004 40.290398  -0.999698 0.000059 -0.024564  0.668367 0.589466 0
toilet
0  6.695630 -4.538650 49.573215  -0.999608 0.002354 -0.027909  0.713910 0.685113 0
0  6.680319 -3.492016 50.198841  -0.999602 0.001839 -0.028163  0.703115 0.691410 0
0  6.923955 0.000004 40.290398  -0.999698 0.000059 -0.024564  0.668367 0.589466 0
toilet
0  6.680319 -3.492016 50.198841  -0.999602 0.001839 -0.028163  0.703115 0.691410 0
0  6.669495 -2.348408 50.642109  -0.999601 0.001211 -0.028213  0.691349 0.695833 0
0  6.923955 0.000004 40.290398  -0.999698 0.000059 -0.024564  0.668367 0.589466 0
toilet
0  7.110644 6.421082 32.709438  -0.999757 -0.003340 -0.021784  0.603349 0.511060 0
0  7.133259 5.548840 31.786945  -0.999772 -0.002625 -0.021191  0.612390 0.501699 0
0  6.923955 0.000004 40.290398  -0.999698 0.000059 -0.024564  0.668367 0.589466 0
toilet
0  7.133259 5.548840 31.786945  -0.999772 -0.002625 -0.021191  0.612390 0.501699 0
0  7.152344 4.538865 31.007751  -0.999773 -0.002224 -0.021210  0.622824 0.493819 0
0  6.923955 0.000004 40.290398  -0.999698 0.000059 -0.024564  0.668367 0.589466 0
toilet
0  7.152344 4.538865 31.007751  -0.999773 -0.002224 -0.021210  0.622824 0.493819 0
0  7.167655 3.492237 30.382126  -0.999780 -0.001741 -0.020921  0.633618 0.487523 0
0  6.923955 0.000004 40.290398  -0.999698 0.000059 -0.024564  0.668367 0.589466 0
toilet
0  7.167655 3.492237 30.382126  -0.999780 -0.001741 -0.020921  0.633618 0.487523 0
0  7.178478 2.348629 29.938862  -0.999781 -0.001106 -0.020916  0.645384 0.483101 0
0  6.923955 0.000004 40.290398  -0.999698 0.000059 -0.024564  0.668367 0.589466 0
toilet
0  7.178478 2.348629 29.938862  -0.999781 -0.001106 -0.020916  0.645384 0.483101 0
0  7.185448 1.194641 29.652428  -0.999785 -0.000543 -0.020721  0.657239 0.480290 0
0  6.923955 0.000004 40.290398  -0.999698 0.000059 -0.024564  0.668367 0.589466 0
toilet
0  7.185448 1.194641 29.652428  -0.999785 -0.000543 -0.020721  0.657239 0.480290 0
0  7.187291 -0.000591 29.574558  -0.999784 0.000051 -0.020803  0.669495 0.479613 0
0  6.923955 0.000004 40.290398  -0.999698 0.000059 -0.024564  0.668367 0.589466 0
toilet
0  7.187291 -0.000591 29.574558  -0.999784 0.000051 -0.020803  0.669495 0.479613 0
0  7.185359 -1.186515 29.650246  -0.999785 0.000660 -0.020725  0.681639 0.480517 0
0  6.923955 0.000004 40.290398  -0.999698 0.000059 -0.024564  0.668367 0.589466 0
toilet
0  7.185359 -1.186515 29.650246  -0.999785 0.000660 -0.020725  0.681639 0.480517 0
0  7.178191 -2.349769 29.939167  -0.999780 0.001216 -0.020948  0.693530 0.483595 0
0  6.923955 0.000004 40.290398  -0.999698 0.000059 -0.024564  0.668367 0.589466 0
toilet
0  6.669495 -2.348408 50.642109  -0.999601 0.001211 -0.028213  0.691349 0.695833 0
0  6.662528 -1.194423 50.928547  -0.999596 0.000663 -0.028408  0.679493 0.698643 0
0  6.923955 0.000004 40.290398  -0.999698 0.000059 -0.024564  0.668367 0.589466 0
toilet
0  6.662528 -1.194423 50.928547  -0.999596 0.000663 -0.028408  0.679493 0.698643 0
0  6.660685 0.000813 51.006409  -0.999599 0.000070 -0.028328  0.667237 0.699320 0
0  6.923955 0.000004 40.290398  -0.999698 0.000059 -0.024564  0.668367 0.589466 0
toilet
0  6.660685 0.000813 51.006409  -0.999599 0.000070 -0.028328  0.667237 0.699320 0
0  6.662615 1.186737 50.930737  -0.999596 -0.000537 -0.028410  0.655092 0.698417 0
0  6.923955 0.000004 40.290398  -0.999698 0.000059 -0.024564  0.668367 0.589466 0
toilet
0  6.662615 1.186737 50.930737  -0.999596 -0.000537 -0.028410  0.655092 0.698417 0
0  6.669783 2.349980 50.641804  -0.999601 -0.001161 -0.028215  0.643201 0.695338 0
0  6.923955 0.000004 40.290398  -0.999698 0.000059 -0.024564  0.668367 0.589466 0
toilet
0  7.178191 -2.349769 29.939167  -0.999780 0.001216 -0.020948  0.693530 0.483595 0
0  7.167377 -3.486229 30.376545  -0.999779 0.001858 -0.020949  0.705130 0.488196 0
0  6.923955 0.000004 40.290398  -0.999698 0.000059 -0.024564  0.668367 0.589466 0
toilet
0  7.167377 -3.486229 30.376545  -0.999779 0.001858 -0.020949  0.705130 0.488196 0
0  7.151791 -4.539844 31.008327  -0.999770 0.002400 -0.021293  0.715864 0.494776 0
0  6.923955 0.000004 40.290398  -0.999698 0.000059 -0.024564  0.668367 0.589466 0
toilet
0  7.151791 -4.539844 31.008327  -0.999770 0.002400 -0.021293  0.715864 0.494776 0
0  7.132771 -5.545633 31.780012  -0.999767 0.002992 -0.021383  0.726093 0.502790 0
0  6.923955 0.000004 40.290398  -0.999698 0.000059 -0.024564  0.668367 0.589466 0
toilet
0  7.132771 -5.545633 31.780012  -0.999767 0.002992 -0.021383  0.726093 0.502790 0
0  7.109862 -6.421833 32.710236  -0.999758 0.003387 -0.021755  0.734981 0.512412 0
0  6.923955 0.000004 40.290398  -0.999698 0.000059 -0.024564  0.668367 0.589466 0
toilet
0  7.109862 -6.421833 32.710236  -0.999758 0.003387 -0.021755  0.734981 0.512412 0
0  7.083958 -7.224384 33.762497  -0.999748 0.003939 -0.022095  0.743098 0.523284 0
0  6.923955 0.000004 40.290398  -0.999698 0.000059 -0.024564  0.668367 0.589466 0
toilet
0  7.083958 -7.224384 33.762497  -0.999748 0.003939 -0.022095  0.743098 0.523284 0
0  7.055241 -7.866870 34.929661  -0.999737 0.004213 -0.022535  0.749567 0.535316 0
0  6.923955 0.000004 40.290398  -0.999698 0.000059 -0.024564  0.668367 0.589466 0
toilet
0  7.055241 -7.866870 34.929661  -0.999737 0.004213 -0.022535  0.749567 0.535316 0
0  7.024304 -8.409691 36.187431  -0.999725 0.004705 -0.022965  0.754999 0.548270 0
0  6.923955 0.000004 40.290398  -0.999698 0.000059 -0.024564  0.668367 0.589466 0
toilet
0  7.024304 -8.409691 36.187431  -0.999725 0.004705 -0.022965  0.754999 0.548270 0
0  6.991650 -8.775642 37.515472  -0.999712 0.004790 -0.023508  0.758617 0.561925 0
0  6.923955 0.000004 40.290398  -0.999698 0.000059 -0.024564  0.668367 0.589466 0
toilet
0  6.690116 10.372715 41.889988  -0.575033 0.814498 0.077011  0.555515 0.584454 0
0  6.885378 10.197460 43.510303  -0.005099 0.977798 0.209487  0.549613 0.601222 0
0  6.924715 10.462173 41.909599  -0.002681 0.993772 0.111398  0.552956 0.584140 0
toilet
0  7.042105 -0.000667 27.657726  -0.711821 -0.000272 -0.702361  0.444159 0.431353 0
0  7.280375 1.391888 27.753765  0.024539 0.160453 -0.986738  0.458185 0.435114 0
0  7.279277 -0.000683 27.663525  0.024499 0.000413 -0.999700  0.444108 0.433753 0
toilet
0  6.204850 -1.341945 52.207966  -0.994449 -0.020245 0.103251  0.423112 0.699444 0
0  6.224888 -2.648037 51.931160  -0.816697 -0.181509 0.547778  0.408324 0.695267 0
0  6.216971 -1.346996 52.254230  -0.819662 -0.091675 0.565465  0.423217 0.698968 0
toilet
0  6.204850 -1.341945 52.207966  -0.994449 -0.020245 0.103251  0.680962 0.712599 0
0  6.206809 0.000874 52.256458  -0.938123 0.000181 -0.346302  0.667097 0.712952 0
0  6.208872 -1.337917 52.169460  -0.938141 0.048926 -0.342780  0.680925 0.712202 0
toilet
0  6.650574 2.620293 26.440605  -0.403227 0.820161 0.405887  0.737981 0.412271 0
0  6.824817 2.517315 26.748425  -0.301826 0.798314 0.521148  0.736160 0.415694 0
0  6.900184 2.620293 26.631432  -0.289144 0.816654 0.499472  0.735276 0.414170 0
toilet
0  6.204850 -1.341945 52.207966  -0.994449 -0.020245 0.103251  0.680962 0.712599 0
0  6.216675 -2.631145 51.848232  -0.937118 0.097924 -0.334992  0.694316 0.709041 0
0  6.212683 -2.638355 51.885975  -0.994418 -0.039541 0.097823  0.694386 0.709431 0
toilet
0  6.844299 -9.689011 35.566833  -0.573335 -0.768224 -0.284816  0.336188 0.510627 0
0  7.116126 -9.142799 34.072495  0.010912 -0.896284 -0.443347  0.345872 0.496180 0
0  7.080228 -9.772636 35.531895  0.008139 -0.942789 -0.333290  0.338606 0.511509 0
toilet
0  6.246582 5.084916 50.650658  -0.934496 -0.188064 -0.302239  0.614755 0.695894 0
0  6.693785 5.613427 48.887512  -0.934583 -0.228787 -0.272417  0.609926 0.677040 0
0  6.674669 4.601914 49.663078  -0.936041 -0.187853 -0.297553  0.620213 0.685097 0
toilet
0  6.624732 -9.476669 35.664574  -0.758580 -0.609347 -0.230765  0.333071 0.509660 0
0  6.645089 -8.831234 34.272957  -0.986751 -0.135357 -0.089454  0.340095 0.493545 0
0  6.659507 -8.865448 34.249031  -0.757899 -0.578550 -0.301444  0.340520 0.493698 0
toilet
0  6.585015 2.710770 26.131706  -0.447910 0.855941 0.258345  0.738629 0.408940 0
0  6.650574 2.620293 26.440605  -0.403227 0.820161 0.405887  0.737981 0.412271 0
0  6.755397 2.711415 26.346161  -0.368593 0.852322 0.371062  0.736811 0.411106 0
toilet
0  6.388357 -9.410446 44.855942  -0.927270 0.344843 -0.145786  0.765118 0.637666 0
0  6.769846 -7.964683 45.699966  -0.930441 0.320402 -0.177824  0.749460 0.645785 0
0  6.800879 -8.511555 44.429493  -0.929716 0.340461 -0.140410  0.755199 0.632812 0
toilet
0  6.354705 8.804482 46.266350  -0.928085 -0.323191 -0.184949  0.576763 0.650295 0
0  6.801896 8.526962 44.437309  -0.929866 -0.340038 -0.140437  0.580513 0.631106 0
0  6.770853 7.965428 45.699306  -0.930544 -0.318514 -0.180654  0.586133 0.644110 0
toilet
0  7.715042 2.638569 28.696957  0.930208 0.121311 -0.346405  0.470163 0.447108 0
0  7.913951 3.752297 29.683231  0.947016 0.149971 -0.284023  0.481288 0.457399 0
0  7.925565 2.523705 29.207634  0.949038 0.102031 -0.298188  0.468937 0.452702 0
toilet
0  6.776754 3.912438 29.209812  -0.950755 -0.143511 0.274719  0.629141 0.474896 0
0  7.162399 2.381855 29.833447  -0.954229 -0.097502 0.282737  0.645050 0.482005 0
0  7.151336 3.535313 30.279423  -0.952477 -0.144365 0.268227  0.633181 0.486455 0
toilet
0  6.288815 -7.209808 48.776485  -0.991937 -0.108445 0.065588  0.741956 0.677872 0
0  6.321795 -8.087265 47.564522  -0.929676 0.296442 -0.218689  0.751150 0.665462 0
0  6.317952 -8.112400 47.588535  -0.990944 -0.123026 0.053800  0.751406 0.665714 0
toilet
0  7.000721 4.035340 28.632347  -0.682862 0.317610 -0.657894  0.486196 0.441651 0
0  7.215059 5.277867 29.407337  0.019330 0.599012 -0.800507  0.498161 0.451455 0
0  7.243690 4.066327 28.640850  0.021961 0.465719 -0.884660  0.485431 0.444018 0
toilet
0  7.214415 -5.279003 29.407982  0.019337 -0.597596 -0.801564  0.389366 0.449205 0
0  7.470809 -4.028211 28.635729  0.758184 -0.299430 -0.579222  0.403647 0.444248 0
0  7.447416 -5.233860 29.413734  0.723576 -0.408028 -0.556733  0.390889 0.451078 0
toilet
0  7.470809 -4.028211 28.635729  0.758184 -0.299430 -0.579222  0.403647 0.444248 0
0  7.714720 -2.639866 28.697277  0.930342 -0.120575 -0.346302  0.417527 0.446025 0
0  7.702574 -3.916172 29.188484  0.920210 -0.185931 -0.344447  0.404529 0.450360 0
toilet
0  7.702574 -3.916172 29.188484  0.920210 -0.185931 -0.344447  0.404529 0.450360 0
0  7.925258 -2.524959 29.207943  0.949052 -0.101651 -0.298275  0.418524 0.451666 0
0  7.913641 -3.745712 29.677769  0.946980 -0.150143 -0.284052  0.406074 0.455802 0
toilet
0  8.576522 -0.840198 32.807732  0.996115 -0.017289 -0.086345  0.434398 0.489112 0
0  8.675448 -0.000377 34.110241  0.998163 0.000007 -0.060589  0.442697 0.502414 0
0  8.674326 -0.690094 34.154259  0.998127 -0.013180 -0.059738  0.435612 0.502690 0
toilet
0  8.230885 3.213738 46.884258  0.990482 0.065761 0.120918  0.473006 0.631901 0
0  8.381384 2.027195 46.082989  0.993947 0.038400 0.102931  0.461036 0.623367 0
0  8.390442 2.639565 45.715874  0.993938 0.050074 0.097875  0.467428 0.619824 0
toilet
0  7.215059 5.277867 29.407337  0.019330 0.599012 -0.800507  0.498161 0.451455 0
0  7.432053 6.395825 30.415012  0.684427 0.508007 -0.522961  0.508844 0.463113 0
0  7.448055 5.232689 29.413094  0.723551 0.408613 -0.556335  0.496563 0.453260 0
toilet
0  8.780991 0.359620 37.138103  0.999840 0.006375 -0.016728  0.445786 0.532868 0
0  8.786928 0.356537 38.766991  0.999971 0.006439 0.004099  0.445421 0.549216 0
0  8.787975 0.181355 38.723919  0.999989 0.003253 0.003315  0.443619 0.548748 0
toilet
0  7.197905 6.450299 30.371086  0.017111 0.700454 -0.713493  0.510541 0.461303 0
0  7.413521 7.400513 31.576298  0.652612 0.592155 -0.472706  0.519795 0.474768 0
0  7.432053 6.395825 30.415012  0.684427 0.508007 -0.522961  0.508844 0.463113 0
toilet
0  8.219856 2.468155 47.331226  0.990556 0.050458 0.127485  0.465232 0.636200 0
0  8.375095 1.366551 46.337284  0.993976 0.025918 0.106493  0.454186 0.625765 0
0  8.381384 2.027195 46.082989  0.993947 0.038400 0.102931  0.461036 0.623367 0
toilet
0  7.818874 1.095051 50.117115  0.977202 0.028904 0.210335  0.450481 0.664343 0
0  8.020466 0.000584 49.118473  0.985552 -0.000144 0.169374  0.439573 0.653786 0
0  8.022055 0.976002 49.056232  0.985500 0.022324 0.168200  0.449529 0.653379 0
toilet
0  6.767892 -10.394058 38.674755  -0.570589 -0.814466 -0.105224  0.327286 0.544431 0
0  7.042346 -10.197247 37.072624  0.005408 -0.974979 -0.222231  0.333290 0.527765 0
0  7.003163 -10.483765 38.666626  0.002693 -0.993739 -0.111697  0.329832 0.544762 0
toilet
0  6.791177 1.342221 28.352070  -0.999765 -0.006800 0.020588  0.655771 0.466341 0
0  6.798744 -0.000602 28.305672  -0.953911 -0.000089 0.300091  0.669634 0.466011 0
0  6.796735 1.338673 28.392742  -0.953708 -0.048900 0.296732  0.655804 0.466762 0
toilet
0  6.330945 -8.143867 47.617783  -0.782619 -0.531668 0.323786  0.345820 0.645784 0
0  6.576862 -9.063793 46.452564  -0.595221 -0.727434 0.341398  0.340566 0.629814 0
0  6.544110 -8.326744 47.787300  -0.603840 -0.674122 0.425368  0.348794 0.644275 0
toilet
0  7.492670 2.708279 28.102001  0.791227 0.195272 -0.579507  0.470915 0.440631 0
0  7.702901 3.923073 29.194195  0.919964 0.186125 -0.344999  0.483059 0.452023 0
0  7.715042 2.638569 28.696957  0.930208 0.121311 -0.346405  0.470163 0.447108 0
toilet
0  6.500794 -10.164913 40.280727  -0.927252 0.373741 -0.022821  0.773421 0.590544 0
0  6.867567 -9.131420 41.699993  -0.929550 0.363288 -0.062911  0.761844 0.604883 0
0  6.902143 -9.195099 40.290520  -0.930196 0.366350 -0.022877  0.762646 0.590433 0
toilet
0  8.390119 -2.638866 45.716194  0.994013 -0.049793 0.097252  0.413140 0.618706 0
0  8.533821 -2.468914 44.108723  0.996306 -0.044525 0.073429  0.415157 0.602437 0
0  8.525343 -2.019706 44.454922  0.996277 -0.036728 0.077995  0.419729 0.606011 0
toilet
0  8.742865 -0.528179 35.605797  0.999273 -0.009638 -0.036886  0.436951 0.517301 0
0  8.781544 -0.000198 37.114719  0.999857 -0.000035 -0.016938  0.442076 0.532560 0
0  8.780964 -0.357219 37.137508  0.999839 -0.006505 -0.016724  0.438385 0.532709 0
toilet
0  6.692397 -8.140907 32.937302  -0.757462 -0.539879 -0.367125  0.349653 0.479200 0
0  6.706332 -7.210876 31.784431  -0.990573 -0.093990 -0.099656  0.359925 0.465667 0
0  6.720805 -7.238246 31.751041  -0.785781 -0.470936 -0.400959  0.360320 0.465911 0
toilet
0  8.065270 4.559479 47.306095  0.984809 0.104091 0.138987  0.486698 0.636753 0
0  8.230885 3.213738 46.884258  0.990482 0.065761 0.120918  0.473006 0.631901 0
0  8.244333 3.925335 46.338657  0.990387 0.080155 0.112731  0.480476 0.626595 0
toilet
0  7.913641 -3.745712 29.677769  0.946980 -0.150143 -0.284052  0.406074 0.455802 0
0  8.119346 -2.366855 29.908253  0.974067 -0.075074 -0.213443  0.419848 0.459074 0
0  8.108457 -3.511162 30.348656  0.972841 -0.111013 -0.203118  0.408139 0.462961 0
toilet
0  6.490012 2.620228 25.033779  -0.476284 0.823941 -0.307040  0.740366 0.397561 0
0  6.790992 2.711319 24.897491  -0.349902 0.852298 -0.388788  0.737173 0.396076 0
0  6.690934 2.620194 24.798023  -0.382852 0.820060 -0.425354  0.738398 0.394968 0
toilet
0  6.497391 -10.197018 40.280643  -0.988292 -0.150635 -0.024266  0.773752 0.590547 0
0  6.539240 -10.094635 38.715851  -0.928911 0.369812 0.019086  0.772841 0.574390 0
0  6.535974 -10.126507 38.710545  -0.987513 -0.152155 -0.040819  0.773171 0.574340 0
toilet
0  8.563791 -2.468135 33.321838  0.995571 -0.050757 -0.079129  0.417618 0.493720 0
0  8.670158 -1.366520 34.322250  0.998009 -0.026002 -0.057458  0.428630 0.504183 0
0  8.663872 -2.027179 34.576515  0.997798 -0.038519 -0.053991  0.421780 0.506522 0
toilet
0  6.535974 -10.126507 38.710545  -0.987513 -0.152155 -0.040819  0.773171 0.574340 0
0  6.576907 -9.818977 37.181900  -0.930543 0.361239 0.059958  0.770160 0.558535 0
0  6.573822 -9.849751 37.170856  -0.987651 -0.146035 -0.056740  0.770478 0.558425 0
toilet
0  6.458989 -10.126537 41.843716  -0.988332 -0.152118 -0.007705  0.772841 0.606667 0
0  6.500794 -10.164913 40.280727  -0.927252 0.373741 -0.022821  0.773421 0.590544 0
0  6.497391 -10.197018 40.280643  -0.988292 -0.150635 -0.024266  0.773752 0.590547 0
toilet
0  6.573822 -9.849751 37.170856  -0.987651 -0.146035 -0.056740  0.770478 0.558425 0
0  6.613379 -9.410053 35.697948  -0.933349 0.344756 0.100020  0.766078 0.543185 0
0  6.610415 -9.439610 35.682625  -0.987082 -0.142572 -0.073089  0.766384 0.543030 0
toilet
0  6.610415 -9.439610 35.682625  -0.987082 -0.142572 -0.073089  0.766384 0.543030 0
0  6.647828 -8.804264 34.293934  -0.935880 0.324441 0.137357  0.759970 0.528636 0
0  6.645089 -8.831234 34.272957  -0.986751 -0.135357 -0.089454  0.760249 0.528423 0
toilet
0  7.652061 -9.753208 40.308983  0.923012 -0.384103 0.022679  0.339812 0.562430 0
0  7.897851 -9.079247 38.906433  0.958895 -0.283645 -0.008074  0.347494 0.547993 0
0  7.863258 -9.142464 40.314137  0.957956 -0.285948 0.023533  0.346456 0.562596 0
toilet
0  8.207062 -0.845806 47.843975  0.990672 -0.017352 0.135157  0.431183 0.640593 0
0  8.374929 -1.365772 46.337452  0.993956 -0.026209 0.106602  0.426126 0.625187 0
0  8.370873 -0.694698 46.504128  0.993967 -0.013203 0.108880  0.432986 0.626992 0
toilet
0  6.311338 -2.543930 25.610481  -0.572668 -0.819666 -0.014125  0.729162 0.351701 0
0  6.499610 -2.635586 25.349819  -0.491894 -0.857181 -0.152581  0.731160 0.348907 0
0  6.451961 -2.634903 25.613930  -0.512896 -0.858357 -0.012679  0.730844 0.351660 0
toilet
0  6.301632 -7.237175 48.810562  -0.790296 -0.478532 0.382674  0.356005 0.659473 0
0  6.544110 -8.326744 47.787300  -0.603840 -0.674122 0.425368  0.348794 0.644275 0
0  6.514203 -7.400299 49.006630  -0.613977 -0.609568 0.501457  0.358814 0.657576 0
toilet
0  6.385549 9.457596 44.879982  -0.989293 0.143831 0.024726  0.550408 0.619343 0
0  6.435836 9.888771 43.402328  -0.763137 0.635772 0.115830  0.555328 0.602398 0
0  6.422203 9.850025 43.389179  -0.989113 0.147023 0.006268  0.555765 0.602461 0
toilet
0  6.511368 -10.237415 40.280994  -0.757319 -0.652780 -0.018616  0.322685 0.562010 0
0  6.767892 -10.394058 38.674755  -0.570589 -0.814466 -0.105224  0.327286 0.544431 0
0  6.728291 -10.466434 40.286327  -0.572617 -0.819702 -0.014075  0.325883 0.562087 0
toilet
0  6.472792 -10.166603 41.850365  -0.759751 -0.648039 0.053135  0.323290 0.579909 0
0  6.728291 -10.466434 40.286327  -0.572617 -0.819702 -0.014075  0.325883 0.562087 0
0  6.688873 -10.394093 41.890705  -0.575035 -0.814482 0.077162  0.326508 0.579706 0
toilet
0  6.434628 -9.888138 43.403465  -0.763746 -0.633501 0.123967  0.326029 0.597687 0
0  6.688873 -10.394093 41.890705  -0.575035 -0.814482 0.077162  0.326508 0.579706 0
0  6.649882 -10.109592 43.478230  -0.580691 -0.796861 0.166767  0.329243 0.597185 0
toilet
0  6.798744 -0.000602 28.305672  -0.953911 -0.000089 0.300091  0.669634 0.466011 0
0  7.169691 -1.201130 29.540585  -0.955356 0.049608 0.291264  0.681803 0.479384 0
0  7.171644 -0.000526 29.463959  -0.955708 -0.000131 0.294317  0.669506 0.478468 0
toilet
0  6.242649 5.099358 50.685181  -0.993411 0.076366 0.085459  0.498085 0.684129 0
0  6.276585 6.252289 49.857079  -0.797945 0.416213 0.435948  0.510953 0.674217 0
0  6.263987 6.228447 49.819473  -0.992413 0.095045 0.077989  0.511309 0.674525 0
toilet
0  7.195688 6.228398 49.842358  0.853331 0.339006 0.396109  0.503263 0.664482 0
0  7.408409 4.877320 50.260620  0.930494 0.195460 0.309801  0.489065 0.667750 0
0  7.428820 5.957268 49.432587  0.928587 0.237381 0.285264  0.500440 0.659715 0
toilet
0  7.035687 -7.965354 34.880951  -0.938036 0.320388 0.132064  0.750600 0.534822 0
0  7.083958 -7.224384 33.762497  -0.999748 0.003939 -0.022095  0.743098 0.523284 0
0  7.065541 -7.311473 33.695396  -0.940896 0.295070 0.166280  0.744012 0.522600 0
toilet
0  7.091553 -6.505569 32.638733  -0.943906 0.264252 0.198019  0.735860 0.511680 0
0  7.132771 -5.545633 31.780012  -0.999767 0.002992 -0.021383  0.726093 0.502790 0
0  7.115612 -5.612871 31.692766  -0.947094 0.228637 0.225253  0.726802 0.501894 0
toilet
0  7.169724 1.209389 29.542389  -0.955370 -0.049461 0.291243  0.657098 0.479150 0
0  7.187291 -0.000591 29.574558  -0.999784 0.000051 -0.020803  0.669495 0.479613 0
0  7.185448 1.194641 29.652428  -0.999785 -0.000543 -0.020721  0.657239 0.480290 0
toilet
0  6.936049 -5.232517 50.977932  0.633935 -0.428269 0.643981  0.385283 0.674282 0
0  7.195130 -6.231700 49.834866  0.853315 -0.339039 0.396115  0.375441 0.661774 0
0  7.173726 -5.097843 50.708694  0.857125 -0.280588 0.431981  0.387059 0.670770 0
toilet
0  6.255106 5.118344 50.726162  -0.805441 0.344426 0.482323  0.497771 0.683768 0
0  6.448860 4.019791 51.693687  -0.640520 0.342393 0.687388  0.482158 0.688118 0
0  6.466818 5.234063 50.965744  -0.633401 0.442371 0.634911  0.495662 0.681014 0
toilet
0  6.905930 -2.708103 52.209812  0.644065 -0.226446 0.730686  0.411186 0.686960 0
0  7.156523 -3.922916 51.411629  0.859973 -0.215414 0.462649  0.399107 0.677874 0
0  7.144383 -2.638412 51.908863  0.862812 -0.146825 0.483733  0.412133 0.683079 0
toilet
0  6.225211 2.649773 51.930832  -0.816776 0.180725 0.547920  0.469086 0.696525 0
0  6.428128 1.368542 52.531048  -0.650899 0.118586 0.749846  0.453385 0.696144 0
0  6.436392 2.709812 52.197941  -0.648034 0.233608 0.724900  0.467942 0.693192 0
toilet
0  6.897997 1.368508 52.542603  0.645654 0.114329 0.755023  0.452751 0.690957 0
0  7.134486 0.000824 52.318108  0.865020 -0.000347 0.501738  0.438878 0.687621 0
0  7.136652 1.333271 52.233089  0.863989 0.073917 0.498055  0.452404 0.686993 0
toilet
0  6.214896 0.000897 52.341801  -0.821000 -0.000429 0.570927  0.438609 0.700519 0
0  6.428019 -1.377414 52.528763  -0.650943 -0.118429 0.749832  0.423917 0.695518 0
0  6.425902 0.000897 52.618328  -0.653516 -0.000604 0.756913  0.438686 0.696919 0
toilet
0  6.897889 -1.377441 52.540306  0.645665 -0.114319 0.755015  0.424769 0.690360 0
0  7.144383 -2.638412 51.908863  0.862812 -0.146825 0.483733  0.412133 0.683079 0
0  7.136549 -1.341999 52.230854  0.863996 -0.073956 0.498038  0.425282 0.686414 0
toilet
0  6.918728 4.019757 51.705242  0.638508 0.330568 0.695005  0.480125 0.683322 0
0  7.144705 2.640023 51.908539  0.862904 0.146016 0.483813  0.465787 0.684185 0
0  7.156853 3.916283 51.417282  0.859973 0.215386 0.462661  0.478925 0.679572 0
toilet
0  6.918393 -4.026546 51.699436  0.638576 -0.330524 0.694964  0.397750 0.681571 0
0  7.173726 -5.097843 50.708694  0.857125 -0.280588 0.431981  0.387059 0.670770 0
0  7.156523 -3.922916 51.411629  0.859973 -0.215414 0.462649  0.399107 0.677874 0
toilet
0  6.958590 6.392956 50.088711  0.626992 0.513874 0.585504  0.505277 0.667780 0
0  7.174349 5.099305 50.708076  0.857240 0.279911 0.432191  0.491346 0.672920 0
0  7.195688 6.228398 49.842358  0.853331 0.339006 0.396109  0.503263 0.664482 0
toilet
0  7.056200 7.866410 34.928699  -0.999738 -0.004146 -0.022512  0.588296 0.533658 0
0  7.066041 7.313538 33.701382  -0.940984 -0.294438 0.166896  0.594081 0.521130 0
0  7.084653 7.225491 33.769165  -0.999747 -0.003900 -0.022133  0.594992 0.521840 0
toilet
0  6.958018 -6.396324 50.081013  0.627071 -0.513828 0.585459  0.373288 0.664986 0
0  7.220515 -7.209865 48.799381  0.849883 -0.391819 0.352387  0.365244 0.651208 0
0  7.195130 -6.231700 49.834866  0.853315 -0.339039 0.396115  0.375441 0.661774 0
toilet
0  6.547145 -2.437641 26.533794  -0.419843 -0.803362 0.422305  0.731844 0.361511 0
0  6.900184 -2.543949 26.631435  -0.294759 -0.808251 0.509752  0.735813 0.362161 0
0  6.825931 -2.437385 26.746674  -0.300828 -0.799544 0.519839  0.734929 0.363685 0
toilet
0  6.229147 3.904511 51.358330  -0.936278 -0.143161 -0.320761  0.626884 0.703303 0
0  6.674669 4.601914 49.663078  -0.936041 -0.187853 -0.297553  0.620213 0.685097 0
0  6.659456 3.529019 50.305233  -0.937444 -0.145215 -0.316403  0.631147 0.691785 0
toilet
0  6.847431 9.791191 45.053711  -0.008129 0.942743 0.333422  0.544437 0.617440 0
0  7.047836 9.064774 46.463005  0.611653 0.702084 0.364635  0.534973 0.631370 0
0  7.083362 9.707417 45.018734  0.606442 0.745046 0.277731  0.542100 0.616368 0
toilet
0  6.512619 10.237686 40.279697  -0.757045 0.653209 -0.014141  0.560111 0.566920 0
0  6.690116 10.372715 41.889988  -0.575033 0.814498 0.077011  0.555515 0.584454 0
0  6.729567 10.466675 40.285053  -0.572150 0.820103 -0.008617  0.556917 0.566848 0
toilet
0  6.551176 10.166821 38.710381  -0.755884 0.648432 -0.090413  0.559491 0.549009 0
0  6.729567 10.466675 40.285053  -0.572150 0.820103 -0.008617  0.556917 0.566848 0
0  6.769037 10.393990 38.680779  -0.570439 0.814560 -0.105313  0.556276 0.549232 0
toilet
0  6.589282 9.888405 37.157249  -0.757214 0.633041 -0.160893  0.556709 0.531222 0
0  6.769037 10.393990 38.680779  -0.570439 0.814560 -0.105313  0.556276 0.549232 0
0  6.807973 10.109833 37.093159  -0.571945 0.796875 -0.194601  0.553499 0.531746 0
toilet
0  6.641415 -1.209163 51.037682  -0.939201 0.049868 -0.339727  0.679635 0.699783 0
0  6.660685 0.000813 51.006409  -0.999599 0.000070 -0.028328  0.667237 0.699320 0
0  6.662528 -1.194423 50.928547  -0.999596 0.000663 -0.028408  0.679493 0.698643 0
toilet
0  6.435836 9.888771 43.402328  -0.763137 0.635772 0.115830  0.555328 0.602398 0
0  6.613492 9.707443 45.007195  -0.586505 0.768285 0.256419  0.546855 0.618295 0
0  6.651115 10.110229 43.476997  -0.579903 0.799467 0.156734  0.552134 0.601796 0
toilet
0  7.607996 -2.365555 50.719193  0.962398 -0.075435 0.260959  0.415203 0.670105 0
0  7.835196 -3.222072 49.442417  0.976611 -0.085006 0.197494  0.406654 0.656797 0
0  7.825224 -2.167061 49.850822  0.977027 -0.057604 0.205181  0.417360 0.661045 0
toilet
0  7.506723 9.849575 37.192547  0.845983 0.524117 -0.098052  0.544927 0.533973 0
0  7.689981 9.685928 38.812756  0.924354 0.381018 -0.019877  0.542516 0.550990 0
0  7.726315 9.420818 37.333420  0.926405 0.371477 -0.061472  0.539992 0.535502 0
toilet
0  8.445229 -1.932537 31.826824  0.992287 -0.044348 -0.115754  0.423553 0.478841 0
0  8.576522 -0.840198 32.807732  0.996115 -0.017289 -0.086345  0.434398 0.489112 0
0  8.571446 -1.663761 33.012260  0.995932 -0.034151 -0.083385  0.425934 0.490907 0
toilet
0  7.432053 6.395825 30.415012  0.684427 0.508007 -0.522961  0.508844 0.463113 0
0  7.638910 7.210026 31.806442  0.868300 0.390450 -0.305948  0.517309 0.477755 0
0  7.664295 6.231862 30.770958  0.885003 0.327650 -0.330779  0.506906 0.467384 0
toilet
0  8.292964 7.210370 38.045792  0.986326 0.164292 -0.013046  0.516475 0.542812 0
0  8.416420 6.382218 39.341053  0.991398 0.130515 0.009801  0.507644 0.555988 0
0  8.440358 6.207528 38.366287  0.991942 0.126615 -0.004360  0.506009 0.546008 0
toilet
0  7.966461 -7.753509 44.089203  0.974534 -0.203039 0.095176  0.360439 0.601802 0
0  8.180211 -7.210296 42.599678  0.984475 -0.164409 0.061471  0.366334 0.586475 0
0  8.153595 -6.910621 43.683632  0.984345 -0.157413 0.079289  0.369289 0.597634 0
toilet
0  6.293552 7.189892 48.746731  -0.931056 -0.265768 -0.250006  0.593196 0.676045 0
0  6.318771 8.108437 47.594444  -0.990925 0.123166 0.053822  0.583829 0.664064 0
0  6.322613 8.083305 47.570404  -0.929698 -0.296397 -0.218655  0.584090 0.663817 0
toilet
0  6.880084 2.517174 24.499153  -0.275818 0.798065 -0.535740  0.736744 0.391462 0
0  7.248424 2.620140 24.510925  -0.128868 0.813719 -0.566793  0.732709 0.391629 0
0  7.214170 2.517143 24.377541  -0.134550 0.795426 -0.590927  0.733229 0.389955 0
toilet
0  6.793276 -1.338241 28.253738  -0.923246 -0.056512 -0.380030  0.428718 0.426526 0
0  7.042105 -0.000667 27.657726  -0.711821 -0.000272 -0.702361  0.444159 0.431353 0
0  7.037609 -1.369655 27.746387  -0.709323 -0.103517 -0.697241  0.429936 0.432064 0
toilet
0  7.507480 -1.369686 27.757931  0.798336 -0.096139 -0.594489  0.430497 0.436774 0
0  7.724940 -0.000675 28.287708  0.938218 0.000264 -0.346045  0.443922 0.442794 0
0  7.722772 -1.333110 28.372749  0.936519 -0.059402 -0.345547  0.430664 0.443354 0
toilet
0  7.214170 2.517143 24.377541  -0.134550 0.795426 -0.590927  0.733229 0.389955 0
0  7.566998 2.620129 24.479153  0.014581 0.812950 -0.582151  0.729377 0.391132 0
0  7.570363 2.517113 24.342010  0.014969 0.794382 -0.607234  0.729419 0.389372 0
toilet
0  6.502031 10.165188 40.279575  -0.927315 -0.373486 -0.024384  0.563313 0.588387 0
0  6.537038 10.126808 38.716320  -0.987460 0.152484 -0.040880  0.563891 0.572262 0
0  6.540292 10.094952 38.721600  -0.928962 -0.369679 0.019139  0.564219 0.572319 0
toilet
0  8.260535 4.544655 45.680782  0.990326 0.093040 0.102951  0.487048 0.620118 0
0  8.401487 3.224034 45.267750  0.993907 0.061052 0.091768  0.473562 0.615454 0
0  8.414794 3.732705 44.727409  0.993895 0.071085 0.084380  0.478950 0.610128 0
toilet
0  8.292085 -7.210586 38.046673  0.986307 -0.164406 -0.013021  0.367316 0.539736 0
0  8.462665 -5.949249 37.429111  0.992368 -0.121941 -0.018343  0.380568 0.533881 0
0  8.439603 -6.207736 38.367046  0.991867 -0.127203 -0.004426  0.377643 0.543362 0
toilet
0  8.414337 -3.732131 44.727863  0.993896 -0.071082 0.084367  0.402027 0.608545 0
0  8.555421 -3.214038 43.227837  0.996384 -0.058035 0.062063  0.407619 0.593404 0
0  8.543879 -2.856449 43.698483  0.996333 -0.051792 0.068098  0.411229 0.598225 0
toilet
0  6.776754 3.912438 29.209812  -0.950755 -0.143511 0.274719  0.629141 0.474896 0
0  6.783342 2.638626 28.674065  -0.999702 -0.013639 0.020263  0.642349 0.469508 0
0  6.788907 2.632435 28.714138  -0.952360 -0.097962 0.288813  0.642409 0.469924 0
toilet
0  7.467673 -10.126564 38.733433  0.842392 -0.537427 -0.039349  0.335948 0.545830 0
0  7.725165 -9.421062 37.334568  0.926371 -0.371557 -0.061493  0.344117 0.531465 0
0  7.688964 -9.685768 38.807228  0.924295 -0.381163 -0.019831  0.340961 0.546766 0
toilet
0  7.408409 4.877320 50.260620  0.930494 0.195460 0.309801  0.489065 0.667750 0
0  7.619177 3.511223 50.278442  0.961758 0.110800 0.250490  0.475026 0.666997 0
0  7.634863 4.571896 49.642590  0.960978 0.144594 0.235827  0.486081 0.660966 0
toilet
0  7.198160 -10.466461 40.297871  0.605965 -0.795352 0.014886  0.331047 0.562213 0
0  7.467673 -10.126564 38.733433  0.842392 -0.537427 -0.039349  0.335948 0.545830 0
0  7.429091 -10.197075 40.303535  0.840665 -0.541163 0.020649  0.334702 0.562303 0
toilet
0  8.236133 -7.464801 40.323193  0.985127 -0.170114 0.024222  0.364125 0.563043 0
0  8.415750 -6.382156 39.337418  0.991457 -0.130059 0.009879  0.375602 0.553220 0
0  8.391432 -6.426589 40.326942  0.990975 -0.131815 0.024350  0.374922 0.563319 0
toilet
0  8.278343 -5.112789 44.932652  0.990223 -0.104648 0.092230  0.387748 0.610517 0
0  8.445937 -4.571048 43.439808  0.993993 -0.086775 0.066695  0.393563 0.595357 0
0  8.429420 -4.199348 44.112934  0.993922 -0.079605 0.076039  0.397299 0.602244 0
toilet
0  6.741612 -6.252012 30.687124  -0.844668 -0.367370 -0.389327  0.371982 0.454137 0
0  6.753376 -5.099094 29.874859  -0.999920 0.004901 -0.011693  0.384188 0.443403 0
0  6.758018 -5.117921 29.799475  -0.892668 -0.258292 -0.369364  0.384852 0.443845 0
toilet
0  8.432146 2.792710 25.890797  0.433407 0.891128 0.134347  0.719869 0.405510 0
0  8.466645 2.710656 26.177940  0.434949 0.855774 0.280127  0.719277 0.408474 0
0  8.577039 2.711419 25.931362  0.490689 0.857956 0.152105  0.718232 0.405885 0
toilet
0  8.462665 -5.949249 37.429111  0.992368 -0.121941 -0.018343  0.380568 0.533881 0
0  8.598759 -4.571441 37.220284  0.996066 -0.086800 -0.017831  0.394861 0.532268 0
0  8.580810 -4.886356 37.949978  0.995706 -0.092236 -0.007813  0.391421 0.539560 0
toilet
0  8.505305 5.112832 35.720455  0.993555 0.104640 -0.043580  0.495062 0.518995 0
0  8.599317 4.571080 37.219723  0.996062 0.086837 -0.017867  0.489263 0.534213 0
0  8.615835 4.199376 36.546589  0.996471 0.079444 -0.027112  0.485526 0.527372 0
toilet
0  7.560359 -2.715358 24.749802  0.011573 -0.882104 -0.470912  0.741791 0.342364 0
0  7.843065 -2.635147 24.657475  0.143756 -0.845804 -0.513761  0.744662 0.341033 0
0  7.800671 -2.716381 24.794319  0.126861 -0.882244 -0.453377  0.744259 0.342607 0
toilet
0  7.800671 -2.716381 24.794319  0.126861 -0.882244 -0.453377  0.744259 0.342607 0
0  8.103845 -2.634479 24.762875  0.265048 -0.848495 -0.458046  0.747387 0.342040 0
0  8.027749 -2.715446 24.880878  0.233517 -0.884657 -0.403549  0.746572 0.343458 0
toilet
0  8.027749 -2.715446 24.880878  0.233517 -0.884657 -0.403549  0.746572 0.343458 0
0  8.321751 -2.635299 24.934906  0.369634 -0.851424 -0.372087  0.749738 0.343686 0
0  8.212605 -2.716545 25.033241  0.325734 -0.886761 -0.327951  0.748568 0.344852 0
toilet
0  8.212605 -2.716545 25.033241  0.325734 -0.886761 -0.327951  0.748568 0.344852 0
0  8.492171 -2.634655 25.149418  0.449328 -0.854939 -0.259197  0.751556 0.345852 0
0  8.363690 -2.715637 25.215508  0.395083 -0.889905 -0.227989  0.750114 0.346688 0
toilet
0  8.443625 -2.716716 25.434589  0.438940 -0.891398 -0.112873  0.751108 0.348840 0
0  8.492171 -2.634655 25.149418  0.449328 -0.854939 -0.259197  0.751556 0.345852 0
0  8.590349 -2.635459 25.401192  0.498893 -0.857121 -0.128255  0.752725 0.348387 0
toilet
0  8.478539 -2.715751 25.663723  0.450925 -0.892492 0.011206  0.751490 0.351163 0
0  8.590349 -2.635459 25.401192  0.498893 -0.857121 -0.128255  0.752725 0.348387 0
0  8.624970 -2.634761 25.667324  0.513001 -0.858296 0.012582  0.753173 0.351122 0
toilet
0  8.432412 -2.716739 25.890873  0.432961 -0.891366 0.134207  0.751220 0.353501 0
0  8.624970 -2.634761 25.667324  0.513001 -0.858296 0.012582  0.753173 0.351122 0
0  8.577317 -2.635490 25.931438  0.491988 -0.857147 0.152467  0.752857 0.353876 0
toilet
0  8.341817 -2.715686 26.105755  0.383379 -0.890026 0.246728  0.750331 0.355699 0
0  8.577317 -2.635490 25.931438  0.491988 -0.857147 0.152467  0.752857 0.353876 0
0  8.466895 -2.634716 26.178085  0.436044 -0.854976 0.280858  0.751812 0.356465 0
toilet
0  8.286145 -2.635387 26.383976  0.350900 -0.851471 0.389700  0.750100 0.358715 0
0  8.341817 -2.715686 26.105755  0.383379 -0.890026 0.246728  0.750331 0.355699 0
0  8.466895 -2.634716 26.178085  0.436044 -0.854976 0.280858  0.751812 0.356465 0
toilet
0  6.610284 2.710713 25.103313  -0.434735 0.855868 -0.280172  0.738885 0.398327 0
0  6.644792 2.792786 25.390457  -0.433340 0.891144 -0.134453  0.738293 0.401290 0
0  6.735363 2.791706 25.175629  -0.383886 0.889595 -0.247492  0.737404 0.399093 0
toilet
0  7.794412 -2.635273 26.637558  0.118330 -0.845876 0.520089  0.745158 0.361610 0
0  7.989843 -2.715534 26.423481  0.213480 -0.884725 0.414352  0.746948 0.359096 0
0  8.060052 -2.634590 26.545094  0.242324 -0.848544 0.470375  0.747831 0.360473 0
toilet
0  7.513179 -2.634537 26.669754  -0.013057 -0.845387 0.533994  0.742265 0.362039 0
0  7.758791 -2.716491 26.498787  0.104389 -0.882334 0.458901  0.744680 0.360058 0
0  7.794412 -2.635273 26.637558  0.118330 -0.845876 0.520089  0.745158 0.361610 0
toilet
0  8.539310 -3.925056 34.314632  0.994719 -0.080272 -0.063956  0.402363 0.503100 0
0  8.654814 -2.639541 34.943661  0.997526 -0.050329 -0.049086  0.415386 0.509996 0
0  8.643764 -3.223804 35.391933  0.997207 -0.061175 -0.042841  0.409252 0.514292 0
toilet
0  8.504807 -5.111808 35.716000  0.993597 -0.104370 -0.043274  0.389711 0.516773 0
0  8.630462 -3.732681 35.932125  0.996854 -0.070920 -0.035391  0.403860 0.519547 0
0  8.615425 -4.198535 36.542938  0.996458 -0.079599 -0.027122  0.398891 0.525546 0
toilet
0  8.654190 -2.173748 42.292500  0.998000 -0.039025 0.049732  0.418538 0.584139 0
0  8.728317 -1.194027 41.148567  0.999150 -0.021671 0.035072  0.428892 0.572815 0
0  8.724022 -1.096683 41.323616  0.999096 -0.020060 0.037480  0.429863 0.574598 0
toilet
0  7.049345 2.791565 26.400135  -0.233652 0.884475 0.403869  0.733644 0.411334 0
0  7.233954 2.711254 26.623501  -0.143253 0.846755 0.512332  0.731735 0.413759 0
0  7.276353 2.792496 26.486660  -0.126853 0.882047 0.453763  0.731332 0.412185 0
toilet
0  8.392217 6.426636 40.326160  0.991048 0.131102 0.025240  0.507909 0.566061 0
0  8.503057 5.231034 41.138828  0.994462 0.098931 0.035459  0.495341 0.574091 0
0  8.522949 5.278450 40.329441  0.994680 0.099911 0.025112  0.496005 0.565872 0
toilet
0  8.206820 -6.661827 34.309799  0.980558 -0.174671 -0.089415  0.374185 0.501558 0
0  8.389088 -5.278789 34.103535  0.989620 -0.120778 -0.077874  0.388517 0.500246 0
0  8.367823 -5.937614 34.967354  0.988744 -0.135442 -0.063568  0.381436 0.508728 0
toilet
0  6.783953 -2.786823 25.812370  -0.344242 -0.934704 0.088462  0.734525 0.353490 0
0  6.924918 -2.833568 25.625542  -0.155949 -0.987757 -0.003870  0.735891 0.351539 0
0  6.942131 -2.833576 25.776363  -0.149455 -0.988036 0.038043  0.736141 0.353037 0
toilet
0  6.848964 -2.786350 25.995853  -0.311777 -0.932889 0.180314  0.735346 0.355258 0
0  6.942131 -2.833576 25.776363  -0.149455 -0.988036 0.038043  0.736141 0.353037 0
0  6.999984 -2.833587 25.917931  -0.136852 -0.987414 0.079284  0.736789 0.354421 0
toilet
0  6.976508 -2.786716 26.146946  -0.255626 -0.931870 0.257435  0.736619 0.356765 0
0  6.999984 -2.833587 25.917931  -0.136852 -0.987414 0.079284  0.736789 0.354421 0
0  7.094535 -2.833587 26.040604  -0.111587 -0.987481 0.111485  0.737789 0.355599 0
toilet
0  6.976508 -2.786716 26.146946  -0.255626 -0.931870 0.257435  0.736619 0.356765 0
0  7.219340 -2.833587 26.136017  -0.080708 -0.986754 0.140723  0.739076 0.356489 0
0  7.129652 -2.786201 26.275490  -0.184163 -0.929666 0.319071  0.738261 0.357907 0
toilet
0  7.354848 2.862618 24.925385  -0.082345 0.928488 -0.362118  0.731274 0.396287 0
0  7.552747 2.909840 25.059881  0.004101 0.986339 -0.164675  0.729220 0.397613 0
0  7.556762 2.862133 24.896378  0.009240 0.927511 -0.373682  0.729259 0.395993 0
toilet
0  7.129652 -2.786201 26.275490  -0.184163 -0.929666 0.319071  0.738261 0.357907 0
0  7.365894 -2.833576 26.197666  -0.043669 -0.986910 0.155250  0.740563 0.357028 0
0  7.319894 -2.786587 26.346134  -0.099604 -0.929001 0.356422  0.740160 0.358602 0
toilet
0  7.556762 2.862133 24.896378  0.009240 0.927511 -0.373682  0.729259 0.395993 0
0  7.711062 2.909832 25.083569  0.043884 0.986835 -0.155661  0.727636 0.397763 0
0  7.757007 2.862599 24.935261  0.100063 0.928456 -0.357709  0.727233 0.396189 0
toilet
0  8.152038 2.909840 25.655693  0.156486 0.987673 0.003789  0.722963 0.403253 0
0  8.283498 2.862851 25.849178  0.340763 0.934196 0.105630  0.721505 0.405136 0
0  8.323773 2.862416 25.659916  0.357025 0.934054 0.008705  0.721281 0.403212 0
toilet
0  8.076972 2.909832 25.363302  0.137262 0.987333 -0.079578  0.723861 0.400370 0
0  8.292844 2.862824 25.468906  0.345536 0.934188 -0.088867  0.721598 0.401302 0
0  8.227839 2.862339 25.285458  0.312864 0.932398 -0.180968  0.722418 0.399534 0
toilet
0  6.895176 2.792591 25.001060  -0.309458 0.886541 -0.343919  0.735948 0.397185 0
0  7.161407 2.862236 24.986584  -0.168814 0.929145 -0.328923  0.733138 0.397073 0
0  7.087236 2.791466 24.858009  -0.213476 0.884441 -0.414960  0.734021 0.395696 0
toilet
0  7.915625 -2.786152 26.294804  0.168400 -0.929636 0.327749  0.746065 0.357719 0
0  7.962241 -2.833534 26.061924  0.106098 -0.987469 0.116824  0.746425 0.355391 0
0  8.074897 -2.786651 26.173935  0.242872 -0.931794 0.269763  0.747650 0.356499 0
toilet
0  8.134825 2.909832 25.504871  0.150010 0.987943 -0.038275  0.723214 0.401755 0
0  8.323773 2.862416 25.659916  0.357025 0.934054 0.008705  0.721281 0.403212 0
0  8.292844 2.862824 25.468906  0.345536 0.934188 -0.088867  0.721598 0.401302 0
toilet
0  7.722143 -2.786560 26.356018  0.082083 -0.929000 0.360861  0.744201 0.358505 0
0  7.832900 -2.833549 26.151093  0.074009 -0.986763 0.144294  0.745182 0.356342 0
0  7.915625 -2.786152 26.294804  0.168400 -0.929636 0.327749  0.746065 0.357719 0
toilet
0  7.757007 2.862599 24.935261  0.100063 0.928456 -0.357709  0.727233 0.396189 0
0  7.857617 2.909832 25.145224  0.081257 0.986669 -0.141005  0.726149 0.398303 0
0  7.947207 2.862194 25.005894  0.184894 0.929121 -0.320231  0.725333 0.396885 0
toilet
0  8.062701 2.909859 25.944046  0.133214 0.987339 0.086117  0.723721 0.406176 0
0  8.074782 2.862770 26.173820  0.243609 0.931367 0.270574  0.723439 0.408508 0
0  8.209565 2.862374 26.029209  0.303619 0.932411 0.196023  0.722240 0.406942 0
toilet
0  7.002167 2.862770 25.107422  -0.243495 0.931349 -0.270739  0.734723 0.398293 0
0  7.244055 2.909859 25.130142  -0.073929 0.986662 -0.145029  0.732255 0.398450 0
0  7.161407 2.862236 24.986584  -0.168814 0.929145 -0.328923  0.733138 0.397073 0
toilet
0  7.711063 -2.833488 25.083565  0.043792 -0.986890 -0.155339  0.743454 0.345754 0
0  7.947299 -2.786068 25.005749  0.184307 -0.929584 -0.319223  0.745756 0.344876 0
0  7.857618 -2.833488 25.145218  0.081129 -0.986720 -0.140718  0.744940 0.346294 0
toilet
0  7.552747 -2.833496 25.059875  0.004095 -0.986401 -0.164303  0.741869 0.345604 0
0  7.757057 -2.786468 24.935104  0.099704 -0.928972 -0.356469  0.743856 0.344180 0
0  7.711063 -2.833488 25.083565  0.043792 -0.986890 -0.155339  0.743454 0.345754 0
toilet
0  7.393460 -2.833507 25.075764  -0.036019 -0.986889 -0.157331  0.740293 0.345830 0
0  7.556766 -2.786007 24.896210  0.009213 -0.928009 -0.372443  0.741830 0.343984 0
0  7.552747 -2.833496 25.059875  0.004095 -0.986401 -0.164303  0.741869 0.345604 0
toilet
0  7.244056 -2.833515 25.130148  -0.073976 -0.986734 -0.144511  0.738834 0.346441 0
0  7.354806 -2.786499 24.925224  -0.081981 -0.928965 -0.360975  0.739815 0.344278 0
0  7.393460 -2.833507 25.075764  -0.036019 -0.986889 -0.157331  0.740293 0.345830 0
toilet
0  7.114715 -2.833534 25.219315  -0.105967 -0.987468 -0.116955  0.737591 0.347392 0
0  7.161325 -2.786114 24.986439  -0.168288 -0.929611 -0.327876  0.737951 0.345064 0
0  7.244056 -2.833515 25.130148  -0.073976 -0.986734 -0.144511  0.738834 0.346441 0
toilet
0  6.867243 -2.786300 25.251949  -0.302516 -0.932875 -0.195518  0.735167 0.347850 0
0  7.114715 -2.833534 25.219315  -0.105967 -0.987468 -0.116955  0.737591 0.347392 0
0  7.014254 -2.833549 25.337194  -0.132747 -0.987411 -0.086015  0.736648 0.348616 0
toilet
0  6.793297 -2.786808 25.432018  -0.339504 -0.934683 -0.105377  0.734432 0.349656 0
0  7.014254 -2.833549 25.337194  -0.132747 -0.987411 -0.086015  0.736648 0.348616 0
0  6.949518 -2.833561 25.475750  -0.147398 -0.988032 -0.045457  0.736069 0.350030 0
toilet
0  6.753012 -2.786400 25.621319  -0.355711 -0.934555 -0.008783  0.734208 0.351579 0
0  6.949518 -2.833561 25.475750  -0.147398 -0.988032 -0.045457  0.736069 0.350030 0
0  6.924918 -2.833568 25.625542  -0.155949 -0.987757 -0.003870  0.735891 0.351539 0
toilet
0  7.835464 3.216580 49.447056  0.976680 0.084695 0.197291  0.472269 0.658196 0
0  8.027948 1.932606 48.818645  0.985410 0.044236 0.164347  0.459348 0.651234 0
0  8.036840 2.866894 48.459015  0.985229 0.065554 0.158196  0.468993 0.647875 0
toilet
0  6.463729 10.073929 41.837582  -0.926563 -0.370540 -0.064661  0.564099 0.604470 0
0  6.903243 9.195328 40.289761  -0.930110 -0.366403 -0.025379  0.574087 0.588499 0
0  6.868657 9.112885 41.697163  -0.929428 -0.363562 -0.063146  0.574781 0.602944 0
toilet
0  6.790786 -2.635387 24.897285  -0.350756 -0.851493 -0.389782  0.733916 0.344067 0
0  6.949615 -2.543831 24.619686  -0.269581 -0.808186 -0.523605  0.735302 0.340933 0
0  7.016878 -2.634548 24.736164  -0.242266 -0.848524 -0.470441  0.736185 0.342310 0
toilet
0  7.016878 -2.634548 24.736164  -0.242266 -0.848524 -0.470441  0.736185 0.342310 0
0  7.248424 -2.543796 24.510929  -0.131450 -0.805169 -0.578294  0.738381 0.339620 0
0  7.282520 -2.635177 24.643707  -0.118194 -0.845906 -0.520070  0.738859 0.341172 0
toilet
0  7.282520 -2.635177 24.643707  -0.118194 -0.845906 -0.520070  0.738859 0.341172 0
0  7.566998 -2.543781 24.479153  0.014537 -0.804374 -0.593946  0.741713 0.339123 0
0  7.563752 -2.634411 24.611507  0.013150 -0.845328 -0.534086  0.741752 0.340743 0
toilet
0  7.563752 -2.634411 24.611507  0.013150 -0.845328 -0.534086  0.741752 0.340743 0
0  7.883630 -2.543758 24.526531  0.159788 -0.805187 -0.571088  0.745065 0.339459 0
0  7.843065 -2.635147 24.657475  0.143756 -0.845804 -0.513761  0.744662 0.341033 0
toilet
0  7.843065 -2.635147 24.657475  0.143756 -0.845804 -0.513761  0.744662 0.341033 0
0  8.176736 -2.543751 24.649837  0.294928 -0.808096 -0.509900  0.748203 0.340622 0
0  8.103845 -2.634479 24.762875  0.265048 -0.848495 -0.458046  0.747387 0.342040 0
toilet
0  8.534042 2.467564 44.111694  0.996296 0.044537 0.073561  0.466064 0.603517 0
0  8.634014 1.366337 43.122238  0.997871 0.024529 0.060436  0.454933 0.593248 0
0  8.639732 1.668877 42.890270  0.997902 0.029906 0.057414  0.458110 0.590979 0
toilet
0  8.629326 1.049351 43.312267  0.997847 0.018777 0.062845  0.451619 0.595090 0
0  8.709856 0.356736 41.903584  0.998962 0.006432 0.045096  0.444768 0.580743 0
0  8.711485 0.528878 41.837749  0.998969 0.009706 0.044339  0.446562 0.580118 0
toilet
0  8.674379 0.694722 34.155407  0.998122 0.013077 -0.059837  0.449820 0.502994 0
0  8.739801 1.045334 35.734241  0.999196 0.019000 -0.035300  0.453135 0.518900 0
0  8.742908 0.531720 35.606674  0.999269 0.009538 -0.037032  0.447868 0.517535 0
toilet
0  8.624970 -2.634761 25.667324  0.513001 -0.858296 0.012582  0.753173 0.351122 0
0  8.731154 -2.543758 25.369144  0.556484 -0.818452 -0.143047  0.754341 0.347934 0
0  8.765582 -2.543777 25.670788  0.572729 -0.819624 0.014060  0.754855 0.351082 0
toilet
0  8.577317 -2.635490 25.931438  0.491988 -0.857147 0.152467  0.752857 0.353876 0
0  8.765582 -2.543777 25.670788  0.572729 -0.819624 0.014060  0.754855 0.351082 0
0  8.716380 -2.543796 25.970375  0.548805 -0.818458 0.170113  0.754493 0.354250 0
toilet
0  8.466895 -2.634716 26.178085  0.436044 -0.854976 0.280858  0.751812 0.356465 0
0  8.716380 -2.543796 25.970375  0.548805 -0.818458 0.170113  0.754493 0.354250 0
0  8.586909 -2.543823 26.247490  0.486335 -0.815849 0.312839  0.753294 0.357231 0
toilet
0  8.385985 -2.543849 26.483250  0.390724 -0.811811 0.433934  0.751325 0.359823 0
0  8.466895 -2.634716 26.178085  0.436044 -0.854976 0.280858  0.751812 0.356465 0
0  8.586909 -2.543823 26.247490  0.486335 -0.815849 0.312839  0.753294 0.357231 0
toilet
0  8.510653 0.528202 45.058857  0.996252 0.009528 0.085967  0.445859 0.612608 0
0  8.623333 0.000203 43.553646  0.997812 -0.000099 0.066118  0.440738 0.597291 0
0  8.623913 0.357235 43.530865  0.997805 0.006401 0.065903  0.444428 0.597139 0
toilet
0  7.887753 -5.921772 47.296879  0.975301 -0.156292 0.156078  0.379123 0.634832 0
0  8.104773 -5.938758 45.672947  0.984425 -0.135482 0.112034  0.379119 0.618084 0
0  8.083445 -5.278011 46.542587  0.984597 -0.120829 0.126370  0.385852 0.627004 0
toilet
0  8.083445 -5.278011 46.542587  0.984597 -0.120829 0.126370  0.385852 0.627004 0
0  8.278343 -5.112789 44.932652  0.990223 -0.104648 0.092230  0.387748 0.610517 0
0  8.259979 -4.543941 45.681332  0.990314 -0.093082 0.103029  0.393523 0.618192 0
toilet
0  8.633848 -1.365978 43.122406  0.997864 -0.024729 0.060458  0.426722 0.592667 0
0  8.716660 -0.841724 41.623863  0.999021 -0.015526 0.041430  0.432438 0.577674 0
0  8.713755 -0.688209 41.742435  0.999004 -0.012574 0.042813  0.434001 0.578899 0
toilet
0  6.753998 5.098065 29.874237  -0.999911 -0.003872 -0.012765  0.503575 0.445889 0
0  6.773813 3.939549 29.085400  -0.914411 0.176531 -0.364264  0.489566 0.437720 0
0  6.771200 3.923138 29.171299  -0.999799 -0.016032 0.012047  0.490198 0.437092 0
toilet
0  6.650574 -2.543949 26.440609  -0.411463 -0.811875 0.414195  0.733108 0.360262 0
0  6.973086 -2.634655 26.518391  -0.264967 -0.848580 0.457935  0.736629 0.360743 0
0  6.900184 -2.543949 26.631435  -0.294759 -0.808251 0.509752  0.735813 0.362161 0
toilet
0  6.461473 -2.543949 26.195263  -0.500788 -0.815918 0.288943  0.731017 0.357767 0
0  6.755181 -2.635471 26.346355  -0.369532 -0.851507 0.371997  0.734278 0.359096 0
0  6.650574 -2.543949 26.440609  -0.411463 -0.811875 0.414195  0.733108 0.360262 0
toilet
0  6.461473 -2.543949 26.195263  -0.500788 -0.815918 0.288943  0.731017 0.357767 0
0  6.486583 -2.635620 25.880066  -0.498819 -0.857177 0.128171  0.731292 0.354395 0
0  6.584760 -2.634838 26.131840  -0.449305 -0.854972 0.259130  0.732460 0.356931 0
toilet
0  7.761091 9.029266 35.917179  0.928835 0.356076 -0.102347  0.535944 0.520734 0
0  7.932861 8.830872 37.524899  0.960241 0.276427 -0.039069  0.533573 0.537507 0
0  7.965460 8.463837 36.197346  0.961817 0.264754 -0.069380  0.529842 0.523730 0
toilet
0  6.785501 2.648274 28.581127  -0.921867 0.113788 -0.370423  0.474965 0.431160 0
0  7.000721 4.035340 28.632347  -0.682862 0.317610 -0.657894  0.486196 0.441651 0
0  7.022799 2.708298 28.090458  -0.698288 0.213300 -0.683298  0.472319 0.436045 0
toilet
0  7.428820 5.957268 49.432587  0.928587 0.237381 0.285264  0.500440 0.659715 0
0  7.634863 4.571896 49.642590  0.960978 0.144594 0.235827  0.486081 0.660966 0
0  7.653994 5.584210 48.866405  0.960076 0.175662 0.217706  0.496732 0.653450 0
toilet
0  8.716380 -2.543796 25.970375  0.548805 -0.818458 0.170113  0.754493 0.354250 0
0  8.908401 -2.437164 25.674305  0.584831 -0.811030 0.014243  0.756650 0.351039 0
0  8.853629 -2.437454 26.008804  0.560127 -0.810066 0.173352  0.756250 0.354648 0
toilet
0  8.708911 -2.437229 26.318104  0.496507 -0.807043 0.319629  0.754889 0.358047 0
0  8.716380 -2.543796 25.970375  0.548805 -0.818458 0.170113  0.754493 0.354250 0
0  8.853629 -2.437454 26.008804  0.560127 -0.810066 0.173352  0.756250 0.354648 0
toilet
0  6.490012 -2.543884 25.033783  -0.486173 -0.815775 -0.313284  0.730723 0.345552 0
0  6.592206 -2.437530 24.699883  -0.398494 -0.803412 -0.442416  0.731368 0.341773 0
0  6.690934 -2.543850 24.798023  -0.390624 -0.811801 -0.434041  0.732691 0.342959 0
toilet
0  6.690934 -2.543850 24.798023  -0.390624 -0.811801 -0.434041  0.732691 0.342959 0
0  6.881110 -2.437244 24.500954  -0.274828 -0.799560 -0.534015  0.734345 0.339453 0
0  6.949615 -2.543831 24.619686  -0.269581 -0.808186 -0.523605  0.735302 0.340933 0
toilet
0  7.862261 -2.437595 26.901890  0.134181 -0.796742 0.589234  0.746156 0.364837 0
0  8.127305 -2.543876 26.661583  0.269655 -0.808163 0.523601  0.748714 0.361850 0
0  8.195798 -2.437297 26.780331  0.275044 -0.799487 0.534014  0.749671 0.363329 0
toilet
0  7.248424 -2.543796 24.510929  -0.131450 -0.805169 -0.578294  0.738381 0.339620 0
0  7.570312 -2.437202 24.344105  0.014999 -0.795298 -0.606033  0.741670 0.337363 0
0  7.566998 -2.543781 24.479153  0.014537 -0.804374 -0.593946  0.741713 0.339123 0
toilet
0  6.550086 -10.166573 38.704575  -0.756220 -0.648065 -0.090238  0.324082 0.544073 0
0  6.573822 -9.849751 37.170856  -0.987651 -0.146035 -0.056740  0.327156 0.526421 0
0  6.588075 -9.888527 37.158455  -0.756774 -0.633441 -0.161385  0.327591 0.526494 0
toilet
0  8.126658 1.203324 29.619278  0.974742 0.037835 -0.220107  0.455674 0.457122 0
0  8.293927 2.167138 30.785957  0.985948 0.057471 -0.156856  0.465265 0.469074 0
0  8.300364 1.102341 30.521488  0.986350 0.028932 -0.162100  0.454546 0.466362 0
toilet
0  8.195798 -2.437297 26.780331  0.275044 -0.799487 0.534014  0.749671 0.363329 0
0  8.385985 -2.543849 26.483250  0.390724 -0.811811 0.433934  0.751325 0.359823 0
0  8.484701 -2.437530 26.581406  0.399129 -0.803045 0.442510  0.752648 0.361010 0
toilet
0  8.484701 -2.437530 26.581406  0.399129 -0.803045 0.442510  0.752648 0.361010 0
0  8.586909 -2.543823 26.247490  0.486335 -0.815849 0.312839  0.753294 0.357231 0
0  8.708911 -2.437229 26.318104  0.496507 -0.807043 0.319629  0.754889 0.358047 0
toilet
0  8.731154 -2.543758 25.369144  0.556484 -0.818452 -0.143047  0.754341 0.347934 0
0  8.740769 -2.437145 25.021488  0.511660 -0.807072 -0.294683  0.754553 0.344123 0
0  8.870122 -2.437404 25.337521  0.567611 -0.810285 -0.145790  0.756076 0.347453 0
toilet
0  8.765582 -2.543777 25.670788  0.572729 -0.819624 0.014060  0.754855 0.351082 0
0  8.870122 -2.437404 25.337521  0.567611 -0.810285 -0.145790  0.756076 0.347453 0
0  8.908401 -2.437164 25.674305  0.584831 -0.811030 0.014243  0.756650 0.351039 0
toilet
0  6.168506 -2.437332 25.606979  -0.584748 -0.811088 -0.014357  0.727367 0.351744 0
0  6.360538 -2.543903 25.310898  -0.548729 -0.818486 -0.170223  0.729523 0.348532 0
0  6.311338 -2.543930 25.610481  -0.572668 -0.819666 -0.014125  0.729162 0.351701 0
toilet
0  7.506873 1.380333 27.759499  0.802104 0.094911 -0.589593  0.457705 0.437349 0
0  7.715042 2.638569 28.696957  0.930208 0.121311 -0.346405  0.470163 0.447108 0
0  7.722875 1.342156 28.374966  0.936586 0.059092 -0.345421  0.457250 0.443925 0
toilet
0  8.426347 -2.543750 24.840664  0.411627 -0.811700 -0.414374  0.750908 0.342521 0
0  8.740769 -2.437145 25.021488  0.511660 -0.807072 -0.294683  0.754553 0.344123 0
0  8.615447 -2.543750 25.086010  0.500960 -0.815762 -0.289087  0.752999 0.345016 0
toilet
0  8.176736 -2.543751 24.649837  0.294928 -0.808096 -0.509900  0.748203 0.340622 0
0  8.529763 -2.437408 24.747490  0.419967 -0.803248 -0.422398  0.752173 0.341271 0
0  8.426347 -2.543750 24.840664  0.411627 -0.811700 -0.414374  0.750908 0.342521 0
toilet
0  7.883630 -2.543758 24.526531  0.159788 -0.805187 -0.571088  0.745065 0.339459 0
0  8.250977 -2.437164 24.534615  0.301368 -0.799130 -0.520163  0.749088 0.339098 0
0  8.176736 -2.543751 24.649837  0.294928 -0.808096 -0.509900  0.748203 0.340622 0
toilet
0  7.506596 -2.437366 26.937183  -0.014899 -0.795371 0.605939  0.742346 0.365419 0
0  7.828496 -2.543903 26.770344  0.131528 -0.805261 0.578148  0.745636 0.363163 0
0  7.862261 -2.437595 26.901890  0.134181 -0.796742 0.589234  0.746156 0.364837 0
toilet
0  7.566998 -2.543781 24.479153  0.014537 -0.804374 -0.593946  0.741713 0.339123 0
0  7.923814 -2.437443 24.396816  0.163144 -0.796265 -0.582534  0.745504 0.337761 0
0  7.883630 -2.543758 24.526531  0.159788 -0.805187 -0.571088  0.745065 0.339459 0
toilet
0  6.949615 -2.543831 24.619686  -0.269581 -0.808186 -0.523605  0.735302 0.340933 0
0  7.214646 -2.437488 24.379391  -0.134211 -0.796488 -0.589571  0.737861 0.337946 0
0  7.248424 -2.543796 24.510929  -0.131450 -0.805169 -0.578294  0.738381 0.339620 0
toilet
0  6.783020 -2.639808 28.674385  -0.999703 0.013715 0.020160  0.696842 0.470068 0
0  6.796611 -1.329555 28.390530  -0.953703 0.049052 0.296724  0.683341 0.467020 0
0  6.791072 -1.333053 28.349854  -0.999776 0.006835 0.020050  0.683381 0.466600 0
toilet
0  6.788907 2.632435 28.714138  -0.952360 -0.097962 0.288813  0.642409 0.469924 0
0  6.791177 1.342221 28.352070  -0.999765 -0.006800 0.020588  0.655771 0.466341 0
0  6.796735 1.338673 28.392742  -0.953708 -0.048900 0.296732  0.655804 0.466762 0
toilet
0  7.492339 -2.709617 28.102333  0.786100 -0.196192 -0.586136  0.417035 0.439519 0
0  7.722772 -1.333110 28.372749  0.936519 -0.059402 -0.345547  0.430664 0.443354 0
0  7.714720 -2.639866 28.697277  0.930342 -0.120575 -0.346302  0.417527 0.446025 0
toilet
0  6.216998 2.632847 51.847912  -0.937138 -0.097370 -0.335099  0.639965 0.708483 0
0  6.659456 3.529019 50.305233  -0.937444 -0.145215 -0.316403  0.631147 0.691785 0
0  6.648550 2.383095 50.746330  -0.938484 -0.097759 -0.331197  0.642846 0.696426 0
toilet
0  7.379748 -2.523571 51.409145  0.933217 -0.102158 0.344484  0.413462 0.677474 0
0  7.618882 -3.517208 50.273376  0.961746 -0.110882 0.250501  0.403532 0.665473 0
0  7.607996 -2.365555 50.719193  0.962398 -0.075435 0.260959  0.415203 0.670105 0
toilet
0  7.601065 1.195362 51.009884  0.962773 0.037850 0.267647  0.451280 0.673679 0
0  7.817093 0.000660 50.186951  0.977198 -0.000168 0.212329  0.439346 0.664802 0
0  7.818874 1.095051 50.117115  0.977202 0.028904 0.210335  0.450481 0.664343 0
toilet
0  7.022799 2.708298 28.090458  -0.698288 0.213300 -0.683298  0.472319 0.436045 0
0  7.243690 4.066327 28.640850  0.021961 0.465719 -0.884660  0.485431 0.444018 0
0  7.270250 2.731659 28.096344  0.023483 0.319434 -0.947317  0.471795 0.438532 0
toilet
0  7.000939 -4.028183 28.624187  -0.687549 -0.315619 -0.653958  0.401838 0.439857 0
0  7.259563 -2.732979 28.096581  0.023361 -0.317172 -0.948080  0.416216 0.437282 0
0  7.237971 -4.059379 28.633038  0.021732 -0.465986 -0.884525  0.402475 0.442198 0
toilet
0  7.570363 2.517113 24.342010  0.014969 0.794382 -0.607234  0.729419 0.389372 0
0  7.883630 2.620102 24.526535  0.156619 0.813693 -0.559799  0.726025 0.391468 0
0  7.924380 2.517102 24.394985  0.163498 0.795410 -0.583602  0.725586 0.389771 0
toilet
0  7.924380 2.517102 24.394985  0.163498 0.795410 -0.583602  0.725586 0.389771 0
0  8.176736 2.620095 24.649841  0.289151 0.816478 -0.499755  0.722886 0.392631 0
0  8.252090 2.517094 24.532864  0.301924 0.798212 -0.521248  0.722002 0.391107 0
toilet
0  8.252090 2.517094 24.532864  0.301924 0.798212 -0.521248  0.722002 0.391107 0
0  8.426347 2.620095 24.840668  0.403350 0.820030 -0.406028  0.720181 0.394530 0
0  8.531160 2.517094 24.746231  0.421219 0.801855 -0.423796  0.718916 0.393281 0
toilet
0  8.531160 2.517094 24.746231  0.421219 0.801855 -0.423796  0.718916 0.393281 0
0  8.615447 2.620095 25.086006  0.491318 0.823644 -0.283227  0.718090 0.397025 0
0  8.742572 2.517102 25.020542  0.512775 0.806047 -0.295552  0.716536 0.396132 0
toilet
0  8.615447 2.620095 25.086006  0.491318 0.823644 -0.283227  0.718090 0.397025 0
0  8.871926 2.517109 25.337109  0.569389 0.808980 -0.146109  0.715013 0.399462 0
0  8.742572 2.517102 25.020542  0.512775 0.806047 -0.295552  0.716536 0.396132 0
toilet
0  8.731154 2.620102 25.369148  0.545293 0.826447 -0.140149  0.716748 0.399944 0
0  8.910413 2.517128 25.674355  0.586162 0.810067 0.014343  0.714439 0.403048 0
0  8.871926 2.517109 25.337109  0.569389 0.808980 -0.146109  0.715013 0.399462 0
toilet
0  8.765582 2.620121 25.670788  0.560984 0.827716 0.013503  0.716235 0.403091 0
0  8.855412 2.517163 26.009304  0.561529 0.809000 0.173793  0.714840 0.406657 0
0  8.910413 2.517128 25.674355  0.586162 0.810067 0.014343  0.714439 0.403048 0
toilet
0  8.586909 2.620167 26.247486  0.476258 0.824050 0.306791  0.717795 0.409240 0
0  8.855412 2.517163 26.009304  0.561529 0.809000 0.173793  0.714840 0.406657 0
0  8.716380 2.620141 25.970375  0.537688 0.826509 0.166657  0.716596 0.406260 0
toilet
0  8.385985 2.620194 26.483246  0.382936 0.820071 0.425258  0.719764 0.411832 0
0  8.710666 2.517182 26.319130  0.497619 0.806100 0.320277  0.716201 0.410057 0
0  8.586909 2.620167 26.247486  0.476258 0.824050 0.306791  0.717795 0.409240 0
toilet
0  8.127305 2.620220 26.661587  0.263610 0.816757 0.513243  0.722375 0.413859 0
0  8.486035 2.517209 26.582729  0.399875 0.802167 0.443428  0.718441 0.413019 0
0  8.385985 2.620194 26.483246  0.382936 0.820071 0.425258  0.719764 0.411832 0
toilet
0  7.004597 -8.510853 36.144924  -0.935480 0.340383 0.094950  0.756059 0.547843 0
0  7.055241 -7.866870 34.929661  -0.999737 0.004213 -0.022535  0.749567 0.535316 0
0  7.035687 -7.965354 34.880951  -0.938036 0.320388 0.132064  0.750600 0.534822 0
toilet
0  7.509921 2.620266 26.802120  -0.014664 0.813064 0.581990  0.728785 0.415669 0
0  7.862736 2.517254 26.903748  0.134649 0.795474 0.590839  0.724933 0.416846 0
0  7.828496 2.620247 26.770348  0.128951 0.813771 0.566700  0.725453 0.415172 0
toilet
0  6.624732 -9.476669 35.664574  -0.758580 -0.609347 -0.230765  0.333071 0.509660 0
0  6.879889 -9.064564 34.119930  -0.576067 -0.727303 -0.373064  0.343556 0.495013 0
0  6.844299 -9.689011 35.566833  -0.573335 -0.768224 -0.284816  0.336188 0.510627 0
toilet
0  7.391674 3.745800 50.938953  0.931888 0.150059 0.330254  0.477242 0.674146 0
0  7.608286 2.366959 50.718910  0.962444 0.074940 0.260933  0.463251 0.671093 0
0  7.619177 3.511223 50.278442  0.961758 0.110800 0.250490  0.475026 0.666997 0
toilet
0  7.156853 3.916283 51.417282  0.859973 0.215386 0.462661  0.478925 0.679572 0
0  7.380056 2.525093 51.408829  0.933286 0.101539 0.344480  0.464688 0.678529 0
0  7.391674 3.745800 50.938953  0.931888 0.150059 0.330254  0.477242 0.674146 0
toilet
0  6.217076 1.338349 52.256470  -0.819634 0.091874 0.565473  0.453942 0.699620 0
0  6.425902 0.000897 52.618328  -0.653516 -0.000604 0.756913  0.438686 0.696919 0
0  6.428128 1.368542 52.531048  -0.650899 0.118586 0.749846  0.453385 0.696144 0
toilet
0  6.824817 2.517315 26.748425  -0.301826 0.798314 0.521148  0.736160 0.415694 0
0  7.112158 2.411770 27.016579  -0.152971 0.824240 0.545187  0.733015 0.418728 0
0  7.152527 2.517300 26.886295  -0.163407 0.795491 0.583517  0.732576 0.417030 0
toilet
0  6.660357 -1.389309 52.640182  -0.024280 -0.152329 0.988032  0.424391 0.692950 0
0  6.905930 -2.708103 52.209812  0.644065 -0.226446 0.730686  0.411186 0.686960 0
0  6.897889 -1.377441 52.540306  0.645665 -0.114319 0.755015  0.424769 0.690360 0
toilet
0  6.204955 1.333328 52.210197  -0.994439 0.020388 0.103320  0.454027 0.700101 0
0  6.214896 0.000897 52.341801  -0.821000 -0.000429 0.570927  0.438609 0.700519 0
0  6.217076 1.338349 52.256470  -0.819634 0.091874 0.565473  0.453942 0.699620 0
toilet
0  8.227839 2.862339 25.285458  0.312864 0.932398 -0.180968  0.722418 0.399534 0
0  8.443357 2.792675 25.434650  0.439480 0.891121 -0.112959  0.719981 0.400849 0
0  8.363445 2.791607 25.215637  0.395493 0.889726 -0.227975  0.720976 0.398697 0
toilet
0  6.849109 2.862461 25.995777  -0.312742 0.932460 0.180864  0.735743 0.407267 0
0  6.864542 2.792668 26.247822  -0.325969 0.886580 0.328208  0.735641 0.409940 0
0  6.976627 2.862831 26.146835  -0.256484 0.931390 0.258319  0.734470 0.408774 0
toilet
0  6.976627 2.862831 26.146835  -0.256484 0.931390 0.258319  0.734470 0.408774 0
0  7.049345 2.791565 26.400135  -0.233652 0.884475 0.403869  0.733644 0.411334 0
0  7.129741 2.862320 26.275352  -0.184788 0.929183 0.320114  0.732829 0.409916 0
toilet
0  7.758791 -2.716491 26.498787  0.104389 -0.882334 0.458901  0.744680 0.360058 0
0  7.915625 -2.786152 26.294804  0.168400 -0.929636 0.327749  0.746065 0.357719 0
0  7.989843 -2.715534 26.423481  0.213480 -0.884725 0.414352  0.746948 0.359096 0
toilet
0  7.318221 2.792389 24.782738  -0.104449 0.882006 -0.459517  0.731752 0.394734 0
0  7.556762 2.862133 24.896378  0.009240 0.927511 -0.373682  0.729259 0.395993 0
0  7.560352 2.791340 24.750084  0.011651 0.881833 -0.471417  0.729298 0.394373 0
toilet
0  7.049194 -2.715599 26.400372  -0.233320 -0.884745 0.403469  0.737445 0.359325 0
0  7.319894 -2.786587 26.346134  -0.099604 -0.929001 0.356422  0.740160 0.358602 0
0  7.276270 -2.716526 26.486927  -0.126723 -0.882340 0.453231  0.739757 0.360176 0
toilet
0  7.560352 2.791340 24.750084  0.011651 0.881833 -0.471417  0.729298 0.394373 0
0  7.757007 2.862599 24.935261  0.100063 0.928456 -0.357709  0.727233 0.396189 0
0  7.800586 2.792362 24.794590  0.126972 0.881964 -0.453892  0.726830 0.394616 0
toilet
0  7.800586 2.792362 24.794590  0.126972 0.881964 -0.453892  0.726830 0.394616 0
0  7.947207 2.862194 25.005894  0.184894 0.929121 -0.320231  0.725333 0.396885 0
0  8.027596 2.791413 24.881115  0.233827 0.884413 -0.403903  0.724518 0.395467 0
toilet
0  8.027596 2.791413 24.881115  0.233827 0.884413 -0.403903  0.724518 0.395467 0
0  8.100322 2.862705 25.134403  0.256611 0.931317 -0.258457  0.723691 0.398027 0
0  8.212398 2.792515 25.033428  0.326073 0.886499 -0.328322  0.722521 0.396861 0
toilet
0  8.212398 2.792515 25.033428  0.326073 0.886499 -0.328322  0.722521 0.396861 0
0  8.227839 2.862339 25.285458  0.312864 0.932398 -0.180968  0.722418 0.399534 0
0  8.363445 2.791607 25.215637  0.395493 0.889726 -0.227975  0.720976 0.398697 0
toilet
0  8.758493 1.931900 38.057564  0.999388 0.034659 -0.004678  0.461848 0.542374 0
0  8.772718 1.096890 39.346962  0.999733 0.019948 0.011633  0.452958 0.555187 0
0  8.776638 0.974282 39.187180  0.999799 0.017594 0.009646  0.451723 0.553558 0
toilet
0  8.292844 2.862824 25.468906  0.345536 0.934188 -0.088867  0.721598 0.401302 0
0  8.478263 2.791710 25.663715  0.451404 0.892251 0.011057  0.719599 0.403172 0
0  8.443357 2.792675 25.434650  0.439480 0.891121 -0.112959  0.719981 0.400849 0
toilet
0  6.633585 2.792820 25.846600  -0.439375 0.891186 0.112857  0.738181 0.405952 0
0  6.849109 2.862461 25.995777  -0.312742 0.932460 0.180864  0.735743 0.407267 0
0  6.784107 2.862942 25.812336  -0.345354 0.934268 0.088740  0.736564 0.405499 0
toilet
0  8.283498 2.862851 25.849178  0.340763 0.934196 0.105630  0.721505 0.405136 0
0  8.341577 2.791653 26.105618  0.384457 0.889329 0.247563  0.720758 0.407708 0
0  8.432146 2.792710 25.890797  0.433407 0.891128 0.134347  0.719869 0.405510 0
toilet
0  8.074782 2.862770 26.173820  0.243609 0.931367 0.270574  0.723439 0.408508 0
0  8.341577 2.791653 26.105618  0.384457 0.889329 0.247563  0.720758 0.407708 0
0  8.209565 2.862374 26.029209  0.303619 0.932411 0.196023  0.722240 0.406942 0
toilet
0  7.161325 -2.786114 24.986439  -0.168288 -0.929611 -0.327876  0.737951 0.345064 0
0  7.318151 -2.716415 24.782467  -0.104297 -0.882284 -0.459017  0.739337 0.342725 0
0  7.354806 -2.786499 24.925224  -0.081981 -0.928965 -0.360975  0.739815 0.344278 0
toilet
0  7.722102 2.862679 26.355858  0.082347 0.928527 0.362017  0.726888 0.410514 0
0  7.989703 2.791512 26.423241  0.213529 0.884468 0.414876  0.724141 0.411105 0
0  7.915541 2.862271 26.294659  0.168957 0.929146 0.328849  0.725024 0.409728 0
toilet
0  7.520188 2.862221 26.384865  -0.009117 0.927554 0.373578  0.728903 0.410808 0
0  7.758720 2.792469 26.498512  0.104547 0.882052 0.459405  0.726410 0.412067 0
0  7.722102 2.862679 26.355858  0.082347 0.928527 0.362017  0.726888 0.410514 0
toilet
0  7.087236 2.791466 24.858009  -0.213476 0.884441 -0.414960  0.734021 0.395696 0
0  7.354848 2.862618 24.925385  -0.082345 0.928488 -0.362118  0.731274 0.396287 0
0  7.318221 2.792389 24.782738  -0.104449 0.882006 -0.459517  0.731752 0.394734 0
toilet
0  7.982421 2.909821 25.240631  0.111954 0.987398 -0.111859  0.724862 0.399193 0
0  8.227839 2.862339 25.285458  0.312864 0.932398 -0.180968  0.722418 0.399534 0
0  8.100322 2.862705 25.134403  0.256611 0.931317 -0.258457  0.723691 0.398027 0
toilet
0  7.962241 -2.833534 26.061924  0.106098 -0.987469 0.116824  0.746425 0.355391 0
0  8.209706 -2.786258 26.029293  0.302604 -0.932878 0.195371  0.748849 0.354933 0
0  8.074897 -2.786651 26.173935  0.242872 -0.931794 0.269763  0.747650 0.356499 0
toilet
0  6.713249 -2.715790 26.065742  -0.394914 -0.890006 0.227889  0.733903 0.356094 0
0  6.976508 -2.786716 26.146946  -0.255626 -0.931870 0.257435  0.736619 0.356765 0
0  6.864336 -2.716701 26.248005  -0.325632 -0.886850 0.327812  0.735449 0.357931 0
toilet
0  7.002053 -2.786651 25.107307  -0.242696 -0.931812 -0.269861  0.736366 0.346283 0
0  7.087097 -2.715500 24.857765  -0.213318 -0.884705 -0.414479  0.737068 0.343687 0
0  7.161325 -2.786114 24.986439  -0.168288 -0.929611 -0.327876  0.737951 0.345064 0
toilet
0  8.765296 1.669804 37.780106  0.999516 0.029955 -0.008416  0.459193 0.539543 0
0  8.776638 0.974282 39.187180  0.999799 0.017594 0.009646  0.451723 0.553558 0
0  8.780079 0.841580 39.046852  0.999851 0.015429 0.007696  0.450379 0.552123 0
toilet
0  6.793451 2.862919 25.432064  -0.340609 0.934242 -0.105723  0.736657 0.401665 0
0  6.924918 2.909912 25.625542  -0.156362 0.987692 -0.003892  0.735199 0.403548 0
0  6.949518 2.909909 25.475750  -0.147847 0.987958 -0.045605  0.735020 0.402040 0
toilet
0  6.867384 2.862412 25.252033  -0.303517 0.932415 -0.196165  0.735922 0.399859 0
0  6.949518 2.909909 25.475750  -0.147847 0.987958 -0.045605  0.735020 0.402040 0
0  7.014254 2.909893 25.337194  -0.133087 0.987345 -0.086244  0.734441 0.400625 0
toilet
0  7.002167 2.862770 25.107422  -0.243495 0.931349 -0.270739  0.734723 0.398293 0
0  7.014254 2.909893 25.337194  -0.133087 0.987345 -0.086244  0.734441 0.400625 0
0  7.114715 2.909874 25.219315  -0.106219 0.987407 -0.117236  0.733498 0.399401 0
toilet
0  7.319894 -2.786587 26.346134  -0.099604 -0.929001 0.356422  0.740160 0.358602 0
0  7.524209 -2.833568 26.221359  -0.003967 -0.986417 0.164211  0.742147 0.357179 0
0  7.520185 -2.786106 26.385033  -0.009081 -0.928037 0.372378  0.742187 0.358799 0
toilet
0  7.161407 2.862236 24.986584  -0.168814 0.929145 -0.328923  0.733138 0.397073 0
0  7.393460 2.909855 25.075764  -0.036068 0.986839 -0.157631  0.730796 0.397840 0
0  7.354848 2.862618 24.925385  -0.082345 0.928488 -0.362118  0.731274 0.396287 0
toilet
0  7.857618 -2.833488 25.145218  0.081129 -0.986720 -0.140718  0.744940 0.346294 0
0  8.100442 -2.786587 25.134296  0.255730 -0.931811 -0.257546  0.747398 0.346018 0
0  7.982421 -2.833477 25.240627  0.111733 -0.987448 -0.111631  0.746228 0.347183 0
toilet
0  8.127439 2.909855 25.805489  0.147968 0.987946 0.045477  0.723142 0.404761 0
0  8.209565 2.862374 26.029209  0.303619 0.932411 0.196023  0.722240 0.406942 0
0  8.283498 2.862851 25.849178  0.340763 0.934196 0.105630  0.721505 0.405136 0
toilet
0  8.127439 -2.833507 25.805489  0.147547 -0.988015 0.045344  0.747947 0.352752 0
0  8.323937 -2.786300 25.659920  0.355833 -0.934509 0.008680  0.749808 0.351203 0
0  8.283650 -2.786735 25.849220  0.339539 -0.934684 0.105251  0.749584 0.353127 0
toilet
0  7.354806 -2.786499 24.925224  -0.081981 -0.928965 -0.360975  0.739815 0.344278 0
0  7.560359 -2.715358 24.749802  0.011573 -0.882104 -0.470912  0.741791 0.342364 0
0  7.556766 -2.786007 24.896210  0.009213 -0.928009 -0.372443  0.741830 0.343984 0
toilet
0  7.947207 2.862194 25.005894  0.184894 0.929121 -0.320231  0.725333 0.396885 0
0  7.982421 2.909821 25.240631  0.111954 0.987398 -0.111859  0.724862 0.399193 0
0  8.100322 2.862705 25.134403  0.256611 0.931317 -0.258457  0.723691 0.398027 0
toilet
0  8.152038 -2.833496 25.655693  0.156075 -0.987738 0.003756  0.748126 0.351244 0
0  8.292998 -2.786712 25.468872  0.344357 -0.934651 -0.088572  0.749492 0.349293 0
0  8.323937 -2.786300 25.659920  0.355833 -0.934509 0.008680  0.749808 0.351203 0
toilet
0  8.134825 -2.833488 25.504875  0.149576 -0.988013 -0.038170  0.747875 0.349746 0
0  8.227986 -2.786216 25.285385  0.311809 -0.932865 -0.180383  0.748671 0.347525 0
0  8.292998 -2.786712 25.468872  0.344357 -0.934651 -0.088572  0.749492 0.349293 0
toilet
0  8.076972 -2.833488 25.363304  0.136980 -0.987386 -0.079405  0.747228 0.348361 0
0  8.100442 -2.786587 25.134296  0.255730 -0.931811 -0.257546  0.747398 0.346018 0
0  8.227986 -2.786216 25.285385  0.311809 -0.932865 -0.180383  0.748671 0.347525 0
toilet
0  7.520185 -2.786106 26.385033  -0.009081 -0.928037 0.372378  0.742187 0.358799 0
0  7.683496 -2.833553 26.205471  0.036122 -0.986906 0.157201  0.743723 0.356952 0
0  7.722143 -2.786560 26.356018  0.082083 -0.929000 0.360861  0.744201 0.358505 0
toilet
0  7.832900 2.909893 26.151093  0.074305 0.986671 0.144773  0.725907 0.408351 0
0  8.074782 2.862770 26.173820  0.243609 0.931367 0.270574  0.723439 0.408508 0
0  7.962241 2.909874 26.061924  0.106351 0.987409 0.117104  0.724664 0.407400 0
toilet
0  7.683496 2.909901 26.205471  0.036203 0.986853 0.157514  0.727366 0.408961 0
0  7.915541 2.862271 26.294659  0.168957 0.929146 0.328849  0.725024 0.409728 0
0  7.832900 2.909893 26.151093  0.074305 0.986671 0.144773  0.725907 0.408351 0
toilet
0  7.524209 2.909912 26.221359  -0.003956 0.986361 0.164549  0.728942 0.409188 0
0  7.722102 2.862679 26.355858  0.082347 0.928527 0.362017  0.726888 0.410514 0
0  7.683496 2.909901 26.205471  0.036203 0.986853 0.157514  0.727366 0.408961 0
toilet
0  7.365894 2.909920 26.197666  -0.043767 0.986858 0.155547  0.730526 0.409038 0
0  7.520188 2.862221 26.384865  -0.009117 0.927554 0.373578  0.728903 0.410808 0
0  7.524209 2.909912 26.221359  -0.003956 0.986361 0.164549  0.728942 0.409188 0
toilet
0  7.219340 2.909928 26.136017  -0.081156 0.986695 0.140879  0.732013 0.408498 0
0  7.319942 2.862709 26.345978  -0.099947 0.928496 0.357640  0.730929 0.410611 0
0  7.365894 2.909920 26.197666  -0.043767 0.986858 0.155547  0.730526 0.409038 0
toilet
0  7.094534 2.909928 26.040604  -0.111854 0.987422 0.111739  0.733300 0.407608 0
0  7.129741 2.862320 26.275352  -0.184788 0.929183 0.320114  0.732829 0.409916 0
0  7.219340 2.909928 26.136017  -0.081156 0.986695 0.140879  0.732013 0.408498 0
toilet
0  6.849109 2.862461 25.995777  -0.312742 0.932460 0.180864  0.735743 0.407267 0
0  7.094534 2.909928 26.040604  -0.111854 0.987422 0.111739  0.733300 0.407608 0
0  6.999983 2.909928 25.917931  -0.137162 0.987357 0.079452  0.734301 0.406431 0
toilet
0  6.784107 2.862942 25.812336  -0.345354 0.934268 0.088740  0.736564 0.405499 0
0  6.999983 2.909928 25.917931  -0.137162 0.987357 0.079452  0.734301 0.406431 0
0  6.942131 2.909920 25.776363  -0.149832 0.987976 0.038140  0.734948 0.405046 0
toilet
0  6.753175 2.862511 25.621323  -0.356905 0.934099 -0.008827  0.736881 0.403588 0
0  6.942131 2.909920 25.776363  -0.149832 0.987976 0.038140  0.734948 0.405046 0
0  6.924918 2.909912 25.625542  -0.156362 0.987692 -0.003892  0.735199 0.403548 0
toilet
0  6.708770 -7.189609 31.813450  -0.942196 0.265829 0.203963  0.743534 0.502884 0
0  7.065541 -7.311473 33.695396  -0.940896 0.295070 0.166280  0.744012 0.522600 0
0  7.091553 -6.505569 32.638733  -0.943906 0.264252 0.198019  0.735860 0.511680 0
toilet
0  7.220515 -7.209865 48.799381  0.849883 -0.391819 0.352387  0.365244 0.651208 0
0  7.480433 -7.759338 47.298775  0.925091 -0.307472 0.222863  0.359895 0.635290 0
0  7.452566 -6.896030 48.435013  0.926820 -0.275220 0.255458  0.368788 0.647024 0
toilet
0  8.027712 -1.931480 48.818882  0.985402 -0.044496 0.164326  0.419919 0.650423 0
0  8.219650 -2.472393 47.327671  0.990483 -0.050762 0.127934  0.414607 0.635119 0
0  8.212000 -1.662857 47.641048  0.990633 -0.034265 0.132182  0.422854 0.638405 0
toilet
0  8.207127 0.840248 47.845387  0.990675 0.017170 0.135162  0.448431 0.640962 0
0  8.369805 0.000401 46.549294  0.994077 -0.000108 0.108675  0.440113 0.627587 0
0  8.370927 0.690125 46.505283  0.993990 0.013060 0.108687  0.447202 0.627297 0
toilet
0  6.958817 9.022743 38.894840  -0.999700 -0.004937 -0.023979  0.576024 0.574207 0
0  6.972146 8.882343 37.489605  -0.933286 -0.354562 0.057122  0.577587 0.559811 0
0  6.992721 8.775505 37.514400  -0.999712 -0.004699 -0.023521  0.578701 0.560076 0
toilet
0  6.421002 -9.849361 43.390385  -0.989228 -0.146152 0.008172  0.769819 0.622595 0
0  6.462511 -10.094669 41.838604  -0.926834 0.369853 -0.064716  0.772513 0.606610 0
0  6.458989 -10.126537 41.843716  -0.988332 -0.152118 -0.007705  0.772841 0.606667 0
toilet
0  8.623885 -0.359600 43.530270  0.997805 -0.006508 0.065908  0.437030 0.596980 0
0  8.709812 -0.356540 41.903629  0.998965 -0.006550 0.045012  0.437396 0.580591 0
0  8.708765 -0.181331 41.946671  0.998945 -0.003363 0.045790  0.439198 0.581061 0
toilet
0  7.513186 2.710484 26.669456  -0.013097 0.846263 0.532604  0.728824 0.414048 0
0  7.828496 2.620247 26.770348  0.128951 0.813771 0.566700  0.725453 0.415172 0
0  7.794339 2.711212 26.637272  0.118028 0.846728 0.518770  0.725932 0.413619 0
toilet
0  7.794339 2.711212 26.637272  0.118028 0.846728 0.518770  0.725932 0.413619 0
0  8.127305 2.620220 26.661587  0.263610 0.816757 0.513243  0.722375 0.413859 0
0  8.059906 2.710537 26.544842  0.241566 0.849412 0.469196  0.723258 0.412482 0
toilet
0  6.937041 -9.131256 38.874748  -0.931497 0.363344 0.017132  0.762138 0.575906 0
0  6.991650 -8.775642 37.515472  -0.999712 0.004790 -0.023508  0.758617 0.561925 0
0  6.971064 -8.882473 37.490688  -0.933209 0.354820 0.056774  0.759735 0.561683 0
toilet
0  8.285937 2.711319 26.383766  0.350002 0.852306 0.388680  0.720989 0.410724 0
0  8.586909 2.620167 26.247486  0.476258 0.824050 0.306791  0.717795 0.409240 0
0  8.466645 2.710656 26.177940  0.434949 0.855774 0.280127  0.719277 0.408474 0
toilet
0  7.578997 -9.420689 43.283363  0.922205 -0.371632 0.106905  0.342774 0.593544 0
0  7.828827 -9.079269 41.715546  0.957310 -0.283744 0.055198  0.346865 0.577162 0
0  7.794770 -8.830765 43.102253  0.957116 -0.276587 0.086188  0.349206 0.591602 0
toilet
0  8.624683 2.710698 25.667320  0.511622 0.859120 0.012457  0.717917 0.403131 0
0  8.716380 2.620141 25.970375  0.537688 0.826509 0.166657  0.716596 0.406260 0
0  8.765582 2.620121 25.670788  0.560984 0.827716 0.013503  0.716235 0.403091 0
toilet
0  8.590067 2.711392 25.401257  0.497612 0.857918 -0.127897  0.718365 0.400396 0
0  8.765582 2.620121 25.670788  0.560984 0.827716 0.013503  0.716235 0.403091 0
0  8.731154 2.620102 25.369148  0.545293 0.826447 -0.140149  0.716748 0.399944 0
toilet
0  8.491916 2.710598 25.149551  0.448015 0.855854 -0.258449  0.719533 0.397861 0
0  8.731154 2.620102 25.369148  0.545293 0.826447 -0.140149  0.716748 0.399944 0
0  8.615447 2.620095 25.086006  0.491318 0.823644 -0.283227  0.718090 0.397025 0
toilet
0  8.426347 2.620095 24.840668  0.403350 0.820030 -0.406028  0.720181 0.394530 0
0  8.491916 2.710598 25.149551  0.448015 0.855854 -0.258449  0.719533 0.397861 0
0  8.615447 2.620095 25.086006  0.491318 0.823644 -0.283227  0.718090 0.397025 0
toilet
0  8.176736 2.620095 24.649841  0.289151 0.816478 -0.499755  0.722886 0.392631 0
0  8.321534 2.711239 24.935101  0.368631 0.852291 -0.371095  0.721351 0.395695 0
0  8.426347 2.620095 24.840668  0.403350 0.820030 -0.406028  0.720181 0.394530 0
toilet
0  7.883630 2.620102 24.526535  0.156619 0.813693 -0.559799  0.726025 0.391468 0
0  8.103686 2.710430 24.763119  0.264435 0.849359 -0.456797  0.723702 0.394049 0
0  8.176736 2.620095 24.649841  0.289151 0.816478 -0.499755  0.722886 0.392631 0
toilet
0  8.743725 -0.000286 35.572102  0.999306 -0.000026 -0.037240  0.442395 0.517085 0
0  8.780991 0.359620 37.138103  0.999840 0.006375 -0.016728  0.445786 0.532868 0
0  8.781544 -0.000198 37.114719  0.999857 -0.000035 -0.016938  0.442076 0.532560 0
toilet
0  7.965460 8.463837 36.197346  0.961817 0.264754 -0.069380  0.529842 0.523730 0
0  8.122828 8.089821 37.763725  0.976984 0.211954 -0.024032  0.525704 0.539959 0
0  8.152691 7.753598 36.547569  0.978086 0.202784 -0.047180  0.522336 0.527397 0
toilet
0  6.978185 5.232716 29.401550  -0.660874 0.429811 -0.615230  0.499139 0.449176 0
0  7.197905 6.450299 30.371086  0.017111 0.700454 -0.713493  0.510541 0.461303 0
0  7.215059 5.277867 29.407337  0.019330 0.599012 -0.800507  0.498161 0.451455 0
toilet
0  8.670324 1.365795 34.322083  0.998011 0.026000 -0.057435  0.456680 0.504760 0
0  8.734992 1.554230 35.931232  0.999071 0.028027 -0.032743  0.458343 0.520950 0
0  8.739801 1.045334 35.734241  0.999196 0.019000 -0.035300  0.453135 0.518900 0
toilet
0  8.445464 1.931542 31.826591  0.992288 0.044380 -0.115733  0.462796 0.479647 0
0  8.563996 2.472435 33.325439  0.995620 0.050510 -0.078670  0.468166 0.494798 0
0  8.571649 1.662899 33.012058  0.995890 0.034360 -0.083801  0.459921 0.491605 0
toilet
0  6.349862 -8.830482 46.288158  -0.990473 -0.132090 0.038923  0.758976 0.652380 0
0  6.388357 -9.410446 44.855942  -0.927270 0.344843 -0.145786  0.765118 0.637666 0
0  6.384644 -9.439991 44.871078  -0.989501 -0.142432 0.024518  0.765420 0.637826 0
toilet
0  8.303332 2.370118 26.966824  0.456777 0.073370 0.886550  0.718388 0.380625 0
0  8.639296 1.479813 26.735226  0.669026 -0.073688 0.739577  0.722624 0.371557 0
0  8.639350 2.370083 26.735172  0.669011 0.074239 0.739536  0.722624 0.380625 0
toilet
0  8.937413 -2.293605 24.920208  0.864733 -0.074993 -0.496601  0.728367 0.328616 0
0  8.937358 -1.403343 24.920261  0.864721 0.074658 -0.496672  0.728367 0.319548 0
0  9.087655 -1.403354 25.288052  0.966097 0.075349 -0.246939  0.732389 0.319548 0
toilet
0  6.773557 -2.293705 24.314480  -0.458079 -0.073406 -0.885876  0.702512 0.328616 0
0  6.773503 -1.403435 24.314529  -0.458109 0.072909 -0.885901  0.702512 0.319548 0
0  7.161645 -1.403400 24.173256  -0.222291 0.072405 -0.972288  0.706855 0.319548 0
toilet
0  8.367541 -2.293605 24.353642  0.501042 -0.073232 -0.862319  0.720012 0.328616 0
0  8.367488 -1.403343 24.353699  0.501050 0.073030 -0.862331  0.720012 0.319548 0
0  8.691722 -1.403335 24.601570  0.704538 0.073813 -0.705818  0.724249 0.319548 0
toilet
0  7.161698 -2.293667 24.173199  -0.221460 -0.072713 -0.972455  0.706855 0.328616 0
0  7.161645 -1.403400 24.173256  -0.222291 0.072405 -0.972288  0.706855 0.319548 0
0  7.575461 -1.403370 24.131985  0.024496 0.072115 -0.997095  0.711262 0.319548 0
toilet
0  7.575515 -2.293648 24.131931  0.024499 -0.072559 -0.997063  0.711262 0.328616 0
0  7.575461 -1.403370 24.131985  0.024496 0.072115 -0.997095  0.711262 0.319548 0
0  7.986753 -1.403354 24.193531  0.269774 0.072374 -0.960200  0.715670 0.319548 0
toilet
0  5.944460 2.370171 25.601486  -0.996809 0.075946 -0.024573  0.746428 0.403818 0
0  5.989179 2.370198 25.993301  -0.965808 0.075775 0.247936  0.745761 0.408060 0
0  6.065452 2.411770 25.975941  -0.530332 0.836859 0.135701  0.744884 0.407820 0
toilet
0  7.986806 -2.293621 24.193478  0.268976 -0.072691 -0.960400  0.715670 0.328616 0
0  7.986753 -1.403354 24.193531  0.269774 0.072374 -0.960200  0.715670 0.319548 0
0  8.367488 -1.403343 24.353699  0.501050 0.073030 -0.862331  0.720012 0.319548 0
toilet
0  8.691775 -2.293605 24.601521  0.703272 -0.074067 -0.707052  0.724249 0.328616 0
0  8.691722 -1.403335 24.601570  0.704538 0.073813 -0.705818  0.724249 0.319548 0
0  8.937358 -1.403343 24.920261  0.864721 0.074658 -0.496672  0.728367 0.319548 0
toilet
0  9.087712 -2.293621 25.287998  0.965838 -0.075640 -0.247860  0.732389 0.328616 0
0  9.087655 -1.403354 25.288052  0.966097 0.075349 -0.246939  0.732389 0.319548 0
0  9.132379 -1.403370 25.679874  0.996842 0.075540 0.024508  0.736357 0.319548 0
toilet
0  6.437540 -2.293739 24.546127  -0.669002 -0.074243 -0.739543  0.698276 0.328616 0
0  6.437486 -1.403469 24.546185  -0.669030 0.073748 -0.739567  0.698276 0.319548 0
0  6.773503 -1.403435 24.314529  -0.458109 0.072909 -0.885901  0.702512 0.319548 0
toilet
0  6.176548 -2.293773 24.852371  -0.839252 -0.075081 -0.538535  0.694158 0.328616 0
0  6.176494 -1.403499 24.852428  -0.839293 0.074559 -0.538542  0.694158 0.319548 0
0  6.437486 -1.403469 24.546185  -0.669030 0.073748 -0.739567  0.698276 0.319548 0
toilet
0  9.068467 -1.403400 26.069023  0.952799 0.075232 0.294133  0.740324 0.319548 0
0  9.068522 -2.293666 26.068966  0.952783 -0.075697 0.294065  0.740324 0.328616 0
0  9.132432 -2.293647 25.679817  0.996814 -0.075928 0.024450  0.736357 0.328616 0
toilet
0  8.303279 -1.403499 26.966877  0.458089 0.072849 0.885917  0.752701 0.319548 0
0  8.303332 -2.293773 26.966824  0.458113 -0.073357 0.885862  0.752701 0.328616 0
0  8.639350 -2.293739 26.735168  0.669031 -0.074244 0.739517  0.748465 0.328616 0
toilet
0  5.944406 -1.403560 25.601543  -0.996851 0.075412 -0.024508  0.786545 0.319548 0
0  5.944460 -2.293827 25.601486  -0.996806 -0.076004 -0.024518  0.786545 0.328616 0
0  5.989180 -2.293854 25.993301  -0.966071 -0.075771 0.246912  0.782578 0.328616 0
toilet
0  7.915137 -1.403534 27.108154  0.222308 0.072307 0.972292  0.757043 0.319548 0
0  7.915191 -2.293804 27.108097  0.222299 -0.072816 0.972256  0.757043 0.328616 0
0  8.303332 -2.293773 26.966824  0.458113 -0.073357 0.885862  0.752701 0.328616 0
toilet
0  6.008368 -2.293804 25.212330  -0.952784 -0.075738 -0.294053  0.690136 0.328616 0
0  6.008314 -1.403541 25.212387  -0.952820 0.075145 -0.294087  0.690136 0.319548 0
0  6.176494 -1.403499 24.852428  -0.839293 0.074559 -0.538542  0.694158 0.319548 0
toilet
0  6.139424 -1.403599 26.361145  -0.864723 0.074438 0.496702  0.778555 0.319548 0
0  6.139479 -2.293865 26.361092  -0.864708 -0.075101 0.496628  0.778555 0.328616 0
0  6.385114 -2.293873 26.679783  -0.704536 -0.074326 0.705766  0.774437 0.328616 0
toilet
0  8.639296 -1.403469 26.735226  0.667665 0.073681 0.740807  0.748465 0.319548 0
0  8.639350 -2.293739 26.735168  0.669031 -0.074244 0.739517  0.748465 0.328616 0
0  8.900340 -2.293697 26.428928  0.839280 -0.075047 0.538496  0.744346 0.328616 0
toilet
0  6.385060 -1.403599 26.679836  -0.703275 0.073619 0.707096  0.774437 0.319548 0
0  6.385114 -2.293873 26.679783  -0.704536 -0.074326 0.705766  0.774437 0.328616 0
0  6.709347 -2.293865 26.927658  -0.501065 -0.073411 0.862290  0.770202 0.328616 0
toilet
0  7.501320 -1.403560 27.149426  -0.024507 0.072096 0.997097  0.761452 0.319548 0
0  7.501374 -2.293827 27.149372  -0.024486 -0.072653 0.997057  0.761452 0.328616 0
0  7.915191 -2.293804 27.108097  0.222299 -0.072816 0.972256  0.757043 0.328616 0
toilet
0  8.900287 -1.403434 26.428986  0.838400 0.074577 0.539929  0.744346 0.319548 0
0  8.900340 -2.293697 26.428928  0.839280 -0.075047 0.538496  0.744346 0.328616 0
0  9.068522 -2.293666 26.068966  0.952783 -0.075697 0.294065  0.740324 0.328616 0
toilet
0  5.944460 -2.293827 25.601486  -0.996806 -0.076004 -0.024518  0.686168 0.328616 0
0  5.944406 -1.403560 25.601543  -0.996851 0.075412 -0.024508  0.686168 0.319548 0
0  6.008314 -1.403541 25.212387  -0.952820 0.075145 -0.294087  0.690136 0.319548 0
toilet
0  7.090030 -1.403587 27.087883  -0.269759 0.072181 0.960219  0.765858 0.319548 0
0  7.090083 -2.293854 27.087830  -0.269772 -0.072880 0.960162  0.765858 0.328616 0
0  7.501374 -2.293827 27.149372  -0.024486 -0.072653 0.997057  0.761452 0.328616 0
toilet
0  5.989125 -1.403587 25.993359  -0.965872 0.075152 0.247879  0.782578 0.319548 0
0  5.989180 -2.293854 25.993301  -0.966071 -0.075771 0.246912  0.782578 0.328616 0
0  6.139479 -2.293865 26.361092  -0.864708 -0.075101 0.496628  0.778555 0.328616 0
toilet
0  6.545748 2.517319 26.535053  -0.421123 0.801872 0.423860  0.739246 0.413520 0
0  6.441896 2.411789 26.628624  -0.393251 0.830514 0.394462  0.740510 0.414769 0
0  6.750167 2.411785 26.864296  -0.282271 0.826884 0.486402  0.737045 0.417218 0
toilet
0  6.204980 2.517315 25.944176  -0.569298 0.809060 0.146020  0.743149 0.407339 0
0  6.334334 2.517319 26.260742  -0.512664 0.806150 0.295463  0.741626 0.410669 0
0  6.461472 2.620293 26.195267  -0.490685 0.824022 0.283223  0.740072 0.409776 0
toilet
0  7.152527 2.517300 26.886295  -0.163407 0.795491 0.583517  0.732576 0.417030 0
0  7.112158 2.411770 27.016579  -0.152971 0.824240 0.545187  0.733015 0.418728 0
0  7.503201 2.411751 27.075096  -0.013886 0.823290 0.567451  0.728701 0.419188 0
toilet
0  7.112159 -2.335426 27.016579  -0.149714 -0.832342 0.533660  0.738074 0.366719 0
0  7.153093 -2.437641 26.884468  -0.162825 -0.796823 0.581860  0.738513 0.365021 0
0  7.506596 -2.437366 26.937183  -0.014899 -0.795371 0.605939  0.742346 0.365419 0
toilet
0  7.570312 -2.437202 24.344105  0.014999 -0.795298 -0.606033  0.741670 0.337363 0
0  7.573693 -2.335228 24.206200  0.013710 -0.831309 -0.555642  0.741628 0.335604 0
0  7.964736 -2.335212 24.264717  0.149810 -0.832288 -0.533717  0.745942 0.336064 0
toilet
0  7.503201 -2.335407 27.075092  -0.013601 -0.831384 0.555532  0.742389 0.367179 0
0  7.506596 -2.437366 26.937183  -0.014899 -0.795371 0.605939  0.742346 0.365419 0
0  7.862261 -2.437595 26.901890  0.134181 -0.796742 0.589234  0.746156 0.364837 0
toilet
0  7.923814 -2.437443 24.396816  0.163144 -0.796265 -0.582534  0.745504 0.337761 0
0  7.964736 -2.335212 24.264717  0.149810 -0.832288 -0.533717  0.745942 0.336064 0
0  8.326727 -2.335193 24.417000  0.276381 -0.834758 -0.476228  0.749972 0.337574 0
toilet
0  7.964736 2.411553 24.264717  0.153070 0.824147 -0.545299  0.725147 0.388073 0
0  7.924380 2.517102 24.394985  0.163498 0.795410 -0.583602  0.725586 0.389771 0
0  8.252090 2.517094 24.532864  0.301924 0.798212 -0.521248  0.722002 0.391107 0
toilet
0  6.367998 -2.437282 24.963184  -0.496427 -0.807051 -0.319734  0.729128 0.344735 0
0  6.243598 -2.335346 24.891178  -0.454150 -0.841753 -0.291891  0.727533 0.343918 0
0  6.491741 -2.335319 24.600010  -0.365478 -0.838270 -0.404634  0.730045 0.340586 0
toilet
0  6.223279 -2.437565 25.272480  -0.560038 -0.810103 -0.173467  0.727767 0.348135 0
0  6.083698 -2.335380 25.233418  -0.511896 -0.844347 -0.158246  0.726011 0.347737 0
0  6.243598 -2.335346 24.891178  -0.454150 -0.841753 -0.291891  0.727533 0.343918 0
toilet
0  6.022935 -2.335407 25.603413  -0.534097 -0.845321 -0.013168  0.725571 0.351787 0
0  6.083698 -2.335380 25.233418  -0.511896 -0.844347 -0.158246  0.726011 0.347737 0
0  6.223279 -2.437565 25.272480  -0.560038 -0.810103 -0.173467  0.727767 0.348135 0
toilet
0  8.908401 -2.437164 25.674305  0.584831 -0.811030 0.014243  0.756650 0.351039 0
0  8.870122 -2.437404 25.337521  0.567611 -0.810285 -0.145790  0.756076 0.347453 0
0  9.011443 -2.335201 25.305355  0.519108 -0.844311 -0.132913  0.757811 0.346971 0
toilet
0  8.740769 -2.437145 25.021488  0.511660 -0.807072 -0.294683  0.754553 0.344123 0
0  8.868541 -2.335193 24.955677  0.468053 -0.841693 -0.269222  0.756107 0.343230 0
0  9.011443 -2.335201 25.305355  0.519108 -0.844311 -0.132913  0.757811 0.346971 0
toilet
0  8.529763 -2.437408 24.747490  0.419967 -0.803248 -0.422398  0.752173 0.341271 0
0  8.634999 -2.335186 24.652676  0.384991 -0.838240 -0.386182  0.753437 0.340022 0
0  8.868541 -2.335193 24.955677  0.468053 -0.841693 -0.269222  0.756107 0.343230 0
toilet
0  8.250977 -2.437164 24.534615  0.301368 -0.799130 -0.520163  0.749088 0.339098 0
0  8.326727 -2.335193 24.417000  0.276381 -0.834758 -0.476228  0.749972 0.337574 0
0  8.634999 -2.335186 24.652676  0.384991 -0.838240 -0.386182  0.753437 0.340022 0
toilet
0  7.896646 -2.335380 27.035858  0.123418 -0.832343 0.540345  0.746676 0.366511 0
0  7.862261 -2.437595 26.901890  0.134181 -0.796742 0.589234  0.746156 0.364837 0
0  8.195798 -2.437297 26.780331  0.275044 -0.799487 0.534014  0.749671 0.363329 0
toilet
0  6.428128 1.368542 52.531048  -0.650899 0.118586 0.749846  0.453385 0.696144 0
0  6.425902 0.000897 52.618328  -0.653516 -0.000604 0.756913  0.438686 0.696919 0
0  6.658221 0.000889 52.730518  -0.024558 -0.000569 0.999698  0.438742 0.694260 0
toilet
0  7.214646 -2.437488 24.379391  -0.134211 -0.796488 -0.589571  0.737861 0.337946 0
0  7.180248 -2.335254 24.245441  -0.123331 -0.832281 -0.540461  0.737340 0.336271 0
0  7.573693 -2.335228 24.206200  0.013710 -0.831309 -0.555642  0.741628 0.335604 0
toilet
0  6.881110 -2.437244 24.500954  -0.274828 -0.799560 -0.534015  0.734345 0.339453 0
0  6.811215 -2.335285 24.379765  -0.252579 -0.834753 -0.489276  0.733388 0.337974 0
0  7.180248 -2.335254 24.245441  -0.123331 -0.832281 -0.540461  0.737340 0.336271 0
toilet
0  8.265680 -2.335346 26.901531  0.252654 -0.834823 0.489118  0.750628 0.364809 0
0  8.195798 -2.437297 26.780331  0.275044 -0.799487 0.534014  0.749671 0.363329 0
0  8.484701 -2.437530 26.581406  0.399129 -0.803045 0.442510  0.752648 0.361010 0
toilet
0  8.585155 -2.335319 26.681286  0.365571 -0.838268 0.404555  0.753971 0.362197 0
0  8.484701 -2.437530 26.581406  0.399129 -0.803045 0.442510  0.752648 0.361010 0
0  8.708911 -2.437229 26.318104  0.496507 -0.807043 0.319629  0.754889 0.358047 0
toilet
0  8.833297 -2.335285 26.390121  0.454240 -0.841743 0.291778  0.756483 0.358864 0
0  8.708911 -2.437229 26.318104  0.496507 -0.807043 0.319629  0.754889 0.358047 0
0  8.853629 -2.437454 26.008804  0.560127 -0.810066 0.173352  0.756250 0.354648 0
toilet
0  8.853629 -2.437454 26.008804  0.560127 -0.810066 0.173352  0.756250 0.354648 0
0  8.908401 -2.437164 25.674305  0.584831 -0.811030 0.014243  0.756650 0.351039 0
0  9.053960 -2.335227 25.677887  0.534230 -0.845238 0.013080  0.758445 0.350995 0
toilet
0  6.065452 -2.335426 25.975941  -0.519033 -0.844371 0.132826  0.726205 0.355811 0
0  6.206784 -2.437610 25.943768  -0.567549 -0.810344 0.145710  0.727940 0.355330 0
0  6.336138 -2.437370 26.259804  -0.511557 -0.807169 0.294597  0.729464 0.358660 0
toilet
0  6.633316 -2.716850 25.846664  -0.438862 -0.891452 0.112754  0.732908 0.353942 0
0  6.598403 -2.715866 25.617523  -0.450759 -0.892575 -0.011196  0.732526 0.351620 0
0  6.753012 -2.786400 25.621319  -0.355711 -0.934555 -0.008783  0.734208 0.351579 0
toilet
0  6.598403 -2.715866 25.617523  -0.450759 -0.892575 -0.011196  0.732526 0.351620 0
0  6.644526 -2.716827 25.390381  -0.432814 -0.891425 -0.134288  0.732796 0.349281 0
0  6.793297 -2.786808 25.432018  -0.339504 -0.934683 -0.105377  0.734432 0.349656 0
toilet
0  6.713249 -2.715790 26.065742  -0.394914 -0.890006 0.227889  0.733903 0.356094 0
0  6.633316 -2.716850 25.846664  -0.438862 -0.891452 0.112754  0.732908 0.353942 0
0  6.783953 -2.786823 25.812370  -0.344242 -0.934704 0.088462  0.734525 0.353490 0
toilet
0  6.735363 2.791706 25.175629  -0.383886 0.889595 -0.247492  0.737404 0.399093 0
0  6.644792 2.792786 25.390457  -0.433340 0.891144 -0.134453  0.738293 0.401290 0
0  6.793451 2.862919 25.432064  -0.340609 0.934242 -0.105723  0.736657 0.401665 0
toilet
0  6.864336 -2.716701 26.248005  -0.325632 -0.886850 0.327812  0.735449 0.357931 0
0  6.976508 -2.786716 26.146946  -0.255626 -0.931870 0.257435  0.736619 0.356765 0
0  7.129652 -2.786201 26.275490  -0.184163 -0.929666 0.319071  0.738261 0.357907 0
toilet
0  7.319942 2.862709 26.345978  -0.099947 0.928496 0.357640  0.730929 0.410611 0
0  7.276353 2.792496 26.486660  -0.126853 0.882047 0.453763  0.731332 0.412185 0
0  7.516589 2.791447 26.531166  -0.011596 0.881891 0.471311  0.728864 0.412428 0
toilet
0  8.062701 -2.833515 25.944046  0.132871 -0.987404 0.085895  0.747368 0.354167 0
0  8.127439 -2.833507 25.805489  0.147547 -0.988015 0.045344  0.747947 0.352752 0
0  8.283650 -2.786735 25.849220  0.339539 -0.934684 0.105251  0.749584 0.353127 0
toilet
0  7.757057 -2.786468 24.935104  0.099704 -0.928972 -0.356469  0.743856 0.344180 0
0  7.800671 -2.716381 24.794319  0.126861 -0.882244 -0.453377  0.744259 0.342607 0
0  8.027749 -2.715446 24.880878  0.233517 -0.884657 -0.403549  0.746572 0.343458 0
toilet
0  7.947299 -2.786068 25.005749  0.184307 -0.929584 -0.319223  0.745756 0.344876 0
0  8.027749 -2.715446 24.880878  0.233517 -0.884657 -0.403549  0.746572 0.343458 0
0  8.212605 -2.716545 25.033241  0.325734 -0.886761 -0.327951  0.748568 0.344852 0
toilet
0  8.100442 -2.786587 25.134296  0.255730 -0.931811 -0.257546  0.747398 0.346018 0
0  8.212605 -2.716545 25.033241  0.325734 -0.886761 -0.327951  0.748568 0.344852 0
0  8.363690 -2.715637 25.215508  0.395083 -0.889905 -0.227989  0.750114 0.346688 0
toilet
0  8.292998 -2.786712 25.468872  0.344357 -0.934651 -0.088572  0.749492 0.349293 0
0  8.227986 -2.786216 25.285385  0.311809 -0.932865 -0.180383  0.748671 0.347525 0
0  8.363690 -2.715637 25.215508  0.395083 -0.889905 -0.227989  0.750114 0.346688 0
toilet
0  8.323937 -2.786300 25.659920  0.355833 -0.934509 0.008680  0.749808 0.351203 0
0  8.292998 -2.786712 25.468872  0.344357 -0.934651 -0.088572  0.749492 0.349293 0
0  8.443625 -2.716716 25.434589  0.438940 -0.891398 -0.112873  0.751108 0.348840 0
toilet
0  8.283650 -2.786735 25.849220  0.339539 -0.934684 0.105251  0.749584 0.353127 0
0  8.323937 -2.786300 25.659920  0.355833 -0.934509 0.008680  0.749808 0.351203 0
0  8.478539 -2.715751 25.663723  0.450925 -0.892492 0.011206  0.751490 0.351163 0
toilet
0  8.209706 -2.786258 26.029293  0.302604 -0.932878 0.195371  0.748849 0.354933 0
0  8.283650 -2.786735 25.849220  0.339539 -0.934684 0.105251  0.749584 0.353127 0
0  8.432412 -2.716739 25.890873  0.432961 -0.891366 0.134207  0.751220 0.353501 0
toilet
0  8.181962 -2.716625 26.280384  0.309201 -0.886833 0.343398  0.748875 0.357607 0
0  8.074897 -2.786651 26.173935  0.242872 -0.931794 0.269763  0.747650 0.356499 0
0  8.209706 -2.786258 26.029293  0.302604 -0.932878 0.195371  0.748849 0.354933 0
toilet
0  7.989843 -2.715534 26.423481  0.213480 -0.884725 0.414352  0.746948 0.359096 0
0  7.915625 -2.786152 26.294804  0.168400 -0.929636 0.327749  0.746065 0.357719 0
0  8.074897 -2.786651 26.173935  0.242872 -0.931794 0.269763  0.747650 0.356499 0
toilet
0  7.915541 2.862271 26.294659  0.168957 0.929146 0.328849  0.725024 0.409728 0
0  7.989703 2.791512 26.423241  0.213529 0.884468 0.414876  0.724141 0.411105 0
0  8.181764 2.792592 26.280190  0.309593 0.886545 0.343788  0.722214 0.409616 0
toilet
0  7.516582 -2.715469 26.531448  -0.011446 -0.882160 0.470811  0.742226 0.360419 0
0  7.520185 -2.786106 26.385033  -0.009081 -0.928037 0.372378  0.742187 0.358799 0
0  7.722143 -2.786560 26.356018  0.082083 -0.929000 0.360861  0.744201 0.358505 0
toilet
0  7.276270 -2.716526 26.486927  -0.126723 -0.882340 0.453231  0.739757 0.360176 0
0  7.319894 -2.786587 26.346134  -0.099604 -0.929001 0.356422  0.740160 0.358602 0
0  7.520185 -2.786106 26.385033  -0.009081 -0.928037 0.372378  0.742187 0.358799 0
toilet
0  7.556766 -2.786007 24.896210  0.009213 -0.928009 -0.372443  0.741830 0.343984 0
0  7.560359 -2.715358 24.749802  0.011573 -0.882104 -0.470912  0.741791 0.342364 0
0  7.800671 -2.716381 24.794319  0.126861 -0.882244 -0.453377  0.744259 0.342607 0
toilet
0  7.129741 2.862320 26.275352  -0.184788 0.929183 0.320114  0.732829 0.409916 0
0  7.049345 2.791565 26.400135  -0.233652 0.884475 0.403869  0.733644 0.411334 0
0  7.276353 2.792496 26.486660  -0.126853 0.882047 0.453763  0.731332 0.412185 0
toilet
0  6.735363 2.791706 25.175629  -0.383886 0.889595 -0.247492  0.737404 0.399093 0
0  6.867384 2.862412 25.252033  -0.303517 0.932415 -0.196165  0.735922 0.399859 0
0  7.002167 2.862770 25.107422  -0.243495 0.931349 -0.270739  0.734723 0.398293 0
toilet
0  8.750473 -2.173320 38.373981  0.999237 -0.039063 -0.000676  0.419353 0.544666 0
0  8.758257 -1.932178 38.057796  0.999385 -0.034747 -0.004688  0.421916 0.541551 0
0  8.776521 -0.974434 39.187298  0.999797 -0.017687 0.009662  0.431571 0.553143 0
toilet
0  6.867243 -2.786300 25.251949  -0.302516 -0.932875 -0.195518  0.735167 0.347850 0
0  6.735124 -2.715736 25.175491  -0.383257 -0.890045 -0.246850  0.733686 0.347084 0
0  6.894979 -2.716625 25.000866  -0.309111 -0.886800 -0.343563  0.735141 0.345175 0
toilet
0  9.053960 2.411572 25.677887  0.545871 0.837763 0.013363  0.712644 0.403004 0
0  8.993197 2.411599 26.047878  0.523266 0.836762 0.161312  0.713083 0.407054 0
0  9.068522 2.370011 26.068970  0.952491 0.075694 0.295009  0.712196 0.407252 0
toilet
0  6.083698 -2.335380 25.233418  -0.511896 -0.844347 -0.158246  0.726011 0.347737 0
0  6.008368 -2.293804 25.212330  -0.952784 -0.075738 -0.294053  0.725123 0.347540 0
0  6.176548 -2.293773 24.852371  -0.839252 -0.075081 -0.538535  0.726727 0.343511 0
toilet
0  6.243598 -2.335346 24.891178  -0.454150 -0.841753 -0.291891  0.727533 0.343918 0
0  6.176548 -2.293773 24.852371  -0.839252 -0.075081 -0.538535  0.726727 0.343511 0
0  6.437540 -2.293739 24.546127  -0.669002 -0.074243 -0.739543  0.729376 0.339994 0
toilet
0  8.303332 -2.293773 26.966824  0.458113 -0.073357 0.885862  0.751113 0.365549 0
0  8.265680 -2.335346 26.901531  0.252654 -0.834823 0.489118  0.750628 0.364809 0
0  8.585155 -2.335319 26.681286  0.365571 -0.838268 0.404555  0.753971 0.362197 0
toilet
0  7.915191 -2.293804 27.108097  0.222299 -0.072816 0.972256  0.746939 0.367348 0
0  7.896646 -2.335380 27.035858  0.123418 -0.832343 0.540345  0.746676 0.366511 0
0  8.265680 -2.335346 26.901531  0.252654 -0.834823 0.489118  0.750628 0.364809 0
toilet
0  6.709293 1.479946 26.927711  -0.499760 -0.072770 0.863102  0.762293 0.417117 0
0  6.749746 1.442051 26.864920  -0.014812 -0.999562 0.025607  0.762716 0.416369 0
0  7.111904 1.442036 27.017269  -0.008009 -0.999556 0.028690  0.766508 0.417730 0
toilet
0  7.573693 -2.335228 24.206200  0.013710 -0.831309 -0.555642  0.741628 0.335604 0
0  7.575515 -2.293648 24.131931  0.024499 -0.072559 -0.997063  0.741607 0.334728 0
0  7.986806 -2.293621 24.193478  0.268976 -0.072691 -0.960400  0.746165 0.335216 0
toilet
0  7.501374 -2.293827 27.149372  -0.024486 -0.072653 0.997057  0.742410 0.368055 0
0  7.503201 -2.335407 27.075092  -0.013601 -0.831384 0.555532  0.742389 0.367179 0
0  7.896646 -2.335380 27.035858  0.123418 -0.832343 0.540345  0.746676 0.366511 0
toilet
0  7.964736 -2.335212 24.264717  0.149810 -0.832288 -0.533717  0.745942 0.336064 0
0  7.986806 -2.293621 24.193478  0.268976 -0.072691 -0.960400  0.746165 0.335216 0
0  8.367541 -2.293605 24.353642  0.501042 -0.073232 -0.862319  0.750420 0.336812 0
toilet
0  5.944460 -2.293827 25.601486  -0.996806 -0.076004 -0.024518  0.724661 0.351809 0
0  6.008368 -2.293804 25.212330  -0.952784 -0.075738 -0.294053  0.725123 0.347540 0
0  6.083698 -2.335380 25.233418  -0.511896 -0.844347 -0.158246  0.726011 0.347737 0
toilet
0  8.326727 -2.335193 24.417000  0.276381 -0.834758 -0.476228  0.749972 0.337574 0
0  8.367541 -2.293605 24.353642  0.501042 -0.073232 -0.862319  0.750420 0.336812 0
0  8.691775 -2.293605 24.601521  0.703272 -0.074067 -0.707052  0.754077 0.339399 0
toilet
0  7.180248 -2.335254 24.245441  -0.123331 -0.832281 -0.540461  0.737340 0.336271 0
0  7.161698 -2.293667 24.173199  -0.221460 -0.072713 -0.972455  0.737077 0.335435 0
0  7.575515 -2.293648 24.131931  0.024499 -0.072559 -0.997063  0.741607 0.334728 0
toilet
0  8.868541 -2.335193 24.955677  0.468053 -0.841693 -0.269222  0.756107 0.343230 0
0  8.937413 -2.293605 24.920208  0.864733 -0.074993 -0.496601  0.756892 0.342785 0
0  9.087712 -2.293621 25.287998  0.965838 -0.075640 -0.247860  0.758688 0.346731 0
toilet
0  6.811215 -2.335285 24.379765  -0.252579 -0.834753 -0.489276  0.733388 0.337974 0
0  6.773557 -2.293705 24.314480  -0.458079 -0.073406 -0.885876  0.732904 0.337234 0
0  7.161698 -2.293667 24.173199  -0.221460 -0.072713 -0.972455  0.737077 0.335435 0
toilet
0  5.944406 -1.403560 25.601543  -0.996851 0.075412 -0.024508  0.717401 0.351871 0
0  5.989125 -1.403587 25.993359  -0.965872 0.075152 0.247879  0.716725 0.355881 0
0  6.064719 -1.365692 25.976154  -0.027930 0.999583 0.007285  0.715874 0.355637 0
toilet
0  6.491741 -2.335319 24.600010  -0.365478 -0.838270 -0.404634  0.730045 0.340586 0
0  6.437540 -2.293739 24.546127  -0.669002 -0.074243 -0.739543  0.729376 0.339994 0
0  6.773557 -2.293705 24.314480  -0.458079 -0.073406 -0.885876  0.732904 0.337234 0
toilet
0  5.989180 -2.293854 25.993301  -0.966071 -0.075771 0.246912  0.725328 0.356051 0
0  6.065452 -2.335426 25.975941  -0.519033 -0.844371 0.132826  0.726205 0.355811 0
0  6.208352 -2.335438 26.325619  -0.467958 -0.841776 0.269127  0.727910 0.359553 0
toilet
0  6.385060 1.479946 26.679836  -0.703247 -0.073598 0.707126  0.758818 0.414742 0
0  6.441334 1.442055 26.629135  -0.020616 -0.999569 0.020878  0.759429 0.414124 0
0  6.749746 1.442051 26.864920  -0.014812 -0.999562 0.025607  0.762716 0.416369 0
toilet
0  8.634999 -2.335186 24.652676  0.384991 -0.838240 -0.386182  0.753437 0.340022 0
0  8.691775 -2.293605 24.601521  0.703272 -0.074067 -0.707052  0.754077 0.339399 0
0  8.937413 -2.293605 24.920208  0.864733 -0.074993 -0.496601  0.756892 0.342785 0
toilet
0  8.639350 -2.293739 26.735168  0.669031 -0.074244 0.739517  0.754640 0.362789 0
0  8.585155 -2.335319 26.681286  0.365571 -0.838268 0.404555  0.753971 0.362197 0
0  8.833297 -2.335285 26.390121  0.454240 -0.841743 0.291778  0.756483 0.358864 0
toilet
0  6.008368 2.370152 25.212330  -0.952500 0.075695 -0.294983  0.745966 0.399549 0
0  6.083697 2.411724 25.233418  -0.523073 0.836808 -0.161701  0.745079 0.399746 0
0  6.243598 2.411690 24.891174  -0.464051 0.834103 -0.298209  0.743556 0.395928 0
toilet
0  6.208351 2.411785 26.325619  -0.478084 0.834175 0.274931  0.743179 0.411562 0
0  6.139478 2.370209 26.361092  -0.863874 0.075169 0.498069  0.743965 0.412007 0
0  6.385113 2.370217 26.679783  -0.703258 0.074281 0.707043  0.741149 0.415393 0
toilet
0  8.993197 -2.335254 26.047878  0.511940 -0.844340 0.158138  0.758006 0.355045 0
0  9.053960 -2.335227 25.677887  0.534230 -0.845238 0.013080  0.758445 0.350995 0
0  9.132432 -2.293647 25.679817  0.996814 -0.075928 0.024450  0.759356 0.350973 0
toilet
0  6.242946 1.441956 24.890892  -0.024345 -0.999580 -0.015730  0.756441 0.396438 0
0  6.176494 1.479847 24.852428  -0.838396 -0.074563 -0.539938  0.755660 0.396037 0
0  6.437486 1.479813 24.546185  -0.667699 -0.073749 -0.740769  0.758176 0.392737 0
toilet
0  6.082972 1.441990 25.233288  -0.027479 -0.999586 -0.008511  0.754993 0.400032 0
0  6.008314 1.479885 25.212387  -0.952531 -0.075235 -0.295000  0.754129 0.399837 0
0  6.176494 1.479847 24.852428  -0.838396 -0.074563 -0.539938  0.755660 0.396037 0
toilet
0  6.441896 2.411789 26.628624  -0.393251 0.830514 0.394462  0.740510 0.414769 0
0  6.385113 2.370217 26.679783  -0.703258 0.074281 0.707043  0.741149 0.415393 0
0  6.709347 2.370209 26.927658  -0.499701 0.073497 0.863074  0.737493 0.417980 0
toilet
0  6.750167 2.411785 26.864296  -0.282271 0.826884 0.486402  0.737045 0.417218 0
0  6.709347 2.370209 26.927658  -0.499701 0.073497 0.863074  0.737493 0.417980 0
0  7.090083 2.370198 27.087826  -0.268929 0.072861 0.960400  0.733238 0.419576 0
toilet
0  6.437486 -1.403469 24.546185  -0.669030 0.073748 -0.739567  0.712913 0.340728 0
0  6.491202 -1.365585 24.599594  -0.019506 0.999574 -0.021720  0.712268 0.341310 0
0  6.810822 -1.365551 24.379248  -0.013472 0.999565 -0.026223  0.709117 0.338877 0
toilet
0  7.090029 1.479931 27.087879  -0.268930 -0.072254 0.960446  0.766302 0.418557 0
0  7.111904 1.442036 27.017269  -0.008009 -0.999556 0.028690  0.766508 0.417730 0
0  7.503127 1.442017 27.075813  -0.000727 -0.999556 0.029776  0.770546 0.418113 0
toilet
0  6.022934 2.411751 25.603409  -0.545745 0.837843 -0.013458  0.745518 0.403796 0
0  6.065452 2.411770 25.975941  -0.530332 0.836859 0.135701  0.744884 0.407820 0
0  6.204980 2.517315 25.944176  -0.569298 0.809060 0.146020  0.743149 0.407339 0
toilet
0  7.503127 -1.365673 27.075811  -0.000793 0.999554 0.029851  0.700543 0.366104 0
0  7.501320 -1.403560 27.149426  -0.024507 0.072096 0.997097  0.700518 0.366955 0
0  7.915137 -1.403534 27.108154  0.222308 0.072307 0.972292  0.696280 0.366299 0
toilet
0  7.575461 -1.403370 24.131985  0.024496 0.072115 -0.997095  0.701427 0.335828 0
0  7.573650 -1.365493 24.205605  0.000658 0.999561 -0.029638  0.701402 0.336678 0
0  7.964873 -1.365467 24.264149  0.007862 0.999564 -0.028473  0.697364 0.337062 0
toilet
0  7.915136 1.479874 27.108154  0.221460 -0.072307 0.972485  0.774809 0.418309 0
0  7.896751 1.441990 27.036552  0.006463 -0.999557 0.029036  0.774555 0.417495 0
0  8.265952 1.441956 26.902172  0.013364 -0.999565 0.026277  0.778261 0.415915 0
toilet
0  9.012057 -1.365467 25.305264  0.027775 0.999589 -0.007137  0.686071 0.347146 0
0  9.054595 -1.365493 25.677963  0.028590 0.999591 0.000757  0.685430 0.350938 0
0  9.132379 -1.403370 25.679874  0.996842 0.075540 0.024508  0.684544 0.350912 0
toilet
0  7.161645 -1.403400 24.173256  -0.222291 0.072405 -0.972288  0.705665 0.336483 0
0  7.180026 -1.365520 24.244862  -0.006594 0.999560 -0.028904  0.705411 0.337297 0
0  7.573650 -1.365493 24.205605  0.000658 0.999561 -0.029638  0.701402 0.336678 0
toilet
0  7.112158 2.411770 27.016579  -0.152971 0.824240 0.545187  0.733015 0.418728 0
0  7.090083 2.370198 27.087826  -0.268929 0.072861 0.960400  0.733238 0.419576 0
0  7.501374 2.370171 27.149368  -0.024456 0.072581 0.997063  0.728679 0.420064 0
toilet
0  7.896751 -1.365646 27.036552  0.006465 0.999558 0.029031  0.696534 0.365486 0
0  7.915137 -1.403534 27.108154  0.222308 0.072307 0.972292  0.696280 0.366299 0
0  8.303279 -1.403499 26.966877  0.458089 0.072849 0.885917  0.692362 0.364628 0
toilet
0  8.585574 -1.365585 26.681820  0.019444 0.999572 0.021859  0.689677 0.361473 0
0  8.639296 -1.403469 26.735226  0.667665 0.073681 0.740807  0.689032 0.362055 0
0  8.900287 -1.403434 26.428986  0.838400 0.074577 0.539929  0.686515 0.358755 0
toilet
0  8.937358 -1.403343 24.920261  0.864721 0.074658 -0.496672  0.686970 0.343197 0
0  8.869092 -1.365459 24.955420  0.024933 0.999585 -0.014448  0.687726 0.343643 0
0  9.012057 -1.365467 25.305264  0.027775 0.999589 -0.007137  0.686071 0.347146 0
toilet
0  7.986753 -1.403354 24.193531  0.269774 0.072374 -0.960200  0.697157 0.336235 0
0  7.964873 -1.365467 24.264149  0.007862 0.999564 -0.028473  0.697364 0.337062 0
0  8.327029 -1.365459 24.416496  0.014640 0.999567 -0.025519  0.693572 0.338423 0
toilet
0  8.265952 -1.365612 26.902172  0.013375 0.999563 0.026349  0.692828 0.363906 0
0  8.303279 -1.403499 26.966877  0.458089 0.072849 0.885917  0.692362 0.364628 0
0  8.639296 -1.403469 26.735226  0.667665 0.073681 0.740807  0.689032 0.362055 0
toilet
0  8.900287 1.479779 26.428986  0.839279 -0.074535 0.538567  0.784574 0.410764 0
0  8.833831 1.441891 26.390524  0.024153 -0.999583 0.015843  0.783792 0.410363 0
0  8.993806 1.441857 26.048126  0.027326 -0.999589 0.008613  0.785240 0.406769 0
toilet
0  8.639296 1.479813 26.735226  0.669026 -0.073688 0.739577  0.782058 0.414064 0
0  8.585574 1.441929 26.681820  0.019413 -0.999573 0.021834  0.781412 0.413482 0
0  8.833831 1.441891 26.390524  0.024153 -0.999583 0.015843  0.783792 0.410363 0
toilet
0  8.993806 1.441857 26.048126  0.027326 -0.999589 0.008613  0.785240 0.406769 0
0  9.054595 1.441838 25.677963  0.028590 -0.999591 0.000729  0.785659 0.402947 0
0  9.132379 1.479714 25.679871  0.996841 -0.075542 0.024506  0.786545 0.402921 0
toilet
0  8.691722 -1.403335 24.601570  0.704538 0.073813 -0.705818  0.689674 0.340050 0
0  8.635442 -1.365451 24.652279  0.020482 0.999575 -0.020748  0.690285 0.340668 0
0  8.869092 -1.365459 24.955420  0.024933 0.999585 -0.014448  0.687726 0.343643 0
toilet
0  8.367488 -1.403343 24.353699  0.501050 0.073030 -0.862331  0.693149 0.337675 0
0  8.327029 -1.365459 24.416496  0.014640 0.999567 -0.025519  0.693572 0.338423 0
0  8.635442 -1.365451 24.652279  0.020482 0.999575 -0.020748  0.690285 0.340668 0
toilet
0  5.989125 1.479931 25.993359  -0.966108 -0.075120 0.246965  0.754364 0.407890 0
0  6.064719 1.442036 25.976154  -0.027898 -0.999584 0.007263  0.755215 0.407646 0
0  6.207684 1.442051 26.325994  -0.025037 -0.999580 0.014592  0.756871 0.411148 0
toilet
0  5.944406 1.479904 25.601540  -0.996851 -0.075412 -0.024501  0.753688 0.403880 0
0  6.008314 1.479885 25.212387  -0.952531 -0.075235 -0.295000  0.754129 0.399837 0
0  6.082972 1.441990 25.233288  -0.027479 -0.999586 -0.008511  0.754993 0.400032 0
toilet
0  7.565466 2.093621 28.891373  0.425182 0.905048 0.010392  0.690190 0.387795 0
0  7.565450 1.834996 28.891388  0.425115 -0.905078 0.010504  0.692841 0.387794 0
0  7.622460 1.834851 26.571205  0.425063 -0.905099 0.010795  0.692844 0.411593 0
toilet
0  7.565451 -1.758648 28.891388  0.425082 0.905098 0.010168  0.778248 0.335785 0
0  7.565467 -2.017277 28.891376  0.425219 -0.905031 0.010390  0.780900 0.335786 0
0  7.622476 -2.017132 26.571190  0.425180 -0.905051 0.010274  0.780897 0.359584 0
toilet
0  7.072026 -1.758537 26.557678  -0.425181 0.905048 -0.010437  0.772600 0.359583 0
0  7.015017 -1.758682 28.877865  -0.425224 0.905028 -0.010393  0.772602 0.335785 0
0  7.565451 -1.758648 28.891388  0.425082 0.905098 0.010168  0.778248 0.335785 0
toilet
0  7.015032 -2.017311 28.877850  -0.425059 -0.905101 -0.010858  0.786545 0.335786 0
0  7.072042 -2.017162 26.557663  -0.425116 -0.905078 -0.010502  0.786543 0.359584 0
0  7.622476 -2.017132 26.571190  0.425180 -0.905051 0.010274  0.780897 0.359584 0
toilet
0  7.072041 2.093510 26.557663  -0.425068 0.905100 -0.010507  0.684546 0.411594 0
0  7.015031 2.093655 28.877850  -0.425111 0.905080 -0.010503  0.684544 0.387795 0
0  7.565466 2.093621 28.891373  0.425182 0.905048 0.010392  0.690190 0.387795 0
toilet
0  7.015016 1.835022 28.877865  -0.425172 -0.905052 -0.010522  0.698487 0.387794 0
0  7.072026 1.834881 26.557682  -0.425220 -0.905030 -0.010395  0.698490 0.411592 0
0  7.622460 1.834851 26.571205  0.425063 -0.905099 0.010795  0.692844 0.411593 0
toilet
0  6.709293 -1.403599 26.927711  -0.499819 0.072814 0.863064  0.770202 0.319548 0
0  6.709347 -2.293865 26.927658  -0.501065 -0.073411 0.862290  0.770202 0.328616 0
0  7.090083 -2.293854 27.087830  -0.269772 -0.072880 0.960162  0.765858 0.328616 0
toilet
0  7.015016 1.835022 28.877865  -0.425172 -0.905052 -0.010522  0.698487 0.387794 0
0  7.015031 2.093655 28.877850  -0.425111 0.905080 -0.010503  0.701139 0.387794 0
0  7.072041 2.093510 26.557663  -0.425068 0.905100 -0.010507  0.701141 0.411592 0
toilet
0  6.139478 2.370209 26.361092  -0.863874 0.075169 0.498069  0.692534 0.380625 0
0  6.139424 1.479946 26.361145  -0.864739 -0.074474 0.496669  0.692534 0.371557 0
0  6.385060 1.479946 26.679836  -0.703247 -0.073598 0.707126  0.696652 0.371557 0
toilet
0  5.989179 2.370198 25.993301  -0.965808 0.075775 0.247936  0.688511 0.380625 0
0  5.989125 1.479931 25.993359  -0.966108 -0.075120 0.246965  0.688511 0.371557 0
0  6.139424 1.479946 26.361145  -0.864739 -0.074474 0.496669  0.692534 0.371557 0
toilet
0  5.944460 2.370171 25.601486  -0.996809 0.075946 -0.024573  0.684544 0.380625 0
0  5.944406 1.479904 25.601540  -0.996851 -0.075412 -0.024501  0.684544 0.371557 0
0  5.989125 1.479931 25.993359  -0.966108 -0.075120 0.246965  0.688511 0.371557 0
toilet
0  7.986753 1.479699 24.193527  0.269782 -0.072392 -0.960196  0.755420 0.371557 0
0  7.986806 2.369965 24.193474  0.269783 0.072696 -0.960173  0.755420 0.380625 0
0  8.367541 2.369954 24.353642  0.501073 0.073293 -0.862296  0.751077 0.380625 0
toilet
0  5.944406 1.479904 25.601540  -0.996851 -0.075412 -0.024501  0.784922 0.371557 0
0  5.944460 2.370171 25.601486  -0.996809 0.075946 -0.024573  0.784922 0.380625 0
0  6.008368 2.370152 25.212330  -0.952500 0.075695 -0.294983  0.780953 0.380625 0
toilet
0  6.008314 1.479885 25.212387  -0.952531 -0.075235 -0.295000  0.780953 0.371557 0
0  6.008368 2.370152 25.212330  -0.952500 0.075695 -0.294983  0.780953 0.380625 0
0  6.176548 2.370117 24.852371  -0.838361 0.075056 -0.539923  0.776931 0.380625 0
toilet
0  6.773503 1.479779 24.314533  -0.458121 -0.072903 -0.885895  0.768577 0.371557 0
0  6.773557 2.370053 24.314480  -0.458108 0.073364 -0.885864  0.768577 0.380625 0
0  7.161698 2.370011 24.173203  -0.222285 0.072722 -0.972266  0.764234 0.380625 0
toilet
0  7.015032 -2.017311 28.877850  -0.425059 -0.905101 -0.010858  0.769950 0.335785 0
0  7.015017 -1.758682 28.877865  -0.425224 0.905028 -0.010393  0.772602 0.335785 0
0  7.072026 -1.758537 26.557678  -0.425181 0.905048 -0.010437  0.772600 0.359583 0
toilet
0  7.161645 1.479748 24.173256  -0.221448 -0.072369 -0.972483  0.764234 0.371557 0
0  7.161698 2.370011 24.173203  -0.222285 0.072722 -0.972266  0.764234 0.380625 0
0  7.575515 2.369992 24.131931  0.024498 0.072510 -0.997067  0.759827 0.380625 0
toilet
0  6.437486 1.479813 24.546185  -0.667699 -0.073749 -0.740769  0.772813 0.371557 0
0  6.437540 2.370083 24.546131  -0.669020 0.074225 -0.739529  0.772813 0.380625 0
0  6.773557 2.370053 24.314480  -0.458108 0.073364 -0.885864  0.768577 0.380625 0
toilet
0  6.176494 1.479847 24.852428  -0.838396 -0.074563 -0.539938  0.776931 0.371557 0
0  6.176548 2.370117 24.852371  -0.838361 0.075056 -0.539923  0.776931 0.380625 0
0  6.437540 2.370083 24.546131  -0.669020 0.074225 -0.739529  0.772813 0.380625 0
toilet
0  7.575461 1.479714 24.131985  0.024461 -0.072117 -0.997096  0.759827 0.371557 0
0  7.575515 2.369992 24.131931  0.024498 0.072510 -0.997067  0.759827 0.380625 0
0  7.986806 2.369965 24.193474  0.269783 0.072696 -0.960173  0.755420 0.380625 0
toilet
0  8.900340 2.370045 26.428928  0.839298 0.075087 0.538462  0.726743 0.380625 0
0  8.900287 1.479779 26.428986  0.839279 -0.074535 0.538567  0.726743 0.371557 0
0  9.068467 1.479748 26.069023  0.952514 -0.075303 0.295038  0.730765 0.371557 0
toilet
0  9.068522 2.370011 26.068970  0.952491 0.075694 0.295009  0.730765 0.380625 0
0  9.068467 1.479748 26.069023  0.952514 -0.075303 0.295038  0.730765 0.371557 0
0  9.132379 1.479714 25.679871  0.996841 -0.075542 0.024506  0.734732 0.371557 0
toilet
0  8.367488 1.479687 24.353699  0.499689 -0.072936 -0.863129  0.751077 0.371557 0
0  8.367541 2.369954 24.353642  0.501073 0.073293 -0.862296  0.751077 0.380625 0
0  8.691775 2.369954 24.601521  0.704545 0.074081 -0.705782  0.746840 0.380625 0
toilet
0  7.090083 2.370198 27.087826  -0.268929 0.072861 0.960400  0.705231 0.380625 0
0  7.090029 1.479931 27.087879  -0.268930 -0.072254 0.960446  0.705231 0.371557 0
0  7.501319 1.479905 27.149426  -0.024455 -0.072032 0.997102  0.709638 0.371557 0
toilet
0  6.709347 2.370209 26.927658  -0.499701 0.073497 0.863074  0.700888 0.380625 0
0  6.709293 1.479946 26.927711  -0.499760 -0.072770 0.863102  0.700888 0.371557 0
0  7.090029 1.479931 27.087879  -0.268930 -0.072254 0.960446  0.705231 0.371557 0
toilet
0  8.639350 2.370083 26.735172  0.669011 0.074239 0.739536  0.722624 0.380625 0
0  8.639296 1.479813 26.735226  0.669026 -0.073688 0.739577  0.722624 0.371557 0
0  8.900287 1.479779 26.428986  0.839279 -0.074535 0.538567  0.726743 0.371557 0
toilet
0  6.385113 2.370217 26.679783  -0.703258 0.074281 0.707043  0.696652 0.380625 0
0  6.385060 1.479946 26.679836  -0.703247 -0.073598 0.707126  0.696652 0.371557 0
0  6.709293 1.479946 26.927711  -0.499760 -0.072770 0.863102  0.700888 0.371557 0
toilet
0  8.691722 1.479679 24.601574  0.703244 -0.073821 -0.707106  0.746840 0.371557 0
0  8.691775 2.369954 24.601521  0.704545 0.074081 -0.705782  0.746840 0.380625 0
0  8.937413 2.369954 24.920208  0.864710 0.075029 -0.496636  0.742723 0.380625 0
toilet
0  7.915190 2.370152 27.108097  0.222289 0.072852 0.972255  0.714046 0.380625 0
0  7.915136 1.479874 27.108154  0.221460 -0.072307 0.972485  0.714046 0.371557 0
0  8.303279 1.479847 26.966877  0.458121 -0.072867 0.885898  0.718388 0.371557 0
toilet
0  7.501374 2.370171 27.149368  -0.024456 0.072581 0.997063  0.709638 0.380625 0
0  7.501319 1.479905 27.149426  -0.024455 -0.072032 0.997102  0.709638 0.371557 0
0  7.915136 1.479874 27.108154  0.221460 -0.072307 0.972485  0.714046 0.371557 0
toilet
0  9.087655 1.479699 25.288052  0.966095 -0.075256 -0.246974  0.738701 0.371557 0
0  9.087712 2.369965 25.287994  0.966084 0.075582 -0.246919  0.738701 0.380625 0
0  9.132432 2.369992 25.679817  0.996813 0.075933 0.024447  0.734732 0.380625 0
toilet
0  8.937358 1.479687 24.920261  0.863863 -0.074647 -0.498165  0.742723 0.371557 0
0  8.937413 2.369954 24.920208  0.864710 0.075029 -0.496636  0.742723 0.380625 0
0  9.087712 2.369965 25.287994  0.966084 0.075582 -0.246919  0.738701 0.380625 0
toilet
0  6.334334 2.517319 26.260742  -0.512664 0.806150 0.295463  0.741626 0.410669 0
0  6.208351 2.411785 26.325619  -0.478084 0.834175 0.274931  0.743179 0.411562 0
0  6.441896 2.411789 26.628624  -0.393251 0.830514 0.394462  0.740510 0.414769 0
toilet
0  6.065452 -2.335426 25.975941  -0.519033 -0.844371 0.132826  0.726205 0.355811 0
0  6.022935 -2.335407 25.603413  -0.534097 -0.845321 -0.013168  0.725571 0.351787 0
0  6.168506 -2.437332 25.606979  -0.584748 -0.811088 -0.014357  0.727367 0.351744 0
toilet
0  6.208352 -2.335438 26.325619  -0.467958 -0.841776 0.269127  0.727910 0.359553 0
0  6.336138 -2.437370 26.259804  -0.511557 -0.807169 0.294597  0.729464 0.358660 0
0  6.547145 -2.437641 26.533794  -0.419843 -0.803362 0.422305  0.731844 0.361511 0
toilet
0  6.592206 -2.437530 24.699883  -0.398494 -0.803412 -0.442416  0.731368 0.341773 0
0  6.491741 -2.335319 24.600010  -0.365478 -0.838270 -0.404634  0.730045 0.340586 0
0  6.811215 -2.335285 24.379765  -0.252579 -0.834753 -0.489276  0.733388 0.337974 0
toilet
0  7.573693 2.411572 24.206203  0.013991 0.823197 -0.567583  0.729461 0.387613 0
0  7.570363 2.517113 24.342010  0.014969 0.794382 -0.607234  0.729419 0.389372 0
0  7.924380 2.517102 24.394985  0.163498 0.795410 -0.583602  0.725586 0.389771 0
toilet
0  7.180248 2.411598 24.245441  -0.126023 0.824157 -0.552162  0.733749 0.388280 0
0  7.214170 2.517143 24.377541  -0.134550 0.795426 -0.590927  0.733229 0.389955 0
0  7.570363 2.517113 24.342010  0.014969 0.794382 -0.607234  0.729419 0.389372 0
toilet
0  6.811215 2.411633 24.379765  -0.258046 0.826810 -0.499798  0.737701 0.389983 0
0  6.880084 2.517174 24.499153  -0.275818 0.798065 -0.535740  0.736744 0.391462 0
0  7.214170 2.517143 24.377541  -0.134550 0.795426 -0.590927  0.733229 0.389955 0
toilet
0  6.491741 2.411663 24.600010  -0.373390 0.830479 -0.413381  0.741044 0.392595 0
0  6.590872 2.517208 24.698551  -0.399800 0.801913 -0.443955  0.739721 0.393782 0
0  6.880084 2.517174 24.499153  -0.275818 0.798065 -0.535740  0.736744 0.391462 0
toilet
0  6.243598 2.411690 24.891174  -0.464051 0.834103 -0.298209  0.743556 0.395928 0
0  6.366243 2.517243 24.962154  -0.497547 0.806102 -0.320385  0.741961 0.396744 0
0  6.590872 2.517208 24.698551  -0.399800 0.801913 -0.443955  0.739721 0.393782 0
toilet
0  6.083697 2.411724 25.233418  -0.523073 0.836808 -0.161701  0.745079 0.399746 0
0  6.221497 2.517266 25.271984  -0.561430 0.809047 -0.173898  0.743322 0.400144 0
0  6.366243 2.517243 24.962154  -0.497547 0.806102 -0.320385  0.741961 0.396744 0
toilet
0  6.083697 2.411724 25.233418  -0.523073 0.836808 -0.161701  0.745079 0.399746 0
0  6.022934 2.411751 25.603409  -0.545745 0.837843 -0.013458  0.745518 0.403796 0
0  6.166492 2.517300 25.606930  -0.586071 0.810130 -0.014457  0.743723 0.403753 0
toilet
0  8.871926 2.517109 25.337109  0.569389 0.808980 -0.146109  0.715013 0.399462 0
0  8.910413 2.517128 25.674355  0.586162 0.810067 0.014343  0.714439 0.403048 0
0  9.053960 2.411572 25.677887  0.545871 0.837763 0.013363  0.712644 0.403004 0
toilet
0  8.868541 2.411538 24.955673  0.478240 0.834046 -0.275054  0.714983 0.395239 0
0  8.742572 2.517102 25.020542  0.512775 0.806047 -0.295552  0.716536 0.396132 0
0  8.871926 2.517109 25.337109  0.569389 0.808980 -0.146109  0.715013 0.399462 0
toilet
0  8.634999 2.411530 24.652672  0.393374 0.830402 -0.394574  0.717652 0.392031 0
0  8.531160 2.517094 24.746231  0.421219 0.801855 -0.423796  0.718916 0.393281 0
0  8.742572 2.517102 25.020542  0.512775 0.806047 -0.295552  0.716536 0.396132 0
toilet
0  8.326727 2.411538 24.417000  0.282360 0.826802 -0.486488  0.721117 0.389583 0
0  8.252090 2.517094 24.532864  0.301924 0.798212 -0.521248  0.722002 0.391107 0
0  8.531160 2.517094 24.746231  0.421219 0.801855 -0.423796  0.718916 0.393281 0
toilet
0  6.441896 -2.335445 26.628624  -0.384894 -0.838323 0.386099  0.730579 0.362760 0
0  6.547145 -2.437641 26.533794  -0.419843 -0.803362 0.422305  0.731844 0.361511 0
0  6.825931 -2.437385 26.746674  -0.300828 -0.799544 0.519839  0.734929 0.363685 0
toilet
0  7.506545 2.517273 26.939278  -0.014866 0.794465 0.607128  0.728743 0.417428 0
0  7.503201 2.411751 27.075096  -0.013886 0.823290 0.567451  0.728701 0.419188 0
0  7.896646 2.411724 27.035854  0.126102 0.824233 0.552032  0.724413 0.418521 0
toilet
0  6.750167 -2.335438 26.864296  -0.276268 -0.834849 0.476133  0.734044 0.365209 0
0  6.825931 -2.437385 26.746674  -0.300828 -0.799544 0.519839  0.734929 0.363685 0
0  7.153093 -2.437641 26.884468  -0.162825 -0.796823 0.581860  0.738513 0.365021 0
toilet
0  7.862736 2.517254 26.903748  0.134649 0.795474 0.590839  0.724933 0.416846 0
0  7.896646 2.411724 27.035854  0.126102 0.824233 0.552032  0.724413 0.418521 0
0  8.265680 2.411690 26.901535  0.258142 0.826849 0.499684  0.720461 0.416818 0
toilet
0  8.196823 2.517228 26.782131  0.275959 0.798277 0.535351  0.721418 0.415339 0
0  8.265680 2.411690 26.901535  0.258142 0.826849 0.499684  0.720461 0.416818 0
0  8.585155 2.411664 26.681286  0.373545 0.830432 0.413336  0.717118 0.414206 0
toilet
0  8.486035 2.517209 26.582729  0.399875 0.802167 0.443428  0.718441 0.413019 0
0  8.585155 2.411664 26.681286  0.373545 0.830432 0.413336  0.717118 0.414206 0
0  8.833297 2.411633 26.390121  0.464117 0.834108 0.298093  0.714606 0.410873 0
toilet
0  8.710666 2.517182 26.319130  0.497619 0.806100 0.320277  0.716201 0.410057 0
0  8.833297 2.411633 26.390121  0.464117 0.834108 0.298093  0.714606 0.410873 0
0  8.993197 2.411599 26.047878  0.523266 0.836762 0.161312  0.713083 0.407054 0
toilet
0  8.910413 2.517128 25.674355  0.586162 0.810067 0.014343  0.714439 0.403048 0
0  8.855412 2.517163 26.009304  0.561529 0.809000 0.173793  0.714840 0.406657 0
0  8.993197 2.411599 26.047878  0.523266 0.836762 0.161312  0.713083 0.407054 0
toilet
0  6.204980 2.517315 25.944176  -0.569298 0.809060 0.146020  0.743149 0.407339 0
0  6.065452 2.411770 25.975941  -0.530332 0.836859 0.135701  0.744884 0.407820 0
0  6.208351 2.411785 26.325619  -0.478084 0.834175 0.274931  0.743179 0.411562 0
toilet
0  6.713496 2.791760 26.065613  -0.395374 0.889803 0.227884  0.737186 0.408103 0
0  6.585015 2.710770 26.131706  -0.447910 0.855941 0.258345  0.738629 0.408940 0
0  6.755397 2.711415 26.346161  -0.368593 0.852322 0.371062  0.736811 0.411106 0
toilet
0  8.367998 6.368908 41.311615  0.990745 0.130062 0.038834  0.507099 0.576118 0
0  8.344045 6.207772 42.286060  0.990486 0.127602 0.051526  0.505190 0.586030 0
0  8.483383 5.098687 41.939182  0.994270 0.096936 0.045070  0.493784 0.582196 0
toilet
0  8.344255 -6.464977 35.925266  0.987887 -0.147621 -0.047827  0.375672 0.518279 0
0  8.367823 -5.937614 34.967354  0.988744 -0.135442 -0.063568  0.381436 0.508728 0
0  8.504807 -5.111808 35.716000  0.993597 -0.104370 -0.043274  0.389711 0.516773 0
toilet
0  7.896904 -4.877193 30.356163  0.944541 -0.195661 -0.263742  0.394242 0.461890 0
0  7.913641 -3.745712 29.677769  0.946980 -0.150143 -0.284052  0.406074 0.455802 0
0  8.108457 -3.511162 30.348656  0.972841 -0.111013 -0.203118  0.408139 0.462961 0
toilet
0  8.563996 2.472435 33.325439  0.995620 0.050510 -0.078670  0.468166 0.494798 0
0  8.553155 3.212914 33.768456  0.995221 0.065861 -0.072098  0.475714 0.499264 0
0  8.655135 2.638894 34.943336  0.997536 0.050233 -0.048977  0.469673 0.511113 0
toilet
0  8.389088 -5.278789 34.103535  0.989620 -0.120778 -0.077874  0.388517 0.500246 0
0  8.407902 -4.559135 33.339588  0.990434 -0.104207 -0.090456  0.396191 0.492868 0
0  8.539310 -3.925056 34.314632  0.994719 -0.080272 -0.063956  0.402363 0.503100 0
toilet
0  7.563745 2.710358 24.611801  0.013151 0.846204 -0.532697  0.729337 0.392753 0
0  7.560352 2.791340 24.750084  0.011651 0.881833 -0.471417  0.729298 0.394373 0
0  7.800586 2.792362 24.794590  0.126972 0.881964 -0.453892  0.726830 0.394616 0
toilet
0  7.842977 2.711090 24.657761  0.143364 0.846697 -0.512398  0.726427 0.393042 0
0  7.800586 2.792362 24.794590  0.126972 0.881964 -0.453892  0.726830 0.394616 0
0  8.027596 2.791413 24.881115  0.233827 0.884413 -0.403903  0.724518 0.395467 0
toilet
0  8.103686 2.710430 24.763119  0.264435 0.849359 -0.456797  0.723702 0.394049 0
0  8.027596 2.791413 24.881115  0.233827 0.884413 -0.403903  0.724518 0.395467 0
0  8.212398 2.792515 25.033428  0.326073 0.886499 -0.328322  0.722521 0.396861 0
toilet
0  8.321534 2.711239 24.935101  0.368631 0.852291 -0.371095  0.721351 0.395695 0
0  8.212398 2.792515 25.033428  0.326073 0.886499 -0.328322  0.722521 0.396861 0
0  8.363445 2.791607 25.215637  0.395493 0.889726 -0.227975  0.720976 0.398697 0
toilet
0  8.363445 2.791607 25.215637  0.395493 0.889726 -0.227975  0.720976 0.398697 0
0  8.443357 2.792675 25.434650  0.439480 0.891121 -0.112959  0.719981 0.400849 0
0  8.590067 2.711392 25.401257  0.497612 0.857918 -0.127897  0.718365 0.400396 0
toilet
0  7.851906 -6.897048 32.182610  0.938299 -0.274991 -0.209703  0.372470 0.479140 0
0  7.876487 -5.956771 31.184464  0.941449 -0.237494 -0.239314  0.382749 0.469585 0
0  8.073629 -5.583761 31.761003  0.969601 -0.175742 -0.170263  0.386335 0.475966 0
toilet
0  8.478263 2.791710 25.663715  0.451404 0.892251 0.011057  0.719599 0.403172 0
0  8.432146 2.792710 25.890797  0.433407 0.891128 0.134347  0.719869 0.405510 0
0  8.577039 2.711419 25.931362  0.490689 0.857956 0.152105  0.718232 0.405885 0
toilet
0  8.060052 -2.634590 26.545094  0.242324 -0.848544 0.470375  0.747831 0.360473 0
0  7.989843 -2.715534 26.423481  0.213480 -0.884725 0.414352  0.746948 0.359096 0
0  8.181962 -2.716625 26.280384  0.309201 -0.886833 0.343398  0.748875 0.357607 0
toilet
0  8.181764 2.792592 26.280190  0.309593 0.886545 0.343788  0.722214 0.409616 0
0  8.285937 2.711319 26.383766  0.350002 0.852306 0.388680  0.720989 0.410724 0
0  8.466645 2.710656 26.177940  0.434949 0.855774 0.280127  0.719277 0.408474 0
toilet
0  7.989703 2.791512 26.423241  0.213529 0.884468 0.414876  0.724141 0.411105 0
0  8.059906 2.710537 26.544842  0.241566 0.849412 0.469196  0.723258 0.412482 0
0  8.285937 2.711319 26.383766  0.350002 0.852306 0.388680  0.720989 0.410724 0
toilet
0  7.758720 2.792469 26.498512  0.104547 0.882052 0.459405  0.726410 0.412067 0
0  7.794339 2.711212 26.637272  0.118028 0.846728 0.518770  0.725932 0.413619 0
0  8.059906 2.710537 26.544842  0.241566 0.849412 0.469196  0.723258 0.412482 0
toilet
0  7.516589 2.791447 26.531166  -0.011596 0.881891 0.471311  0.728864 0.412428 0
0  7.513186 2.710484 26.669456  -0.013097 0.846263 0.532604  0.728824 0.414048 0
0  7.794339 2.711212 26.637272  0.118028 0.846728 0.518770  0.725932 0.413619 0
toilet
0  8.561869 -5.098659 38.720341  0.995305 -0.096753 0.002571  0.389037 0.547313 0
0  8.580810 -4.886356 37.949978  0.995706 -0.092236 -0.007813  0.391421 0.539560 0
0  8.671291 -3.739856 38.510914  0.997728 -0.067361 0.000981  0.403135 0.545602 0
toilet
0  8.502424 -5.241931 41.139194  0.994468 -0.098877 0.035441  0.387033 0.571858 0
0  8.522305 -5.278415 40.330090  0.994676 -0.100110 0.024452  0.386821 0.563622 0
0  8.626513 -4.039932 40.332573  0.997047 -0.072780 0.024506  0.399635 0.563943 0
toilet
0  8.050589 -6.465160 32.696644  0.967643 -0.203853 -0.148696  0.376806 0.484942 0
0  8.073629 -5.583761 31.761003  0.969601 -0.175742 -0.170263  0.386335 0.475966 0
0  8.251783 -5.115215 32.483498  0.983098 -0.134486 -0.124227  0.390826 0.483770 0
toilet
0  8.446495 4.571465 43.439251  0.994070 0.085659 0.066992  0.487952 0.597299 0
0  8.429844 4.197186 44.115993  0.993937 0.079445 0.076009  0.483906 0.604062 0
0  8.555746 3.212376 43.230179  0.996395 0.057878 0.062027  0.473968 0.594797 0
toilet
0  6.452248 2.710835 25.613937  -0.511482 0.859202 -0.012594  0.740245 0.403669 0
0  6.486866 2.711552 25.880001  -0.497476 0.858015 0.127778  0.739797 0.406404 0
0  6.633585 2.792820 25.846600  -0.439375 0.891186 0.112857  0.738181 0.405952 0
toilet
0  8.231399 5.921856 33.339897  0.981745 0.156393 -0.108246  0.503601 0.494520 0
0  8.207467 6.663193 34.315609  0.980514 0.174858 -0.089533  0.511207 0.504447 0
0  8.368403 5.938824 34.972530  0.988756 0.135365 -0.063551  0.503664 0.511305 0
toilet
0  9.053960 -2.335227 25.677887  0.534230 -0.845238 0.013080  0.758445 0.350995 0
0  9.011443 -2.335201 25.305355  0.519108 -0.844311 -0.132913  0.757811 0.346971 0
0  9.087712 -2.293621 25.287998  0.965838 -0.075640 -0.247860  0.758688 0.346731 0
toilet
0  8.833297 2.411633 26.390121  0.464117 0.834108 0.298093  0.714606 0.410873 0
0  8.900340 2.370045 26.428928  0.839298 0.075087 0.538462  0.713800 0.411280 0
0  9.068522 2.370011 26.068970  0.952491 0.075694 0.295009  0.712196 0.407252 0
toilet
0  8.585155 2.411664 26.681286  0.373545 0.830432 0.413336  0.717118 0.414206 0
0  8.639350 2.370083 26.735172  0.669011 0.074239 0.739536  0.716449 0.414798 0
0  8.900340 2.370045 26.428928  0.839298 0.075087 0.538462  0.713800 0.411280 0
toilet
0  6.385114 -2.293873 26.679783  -0.704536 -0.074326 0.705766  0.729940 0.363384 0
0  6.441896 -2.335445 26.628624  -0.384894 -0.838323 0.386099  0.730579 0.362760 0
0  6.750167 -2.335438 26.864296  -0.276268 -0.834849 0.476133  0.734044 0.365209 0
toilet
0  6.709347 -2.293865 26.927658  -0.501065 -0.073411 0.862290  0.733596 0.365971 0
0  6.750167 -2.335438 26.864296  -0.276268 -0.834849 0.476133  0.734044 0.365209 0
0  7.112159 -2.335426 27.016579  -0.149714 -0.832342 0.533660  0.738074 0.366719 0
toilet
0  7.090083 -2.293854 27.087830  -0.269772 -0.072880 0.960162  0.737851 0.367567 0
0  7.112159 -2.335426 27.016579  -0.149714 -0.832342 0.533660  0.738074 0.366719 0
0  7.503201 -2.335407 27.075092  -0.013601 -0.831384 0.555532  0.742389 0.367179 0
toilet
0  7.575515 2.369992 24.131931  0.024498 0.072510 -0.997067  0.729482 0.386737 0
0  7.573693 2.411572 24.206203  0.013991 0.823197 -0.567583  0.729461 0.387613 0
0  7.964736 2.411553 24.264717  0.153070 0.824147 -0.545299  0.725147 0.388073 0
toilet
0  7.503201 2.411751 27.075096  -0.013886 0.823290 0.567451  0.728701 0.419188 0
0  7.501374 2.370171 27.149368  -0.024456 0.072581 0.997063  0.728679 0.420064 0
0  7.915190 2.370152 27.108097  0.222289 0.072852 0.972255  0.724150 0.419357 0
toilet
0  7.986806 2.369965 24.193474  0.269783 0.072696 -0.960173  0.724924 0.387225 0
0  7.964736 2.411553 24.264717  0.153070 0.824147 -0.545299  0.725147 0.388073 0
0  8.326727 2.411538 24.417000  0.282360 0.826802 -0.486488  0.721117 0.389583 0
toilet
0  5.989180 -2.293854 25.993301  -0.966071 -0.075771 0.246912  0.725328 0.356051 0
0  5.944460 -2.293827 25.601486  -0.996806 -0.076004 -0.024518  0.724661 0.351809 0
0  6.022935 -2.335407 25.603413  -0.534097 -0.845321 -0.013168  0.725571 0.351787 0
toilet
0  8.265680 2.411690 26.901535  0.258142 0.826849 0.499684  0.720461 0.416818 0
0  8.303332 2.370118 26.966824  0.456777 0.073370 0.886550  0.719977 0.417558 0
0  8.639350 2.370083 26.735172  0.669011 0.074239 0.739536  0.716449 0.414798 0
toilet
0  7.161698 2.370011 24.173203  -0.222285 0.072722 -0.972266  0.734012 0.387444 0
0  7.180248 2.411598 24.245441  -0.126023 0.824157 -0.552162  0.733749 0.388280 0
0  7.573693 2.411572 24.206203  0.013991 0.823197 -0.567583  0.729461 0.387613 0
toilet
0  8.900340 -2.293697 26.428928  0.839280 -0.075047 0.538496  0.757289 0.359271 0
0  8.833297 -2.335285 26.390121  0.454240 -0.841743 0.291778  0.756483 0.358864 0
0  8.993197 -2.335254 26.047878  0.511940 -0.844340 0.158138  0.758006 0.355045 0
toilet
0  7.896646 2.411724 27.035854  0.126102 0.824233 0.552032  0.724413 0.418521 0
0  7.915190 2.370152 27.108097  0.222289 0.072852 0.972255  0.724150 0.419357 0
0  8.303332 2.370118 26.966824  0.456777 0.073370 0.886550  0.719977 0.417558 0
toilet
0  8.691775 2.369954 24.601521  0.704545 0.074081 -0.705782  0.717012 0.391408 0
0  8.634999 2.411530 24.652672  0.393374 0.830402 -0.394574  0.717652 0.392031 0
0  8.868541 2.411538 24.955673  0.478240 0.834046 -0.275054  0.714983 0.395239 0
toilet
0  6.437540 2.370083 24.546131  -0.669020 0.074225 -0.739529  0.741713 0.392003 0
0  6.491741 2.411663 24.600010  -0.373390 0.830479 -0.413381  0.741044 0.392595 0
0  6.811215 2.411633 24.379765  -0.258046 0.826810 -0.499798  0.737701 0.389983 0
toilet
0  6.065452 2.411770 25.975941  -0.530332 0.836859 0.135701  0.744884 0.407820 0
0  5.989179 2.370198 25.993301  -0.965808 0.075775 0.247936  0.745761 0.408060 0
0  6.139478 2.370209 26.361092  -0.863874 0.075169 0.498069  0.743965 0.412007 0
toilet
0  6.773557 2.370053 24.314480  -0.458108 0.073364 -0.885864  0.738185 0.389243 0
0  6.811215 2.411633 24.379765  -0.258046 0.826810 -0.499798  0.737701 0.389983 0
0  7.180248 2.411598 24.245441  -0.126023 0.824157 -0.552162  0.733749 0.388280 0
toilet
0  6.139479 -2.293865 26.361092  -0.864708 -0.075101 0.496628  0.727124 0.359998 0
0  6.208352 -2.335438 26.325619  -0.467958 -0.841776 0.269127  0.727910 0.359553 0
0  6.441896 -2.335445 26.628624  -0.384894 -0.838323 0.386099  0.730579 0.362760 0
toilet
0  6.176548 2.370117 24.852371  -0.838361 0.075056 -0.539923  0.744362 0.395520 0
0  6.243598 2.411690 24.891174  -0.464051 0.834103 -0.298209  0.743556 0.395928 0
0  6.491741 2.411663 24.600010  -0.373390 0.830479 -0.413381  0.741044 0.392595 0
toilet
0  9.011443 2.411545 25.305355  0.530405 0.836799 -0.135788  0.713278 0.398980 0
0  9.053960 2.411572 25.677887  0.545871 0.837763 0.013363  0.712644 0.403004 0
0  9.132432 2.369992 25.679817  0.996813 0.075933 0.024447  0.711733 0.402982 0
toilet
0  8.937413 2.369954 24.920208  0.864710 0.075029 -0.496636  0.714197 0.394794 0
0  8.868541 2.411538 24.955673  0.478240 0.834046 -0.275054  0.714983 0.395239 0
0  9.011443 2.411545 25.305355  0.530405 0.836799 -0.135788  0.713278 0.398980 0
toilet
0  6.008368 2.370152 25.212330  -0.952500 0.075695 -0.294983  0.745966 0.399549 0
0  5.944460 2.370171 25.601486  -0.996809 0.075946 -0.024573  0.746428 0.403818 0
0  6.022934 2.411751 25.603409  -0.545745 0.837843 -0.013458  0.745518 0.403796 0
toilet
0  8.367541 2.369954 24.353642  0.501073 0.073293 -0.862296  0.720669 0.388821 0
0  8.326727 2.411538 24.417000  0.282360 0.826802 -0.486488  0.721117 0.389583 0
0  8.634999 2.411530 24.652672  0.393374 0.830402 -0.394574  0.717652 0.392031 0
toilet
0  6.008314 -1.403541 25.212387  -0.952820 0.075145 -0.294087  0.716960 0.347828 0
0  5.944406 -1.403560 25.601543  -0.996851 0.075412 -0.024508  0.717401 0.351871 0
0  6.022182 -1.365673 25.603451  -0.028725 0.999587 -0.000687  0.716515 0.351845 0
toilet
0  8.833831 -1.365547 26.390526  0.024175 0.999583 0.015799  0.687297 0.358353 0
0  8.900287 -1.403434 26.428986  0.838400 0.074577 0.539929  0.686515 0.358755 0
0  9.068467 -1.403400 26.069023  0.952799 0.075232 0.294133  0.684985 0.354954 0
toilet
0  6.207685 -1.365703 26.325994  -0.025109 0.999577 0.014648  0.714218 0.359139 0
0  6.139424 -1.403599 26.361145  -0.864723 0.074438 0.496702  0.714975 0.359586 0
0  6.385060 -1.403599 26.679836  -0.703275 0.073619 0.707096  0.712271 0.362733 0
toilet
0  8.303279 1.479847 26.966877  0.458121 -0.072867 0.885898  0.778727 0.416637 0
0  8.265952 1.441956 26.902172  0.013364 -0.999565 0.026277  0.778261 0.415915 0
0  8.585574 1.441929 26.681820  0.019413 -0.999573 0.021834  0.781412 0.413482 0
toilet
0  6.810822 1.441899 24.379248  -0.013495 -0.999565 -0.026241  0.761972 0.390886 0
0  6.773503 1.479779 24.314533  -0.458121 -0.072903 -0.885895  0.761506 0.390164 0
0  7.161645 1.479748 24.173256  -0.221448 -0.072369 -0.972483  0.765424 0.388492 0
toilet
0  7.111905 -1.365692 27.017269  -0.008005 0.999557 0.028675  0.704581 0.365721 0
0  7.090030 -1.403587 27.087883  -0.269759 0.072181 0.960219  0.704787 0.366548 0
0  7.501320 -1.403560 27.149426  -0.024507 0.072096 0.997097  0.700518 0.366955 0
toilet
0  7.573650 1.441838 24.205605  0.000671 -0.999557 -0.029736  0.769687 0.388687 0
0  7.575461 1.479714 24.131985  0.024461 -0.072117 -0.997096  0.769662 0.387837 0
0  7.986753 1.479699 24.193527  0.269782 -0.072392 -0.960196  0.773932 0.388244 0
toilet
0  7.180026 1.441864 24.244862  -0.006593 -0.999561 -0.028899  0.765678 0.389306 0
0  7.161645 1.479748 24.173256  -0.221448 -0.072369 -0.972483  0.765424 0.388492 0
0  7.575461 1.479714 24.131985  0.024461 -0.072117 -0.997096  0.769662 0.387837 0
toilet
0  6.773503 -1.403435 24.314529  -0.458109 0.072909 -0.885901  0.709583 0.338155 0
0  6.810822 -1.365551 24.379248  -0.013472 0.999565 -0.026223  0.709117 0.338877 0
0  7.180026 -1.365520 24.244862  -0.006594 0.999560 -0.028904  0.705411 0.337297 0
toilet
0  9.054595 -1.365493 25.677963  0.028590 0.999591 0.000757  0.685430 0.350938 0
0  8.993806 -1.365512 26.048126  0.027369 0.999588 0.008608  0.685849 0.354760 0
0  9.068467 -1.403400 26.069023  0.952799 0.075232 0.294133  0.684985 0.354954 0
toilet
0  7.501319 1.479905 27.149426  -0.024455 -0.072032 0.997102  0.770571 0.418964 0
0  7.503127 1.442017 27.075813  -0.000727 -0.999556 0.029776  0.770546 0.418113 0
0  7.896751 1.441990 27.036552  0.006463 -0.999557 0.029036  0.774555 0.417495 0
toilet
0  6.441335 -1.365711 26.629135  -0.020589 0.999570 0.020902  0.711660 0.362115 0
0  6.385060 -1.403599 26.679836  -0.703275 0.073619 0.707096  0.712271 0.362733 0
0  6.709293 -1.403599 26.927711  -0.499819 0.072814 0.863064  0.708796 0.365108 0
toilet
0  7.964873 1.441811 24.264145  0.007913 -0.999562 -0.028518  0.773726 0.389071 0
0  7.986753 1.479699 24.193527  0.269782 -0.072392 -0.960196  0.773932 0.388244 0
0  8.367488 1.479687 24.353699  0.499689 -0.072936 -0.863129  0.777940 0.389684 0
toilet
0  6.139424 1.479946 26.361145  -0.864739 -0.074474 0.496669  0.756114 0.411595 0
0  6.207684 1.442051 26.325994  -0.025037 -0.999580 0.014592  0.756871 0.411148 0
0  6.441334 1.442055 26.629135  -0.020616 -0.999569 0.020878  0.759429 0.414124 0
toilet
0  8.869092 1.441803 24.955421  0.024962 -0.999583 -0.014484  0.783363 0.395652 0
0  8.937358 1.479687 24.920261  0.863863 -0.074647 -0.498165  0.784120 0.395206 0
0  9.087655 1.479699 25.288052  0.966095 -0.075256 -0.246974  0.785869 0.398911 0
toilet
0  6.749747 -1.365703 26.864920  -0.014754 0.999563 0.025626  0.708373 0.364360 0
0  6.709293 -1.403599 26.927711  -0.499819 0.072814 0.863064  0.708796 0.365108 0
0  7.090030 -1.403587 27.087883  -0.269759 0.072181 0.960219  0.704787 0.366548 0
toilet
0  8.327029 1.441803 24.416496  0.014642 -0.999567 -0.025514  0.777517 0.390432 0
0  8.367488 1.479687 24.353699  0.499689 -0.072936 -0.863129  0.777940 0.389684 0
0  8.691722 1.479679 24.601574  0.703244 -0.073821 -0.707106  0.781415 0.392059 0
toilet
0  6.064719 -1.365692 25.976154  -0.027930 0.999583 0.007285  0.715874 0.355637 0
0  5.989125 -1.403587 25.993359  -0.965872 0.075152 0.247879  0.716725 0.355881 0
0  6.139424 -1.403599 26.361145  -0.864723 0.074438 0.496702  0.714975 0.359586 0
toilet
0  8.635442 1.441800 24.652279  0.020463 -0.999576 -0.020725  0.780805 0.392677 0
0  8.691722 1.479679 24.601574  0.703244 -0.073821 -0.707106  0.781415 0.392059 0
0  8.937358 1.479687 24.920261  0.863863 -0.074647 -0.498165  0.784120 0.395206 0
toilet
0  5.989125 1.479931 25.993359  -0.966108 -0.075120 0.246965  0.754364 0.407890 0
0  5.944406 1.479904 25.601540  -0.996851 -0.075412 -0.024501  0.753688 0.403880 0
0  6.022182 1.442017 25.603455  -0.028725 -0.999587 -0.000615  0.754574 0.403854 0
toilet
0  6.176494 -1.403499 24.852428  -0.839293 0.074559 -0.538542  0.715429 0.344028 0
0  6.242946 -1.365612 24.890892  -0.024371 0.999579 -0.015716  0.714648 0.344429 0
0  6.491202 -1.365585 24.599594  -0.019506 0.999574 -0.021720  0.712268 0.341310 0
toilet
0  6.491202 1.441929 24.599590  -0.019518 -0.999573 -0.021738  0.758821 0.393319 0
0  6.437486 1.479813 24.546185  -0.667699 -0.073749 -0.740769  0.758176 0.392737 0
0  6.773503 1.479779 24.314533  -0.458121 -0.072903 -0.885895  0.761506 0.390164 0
toilet
0  6.008314 -1.403541 25.212387  -0.952820 0.075145 -0.294087  0.716960 0.347828 0
0  6.082972 -1.365646 25.233292  -0.027491 0.999586 -0.008498  0.716096 0.348023 0
0  6.242946 -1.365612 24.890892  -0.024371 0.999579 -0.015716  0.714648 0.344429 0
toilet
0  9.054595 1.441838 25.677963  0.028590 -0.999591 0.000729  0.785659 0.402947 0
0  9.012057 1.441811 25.305260  0.027698 -0.999591 -0.007133  0.785018 0.399155 0
0  9.087655 1.479699 25.288052  0.966095 -0.075256 -0.246974  0.785869 0.398911 0
toilet
0  7.316344 -9.440048 44.893970  0.841037 -0.503522 0.197796  0.342089 0.610550 0
0  7.352702 -9.849419 43.413273  0.839979 -0.524356 0.139593  0.337830 0.595028 0
0  7.578997 -9.420689 43.283363  0.922205 -0.371632 0.106905  0.342774 0.593544 0
toilet
0  6.963219 -10.556763 40.292110  -0.000060 -1.000000 0.000090  0.328451 0.562150 0
0  7.003163 -10.483765 38.666626  0.002693 -0.993739 -0.111697  0.329832 0.544762 0
0  7.237761 -10.394085 38.686298  0.608188 -0.790374 -0.073594  0.332370 0.545180 0
toilet
0  6.649882 -10.109592 43.478230  -0.580691 -0.796861 0.166767  0.329243 0.597185 0
0  6.688873 -10.394093 41.890705  -0.575035 -0.814482 0.077162  0.326508 0.579706 0
0  6.923460 -10.483795 41.910320  -0.002809 -0.993759 0.111515  0.329068 0.579499 0
toilet
0  7.281560 -8.830540 46.311054  0.843496 -0.474127 0.252425  0.348339 0.625407 0
0  7.316344 -9.440048 44.893970  0.841037 -0.503522 0.197796  0.342089 0.610550 0
0  7.544222 -9.029137 44.699600  0.922646 -0.356184 0.147840  0.346783 0.608313 0
toilet
0  7.042346 -10.197247 37.072624  0.005408 -0.974979 -0.222231  0.333290 0.527765 0
0  7.080228 -9.772636 35.531895  0.008139 -0.942789 -0.333290  0.338606 0.511509 0
0  7.314168 -9.689041 35.578388  0.619359 -0.745086 -0.247469  0.340942 0.512606 0
toilet
0  7.022469 -2.709583 28.090786  -0.705312 -0.209465 -0.677244  0.415822 0.434877 0
0  7.037609 -1.369655 27.746387  -0.709323 -0.103517 -0.697241  0.429936 0.432064 0
0  7.273862 -1.381530 27.751431  0.024488 -0.159840 -0.986839  0.430100 0.434449 0
toilet
0  6.578105 9.818867 37.180706  -0.930607 -0.361075 0.059966  0.567230 0.556450 0
0  6.575024 9.849632 37.169651  -0.987693 0.145808 -0.056594  0.566914 0.556333 0
0  6.611382 9.440262 35.688961  -0.987317 0.141178 -0.072622  0.571312 0.541103 0
toilet
0  6.741391 -7.313316 46.878593  -0.931655 0.294458 -0.212870  0.742652 0.657800 0
0  6.763320 -7.225265 46.811806  -0.999627 0.004007 -0.027000  0.741741 0.657090 0
0  6.791773 -7.866195 45.652275  -0.999638 0.004301 -0.026546  0.748437 0.645271 0
toilet
0  6.879889 -9.064564 34.119930  -0.576067 -0.727303 -0.373064  0.343556 0.495013 0
0  6.914311 -8.316093 32.786366  -0.579400 -0.676007 -0.455313  0.352477 0.480831 0
0  7.150798 -8.392006 32.723194  0.013325 -0.836541 -0.547743  0.354656 0.482264 0
toilet
0  8.181090 7.210648 42.598804  0.984513 0.164954 0.059376  0.515533 0.589543 0
0  8.154259 6.923378 43.690151  0.984340 0.157240 0.079685  0.512227 0.600647 0
0  8.320944 5.960457 43.225620  0.990390 0.121137 0.066732  0.502374 0.595551 0
toilet
0  7.897851 -9.079247 38.906433  0.958895 -0.283645 -0.008074  0.347494 0.547993 0
0  7.931784 -8.831112 37.525978  0.960200 -0.276566 -0.039093  0.350449 0.533732 0
0  8.121841 -8.090061 37.764713  0.976963 -0.212053 -0.024042  0.358211 0.536506 0
toilet
0  6.942750 -7.401397 31.565659  -0.596165 -0.615566 -0.515427  0.363066 0.467908 0
0  6.960912 -6.394718 30.393024  -0.627627 -0.531796 -0.568575  0.375246 0.456393 0
0  7.197744 -6.447887 30.362141  0.017073 -0.700605 -0.713345  0.376666 0.458469 0
toilet
0  6.466818 5.234063 50.965744  -0.633401 0.442371 0.634911  0.495662 0.681014 0
0  6.448860 4.019791 51.693687  -0.640520 0.342393 0.687388  0.482158 0.688118 0
0  6.681377 4.054463 51.797901  -0.022080 0.436210 0.899574  0.481028 0.685773 0
toilet
0  6.221497 2.517266 25.271984  -0.561430 0.809047 -0.173898  0.743322 0.400144 0
0  6.360537 2.620247 25.310898  -0.537637 0.826523 -0.166750  0.741566 0.400541 0
0  6.490012 2.620228 25.033779  -0.476284 0.823941 -0.307040  0.740366 0.397561 0
toilet
0  6.738111 6.422005 47.870773  -0.999622 -0.003319 -0.027281  0.601751 0.666519 0
0  6.716319 6.505826 47.941204  -0.932989 -0.263773 -0.244858  0.600870 0.667250 0
0  6.742353 7.309300 46.883549  -0.931643 -0.294890 -0.212325  0.592743 0.656320 0
toilet
0  8.639732 1.668877 42.890270  0.997902 0.029906 0.057414  0.458110 0.590979 0
0  8.634014 1.366337 43.122238  0.997871 0.024529 0.060436  0.454933 0.593248 0
0  8.713839 0.688385 41.742355  0.999003 0.012475 0.042874  0.448231 0.579192 0
toilet
0  7.243690 4.066327 28.640850  0.021961 0.465719 -0.884660  0.485431 0.444018 0
0  7.215059 5.277867 29.407337  0.019330 0.599012 -0.800507  0.498161 0.451455 0
0  7.448055 5.232689 29.413094  0.723551 0.408613 -0.556335  0.496563 0.453260 0
toilet
0  7.151336 3.535313 30.279423  -0.952477 -0.144365 0.268227  0.633181 0.486455 0
0  7.162399 2.381855 29.833447  -0.954229 -0.097502 0.282737  0.645050 0.482005 0
0  7.178478 2.348629 29.938862  -0.999781 -0.001106 -0.020916  0.645384 0.483101 0
toilet
0  6.544110 -8.326744 47.787300  -0.603840 -0.674122 0.425368  0.348794 0.644275 0
0  6.576862 -9.063793 46.452564  -0.595221 -0.727434 0.341398  0.340566 0.629814 0
0  6.810484 -9.142021 46.511547  -0.010872 -0.897740 0.440391  0.342941 0.628765 0
toilet
0  7.259563 -2.732979 28.096581  0.023361 -0.317172 -0.948080  0.416216 0.437282 0
0  7.273862 -1.381530 27.751431  0.024488 -0.159840 -0.986839  0.430100 0.434449 0
0  7.507480 -1.369686 27.757931  0.798336 -0.096139 -0.594489  0.430497 0.436774 0
toilet
0  7.156523 -3.922916 51.411629  0.859973 -0.215414 0.462649  0.399107 0.677874 0
0  7.173726 -5.097843 50.708694  0.857125 -0.280588 0.431981  0.387059 0.670770 0
0  7.407815 -4.875949 50.261211  0.930398 -0.196033 0.309726  0.389548 0.665700 0
toilet
0  6.936687 5.234036 50.977291  0.634240 0.427317 0.644314  0.492979 0.676503 0
0  6.918728 4.019757 51.705242  0.638508 0.330568 0.695005  0.480125 0.683322 0
0  7.156853 3.916283 51.417282  0.859973 0.215386 0.462661  0.478925 0.679572 0
toilet
0  7.037609 -1.369655 27.746387  -0.709323 -0.103517 -0.697241  0.429936 0.432064 0
0  7.042105 -0.000667 27.657726  -0.711821 -0.000272 -0.702361  0.444159 0.431353 0
0  7.279277 -0.000683 27.663525  0.024499 0.000413 -0.999700  0.444108 0.433753 0
toilet
0  7.273862 -1.381530 27.751431  0.024488 -0.159840 -0.986839  0.430100 0.434449 0
0  7.279277 -0.000683 27.663525  0.024499 0.000413 -0.999700  0.444108 0.433753 0
0  7.511975 -0.000702 27.669273  0.805881 0.000332 -0.592078  0.444058 0.436137 0
toilet
0  6.425821 9.819290 43.378120  -0.926526 -0.362376 -0.101159  0.566570 0.620388 0
0  6.422203 9.850025 43.389179  -0.989113 0.147023 0.006268  0.566252 0.620500 0
0  6.460208 10.105690 41.843021  -0.988519 0.150896 -0.007837  0.563771 0.604524 0
toilet
0  7.133259 5.548840 31.786945  -0.999772 -0.002625 -0.021191  0.612390 0.501699 0
0  7.115901 5.616902 31.698715  -0.947165 -0.227960 0.225640  0.611691 0.500779 0
0  7.135287 4.600781 30.916409  -0.950034 -0.188203 0.249027  0.622190 0.492866 0
toilet
0  7.115612 -5.612871 31.692766  -0.947094 0.228637 0.225253  0.726802 0.501894 0
0  7.132771 -5.545633 31.780012  -0.999767 0.002992 -0.021383  0.726093 0.502790 0
0  7.151791 -4.539844 31.008327  -0.999770 0.002400 -0.021293  0.715864 0.494776 0
toilet
0  6.425902 0.000897 52.618328  -0.653516 -0.000604 0.756913  0.438686 0.696919 0
0  6.428019 -1.377414 52.528763  -0.650943 -0.118429 0.749832  0.423917 0.695518 0
0  6.660357 -1.389309 52.640182  -0.024280 -0.152329 0.988032  0.424391 0.692950 0
toilet
0  6.166492 2.517300 25.606930  -0.586071 0.810130 -0.014457  0.743723 0.403753 0
0  6.204980 2.517315 25.944176  -0.569298 0.809060 0.146020  0.743149 0.407339 0
0  6.345766 2.620289 25.912125  -0.545143 0.826564 0.140041  0.741414 0.406857 0
toilet
0  7.638031 -7.210926 31.807323  0.868406 -0.390298 -0.305839  0.369159 0.474699 0
0  7.663730 -6.227861 30.763750  0.885345 -0.327321 -0.330190  0.380053 0.464707 0
0  7.876487 -5.956771 31.184464  0.941449 -0.237494 -0.239314  0.382749 0.469585 0
toilet
0  6.709646 7.188824 31.812569  -0.942250 -0.265729 0.203846  0.594993 0.501358 0
0  6.707210 7.210080 31.783546  -0.990363 0.095233 -0.100561  0.594778 0.501058 0
0  6.732595 6.231915 30.748066  -0.997451 0.039989 -0.059101  0.605009 0.490493 0
toilet
0  7.931784 -8.831112 37.525978  0.960200 -0.276566 -0.039093  0.350449 0.533732 0
0  7.964592 -8.463387 36.191666  0.961794 -0.264849 -0.069336  0.354758 0.520052 0
0  8.151897 -7.753196 36.542370  0.977998 -0.203203 -0.047219  0.362105 0.524031 0
toilet
0  6.660466 1.380337 52.642490  -0.024289 0.152068 0.988072  0.453019 0.693560 0
0  6.658221 0.000889 52.730518  -0.024558 -0.000569 0.999698  0.438742 0.694260 0
0  6.895772 0.000866 52.629871  0.648066 -0.000659 0.761584  0.438796 0.691629 0
toilet
0  6.202786 0.000889 52.295223  -0.994820 -0.000009 0.101657  0.438598 0.701011 0
0  6.204850 -1.341945 52.207966  -0.994449 -0.020245 0.103251  0.423112 0.699444 0
0  6.216971 -1.346996 52.254230  -0.819662 -0.091675 0.565465  0.423217 0.698968 0
toilet
0  6.436060 -2.708084 52.198269  -0.647915 -0.234637 0.724673  0.409609 0.691986 0
0  6.448523 -4.026515 51.687893  -0.640625 -0.342218 0.687376  0.395517 0.686280 0
0  6.681038 -4.061275 51.792053  -0.022131 -0.436699 0.899336  0.396745 0.683983 0
toilet
0  6.658221 0.000889 52.730518  -0.024558 -0.000569 0.999698  0.438742 0.694260 0
0  6.660357 -1.389309 52.640182  -0.024280 -0.152329 0.988032  0.424391 0.692950 0
0  6.897889 -1.377441 52.540306  0.645665 -0.114319 0.755015  0.424769 0.690360 0
toilet
0  7.136652 1.333271 52.233089  0.863989 0.073917 0.498055  0.452404 0.686993 0
0  7.134486 0.000824 52.318108  0.865020 -0.000347 0.501738  0.438878 0.687621 0
0  7.370282 0.000779 51.800571  0.934318 -0.000257 0.356441  0.438996 0.681823 0
toilet
0  7.065541 -7.311473 33.695396  -0.940896 0.295070 0.166280  0.744012 0.522600 0
0  7.083958 -7.224384 33.762497  -0.999748 0.003939 -0.022095  0.743098 0.523284 0
0  7.109862 -6.421833 32.710236  -0.999758 0.003387 -0.021755  0.734981 0.512412 0
toilet
0  6.237442 3.931164 51.437748  -0.811605 0.266332 0.519966  0.483821 0.691175 0
0  6.225211 2.649773 51.930832  -0.816776 0.180725 0.547920  0.469086 0.696525 0
0  6.436392 2.709812 52.197941  -0.648034 0.233608 0.724900  0.467942 0.693192 0
toilet
0  7.452566 -6.896030 48.435013  0.926820 -0.275220 0.255458  0.368788 0.647024 0
0  7.480433 -7.759338 47.298775  0.925091 -0.307472 0.222863  0.359895 0.635290 0
0  7.702376 -7.273448 46.866222  0.958322 -0.228148 0.171955  0.365110 0.630580 0
toilet
0  7.180440 7.464390 31.495274  0.016162 0.774337 -0.632566  0.521618 0.472858 0
0  7.151967 8.394295 32.729340  0.013979 0.836717 -0.547458  0.531527 0.485984 0
0  7.385150 8.318325 32.803467  0.634618 0.654087 -0.411620  0.529476 0.487618 0
toilet
0  6.330945 -8.143867 47.617783  -0.782619 -0.531668 0.323786  0.345820 0.645784 0
0  6.317952 -8.112400 47.588535  -0.990944 -0.123026 0.053800  0.345401 0.645968 0
0  6.349862 -8.830482 46.288158  -0.990473 -0.132090 0.038923  0.337031 0.631100 0
toilet
0  6.246582 5.084916 50.650658  -0.934496 -0.188064 -0.302239  0.614755 0.695894 0
0  6.242649 5.099358 50.685181  -0.993411 0.076366 0.085459  0.614604 0.696249 0
0  6.263987 6.228447 49.819473  -0.992413 0.095045 0.077989  0.603031 0.687202 0
toilet
0  7.818789 -1.102260 50.115284  0.977165 -0.029095 0.210479  0.428153 0.663864 0
0  7.825224 -2.167061 49.850822  0.977027 -0.057604 0.205181  0.417360 0.661045 0
0  8.027712 -1.931480 48.818882  0.985402 -0.044496 0.164326  0.419919 0.650423 0
toilet
0  8.036840 2.866894 48.459015  0.985229 0.065554 0.158196  0.468993 0.647875 0
0  8.027948 1.932606 48.818645  0.985410 0.044236 0.164347  0.459348 0.651234 0
0  8.212202 1.663803 47.640846  0.990639 0.034036 0.132197  0.456910 0.639106 0
toilet
0  6.721005 -6.451507 50.159664  -0.018318 -0.668645 0.743356  0.371712 0.667061 0
0  6.747286 -7.464176 49.087658  -0.015943 -0.762105 0.647257  0.360870 0.655971 0
0  6.984074 -7.400333 49.018177  0.621472 -0.590019 0.515413  0.362712 0.654107 0
toilet
0  6.914311 -8.316093 32.786366  -0.579400 -0.676007 -0.455313  0.352477 0.480831 0
0  6.942750 -7.401397 31.565659  -0.596165 -0.615566 -0.515427  0.363066 0.467908 0
0  7.179530 -7.465271 31.496178  0.016329 -0.774623 -0.632213  0.365053 0.469623 0
toilet
0  6.747286 -7.464176 49.087658  -0.015943 -0.762105 0.647257  0.360870 0.655971 0
0  6.777449 -8.398613 47.857811  -0.013502 -0.836640 0.547586  0.351016 0.642956 0
0  7.013979 -8.326767 47.798836  0.615161 -0.653043 0.441714  0.353067 0.641368 0
toilet
0  7.270250 2.731659 28.096344  0.023483 0.319434 -0.947317  0.471795 0.438532 0
0  7.243690 4.066327 28.640850  0.021961 0.465719 -0.884660  0.485431 0.444018 0
0  7.470591 4.035321 28.643894  0.761982 0.297740 -0.575096  0.484202 0.445968 0
toilet
0  7.314874 9.691406 35.583878  0.619795 0.744723 -0.247469  0.543971 0.516862 0
0  7.277843 10.109802 37.104702  0.614054 0.772828 -0.160236  0.548453 0.532916 0
0  7.506723 9.849575 37.192547  0.845983 0.524117 -0.098052  0.544927 0.533973 0
toilet
0  6.880994 9.064034 34.118824  -0.576294 0.727155 -0.373002  0.542055 0.499107 0
0  6.845005 9.691437 35.572334  -0.573757 0.767907 -0.284818  0.548797 0.515085 0
0  7.080919 9.774193 35.537918  0.008165 0.942865 -0.333074  0.546349 0.515866 0
toilet
0  6.806740 -10.109993 37.094391  -0.571864 -0.796803 -0.195133  0.330776 0.527153 0
0  6.844299 -9.689011 35.566833  -0.573335 -0.768224 -0.284816  0.336188 0.510627 0
0  7.080228 -9.772636 35.531895  0.008139 -0.942789 -0.333290  0.338606 0.511509 0
toilet
0  6.212683 -2.638355 51.885975  -0.994418 -0.039541 0.097823  0.694386 0.709431 0
0  6.216675 -2.631145 51.848232  -0.937118 0.097924 -0.334992  0.694316 0.709041 0
0  6.228819 -3.911014 51.352718  -0.936235 0.143289 -0.320832  0.707586 0.704069 0
toilet
0  7.542113 -9.439667 35.705521  0.849674 -0.503635 -0.156225  0.344209 0.514323 0
0  7.576787 -8.831287 34.295849  0.854235 -0.474848 -0.211662  0.351094 0.499810 0
0  7.793330 -8.446877 34.562813  0.931779 -0.334680 -0.140631  0.355338 0.503003 0
toilet
0  6.846494 -9.773033 45.044487  -0.008248 -0.942868 0.333066  0.336351 0.613074 0
0  6.884135 -10.196842 43.511547  -0.005513 -0.975050 0.221917  0.331785 0.596698 0
0  7.119751 -10.109623 43.489773  0.605092 -0.773019 0.190540  0.334298 0.596055 0
toilet
0  8.022055 0.976002 49.056232  0.985500 0.022324 0.168200  0.449529 0.653379 0
0  8.020466 0.000584 49.118473  0.985552 -0.000144 0.169374  0.439573 0.653786 0
0  8.205760 0.000500 47.898968  0.990701 -0.000125 0.136053  0.439830 0.641314 0
toilet
0  6.884135 -10.196842 43.511547  -0.005513 -0.975050 0.221917  0.331785 0.596698 0
0  6.923460 -10.483795 41.910320  -0.002809 -0.993759 0.111515  0.329068 0.579499 0
0  7.158741 -10.394123 41.902248  0.603819 -0.790378 0.103468  0.331624 0.579208 0
toilet
0  6.422203 9.850025 43.389179  -0.989113 0.147023 0.006268  0.555765 0.602461 0
0  6.435836 9.888771 43.402328  -0.763137 0.635772 0.115830  0.555328 0.602398 0
0  6.474023 10.145672 41.849789  -0.759470 0.648363 0.053202  0.558728 0.584790 0
toilet
0  7.372256 -1.283596 51.717113  0.933870 -0.051402 0.353900  0.426007 0.680699 0
0  7.379748 -2.523571 51.409145  0.933217 -0.102158 0.344484  0.413462 0.677474 0
0  7.607996 -2.365555 50.719193  0.962398 -0.075435 0.260959  0.415203 0.670105 0
toilet
0  6.807973 10.109833 37.093159  -0.571945 0.796875 -0.194601  0.553499 0.531746 0
0  6.769037 10.393990 38.680779  -0.570439 0.814560 -0.105313  0.556276 0.549232 0
0  7.004319 10.483833 38.672661  0.002805 0.993759 -0.111516  0.553717 0.549456 0
toilet
0  7.120985 10.110207 43.488541  0.605041 0.775399 0.180779  0.547130 0.600472 0
0  7.083362 9.707417 45.018734  0.606442 0.745046 0.277731  0.542100 0.616368 0
0  7.317249 9.457546 44.902882  0.841062 0.503493 0.197762  0.538830 0.614686 0
toilet
0  6.769037 10.393990 38.680779  -0.570439 0.814560 -0.105313  0.556276 0.549232 0
0  6.729567 10.466675 40.285053  -0.572150 0.820103 -0.008617  0.556917 0.566848 0
0  6.964506 10.556976 40.290821  -0.000128 0.999978 0.006554  0.554356 0.566797 0
toilet
0  6.729567 10.466675 40.285053  -0.572150 0.820103 -0.008617  0.556917 0.566848 0
0  6.690116 10.372715 41.889988  -0.575033 0.814498 0.077011  0.555515 0.584454 0
0  6.924715 10.462173 41.909599  -0.002681 0.993772 0.111398  0.552956 0.584140 0
toilet
0  7.619177 3.511223 50.278442  0.961758 0.110800 0.250490  0.475026 0.666997 0
0  7.608286 2.366959 50.718910  0.962444 0.074940 0.260933  0.463251 0.671093 0
0  7.825487 2.168331 49.850555  0.976989 0.057303 0.205449  0.461468 0.661952 0
toilet
0  6.885378 10.197460 43.510303  -0.005099 0.977798 0.209487  0.549613 0.601222 0
0  6.847431 9.791191 45.053711  -0.008129 0.942743 0.333422  0.544437 0.617440 0
0  7.083362 9.707417 45.018734  0.606442 0.745046 0.277731  0.542100 0.616368 0
toilet
0  6.641581 1.201359 51.039494  -0.939183 -0.049801 -0.339787  0.654929 0.699549 0
0  6.648550 2.383095 50.746330  -0.938484 -0.097759 -0.331197  0.642846 0.696426 0
0  6.669783 2.349980 50.641804  -0.999601 -0.001161 -0.028215  0.643201 0.695338 0
toilet
0  6.825931 -2.437385 26.746674  -0.300828 -0.799544 0.519839  0.734929 0.363685 0
0  6.900184 -2.543949 26.631435  -0.294759 -0.808251 0.509752  0.735813 0.362161 0
0  7.193291 -2.543941 26.754734  -0.159680 -0.805305 0.570952  0.738952 0.363324 0
toilet
0  6.785188 -2.649372 28.581436  -0.921913 -0.112773 -0.370619  0.413391 0.429878 0
0  6.783020 -2.639808 28.674385  -0.999703 0.013715 0.020160  0.412913 0.429051 0
0  6.791072 -1.333053 28.349854  -0.999776 0.006835 0.020050  0.428472 0.425582 0
toilet
0  6.577967 9.064804 46.451454  -0.596007 0.724605 0.346010  0.539510 0.633925 0
0  6.544950 8.322639 47.793365  -0.603707 0.674281 0.425303  0.530616 0.648103 0
0  6.778297 8.394444 47.863918  -0.013383 0.836487 0.547824  0.528451 0.646692 0
toilet
0  6.289696 7.211140 48.775608  -0.991967 0.108337 0.065306  0.523234 0.663165 0
0  6.302513 7.238499 48.809673  -0.790295 0.478781 0.382364  0.522840 0.662917 0
0  6.331768 8.139877 47.623711  -0.782498 0.531867 0.323751  0.533525 0.649735 0
toilet
0  7.634863 4.571896 49.642590  0.960978 0.144594 0.235827  0.486081 0.660966 0
0  7.619177 3.511223 50.278442  0.961758 0.110800 0.250490  0.475026 0.666997 0
0  7.835464 3.216580 49.447056  0.976680 0.084695 0.197291  0.472269 0.658196 0
toilet
0  6.515106 7.401634 49.005737  -0.613930 0.609902 0.501108  0.520112 0.660905 0
0  6.488720 6.392983 50.077164  -0.623108 0.531427 0.573865  0.508501 0.671843 0
0  6.721582 6.448136 50.167427  -0.018227 0.668302 0.743667  0.506763 0.669919 0
toilet
0  7.158741 -10.394123 41.902248  0.603819 -0.790378 0.103468  0.331624 0.579208 0
0  7.198160 -10.466461 40.297871  0.605965 -0.795352 0.014886  0.331047 0.562213 0
0  7.429091 -10.197075 40.303535  0.840665 -0.541163 0.020649  0.334702 0.562303 0
toilet
0  7.390689 -10.126595 41.866604  0.839436 -0.537428 0.080741  0.335228 0.578738 0
0  7.429091 -10.197075 40.303535  0.840665 -0.541163 0.020649  0.334702 0.562303 0
0  7.652061 -9.753208 40.308983  0.923012 -0.384103 0.022679  0.339812 0.562430 0
toilet
0  7.615332 -9.685799 41.804024  0.922219 -0.381124 0.065247  0.340281 0.578055 0
0  7.652061 -9.753208 40.308983  0.923012 -0.384103 0.022679  0.339812 0.562430 0
0  7.863258 -9.142464 40.314137  0.957956 -0.285948 0.023533  0.346456 0.562596 0
toilet
0  7.828827 -9.079269 41.715546  0.957310 -0.283744 0.055198  0.346865 0.577162 0
0  7.863258 -9.142464 40.314137  0.957956 -0.285948 0.023533  0.346456 0.562596 0
0  8.059065 -8.375286 40.318897  0.975346 -0.219378 0.023964  0.354592 0.562801 0
toilet
0  8.259979 -4.543941 45.681332  0.990314 -0.093082 0.103029  0.393523 0.618192 0
0  8.278343 -5.112789 44.932652  0.990223 -0.104648 0.092230  0.387748 0.610517 0
0  8.429420 -4.199348 44.112934  0.993922 -0.079605 0.076039  0.397299 0.602244 0
toilet
0  8.544228 2.856884 43.698132  0.996328 0.051815 0.068156  0.470183 0.599438 0
0  8.534042 2.467564 44.111694  0.996296 0.044537 0.073561  0.466064 0.603517 0
0  8.639732 1.668877 42.890270  0.997902 0.029906 0.057414  0.458110 0.590979 0
toilet
0  8.074136 5.587311 31.767464  0.969621 0.175603 -0.170287  0.500152 0.478373 0
0  8.051376 6.464314 32.695850  0.967686 0.203782 -0.148516  0.509250 0.487670 0
0  8.231399 5.921856 33.339897  0.981745 0.156393 -0.108246  0.503601 0.494520 0
toilet
0  6.790992 2.711319 24.897491  -0.349902 0.852298 -0.388788  0.737173 0.396076 0
0  6.895176 2.792591 25.001060  -0.309458 0.886541 -0.343919  0.735948 0.397185 0
0  7.087236 2.791466 24.858009  -0.213476 0.884441 -0.414960  0.734021 0.395696 0
toilet
0  7.282594 2.711121 24.643990  -0.117952 0.846723 -0.518794  0.732230 0.393182 0
0  7.318221 2.792389 24.782738  -0.104449 0.882006 -0.459517  0.731752 0.394734 0
0  7.560352 2.791340 24.750084  0.011651 0.881833 -0.471417  0.729298 0.394373 0
toilet
0  8.702606 2.732323 40.334019  0.998495 0.048899 0.024851  0.469663 0.565434 0
0  8.692308 2.707783 40.752995  0.998376 0.048462 0.029936  0.469321 0.569655 0
0  8.743265 1.366391 40.546448  0.999317 0.024842 0.027350  0.455495 0.567302 0
toilet
0  7.082433 -9.689438 45.009590  0.606555 -0.744987 0.277642  0.338740 0.612097 0
0  7.119751 -10.109623 43.489773  0.605092 -0.773019 0.190540  0.334298 0.596055 0
0  7.352702 -9.849419 43.413273  0.839979 -0.524356 0.139593  0.337830 0.595028 0
toilet
0  6.472792 -10.166603 41.850365  -0.759751 -0.648039 0.053135  0.323290 0.579909 0
0  6.458989 -10.126537 41.843716  -0.988332 -0.152118 -0.007705  0.322853 0.579930 0
0  6.497391 -10.197018 40.280643  -0.988292 -0.150635 -0.024266  0.322249 0.561999 0
toilet
0  7.608983 -8.110897 32.987316  0.858557 -0.438931 -0.264989  0.359279 0.486544 0
0  7.638031 -7.210926 31.807323  0.868406 -0.390298 -0.305839  0.369159 0.474699 0
0  7.851906 -6.897048 32.182610  0.938299 -0.274991 -0.209703  0.372470 0.479140 0
toilet
0  7.762983 8.479382 44.437801  0.957305 0.264601 0.116423  0.528264 0.609075 0
0  7.731950 7.918038 45.699356  0.957779 0.247405 0.146460  0.522047 0.621939 0
0  7.938776 7.253598 45.252224  0.974726 0.189603 0.118156  0.515210 0.616911 0
toilet
0  8.152691 7.753598 36.547569  0.978086 0.202784 -0.047180  0.522336 0.527397 0
0  8.122828 8.089821 37.763725  0.976984 0.211954 -0.024032  0.525704 0.539959 0
0  8.292964 7.210370 38.045792  0.986326 0.164292 -0.013046  0.516475 0.542812 0
toilet
0  7.877028 5.960583 31.191360  0.941493 0.237317 -0.239316  0.504004 0.472146 0
0  7.852747 6.896164 32.181767  0.938281 0.275109 -0.209628  0.513820 0.482054 0
0  8.051376 6.464314 32.695850  0.967686 0.203782 -0.148516  0.509250 0.487670 0
toilet
0  8.654411 2.172619 42.294079  0.998008 0.038857 0.049703  0.463449 0.585082 0
0  8.646620 1.932186 42.610569  0.997950 0.034710 0.053762  0.460893 0.588219 0
0  8.720221 0.974427 41.483330  0.999065 0.017624 0.039472  0.451243 0.576647 0
toilet
0  6.755181 -2.635471 26.346355  -0.369532 -0.851507 0.371997  0.734278 0.359096 0
0  6.864336 -2.716701 26.248005  -0.325632 -0.886850 0.327812  0.735449 0.357931 0
0  7.049194 -2.715599 26.400372  -0.233320 -0.884745 0.403469  0.737445 0.359325 0
toilet
0  6.973086 -2.634655 26.518391  -0.264967 -0.848580 0.457935  0.736629 0.360743 0
0  7.049194 -2.715599 26.400372  -0.233320 -0.884745 0.403469  0.737445 0.359325 0
0  7.276270 -2.716526 26.486927  -0.126723 -0.882340 0.453231  0.739757 0.360176 0
toilet
0  8.732815 2.529480 39.104015  0.998942 0.045137 0.008783  0.467820 0.553001 0
0  8.723072 2.639172 39.500763  0.998790 0.047178 0.013880  0.468874 0.557017 0
0  8.758776 1.330971 39.915009  0.999531 0.023902 0.019139  0.455261 0.560943 0
toilet
0  7.653994 5.584210 48.866405  0.960076 0.175662 0.217706  0.496732 0.653450 0
0  7.634863 4.571896 49.642590  0.960978 0.144594 0.235827  0.486081 0.660966 0
0  7.849834 4.188244 48.864559  0.976295 0.110482 0.186122  0.482391 0.652641 0
toilet
0  6.292675 -7.188552 48.747623  -0.931028 0.265730 -0.250149  0.741741 0.677571 0
0  6.267365 -6.212585 49.780853  -0.933051 0.227760 -0.278462  0.731537 0.688116 0
0  6.693036 -5.616683 48.881302  -0.934574 0.228482 -0.272704  0.725043 0.678152 0
toilet
0  6.613379 -9.410053 35.697948  -0.933349 0.344756 0.100020  0.766078 0.543185 0
0  6.576907 -9.818977 37.181900  -0.930543 0.361239 0.059958  0.770160 0.558535 0
0  6.971064 -8.882473 37.490688  -0.933209 0.354820 0.056774  0.759735 0.561683 0
toilet
0  6.900184 -2.543949 26.631435  -0.294759 -0.808251 0.509752  0.735813 0.362161 0
0  6.973086 -2.634655 26.518391  -0.264967 -0.848580 0.457935  0.736629 0.360743 0
0  7.233867 -2.635307 26.623783  -0.143628 -0.845958 0.513542  0.739355 0.361750 0
toilet
0  8.208914 7.397805 41.466938  0.984722 0.168743 0.042995  0.517768 0.577976 0
0  8.181090 7.210648 42.598804  0.984513 0.164954 0.059376  0.515533 0.589543 0
0  8.344045 6.207772 42.286060  0.990486 0.127602 0.051526  0.505190 0.586030 0
toilet
0  8.439603 -6.207736 38.367046  0.991867 -0.127203 -0.004426  0.377643 0.543362 0
0  8.462665 -5.949249 37.429111  0.992368 -0.121941 -0.018343  0.380568 0.533881 0
0  8.580810 -4.886356 37.949978  0.995706 -0.092236 -0.007813  0.391421 0.539560 0
toilet
0  8.596725 3.902367 41.564117  0.996728 0.070517 0.039495  0.481495 0.578106 0
0  8.582203 3.746895 42.154755  0.996594 0.067091 0.047953  0.479750 0.584047 0
0  8.672302 2.534119 41.566746  0.998160 0.045299 0.040317  0.467348 0.577826 0
toilet
0  8.692308 2.707783 40.752995  0.998376 0.048462 0.029936  0.469321 0.569655 0
0  8.682125 2.639271 41.167278  0.998278 0.047369 0.034591  0.468523 0.573820 0
0  8.738127 1.331017 40.755459  0.999267 0.024087 0.029744  0.455085 0.569398 0
toilet
0  8.644056 3.225827 35.395664  0.997211 0.061083 -0.042895  0.475652 0.515699 0
0  8.630917 3.732159 35.931671  0.996856 0.070888 -0.035391  0.480795 0.521131 0
0  8.709641 2.856465 36.966167  0.998487 0.051593 -0.019025  0.471598 0.531510 0
toilet
0  8.709641 2.856465 36.966167  0.998487 0.051593 -0.019025  0.471598 0.531510 0
0  8.698096 3.214058 37.436813  0.998236 0.057918 -0.013051  0.475209 0.536293 0
0  8.750687 2.173756 38.375866  0.999242 0.038909 -0.000661  0.464286 0.545613 0
toilet
0  8.064861 -4.561950 47.300610  0.984793 -0.104259 0.138973  0.393153 0.634766 0
0  8.083445 -5.278011 46.542587  0.984597 -0.120829 0.126370  0.385852 0.627004 0
0  8.259979 -4.543941 45.681332  0.990314 -0.093082 0.103029  0.393523 0.618192 0
toilet
0  7.829922 9.060444 41.714931  0.957292 0.283805 0.055191  0.535221 0.581060 0
0  7.795846 8.831219 43.101177  0.957142 0.277558 0.082710  0.532434 0.595371 0
0  7.997309 8.090141 42.872066  0.974484 0.213436 0.069470  0.524656 0.592675 0
toilet
0  7.866904 -5.118366 48.147358  0.975859 -0.134268 0.172251  0.387342 0.643531 0
0  7.887753 -5.921772 47.296879  0.975301 -0.156292 0.156078  0.379123 0.634832 0
0  8.083445 -5.278011 46.542587  0.984597 -0.120829 0.126370  0.385852 0.627004 0
toilet
0  7.677042 6.465264 47.930511  0.959197 0.203949 0.195820  0.506179 0.644279 0
0  7.653994 5.584210 48.866405  0.960076 0.175662 0.217706  0.496732 0.653450 0
0  7.867361 5.115613 48.153515  0.975847 0.134296 0.172299  0.492139 0.645756 0
toilet
0  6.360537 2.620247 25.310898  -0.537637 0.826523 -0.166750  0.741566 0.400541 0
0  6.311338 2.620274 25.610485  -0.560926 0.827753 -0.013700  0.741927 0.403710 0
0  6.452248 2.710835 25.613937  -0.511482 0.859202 -0.012594  0.740245 0.403669 0
toilet
0  7.195130 -6.231700 49.834866  0.853315 -0.339039 0.396115  0.375441 0.661774 0
0  7.220515 -7.209865 48.799381  0.849883 -0.391819 0.352387  0.365244 0.651208 0
0  7.452566 -6.896030 48.435013  0.926820 -0.275220 0.255458  0.368788 0.647024 0
toilet
0  6.514203 -7.400299 49.006630  -0.613977 -0.609568 0.501457  0.358814 0.657576 0
0  6.544110 -8.326744 47.787300  -0.603840 -0.674122 0.425368  0.348794 0.644275 0
0  6.777449 -8.398613 47.857811  -0.013502 -0.836640 0.547586  0.351016 0.642956 0
toilet
0  6.720805 -7.238246 31.751041  -0.785781 -0.470936 -0.400959  0.360320 0.465911 0
0  6.741612 -6.252012 30.687124  -0.844668 -0.367370 -0.389327  0.371982 0.454137 0
0  6.960912 -6.394718 30.393024  -0.627627 -0.531796 -0.568575  0.375246 0.456393 0
toilet
0  8.265155 7.413270 39.178036  0.985671 0.168590 0.005456  0.518390 0.554467 0
0  8.237043 7.464859 40.322285  0.985103 0.170088 0.025357  0.518711 0.566233 0
0  8.392217 6.426636 40.326160  0.991048 0.131102 0.025240  0.507909 0.566061 0
toilet
0  8.443357 2.792675 25.434650  0.439480 0.891121 -0.112959  0.719981 0.400849 0
0  8.478263 2.791710 25.663715  0.451404 0.892251 0.011057  0.719599 0.403172 0
0  8.624683 2.710698 25.667320  0.511622 0.859120 0.012457  0.717917 0.403131 0
toilet
0  8.416420 6.382218 39.341053  0.991398 0.130515 0.009801  0.507644 0.555988 0
0  8.392217 6.426636 40.326160  0.991048 0.131102 0.025240  0.507909 0.566061 0
0  8.522949 5.278450 40.329441  0.994680 0.099911 0.025112  0.496005 0.565872 0
toilet
0  8.503057 5.231034 41.138828  0.994462 0.098931 0.035459  0.495341 0.574091 0
0  8.483383 5.098687 41.939182  0.994270 0.096936 0.045070  0.493784 0.582196 0
0  8.596725 3.902367 41.564117  0.996728 0.070517 0.039495  0.481495 0.578106 0
toilet
0  8.627007 4.039940 40.332081  0.997047 0.072620 0.024982  0.483187 0.565664 0
0  8.611782 4.003655 40.951561  0.996871 0.072050 0.032517  0.482679 0.571927 0
0  8.692308 2.707783 40.752995  0.998376 0.048462 0.029936  0.469321 0.569655 0
toilet
0  8.775640 1.051167 37.357616  0.999726 0.018838 -0.013895  0.452884 0.535197 0
0  8.771030 1.365986 37.545963  0.999631 0.024636 -0.011415  0.456100 0.537142 0
0  8.782983 0.687981 38.928329  0.999903 0.012373 0.006425  0.448815 0.550902 0
toilet
0  8.728176 2.019715 36.209728  0.998912 0.036579 -0.028933  0.463094 0.523807 0
0  8.719696 2.468930 36.555927  0.998713 0.044435 -0.024446  0.467668 0.527339 0
0  8.765296 1.669804 37.780106  0.999516 0.029955 -0.008416  0.459193 0.539543 0
toilet
0  8.741848 -2.366352 38.724594  0.999090 -0.042459 0.003924  0.417281 0.548143 0
0  8.750473 -2.173320 38.373981  0.999237 -0.039063 -0.000676  0.419353 0.544666 0
0  8.772614 -1.096622 39.346054  0.999731 -0.020060 0.011654  0.430273 0.554710 0
toilet
0  6.598679 2.791825 25.617531  -0.451278 0.892313 -0.011183  0.738563 0.403629 0
0  6.633585 2.792820 25.846600  -0.439375 0.891186 0.112857  0.738181 0.405952 0
0  6.784107 2.862942 25.812336  -0.345354 0.934268 0.088740  0.736564 0.405499 0
toilet
0  6.363086 -8.864693 46.312775  -0.775441 -0.575321 0.260188  0.337463 0.630970 0
0  6.398058 -9.477055 44.889782  -0.768966 -0.609356 0.193333  0.330728 0.614648 0
0  6.612563 -9.689407 44.998047  -0.586653 -0.768182 0.256387  0.333892 0.613834 0
toilet
0  6.237113 -3.937717 51.432072  -0.811625 -0.266089 0.520059  0.393728 0.689267 0
0  6.224825 -3.922863 51.388733  -0.993736 -0.059486 0.094601  0.393464 0.689670 0
0  6.242028 -5.097789 50.685802  -0.993375 -0.076622 0.085642  0.379864 0.681681 0
toilet
0  6.216675 -2.631145 51.848232  -0.937118 0.097924 -0.334992  0.694316 0.709041 0
0  6.208872 -1.337917 52.169460  -0.938141 0.048926 -0.342780  0.680925 0.712202 0
0  6.641415 -1.209163 51.037682  -0.939201 0.049868 -0.339727  0.679635 0.699783 0
toilet
0  6.225153 3.916336 51.394386  -0.993701 0.059753 0.094803  0.484069 0.691588 0
0  6.213007 2.640076 51.885651  -0.994443 0.039389 0.097631  0.469262 0.696980 0
0  6.225211 2.649773 51.930832  -0.816776 0.180725 0.547920  0.469086 0.696525 0
toilet
0  6.648550 2.383095 50.746330  -0.938484 -0.097759 -0.331197  0.642846 0.696426 0
0  6.659456 3.529019 50.305233  -0.937444 -0.145215 -0.316403  0.631147 0.691785 0
0  6.680599 3.486397 50.204361  -0.999601 -0.001739 -0.028174  0.631601 0.690736 0
toilet
0  8.463942 -4.886558 42.706272  0.994084 -0.092557 0.056829  0.390422 0.587855 0
0  8.482761 -5.098461 41.939804  0.994265 -0.096429 0.046247  0.388364 0.580027 0
0  8.596249 -3.902194 41.564598  0.996701 -0.070401 0.040388  0.400811 0.576445 0
toilet
0  8.483383 5.098687 41.939182  0.994270 0.096936 0.045070  0.493784 0.582196 0
0  8.464411 4.895554 42.710888  0.994108 0.092347 0.056764  0.491490 0.589987 0
0  8.582203 3.746895 42.154755  0.996594 0.067091 0.047953  0.479750 0.584047 0
toilet
0  7.087097 -2.715500 24.857765  -0.213318 -0.884705 -0.414479  0.737068 0.343687 0
0  7.016878 -2.634548 24.736164  -0.242266 -0.848524 -0.470441  0.736185 0.342310 0
0  7.282520 -2.635177 24.643707  -0.118194 -0.845906 -0.520070  0.738859 0.341172 0
toilet
0  8.389731 5.278077 34.102890  0.989630 0.120711 -0.077861  0.496920 0.502478 0
0  8.368403 5.938824 34.972530  0.988756 0.135365 -0.063551  0.503664 0.511305 0
0  8.505305 5.112832 35.720455  0.993555 0.104640 -0.043580  0.495062 0.518995 0
toilet
0  7.276353 2.792496 26.486660  -0.126853 0.882047 0.453763  0.731332 0.412185 0
0  7.233954 2.711254 26.623501  -0.143253 0.846755 0.512332  0.731735 0.413759 0
0  7.513186 2.710484 26.669456  -0.013097 0.846263 0.532604  0.728824 0.414048 0
toilet
0  8.484516 -5.565826 36.540680  0.993020 -0.113762 -0.031151  0.384780 0.524974 0
0  8.504807 -5.111808 35.716000  0.993597 -0.104370 -0.043274  0.389711 0.516773 0
0  8.615425 -4.198535 36.542938  0.996458 -0.079599 -0.027122  0.398891 0.525546 0
toilet
0  8.423983 3.731972 32.705177  0.991195 0.085558 -0.101056  0.481112 0.488452 0
0  8.408313 4.562012 33.344860  0.990442 0.104141 -0.090440  0.489595 0.494847 0
0  8.539668 3.927514 34.319176  0.994726 0.080195 -0.063944  0.483001 0.504809 0
toilet
0  8.734992 1.554230 35.931232  0.999071 0.028027 -0.032743  0.458343 0.520950 0
0  8.728176 2.019715 36.209728  0.998912 0.036579 -0.028933  0.463094 0.523807 0
0  8.771030 1.365986 37.545963  0.999631 0.024636 -0.011415  0.456100 0.537142 0
toilet
0  8.681803 -2.639163 41.167603  0.998263 -0.047251 0.035181  0.413948 0.572696 0
0  8.691982 -2.713432 40.753178  0.998367 -0.048646 0.029943  0.413264 0.568499 0
0  8.743099 -1.369411 40.546577  0.999315 -0.024936 0.027353  0.427202 0.566719 0
toilet
0  8.712609 -2.713420 39.913647  0.998635 -0.048588 0.019140  0.413438 0.560033 0
0  8.722750 -2.639263 39.501087  0.998787 -0.047245 0.013890  0.414292 0.555893 0
0  8.758615 -1.331020 39.915173  0.999526 -0.024159 0.019106  0.427730 0.560376 0
toilet
0  6.398058 -9.477055 44.889782  -0.768966 -0.609356 0.193333  0.330728 0.614648 0
0  6.384644 -9.439991 44.871078  -0.989501 -0.142432 0.024518  0.330293 0.614741 0
0  6.421002 -9.849361 43.390385  -0.989228 -0.146152 0.008172  0.325591 0.597738 0
toilet
0  6.540292 10.094952 38.721600  -0.928962 -0.369679 0.019139  0.564219 0.572319 0
0  6.537038 10.126808 38.716320  -0.987460 0.152484 -0.040880  0.563891 0.572262 0
0  6.575024 9.849632 37.169651  -0.987693 0.145808 -0.056594  0.566914 0.556333 0
toilet
0  7.249651 -8.112457 47.611427  0.846268 -0.436617 0.305281  0.355909 0.638883 0
0  7.281560 -8.830540 46.311054  0.843496 -0.474127 0.252425  0.348339 0.625407 0
0  7.510952 -8.446159 46.055000  0.923728 -0.334764 0.186168  0.352737 0.622443 0
toilet
0  8.370927 0.690125 46.505283  0.993990 0.013060 0.108687  0.447202 0.627297 0
0  8.369805 0.000401 46.549294  0.994077 -0.000108 0.108675  0.440113 0.627587 0
0  8.509794 0.000306 45.092541  0.996251 -0.000110 0.086515  0.440417 0.612831 0
toilet
0  7.153093 -2.437641 26.884468  -0.162825 -0.796823 0.581860  0.738513 0.365021 0
0  7.193291 -2.543941 26.754734  -0.159680 -0.805305 0.570952  0.738952 0.363324 0
0  7.509921 -2.543922 26.802116  -0.014313 -0.804498 0.593784  0.742304 0.363660 0
toilet
0  6.736047 -6.209617 30.773949  -0.945592 0.228162 0.231944  0.733501 0.492074 0
0  6.708770 -7.189609 31.813450  -0.942196 0.265829 0.203963  0.743534 0.502884 0
0  7.091553 -6.505569 32.638733  -0.943906 0.264252 0.198019  0.735860 0.511680 0
toilet
0  7.349759 -9.064594 34.131474  0.626273 -0.705334 -0.332094  0.348058 0.497598 0
0  7.384181 -8.316128 32.797913  0.633793 -0.654751 -0.411834  0.356636 0.483988 0
0  7.608983 -8.110897 32.987316  0.858557 -0.438931 -0.264989  0.359279 0.486544 0
toilet
0  8.577039 2.711419 25.931362  0.490689 0.857956 0.152105  0.718232 0.405885 0
0  8.466645 2.710656 26.177940  0.434949 0.855774 0.280127  0.719277 0.408474 0
0  8.586909 2.620167 26.247486  0.476258 0.824050 0.306791  0.717795 0.409240 0
toilet
0  6.245963 -5.083362 50.651279  -0.934467 0.188484 -0.302067  0.719779 0.696972 0
0  6.228819 -3.911014 51.352718  -0.936235 0.143289 -0.320832  0.707586 0.704069 0
0  6.658972 -3.535087 50.300617  -0.937413 0.145294 -0.316460  0.703553 0.692478 0
toilet
0  6.788907 2.632435 28.714138  -0.952360 -0.097962 0.288813  0.642409 0.469924 0
0  6.796735 1.338673 28.392742  -0.953708 -0.048900 0.296732  0.655804 0.466762 0
0  7.169724 1.209389 29.542389  -0.955370 -0.049461 0.291243  0.657098 0.479150 0
toilet
0  7.047836 9.064774 46.463005  0.611653 0.702084 0.364635  0.534973 0.631370 0
0  7.014820 8.322605 47.804905  0.615133 0.653095 0.441677  0.526468 0.645019 0
0  7.250471 8.108379 47.617344  0.846267 0.436623 0.305274  0.523732 0.642416 0
toilet
0  6.715199 5.546189 48.801216  -0.999612 -0.002843 -0.027717  0.610634 0.676144 0
0  6.693785 5.613427 48.887512  -0.934583 -0.228787 -0.272417  0.609926 0.677040 0
0  6.716319 6.505826 47.941204  -0.932989 -0.263773 -0.244858  0.600870 0.667250 0
toilet
0  6.267921 6.209393 49.788311  -0.933131 -0.227531 -0.278382  0.603230 0.686882 0
0  6.293552 7.189892 48.746731  -0.931056 -0.265768 -0.250006  0.593196 0.676045 0
0  6.716319 6.505826 47.941204  -0.932989 -0.263773 -0.244858  0.600870 0.667250 0
toilet
0  8.212000 -1.662857 47.641048  0.990633 -0.034265 0.132182  0.422854 0.638405 0
0  8.219650 -2.472393 47.327671  0.990483 -0.050762 0.127934  0.414607 0.635119 0
0  8.381214 -2.030681 46.080059  0.993931 -0.038560 0.103025  0.419338 0.622477 0
toilet
0  8.283688 -3.216533 31.189667  0.985164 -0.084871 -0.149162  0.410756 0.471761 0
0  8.293663 -2.168252 30.786215  0.985917 -0.057369 -0.157085  0.421521 0.468176 0
0  8.445229 -1.932537 31.826824  0.992287 -0.044348 -0.115754  0.423553 0.478841 0
toilet
0  6.424624 -9.818588 43.379494  -0.926485 0.361210 -0.105603  0.769503 0.622479 0
0  6.388357 -9.410446 44.855942  -0.927270 0.344843 -0.145786  0.765118 0.637666 0
0  6.800879 -8.511555 44.429493  -0.929716 0.340461 -0.140410  0.755199 0.632812 0
toilet
0  7.852747 6.896164 32.181767  0.938281 0.275109 -0.209628  0.513820 0.482054 0
0  7.824880 7.759476 33.318005  0.934956 0.307360 -0.177165  0.522772 0.493743 0
0  8.025254 7.273560 33.760941  0.965663 0.227946 -0.124640  0.517596 0.498556 0
toilet
0  8.103845 -2.634479 24.762875  0.265048 -0.848495 -0.458046  0.747387 0.342040 0
0  8.176736 -2.543751 24.649837  0.294928 -0.808096 -0.509900  0.748203 0.340622 0
0  8.426347 -2.543750 24.840664  0.411627 -0.811700 -0.414374  0.750908 0.342521 0
toilet
0  8.623333 0.000203 43.553646  0.997812 -0.000099 0.066118  0.440738 0.597291 0
0  8.623885 -0.359600 43.530270  0.997805 -0.006508 0.065908  0.437030 0.596980 0
0  8.708765 -0.181331 41.946671  0.998945 -0.003363 0.045790  0.439198 0.581061 0
toilet
0  8.509794 0.000306 45.092541  0.996251 -0.000110 0.086515  0.440417 0.612831 0
0  8.510612 -0.531696 45.057976  0.996255 -0.009633 0.085921  0.434947 0.612374 0
0  8.623885 -0.359600 43.530270  0.997805 -0.006508 0.065908  0.437030 0.596980 0
toilet
0  7.688964 -9.685768 38.807228  0.924295 -0.381163 -0.019831  0.340961 0.546766 0
0  7.725165 -9.421062 37.334568  0.926371 -0.371557 -0.061493  0.344117 0.531465 0
0  7.931784 -8.831112 37.525978  0.960200 -0.276566 -0.039093  0.350449 0.533732 0
toilet
0  6.753376 -5.099094 29.874859  -0.999920 0.004901 -0.011693  0.722123 0.482688 0
0  6.758542 -5.086114 29.912001  -0.948113 0.188646 0.255918  0.721984 0.483071 0
0  6.776440 -3.905445 29.204144  -0.950752 0.143600 0.274681  0.709854 0.475663 0
toilet
0  6.973245 2.710602 26.518143  -0.264346 0.849449 0.456681  0.734460 0.412752 0
0  6.900184 2.620293 26.631432  -0.289144 0.816654 0.499472  0.735276 0.414170 0
0  7.193290 2.620289 26.754734  -0.156531 0.813771 0.559710  0.732137 0.415333 0
toilet
0  6.317952 -8.112400 47.588535  -0.990944 -0.123026 0.053800  0.751406 0.665714 0
0  6.321795 -8.087265 47.564522  -0.929676 0.296442 -0.218689  0.751150 0.665462 0
0  6.353627 -8.803513 46.267334  -0.927997 0.324500 -0.183087  0.758701 0.652162 0
toilet
0  6.208872 -1.337917 52.169460  -0.938141 0.048926 -0.342780  0.680925 0.712202 0
0  6.206809 0.000874 52.256458  -0.938123 0.000181 -0.346302  0.667097 0.712952 0
0  6.639624 0.000752 51.116108  -0.939406 0.000253 -0.342806  0.667226 0.700466 0
toilet
0  6.612563 -9.689407 44.998047  -0.586653 -0.768182 0.256387  0.333892 0.613834 0
0  6.649882 -10.109592 43.478230  -0.580691 -0.796861 0.166767  0.329243 0.597185 0
0  6.884135 -10.196842 43.511547  -0.005513 -0.975050 0.221917  0.331785 0.596698 0
toilet
0  6.224825 -3.922863 51.388733  -0.993736 -0.059486 0.094601  0.707703 0.704442 0
0  6.228819 -3.911014 51.352718  -0.936235 0.143289 -0.320832  0.707586 0.704069 0
0  6.245963 -5.083362 50.651279  -0.934467 0.188484 -0.302067  0.719779 0.696972 0
toilet
0  6.360538 -2.543903 25.310898  -0.548729 -0.818486 -0.170223  0.729523 0.348532 0
0  6.490012 -2.543884 25.033783  -0.486173 -0.815775 -0.313284  0.730723 0.345552 0
0  6.610036 -2.634773 25.103172  -0.436018 -0.854941 -0.281005  0.732204 0.346318 0
toilet
0  7.221395 7.211087 48.798504  0.849940 0.391889 0.352170  0.513950 0.654275 0
0  7.195688 6.228398 49.842358  0.853331 0.339006 0.396109  0.503263 0.664482 0
0  7.428820 5.957268 49.432587  0.928587 0.237381 0.285264  0.500440 0.659715 0
toilet
0  6.502031 10.165188 40.279575  -0.927315 -0.373486 -0.024384  0.563313 0.588387 0
0  6.540292 10.094952 38.721600  -0.928962 -0.369679 0.019139  0.564219 0.572319 0
0  6.937945 9.131638 38.879932  -0.931540 -0.363235 0.017146  0.574889 0.574046 0
toilet
0  7.725165 -9.421062 37.334568  0.926371 -0.371557 -0.061493  0.344117 0.531465 0
0  7.760165 -9.028770 35.911114  0.928769 -0.356256 -0.102318  0.348786 0.516802 0
0  7.964592 -8.463387 36.191666  0.961794 -0.264849 -0.069336  0.354758 0.520052 0
toilet
0  7.676255 -6.464206 47.931309  0.959172 -0.203966 0.195925  0.373418 0.641542 0
0  7.702376 -7.273448 46.866222  0.958322 -0.228148 0.171955  0.365110 0.630580 0
0  7.911685 -6.663105 46.321171  0.974974 -0.174700 0.137498  0.371540 0.624812 0
toilet
0  7.566998 2.620129 24.479153  0.014581 0.812950 -0.582151  0.729377 0.391132 0
0  7.563745 2.710358 24.611801  0.013151 0.846204 -0.532697  0.729337 0.392753 0
0  7.842977 2.711090 24.657761  0.143364 0.846697 -0.512398  0.726427 0.393042 0
toilet
0  6.960912 -6.394718 30.393024  -0.627627 -0.531796 -0.568575  0.375246 0.456393 0
0  6.977547 -5.233831 29.402193  -0.663114 -0.427923 -0.614135  0.388482 0.446885 0
0  7.214415 -5.279003 29.407982  0.019337 -0.597596 -0.801564  0.389366 0.449205 0
toilet
0  8.205760 0.000500 47.898968  0.990701 -0.000125 0.136053  0.439830 0.641314 0
0  8.207062 -0.845806 47.843975  0.990672 -0.017352 0.135157  0.431183 0.640593 0
0  8.370873 -0.694698 46.504128  0.993967 -0.013203 0.108880  0.432986 0.626992 0
toilet
0  8.020466 0.000584 49.118473  0.985552 -0.000144 0.169374  0.439573 0.653786 0
0  8.021976 -0.982437 49.054600  0.985497 -0.022525 0.168193  0.429564 0.652951 0
0  8.207062 -0.845806 47.843975  0.990672 -0.017352 0.135157  0.431183 0.640593 0
toilet
0  7.817093 0.000660 50.186951  0.977198 -0.000168 0.212329  0.439346 0.664802 0
0  7.818789 -1.102260 50.115284  0.977165 -0.029095 0.210479  0.428153 0.663864 0
0  8.021976 -0.982437 49.054600  0.985497 -0.022525 0.168193  0.429564 0.652951 0
toilet
0  6.229147 3.904511 51.358330  -0.936278 -0.143161 -0.320761  0.626884 0.703303 0
0  6.225153 3.916336 51.394386  -0.993701 0.059753 0.094803  0.626759 0.703673 0
0  6.242649 5.099358 50.685181  -0.993411 0.076366 0.085459  0.614604 0.696249 0
toilet
0  7.609774 8.112617 32.994392  0.858859 0.438472 -0.264770  0.526728 0.490077 0
0  7.577864 8.830700 34.294773  0.854445 0.474565 -0.211452  0.534326 0.503588 0
0  7.794360 8.446289 34.561783  0.931779 0.334695 -0.140596  0.529955 0.506603 0
toilet
0  7.169691 -1.201130 29.540585  -0.955356 0.049608 0.291264  0.681803 0.479384 0
0  7.162114 -2.382881 29.833721  -0.954229 0.097270 0.282815  0.693885 0.482507 0
0  7.178191 -2.349769 29.939167  -0.999780 0.001216 -0.020948  0.693530 0.483595 0
toilet
0  6.811599 9.143013 46.510437  -0.010906 0.894852 0.446229  0.537179 0.632768 0
0  6.778297 8.394444 47.863918  -0.013383 0.836487 0.547824  0.528451 0.646692 0
0  7.014820 8.322605 47.804905  0.615133 0.653095 0.441677  0.526468 0.645019 0
toilet
0  7.080228 -9.772636 35.531895  0.008139 -0.942789 -0.333290  0.338606 0.511509 0
0  7.116126 -9.142799 34.072495  0.010912 -0.896284 -0.443347  0.345872 0.496180 0
0  7.349759 -9.064594 34.131474  0.626273 -0.705334 -0.332094  0.348058 0.497598 0
toilet
0  6.755397 2.711415 26.346161  -0.368593 0.852322 0.371062  0.736811 0.411106 0
0  6.650574 2.620293 26.440605  -0.403227 0.820161 0.405887  0.737981 0.412271 0
0  6.900184 2.620293 26.631432  -0.289144 0.816654 0.499472  0.735276 0.414170 0
toilet
0  6.353627 -8.803513 46.267334  -0.927997 0.324500 -0.183087  0.758701 0.652162 0
0  6.321795 -8.087265 47.564522  -0.929676 0.296442 -0.218689  0.751150 0.665462 0
0  6.741391 -7.313316 46.878593  -0.931655 0.294458 -0.212870  0.742652 0.657800 0
toilet
0  7.135287 4.600781 30.916409  -0.950034 -0.188203 0.249027  0.622190 0.492866 0
0  7.151336 3.535313 30.279423  -0.952477 -0.144365 0.268227  0.633181 0.486455 0
0  7.167655 3.492237 30.382126  -0.999780 -0.001741 -0.020921  0.633618 0.487523 0
toilet
0  7.653495 -5.587204 48.859688  0.960054 -0.175756 0.217731  0.382431 0.651025 0
0  7.676255 -6.464206 47.931309  0.959172 -0.203966 0.195925  0.373418 0.641542 0
0  7.887753 -5.921772 47.296879  0.975301 -0.156292 0.156078  0.379123 0.634832 0
toilet
0  6.677284 -8.110844 32.964428  -0.985640 -0.130475 -0.107192  0.752929 0.514854 0
0  6.679674 -8.085842 32.988453  -0.939326 0.296362 0.172729  0.752670 0.515098 0
0  6.708770 -7.189609 31.813450  -0.942196 0.265829 0.203963  0.743534 0.502884 0
toilet
0  8.127305 -2.543876 26.661583  0.269655 -0.808163 0.523601  0.748714 0.361850 0
0  8.060052 -2.634590 26.545094  0.242324 -0.848544 0.470375  0.747831 0.360473 0
0  8.286145 -2.635387 26.383976  0.350900 -0.851471 0.389700  0.750100 0.358715 0
toilet
0  7.703112 7.269761 46.871513  0.958344 0.228067 0.171938  0.514880 0.633733 0
0  7.677042 6.465264 47.930511  0.959197 0.203949 0.195820  0.506179 0.644279 0
0  7.888475 5.922734 47.296154  0.975353 0.156182 0.155866  0.500753 0.637339 0
toilet
0  8.623913 0.357235 43.530865  0.997805 0.006401 0.065903  0.444428 0.597139 0
0  8.623333 0.000203 43.553646  0.997812 -0.000099 0.066118  0.440738 0.597291 0
0  8.708494 0.000100 41.958176  0.998946 -0.000066 0.045892  0.441071 0.581216 0
toilet
0  8.711485 0.528878 41.837749  0.998969 0.009706 0.044339  0.446562 0.580118 0
0  8.713839 0.688385 41.742355  0.999003 0.012475 0.042874  0.448231 0.579192 0
0  8.634014 1.366337 43.122238  0.997871 0.024529 0.060436  0.454933 0.593248 0
toilet
0  7.509921 -2.543922 26.802116  -0.014313 -0.804498 0.593784  0.742304 0.363660 0
0  7.513179 -2.634537 26.669754  -0.013057 -0.845387 0.533994  0.742265 0.362039 0
0  7.794412 -2.635273 26.637558  0.118330 -0.845876 0.520089  0.745158 0.361610 0
toilet
0  7.370282 0.000779 51.800571  0.934318 -0.000257 0.356441  0.438996 0.681823 0
0  7.372256 -1.283596 51.717113  0.933870 -0.051402 0.353900  0.426007 0.680699 0
0  7.600974 -1.203220 51.007885  0.962738 -0.037962 0.267760  0.426964 0.673159 0
toilet
0  7.134486 0.000824 52.318108  0.865020 -0.000347 0.501738  0.438878 0.687621 0
0  7.136549 -1.341999 52.230854  0.863996 -0.073956 0.498038  0.425282 0.686414 0
0  7.372256 -1.283596 51.717113  0.933870 -0.051402 0.353900  0.426007 0.680699 0
toilet
0  6.895772 0.000866 52.629871  0.648066 -0.000659 0.761584  0.438796 0.691629 0
0  6.897889 -1.377441 52.540306  0.645665 -0.114319 0.755015  0.424769 0.690360 0
0  7.136549 -1.341999 52.230854  0.863996 -0.073956 0.498038  0.425282 0.686414 0
toilet
0  6.793242 -0.000618 28.264816  -0.999777 -0.000012 0.021124  0.669639 0.465588 0
0  6.791072 -1.333053 28.349854  -0.999776 0.006835 0.020050  0.683381 0.466600 0
0  6.796611 -1.329555 28.390530  -0.953703 0.049052 0.296724  0.683341 0.467020 0
toilet
0  7.136549 -1.341999 52.230854  0.863996 -0.073956 0.498038  0.425282 0.686414 0
0  7.144383 -2.638412 51.908863  0.862812 -0.146825 0.483733  0.412133 0.683079 0
0  7.379748 -2.523571 51.409145  0.933217 -0.102158 0.344484  0.413462 0.677474 0
toilet
0  6.216971 -1.346996 52.254230  -0.819662 -0.091675 0.565465  0.423217 0.698968 0
0  6.224888 -2.648037 51.931160  -0.816697 -0.181509 0.547778  0.408324 0.695267 0
0  6.436060 -2.708084 52.198269  -0.647915 -0.234637 0.724673  0.409609 0.691986 0
toilet
0  7.897499 4.876080 30.355564  0.944511 0.195919 -0.263655  0.492778 0.463918 0
0  7.877028 5.960583 31.191360  0.941493 0.237317 -0.239316  0.504004 0.472146 0
0  8.074136 5.587311 31.767464  0.969621 0.175603 -0.170287  0.500152 0.478373 0
toilet
0  7.448055 5.232689 29.413094  0.723551 0.408613 -0.556335  0.496563 0.453260 0
0  7.432053 6.395825 30.415012  0.684427 0.508007 -0.522961  0.508844 0.463113 0
0  7.664295 6.231862 30.770958  0.885003 0.327650 -0.330779  0.506906 0.467384 0
toilet
0  8.093325 4.570729 30.984009  0.971412 0.144820 -0.188113  0.489679 0.470636 0
0  8.074136 5.587311 31.767464  0.969621 0.175603 -0.170287  0.500152 0.478373 0
0  8.252248 5.118451 32.489418  0.983088 0.134482 -0.124309  0.495336 0.485983 0
toilet
0  8.269316 -4.188163 31.772217  0.984141 -0.110917 -0.138435  0.400617 0.477106 0
0  8.283688 -3.216533 31.189667  0.985164 -0.084871 -0.149162  0.410756 0.471761 0
0  8.436337 -2.866863 32.186417  0.991802 -0.065671 -0.109617  0.413925 0.482070 0
toilet
0  8.581844 -3.740009 42.151218  0.996568 -0.067405 0.048053  0.402377 0.582415 0
0  8.596249 -3.902194 41.564598  0.996701 -0.070401 0.040388  0.400811 0.576445 0
0  8.681803 -2.639163 41.167603  0.998263 -0.047251 0.035181  0.413948 0.572696 0
toilet
0  8.641799 -4.011989 39.710526  0.997242 -0.072372 0.016468  0.400054 0.557655 0
0  8.656794 -3.902347 39.100529  0.997489 -0.070299 0.008623  0.401321 0.551515 0
0  8.722750 -2.639263 39.501087  0.998787 -0.047245 0.013890  0.414292 0.555893 0
toilet
0  8.671673 3.740025 38.513424  0.997736 0.067240 0.000965  0.480450 0.547225 0
0  8.657270 3.902211 39.100052  0.997487 0.070328 0.008602  0.482015 0.553177 0
0  8.723072 2.639172 39.500763  0.998790 0.047178 0.013880  0.468874 0.557017 0
toilet
0  8.685454 3.498543 37.952000  0.997988 0.063095 -0.006233  0.478057 0.541524 0
0  8.671673 3.740025 38.513424  0.997736 0.067240 0.000965  0.480450 0.547225 0
0  8.732815 2.529480 39.104015  0.998942 0.045137 0.008783  0.467820 0.553001 0
toilet
0  8.630917 3.732159 35.931671  0.996856 0.070888 -0.035391  0.480795 0.521131 0
0  8.615835 4.199376 36.546589  0.996471 0.079444 -0.027112  0.485526 0.527372 0
0  8.698096 3.214058 37.436813  0.998236 0.057918 -0.013051  0.475209 0.536293 0
toilet
0  8.697783 -3.213424 37.434010  0.998227 -0.058079 -0.013065  0.408828 0.534893 0
0  8.709291 -2.856868 36.966518  0.998480 -0.051716 -0.019071  0.412622 0.530296 0
0  8.758257 -1.932178 38.057796  0.999385 -0.034747 -0.004688  0.421916 0.541551 0
toilet
0  6.221497 2.517266 25.271984  -0.561430 0.809047 -0.173898  0.743322 0.400144 0
0  6.166492 2.517300 25.606930  -0.586071 0.810130 -0.014457  0.743723 0.403753 0
0  6.311338 2.620274 25.610485  -0.560926 0.827753 -0.013700  0.741927 0.403710 0
toilet
0  6.659507 -8.865448 34.249031  -0.757899 -0.578550 -0.301444  0.340520 0.493698 0
0  6.645089 -8.831234 34.272957  -0.986751 -0.135357 -0.089454  0.340095 0.493545 0
0  6.677284 -8.110844 32.964428  -0.985640 -0.130475 -0.107192  0.349260 0.479002 0
toilet
0  6.345766 -2.543941 25.912125  -0.556372 -0.818543 0.142959  0.729676 0.354848 0
0  6.311338 -2.543930 25.610481  -0.572668 -0.819666 -0.014125  0.729162 0.351701 0
0  6.451961 -2.634903 25.613930  -0.512896 -0.858357 -0.012679  0.730844 0.351660 0
toilet
0  7.702376 -7.273448 46.866222  0.958322 -0.228148 0.171955  0.365110 0.630580 0
0  7.730986 -7.917263 45.700329  0.957661 -0.248749 0.144945  0.358468 0.618564 0
0  7.937892 -7.252891 45.253113  0.974646 -0.190706 0.117033  0.365507 0.613825 0
toilet
0  7.997309 8.090141 42.872066  0.974484 0.213436 0.069470  0.524656 0.592675 0
0  7.967205 7.767834 44.096523  0.974596 0.202790 0.095073  0.520897 0.605183 0
0  8.154259 6.923378 43.690151  0.984340 0.157240 0.079685  0.512227 0.600647 0
toilet
0  8.429420 -4.199348 44.112934  0.993922 -0.079605 0.076039  0.397299 0.602244 0
0  8.445937 -4.571048 43.439808  0.993993 -0.086775 0.066695  0.393563 0.595357 0
0  8.568063 -3.498535 42.712650  0.996462 -0.063300 0.055278  0.404771 0.588142 0
toilet
0  8.562490 5.098488 38.719723  0.995339 0.096407 0.002621  0.494462 0.549486 0
0  8.542828 5.241967 39.520340  0.994979 0.099189 0.013384  0.495793 0.557641 0
0  8.642220 4.012024 39.712818  0.997250 0.072255 0.016461  0.483028 0.559393 0
toilet
0  8.523113 -4.544612 34.972324  0.994119 -0.093527 -0.054591  0.395782 0.509475 0
0  8.539310 -3.925056 34.314632  0.994719 -0.080272 -0.063956  0.402363 0.503100 0
0  8.643764 -3.223804 35.391933  0.997207 -0.061175 -0.042841  0.409252 0.514292 0
toilet
0  8.685028 -3.498828 37.952427  0.997979 -0.063241 -0.006264  0.405756 0.540034 0
0  8.697783 -3.213424 37.434010  0.998227 -0.058079 -0.013065  0.408828 0.534893 0
0  8.750473 -2.173320 38.373981  0.999237 -0.039063 -0.000676  0.419353 0.544666 0
toilet
0  8.719696 2.468930 36.555927  0.998713 0.044435 -0.024446  0.467668 0.527339 0
0  8.709641 2.856465 36.966167  0.998487 0.051593 -0.019025  0.471598 0.531510 0
0  8.758493 1.931900 38.057564  0.999388 0.034659 -0.004678  0.461848 0.542374 0
toilet
0  8.323773 2.862416 25.659916  0.357025 0.934054 0.008705  0.721281 0.403212 0
0  8.283498 2.862851 25.849178  0.340763 0.934196 0.105630  0.721505 0.405136 0
0  8.432146 2.792710 25.890797  0.433407 0.891128 0.134347  0.719869 0.405510 0
toilet
0  6.984074 -7.400333 49.018177  0.621472 -0.590019 0.515413  0.362712 0.654107 0
0  7.013979 -8.326767 47.798836  0.615161 -0.653043 0.441714  0.353067 0.641368 0
0  7.249651 -8.112457 47.611427  0.846268 -0.436617 0.305281  0.355909 0.638883 0
toilet
0  6.984976 7.401608 49.017277  0.621713 0.590131 0.514994  0.516359 0.657277 0
0  6.958590 6.392956 50.088711  0.626992 0.513874 0.585504  0.505277 0.667780 0
0  7.195688 6.228398 49.842358  0.853331 0.339006 0.396109  0.503263 0.664482 0
toilet
0  6.254483 -5.116767 50.726788  -0.805359 -0.345076 0.481994  0.380193 0.681335 0
0  6.242028 -5.097789 50.685802  -0.993375 -0.076622 0.085642  0.379864 0.681681 0
0  6.263430 -6.231643 49.811970  -0.992464 -0.094663 0.077802  0.366978 0.671479 0
toilet
0  6.276028 -6.255497 49.849560  -0.797993 -0.415978 0.436085  0.367347 0.671185 0
0  6.263430 -6.231643 49.811970  -0.992464 -0.094663 0.077802  0.366978 0.671479 0
0  6.288815 -7.209808 48.776485  -0.991937 -0.108445 0.065588  0.355601 0.659705 0
toilet
0  7.511983 8.447006 46.053970  0.923925 0.333063 0.188232  0.527621 0.626052 0
0  7.481216 7.755417 47.304428  0.925123 0.307394 0.222838  0.519897 0.638660 0
0  7.703112 7.269761 46.871513  0.958344 0.228067 0.171938  0.514880 0.633733 0
toilet
0  8.775553 -1.049354 37.356083  0.999726 -0.018918 -0.013805  0.431191 0.534734 0
0  8.778807 -0.707363 37.224468  0.999796 -0.012797 -0.015610  0.434751 0.533498 0
0  8.786884 -0.356739 38.767033  0.999970 -0.006507 0.004159  0.438046 0.549065 0
toilet
0  6.707210 7.210080 31.783546  -0.990363 0.095233 -0.100561  0.526902 0.469118 0
0  6.721687 7.237447 31.750153  -0.784649 0.471865 -0.402082  0.526497 0.469346 0
0  6.742454 6.255631 30.694901  -0.843035 0.369020 -0.391302  0.515384 0.457188 0
toilet
0  6.894979 -2.716625 25.000866  -0.309111 -0.886800 -0.343563  0.735141 0.345175 0
0  6.790786 -2.635387 24.897285  -0.350756 -0.851493 -0.389782  0.733916 0.344067 0
0  7.016878 -2.634548 24.736164  -0.242266 -0.848524 -0.470441  0.736185 0.342310 0
toilet
0  8.092768 -4.571786 30.984571  0.971391 -0.144728 -0.188289  0.397065 0.468732 0
0  8.108457 -3.511162 30.348656  0.972841 -0.111013 -0.203118  0.408139 0.462961 0
0  8.283688 -3.216533 31.189667  0.985164 -0.084871 -0.149162  0.410756 0.471761 0
toilet
0  8.654814 -2.639541 34.943661  0.997526 -0.050329 -0.049086  0.415386 0.509996 0
0  8.663872 -2.027179 34.576515  0.997798 -0.038519 -0.053991  0.421780 0.506522 0
0  8.734863 -1.551544 35.928974  0.999078 -0.028042 -0.032521  0.426335 0.520267 0
toilet
0  8.722750 -2.639263 39.501087  0.998787 -0.047245 0.013890  0.414292 0.555893 0
0  8.732557 -2.529365 39.102314  0.998932 -0.045355 0.008761  0.415513 0.551904 0
0  8.763578 -1.276100 39.713326  0.999591 -0.023333 0.016530  0.428340 0.558359 0
toilet
0  8.765144 -1.668766 37.778179  0.999514 -0.030025 -0.008336  0.424699 0.538811 0
0  8.770864 -1.366329 37.546131  0.999632 -0.024656 -0.011351  0.427875 0.536561 0
0  8.782903 -0.688388 38.928268  0.999901 -0.012654 0.006164  0.434583 0.550608 0
toilet
0  7.117240 9.142239 34.071381  0.010769 0.896204 -0.443511  0.539693 0.500177 0
0  7.080919 9.774193 35.537918  0.008165 0.942865 -0.333074  0.546349 0.515866 0
0  7.314874 9.691406 35.583878  0.619795 0.744723 -0.247469  0.543971 0.516862 0
toilet
0  6.398058 -9.477055 44.889782  -0.768966 -0.609356 0.193333  0.330728 0.614648 0
0  6.434628 -9.888138 43.403465  -0.763746 -0.633501 0.123967  0.326029 0.597687 0
0  6.649882 -10.109592 43.478230  -0.580691 -0.796861 0.166767  0.329243 0.597185 0
toilet
0  6.658972 -3.535087 50.300617  -0.937413 0.145294 -0.316460  0.703553 0.692478 0
0  6.648255 -2.381626 50.746609  -0.938455 0.098190 -0.331151  0.691683 0.696928 0
0  6.669495 -2.348408 50.642109  -0.999601 0.001211 -0.028213  0.691349 0.695833 0
toilet
0  7.385150 8.318325 32.803467  0.634618 0.654087 -0.411620  0.529476 0.487618 0
0  7.350864 9.064003 34.130371  0.626753 0.705030 -0.331835  0.537450 0.501503 0
0  7.577864 8.830700 34.294773  0.854445 0.474565 -0.211452  0.534326 0.503588 0
toilet
0  6.856308 8.775696 43.066212  -0.999663 -0.004718 -0.025519  0.578117 0.617011 0
0  6.834539 8.882835 43.088581  -0.929299 -0.355994 -0.098343  0.576995 0.617240 0
0  6.868657 9.112885 41.697163  -0.929428 -0.363562 -0.063146  0.574781 0.602944 0
toilet
0  7.912357 6.659714 46.326012  0.974959 0.174742 0.137551  0.508693 0.627698 0
0  7.888475 5.922734 47.296154  0.975353 0.156182 0.155866  0.500753 0.637339 0
0  8.084089 5.278855 46.541943  0.984612 0.120809 0.126270  0.494350 0.629240 0
toilet
0  8.278860 5.110169 44.936371  0.990236 0.104527 0.092232  0.493098 0.612730 0
0  8.260535 4.544655 45.680782  0.990326 0.093040 0.102951  0.487048 0.620118 0
0  8.414794 3.732705 44.727409  0.993895 0.071085 0.084380  0.478950 0.610128 0
toilet
0  8.320944 5.960457 43.225620  0.990390 0.121137 0.066732  0.502374 0.595551 0
0  8.299131 5.565865 44.112423  0.990309 0.113118 0.080573  0.498046 0.604481 0
0  8.446495 4.571465 43.439251  0.994070 0.085659 0.066992  0.487952 0.597299 0
toilet
0  8.646384 -1.931900 42.610806  0.997945 -0.034817 0.053781  0.420976 0.587398 0
0  8.654190 -2.173748 42.292500  0.998000 -0.039025 0.049732  0.418538 0.584139 0
0  8.724022 -1.096683 41.323616  0.999096 -0.020060 0.037480  0.429863 0.574598 0
toilet
0  8.283956 3.222157 31.194359  0.985240 0.084496 -0.148870  0.475942 0.473149 0
0  8.269826 4.187176 31.771706  0.984144 0.110932 -0.138400  0.485785 0.478856 0
0  8.423983 3.731972 32.705177  0.991195 0.085558 -0.101056  0.481112 0.488452 0
toilet
0  8.599317 4.571080 37.219723  0.996062 0.086837 -0.017867  0.489263 0.534213 0
0  8.581311 4.886586 37.953259  0.995717 0.092124 -0.007819  0.492403 0.541680 0
0  8.671673 3.740025 38.513424  0.997736 0.067240 0.000965  0.480450 0.547225 0
toilet
0  8.655135 2.638894 34.943336  0.997536 0.050233 -0.048977  0.469673 0.511113 0
0  8.644056 3.225827 35.395664  0.997211 0.061083 -0.042895  0.475652 0.515699 0
0  8.719696 2.468930 36.555927  0.998713 0.044435 -0.024446  0.467668 0.527339 0
toilet
0  8.523667 4.543984 34.971767  0.994137 0.093383 -0.054506  0.489281 0.511400 0
0  8.505305 5.112832 35.720455  0.993555 0.104640 -0.043580  0.495062 0.518995 0
0  8.615835 4.199376 36.546589  0.996471 0.079444 -0.027112  0.485526 0.527372 0
toilet
0  7.233867 -2.635307 26.623783  -0.143628 -0.845958 0.513542  0.739355 0.361750 0
0  7.276270 -2.716526 26.486927  -0.126723 -0.882340 0.453231  0.739757 0.360176 0
0  7.516582 -2.715469 26.531448  -0.011446 -0.882160 0.470811  0.742226 0.360419 0
toilet
0  7.470591 4.035321 28.643894  0.761982 0.297740 -0.575096  0.484202 0.445968 0
0  7.448055 5.232689 29.413094  0.723551 0.408613 -0.556335  0.496563 0.453260 0
0  7.685699 5.098004 29.897129  0.904099 0.256774 -0.341573  0.495107 0.458785 0
toilet
0  8.320375 -5.949485 43.220009  0.990362 -0.121335 0.066797  0.379334 0.592957 0
0  8.343288 -6.207489 42.286819  0.990452 -0.127210 0.053134  0.376811 0.583389 0
0  8.482761 -5.098461 41.939804  0.994265 -0.096429 0.046247  0.388364 0.580027 0
toilet
0  7.828496 -2.543903 26.770344  0.131528 -0.805261 0.578148  0.745636 0.363163 0
0  7.794412 -2.635273 26.637558  0.118330 -0.845876 0.520089  0.745158 0.361610 0
0  8.060052 -2.634590 26.545094  0.242324 -0.848544 0.470375  0.747831 0.360473 0
toilet
0  7.238906 10.393963 38.692322  0.608220 0.790341 -0.073687  0.551162 0.549766 0
0  7.199437 10.466648 40.296597  0.605439 0.795631 0.020375  0.551765 0.566754 0
0  7.430335 10.197227 40.302288  0.840353 0.541496 0.024280  0.548118 0.566700 0
toilet
0  7.468737 10.126747 38.739216  0.842425 0.537370 -0.039419  0.547563 0.550264 0
0  7.430335 10.197227 40.302288  0.840353 0.541496 0.024280  0.548118 0.566700 0
0  7.653251 9.753342 40.307793  0.922891 0.384230 0.025276  0.543016 0.566622 0
toilet
0  6.389259 9.427979 44.864807  -0.927602 -0.343946 -0.145795  0.570478 0.635767 0
0  6.425821 9.819290 43.378120  -0.926526 -0.362376 -0.101159  0.566570 0.620388 0
0  6.834539 8.882835 43.088581  -0.929299 -0.355994 -0.098343  0.576995 0.617240 0
toilet
0  7.898803 9.079384 38.911610  0.958899 0.283633 -0.008117  0.535939 0.551944 0
0  7.864373 9.142570 40.313023  0.957891 0.285997 0.025491  0.536380 0.566517 0
0  8.060087 8.375366 40.317875  0.975340 0.219237 0.025451  0.528246 0.566386 0
toilet
0  8.091628 8.317478 39.034061  0.976101 0.217315 -0.000284  0.527866 0.553110 0
0  8.060087 8.375366 40.317875  0.975340 0.219237 0.025451  0.528246 0.566386 0
0  8.237043 7.464859 40.322285  0.985103 0.170088 0.025357  0.518711 0.566233 0
toilet
0  8.264377 -7.413184 39.173805  0.985653 -0.168697 0.005429  0.364929 0.551249 0
0  8.292085 -7.210586 38.046673  0.986307 -0.164406 -0.013021  0.367316 0.539736 0
0  8.439603 -6.207736 38.367046  0.991867 -0.127203 -0.004426  0.377643 0.543362 0
toilet
0  8.464411 4.895554 42.710888  0.994108 0.092347 0.056764  0.491490 0.589987 0
0  8.446495 4.571465 43.439251  0.994070 0.085659 0.066992  0.487952 0.597299 0
0  8.568491 3.498845 42.712223  0.996468 0.062865 0.055668  0.477053 0.589629 0
toilet
0  8.582203 3.746895 42.154755  0.996594 0.067091 0.047953  0.479750 0.584047 0
0  8.568491 3.498845 42.712223  0.996468 0.062865 0.055668  0.477053 0.589629 0
0  8.663029 2.366360 41.943775  0.998080 0.042130 0.045405  0.465530 0.581593 0
toilet
0  8.407902 -4.559135 33.339588  0.990434 -0.104207 -0.090456  0.396191 0.492868 0
0  8.423528 -3.732860 32.705635  0.991191 -0.085573 -0.101082  0.404891 0.486885 0
0  8.552763 -3.213695 33.768845  0.995217 -0.065901 -0.072117  0.409839 0.497909 0
toilet
0  8.770864 -1.366329 37.546131  0.999632 -0.024656 -0.011351  0.427875 0.536561 0
0  8.775553 -1.049354 37.356083  0.999726 -0.018918 -0.013805  0.431191 0.534734 0
0  8.785255 -0.528881 38.832867  0.999940 -0.009782 0.004862  0.436252 0.549686 0
toilet
0  8.663029 2.366360 41.943775  0.998080 0.042130 0.045405  0.465530 0.581593 0
0  8.654411 2.172619 42.294079  0.998008 0.038857 0.049703  0.463449 0.585082 0
0  8.724133 1.096257 41.324409  0.999098 0.019972 0.037483  0.452537 0.575074 0
toilet
0  8.252248 5.118451 32.489418  0.983088 0.134482 -0.124309  0.495336 0.485983 0
0  8.231399 5.921856 33.339897  0.981745 0.156393 -0.108246  0.503601 0.494520 0
0  8.389731 5.278077 34.102890  0.989630 0.120711 -0.077861  0.496920 0.502478 0
toilet
0  7.663730 -6.227861 30.763750  0.885345 -0.327321 -0.330190  0.380053 0.464707 0
0  7.685076 -5.099145 29.897757  0.904502 -0.255942 -0.341131  0.392124 0.456663 0
0  7.896904 -4.877193 30.356163  0.944541 -0.195661 -0.263742  0.394242 0.461890 0
toilet
0  8.463273 5.949528 37.433098  0.992461 0.121217 -0.018077  0.503482 0.536463 0
0  8.440358 6.207528 38.366287  0.991942 0.126615 -0.004360  0.506009 0.546008 0
0  8.562490 5.098488 38.719723  0.995339 0.096407 0.002621  0.494462 0.549486 0
toilet
0  6.486583 -2.635620 25.880066  -0.498819 -0.857177 0.128171  0.731292 0.354395 0
0  6.451961 -2.634903 25.613930  -0.512896 -0.858357 -0.012679  0.730844 0.351660 0
0  6.598403 -2.715866 25.617523  -0.450759 -0.892575 -0.011196  0.732526 0.351620 0
toilet
0  6.499610 -2.635586 25.349819  -0.491894 -0.857181 -0.152581  0.731160 0.348907 0
0  6.610036 -2.634773 25.103172  -0.436018 -0.854941 -0.281005  0.732204 0.346318 0
0  6.735124 -2.715736 25.175491  -0.383257 -0.890045 -0.246850  0.733686 0.347084 0
toilet
0  8.180211 -7.210296 42.599678  0.984475 -0.164409 0.061471  0.366334 0.586475 0
0  8.208019 -7.413208 41.467442  0.984730 -0.168707 0.042959  0.364431 0.574811 0
0  8.367229 -6.382175 41.312046  0.990681 -0.130539 0.038880  0.375181 0.573397 0
toilet
0  8.121841 -8.090061 37.764713  0.976963 -0.212053 -0.024042  0.358211 0.536506 0
0  8.151897 -7.753196 36.542370  0.977998 -0.203203 -0.047219  0.362105 0.524031 0
0  8.318872 -6.910339 36.957211  0.987054 -0.157386 -0.030871  0.370747 0.528671 0
toilet
0  6.971064 -8.882473 37.490688  -0.933209 0.354820 0.056774  0.759735 0.561683 0
0  6.991650 -8.775642 37.515472  -0.999712 0.004790 -0.023508  0.758617 0.561925 0
0  7.024304 -8.409691 36.187431  -0.999725 0.004705 -0.022965  0.754999 0.548270 0
toilet
0  6.776440 -3.905445 29.204144  -0.950752 0.143600 0.274681  0.709854 0.475663 0
0  6.758542 -5.086114 29.912001  -0.948113 0.188646 0.255918  0.721984 0.483071 0
0  7.134734 -4.601703 30.916954  -0.950016 0.187997 0.249251  0.716517 0.493835 0
toilet
0  6.537038 10.126808 38.716320  -0.987460 0.152484 -0.040880  0.559927 0.548985 0
0  6.551176 10.166821 38.710381  -0.755884 0.648432 -0.090413  0.559491 0.549009 0
0  6.589282 9.888405 37.157249  -0.757214 0.633041 -0.160893  0.556709 0.531222 0
toilet
0  8.021976 -0.982437 49.054600  0.985497 -0.022525 0.168193  0.429564 0.652951 0
0  8.027712 -1.931480 48.818882  0.985402 -0.044496 0.164326  0.419919 0.650423 0
0  8.212000 -1.662857 47.641048  0.990633 -0.034265 0.132182  0.422854 0.638405 0
toilet
0  8.374929 -1.365772 46.337452  0.993956 -0.026209 0.106602  0.426126 0.625187 0
0  8.381214 -2.030681 46.080059  0.993931 -0.038560 0.103025  0.419338 0.622477 0
0  8.518526 -1.554214 44.733410  0.996258 -0.028130 0.081725  0.424477 0.608905 0
toilet
0  7.248424 2.620140 24.510925  -0.128868 0.813719 -0.566793  0.732709 0.391629 0
0  7.282594 2.711121 24.643990  -0.117952 0.846723 -0.518794  0.732230 0.393182 0
0  7.563745 2.710358 24.611801  0.013151 0.846204 -0.532697  0.729337 0.392753 0
toilet
0  8.060087 8.375366 40.317875  0.975340 0.219237 0.025451  0.528246 0.566386 0
0  8.028526 8.300137 41.602146  0.974791 0.217841 0.048238  0.527187 0.579634 0
0  8.208914 7.397805 41.466938  0.984722 0.168743 0.042995  0.517768 0.577976 0
toilet
0  8.208019 -7.413208 41.467442  0.984730 -0.168707 0.042959  0.364431 0.574811 0
0  8.236133 -7.464801 40.323193  0.985127 -0.170114 0.024222  0.364125 0.563043 0
0  8.391432 -6.426589 40.326942  0.990975 -0.131815 0.024350  0.374922 0.563319 0
toilet
0  8.646620 1.932186 42.610569  0.997950 0.034710 0.053762  0.460893 0.588219 0
0  8.639732 1.668877 42.890270  0.997902 0.029906 0.057414  0.458110 0.590979 0
0  8.716734 0.841233 41.624874  0.999029 0.015313 0.041323  0.449836 0.578043 0
toilet
0  6.584760 -2.634838 26.131840  -0.449305 -0.854972 0.259130  0.732460 0.356931 0
0  6.713249 -2.715790 26.065742  -0.394914 -0.890006 0.227889  0.733903 0.356094 0
0  6.864336 -2.716701 26.248005  -0.325632 -0.886850 0.327812  0.735449 0.357931 0
toilet
0  8.611298 -4.012004 40.951832  0.996850 -0.072327 0.032530  0.399796 0.570218 0
0  8.626513 -4.039932 40.332573  0.997047 -0.072780 0.024506  0.399635 0.563943 0
0  8.702272 -2.732318 40.334354  0.998506 -0.048823 0.024534  0.413156 0.564270 0
toilet
0  8.539668 3.927514 34.319176  0.994726 0.080195 -0.063944  0.483001 0.504809 0
0  8.523667 4.543984 34.971767  0.994137 0.093383 -0.054506  0.489281 0.511400 0
0  8.630917 3.732159 35.931671  0.996856 0.070888 -0.035391  0.480795 0.521131 0
toilet
0  8.318872 -6.910339 36.957211  0.987054 -0.157386 -0.030871  0.370747 0.528671 0
0  8.344255 -6.464977 35.925266  0.987887 -0.147621 -0.047827  0.375672 0.518279 0
0  8.484516 -5.565826 36.540680  0.993020 -0.113762 -0.031151  0.384780 0.524974 0
toilet
0  8.299131 5.565865 44.112423  0.990309 0.113118 0.080573  0.498046 0.604481 0
0  8.278860 5.110169 44.936371  0.990236 0.104527 0.092232  0.493098 0.612730 0
0  8.429844 4.197186 44.115993  0.993937 0.079445 0.076009  0.483906 0.604062 0
toilet
0  8.555746 3.212376 43.230179  0.996395 0.057878 0.062027  0.473968 0.594797 0
0  8.544228 2.856884 43.698132  0.996328 0.051815 0.068156  0.470183 0.599438 0
0  8.646620 1.932186 42.610569  0.997950 0.034710 0.053762  0.460893 0.588219 0
toilet
0  8.429844 4.197186 44.115993  0.993937 0.079445 0.076009  0.483906 0.604062 0
0  8.414794 3.732705 44.727409  0.993895 0.071085 0.084380  0.478950 0.610128 0
0  8.544228 2.856884 43.698132  0.996328 0.051815 0.068156  0.470183 0.599438 0
toilet
0  8.028526 8.300137 41.602146  0.974791 0.217841 0.048238  0.527187 0.579634 0
0  7.997309 8.090141 42.872066  0.974484 0.213436 0.069470  0.524656 0.592675 0
0  8.181090 7.210648 42.598804  0.984513 0.164954 0.059376  0.515533 0.589543 0
toilet
0  7.911685 -6.663105 46.321171  0.974974 -0.174700 0.137498  0.371540 0.624812 0
0  7.937892 -7.252891 45.253113  0.974646 -0.190706 0.117033  0.365507 0.613825 0
0  8.128132 -6.464427 44.720997  0.984342 -0.147639 0.096295  0.373780 0.608310 0
toilet
0  6.758018 -5.117921 29.799475  -0.892668 -0.258292 -0.369364  0.384852 0.443845 0
0  6.753376 -5.099094 29.874859  -0.999920 0.004901 -0.011693  0.384188 0.443403 0
0  6.770874 -3.916116 29.165586  -0.999799 0.016073 0.011952  0.398014 0.435126 0
toilet
0  6.949615 2.620175 24.619686  -0.263838 0.816649 -0.513297  0.735787 0.392942 0
0  7.017023 2.710491 24.736420  -0.241490 0.849408 -0.469243  0.734904 0.394319 0
0  7.282594 2.711121 24.643990  -0.117952 0.846723 -0.518794  0.732230 0.393182 0
toilet
0  6.788586 -2.633587 28.714451  -0.952346 0.097650 0.288967  0.696773 0.470482 0
0  6.776440 -3.905445 29.204144  -0.950752 0.143600 0.274681  0.709854 0.475663 0
0  7.151209 -3.528845 30.274759  -0.952460 0.144532 0.268197  0.705584 0.487147 0
toilet
0  8.300364 1.102341 30.521488  0.986350 0.028932 -0.162100  0.454546 0.466362 0
0  8.293927 2.167138 30.785957  0.985948 0.057471 -0.156856  0.465265 0.469074 0
0  8.445464 1.931542 31.826591  0.992288 0.044380 -0.115733  0.462796 0.479647 0
toilet
0  8.126564 -1.195255 29.617287  0.974741 -0.037972 -0.220085  0.431688 0.456608 0
0  8.128509 -0.000621 29.541042  0.975038 0.000148 -0.222039  0.443649 0.456139 0
0  8.302057 -0.000576 30.449825  0.986558 0.000088 -0.163411  0.443457 0.465465 0
toilet
0  6.293552 7.189892 48.746731  -0.931056 -0.265768 -0.250006  0.593196 0.676045 0
0  6.322613 8.083305 47.570404  -0.929698 -0.296397 -0.218655  0.584090 0.663817 0
0  6.742353 7.309300 46.883549  -0.931643 -0.294890 -0.212325  0.592743 0.656320 0
toilet
0  6.384644 -9.439991 44.871078  -0.989501 -0.142432 0.024518  0.765420 0.637826 0
0  6.388357 -9.410446 44.855942  -0.927270 0.344843 -0.145786  0.765118 0.637666 0
0  6.424624 -9.818588 43.379494  -0.926485 0.361210 -0.105603  0.769503 0.622479 0
toilet
0  8.518526 -1.554214 44.733410  0.996258 -0.028130 0.081725  0.424477 0.608905 0
0  8.525343 -2.019706 44.454922  0.996277 -0.036728 0.077995  0.419729 0.606011 0
0  8.633848 -1.365978 43.122406  0.997864 -0.024729 0.060458  0.426722 0.592667 0
toilet
0  8.105373 5.935723 45.677269  0.984441 0.135332 0.112072  0.501401 0.620655 0
0  8.084089 5.278855 46.541943  0.984612 0.120809 0.126270  0.494350 0.629240 0
0  8.260535 4.544655 45.680782  0.990326 0.093040 0.102951  0.487048 0.620118 0
toilet
0  8.401197 -3.225795 45.263866  0.993893 -0.061203 0.091818  0.407167 0.614045 0
0  8.414337 -3.732131 44.727863  0.993896 -0.071082 0.084367  0.402027 0.608545 0
0  8.543879 -2.856449 43.698483  0.996333 -0.051792 0.068098  0.411229 0.598225 0
toilet
0  6.720805 -7.238246 31.751041  -0.785781 -0.470936 -0.400959  0.360320 0.465911 0
0  6.706332 -7.210876 31.784431  -0.990573 -0.093990 -0.099656  0.359925 0.465667 0
0  6.732031 -6.227808 30.740858  -0.997585 -0.038698 -0.057686  0.371451 0.453841 0
toilet
0  8.343288 -6.207489 42.286819  0.990452 -0.127210 0.053134  0.376811 0.583389 0
0  8.367229 -6.382175 41.312046  0.990681 -0.130539 0.038880  0.375181 0.573397 0
0  8.502424 -5.241931 41.139194  0.994468 -0.098877 0.035441  0.387033 0.571858 0
toilet
0  8.482761 -5.098461 41.939804  0.994265 -0.096429 0.046247  0.388364 0.580027 0
0  8.502424 -5.241931 41.139194  0.994468 -0.098877 0.035441  0.387033 0.571858 0
0  8.611298 -4.012004 40.951832  0.996850 -0.072327 0.032530  0.399796 0.570218 0
toilet
0  8.251783 -5.115215 32.483498  0.983098 -0.134486 -0.124227  0.390826 0.483770 0
0  8.269316 -4.188163 31.772217  0.984141 -0.110917 -0.138435  0.400617 0.477106 0
0  8.423528 -3.732860 32.705635  0.991191 -0.085573 -0.101082  0.404891 0.486885 0
toilet
0  8.090755 -8.317371 39.029316  0.976067 -0.217471 -0.000257  0.355515 0.549495 0
0  8.121841 -8.090061 37.764713  0.976963 -0.212053 -0.024042  0.358211 0.536506 0
0  8.292085 -7.210586 38.046673  0.986307 -0.164406 -0.013021  0.367316 0.539736 0
toilet
0  8.525589 2.020234 44.454670  0.996286 0.036500 0.077985  0.461369 0.606868 0
0  8.518656 1.551545 44.735645  0.996258 0.028039 0.081760  0.456472 0.609588 0
0  8.629326 1.049351 43.312267  0.997847 0.018777 0.062845  0.451619 0.595090 0
toilet
0  7.996323 -8.089745 42.873051  0.974557 -0.212248 0.072041  0.357089 0.589230 0
0  8.027522 -8.317398 41.602707  0.974851 -0.217576 0.048222  0.354947 0.576074 0
0  8.208019 -7.413208 41.467442  0.984730 -0.168707 0.042959  0.364431 0.574811 0
toilet
0  7.730986 -7.917263 45.700329  0.957661 -0.248749 0.144945  0.358468 0.618564 0
0  7.762172 -8.463734 44.429813  0.957260 -0.264729 0.116502  0.352909 0.605383 0
0  7.966461 -7.753509 44.089203  0.974534 -0.203039 0.095176  0.360439 0.601802 0
toilet
0  7.179530 -7.465271 31.496178  0.016329 -0.774623 -0.632213  0.365053 0.469623 0
0  7.197744 -6.447887 30.362141  0.017073 -0.700605 -0.713345  0.376666 0.458469 0
0  7.430780 -6.394752 30.404575  0.684898 -0.507652 -0.522688  0.378274 0.460331 0
toilet
0  8.230492 -3.212879 46.884647  0.990426 -0.066217 0.121124  0.407068 0.630544 0
0  8.243980 -3.927471 46.333931  0.990376 -0.080312 0.112720  0.399793 0.624881 0
0  8.401197 -3.225795 45.263866  0.993893 -0.061203 0.091818  0.407167 0.614045 0
toilet
0  7.824880 7.759476 33.318005  0.934956 0.307360 -0.177165  0.522772 0.493743 0
0  7.794360 8.446289 34.561783  0.931779 0.334695 -0.140596  0.529955 0.506603 0
0  7.996645 7.917367 34.926830  0.963666 0.248594 -0.097715  0.524256 0.510557 0
toilet
0  7.638910 7.210026 31.806442  0.868300 0.390450 -0.305948  0.517309 0.477755 0
0  7.609774 8.112617 32.994392  0.858859 0.438472 -0.264770  0.526728 0.490077 0
0  7.824880 7.759476 33.318005  0.934956 0.307360 -0.177165  0.522772 0.493743 0
toilet
0  6.267365 -6.212585 49.780853  -0.933051 0.227760 -0.278462  0.731537 0.688116 0
0  6.245963 -5.083362 50.651279  -0.934467 0.188484 -0.302067  0.719779 0.696972 0
0  6.674099 -4.600563 49.663612  -0.936026 0.188179 -0.297395  0.714544 0.686066 0
toilet
0  7.083362 9.707417 45.018734  0.606442 0.745046 0.277731  0.542100 0.616368 0
0  7.047836 9.064774 46.463005  0.611653 0.702084 0.364635  0.534973 0.631370 0
0  7.282637 8.831444 46.309975  0.843897 0.471842 0.255349  0.531906 0.629192 0
toilet
0  7.014820 8.322605 47.804905  0.615133 0.653095 0.441677  0.526468 0.645019 0
0  6.984976 7.401608 49.017277  0.621713 0.590131 0.514994  0.516359 0.657277 0
0  7.221395 7.211087 48.798504  0.849940 0.391889 0.352170  0.513950 0.654275 0
toilet
0  7.317249 9.457546 44.902882  0.841062 0.503493 0.197762  0.538830 0.614686 0
0  7.282637 8.831444 46.309975  0.843897 0.471842 0.255349  0.531906 0.629192 0
0  7.511983 8.447006 46.053970  0.923925 0.333063 0.188232  0.527621 0.626052 0
toilet
0  8.036600 -2.871803 48.454884  0.985219 -0.065740 0.158180  0.410360 0.646623 0
0  8.049193 -3.731910 47.940296  0.985026 -0.085676 0.149613  0.401609 0.641328 0
0  8.230492 -3.212879 46.884647  0.990426 -0.066217 0.121124  0.407068 0.630544 0
toilet
0  8.576585 0.845852 32.809128  0.996117 0.017235 -0.086340  0.451604 0.489480 0
0  8.571649 1.662899 33.012058  0.995890 0.034360 -0.083801  0.459921 0.491605 0
0  8.670324 1.365795 34.322083  0.998011 0.026000 -0.057435  0.456680 0.504760 0
toilet
0  6.462511 -10.094669 41.838604  -0.926834 0.369853 -0.064716  0.772513 0.606610 0
0  6.424624 -9.818588 43.379494  -0.926485 0.361210 -0.105603  0.769503 0.622479 0
0  6.833474 -8.882122 43.090321  -0.929320 0.354772 -0.102478  0.759145 0.619118 0
toilet
0  8.781544 -0.000198 37.114719  0.999857 -0.000035 -0.016938  0.442076 0.532560 0
0  8.780991 0.359620 37.138103  0.999840 0.006375 -0.016728  0.445786 0.532868 0
0  8.787975 0.181355 38.723919  0.999989 0.003253 0.003315  0.443619 0.548748 0
toilet
0  7.193291 -2.543941 26.754734  -0.159680 -0.805305 0.570952  0.738952 0.363324 0
0  7.233867 -2.635307 26.623783  -0.143628 -0.845958 0.513542  0.739355 0.361750 0
0  7.513179 -2.634537 26.669754  -0.013057 -0.845387 0.533994  0.742265 0.362039 0
toilet
0  8.154259 6.923378 43.690151  0.984340 0.157240 0.079685  0.512227 0.600647 0
0  8.128922 6.465043 44.720211  0.984376 0.146827 0.097186  0.507176 0.611056 0
0  8.299131 5.565865 44.112423  0.990309 0.113118 0.080573  0.498046 0.604481 0
toilet
0  8.207467 6.663193 34.315609  0.980514 0.174858 -0.089533  0.511207 0.504447 0
0  8.181260 7.252980 35.383663  0.979211 0.190712 -0.069100  0.517252 0.515396 0
0  8.345044 6.464486 35.924477  0.987901 0.147522 -0.047833  0.509010 0.521027 0
toilet
0  8.367229 -6.382175 41.312046  0.990681 -0.130539 0.038880  0.375181 0.573397 0
0  8.391432 -6.426589 40.326942  0.990975 -0.131815 0.024350  0.374922 0.563319 0
0  8.522305 -5.278415 40.330090  0.994676 -0.100110 0.024452  0.386821 0.563622 0
toilet
0  6.793266 1.347698 28.255802  -0.923545 0.056397 -0.379320  0.459904 0.427182 0
0  6.785501 2.648274 28.581127  -0.921867 0.113788 -0.370423  0.474965 0.431160 0
0  7.022799 2.708298 28.090458  -0.698288 0.213300 -0.683298  0.472319 0.436045 0
toilet
0  6.648255 -2.381626 50.746609  -0.938455 0.098190 -0.331151  0.691683 0.696928 0
0  6.641415 -1.209163 51.037682  -0.939201 0.049868 -0.339727  0.679635 0.699783 0
0  6.662528 -1.194423 50.928547  -0.999596 0.000663 -0.028408  0.679493 0.698643 0
toilet
0  6.613492 9.707443 45.007195  -0.586505 0.768285 0.256419  0.546855 0.618295 0
0  6.577967 9.064804 46.451454  -0.596007 0.724605 0.346010  0.539510 0.633925 0
0  6.811599 9.143013 46.510437  -0.010906 0.894852 0.446229  0.537179 0.632768 0
toilet
0  7.350864 9.064003 34.130371  0.626753 0.705030 -0.331835  0.537450 0.501503 0
0  7.314874 9.691406 35.583878  0.619795 0.744723 -0.247469  0.543971 0.516862 0
0  7.543081 9.440201 35.711849  0.850039 0.503058 -0.156100  0.540620 0.518450 0
toilet
0  7.577864 8.830700 34.294773  0.854445 0.474565 -0.211452  0.534326 0.503588 0
0  7.543081 9.440201 35.711849  0.850039 0.503058 -0.156100  0.540620 0.518450 0
0  7.761091 9.029266 35.917179  0.928835 0.356076 -0.102347  0.535944 0.520734 0
toilet
0  7.794360 8.446289 34.561783  0.931779 0.334695 -0.140596  0.529955 0.506603 0
0  7.761091 9.029266 35.917179  0.928835 0.356076 -0.102347  0.535944 0.520734 0
0  7.965460 8.463837 36.197346  0.961817 0.264754 -0.069380  0.529842 0.523730 0
toilet
0  7.762172 -8.463734 44.429813  0.957260 -0.264729 0.116502  0.352909 0.605383 0
0  7.794770 -8.830765 43.102253  0.957116 -0.276587 0.086188  0.349206 0.591602 0
0  7.996323 -8.089745 42.873051  0.974557 -0.212248 0.072041  0.357089 0.589230 0
toilet
0  7.937892 -7.252891 45.253113  0.974646 -0.190706 0.117033  0.365507 0.613825 0
0  7.966461 -7.753509 44.089203  0.974534 -0.203039 0.095176  0.360439 0.601802 0
0  8.153595 -6.910621 43.683632  0.984345 -0.157413 0.079289  0.369289 0.597634 0
toilet
0  8.128132 -6.464427 44.720997  0.984342 -0.147639 0.096295  0.373780 0.608310 0
0  8.153595 -6.910621 43.683632  0.984345 -0.157413 0.079289  0.369289 0.597634 0
0  8.320375 -5.949485 43.220009  0.990362 -0.121335 0.066797  0.379334 0.592957 0
toilet
0  8.298452 -5.565353 44.113106  0.990244 -0.114097 0.079991  0.383178 0.602117 0
0  8.320375 -5.949485 43.220009  0.990362 -0.121335 0.066797  0.379334 0.592957 0
0  8.463942 -4.886558 42.706272  0.994084 -0.092557 0.056829  0.390422 0.587855 0
toilet
0  8.445937 -4.571048 43.439808  0.993993 -0.086775 0.066695  0.393563 0.595357 0
0  8.463942 -4.886558 42.706272  0.994084 -0.092557 0.056829  0.390422 0.587855 0
0  8.581844 -3.740009 42.151218  0.996568 -0.067405 0.048053  0.402377 0.582415 0
toilet
0  8.568063 -3.498535 42.712650  0.996462 -0.063300 0.055278  0.404771 0.588142 0
0  8.581844 -3.740009 42.151218  0.996568 -0.067405 0.048053  0.402377 0.582415 0
0  8.672061 -2.529472 41.564354  0.998160 -0.045301 0.040303  0.415003 0.576722 0
toilet
0  8.580810 -4.886356 37.949978  0.995706 -0.092236 -0.007813  0.391421 0.539560 0
0  8.598759 -4.571441 37.220284  0.996066 -0.086800 -0.017831  0.394861 0.532268 0
0  8.685028 -3.498828 37.952427  0.997979 -0.063241 -0.006264  0.405756 0.540034 0
toilet
0  7.505521 -9.849808 37.193748  0.845873 -0.524269 -0.098189  0.339249 0.529734 0
0  7.542113 -9.439667 35.705521  0.849674 -0.503635 -0.156225  0.344209 0.514323 0
0  7.760165 -9.028770 35.911114  0.928769 -0.356256 -0.102318  0.348786 0.516802 0
toilet
0  6.778297 8.394444 47.863918  -0.013383 0.836487 0.547824  0.528451 0.646692 0
0  6.748196 7.465485 49.086754  -0.015848 0.762457 0.646845  0.518123 0.659217 0
0  6.984976 7.401608 49.017277  0.621713 0.590131 0.514994  0.516359 0.657277 0
toilet
0  7.933060 1.283726 28.899662  0.950130 0.051287 -0.307608  0.456572 0.449618 0
0  7.925565 2.523705 29.207634  0.949038 0.102031 -0.298188  0.468937 0.452702 0
0  8.119634 2.365658 29.907963  0.974073 0.075308 -0.213331  0.467311 0.460050 0
toilet
0  7.151967 8.394295 32.729340  0.013979 0.836717 -0.547458  0.531527 0.485984 0
0  7.117240 9.142239 34.071381  0.010769 0.896204 -0.443511  0.539693 0.500177 0
0  7.350864 9.064003 34.130371  0.626753 0.705030 -0.331835  0.537450 0.501503 0
toilet
0  7.282637 8.831444 46.309975  0.843897 0.471842 0.255349  0.531906 0.629192 0
0  7.250471 8.108379 47.617344  0.846267 0.436623 0.305274  0.523732 0.642416 0
0  7.481216 7.755417 47.304428  0.925123 0.307394 0.222838  0.519897 0.638660 0
toilet
0  6.924551 9.085762 40.289547  -0.999685 -0.004902 -0.024605  0.575231 0.588503 0
0  6.903243 9.195328 40.289761  -0.930110 -0.366403 -0.025379  0.574087 0.588499 0
0  6.937945 9.131638 38.879932  -0.931540 -0.363235 0.017146  0.574889 0.574046 0
toilet
0  8.590349 -2.635459 25.401192  0.498893 -0.857121 -0.128255  0.752725 0.348387 0
0  8.492171 -2.634655 25.149418  0.449328 -0.854939 -0.259197  0.751556 0.345852 0
0  8.615447 -2.543750 25.086010  0.500960 -0.815762 -0.289087  0.752999 0.345016 0
toilet
0  8.734863 -1.551544 35.928974  0.999078 -0.028042 -0.032521  0.426335 0.520267 0
0  8.739674 -1.045894 35.734371  0.999193 -0.019048 -0.035360  0.431590 0.518457 0
0  8.778807 -0.707363 37.224468  0.999796 -0.012797 -0.015610  0.434751 0.533498 0
toilet
0  8.243980 -3.927471 46.333931  0.990376 -0.080312 0.112720  0.399793 0.624881 0
0  8.259979 -4.543941 45.681332  0.990314 -0.093082 0.103029  0.393523 0.618192 0
0  8.414337 -3.732131 44.727863  0.993896 -0.071082 0.084367  0.402027 0.608545 0
toilet
0  8.128922 6.465043 44.720211  0.984376 0.146827 0.097186  0.507176 0.611056 0
0  8.105373 5.935723 45.677269  0.984441 0.135332 0.112072  0.501401 0.620655 0
0  8.278860 5.110169 44.936371  0.990236 0.104527 0.092232  0.493098 0.612730 0
toilet
0  8.533821 -2.468914 44.108723  0.996306 -0.044525 0.073429  0.415157 0.602437 0
0  8.543879 -2.856449 43.698483  0.996333 -0.051792 0.068098  0.411229 0.598225 0
0  8.646384 -1.931900 42.610806  0.997945 -0.034817 0.053781  0.420976 0.587398 0
toilet
0  6.499890 2.711518 25.349899  -0.490577 0.858005 -0.152187  0.739930 0.400916 0
0  6.452248 2.710835 25.613937  -0.511482 0.859202 -0.012594  0.740245 0.403669 0
0  6.598679 2.791825 25.617531  -0.451278 0.892313 -0.011183  0.738563 0.403629 0
toilet
0  8.555421 -3.214038 43.227837  0.996384 -0.058035 0.062063  0.407619 0.593404 0
0  8.568063 -3.498535 42.712650  0.996462 -0.063300 0.055278  0.404771 0.588142 0
0  8.662742 -2.366153 41.944061  0.998077 -0.042474 0.045140  0.416617 0.580586 0
toilet
0  6.590872 2.517208 24.698551  -0.399800 0.801913 -0.443955  0.739721 0.393782 0
0  6.690934 2.620194 24.798023  -0.382852 0.820060 -0.425354  0.738398 0.394968 0
0  6.949615 2.620175 24.619686  -0.263838 0.816649 -0.513297  0.735787 0.392942 0
toilet
0  6.466179 -5.232486 50.966389  -0.633197 -0.443173 0.634554  0.382416 0.678674 0
0  6.488148 -6.396293 50.069466  -0.623284 -0.531243 0.573845  0.369895 0.668913 0
0  6.721005 -6.451507 50.159664  -0.018318 -0.668645 0.743356  0.371712 0.667061 0
toilet
0  6.488720 6.392983 50.077164  -0.623108 0.531427 0.573865  0.508501 0.671843 0
0  6.466818 5.234063 50.965744  -0.633401 0.442371 0.634911  0.495662 0.681014 0
0  6.699492 5.279213 51.063675  -0.020296 0.561089 0.827507  0.494195 0.678840 0
toilet
0  6.254483 -5.116767 50.726788  -0.805359 -0.345076 0.481994  0.380193 0.681335 0
0  6.276028 -6.255497 49.849560  -0.797993 -0.415978 0.436085  0.367347 0.671185 0
0  6.488148 -6.396293 50.069466  -0.623284 -0.531243 0.573845  0.369895 0.668913 0
toilet
0  6.398960 9.494717 44.898724  -0.769133 0.609300 0.192842  0.549977 0.619233 0
0  6.364166 8.865734 46.311657  -0.775979 0.572816 0.264080  0.542561 0.635228 0
0  6.577967 9.064804 46.451454  -0.596007 0.724605 0.346010  0.539510 0.633925 0
toilet
0  6.336138 -2.437370 26.259804  -0.511557 -0.807169 0.294597  0.729464 0.358660 0
0  6.206784 -2.437610 25.943768  -0.567549 -0.810344 0.145710  0.727940 0.355330 0
0  6.345766 -2.543941 25.912125  -0.556372 -0.818543 0.142959  0.729676 0.354848 0
toilet
0  7.634305 -4.570625 49.643147  0.960984 -0.144936 0.235594  0.392808 0.659045 0
0  7.653495 -5.587204 48.859688  0.960054 -0.175756 0.217731  0.382431 0.651025 0
0  7.866904 -5.118366 48.147358  0.975859 -0.134268 0.172251  0.387342 0.643531 0
toilet
0  7.849324 -4.187088 48.865070  0.976251 -0.110858 0.186133  0.396838 0.650880 0
0  7.866904 -5.118366 48.147358  0.975859 -0.134268 0.172251  0.387342 0.643531 0
0  8.064861 -4.561950 47.300610  0.984793 -0.104259 0.138973  0.393153 0.634766 0
toilet
0  7.481216 7.755417 47.304428  0.925123 0.307394 0.222838  0.519897 0.638660 0
0  7.453407 6.897179 48.434174  0.926874 0.275207 0.255275  0.510580 0.649948 0
0  7.677042 6.465264 47.930511  0.959197 0.203949 0.195820  0.506179 0.644279 0
toilet
0  8.513844 1.045906 44.930279  0.996261 0.018899 0.084300  0.451219 0.611430 0
0  8.510653 0.528202 45.058857  0.996252 0.009528 0.085967  0.445859 0.612608 0
0  8.623913 0.357235 43.530865  0.997805 0.006401 0.065903  0.444428 0.597139 0
toilet
0  6.732031 -6.227808 30.740858  -0.997585 -0.038698 -0.057686  0.733692 0.491734 0
0  6.736047 -6.209617 30.773949  -0.945592 0.228162 0.231944  0.733501 0.492074 0
0  6.758542 -5.086114 29.912001  -0.948113 0.188646 0.255918  0.721984 0.483071 0
toilet
0  8.525343 -2.019706 44.454922  0.996277 -0.036728 0.077995  0.419729 0.606011 0
0  8.533821 -2.468914 44.108723  0.996306 -0.044525 0.073429  0.415157 0.602437 0
0  8.639582 -1.669796 42.888264  0.997896 -0.030049 0.057454  0.423630 0.590247 0
toilet
0  7.995679 -7.917934 34.927792  0.963662 -0.248602 -0.097740  0.360869 0.507190 0
0  8.024546 -7.272045 33.754589  0.965622 -0.228131 -0.124624  0.368047 0.495402 0
0  8.206820 -6.661827 34.309799  0.980558 -0.174671 -0.089415  0.374185 0.501558 0
toilet
0  6.212683 -2.638355 51.885975  -0.994418 -0.039541 0.097823  0.408129 0.695713 0
0  6.224825 -3.922863 51.388733  -0.993736 -0.059486 0.094601  0.393464 0.689670 0
0  6.237113 -3.937717 51.432072  -0.811625 -0.266089 0.520059  0.393728 0.689267 0
toilet
0  6.668467 -2.731457 52.306835  -0.023428 -0.300900 0.953368  0.410482 0.689504 0
0  6.681038 -4.061275 51.792053  -0.022131 -0.436699 0.899336  0.396745 0.683983 0
0  6.918393 -4.026546 51.699436  0.638576 -0.330524 0.694964  0.397750 0.681571 0
toilet
0  6.448860 4.019791 51.693687  -0.640520 0.342393 0.687388  0.482158 0.688118 0
0  6.436392 2.709812 52.197941  -0.648034 0.233608 0.724900  0.467942 0.693192 0
0  6.668803 2.733177 52.306503  -0.023400 0.299565 0.953789  0.467174 0.690674 0
toilet
0  6.224888 -2.648037 51.931160  -0.816697 -0.181509 0.547778  0.408324 0.695267 0
0  6.237113 -3.937717 51.432072  -0.811625 -0.266089 0.520059  0.393728 0.689267 0
0  6.448523 -4.026515 51.687893  -0.640625 -0.342218 0.687376  0.395517 0.686280 0
toilet
0  7.144383 -2.638412 51.908863  0.862812 -0.146825 0.483733  0.412133 0.683079 0
0  7.156523 -3.922916 51.411629  0.859973 -0.215414 0.462649  0.399107 0.677874 0
0  7.391362 -3.752163 50.933552  0.931905 -0.150081 0.330196  0.401017 0.672522 0
toilet
0  6.366243 2.517243 24.962154  -0.497547 0.806102 -0.320385  0.741961 0.396744 0
0  6.490012 2.620228 25.033779  -0.476284 0.823941 -0.307040  0.740366 0.397561 0
0  6.690934 2.620194 24.798023  -0.382852 0.820060 -0.425354  0.738398 0.394968 0
toilet
0  6.660588 8.864960 34.247948  -0.758818 0.577593 -0.300967  0.545143 0.497919 0
0  6.625585 9.477600 35.670776  -0.759914 0.607843 -0.230341  0.551963 0.514246 0
0  6.845005 9.691437 35.572334  -0.573757 0.767907 -0.284818  0.548797 0.515085 0
toilet
0  6.796611 -1.329555 28.390530  -0.953703 0.049052 0.296724  0.683341 0.467020 0
0  6.788586 -2.633587 28.714451  -0.952346 0.097650 0.288967  0.696773 0.470482 0
0  7.162114 -2.382881 29.833721  -0.954229 0.097270 0.282815  0.693885 0.482507 0
toilet
0  6.345766 2.620289 25.912125  -0.545143 0.826564 0.140041  0.741414 0.406857 0
0  6.461472 2.620293 26.195267  -0.490685 0.824022 0.283223  0.740072 0.409776 0
0  6.585015 2.710770 26.131706  -0.447910 0.855941 0.258345  0.738629 0.408940 0
toilet
0  6.425821 9.819290 43.378120  -0.926526 -0.362376 -0.101159  0.566570 0.620388 0
0  6.463729 10.073929 41.837582  -0.926563 -0.370540 -0.064661  0.564099 0.604470 0
0  6.868657 9.112885 41.697163  -0.929428 -0.363562 -0.063146  0.574781 0.602944 0
toilet
0  7.580146 9.421188 43.282204  0.922221 0.372907 0.102221  0.538776 0.597585 0
0  7.545087 9.045853 44.708122  0.922741 0.355976 0.147747  0.534248 0.612258 0
0  7.762983 8.479382 44.437801  0.957305 0.264601 0.116423  0.528264 0.609075 0
toilet
0  8.381214 -2.030681 46.080059  0.993931 -0.038560 0.103025  0.419338 0.622477 0
0  8.390119 -2.638866 45.716194  0.994013 -0.049793 0.097252  0.413140 0.618706 0
0  8.525343 -2.019706 44.454922  0.996277 -0.036728 0.077995  0.419729 0.606011 0
toilet
0  8.625984 -0.706977 43.443993  0.997823 -0.012865 0.064686  0.433462 0.596040 0
0  8.629238 -1.051159 43.310757  0.997835 -0.018955 0.062980  0.429936 0.594628 0
0  8.711441 -0.529796 41.836998  0.998973 -0.009768 0.044239  0.435619 0.579884 0
toilet
0  6.759161 5.085095 29.911396  -0.948127 -0.188792 0.255758  0.616946 0.481992 0
0  6.753998 5.098065 29.874237  -0.999911 -0.003872 -0.012765  0.616815 0.481606 0
0  6.771200 3.923138 29.171299  -0.999799 -0.016032 0.012047  0.629034 0.474497 0
toilet
0  8.674326 -0.690094 34.154259  0.998127 -0.013180 -0.059738  0.435612 0.502690 0
0  8.675448 -0.000377 34.110241  0.998163 0.000007 -0.060589  0.442697 0.502414 0
0  8.743725 -0.000286 35.572102  0.999306 -0.000026 -0.037240  0.442395 0.517085 0
toilet
0  8.108457 -3.511162 30.348656  0.972841 -0.111013 -0.203118  0.408139 0.462961 0
0  8.119346 -2.366855 29.908253  0.974067 -0.075074 -0.213443  0.419848 0.459074 0
0  8.293663 -2.168252 30.786215  0.985917 -0.057369 -0.157085  0.421521 0.468176 0
toilet
0  7.428286 -5.960445 49.425419  0.928593 -0.237395 0.285234  0.378463 0.657129 0
0  7.452566 -6.896030 48.435013  0.926820 -0.275220 0.255458  0.368788 0.647024 0
0  7.676255 -6.464206 47.931309  0.959172 -0.203966 0.195925  0.373418 0.641542 0
toilet
0  7.835196 -3.222072 49.442417  0.976611 -0.085006 0.197494  0.406654 0.656797 0
0  7.849324 -4.187088 48.865070  0.976251 -0.110858 0.186133  0.396838 0.650880 0
0  8.049193 -3.731910 47.940296  0.985026 -0.085676 0.149613  0.401609 0.641328 0
toilet
0  6.544950 8.322639 47.793365  -0.603707 0.674281 0.425303  0.530616 0.648103 0
0  6.515106 7.401634 49.005737  -0.613930 0.609902 0.501108  0.520112 0.660905 0
0  6.748196 7.465485 49.086754  -0.015848 0.762457 0.646845  0.518123 0.659217 0
toilet
0  7.391362 -3.752163 50.933552  0.931905 -0.150081 0.330196  0.401017 0.672522 0
0  7.407815 -4.875949 50.261211  0.930398 -0.196033 0.309726  0.389548 0.665700 0
0  7.634305 -4.570625 49.643147  0.960984 -0.144936 0.235594  0.392808 0.659045 0
toilet
0  6.225153 3.916336 51.394386  -0.993701 0.059753 0.094803  0.484069 0.691588 0
0  6.237442 3.931164 51.437748  -0.811605 0.266332 0.519966  0.483821 0.691175 0
0  6.255106 5.118344 50.726162  -0.805441 0.344426 0.482323  0.497771 0.683768 0
toilet
0  6.202786 0.000889 52.295223  -0.994820 -0.000009 0.101657  0.667093 0.713351 0
0  6.204955 1.333328 52.210197  -0.994439 0.020388 0.103320  0.653350 0.712340 0
0  6.208977 1.329338 52.171677  -0.938145 -0.048848 -0.342781  0.653394 0.711943 0
toilet
0  6.681377 4.054463 51.797901  -0.022080 0.436210 0.899574  0.481028 0.685773 0
0  6.668803 2.733177 52.306503  -0.023400 0.299565 0.953789  0.467174 0.690674 0
0  6.906262 2.709782 52.209484  0.644227 0.225315 0.730894  0.466576 0.688102 0
toilet
0  6.436392 2.709812 52.197941  -0.648034 0.233608 0.724900  0.467942 0.693192 0
0  6.428128 1.368542 52.531048  -0.650899 0.118586 0.749846  0.453385 0.696144 0
0  6.660466 1.380337 52.642490  -0.024289 0.152068 0.988072  0.453019 0.693560 0
toilet
0  6.461472 2.620293 26.195267  -0.490685 0.824022 0.283223  0.740072 0.409776 0
0  6.334334 2.517319 26.260742  -0.512664 0.806150 0.295463  0.741626 0.410669 0
0  6.545748 2.517319 26.535053  -0.421123 0.801872 0.423860  0.739246 0.413520 0
toilet
0  6.208977 1.329338 52.171677  -0.938145 -0.048848 -0.342781  0.653394 0.711943 0
0  6.204955 1.333328 52.210197  -0.994439 0.020388 0.103320  0.653350 0.712340 0
0  6.213007 2.640076 51.885651  -0.994443 0.039389 0.097631  0.639887 0.708872 0
toilet
0  6.213007 2.640076 51.885651  -0.994443 0.039389 0.097631  0.469262 0.696980 0
0  6.204955 1.333328 52.210197  -0.994439 0.020388 0.103320  0.454027 0.700101 0
0  6.217076 1.338349 52.256470  -0.819634 0.091874 0.565473  0.453942 0.699620 0
toilet
0  6.668803 2.733177 52.306503  -0.023400 0.299565 0.953789  0.467174 0.690674 0
0  6.660466 1.380337 52.642490  -0.024289 0.152068 0.988072  0.453019 0.693560 0
0  6.897997 1.368508 52.542603  0.645654 0.114329 0.755023  0.452751 0.690957 0
toilet
0  6.428019 -1.377414 52.528763  -0.650943 -0.118429 0.749832  0.423917 0.695518 0
0  6.436060 -2.708084 52.198269  -0.647915 -0.234637 0.724673  0.409609 0.691986 0
0  6.668467 -2.731457 52.306835  -0.023428 -0.300900 0.953368  0.410482 0.689504 0
toilet
0  6.906262 2.709782 52.209484  0.644227 0.225315 0.730894  0.466576 0.688102 0
0  6.897997 1.368508 52.542603  0.645654 0.114329 0.755023  0.452751 0.690957 0
0  7.136652 1.333271 52.233089  0.863989 0.073917 0.498055  0.452404 0.686993 0
toilet
0  7.144705 2.640023 51.908539  0.862904 0.146016 0.483813  0.465787 0.684185 0
0  7.136652 1.333271 52.233089  0.863989 0.073917 0.498055  0.452404 0.686993 0
0  7.372355 1.275227 51.719250  0.933881 0.051330 0.353879  0.451920 0.681253 0
toilet
0  7.380056 2.525093 51.408829  0.933286 0.101539 0.344480  0.464688 0.678529 0
0  7.372355 1.275227 51.719250  0.933881 0.051330 0.353879  0.451920 0.681253 0
0  7.601065 1.195362 51.009884  0.962773 0.037850 0.267647  0.451280 0.673679 0
toilet
0  7.608286 2.366959 50.718910  0.962444 0.074940 0.260933  0.463251 0.671093 0
0  7.601065 1.195362 51.009884  0.962773 0.037850 0.267647  0.451280 0.673679 0
0  7.818874 1.095051 50.117115  0.977202 0.028904 0.210335  0.450481 0.664343 0
toilet
0  7.825487 2.168331 49.850555  0.976989 0.057303 0.205449  0.461468 0.661952 0
0  7.818874 1.095051 50.117115  0.977202 0.028904 0.210335  0.450481 0.664343 0
0  8.022055 0.976002 49.056232  0.985500 0.022324 0.168200  0.449529 0.653379 0
toilet
0  8.027948 1.932606 48.818645  0.985410 0.044236 0.164347  0.459348 0.651234 0
0  8.022055 0.976002 49.056232  0.985500 0.022324 0.168200  0.449529 0.653379 0
0  8.207127 0.840248 47.845387  0.990675 0.017170 0.135162  0.448431 0.640962 0
toilet
0  8.212202 1.663803 47.640846  0.990639 0.034036 0.132197  0.456910 0.639106 0
0  8.207127 0.840248 47.845387  0.990675 0.017170 0.135162  0.448431 0.640962 0
0  8.370927 0.690125 46.505283  0.993990 0.013060 0.108687  0.447202 0.627297 0
toilet
0  8.375095 1.366551 46.337284  0.993976 0.025918 0.106493  0.454186 0.625765 0
0  8.370927 0.690125 46.505283  0.993990 0.013060 0.108687  0.447202 0.627297 0
0  8.510653 0.528202 45.058857  0.996252 0.009528 0.085967  0.445859 0.612608 0
toilet
0  8.244333 3.925335 46.338657  0.990387 0.080155 0.112731  0.480476 0.626595 0
0  8.230885 3.213738 46.884258  0.990482 0.065761 0.120918  0.473006 0.631901 0
0  8.390442 2.639565 45.715874  0.993938 0.050074 0.097875  0.467428 0.619824 0
toilet
0  8.626070 0.707379 43.443905  0.997822 0.012702 0.064736  0.448060 0.596340 0
0  8.623913 0.357235 43.530865  0.997805 0.006401 0.065903  0.444428 0.597139 0
0  8.708780 0.180142 41.946930  0.998950 0.003244 0.045690  0.442934 0.581141 0
toilet
0  6.845005 9.691437 35.572334  -0.573757 0.767907 -0.284818  0.548797 0.515085 0
0  6.807973 10.109833 37.093159  -0.571945 0.796875 -0.194601  0.553499 0.531746 0
0  7.043589 10.197063 37.071377  0.005489 0.975191 -0.221296  0.550961 0.532251 0
toilet
0  6.681038 -4.061275 51.792053  -0.022131 -0.436699 0.899336  0.396745 0.683983 0
0  6.698847 -5.277652 51.064320  -0.020350 -0.562086 0.826829  0.383973 0.676565 0
0  6.936049 -5.232517 50.977932  0.633935 -0.428269 0.643981  0.385283 0.674282 0
toilet
0  6.699492 5.279213 51.063675  -0.020296 0.561089 0.827507  0.494195 0.678840 0
0  6.681377 4.054463 51.797901  -0.022080 0.436210 0.899574  0.481028 0.685773 0
0  6.918728 4.019757 51.705242  0.638508 0.330568 0.695005  0.480125 0.683322 0
toilet
0  6.791072 -1.333053 28.349854  -0.999776 0.006835 0.020050  0.428472 0.425582 0
0  6.793242 -0.000618 28.264816  -0.999777 -0.000012 0.021124  0.444304 0.424460 0
0  6.795584 -0.000621 28.167980  -0.924135 0.000127 -0.382067  0.444283 0.425450 0
toilet
0  7.174349 5.099305 50.708076  0.857240 0.279911 0.432191  0.491346 0.672920 0
0  7.156853 3.916283 51.417282  0.859973 0.215386 0.462661  0.478925 0.679572 0
0  7.391674 3.745800 50.938953  0.931888 0.150059 0.330254  0.477242 0.674146 0
toilet
0  6.498635 10.197289 40.279396  -0.988115 0.151915 -0.023444  0.560547 0.566931 0
0  6.512619 10.237686 40.279697  -0.757045 0.653209 -0.014141  0.560111 0.566920 0
0  6.551176 10.166821 38.710381  -0.755884 0.648432 -0.090413  0.559491 0.549009 0
toilet
0  6.748196 7.465485 49.086754  -0.015848 0.762457 0.646845  0.518123 0.659217 0
0  6.721582 6.448136 50.167427  -0.018227 0.668302 0.743667  0.506763 0.669919 0
0  6.958590 6.392956 50.088711  0.626992 0.513874 0.585504  0.505277 0.667780 0
toilet
0  6.646165 8.830753 34.271881  -0.986857 0.134807 -0.089113  0.545574 0.497784 0
0  6.660588 8.864960 34.247948  -0.758818 0.577593 -0.300967  0.545143 0.497919 0
0  6.693153 8.142799 32.944149  -0.758029 0.539292 -0.366819  0.536664 0.483126 0
toilet
0  6.540292 10.094952 38.721600  -0.928962 -0.369679 0.019139  0.564219 0.572319 0
0  6.578105 9.818867 37.180706  -0.930607 -0.361075 0.059966  0.567230 0.556450 0
0  6.972146 8.882343 37.489605  -0.933286 -0.354562 0.057122  0.577587 0.559811 0
toilet
0  6.680485 8.087688 32.995525  -0.939318 -0.296360 0.172776  0.585581 0.513465 0
0  6.678075 8.112671 32.971497  -0.985784 0.129779 -0.106714  0.585327 0.513215 0
0  6.707210 7.210080 31.783546  -0.990363 0.095233 -0.100561  0.594778 0.501058 0
toilet
0  8.513717 -1.045318 44.930408  0.996267 -0.019075 0.084193  0.429682 0.610987 0
0  8.518526 -1.554214 44.733410  0.996258 -0.028130 0.081725  0.424477 0.608905 0
0  8.629238 -1.051159 43.310757  0.997835 -0.018955 0.062980  0.429936 0.594628 0
toilet
0  7.863258 -9.142464 40.314137  0.957956 -0.285948 0.023533  0.346456 0.562596 0
0  7.897851 -9.079247 38.906433  0.958895 -0.283645 -0.008074  0.347494 0.547993 0
0  8.090755 -8.317371 39.029316  0.976067 -0.217471 -0.000257  0.355515 0.549495 0
toilet
0  8.778893 0.706986 37.224380  0.999796 0.012766 -0.015646  0.449356 0.533799 0
0  8.775640 1.051167 37.357616  0.999726 0.018838 -0.013895  0.452884 0.535197 0
0  8.785297 0.529663 38.833733  0.999941 0.009706 0.004823  0.447197 0.549921 0
toilet
0  7.967205 7.767834 44.096523  0.974596 0.202790 0.095073  0.520897 0.605183 0
0  7.938776 7.253598 45.252224  0.974726 0.189603 0.118156  0.515210 0.616911 0
0  8.128922 6.465043 44.720211  0.984376 0.146827 0.097186  0.507176 0.611056 0
toilet
0  7.964592 -8.463387 36.191666  0.961794 -0.264849 -0.069336  0.354758 0.520052 0
0  7.995679 -7.917934 34.927792  0.963662 -0.248602 -0.097740  0.360869 0.507190 0
0  8.180375 -7.253509 35.384544  0.979263 -0.190502 -0.068946  0.367668 0.512313 0
toilet
0  8.742908 0.531720 35.606674  0.999269 0.009538 -0.037032  0.447868 0.517535 0
0  8.739801 1.045334 35.734241  0.999196 0.019000 -0.035300  0.453135 0.518900 0
0  8.778893 0.706986 37.224380  0.999796 0.012766 -0.015646  0.449356 0.533799 0
toilet
0  8.571649 1.662899 33.012058  0.995890 0.034360 -0.083801  0.459921 0.491605 0
0  8.563996 2.472435 33.325439  0.995620 0.050510 -0.078670  0.468166 0.494798 0
0  8.664039 2.030705 34.579472  0.997796 0.038441 -0.054086  0.463470 0.507412 0
toilet
0  7.616498 9.665730 41.803356  0.922160 0.381269 0.065227  0.541774 0.582229 0
0  7.580146 9.421188 43.282204  0.922221 0.372907 0.102221  0.538776 0.597585 0
0  7.795846 8.831219 43.101177  0.957142 0.277558 0.082710  0.532434 0.595371 0
toilet
0  7.576787 -8.831287 34.295849  0.854235 -0.474848 -0.211662  0.351094 0.499810 0
0  7.608983 -8.110897 32.987316  0.858557 -0.438931 -0.264989  0.359279 0.486544 0
0  7.824124 -7.757843 33.311241  0.934902 -0.307535 -0.177145  0.363077 0.490375 0
toilet
0  7.391910 10.105633 41.865917  0.839462 0.537396 0.080675  0.546808 0.583122 0
0  7.353903 9.849960 43.412071  0.839919 0.526163 0.132995  0.543648 0.599286 0
0  7.580146 9.421188 43.282204  0.922221 0.372907 0.102221  0.538776 0.597585 0
toilet
0  6.674099 -4.600563 49.663612  -0.936026 0.188179 -0.297395  0.714544 0.686066 0
0  6.658972 -3.535087 50.300617  -0.937413 0.145294 -0.316460  0.703553 0.692478 0
0  6.680319 -3.492016 50.198841  -0.999602 0.001839 -0.028163  0.703115 0.691410 0
toilet
0  7.314168 -9.689041 35.578388  0.619359 -0.745086 -0.247469  0.340942 0.512606 0
0  7.349759 -9.064594 34.131474  0.626273 -0.705334 -0.332094  0.348058 0.497598 0
0  7.576787 -8.831287 34.295849  0.854235 -0.474848 -0.211662  0.351094 0.499810 0
toilet
0  6.639624 0.000752 51.116108  -0.939406 0.000253 -0.342806  0.667226 0.700466 0
0  6.641581 1.201359 51.039494  -0.939183 -0.049801 -0.339787  0.654929 0.699549 0
0  6.662615 1.186737 50.930737  -0.999596 -0.000537 -0.028410  0.655092 0.698417 0
toilet
0  6.651115 10.110229 43.476997  -0.579903 0.799467 0.156734  0.552134 0.601796 0
0  6.613492 9.707443 45.007195  -0.586505 0.768285 0.256419  0.546855 0.618295 0
0  6.847431 9.791191 45.053711  -0.008129 0.942743 0.333422  0.544437 0.617440 0
toilet
0  6.698847 -5.277652 51.064320  -0.020350 -0.562086 0.826829  0.383973 0.676565 0
0  6.721005 -6.451507 50.159664  -0.018318 -0.668645 0.743356  0.371712 0.667061 0
0  6.958018 -6.396324 50.081013  0.627071 -0.513828 0.585459  0.373288 0.664986 0
toilet
0  6.350938 8.831497 46.287071  -0.990631 0.130721 0.039515  0.542986 0.635379 0
0  6.364166 8.865734 46.311657  -0.775979 0.572816 0.264080  0.542561 0.635228 0
0  6.398960 9.494717 44.898724  -0.769133 0.609300 0.192842  0.549977 0.619233 0
toilet
0  6.463729 10.073929 41.837582  -0.926563 -0.370540 -0.064661  0.564099 0.604470 0
0  6.460208 10.105690 41.843021  -0.988519 0.150896 -0.007837  0.563771 0.604524 0
0  6.498635 10.197289 40.279396  -0.988115 0.151915 -0.023444  0.562982 0.588383 0
toilet
0  6.777449 -8.398613 47.857811  -0.013502 -0.836640 0.547586  0.351016 0.642956 0
0  6.810484 -9.142021 46.511547  -0.010872 -0.897740 0.440391  0.342941 0.628765 0
0  7.046731 -9.063820 46.464108  0.610837 -0.705078 0.360198  0.345197 0.627460 0
toilet
0  7.714720 -2.639866 28.697277  0.930342 -0.120575 -0.346302  0.417527 0.446025 0
0  7.722772 -1.333110 28.372749  0.936519 -0.059402 -0.345547  0.430664 0.443354 0
0  7.932959 -1.275089 28.897541  0.950130 -0.051441 -0.307583  0.431104 0.449071 0
toilet
0  8.128509 -0.000621 29.541042  0.975038 0.000148 -0.222039  0.443649 0.456139 0
0  8.126658 1.203324 29.619278  0.974742 0.037835 -0.220107  0.455674 0.457122 0
0  8.300364 1.102341 30.521488  0.986350 0.028932 -0.162100  0.454546 0.466362 0
toilet
0  7.250471 8.108379 47.617344  0.846267 0.436623 0.305274  0.523732 0.642416 0
0  7.221395 7.211087 48.798504  0.849940 0.391889 0.352170  0.513950 0.654275 0
0  7.453407 6.897179 48.434174  0.926874 0.275207 0.255275  0.510580 0.649948 0
toilet
0  8.436337 -2.866863 32.186417  0.991802 -0.065671 -0.109617  0.413925 0.482070 0
0  8.445229 -1.932537 31.826824  0.992287 -0.044348 -0.115754  0.423553 0.478841 0
0  8.571446 -1.663761 33.012260  0.995932 -0.034151 -0.083385  0.425934 0.490907 0
toilet
0  8.321751 -2.635299 24.934906  0.369634 -0.851424 -0.372087  0.749738 0.343686 0
0  8.426347 -2.543750 24.840664  0.411627 -0.811700 -0.414374  0.750908 0.342521 0
0  8.615447 -2.543750 25.086010  0.500960 -0.815762 -0.289087  0.752999 0.345016 0
toilet
0  7.938776 7.253598 45.252224  0.974726 0.189603 0.118156  0.515210 0.616911 0
0  7.912357 6.659714 46.326012  0.974959 0.174742 0.137551  0.508693 0.627698 0
0  8.105373 5.935723 45.677269  0.984441 0.135332 0.112072  0.501401 0.620655 0
toilet
0  8.122828 8.089821 37.763725  0.976984 0.211954 -0.024032  0.525704 0.539959 0
0  8.091628 8.317478 39.034061  0.976101 0.217315 -0.000284  0.527866 0.553110 0
0  8.265155 7.413270 39.178036  0.985671 0.168590 0.005456  0.518390 0.554467 0
toilet
0  8.153595 -6.910621 43.683632  0.984345 -0.157413 0.079289  0.369289 0.597634 0
0  8.180211 -7.210296 42.599678  0.984475 -0.164409 0.061471  0.366334 0.586475 0
0  8.343288 -6.207489 42.286819  0.990452 -0.127210 0.053134  0.376811 0.583389 0
toilet
0  8.639582 -1.669796 42.888264  0.997896 -0.030049 0.057454  0.423630 0.590247 0
0  8.646384 -1.931900 42.610806  0.997945 -0.034817 0.053781  0.420976 0.587398 0
0  8.720102 -0.974285 41.483448  0.999062 -0.017758 0.039493  0.431096 0.576233 0
toilet
0  8.368403 5.938824 34.972530  0.988756 0.135365 -0.063551  0.503664 0.511305 0
0  8.345044 6.464486 35.924477  0.987901 0.147522 -0.047833  0.509010 0.521027 0
0  8.485194 5.565392 36.540005  0.993031 0.113658 -0.031157  0.499635 0.527340 0
toilet
0  8.436576 2.871865 32.190594  0.991807 0.065623 -0.109603  0.472344 0.483314 0
0  8.423983 3.731972 32.705177  0.991195 0.085558 -0.101056  0.481112 0.488452 0
0  8.553155 3.212914 33.768456  0.995221 0.065861 -0.072098  0.475714 0.499264 0
toilet
0  8.672302 2.534119 41.566746  0.998160 0.045299 0.040317  0.467348 0.577826 0
0  8.663029 2.366360 41.943775  0.998080 0.042130 0.045405  0.465530 0.581593 0
0  8.728462 1.194401 41.148415  0.999151 0.021441 0.035178  0.453589 0.573324 0
toilet
0  8.542278 -5.241924 39.517349  0.994986 -0.099114 0.013421  0.387373 0.555370 0
0  8.561869 -5.098659 38.720341  0.995305 -0.096753 0.002571  0.389037 0.547313 0
0  8.656794 -3.902347 39.100529  0.997489 -0.070299 0.008623  0.401321 0.551515 0
toilet
0  8.415750 -6.382156 39.337418  0.991457 -0.130059 0.009879  0.375602 0.553220 0
0  8.439603 -6.207736 38.367046  0.991867 -0.127203 -0.004426  0.377643 0.543362 0
0  8.561869 -5.098659 38.720341  0.995305 -0.096753 0.002571  0.389037 0.547313 0
toilet
0  6.735124 -2.715736 25.175491  -0.383257 -0.890045 -0.246850  0.733686 0.347084 0
0  6.610036 -2.634773 25.103172  -0.436018 -0.854941 -0.281005  0.732204 0.346318 0
0  6.790786 -2.635387 24.897285  -0.350756 -0.851493 -0.389782  0.733916 0.344067 0
toilet
0  6.742454 6.255631 30.694901  -0.843035 0.369020 -0.391302  0.515384 0.457188 0
0  6.721687 7.237447 31.750153  -0.784649 0.471865 -0.402082  0.526497 0.469346 0
0  6.943652 7.400548 31.564751  -0.595588 0.615515 -0.516155  0.523673 0.471228 0
toilet
0  6.773813 3.939549 29.085400  -0.914411 0.176531 -0.364264  0.489566 0.437720 0
0  6.758644 5.116883 29.798843  -0.891594 0.260510 -0.370397  0.502894 0.446300 0
0  6.978185 5.232716 29.401550  -0.660874 0.429811 -0.615230  0.499139 0.449176 0
toilet
0  7.795846 8.831219 43.101177  0.957142 0.277558 0.082710  0.532434 0.595371 0
0  7.762983 8.479382 44.437801  0.957305 0.264601 0.116423  0.528264 0.609075 0
0  7.967205 7.767834 44.096523  0.974596 0.202790 0.095073  0.520897 0.605183 0
toilet
0  7.480433 -7.759338 47.298775  0.925091 -0.307472 0.222863  0.359895 0.635290 0
0  7.510952 -8.446159 46.055000  0.923728 -0.334764 0.186168  0.352737 0.622443 0
0  7.730986 -7.917263 45.700329  0.957661 -0.248749 0.144945  0.358468 0.618564 0
toilet
0  8.300275 -1.094963 30.519672  0.986269 -0.029094 -0.162562  0.432428 0.465889 0
0  8.302057 -0.000576 30.449825  0.986558 0.000088 -0.163411  0.443457 0.465465 0
0  8.452708 -0.000515 31.527000  0.992681 0.000025 -0.120767  0.443233 0.476402 0
toilet
0  7.932959 -1.275089 28.897541  0.950130 -0.051441 -0.307583  0.431104 0.449071 0
0  7.935033 -0.000656 28.816208  0.950667 0.000143 -0.310214  0.443804 0.448556 0
0  8.128509 -0.000621 29.541042  0.975038 0.000148 -0.222039  0.443649 0.456139 0
toilet
0  7.277843 10.109802 37.104702  0.614054 0.772828 -0.160236  0.548453 0.532916 0
0  7.238906 10.393963 38.692322  0.608220 0.790341 -0.073687  0.551162 0.549766 0
0  7.468737 10.126747 38.739216  0.842425 0.537370 -0.039419  0.547563 0.550264 0
toilet
0  6.810484 -9.142021 46.511547  -0.010872 -0.897740 0.440391  0.342941 0.628765 0
0  6.846494 -9.773033 45.044487  -0.008248 -0.942868 0.333066  0.336351 0.613074 0
0  7.082433 -9.689438 45.009590  0.606555 -0.744987 0.277642  0.338740 0.612097 0
toilet
0  6.311338 2.620274 25.610485  -0.560926 0.827753 -0.013700  0.741927 0.403710 0
0  6.345766 2.620289 25.912125  -0.545143 0.826564 0.140041  0.741414 0.406857 0
0  6.486866 2.711552 25.880001  -0.497476 0.858015 0.127778  0.739797 0.406404 0
toilet
0  7.162399 2.381855 29.833447  -0.954229 -0.097502 0.282737  0.645050 0.482005 0
0  7.169724 1.209389 29.542389  -0.955370 -0.049461 0.291243  0.657098 0.479150 0
0  7.185448 1.194641 29.652428  -0.999785 -0.000543 -0.020721  0.657239 0.480290 0
toilet
0  6.923460 -10.483795 41.910320  -0.002809 -0.993759 0.111515  0.329068 0.579499 0
0  6.963219 -10.556763 40.292110  -0.000060 -1.000000 0.000090  0.328451 0.562150 0
0  7.198160 -10.466461 40.297871  0.605965 -0.795352 0.014886  0.331047 0.562213 0
toilet
0  6.728291 -10.466434 40.286327  -0.572617 -0.819702 -0.014075  0.325883 0.562087 0
0  6.767892 -10.394058 38.674755  -0.570589 -0.814466 -0.105224  0.327286 0.544431 0
0  7.003163 -10.483765 38.666626  0.002693 -0.993739 -0.111697  0.329832 0.544762 0
toilet
0  7.119751 -10.109623 43.489773  0.605092 -0.773019 0.190540  0.334298 0.596055 0
0  7.158741 -10.394123 41.902248  0.603819 -0.790378 0.103468  0.331624 0.579208 0
0  7.390689 -10.126595 41.866604  0.839436 -0.537428 0.080741  0.335228 0.578738 0
toilet
0  7.352702 -9.849419 43.413273  0.839979 -0.524356 0.139593  0.337830 0.595028 0
0  7.390689 -10.126595 41.866604  0.839436 -0.537428 0.080741  0.335228 0.578738 0
0  7.615332 -9.685799 41.804024  0.922219 -0.381124 0.065247  0.340281 0.578055 0
toilet
0  6.490012 2.620228 25.033779  -0.476284 0.823941 -0.307040  0.740366 0.397561 0
0  6.360537 2.620247 25.310898  -0.537637 0.826523 -0.166750  0.741566 0.400541 0
0  6.499890 2.711518 25.349899  -0.490577 0.858005 -0.152187  0.739930 0.400916 0
toilet
0  7.794770 -8.830765 43.102253  0.957116 -0.276587 0.086188  0.349206 0.591602 0
0  7.828827 -9.079269 41.715546  0.957310 -0.283744 0.055198  0.346865 0.577162 0
0  8.027522 -8.317398 41.602707  0.974851 -0.217576 0.048222  0.354947 0.576074 0
toilet
0  8.059065 -8.375286 40.318897  0.975346 -0.219378 0.023964  0.354592 0.562801 0
0  8.090755 -8.317371 39.029316  0.976067 -0.217471 -0.000257  0.355515 0.549495 0
0  8.264377 -7.413184 39.173805  0.985653 -0.168697 0.005429  0.364929 0.551249 0
toilet
0  7.664295 6.231862 30.770958  0.885003 0.327650 -0.330779  0.506906 0.467384 0
0  7.638910 7.210026 31.806442  0.868300 0.390450 -0.305948  0.517309 0.477755 0
0  7.852747 6.896164 32.181767  0.938281 0.275109 -0.209628  0.513820 0.482054 0
toilet
0  8.345044 6.464486 35.924477  0.987901 0.147522 -0.047833  0.509010 0.521027 0
0  8.319579 6.910683 36.961849  0.987070 0.157292 -0.030849  0.513510 0.531670 0
0  8.463273 5.949528 37.433098  0.992461 0.121217 -0.018077  0.503482 0.536463 0
toilet
0  8.230676 -5.922645 33.340622  0.981799 -0.156208 -0.108025  0.382168 0.492019 0
0  8.251783 -5.115215 32.483498  0.983098 -0.134486 -0.124227  0.390826 0.483770 0
0  8.407902 -4.559135 33.339588  0.990434 -0.104207 -0.090456  0.396191 0.492868 0
toilet
0  7.017023 2.710491 24.736420  -0.241490 0.849408 -0.469243  0.734904 0.394319 0
0  7.087236 2.791466 24.858009  -0.213476 0.884441 -0.414960  0.734021 0.395696 0
0  7.318221 2.792389 24.782738  -0.104449 0.882006 -0.459517  0.731752 0.394734 0
toilet
0  8.682125 2.639271 41.167278  0.998278 0.047369 0.034591  0.468523 0.573820 0
0  8.672302 2.534119 41.566746  0.998160 0.045299 0.040317  0.467348 0.577826 0
0  8.733154 1.278519 40.957672  0.999201 0.023163 0.032553  0.454500 0.571422 0
toilet
0  6.434628 -9.888138 43.403465  -0.763746 -0.633501 0.123967  0.326029 0.597687 0
0  6.421002 -9.849361 43.390385  -0.989228 -0.146152 0.008172  0.325591 0.597738 0
0  6.458989 -10.126537 41.843716  -0.988332 -0.152118 -0.007705  0.322853 0.579930 0
toilet
0  7.003163 -10.483765 38.666626  0.002693 -0.993739 -0.111697  0.329832 0.544762 0
0  7.042346 -10.197247 37.072624  0.005408 -0.974979 -0.222231  0.333290 0.527765 0
0  7.276609 -10.110020 37.105934  0.613860 -0.772904 -0.160609  0.335770 0.528532 0
toilet
0  6.688873 -10.394093 41.890705  -0.575035 -0.814482 0.077162  0.326508 0.579706 0
0  6.728291 -10.466434 40.286327  -0.572617 -0.819702 -0.014075  0.325883 0.562087 0
0  6.963219 -10.556763 40.292110  -0.000060 -1.000000 0.000090  0.328451 0.562150 0
toilet
0  6.588075 -9.888527 37.158455  -0.756774 -0.633441 -0.161385  0.327591 0.526494 0
0  6.624732 -9.476669 35.664574  -0.758580 -0.609347 -0.230765  0.333071 0.509660 0
0  6.844299 -9.689011 35.566833  -0.573335 -0.768224 -0.284816  0.336188 0.510627 0
toilet
0  7.429091 -10.197075 40.303535  0.840665 -0.541163 0.020649  0.334702 0.562303 0
0  7.467673 -10.126564 38.733433  0.842392 -0.537427 -0.039349  0.335948 0.545830 0
0  7.688964 -9.685768 38.807228  0.924295 -0.381163 -0.019831  0.340961 0.546766 0
toilet
0  8.369805 0.000401 46.549294  0.994077 -0.000108 0.108675  0.440113 0.627587 0
0  8.370873 -0.694698 46.504128  0.993967 -0.013203 0.108880  0.432986 0.626992 0
0  8.510612 -0.531696 45.057976  0.996255 -0.009633 0.085921  0.434947 0.612374 0
toilet
0  7.731950 7.918038 45.699356  0.957779 0.247405 0.146460  0.522047 0.621939 0
0  7.703112 7.269761 46.871513  0.958344 0.228067 0.171938  0.514880 0.633733 0
0  7.912357 6.659714 46.326012  0.974959 0.174742 0.137551  0.508693 0.627698 0
toilet
0  8.024546 -7.272045 33.754589  0.965622 -0.228131 -0.124624  0.368047 0.495402 0
0  8.050589 -6.465160 32.696644  0.967643 -0.203853 -0.148696  0.376806 0.484942 0
0  8.230676 -5.922645 33.340622  0.981799 -0.156208 -0.108025  0.382168 0.492019 0
toilet
0  6.732595 6.231915 30.748066  -0.997451 0.039989 -0.059101  0.515922 0.456919 0
0  6.742454 6.255631 30.694901  -0.843035 0.369020 -0.391302  0.515384 0.457188 0
0  6.758644 5.116883 29.798843  -0.891594 0.260510 -0.370397  0.502894 0.446300 0
toilet
0  6.864542 2.792668 26.247822  -0.325969 0.886580 0.328208  0.735641 0.409940 0
0  6.755397 2.711415 26.346161  -0.368593 0.852322 0.371062  0.736811 0.411106 0
0  6.973245 2.710602 26.518143  -0.264346 0.849449 0.456681  0.734460 0.412752 0
toilet
0  8.542828 5.241967 39.520340  0.994979 0.099189 0.013384  0.495793 0.557641 0
0  8.522949 5.278450 40.329441  0.994680 0.099911 0.025112  0.496005 0.565872 0
0  8.627007 4.039940 40.332081  0.997047 0.072620 0.024982  0.483187 0.565664 0
toilet
0  8.662742 -2.366153 41.944061  0.998077 -0.042474 0.045140  0.416617 0.580586 0
0  8.672061 -2.529472 41.564354  0.998160 -0.045301 0.040303  0.415003 0.576722 0
0  8.733032 -1.275997 40.956432  0.999197 -0.023314 0.032586  0.428084 0.570864 0
toilet
0  8.615835 4.199376 36.546589  0.996471 0.079444 -0.027112  0.485526 0.527372 0
0  8.599317 4.571080 37.219723  0.996062 0.086837 -0.017867  0.489263 0.534213 0
0  8.685454 3.498543 37.952000  0.997988 0.063095 -0.006233  0.478057 0.541524 0
toilet
0  6.363086 -8.864693 46.312775  -0.775441 -0.575321 0.260188  0.337463 0.630970 0
0  6.349862 -8.830482 46.288158  -0.990473 -0.132090 0.038923  0.337031 0.631100 0
0  6.384644 -9.439991 44.871078  -0.989501 -0.142432 0.024518  0.330293 0.614741 0
toilet
0  7.599122 0.000725 51.086117  0.962996 -0.000268 0.269517  0.439153 0.674192 0
0  7.600974 -1.203220 51.007885  0.962738 -0.037962 0.267760  0.426964 0.673159 0
0  7.818789 -1.102260 50.115284  0.977165 -0.029095 0.210479  0.428153 0.663864 0
toilet
0  7.159986 10.372688 41.901535  0.604124 0.790166 0.103306  0.550404 0.583743 0
0  7.120985 10.110207 43.488541  0.605041 0.775399 0.180779  0.547130 0.600472 0
0  7.353903 9.849960 43.412071  0.839919 0.526163 0.132995  0.543648 0.599286 0
toilet
0  6.575024 9.849632 37.169651  -0.987693 0.145808 -0.056594  0.557146 0.531167 0
0  6.589282 9.888405 37.157249  -0.757214 0.633041 -0.160893  0.556709 0.531222 0
0  6.625585 9.477600 35.670776  -0.759914 0.607843 -0.230341  0.551963 0.514246 0
toilet
0  6.588075 -9.888527 37.158455  -0.756774 -0.633441 -0.161385  0.327591 0.526494 0
0  6.573822 -9.849751 37.170856  -0.987651 -0.146035 -0.056740  0.327156 0.526421 0
0  6.610415 -9.439610 35.682625  -0.987082 -0.142572 -0.073089  0.332641 0.509546 0
toilet
0  6.709646 7.188824 31.812569  -0.942250 -0.265729 0.203846  0.594993 0.501358 0
0  6.736535 6.213788 30.781097  -0.945580 -0.228120 0.232033  0.605192 0.490836 0
0  7.115901 5.616902 31.698715  -0.947165 -0.227960 0.225640  0.611691 0.500779 0
toilet
0  7.996645 7.917367 34.926830  0.963666 0.248594 -0.097715  0.524256 0.510557 0
0  7.965460 8.463837 36.197346  0.961817 0.264754 -0.069380  0.529842 0.523730 0
0  8.152691 7.753598 36.547569  0.978086 0.202784 -0.047180  0.522336 0.527397 0
toilet
0  8.181260 7.252980 35.383663  0.979211 0.190712 -0.069100  0.517252 0.515396 0
0  8.152691 7.753598 36.547569  0.978086 0.202784 -0.047180  0.522336 0.527397 0
0  8.319579 6.910683 36.961849  0.987070 0.157292 -0.030849  0.513510 0.531670 0
toilet
0  8.344045 6.207772 42.286060  0.990486 0.127602 0.051526  0.505190 0.586030 0
0  8.320944 5.960457 43.225620  0.990390 0.121137 0.066732  0.502374 0.595551 0
0  8.464411 4.895554 42.710888  0.994108 0.092347 0.056764  0.491490 0.589987 0
toilet
0  8.108748 3.517315 30.353779  0.972878 0.110822 -0.203045  0.478925 0.464466 0
0  8.093325 4.570729 30.984009  0.971412 0.144820 -0.188113  0.489679 0.470636 0
0  8.269826 4.187176 31.771706  0.984144 0.110932 -0.138400  0.485785 0.478856 0
toilet
0  8.642220 4.012024 39.712818  0.997250 0.072255 0.016461  0.483028 0.559393 0
0  8.627007 4.039940 40.332081  0.997047 0.072620 0.024982  0.483187 0.565664 0
0  8.702606 2.732323 40.334019  0.998495 0.048899 0.024851  0.469663 0.565434 0
toilet
0  8.712894 2.713444 39.915192  0.998641 0.048477 0.019132  0.469557 0.561207 0
0  8.702606 2.732323 40.334019  0.998495 0.048899 0.024851  0.469663 0.565434 0
0  8.748457 1.379540 40.335148  0.999385 0.024863 0.024716  0.455676 0.565179 0
toilet
0  8.698096 3.214058 37.436813  0.998236 0.057918 -0.013051  0.475209 0.536293 0
0  8.685454 3.498543 37.952000  0.997988 0.063095 -0.006233  0.478057 0.541524 0
0  8.742136 2.366162 38.724308  0.999091 0.042448 0.003892  0.466207 0.549151 0
toilet
0  7.760165 -9.028770 35.911114  0.928769 -0.356256 -0.102318  0.348786 0.516802 0
0  7.793330 -8.446877 34.562813  0.931779 -0.334680 -0.140631  0.355338 0.503003 0
0  7.995679 -7.917934 34.927792  0.963662 -0.248602 -0.097740  0.360869 0.507190 0
toilet
0  7.150798 -8.392006 32.723194  0.013325 -0.836541 -0.547743  0.354656 0.482264 0
0  7.179530 -7.465271 31.496178  0.016329 -0.774623 -0.632213  0.365053 0.469623 0
0  7.412619 -7.401424 31.577198  0.653225 -0.592092 -0.471936  0.366797 0.471609 0
toilet
0  6.977547 -5.233831 29.402193  -0.663114 -0.427923 -0.614135  0.388482 0.446885 0
0  7.000939 -4.028183 28.624187  -0.687549 -0.315619 -0.653958  0.401838 0.439857 0
0  7.237971 -4.059379 28.633038  0.021732 -0.465986 -0.884525  0.402475 0.442198 0
toilet
0  7.413521 7.400513 31.576298  0.652612 0.592155 -0.472706  0.519795 0.474768 0
0  7.385150 8.318325 32.803467  0.634618 0.654087 -0.411620  0.529476 0.487618 0
0  7.609774 8.112617 32.994392  0.858859 0.438472 -0.264770  0.526728 0.490077 0
toilet
0  7.544222 -9.029137 44.699600  0.922646 -0.356184 0.147840  0.346783 0.608313 0
0  7.578997 -9.420689 43.283363  0.922205 -0.371632 0.106905  0.342774 0.593544 0
0  7.794770 -8.830765 43.102253  0.957116 -0.276587 0.086188  0.349206 0.591602 0
toilet
0  8.401487 3.224034 45.267750  0.993907 0.061052 0.091768  0.473562 0.615454 0
0  8.390442 2.639565 45.715874  0.993938 0.050074 0.097875  0.467428 0.619824 0
0  8.525589 2.020234 44.454670  0.996286 0.036500 0.077985  0.461369 0.606868 0
toilet
0  8.027522 -8.317398 41.602707  0.974851 -0.217576 0.048222  0.354947 0.576074 0
0  8.059065 -8.375286 40.318897  0.975346 -0.219378 0.023964  0.354592 0.562801 0
0  8.236133 -7.464801 40.323193  0.985127 -0.170114 0.024222  0.364125 0.563043 0
toilet
0  6.486866 2.711552 25.880001  -0.497476 0.858015 0.127778  0.739797 0.406404 0
0  6.585015 2.710770 26.131706  -0.447910 0.855941 0.258345  0.738629 0.408940 0
0  6.713496 2.791760 26.065613  -0.395374 0.889803 0.227884  0.737186 0.408103 0
toilet
0  8.485194 5.565392 36.540005  0.993031 0.113658 -0.031157  0.499635 0.527340 0
0  8.463273 5.949528 37.433098  0.992461 0.121217 -0.018077  0.503482 0.536463 0
0  8.581311 4.886586 37.953259  0.995717 0.092124 -0.007819  0.492403 0.541680 0
toilet
0  8.672061 -2.529472 41.564354  0.998160 -0.045301 0.040303  0.415003 0.576722 0
0  8.681803 -2.639163 41.167603  0.998263 -0.047251 0.035181  0.413948 0.572696 0
0  8.737964 -1.330967 40.755619  0.999262 -0.024018 0.029983  0.427557 0.568831 0
toilet
0  8.719473 -2.467395 36.553066  0.998703 -0.044622 -0.024508  0.416742 0.526258 0
0  8.727930 -2.020221 36.209972  0.998911 -0.036605 -0.028916  0.421437 0.522949 0
0  8.770864 -1.366329 37.546131  0.999632 -0.024656 -0.011351  0.427875 0.536561 0
toilet
0  8.709291 -2.856868 36.966518  0.998480 -0.051716 -0.019071  0.412622 0.530296 0
0  8.719473 -2.467395 36.553066  0.998703 -0.044622 -0.024508  0.416742 0.526258 0
0  8.765144 -1.668766 37.778179  0.999514 -0.030025 -0.008336  0.424699 0.538811 0
toilet
0  8.758257 -1.932178 38.057796  0.999385 -0.034747 -0.004688  0.421916 0.541551 0
0  8.765144 -1.668766 37.778179  0.999514 -0.030025 -0.008336  0.424699 0.538811 0
0  8.780006 -0.841182 39.045788  0.999850 -0.015436 0.007799  0.432978 0.551753 0
toilet
0  6.741612 -6.252012 30.687124  -0.844668 -0.367370 -0.389327  0.371982 0.454137 0
0  6.758018 -5.117921 29.799475  -0.892668 -0.258292 -0.369364  0.384852 0.443845 0
0  6.977547 -5.233831 29.402193  -0.663114 -0.427923 -0.614135  0.388482 0.446885 0
toilet
0  7.197744 -6.447887 30.362141  0.017073 -0.700605 -0.713345  0.376666 0.458469 0
0  7.214415 -5.279003 29.407982  0.019337 -0.597596 -0.801564  0.389366 0.449205 0
0  7.447416 -5.233860 29.413734  0.723576 -0.408028 -0.556733  0.390889 0.451078 0
toilet
0  6.736535 6.213788 30.781097  -0.945580 -0.228120 0.232033  0.605192 0.490836 0
0  6.732595 6.231915 30.748066  -0.997451 0.039989 -0.059101  0.605009 0.490493 0
0  6.753998 5.098065 29.874237  -0.999911 -0.003872 -0.012765  0.616815 0.481606 0
toilet
0  7.876487 -5.956771 31.184464  0.941449 -0.237494 -0.239314  0.382749 0.469585 0
0  7.896904 -4.877193 30.356163  0.944541 -0.195661 -0.263742  0.394242 0.461890 0
0  8.092768 -4.571786 30.984571  0.971391 -0.144728 -0.188289  0.397065 0.468732 0
toilet
0  7.430780 -6.394752 30.404575  0.684898 -0.507652 -0.522688  0.378274 0.460331 0
0  7.447416 -5.233860 29.413734  0.723576 -0.408028 -0.556733  0.390889 0.451078 0
0  7.685076 -5.099145 29.897757  0.904502 -0.255942 -0.341131  0.392124 0.456663 0
toilet
0  8.073629 -5.583761 31.761003  0.969601 -0.175742 -0.170263  0.386335 0.475966 0
0  8.092768 -4.571786 30.984571  0.971391 -0.144728 -0.188289  0.397065 0.468732 0
0  8.269316 -4.188163 31.772217  0.984141 -0.110917 -0.138435  0.400617 0.477106 0
toilet
0  8.581311 4.886586 37.953259  0.995717 0.092124 -0.007819  0.492403 0.541680 0
0  8.562490 5.098488 38.719723  0.995339 0.096407 0.002621  0.494462 0.549486 0
0  8.657270 3.902211 39.100052  0.997487 0.070328 0.008602  0.482015 0.553177 0
toilet
0  8.423528 -3.732860 32.705635  0.991191 -0.085573 -0.101082  0.404891 0.486885 0
0  8.436337 -2.866863 32.186417  0.991802 -0.065671 -0.109617  0.413925 0.482070 0
0  8.563791 -2.468135 33.321838  0.995571 -0.050757 -0.079129  0.417618 0.493720 0
toilet
0  8.408313 4.562012 33.344860  0.990442 0.104141 -0.090440  0.489595 0.494847 0
0  8.389731 5.278077 34.102890  0.989630 0.120711 -0.077861  0.496920 0.502478 0
0  8.523667 4.543984 34.971767  0.994137 0.093383 -0.054506  0.489281 0.511400 0
toilet
0  8.553155 3.212914 33.768456  0.995221 0.065861 -0.072098  0.475714 0.499264 0
0  8.539668 3.927514 34.319176  0.994726 0.080195 -0.063944  0.483001 0.504809 0
0  8.644056 3.225827 35.395664  0.997211 0.061083 -0.042895  0.475652 0.515699 0
toilet
0  8.723072 2.639172 39.500763  0.998790 0.047178 0.013880  0.468874 0.557017 0
0  8.712894 2.713444 39.915192  0.998641 0.048477 0.019132  0.469557 0.561207 0
0  8.753643 1.369244 40.124020  0.999458 0.024684 0.021777  0.455613 0.563053 0
toilet
0  8.630462 -3.732681 35.932125  0.996854 -0.070920 -0.035391  0.403860 0.519547 0
0  8.643764 -3.223804 35.391933  0.997207 -0.061175 -0.042841  0.409252 0.514292 0
0  8.719473 -2.467395 36.553066  0.998703 -0.044622 -0.024508  0.416742 0.526258 0
toilet
0  8.771030 1.365986 37.545963  0.999631 0.024636 -0.011415  0.456100 0.537142 0
0  8.765296 1.669804 37.780106  0.999516 0.029955 -0.008416  0.459193 0.539543 0
0  8.780079 0.841580 39.046852  0.999851 0.015429 0.007696  0.450379 0.552123 0
toilet
0  6.770874 -3.916116 29.165586  -0.999799 0.016073 0.011952  0.709969 0.475265 0
0  6.776440 -3.905445 29.204144  -0.950752 0.143600 0.274681  0.709854 0.475663 0
0  6.788586 -2.633587 28.714451  -0.952346 0.097650 0.288967  0.696773 0.470482 0
toilet
0  6.769846 -7.964683 45.699966  -0.930441 0.320402 -0.177824  0.749460 0.645785 0
0  6.791773 -7.866195 45.652275  -0.999638 0.004301 -0.026546  0.748437 0.645271 0
0  6.822814 -8.409637 44.387737  -0.999647 0.004658 -0.026167  0.754140 0.632361 0
toilet
0  6.659456 3.529019 50.305233  -0.937444 -0.145215 -0.316403  0.631147 0.691785 0
0  6.674669 4.601914 49.663078  -0.936041 -0.187853 -0.297553  0.620213 0.685097 0
0  6.696184 4.540074 49.572643  -0.999609 -0.002212 -0.027887  0.620866 0.684157 0
toilet
0  6.614386 9.410683 35.704285  -0.933361 -0.344717 0.100037  0.571615 0.541264 0
0  6.648901 8.803783 34.292866  -0.935911 -0.324372 0.137308  0.578032 0.526767 0
0  7.036653 7.964905 34.879986  -0.938091 -0.320010 0.132584  0.587273 0.533144 0
toilet
0  6.992721 8.775505 37.514400  -0.999712 -0.004699 -0.023521  0.578701 0.560076 0
0  6.972146 8.882343 37.489605  -0.933286 -0.354562 0.057122  0.577587 0.559811 0
0  7.005316 8.511772 36.150452  -0.935535 -0.340330 0.094606  0.581533 0.546117 0
toilet
0  6.645089 -8.831234 34.272957  -0.986751 -0.135357 -0.089454  0.760249 0.528423 0
0  6.647828 -8.804264 34.293934  -0.935880 0.324441 0.137357  0.759970 0.528636 0
0  6.679674 -8.085842 32.988453  -0.939326 0.296362 0.172729  0.752670 0.515098 0
toilet
0  6.648901 8.803783 34.292866  -0.935911 -0.324372 0.137308  0.578032 0.526767 0
0  6.646165 8.830753 34.271881  -0.986857 0.134807 -0.089113  0.577757 0.526548 0
0  6.678075 8.112671 32.971497  -0.985784 0.129779 -0.106714  0.585327 0.513215 0
toilet
0  8.381384 2.027195 46.082989  0.993947 0.038400 0.102931  0.461036 0.623367 0
0  8.375095 1.366551 46.337284  0.993976 0.025918 0.106493  0.454186 0.625765 0
0  8.513844 1.045906 44.930279  0.996261 0.018899 0.084300  0.451219 0.611430 0
toilet
0  6.759161 5.085095 29.911396  -0.948127 -0.188792 0.255758  0.616946 0.481992 0
0  6.776754 3.912438 29.209812  -0.950755 -0.143511 0.274719  0.629141 0.474896 0
0  7.151336 3.535313 30.279423  -0.952477 -0.144365 0.268227  0.633181 0.486455 0
toilet
0  8.510612 -0.531696 45.057976  0.996255 -0.009633 0.085921  0.434947 0.612374 0
0  8.513717 -1.045318 44.930408  0.996267 -0.019075 0.084193  0.429682 0.610987 0
0  8.625984 -0.706977 43.443993  0.997823 -0.012865 0.064686  0.433462 0.596040 0
toilet
0  6.690934 2.620194 24.798023  -0.382852 0.820060 -0.425354  0.738398 0.394968 0
0  6.790992 2.711319 24.897491  -0.349902 0.852298 -0.388788  0.737173 0.396076 0
0  7.017023 2.710491 24.736420  -0.241490 0.849408 -0.469243  0.734904 0.394319 0
toilet
0  8.739801 1.045334 35.734241  0.999196 0.019000 -0.035300  0.453135 0.518900 0
0  8.734992 1.554230 35.931232  0.999071 0.028027 -0.032743  0.458343 0.520950 0
0  8.775640 1.051167 37.357616  0.999726 0.018838 -0.013895  0.452884 0.535197 0
toilet
0  8.629238 -1.051159 43.310757  0.997835 -0.018955 0.062980  0.429936 0.594628 0
0  8.633848 -1.365978 43.122406  0.997864 -0.024729 0.060458  0.426722 0.592667 0
0  8.713755 -0.688209 41.742435  0.999004 -0.012574 0.042813  0.434001 0.578899 0
toilet
0  6.793242 -0.000618 28.264816  -0.999777 -0.000012 0.021124  0.444304 0.424460 0
0  6.791177 1.342221 28.352070  -0.999765 -0.006800 0.020588  0.460187 0.426246 0
0  6.793266 1.347698 28.255802  -0.923545 0.056397 -0.379320  0.459904 0.427182 0
toilet
0  7.279277 -0.000683 27.663525  0.024499 0.000413 -0.999700  0.444108 0.433753 0
0  7.280375 1.391888 27.753765  0.024539 0.160453 -0.986738  0.458185 0.435114 0
0  7.506873 1.380333 27.759499  0.802104 0.094911 -0.589593  0.457705 0.437349 0
toilet
0  6.208977 1.329338 52.171677  -0.938145 -0.048848 -0.342781  0.653394 0.711943 0
0  6.216998 2.632847 51.847912  -0.937138 -0.097370 -0.335099  0.639965 0.708483 0
0  6.648550 2.383095 50.746330  -0.938484 -0.097759 -0.331197  0.642846 0.696426 0
toilet
0  7.511975 -0.000702 27.669273  0.805881 0.000332 -0.592078  0.444058 0.436137 0
0  7.506873 1.380333 27.759499  0.802104 0.094911 -0.589593  0.457705 0.437349 0
0  7.722875 1.342156 28.374966  0.936586 0.059092 -0.345421  0.457250 0.443925 0
toilet
0  7.724940 -0.000675 28.287708  0.938218 0.000264 -0.346045  0.443922 0.442794 0
0  7.722875 1.342156 28.374966  0.936586 0.059092 -0.345421  0.457250 0.443925 0
0  7.933060 1.283726 28.899662  0.950130 0.051287 -0.307608  0.456572 0.449618 0
toilet
0  7.935033 -0.000656 28.816208  0.950667 0.000143 -0.310214  0.443804 0.448556 0
0  7.933060 1.283726 28.899662  0.950130 0.051287 -0.307608  0.456572 0.449618 0
0  8.126658 1.203324 29.619278  0.974742 0.037835 -0.220107  0.455674 0.457122 0
toilet
0  7.013979 -8.326767 47.798836  0.615161 -0.653043 0.441714  0.353067 0.641368 0
0  7.046731 -9.063820 46.464108  0.610837 -0.705078 0.360198  0.345197 0.627460 0
0  7.281560 -8.830540 46.311054  0.843496 -0.474127 0.252425  0.348339 0.625407 0
toilet
0  8.302057 -0.000576 30.449825  0.986558 0.000088 -0.163411  0.443457 0.465465 0
0  8.300364 1.102341 30.521488  0.986350 0.028932 -0.162100  0.454546 0.466362 0
0  8.451199 0.982506 31.590878  0.992571 0.022406 -0.119589  0.453187 0.477205 0
toilet
0  8.452708 -0.000515 31.527000  0.992681 0.000025 -0.120767  0.443233 0.476402 0
0  8.451199 0.982506 31.590878  0.992571 0.022406 -0.119589  0.453187 0.477205 0
0  8.576585 0.845852 32.809128  0.996117 0.017235 -0.086340  0.451604 0.489480 0
toilet
0  8.577888 -0.000457 32.754139  0.996188 0.000007 -0.087234  0.442978 0.488782 0
0  8.576585 0.845852 32.809128  0.996117 0.017235 -0.086340  0.451604 0.489480 0
0  8.674379 0.694722 34.155407  0.998122 0.013077 -0.059837  0.449820 0.502994 0
toilet
0  8.675448 -0.000377 34.110241  0.998163 0.000007 -0.060589  0.442697 0.502414 0
0  8.674379 0.694722 34.155407  0.998122 0.013077 -0.059837  0.449820 0.502994 0
0  8.742908 0.531720 35.606674  0.999269 0.009538 -0.037032  0.447868 0.517535 0
toilet
0  7.233954 2.711254 26.623501  -0.143253 0.846755 0.512332  0.731735 0.413759 0
0  7.193290 2.620289 26.754734  -0.156531 0.813771 0.559710  0.732137 0.415333 0
0  7.509921 2.620266 26.802120  -0.014664 0.813064 0.581990  0.728785 0.415669 0
toilet
0  8.084089 5.278855 46.541943  0.984612 0.120809 0.126270  0.494350 0.629240 0
0  8.065270 4.559479 47.306095  0.984809 0.104091 0.138987  0.486698 0.636753 0
0  8.244333 3.925335 46.338657  0.990387 0.080155 0.112731  0.480476 0.626595 0
toilet
0  6.206784 -2.437610 25.943768  -0.567549 -0.810344 0.145710  0.727940 0.355330 0
0  6.168506 -2.437332 25.606979  -0.584748 -0.811088 -0.014357  0.727367 0.351744 0
0  6.311338 -2.543930 25.610481  -0.572668 -0.819666 -0.014125  0.729162 0.351701 0
toilet
0  6.228819 -3.911014 51.352718  -0.936235 0.143289 -0.320832  0.707586 0.704069 0
0  6.216675 -2.631145 51.848232  -0.937118 0.097924 -0.334992  0.694316 0.709041 0
0  6.648255 -2.381626 50.746609  -0.938455 0.098190 -0.331151  0.691683 0.696928 0
toilet
0  7.722772 -1.333110 28.372749  0.936519 -0.059402 -0.345547  0.430664 0.443354 0
0  7.724940 -0.000675 28.287708  0.938218 0.000264 -0.346045  0.443922 0.442794 0
0  7.935033 -0.000656 28.816208  0.950667 0.000143 -0.310214  0.443804 0.448556 0
toilet
0  6.360538 -2.543903 25.310898  -0.548729 -0.818486 -0.170223  0.729523 0.348532 0
0  6.223279 -2.437565 25.272480  -0.560038 -0.810103 -0.173467  0.727767 0.348135 0
0  6.367998 -2.437282 24.963184  -0.496427 -0.807051 -0.319734  0.729128 0.344735 0
toilet
0  6.336138 -2.437370 26.259804  -0.511557 -0.807169 0.294597  0.729464 0.358660 0
0  6.461473 -2.543949 26.195263  -0.500788 -0.815918 0.288943  0.731017 0.357767 0
0  6.650574 -2.543949 26.440609  -0.411463 -0.811875 0.414195  0.733108 0.360262 0
toilet
0  6.364166 8.865734 46.311657  -0.775979 0.572816 0.264080  0.542561 0.635228 0
0  6.331768 8.139877 47.623711  -0.782498 0.531867 0.323751  0.533525 0.649735 0
0  6.544950 8.322639 47.793365  -0.603707 0.674281 0.425303  0.530616 0.648103 0
toilet
0  8.119346 -2.366855 29.908253  0.974067 -0.075074 -0.213443  0.419848 0.459074 0
0  8.126564 -1.195255 29.617287  0.974741 -0.037972 -0.220085  0.431688 0.456608 0
0  8.300275 -1.094963 30.519672  0.986269 -0.029094 -0.162562  0.432428 0.465889 0
toilet
0  8.293663 -2.168252 30.786215  0.985917 -0.057369 -0.157085  0.421521 0.468176 0
0  8.300275 -1.094963 30.519672  0.986269 -0.029094 -0.162562  0.432428 0.465889 0
0  8.451121 -0.975925 31.589252  0.992569 -0.022440 -0.119597  0.433332 0.476780 0
toilet
0  6.721687 7.237447 31.750153  -0.784649 0.471865 -0.402082  0.526497 0.469346 0
0  6.693153 8.142799 32.944149  -0.758029 0.539292 -0.366819  0.536664 0.483126 0
0  6.915281 8.318352 32.791920  -0.579635 0.675800 -0.455321  0.533762 0.484637 0
toilet
0  8.571446 -1.663761 33.012260  0.995932 -0.034151 -0.083385  0.425934 0.490907 0
0  8.576522 -0.840198 32.807732  0.996115 -0.017289 -0.086345  0.434398 0.489112 0
0  8.674326 -0.690094 34.154259  0.998127 -0.013180 -0.059738  0.435612 0.502690 0
toilet
0  8.670158 -1.366520 34.322250  0.998009 -0.026002 -0.057458  0.428630 0.504183 0
0  8.674326 -0.690094 34.154259  0.998127 -0.013180 -0.059738  0.435612 0.502690 0
0  8.742865 -0.528179 35.605797  0.999273 -0.009638 -0.036886  0.436951 0.517301 0
toilet
0  8.739674 -1.045894 35.734371  0.999193 -0.019048 -0.035360  0.431590 0.518457 0
0  8.742865 -0.528179 35.605797  0.999273 -0.009638 -0.036886  0.436951 0.517301 0
0  8.780964 -0.357219 37.137508  0.999839 -0.006505 -0.016724  0.438385 0.532709 0
toilet
0  8.778807 -0.707363 37.224468  0.999796 -0.012797 -0.015610  0.434751 0.533498 0
0  8.780964 -0.357219 37.137508  0.999839 -0.006505 -0.016724  0.438385 0.532709 0
0  8.787960 -0.180133 38.723675  0.999989 -0.003379 0.003332  0.439881 0.548668 0
toilet
0  8.025254 7.273560 33.760941  0.965663 0.227946 -0.124640  0.517596 0.498556 0
0  7.996645 7.917367 34.926830  0.963666 0.248594 -0.097715  0.524256 0.510557 0
0  8.181260 7.252980 35.383663  0.979211 0.190712 -0.069100  0.517252 0.515396 0
toilet
0  6.764042 7.222210 46.817425  -0.999627 -0.003829 -0.027037  0.593658 0.655636 0
0  6.742353 7.309300 46.883549  -0.931643 -0.294890 -0.212325  0.592743 0.656320 0
0  6.770853 7.965428 45.699306  -0.930544 -0.318514 -0.180654  0.586133 0.644110 0
toilet
0  6.943652 7.400548 31.564751  -0.595588 0.615515 -0.516155  0.523673 0.471228 0
0  6.915281 8.318352 32.791920  -0.579635 0.675800 -0.455321  0.533762 0.484637 0
0  7.151967 8.394295 32.729340  0.013979 0.836717 -0.547458  0.531527 0.485984 0
toilet
0  6.610284 2.710713 25.103313  -0.434735 0.855868 -0.280172  0.738885 0.398327 0
0  6.735363 2.791706 25.175629  -0.383886 0.889595 -0.247492  0.737404 0.399093 0
0  6.895176 2.792591 25.001060  -0.309458 0.886541 -0.343919  0.735948 0.397185 0
toilet
0  7.447416 -5.233860 29.413734  0.723576 -0.408028 -0.556733  0.390889 0.451078 0
0  7.470809 -4.028211 28.635729  0.758184 -0.299430 -0.579222  0.403647 0.444248 0
0  7.702574 -3.916172 29.188484  0.920210 -0.185931 -0.344447  0.404529 0.450360 0
toilet
0  7.685076 -5.099145 29.897757  0.904502 -0.255942 -0.341131  0.392124 0.456663 0
0  7.702574 -3.916172 29.188484  0.920210 -0.185931 -0.344447  0.404529 0.450360 0
0  7.913641 -3.745712 29.677769  0.946980 -0.150143 -0.284052  0.406074 0.455802 0
toilet
0  8.522949 5.278450 40.329441  0.994680 0.099911 0.025112  0.496005 0.565872 0
0  8.503057 5.231034 41.138828  0.994462 0.098931 0.035459  0.495341 0.574091 0
0  8.611782 4.003655 40.951561  0.996871 0.072050 0.032517  0.482679 0.571927 0
toilet
0  7.685699 5.098004 29.897129  0.904099 0.256774 -0.341573  0.495107 0.458785 0
0  7.664295 6.231862 30.770958  0.885003 0.327650 -0.330779  0.506906 0.467384 0
0  7.877028 5.960583 31.191360  0.941493 0.237317 -0.239316  0.504004 0.472146 0
toilet
0  8.269826 4.187176 31.771706  0.984144 0.110932 -0.138400  0.485785 0.478856 0
0  8.252248 5.118451 32.489418  0.983088 0.134482 -0.124309  0.495336 0.485983 0
0  8.408313 4.562012 33.344860  0.990442 0.104141 -0.090440  0.489595 0.494847 0
toilet
0  8.611782 4.003655 40.951561  0.996871 0.072050 0.032517  0.482679 0.571927 0
0  8.596725 3.902367 41.564117  0.996728 0.070517 0.039495  0.481495 0.578106 0
0  8.682125 2.639271 41.167278  0.998278 0.047369 0.034591  0.468523 0.573820 0
toilet
0  8.657270 3.902211 39.100052  0.997487 0.070328 0.008602  0.482015 0.553177 0
0  8.642220 4.012024 39.712818  0.997250 0.072255 0.016461  0.483028 0.559393 0
0  8.712894 2.713444 39.915192  0.998641 0.048477 0.019132  0.469557 0.561207 0
toilet
0  8.656794 -3.902347 39.100529  0.997489 -0.070299 0.008623  0.401321 0.551515 0
0  8.671291 -3.739856 38.510914  0.997728 -0.067361 0.000981  0.403135 0.545602 0
0  8.732557 -2.529365 39.102314  0.998932 -0.045355 0.008761  0.415513 0.551904 0
toilet
0  8.691982 -2.713432 40.753178  0.998367 -0.048646 0.029943  0.413264 0.568499 0
0  8.702272 -2.732318 40.334354  0.998506 -0.048823 0.024534  0.413156 0.564270 0
0  8.748286 -1.379772 40.335396  0.999389 -0.024890 0.024548  0.427139 0.564592 0
toilet
0  7.412619 -7.401424 31.577198  0.653225 -0.592092 -0.471936  0.366797 0.471609 0
0  7.430780 -6.394752 30.404575  0.684898 -0.507652 -0.522688  0.378274 0.460331 0
0  7.663730 -6.227861 30.763750  0.885345 -0.327321 -0.330190  0.380053 0.464707 0
toilet
0  7.824124 -7.757843 33.311241  0.934902 -0.307535 -0.177145  0.363077 0.490375 0
0  7.851906 -6.897048 32.182610  0.938299 -0.274991 -0.209703  0.372470 0.479140 0
0  8.050589 -6.465160 32.696644  0.967643 -0.203853 -0.148696  0.376806 0.484942 0
toilet
0  6.962183 6.395848 30.403465  -0.627575 0.532022 -0.568421  0.512044 0.459290 0
0  6.943652 7.400548 31.564751  -0.595588 0.615515 -0.516155  0.523673 0.471228 0
0  7.180440 7.464390 31.495274  0.016162 0.774337 -0.632566  0.521618 0.472858 0
toilet
0  8.151897 -7.753196 36.542370  0.977998 -0.203203 -0.047219  0.362105 0.524031 0
0  8.180375 -7.253509 35.384544  0.979263 -0.190502 -0.068946  0.367668 0.512313 0
0  8.344255 -6.464977 35.925266  0.987887 -0.147621 -0.047827  0.375672 0.518279 0
toilet
0  8.180375 -7.253509 35.384544  0.979263 -0.190502 -0.068946  0.367668 0.512313 0
0  8.206820 -6.661827 34.309799  0.980558 -0.174671 -0.089415  0.374185 0.501558 0
0  8.367823 -5.937614 34.967354  0.988744 -0.135442 -0.063568  0.381436 0.508728 0
toilet
0  8.319579 6.910683 36.961849  0.987070 0.157292 -0.030849  0.513510 0.531670 0
0  8.292964 7.210370 38.045792  0.986326 0.164292 -0.013046  0.516475 0.542812 0
0  8.440358 6.207528 38.366287  0.991942 0.126615 -0.004360  0.506009 0.546008 0
toilet
0  6.584760 -2.634838 26.131840  -0.449305 -0.854972 0.259130  0.732460 0.356931 0
0  6.486583 -2.635620 25.880066  -0.498819 -0.857177 0.128171  0.731292 0.354395 0
0  6.633316 -2.716850 25.846664  -0.438862 -0.891452 0.112754  0.732908 0.353942 0
toilet
0  7.913951 3.752297 29.683231  0.947016 0.149971 -0.284023  0.481288 0.457399 0
0  7.897499 4.876080 30.355564  0.944511 0.195919 -0.263655  0.492778 0.463918 0
0  8.093325 4.570729 30.984009  0.971412 0.144820 -0.188113  0.489679 0.470636 0
toilet
0  8.552763 -3.213695 33.768845  0.995217 -0.065901 -0.072117  0.409839 0.497909 0
0  8.563791 -2.468135 33.321838  0.995571 -0.050757 -0.079129  0.417618 0.493720 0
0  8.663872 -2.027179 34.576515  0.997798 -0.038519 -0.053991  0.421780 0.506522 0
toilet
0  8.598759 -4.571441 37.220284  0.996066 -0.086800 -0.017831  0.394861 0.532268 0
0  8.615425 -4.198535 36.542938  0.996458 -0.079599 -0.027122  0.398891 0.525546 0
0  8.697783 -3.213424 37.434010  0.998227 -0.058079 -0.013065  0.408828 0.534893 0
toilet
0  8.732557 -2.529365 39.102314  0.998932 -0.045355 0.008761  0.415513 0.551904 0
0  8.741848 -2.366352 38.724594  0.999090 -0.042459 0.003924  0.417281 0.548143 0
0  8.768278 -1.194393 39.522209  0.999667 -0.021625 0.014072  0.429225 0.556457 0
toilet
0  8.750687 2.173756 38.375866  0.999242 0.038909 -0.000661  0.464286 0.545613 0
0  8.742136 2.366162 38.724308  0.999091 0.042448 0.003892  0.466207 0.549151 0
0  8.768424 1.194332 39.522026  0.999670 0.021499 0.014057  0.453930 0.556965 0
toilet
0  6.644792 2.792786 25.390457  -0.433340 0.891144 -0.134453  0.738293 0.401290 0
0  6.598679 2.791825 25.617531  -0.451278 0.892313 -0.011183  0.738563 0.403629 0
0  6.753175 2.862511 25.621323  -0.356905 0.934099 -0.008827  0.736881 0.403588 0
toilet
0  7.849834 4.188244 48.864559  0.976295 0.110482 0.186122  0.482391 0.652641 0
0  7.835464 3.216580 49.447056  0.976680 0.084695 0.197291  0.472269 0.658196 0
0  8.036840 2.866894 48.459015  0.985229 0.065554 0.158196  0.468993 0.647875 0
toilet
0  7.110644 6.421082 32.709438  -0.999757 -0.003340 -0.021784  0.603349 0.511060 0
0  7.092338 6.504845 32.637959  -0.943948 -0.264246 0.197830  0.602484 0.510310 0
0  7.115901 5.616902 31.698715  -0.947165 -0.227960 0.225640  0.611691 0.500779 0
toilet
0  6.915281 8.318352 32.791920  -0.579635 0.675800 -0.455321  0.533762 0.484637 0
0  6.880994 9.064034 34.118824  -0.576294 0.727155 -0.373002  0.542055 0.499107 0
0  7.117240 9.142239 34.071381  0.010769 0.896204 -0.443511  0.539693 0.500177 0
toilet
0  6.263987 6.228447 49.819473  -0.992413 0.095045 0.077989  0.511309 0.674525 0
0  6.276585 6.252289 49.857079  -0.797945 0.416213 0.435948  0.510953 0.674217 0
0  6.302513 7.238499 48.809673  -0.790295 0.478781 0.382364  0.522840 0.662917 0
toilet
0  6.773462 -3.932413 29.079252  -0.914472 -0.176510 -0.364122  0.398623 0.435781 0
0  6.785188 -2.649372 28.581436  -0.921913 -0.112773 -0.370619  0.413391 0.429878 0
0  7.022469 -2.709583 28.090786  -0.705312 -0.209465 -0.677244  0.415822 0.434877 0
toilet
0  7.888475 5.922734 47.296154  0.975353 0.156182 0.155866  0.500753 0.637339 0
0  7.867361 5.115613 48.153515  0.975847 0.134296 0.172299  0.492139 0.645756 0
0  8.065270 4.559479 47.306095  0.984809 0.104091 0.138987  0.486698 0.636753 0
toilet
0  6.758018 -5.117921 29.799475  -0.892668 -0.258292 -0.369364  0.384852 0.443845 0
0  6.773462 -3.932413 29.079252  -0.914472 -0.176510 -0.364122  0.398623 0.435781 0
0  7.000939 -4.028183 28.624187  -0.687549 -0.315619 -0.653958  0.401838 0.439857 0
toilet
0  8.237043 7.464859 40.322285  0.985103 0.170088 0.025357  0.518711 0.566233 0
0  8.208914 7.397805 41.466938  0.984722 0.168743 0.042995  0.517768 0.577976 0
0  8.367998 6.368908 41.311615  0.990745 0.130062 0.038834  0.507099 0.576118 0
toilet
0  7.702901 3.923073 29.194195  0.919964 0.186125 -0.344999  0.483059 0.452023 0
0  7.685699 5.098004 29.897129  0.904099 0.256774 -0.341573  0.495107 0.458785 0
0  7.897499 4.876080 30.355564  0.944511 0.195919 -0.263655  0.492778 0.463918 0
toilet
0  8.626513 -4.039932 40.332573  0.997047 -0.072780 0.024506  0.399635 0.563943 0
0  8.641799 -4.011989 39.710526  0.997242 -0.072372 0.016468  0.400054 0.557655 0
0  8.712609 -2.713420 39.913647  0.998635 -0.048588 0.019140  0.413438 0.560033 0
toilet
0  8.671291 -3.739856 38.510914  0.997728 -0.067361 0.000981  0.403135 0.545602 0
0  8.685028 -3.498828 37.952427  0.997979 -0.063241 -0.006264  0.405756 0.540034 0
0  8.741848 -2.366352 38.724594  0.999090 -0.042459 0.003924  0.417281 0.548143 0
toilet
0  8.742136 2.366162 38.724308  0.999091 0.042448 0.003892  0.466207 0.549151 0
0  8.732815 2.529480 39.104015  0.998942 0.045137 0.008783  0.467820 0.553001 0
0  8.763707 1.276184 39.714165  0.999595 0.023170 0.016540  0.454737 0.558913 0
toilet
0  6.644526 -2.716827 25.390381  -0.432814 -0.891425 -0.134288  0.732796 0.349281 0
0  6.735124 -2.715736 25.175491  -0.383257 -0.890045 -0.246850  0.733686 0.347084 0
0  6.867243 -2.786300 25.251949  -0.302516 -0.932875 -0.195518  0.735167 0.347850 0
toilet
0  7.046731 -9.063820 46.464108  0.610837 -0.705078 0.360198  0.345197 0.627460 0
0  7.082433 -9.689438 45.009590  0.606555 -0.744987 0.277642  0.338740 0.612097 0
0  7.316344 -9.440048 44.893970  0.841037 -0.503522 0.197796  0.342089 0.610550 0
toilet
0  7.080919 9.774193 35.537918  0.008165 0.942865 -0.333074  0.546349 0.515866 0
0  7.043589 10.197063 37.071377  0.005489 0.975191 -0.221296  0.550961 0.532251 0
0  7.277843 10.109802 37.104702  0.614054 0.772828 -0.160236  0.548453 0.532916 0
toilet
0  6.721582 6.448136 50.167427  -0.018227 0.668302 0.743667  0.506763 0.669919 0
0  6.699492 5.279213 51.063675  -0.020296 0.561089 0.827507  0.494195 0.678840 0
0  6.936687 5.234036 50.977291  0.634240 0.427317 0.644314  0.492979 0.676503 0
toilet
0  7.600974 -1.203220 51.007885  0.962738 -0.037962 0.267760  0.426964 0.673159 0
0  7.607996 -2.365555 50.719193  0.962398 -0.075435 0.260959  0.415203 0.670105 0
0  7.825224 -2.167061 49.850822  0.977027 -0.057604 0.205181  0.417360 0.661045 0
toilet
0  7.353903 9.849960 43.412071  0.839919 0.526163 0.132995  0.543648 0.599286 0
0  7.317249 9.457546 44.902882  0.841062 0.503493 0.197762  0.538830 0.614686 0
0  7.545087 9.045853 44.708122  0.922741 0.355976 0.147747  0.534248 0.612258 0
toilet
0  6.758542 -5.086114 29.912001  -0.948113 0.188646 0.255918  0.721984 0.483071 0
0  6.736047 -6.209617 30.773949  -0.945592 0.228162 0.231944  0.733501 0.492074 0
0  7.115612 -5.612871 31.692766  -0.947094 0.228637 0.225253  0.726802 0.501894 0
toilet
0  8.780964 -0.357219 37.137508  0.999839 -0.006505 -0.016724  0.438385 0.532709 0
0  8.781544 -0.000198 37.114719  0.999857 -0.000035 -0.016938  0.442076 0.532560 0
0  8.788248 -0.000087 38.712414  0.999995 -0.000045 0.003272  0.441745 0.548594 0
toilet
0  8.414794 3.732705 44.727409  0.993895 0.071085 0.084380  0.478950 0.610128 0
0  8.401487 3.224034 45.267750  0.993907 0.061052 0.091768  0.473562 0.615454 0
0  8.534042 2.467564 44.111694  0.996296 0.044537 0.073561  0.466064 0.603517 0
toilet
0  8.543879 -2.856449 43.698483  0.996333 -0.051792 0.068098  0.411229 0.598225 0
0  8.555421 -3.214038 43.227837  0.996384 -0.058035 0.062063  0.407619 0.593404 0
0  8.654190 -2.173748 42.292500  0.998000 -0.039025 0.049732  0.418538 0.584139 0
toilet
0  8.568491 3.498845 42.712223  0.996468 0.062865 0.055668  0.477053 0.589629 0
0  8.555746 3.212376 43.230179  0.996395 0.057878 0.062027  0.473968 0.594797 0
0  8.654411 2.172619 42.294079  0.998008 0.038857 0.049703  0.463449 0.585082 0
toilet
0  8.596249 -3.902194 41.564598  0.996701 -0.070401 0.040388  0.400811 0.576445 0
0  8.611298 -4.012004 40.951832  0.996850 -0.072327 0.032530  0.399796 0.570218 0
0  8.691982 -2.713432 40.753178  0.998367 -0.048646 0.029943  0.413264 0.568499 0
toilet
0  8.727930 -2.020221 36.209972  0.998911 -0.036605 -0.028916  0.421437 0.522949 0
0  8.734863 -1.551544 35.928974  0.999078 -0.028042 -0.032521  0.426335 0.520267 0
0  8.775553 -1.049354 37.356083  0.999726 -0.018918 -0.013805  0.431191 0.534734 0
toilet
0  8.615425 -4.198535 36.542938  0.996458 -0.079599 -0.027122  0.398891 0.525546 0
0  8.630462 -3.732681 35.932125  0.996854 -0.070920 -0.035391  0.403860 0.519547 0
0  8.709291 -2.856868 36.966518  0.998480 -0.051716 -0.019071  0.412622 0.530296 0
toilet
0  6.460208 10.105690 41.843021  -0.988519 0.150896 -0.007837  0.559164 0.584827 0
0  6.474023 10.145672 41.849789  -0.759470 0.648363 0.053202  0.558728 0.584790 0
0  6.512619 10.237686 40.279697  -0.757045 0.653209 -0.014141  0.560111 0.566920 0
toilet
0  7.004319 10.483833 38.672661  0.002805 0.993759 -0.111516  0.553717 0.549456 0
0  6.964506 10.556976 40.290821  -0.000128 0.999978 0.006554  0.554356 0.566797 0
0  7.199437 10.466648 40.296597  0.605439 0.795631 0.020375  0.551765 0.566754 0
toilet
0  7.043589 10.197063 37.071377  0.005489 0.975191 -0.221296  0.550961 0.532251 0
0  7.004319 10.483833 38.672661  0.002805 0.993759 -0.111516  0.553717 0.549456 0
0  7.238906 10.393963 38.692322  0.608220 0.790341 -0.073687  0.551162 0.549766 0
toilet
0  6.576862 -9.063793 46.452564  -0.595221 -0.727434 0.341398  0.340566 0.629814 0
0  6.612563 -9.689407 44.998047  -0.586653 -0.768182 0.256387  0.333892 0.613834 0
0  6.846494 -9.773033 45.044487  -0.008248 -0.942868 0.333066  0.336351 0.613074 0
toilet
0  6.693153 8.142799 32.944149  -0.758029 0.539292 -0.366819  0.536664 0.483126 0
0  6.660588 8.864960 34.247948  -0.758818 0.577593 -0.300967  0.545143 0.497919 0
0  6.880994 9.064034 34.118824  -0.576294 0.727155 -0.373002  0.542055 0.499107 0
toilet
0  7.726315 9.420818 37.333420  0.926405 0.371477 -0.061472  0.539992 0.535502 0
0  7.689981 9.685928 38.812756  0.924354 0.381018 -0.019877  0.542516 0.550990 0
0  7.898803 9.079384 38.911610  0.958899 0.283633 -0.008117  0.535939 0.551944 0
toilet
0  7.932861 8.830872 37.524899  0.960241 0.276427 -0.039069  0.533573 0.537507 0
0  7.898803 9.079384 38.911610  0.958899 0.283633 -0.008117  0.535939 0.551944 0
0  8.091628 8.317478 39.034061  0.976101 0.217315 -0.000284  0.527866 0.553110 0
toilet
0  8.104773 -5.938758 45.672947  0.984425 -0.135482 0.112034  0.379119 0.618084 0
0  8.128132 -6.464427 44.720997  0.984342 -0.147639 0.096295  0.373780 0.608310 0
0  8.298452 -5.565353 44.113106  0.990244 -0.114097 0.079991  0.383178 0.602117 0
toilet
0  6.758644 5.116883 29.798843  -0.891594 0.260510 -0.370397  0.502894 0.446300 0
0  6.742454 6.255631 30.694901  -0.843035 0.369020 -0.391302  0.515384 0.457188 0
0  6.962183 6.395848 30.403465  -0.627575 0.532022 -0.568421  0.512044 0.459290 0
toilet
0  8.440358 6.207528 38.366287  0.991942 0.126615 -0.004360  0.506009 0.546008 0
0  8.416420 6.382218 39.341053  0.991398 0.130515 0.009801  0.507644 0.555988 0
0  8.542828 5.241967 39.520340  0.994979 0.099189 0.013384  0.495793 0.557641 0
toilet
0  8.367823 -5.937614 34.967354  0.988744 -0.135442 -0.063568  0.381436 0.508728 0
0  8.389088 -5.278789 34.103535  0.989620 -0.120778 -0.077874  0.388517 0.500246 0
0  8.523113 -4.544612 34.972324  0.994119 -0.093527 -0.054591  0.395782 0.509475 0
toilet
0  8.664039 2.030705 34.579472  0.997796 0.038441 -0.054086  0.463470 0.507412 0
0  8.655135 2.638894 34.943336  0.997536 0.050233 -0.048977  0.469673 0.511113 0
0  8.728176 2.019715 36.209728  0.998912 0.036579 -0.028933  0.463094 0.523807 0
toilet
0  8.643764 -3.223804 35.391933  0.997207 -0.061175 -0.042841  0.409252 0.514292 0
0  8.654814 -2.639541 34.943661  0.997526 -0.050329 -0.049086  0.415386 0.509996 0
0  8.727930 -2.020221 36.209972  0.998911 -0.036605 -0.028916  0.421437 0.522949 0
toilet
0  7.193290 2.620289 26.754734  -0.156531 0.813771 0.559710  0.732137 0.415333 0
0  7.152527 2.517300 26.886295  -0.163407 0.795491 0.583517  0.732576 0.417030 0
0  7.506545 2.517273 26.939278  -0.014866 0.794465 0.607128  0.728743 0.417428 0
toilet
0  6.924715 10.462173 41.909599  -0.002681 0.993772 0.111398  0.552956 0.584140 0
0  6.885378 10.197460 43.510303  -0.005099 0.977798 0.209487  0.549613 0.601222 0
0  7.120985 10.110207 43.488541  0.605041 0.775399 0.180779  0.547130 0.600472 0
toilet
0  6.964506 10.556976 40.290821  -0.000128 0.999978 0.006554  0.554356 0.566797 0
0  6.924715 10.462173 41.909599  -0.002681 0.993772 0.111398  0.552956 0.584140 0
0  7.159986 10.372688 41.901535  0.604124 0.790166 0.103306  0.550404 0.583743 0
toilet
0  7.199437 10.466648 40.296597  0.605439 0.795631 0.020375  0.551765 0.566754 0
0  7.159986 10.372688 41.901535  0.604124 0.790166 0.103306  0.550404 0.583743 0
0  7.391910 10.105633 41.865917  0.839462 0.537396 0.080675  0.546808 0.583122 0
toilet
0  7.430335 10.197227 40.302288  0.840353 0.541496 0.024280  0.548118 0.566700 0
0  7.391910 10.105633 41.865917  0.839462 0.537396 0.080675  0.546808 0.583122 0
0  7.616498 9.665730 41.803356  0.922160 0.381269 0.065227  0.541774 0.582229 0
toilet
0  6.354705 8.804482 46.266350  -0.928085 -0.323191 -0.184949  0.576763 0.650295 0
0  6.350938 8.831497 46.287071  -0.990631 0.130721 0.039515  0.576482 0.650507 0
0  6.385549 9.457596 44.879982  -0.989293 0.143831 0.024726  0.570171 0.635921 0
toilet
0  7.864373 9.142570 40.313023  0.957891 0.285997 0.025491  0.536380 0.566517 0
0  7.829922 9.060444 41.714931  0.957292 0.283805 0.055191  0.535221 0.581060 0
0  8.028526 8.300137 41.602146  0.974791 0.217841 0.048238  0.527187 0.579634 0
toilet
0  8.051376 6.464314 32.695850  0.967686 0.203782 -0.148516  0.509250 0.487670 0
0  8.025254 7.273560 33.760941  0.965663 0.227946 -0.124640  0.517596 0.498556 0
0  8.207467 6.663193 34.315609  0.980514 0.174858 -0.089533  0.511207 0.504447 0
toilet
0  6.451961 -2.634903 25.613930  -0.512896 -0.858357 -0.012679  0.730844 0.351660 0
0  6.499610 -2.635586 25.349819  -0.491894 -0.857181 -0.152581  0.731160 0.348907 0
0  6.644526 -2.716827 25.390381  -0.432814 -0.891425 -0.134288  0.732796 0.349281 0
toilet
0  8.391432 -6.426589 40.326942  0.990975 -0.131815 0.024350  0.374922 0.563319 0
0  8.415750 -6.382156 39.337418  0.991457 -0.130059 0.009879  0.375602 0.553220 0
0  8.542278 -5.241924 39.517349  0.994986 -0.099114 0.013421  0.387373 0.555370 0
toilet
0  8.522305 -5.278415 40.330090  0.994676 -0.100110 0.024452  0.386821 0.563622 0
0  8.542278 -5.241924 39.517349  0.994986 -0.099114 0.013421  0.387373 0.555370 0
0  8.641799 -4.011989 39.710526  0.997242 -0.072372 0.016468  0.400054 0.557655 0
toilet
0  7.318151 -2.716415 24.782467  -0.104297 -0.882284 -0.459017  0.739337 0.342725 0
0  7.282520 -2.635177 24.643707  -0.118194 -0.845906 -0.520070  0.738859 0.341172 0
0  7.563752 -2.634411 24.611507  0.013150 -0.845328 -0.534086  0.741752 0.340743 0
toilet
0  8.702272 -2.732318 40.334354  0.998506 -0.048823 0.024534  0.413156 0.564270 0
0  8.712609 -2.713420 39.913647  0.998635 -0.048588 0.019140  0.413438 0.560033 0
0  8.753498 -1.369369 40.123283  0.999453 -0.024909 0.021766  0.427290 0.562460 0
toilet
0  6.783342 2.638626 28.674065  -0.999702 -0.013639 0.020263  0.475477 0.430355 0
0  6.785501 2.648274 28.581127  -0.921867 0.113788 -0.370423  0.474965 0.431160 0
0  6.793266 1.347698 28.255802  -0.923545 0.056397 -0.379320  0.459904 0.427182 0
toilet
0  7.237971 -4.059379 28.633038  0.021732 -0.465986 -0.884525  0.402475 0.442198 0
0  7.259563 -2.732979 28.096581  0.023361 -0.317172 -0.948080  0.416216 0.437282 0
0  7.492339 -2.709617 28.102333  0.786100 -0.196192 -0.586136  0.417035 0.439519 0
toilet
0  7.037003 1.380356 27.747955  -0.704965 0.104651 -0.701479  0.458463 0.432668 0
0  7.022799 2.708298 28.090458  -0.698288 0.213300 -0.683298  0.472319 0.436045 0
0  7.270250 2.731659 28.096344  0.023483 0.319434 -0.947317  0.471795 0.438532 0
toilet
0  6.659507 -8.865448 34.249031  -0.757899 -0.578550 -0.301444  0.340520 0.493698 0
0  6.692397 -8.140907 32.937302  -0.757462 -0.539879 -0.367125  0.349653 0.479200 0
0  6.914311 -8.316093 32.786366  -0.579400 -0.676007 -0.455313  0.352477 0.480831 0
toilet
0  6.715525 -6.504627 47.942028  -0.932993 0.264329 -0.244244  0.734249 0.668620 0
0  6.737330 -6.420867 47.871536  -0.999621 0.003484 -0.027328  0.733384 0.667871 0
0  6.763320 -7.225265 46.811806  -0.999627 0.004007 -0.027000  0.741741 0.657090 0
toilet
0  6.321795 -8.087265 47.564522  -0.929676 0.296442 -0.218689  0.751150 0.665462 0
0  6.292675 -7.188552 48.747623  -0.931028 0.265730 -0.250149  0.741741 0.677571 0
0  6.715525 -6.504627 47.942028  -0.932993 0.264329 -0.244244  0.734249 0.668620 0
toilet
0  6.267921 6.209393 49.788311  -0.933131 -0.227531 -0.278382  0.603230 0.686882 0
0  6.263987 6.228447 49.819473  -0.992413 0.095045 0.077989  0.603031 0.687202 0
0  6.289696 7.211140 48.775608  -0.991967 0.108337 0.065306  0.592974 0.676341 0
toilet
0  7.151209 -3.528845 30.274759  -0.952460 0.144532 0.268197  0.705584 0.487147 0
0  7.134734 -4.601703 30.916954  -0.950016 0.187997 0.249251  0.716517 0.493835 0
0  7.151791 -4.539844 31.008327  -0.999770 0.002400 -0.021293  0.715864 0.494776 0
toilet
0  7.925565 2.523705 29.207634  0.949038 0.102031 -0.298188  0.468937 0.452702 0
0  7.913951 3.752297 29.683231  0.947016 0.149971 -0.284023  0.481288 0.457399 0
0  8.108748 3.517315 30.353779  0.972878 0.110822 -0.203045  0.478925 0.464466 0
toilet
0  6.576907 -9.818977 37.181900  -0.930543 0.361239 0.059958  0.770160 0.558535 0
0  6.539240 -10.094635 38.715851  -0.928911 0.369812 0.019086  0.772841 0.574390 0
0  6.937041 -9.131256 38.874748  -0.931497 0.363344 0.017132  0.762138 0.575906 0
toilet
0  8.518656 1.551545 44.735645  0.996258 0.028039 0.081760  0.456472 0.609588 0
0  8.513844 1.045906 44.930279  0.996261 0.018899 0.084300  0.451219 0.611430 0
0  8.626070 0.707379 43.443905  0.997822 0.012702 0.064736  0.448060 0.596340 0
toilet
0  6.902143 -9.195099 40.290520  -0.930196 0.366350 -0.022877  0.762646 0.590433 0
0  6.923433 -9.085567 40.291042  -0.999686 0.005022 -0.024567  0.761502 0.590422 0
0  6.957870 -9.022640 38.889652  -0.999699 0.005080 -0.024006  0.761003 0.576044 0
toilet
0  7.653251 9.753342 40.307793  0.922891 0.384230 0.025276  0.543016 0.566622 0
0  7.616498 9.665730 41.803356  0.922160 0.381269 0.065227  0.541774 0.582229 0
0  7.829922 9.060444 41.714931  0.957292 0.283805 0.055191  0.535221 0.581060 0
toilet
0  8.049193 -3.731910 47.940296  0.985026 -0.085676 0.149613  0.401609 0.641328 0
0  8.064861 -4.561950 47.300610  0.984793 -0.104259 0.138973  0.393153 0.634766 0
0  8.243980 -3.927471 46.333931  0.990376 -0.080312 0.112720  0.399793 0.624881 0
toilet
0  7.025161 8.409859 36.193233  -0.999726 -0.004582 -0.022940  0.582592 0.546568 0
0  7.005316 8.511772 36.150452  -0.935535 -0.340330 0.094606  0.581533 0.546117 0
0  7.036653 7.964905 34.879986  -0.938091 -0.320010 0.132584  0.587273 0.533144 0
toilet
0  6.302513 7.238499 48.809673  -0.790295 0.478781 0.382364  0.522840 0.662917 0
0  6.276585 6.252289 49.857079  -0.797945 0.416213 0.435948  0.510953 0.674217 0
0  6.488720 6.392983 50.077164  -0.623108 0.531427 0.573865  0.508501 0.671843 0
toilet
0  6.679674 -8.085842 32.988453  -0.939326 0.296362 0.172729  0.752670 0.515098 0
0  6.647828 -8.804264 34.293934  -0.935880 0.324441 0.137357  0.759970 0.528636 0
0  7.035687 -7.965354 34.880951  -0.938036 0.320388 0.132064  0.750600 0.534822 0
toilet
0  6.322613 8.083305 47.570404  -0.929698 -0.296397 -0.218655  0.584090 0.663817 0
0  6.354705 8.804482 46.266350  -0.928085 -0.323191 -0.184949  0.576763 0.650295 0
0  6.770853 7.965428 45.699306  -0.930544 -0.318514 -0.180654  0.586133 0.644110 0
toilet
0  6.611382 9.440262 35.688961  -0.987317 0.141178 -0.072622  0.552400 0.514149 0
0  6.625585 9.477600 35.670776  -0.759914 0.607843 -0.230341  0.551963 0.514246 0
0  6.660588 8.864960 34.247948  -0.758818 0.577593 -0.300967  0.545143 0.497919 0
toilet
0  7.722875 1.342156 28.374966  0.936586 0.059092 -0.345421  0.457250 0.443925 0
0  7.715042 2.638569 28.696957  0.930208 0.121311 -0.346405  0.470163 0.447108 0
0  7.925565 2.523705 29.207634  0.949038 0.102031 -0.298188  0.468937 0.452702 0
toilet
0  6.625585 9.477600 35.670776  -0.759914 0.607843 -0.230341  0.551963 0.514246 0
0  6.589282 9.888405 37.157249  -0.757214 0.633041 -0.160893  0.556709 0.531222 0
0  6.807973 10.109833 37.093159  -0.571945 0.796875 -0.194601  0.553499 0.531746 0
toilet
0  7.276609 -10.110020 37.105934  0.613860 -0.772904 -0.160609  0.335770 0.528532 0
0  7.314168 -9.689041 35.578388  0.619359 -0.745086 -0.247469  0.340942 0.512606 0
0  7.542113 -9.439667 35.705521  0.849674 -0.503635 -0.156225  0.344209 0.514323 0
toilet
0  7.237761 -10.394085 38.686298  0.608188 -0.790374 -0.073594  0.332370 0.545180 0
0  7.276609 -10.110020 37.105934  0.613860 -0.772904 -0.160609  0.335770 0.528532 0
0  7.505521 -9.849808 37.193748  0.845873 -0.524269 -0.098189  0.339249 0.529734 0
toilet
0  7.084653 7.225491 33.769165  -0.999747 -0.003900 -0.022133  0.594992 0.521840 0
0  7.066041 7.313538 33.701382  -0.940984 -0.294438 0.166896  0.594081 0.521130 0
0  7.092338 6.504845 32.637959  -0.943948 -0.264246 0.197830  0.602484 0.510310 0
toilet
0  6.318771 8.108437 47.594444  -0.990925 0.123166 0.053822  0.533935 0.649936 0
0  6.331768 8.139877 47.623711  -0.782498 0.531867 0.323751  0.533525 0.649735 0
0  6.364166 8.865734 46.311657  -0.775979 0.572816 0.264080  0.542561 0.635228 0
toilet
0  6.674669 4.601914 49.663078  -0.936041 -0.187853 -0.297553  0.620213 0.685097 0
0  6.693785 5.613427 48.887512  -0.934583 -0.228787 -0.272417  0.609926 0.677040 0
0  6.715199 5.546189 48.801216  -0.999612 -0.002843 -0.027717  0.610634 0.676144 0
toilet
0  6.331768 8.139877 47.623711  -0.782498 0.531867 0.323751  0.533525 0.649735 0
0  6.302513 7.238499 48.809673  -0.790295 0.478781 0.382364  0.522840 0.662917 0
0  6.515106 7.401634 49.005737  -0.613930 0.609902 0.501108  0.520112 0.660905 0
toilet
0  6.900184 2.620293 26.631432  -0.289144 0.816654 0.499472  0.735276 0.414170 0
0  6.824817 2.517315 26.748425  -0.301826 0.798314 0.521148  0.736160 0.415694 0
0  7.152527 2.517300 26.886295  -0.163407 0.795491 0.583517  0.732576 0.417030 0
toilet
0  6.693036 -5.616683 48.881302  -0.934574 0.228482 -0.272704  0.725043 0.678152 0
0  6.714715 -5.548622 48.794025  -0.999608 0.002820 -0.027846  0.724343 0.677232 0
0  6.737330 -6.420867 47.871536  -0.999621 0.003484 -0.027328  0.733384 0.667871 0
toilet
0  6.693036 -5.616683 48.881302  -0.934574 0.228482 -0.272704  0.725043 0.678152 0
0  6.674099 -4.600563 49.663612  -0.936026 0.188179 -0.297395  0.714544 0.686066 0
0  6.695630 -4.538650 49.573215  -0.999608 0.002354 -0.027909  0.713910 0.685113 0
toilet
0  6.648901 8.803783 34.292866  -0.935911 -0.324372 0.137308  0.578032 0.526767 0
0  6.680485 8.087688 32.995525  -0.939318 -0.296360 0.172776  0.585581 0.513465 0
0  7.066041 7.313538 33.701382  -0.940984 -0.294438 0.166896  0.594081 0.521130 0
toilet
0  8.451121 -0.975925 31.589252  0.992569 -0.022440 -0.119597  0.433332 0.476780 0
0  8.452708 -0.000515 31.527000  0.992681 0.000025 -0.120767  0.443233 0.476402 0
0  8.577888 -0.000457 32.754139  0.996188 0.000007 -0.087234  0.442978 0.488782 0
toilet
0  6.511368 -10.237415 40.280994  -0.757319 -0.652780 -0.018616  0.322685 0.562010 0
0  6.497391 -10.197018 40.280643  -0.988292 -0.150635 -0.024266  0.322249 0.561999 0
0  6.535974 -10.126507 38.710545  -0.987513 -0.152155 -0.040819  0.323647 0.544032 0
toilet
0  7.171644 -0.000526 29.463959  -0.955708 -0.000131 0.294317  0.669506 0.478468 0
0  7.169691 -1.201130 29.540585  -0.955356 0.049608 0.291264  0.681803 0.479384 0
0  7.185359 -1.186515 29.650246  -0.999785 0.000660 -0.020725  0.681639 0.480517 0
toilet
0  6.242028 -5.097789 50.685802  -0.993375 -0.076622 0.085642  0.719923 0.697330 0
0  6.245963 -5.083362 50.651279  -0.934467 0.188484 -0.302067  0.719779 0.696972 0
0  6.267365 -6.212585 49.780853  -0.933051 0.227760 -0.278462  0.731537 0.688116 0
toilet
0  6.550086 -10.166573 38.704575  -0.756220 -0.648065 -0.090238  0.324082 0.544073 0
0  6.588075 -9.888527 37.158455  -0.756774 -0.633441 -0.161385  0.327591 0.526494 0
0  6.806740 -10.109993 37.094391  -0.571864 -0.796803 -0.195133  0.330776 0.527153 0
toilet
0  6.276585 6.252289 49.857079  -0.797945 0.416213 0.435948  0.510953 0.674217 0
0  6.255106 5.118344 50.726162  -0.805441 0.344426 0.482323  0.497771 0.683768 0
0  6.466818 5.234063 50.965744  -0.633401 0.442371 0.634911  0.495662 0.681014 0
toilet
0  7.543081 9.440201 35.711849  0.850039 0.503058 -0.156100  0.540620 0.518450 0
0  7.506723 9.849575 37.192547  0.845983 0.524117 -0.098052  0.544927 0.533973 0
0  7.726315 9.420818 37.333420  0.926405 0.371477 -0.061472  0.539992 0.535502 0
toilet
0  8.049650 3.732922 47.939838  0.985041 0.085428 0.149652  0.478017 0.642901 0
0  8.036840 2.866894 48.459015  0.985229 0.065554 0.158196  0.468993 0.647875 0
0  8.219856 2.468155 47.331226  0.990556 0.050458 0.127485  0.465232 0.636200 0
toilet
0  6.680485 8.087688 32.995525  -0.939318 -0.296360 0.172776  0.585581 0.513465 0
0  6.709646 7.188824 31.812569  -0.942250 -0.265729 0.203846  0.594993 0.501358 0
0  7.092338 6.504845 32.637959  -0.943948 -0.264246 0.197830  0.602484 0.510310 0
toilet
0  6.785188 -2.649372 28.581436  -0.921913 -0.112773 -0.370619  0.413391 0.429878 0
0  6.793276 -1.338241 28.253738  -0.923246 -0.056512 -0.380030  0.428718 0.426526 0
0  7.037609 -1.369655 27.746387  -0.709323 -0.103517 -0.697241  0.429936 0.432064 0
toilet
0  7.116126 -9.142799 34.072495  0.010912 -0.896284 -0.443347  0.345872 0.496180 0
0  7.150798 -8.392006 32.723194  0.013325 -0.836541 -0.547743  0.354656 0.482264 0
0  7.384181 -8.316128 32.797913  0.633793 -0.654751 -0.411834  0.356636 0.483988 0
toilet
0  6.216998 2.632847 51.847912  -0.937138 -0.097370 -0.335099  0.639965 0.708483 0
0  6.213007 2.640076 51.885651  -0.994443 0.039389 0.097631  0.639887 0.708872 0
0  6.225153 3.916336 51.394386  -0.993701 0.059753 0.094803  0.626759 0.703673 0
toilet
0  7.925258 -2.524959 29.207943  0.949052 -0.101651 -0.298275  0.418524 0.451666 0
0  7.932959 -1.275089 28.897541  0.950130 -0.051441 -0.307583  0.431104 0.449071 0
0  8.126564 -1.195255 29.617287  0.974741 -0.037972 -0.220085  0.431688 0.456608 0
toilet
0  7.828496 2.620247 26.770348  0.128951 0.813771 0.566700  0.725453 0.415172 0
0  7.862736 2.517254 26.903748  0.134649 0.795474 0.590839  0.724933 0.416846 0
0  8.196823 2.517228 26.782131  0.275959 0.798277 0.535351  0.721418 0.415339 0
toilet
0  8.390442 2.639565 45.715874  0.993938 0.050074 0.097875  0.467428 0.619824 0
0  8.381384 2.027195 46.082989  0.993947 0.038400 0.102931  0.461036 0.623367 0
0  8.518656 1.551545 44.735645  0.996258 0.028039 0.081760  0.456472 0.609588 0
toilet
0  8.059906 2.710537 26.544842  0.241566 0.849412 0.469196  0.723258 0.412482 0
0  8.127305 2.620220 26.661587  0.263610 0.816757 0.513243  0.722375 0.413859 0
0  8.385985 2.620194 26.483246  0.382936 0.820071 0.425258  0.719764 0.411832 0
toilet
0  6.706332 -7.210876 31.784431  -0.990573 -0.093990 -0.099656  0.743755 0.502588 0
0  6.708770 -7.189609 31.813450  -0.942196 0.265829 0.203963  0.743534 0.502884 0
0  6.736047 -6.209617 30.773949  -0.945592 0.228162 0.231944  0.733501 0.492074 0
toilet
0  7.280375 1.391888 27.753765  0.024539 0.160453 -0.986738  0.458185 0.435114 0
0  7.270250 2.731659 28.096344  0.023483 0.319434 -0.947317  0.471795 0.438532 0
0  7.492670 2.708279 28.102001  0.791227 0.195272 -0.579507  0.470915 0.440631 0
toilet
0  6.237113 -3.937717 51.432072  -0.811625 -0.266089 0.520059  0.393728 0.689267 0
0  6.254483 -5.116767 50.726788  -0.805359 -0.345076 0.481994  0.380193 0.681335 0
0  6.466179 -5.232486 50.966389  -0.633197 -0.443173 0.634554  0.382416 0.678674 0
toilet
0  6.795584 -0.000621 28.167980  -0.924135 0.000127 -0.382067  0.444283 0.425450 0
0  6.793266 1.347698 28.255802  -0.923545 0.056397 -0.379320  0.459904 0.427182 0
0  7.037003 1.380356 27.747955  -0.704965 0.104651 -0.701479  0.458463 0.432668 0
toilet
0  7.173726 -5.097843 50.708694  0.857125 -0.280588 0.431981  0.387059 0.670770 0
0  7.195130 -6.231700 49.834866  0.853315 -0.339039 0.396115  0.375441 0.661774 0
0  7.428286 -5.960445 49.425419  0.928593 -0.237395 0.285234  0.378463 0.657129 0
toilet
0  6.792740 7.867272 45.650970  -0.999638 -0.004095 -0.026606  0.587163 0.643611 0
0  6.770853 7.965428 45.699306  -0.930544 -0.318514 -0.180654  0.586133 0.644110 0
0  6.801896 8.526962 44.437309  -0.929866 -0.340038 -0.140437  0.580513 0.631106 0
toilet
0  6.322613 8.083305 47.570404  -0.929698 -0.296397 -0.218655  0.584090 0.663817 0
0  6.318771 8.108437 47.594444  -0.990925 0.123166 0.053822  0.583829 0.664064 0
0  6.350938 8.831497 46.287071  -0.990631 0.130721 0.039515  0.576482 0.650507 0
toilet
0  7.689981 9.685928 38.812756  0.924354 0.381018 -0.019877  0.542516 0.550990 0
0  7.653251 9.753342 40.307793  0.922891 0.384230 0.025276  0.543016 0.566622 0
0  7.864373 9.142570 40.313023  0.957891 0.285997 0.025491  0.536380 0.566517 0
toilet
0  7.453407 6.897179 48.434174  0.926874 0.275207 0.255275  0.510580 0.649948 0
0  7.428820 5.957268 49.432587  0.928587 0.237381 0.285264  0.500440 0.659715 0
0  7.653994 5.584210 48.866405  0.960076 0.175662 0.217706  0.496732 0.653450 0
toilet
0  6.833474 -8.882122 43.090321  -0.929320 0.354772 -0.102478  0.759145 0.619118 0
0  6.855254 -8.775291 43.066574  -0.999660 0.004827 -0.025604  0.758032 0.618853 0
0  6.889159 -9.022522 41.686127  -0.999672 0.005049 -0.025104  0.760709 0.604722 0
toilet
0  7.162114 -2.382881 29.833721  -0.954229 0.097270 0.282815  0.693885 0.482507 0
0  7.151209 -3.528845 30.274759  -0.952460 0.144532 0.268197  0.705584 0.487147 0
0  7.167377 -3.486229 30.376545  -0.999779 0.001858 -0.020949  0.705130 0.488196 0
toilet
0  6.578105 9.818867 37.180706  -0.930607 -0.361075 0.059966  0.567230 0.556450 0
0  6.614386 9.410683 35.704285  -0.933361 -0.344717 0.100037  0.571615 0.541264 0
0  7.005316 8.511772 36.150452  -0.935535 -0.340330 0.094606  0.581533 0.546117 0
toilet
0  8.370873 -0.694698 46.504128  0.993967 -0.013203 0.108880  0.432986 0.626992 0
0  8.374929 -1.365772 46.337452  0.993956 -0.026209 0.106602  0.426126 0.625187 0
0  8.513717 -1.045318 44.930408  0.996267 -0.019075 0.084193  0.429682 0.610987 0
toilet
0  7.510952 -8.446159 46.055000  0.923728 -0.334764 0.186168  0.352737 0.622443 0
0  7.544222 -9.029137 44.699600  0.922646 -0.356184 0.147840  0.346783 0.608313 0
0  7.762172 -8.463734 44.429813  0.957260 -0.264729 0.116502  0.352909 0.605383 0
toilet
0  6.263430 -6.231643 49.811970  -0.992464 -0.094663 0.077802  0.731729 0.688440 0
0  6.267365 -6.212585 49.780853  -0.933051 0.227760 -0.278462  0.731537 0.688116 0
0  6.292675 -7.188552 48.747623  -0.931028 0.265730 -0.250149  0.741741 0.677571 0
toilet
0  6.301632 -7.237175 48.810562  -0.790296 -0.478532 0.382674  0.356005 0.659473 0
0  6.288815 -7.209808 48.776485  -0.991937 -0.108445 0.065588  0.355601 0.659705 0
0  6.317952 -8.112400 47.588535  -0.990944 -0.123026 0.053800  0.345401 0.645968 0
toilet
0  7.793330 -8.446877 34.562813  0.931779 -0.334680 -0.140631  0.355338 0.503003 0
0  7.824124 -7.757843 33.311241  0.934902 -0.307535 -0.177145  0.363077 0.490375 0
0  8.024546 -7.272045 33.754589  0.965622 -0.228131 -0.124624  0.368047 0.495402 0
toilet
0  6.692397 -8.140907 32.937302  -0.757462 -0.539879 -0.367125  0.349653 0.479200 0
0  6.720805 -7.238246 31.751041  -0.785781 -0.470936 -0.400959  0.360320 0.465911 0
0  6.942750 -7.401397 31.565659  -0.596165 -0.615566 -0.515427  0.363066 0.467908 0
toilet
0  6.474023 10.145672 41.849789  -0.759470 0.648363 0.053202  0.558728 0.584790 0
0  6.435836 9.888771 43.402328  -0.763137 0.635772 0.115830  0.555328 0.602398 0
0  6.651115 10.110229 43.476997  -0.579903 0.799467 0.156734  0.552134 0.601796 0
toilet
0  7.825224 -2.167061 49.850822  0.977027 -0.057604 0.205181  0.417360 0.661045 0
0  7.835196 -3.222072 49.442417  0.976611 -0.085006 0.197494  0.406654 0.656797 0
0  8.036600 -2.871803 48.454884  0.985219 -0.065740 0.158180  0.410360 0.646623 0
toilet
0  8.293927 2.167138 30.785957  0.985948 0.057471 -0.156856  0.465265 0.469074 0
0  8.283956 3.222157 31.194359  0.985240 0.084496 -0.148870  0.475942 0.473149 0
0  8.436576 2.871865 32.190594  0.991807 0.065623 -0.109603  0.472344 0.483314 0
toilet
0  8.119634 2.365658 29.907963  0.974073 0.075308 -0.213331  0.467311 0.460050 0
0  8.108748 3.517315 30.353779  0.972878 0.110822 -0.203045  0.478925 0.464466 0
0  8.283956 3.222157 31.194359  0.985240 0.084496 -0.148870  0.475942 0.473149 0
toilet
0  6.614386 9.410683 35.704285  -0.933361 -0.344717 0.100037  0.571615 0.541264 0
0  6.611382 9.440262 35.688961  -0.987317 0.141178 -0.072622  0.571312 0.541103 0
0  6.646165 8.830753 34.271881  -0.986857 0.134807 -0.089113  0.577757 0.526548 0
toilet
0  6.800879 -8.511555 44.429493  -0.929716 0.340461 -0.140410  0.755199 0.632812 0
0  6.822814 -8.409637 44.387737  -0.999647 0.004658 -0.026167  0.754140 0.632361 0
0  6.855254 -8.775291 43.066574  -0.999660 0.004827 -0.025604  0.758032 0.618853 0
toilet
0  6.867567 -9.131420 41.699993  -0.929550 0.363288 -0.062911  0.761844 0.604883 0
0  6.889159 -9.022522 41.686127  -0.999672 0.005049 -0.025104  0.760709 0.604722 0
0  6.923433 -9.085567 40.291042  -0.999686 0.005022 -0.024567  0.761502 0.590422 0
toilet
0  6.890245 9.003983 41.685535  -0.999673 -0.004924 -0.025101  0.575920 0.602828 0
0  6.868657 9.112885 41.697163  -0.929428 -0.363562 -0.063146  0.574781 0.602944 0
0  6.903243 9.195328 40.289761  -0.930110 -0.366403 -0.025379  0.574087 0.588499 0
toilet
0  7.867361 5.115613 48.153515  0.975847 0.134296 0.172299  0.492139 0.645756 0
0  7.849834 4.188244 48.864559  0.976295 0.110482 0.186122  0.482391 0.652641 0
0  8.049650 3.732922 47.939838  0.985041 0.085428 0.149652  0.478017 0.642901 0
toilet
0  7.618882 -3.517208 50.273376  0.961746 -0.110882 0.250501  0.403532 0.665473 0
0  7.634305 -4.570625 49.643147  0.960984 -0.144936 0.235594  0.392808 0.659045 0
0  7.849324 -4.187088 48.865070  0.976251 -0.110858 0.186133  0.396838 0.650880 0
toilet
0  6.206809 0.000874 52.256458  -0.938123 0.000181 -0.346302  0.667097 0.712952 0
0  6.208977 1.329338 52.171677  -0.938145 -0.048848 -0.342781  0.653394 0.711943 0
0  6.641581 1.201359 51.039494  -0.939183 -0.049801 -0.339787  0.654929 0.699549 0
toilet
0  6.448523 -4.026515 51.687893  -0.640625 -0.342218 0.687376  0.395517 0.686280 0
0  6.466179 -5.232486 50.966389  -0.633197 -0.443173 0.634554  0.382416 0.678674 0
0  6.698847 -5.277652 51.064320  -0.020350 -0.562086 0.826829  0.383973 0.676565 0
toilet
0  7.372355 1.275227 51.719250  0.933881 0.051330 0.353879  0.451920 0.681253 0
0  7.370282 0.000779 51.800571  0.934318 -0.000257 0.356441  0.438996 0.681823 0
0  7.599122 0.000725 51.086117  0.962996 -0.000268 0.269517  0.439153 0.674192 0
toilet
0  7.407815 -4.875949 50.261211  0.930398 -0.196033 0.309726  0.389548 0.665700 0
0  7.428286 -5.960445 49.425419  0.928593 -0.237395 0.285234  0.378463 0.657129 0
0  7.653495 -5.587204 48.859688  0.960054 -0.175756 0.217731  0.382431 0.651025 0
toilet
0  6.276028 -6.255497 49.849560  -0.797993 -0.415978 0.436085  0.367347 0.671185 0
0  6.301632 -7.237175 48.810562  -0.790296 -0.478532 0.382674  0.356005 0.659473 0
0  6.514203 -7.400299 49.006630  -0.613977 -0.609568 0.501457  0.358814 0.657576 0
toilet
0  6.678075 8.112671 32.971497  -0.985784 0.129779 -0.106714  0.537067 0.482945 0
0  6.693153 8.142799 32.944149  -0.758029 0.539292 -0.366819  0.536664 0.483126 0
0  6.721687 7.237447 31.750153  -0.784649 0.471865 -0.402082  0.526497 0.469346 0
toilet
0  6.389259 9.427979 44.864807  -0.927602 -0.343946 -0.145795  0.570478 0.635767 0
0  6.385549 9.457596 44.879982  -0.989293 0.143831 0.024726  0.570171 0.635921 0
0  6.422203 9.850025 43.389179  -0.989113 0.147023 0.006268  0.566252 0.620500 0
toilet
0  6.539240 -10.094635 38.715851  -0.928911 0.369812 0.019086  0.772841 0.574390 0
0  6.500794 -10.164913 40.280727  -0.927252 0.373741 -0.022821  0.773421 0.590544 0
0  6.902143 -9.195099 40.290520  -0.930196 0.366350 -0.022877  0.762646 0.590433 0
toilet
0  8.663872 -2.027179 34.576515  0.997798 -0.038519 -0.053991  0.421780 0.506522 0
0  8.670158 -1.366520 34.322250  0.998009 -0.026002 -0.057458  0.428630 0.504183 0
0  8.739674 -1.045894 35.734371  0.999193 -0.019048 -0.035360  0.431590 0.518457 0
toilet
0  6.773462 -3.932413 29.079252  -0.914472 -0.176510 -0.364122  0.398623 0.435781 0
0  6.770874 -3.916116 29.165586  -0.999799 0.016073 0.011952  0.398014 0.435126 0
0  6.783020 -2.639808 28.674385  -0.999703 0.013715 0.020160  0.412913 0.429051 0
toilet
0  6.771200 3.923138 29.171299  -0.999799 -0.016032 0.012047  0.490198 0.437092 0
0  6.773813 3.939549 29.085400  -0.914411 0.176531 -0.364264  0.489566 0.437720 0
0  6.785501 2.648274 28.581127  -0.921867 0.113788 -0.370423  0.474965 0.431160 0
toilet
0  8.219650 -2.472393 47.327671  0.990483 -0.050762 0.127934  0.414607 0.635119 0
0  8.230492 -3.212879 46.884647  0.990426 -0.066217 0.121124  0.407068 0.630544 0
0  8.390119 -2.638866 45.716194  0.994013 -0.049793 0.097252  0.413140 0.618706 0
toilet
0  7.384181 -8.316128 32.797913  0.633793 -0.654751 -0.411834  0.356636 0.483988 0
0  7.412619 -7.401424 31.577198  0.653225 -0.592092 -0.471936  0.366797 0.471609 0
0  7.638031 -7.210926 31.807323  0.868406 -0.390298 -0.305839  0.369159 0.474699 0
toilet
0  6.796735 1.338673 28.392742  -0.953708 -0.048900 0.296732  0.655804 0.466762 0
0  6.798744 -0.000602 28.305672  -0.953911 -0.000089 0.300091  0.669634 0.466011 0
0  7.171644 -0.000526 29.463959  -0.955708 -0.000131 0.294317  0.669506 0.478468 0
toilet
0  6.488148 -6.396293 50.069466  -0.623284 -0.531243 0.573845  0.369895 0.668913 0
0  6.514203 -7.400299 49.006630  -0.613977 -0.609568 0.501457  0.358814 0.657576 0
0  6.747286 -7.464176 49.087658  -0.015943 -0.762105 0.647257  0.360870 0.655971 0
toilet
0  7.545087 9.045853 44.708122  0.922741 0.355976 0.147747  0.534248 0.612258 0
0  7.511983 8.447006 46.053970  0.923925 0.333063 0.188232  0.527621 0.626052 0
0  7.731950 7.918038 45.699356  0.957779 0.247405 0.146460  0.522047 0.621939 0
toilet
0  6.736535 6.213788 30.781097  -0.945580 -0.228120 0.232033  0.605192 0.490836 0
0  6.759161 5.085095 29.911396  -0.948127 -0.188792 0.255758  0.616946 0.481992 0
0  7.135287 4.600781 30.916409  -0.950034 -0.188203 0.249027  0.622190 0.492866 0
toilet
0  6.823616 8.425755 44.395847  -0.999646 -0.004630 -0.026184  0.581572 0.630680 0
0  6.801896 8.526962 44.437309  -0.929866 -0.340038 -0.140437  0.580513 0.631106 0
0  6.834539 8.882835 43.088581  -0.929299 -0.355994 -0.098343  0.576995 0.617240 0
toilet
0  6.647828 -8.804264 34.293934  -0.935880 0.324441 0.137357  0.759970 0.528636 0
0  6.613379 -9.410053 35.697948  -0.933349 0.344756 0.100020  0.766078 0.543185 0
0  7.004597 -8.510853 36.144924  -0.935480 0.340383 0.094950  0.756059 0.547843 0
toilet
0  6.610036 -2.634773 25.103172  -0.436018 -0.854941 -0.281005  0.732204 0.346318 0
0  6.490012 -2.543884 25.033783  -0.486173 -0.815775 -0.313284  0.730723 0.345552 0
0  6.690934 -2.543850 24.798023  -0.390624 -0.811801 -0.434041  0.732691 0.342959 0
toilet
0  8.451199 0.982506 31.590878  0.992571 0.022406 -0.119589  0.453187 0.477205 0
0  8.445464 1.931542 31.826591  0.992288 0.044380 -0.115733  0.462796 0.479647 0
0  8.571649 1.662899 33.012058  0.995890 0.034360 -0.083801  0.459921 0.491605 0
toilet
0  6.690116 10.372715 41.889988  -0.575033 0.814498 0.077011  0.555515 0.584454 0
0  6.651115 10.110229 43.476997  -0.579903 0.799467 0.156734  0.552134 0.601796 0
0  6.885378 10.197460 43.510303  -0.005099 0.977798 0.209487  0.549613 0.601222 0
toilet
0  7.042105 -0.000667 27.657726  -0.711821 -0.000272 -0.702361  0.444159 0.431353 0
0  7.037003 1.380356 27.747955  -0.704965 0.104651 -0.701479  0.458463 0.432668 0
0  7.280375 1.391888 27.753765  0.024539 0.160453 -0.986738  0.458185 0.435114 0
toilet
0  6.204850 -1.341945 52.207966  -0.994449 -0.020245 0.103251  0.423112 0.699444 0
0  6.212683 -2.638355 51.885975  -0.994418 -0.039541 0.097823  0.408129 0.695713 0
0  6.224888 -2.648037 51.931160  -0.816697 -0.181509 0.547778  0.408324 0.695267 0
toilet
0  6.204850 -1.341945 52.207966  -0.994449 -0.020245 0.103251  0.680962 0.712599 0
0  6.202786 0.000889 52.295223  -0.994820 -0.000009 0.101657  0.667093 0.713351 0
0  6.206809 0.000874 52.256458  -0.938123 0.000181 -0.346302  0.667097 0.712952 0
toilet
0  6.650574 2.620293 26.440605  -0.403227 0.820161 0.405887  0.737981 0.412271 0
0  6.545748 2.517319 26.535053  -0.421123 0.801872 0.423860  0.739246 0.413520 0
0  6.824817 2.517315 26.748425  -0.301826 0.798314 0.521148  0.736160 0.415694 0
toilet
0  6.204850 -1.341945 52.207966  -0.994449 -0.020245 0.103251  0.680962 0.712599 0
0  6.208872 -1.337917 52.169460  -0.938141 0.048926 -0.342780  0.680925 0.712202 0
0  6.216675 -2.631145 51.848232  -0.937118 0.097924 -0.334992  0.694316 0.709041 0
toilet
0  6.844299 -9.689011 35.566833  -0.573335 -0.768224 -0.284816  0.336188 0.510627 0
0  6.879889 -9.064564 34.119930  -0.576067 -0.727303 -0.373064  0.343556 0.495013 0
0  7.116126 -9.142799 34.072495  0.010912 -0.896284 -0.443347  0.345872 0.496180 0
toilet
0  6.246582 5.084916 50.650658  -0.934496 -0.188064 -0.302239  0.614755 0.695894 0
0  6.267921 6.209393 49.788311  -0.933131 -0.227531 -0.278382  0.603230 0.686882 0
0  6.693785 5.613427 48.887512  -0.934583 -0.228787 -0.272417  0.609926 0.677040 0
toilet
0  6.624732 -9.476669 35.664574  -0.758580 -0.609347 -0.230765  0.333071 0.509660 0
0  6.610415 -9.439610 35.682625  -0.987082 -0.142572 -0.073089  0.332641 0.509546 0
0  6.645089 -8.831234 34.272957  -0.986751 -0.135357 -0.089454  0.340095 0.493545 0
toilet
0  6.585015 2.710770 26.131706  -0.447910 0.855941 0.258345  0.738629 0.408940 0
0  6.461472 2.620293 26.195267  -0.490685 0.824022 0.283223  0.740072 0.409776 0
0  6.650574 2.620293 26.440605  -0.403227 0.820161 0.405887  0.737981 0.412271 0
toilet
0  6.388357 -9.410446 44.855942  -0.927270 0.344843 -0.145786  0.765118 0.637666 0
0  6.353627 -8.803513 46.267334  -0.927997 0.324500 -0.183087  0.758701 0.652162 0
0  6.769846 -7.964683 45.699966  -0.930441 0.320402 -0.177824  0.749460 0.645785 0
toilet
0  6.354705 8.804482 46.266350  -0.928085 -0.323191 -0.184949  0.576763 0.650295 0
0  6.389259 9.427979 44.864807  -0.927602 -0.343946 -0.145795  0.570478 0.635767 0
0  6.801896 8.526962 44.437309  -0.929866 -0.340038 -0.140437  0.580513 0.631106 0
toilet
0  7.715042 2.638569 28.696957  0.930208 0.121311 -0.346405  0.470163 0.447108 0
0  7.702901 3.923073 29.194195  0.919964 0.186125 -0.344999  0.483059 0.452023 0
0  7.913951 3.752297 29.683231  0.947016 0.149971 -0.284023  0.481288 0.457399 0
toilet
0  6.776754 3.912438 29.209812  -0.950755 -0.143511 0.274719  0.629141 0.474896 0
0  6.788907 2.632435 28.714138  -0.952360 -0.097962 0.288813  0.642409 0.469924 0
0  7.162399 2.381855 29.833447  -0.954229 -0.097502 0.282737  0.645050 0.482005 0
toilet
0  6.288815 -7.209808 48.776485  -0.991937 -0.108445 0.065588  0.741956 0.677872 0
0  6.292675 -7.188552 48.747623  -0.931028 0.265730 -0.250149  0.741741 0.677571 0
0  6.321795 -8.087265 47.564522  -0.929676 0.296442 -0.218689  0.751150 0.665462 0
toilet
0  7.000721 4.035340 28.632347  -0.682862 0.317610 -0.657894  0.486196 0.441651 0
0  6.978185 5.232716 29.401550  -0.660874 0.429811 -0.615230  0.499139 0.449176 0
0  7.215059 5.277867 29.407337  0.019330 0.599012 -0.800507  0.498161 0.451455 0
toilet
0  7.214415 -5.279003 29.407982  0.019337 -0.597596 -0.801564  0.389366 0.449205 0
0  7.237971 -4.059379 28.633038  0.021732 -0.465986 -0.884525  0.402475 0.442198 0
0  7.470809 -4.028211 28.635729  0.758184 -0.299430 -0.579222  0.403647 0.444248 0
toilet
0  7.470809 -4.028211 28.635729  0.758184 -0.299430 -0.579222  0.403647 0.444248 0
0  7.492339 -2.709617 28.102333  0.786100 -0.196192 -0.586136  0.417035 0.439519 0
0  7.714720 -2.639866 28.697277  0.930342 -0.120575 -0.346302  0.417527 0.446025 0
toilet
0  7.702574 -3.916172 29.188484  0.920210 -0.185931 -0.344447  0.404529 0.450360 0
0  7.714720 -2.639866 28.697277  0.930342 -0.120575 -0.346302  0.417527 0.446025 0
0  7.925258 -2.524959 29.207943  0.949052 -0.101651 -0.298275  0.418524 0.451666 0
toilet
0  8.576522 -0.840198 32.807732  0.996115 -0.017289 -0.086345  0.434398 0.489112 0
0  8.577888 -0.000457 32.754139  0.996188 0.000007 -0.087234  0.442978 0.488782 0
0  8.675448 -0.000377 34.110241  0.998163 0.000007 -0.060589  0.442697 0.502414 0
toilet
0  8.230885 3.213738 46.884258  0.990482 0.065761 0.120918  0.473006 0.631901 0
0  8.219856 2.468155 47.331226  0.990556 0.050458 0.127485  0.465232 0.636200 0
0  8.381384 2.027195 46.082989  0.993947 0.038400 0.102931  0.461036 0.623367 0
toilet
0  7.215059 5.277867 29.407337  0.019330 0.599012 -0.800507  0.498161 0.451455 0
0  7.197905 6.450299 30.371086  0.017111 0.700454 -0.713493  0.510541 0.461303 0
0  7.432053 6.395825 30.415012  0.684427 0.508007 -0.522961  0.508844 0.463113 0
toilet
0  8.780991 0.359620 37.138103  0.999840 0.006375 -0.016728  0.445786 0.532868 0
0  8.778893 0.706986 37.224380  0.999796 0.012766 -0.015646  0.449356 0.533799 0
0  8.786928 0.356537 38.766991  0.999971 0.006439 0.004099  0.445421 0.549216 0
toilet
0  7.197905 6.450299 30.371086  0.017111 0.700454 -0.713493  0.510541 0.461303 0
0  7.180440 7.464390 31.495274  0.016162 0.774337 -0.632566  0.521618 0.472858 0
0  7.413521 7.400513 31.576298  0.652612 0.592155 -0.472706  0.519795 0.474768 0
toilet
0  8.219856 2.468155 47.331226  0.990556 0.050458 0.127485  0.465232 0.636200 0
0  8.212202 1.663803 47.640846  0.990639 0.034036 0.132197  0.456910 0.639106 0
0  8.375095 1.366551 46.337284  0.993976 0.025918 0.106493  0.454186 0.625765 0
toilet
0  7.818874 1.095051 50.117115  0.977202 0.028904 0.210335  0.450481 0.664343 0
0  7.817093 0.000660 50.186951  0.977198 -0.000168 0.212329  0.439346 0.664802 0
0  8.020466 0.000584 49.118473  0.985552 -0.000144 0.169374  0.439573 0.653786 0
toilet
0  6.767892 -10.394058 38.674755  -0.570589 -0.814466 -0.105224  0.327286 0.544431 0
0  6.806740 -10.109993 37.094391  -0.571864 -0.796803 -0.195133  0.330776 0.527153 0
0  7.042346 -10.197247 37.072624  0.005408 -0.974979 -0.222231  0.333290 0.527765 0
toilet
0  6.791177 1.342221 28.352070  -0.999765 -0.006800 0.020588  0.655771 0.466341 0
0  6.793242 -0.000618 28.264816  -0.999777 -0.000012 0.021124  0.669639 0.465588 0
0  6.798744 -0.000602 28.305672  -0.953911 -0.000089 0.300091  0.669634 0.466011 0
toilet
0  6.330945 -8.143867 47.617783  -0.782619 -0.531668 0.323786  0.345820 0.645784 0
0  6.363086 -8.864693 46.312775  -0.775441 -0.575321 0.260188  0.337463 0.630970 0
0  6.576862 -9.063793 46.452564  -0.595221 -0.727434 0.341398  0.340566 0.629814 0
toilet
0  7.492670 2.708279 28.102001  0.791227 0.195272 -0.579507  0.470915 0.440631 0
0  7.470591 4.035321 28.643894  0.761982 0.297740 -0.575096  0.484202 0.445968 0
0  7.702901 3.923073 29.194195  0.919964 0.186125 -0.344999  0.483059 0.452023 0
toilet
0  6.500794 -10.164913 40.280727  -0.927252 0.373741 -0.022821  0.773421 0.590544 0
0  6.462511 -10.094669 41.838604  -0.926834 0.369853 -0.064716  0.772513 0.606610 0
0  6.867567 -9.131420 41.699993  -0.929550 0.363288 -0.062911  0.761844 0.604883 0
toilet
0  8.390119 -2.638866 45.716194  0.994013 -0.049793 0.097252  0.413140 0.618706 0
0  8.401197 -3.225795 45.263866  0.993893 -0.061203 0.091818  0.407167 0.614045 0
0  8.533821 -2.468914 44.108723  0.996306 -0.044525 0.073429  0.415157 0.602437 0
toilet
0  8.742865 -0.528179 35.605797  0.999273 -0.009638 -0.036886  0.436951 0.517301 0
0  8.743725 -0.000286 35.572102  0.999306 -0.000026 -0.037240  0.442395 0.517085 0
0  8.781544 -0.000198 37.114719  0.999857 -0.000035 -0.016938  0.442076 0.532560 0
toilet
0  6.692397 -8.140907 32.937302  -0.757462 -0.539879 -0.367125  0.349653 0.479200 0
0  6.677284 -8.110844 32.964428  -0.985640 -0.130475 -0.107192  0.349260 0.479002 0
0  6.706332 -7.210876 31.784431  -0.990573 -0.093990 -0.099656  0.359925 0.465667 0
toilet
0  8.065270 4.559479 47.306095  0.984809 0.104091 0.138987  0.486698 0.636753 0
0  8.049650 3.732922 47.939838  0.985041 0.085428 0.149652  0.478017 0.642901 0
0  8.230885 3.213738 46.884258  0.990482 0.065761 0.120918  0.473006 0.631901 0
toilet
0  7.913641 -3.745712 29.677769  0.946980 -0.150143 -0.284052  0.406074 0.455802 0
0  7.925258 -2.524959 29.207943  0.949052 -0.101651 -0.298275  0.418524 0.451666 0
0  8.119346 -2.366855 29.908253  0.974067 -0.075074 -0.213443  0.419848 0.459074 0
toilet
0  6.490012 2.620228 25.033779  -0.476284 0.823941 -0.307040  0.740366 0.397561 0
0  6.610284 2.710713 25.103313  -0.434735 0.855868 -0.280172  0.738885 0.398327 0
0  6.790992 2.711319 24.897491  -0.349902 0.852298 -0.388788  0.737173 0.396076 0
toilet
0  6.497391 -10.197018 40.280643  -0.988292 -0.150635 -0.024266  0.773752 0.590547 0
0  6.500794 -10.164913 40.280727  -0.927252 0.373741 -0.022821  0.773421 0.590544 0
0  6.539240 -10.094635 38.715851  -0.928911 0.369812 0.019086  0.772841 0.574390 0
toilet
0  8.563791 -2.468135 33.321838  0.995571 -0.050757 -0.079129  0.417618 0.493720 0
0  8.571446 -1.663761 33.012260  0.995932 -0.034151 -0.083385  0.425934 0.490907 0
0  8.670158 -1.366520 34.322250  0.998009 -0.026002 -0.057458  0.428630 0.504183 0
toilet
0  6.535974 -10.126507 38.710545  -0.987513 -0.152155 -0.040819  0.773171 0.574340 0
0  6.539240 -10.094635 38.715851  -0.928911 0.369812 0.019086  0.772841 0.574390 0
0  6.576907 -9.818977 37.181900  -0.930543 0.361239 0.059958  0.770160 0.558535 0
toilet
0  6.458989 -10.126537 41.843716  -0.988332 -0.152118 -0.007705  0.772841 0.606667 0
0  6.462511 -10.094669 41.838604  -0.926834 0.369853 -0.064716  0.772513 0.606610 0
0  6.500794 -10.164913 40.280727  -0.927252 0.373741 -0.022821  0.773421 0.590544 0
toilet
0  6.573822 -9.849751 37.170856  -0.987651 -0.146035 -0.056740  0.770478 0.558425 0
0  6.576907 -9.818977 37.181900  -0.930543 0.361239 0.059958  0.770160 0.558535 0
0  6.613379 -9.410053 35.697948  -0.933349 0.344756 0.100020  0.766078 0.543185 0
toilet
0  6.610415 -9.439610 35.682625  -0.987082 -0.142572 -0.073089  0.766384 0.543030 0
0  6.613379 -9.410053 35.697948  -0.933349 0.344756 0.100020  0.766078 0.543185 0
0  6.647828 -8.804264 34.293934  -0.935880 0.324441 0.137357  0.759970 0.528636 0
toilet
0  7.652061 -9.753208 40.308983  0.923012 -0.384103 0.022679  0.339812 0.562430 0
0  7.688964 -9.685768 38.807228  0.924295 -0.381163 -0.019831  0.340961 0.546766 0
0  7.897851 -9.079247 38.906433  0.958895 -0.283645 -0.008074  0.347494 0.547993 0
toilet
0  8.207062 -0.845806 47.843975  0.990672 -0.017352 0.135157  0.431183 0.640593 0
0  8.212000 -1.662857 47.641048  0.990633 -0.034265 0.132182  0.422854 0.638405 0
0  8.374929 -1.365772 46.337452  0.993956 -0.026209 0.106602  0.426126 0.625187 0
toilet
0  6.311338 -2.543930 25.610481  -0.572668 -0.819666 -0.014125  0.729162 0.351701 0
0  6.360538 -2.543903 25.310898  -0.548729 -0.818486 -0.170223  0.729523 0.348532 0
0  6.499610 -2.635586 25.349819  -0.491894 -0.857181 -0.152581  0.731160 0.348907 0
toilet
0  6.301632 -7.237175 48.810562  -0.790296 -0.478532 0.382674  0.356005 0.659473 0
0  6.330945 -8.143867 47.617783  -0.782619 -0.531668 0.323786  0.345820 0.645784 0
0  6.544110 -8.326744 47.787300  -0.603840 -0.674122 0.425368  0.348794 0.644275 0
toilet
0  6.385549 9.457596 44.879982  -0.989293 0.143831 0.024726  0.550408 0.619343 0
0  6.398960 9.494717 44.898724  -0.769133 0.609300 0.192842  0.549977 0.619233 0
0  6.435836 9.888771 43.402328  -0.763137 0.635772 0.115830  0.555328 0.602398 0
toilet
0  6.511368 -10.237415 40.280994  -0.757319 -0.652780 -0.018616  0.322685 0.562010 0
0  6.550086 -10.166573 38.704575  -0.756220 -0.648065 -0.090238  0.324082 0.544073 0
0  6.767892 -10.394058 38.674755  -0.570589 -0.814466 -0.105224  0.327286 0.544431 0
toilet
0  6.472792 -10.166603 41.850365  -0.759751 -0.648039 0.053135  0.323290 0.579909 0
0  6.511368 -10.237415 40.280994  -0.757319 -0.652780 -0.018616  0.322685 0.562010 0
0  6.728291 -10.466434 40.286327  -0.572617 -0.819702 -0.014075  0.325883 0.562087 0
toilet
0  6.434628 -9.888138 43.403465  -0.763746 -0.633501 0.123967  0.326029 0.597687 0
0  6.472792 -10.166603 41.850365  -0.759751 -0.648039 0.053135  0.323290 0.579909 0
0  6.688873 -10.394093 41.890705  -0.575035 -0.814482 0.077162  0.326508 0.579706 0
toilet
0  6.798744 -0.000602 28.305672  -0.953911 -0.000089 0.300091  0.669634 0.466011 0
0  6.796611 -1.329555 28.390530  -0.953703 0.049052 0.296724  0.683341 0.467020 0
0  7.169691 -1.201130 29.540585  -0.955356 0.049608 0.291264  0.681803 0.479384 0
toilet
0  6.242649 5.099358 50.685181  -0.993411 0.076366 0.085459  0.498085 0.684129 0
0  6.255106 5.118344 50.726162  -0.805441 0.344426 0.482323  0.497771 0.683768 0
0  6.276585 6.252289 49.857079  -0.797945 0.416213 0.435948  0.510953 0.674217 0
toilet
0  7.195688 6.228398 49.842358  0.853331 0.339006 0.396109  0.503263 0.664482 0
0  7.174349 5.099305 50.708076  0.857240 0.279911 0.432191  0.491346 0.672920 0
0  7.408409 4.877320 50.260620  0.930494 0.195460 0.309801  0.489065 0.667750 0
toilet
0  7.035687 -7.965354 34.880951  -0.938036 0.320388 0.132064  0.750600 0.534822 0
0  7.055241 -7.866870 34.929661  -0.999737 0.004213 -0.022535  0.749567 0.535316 0
0  7.083958 -7.224384 33.762497  -0.999748 0.003939 -0.022095  0.743098 0.523284 0
toilet
0  7.091553 -6.505569 32.638733  -0.943906 0.264252 0.198019  0.735860 0.511680 0
0  7.109862 -6.421833 32.710236  -0.999758 0.003387 -0.021755  0.734981 0.512412 0
0  7.132771 -5.545633 31.780012  -0.999767 0.002992 -0.021383  0.726093 0.502790 0
toilet
0  7.169724 1.209389 29.542389  -0.955370 -0.049461 0.291243  0.657098 0.479150 0
0  7.171644 -0.000526 29.463959  -0.955708 -0.000131 0.294317  0.669506 0.478468 0
0  7.187291 -0.000591 29.574558  -0.999784 0.000051 -0.020803  0.669495 0.479613 0
toilet
0  6.936049 -5.232517 50.977932  0.633935 -0.428269 0.643981  0.385283 0.674282 0
0  6.958018 -6.396324 50.081013  0.627071 -0.513828 0.585459  0.373288 0.664986 0
0  7.195130 -6.231700 49.834866  0.853315 -0.339039 0.396115  0.375441 0.661774 0
toilet
0  6.255106 5.118344 50.726162  -0.805441 0.344426 0.482323  0.497771 0.683768 0
0  6.237442 3.931164 51.437748  -0.811605 0.266332 0.519966  0.483821 0.691175 0
0  6.448860 4.019791 51.693687  -0.640520 0.342393 0.687388  0.482158 0.688118 0
toilet
0  6.905930 -2.708103 52.209812  0.644065 -0.226446 0.730686  0.411186 0.686960 0
0  6.918393 -4.026546 51.699436  0.638576 -0.330524 0.694964  0.397750 0.681571 0
0  7.156523 -3.922916 51.411629  0.859973 -0.215414 0.462649  0.399107 0.677874 0
toilet
0  6.225211 2.649773 51.930832  -0.816776 0.180725 0.547920  0.469086 0.696525 0
0  6.217076 1.338349 52.256470  -0.819634 0.091874 0.565473  0.453942 0.699620 0
0  6.428128 1.368542 52.531048  -0.650899 0.118586 0.749846  0.453385 0.696144 0
toilet
0  6.897997 1.368508 52.542603  0.645654 0.114329 0.755023  0.452751 0.690957 0
0  6.895772 0.000866 52.629871  0.648066 -0.000659 0.761584  0.438796 0.691629 0
0  7.134486 0.000824 52.318108  0.865020 -0.000347 0.501738  0.438878 0.687621 0
toilet
0  6.214896 0.000897 52.341801  -0.821000 -0.000429 0.570927  0.438609 0.700519 0
0  6.216971 -1.346996 52.254230  -0.819662 -0.091675 0.565465  0.423217 0.698968 0
0  6.428019 -1.377414 52.528763  -0.650943 -0.118429 0.749832  0.423917 0.695518 0
toilet
0  6.897889 -1.377441 52.540306  0.645665 -0.114319 0.755015  0.424769 0.690360 0
0  6.905930 -2.708103 52.209812  0.644065 -0.226446 0.730686  0.411186 0.686960 0
0  7.144383 -2.638412 51.908863  0.862812 -0.146825 0.483733  0.412133 0.683079 0
toilet
0  6.918728 4.019757 51.705242  0.638508 0.330568 0.695005  0.480125 0.683322 0
0  6.906262 2.709782 52.209484  0.644227 0.225315 0.730894  0.466576 0.688102 0
0  7.144705 2.640023 51.908539  0.862904 0.146016 0.483813  0.465787 0.684185 0
toilet
0  6.918393 -4.026546 51.699436  0.638576 -0.330524 0.694964  0.397750 0.681571 0
0  6.936049 -5.232517 50.977932  0.633935 -0.428269 0.643981  0.385283 0.674282 0
0  7.173726 -5.097843 50.708694  0.857125 -0.280588 0.431981  0.387059 0.670770 0
toilet
0  6.958590 6.392956 50.088711  0.626992 0.513874 0.585504  0.505277 0.667780 0
0  6.936687 5.234036 50.977291  0.634240 0.427317 0.644314  0.492979 0.676503 0
0  7.174349 5.099305 50.708076  0.857240 0.279911 0.432191  0.491346 0.672920 0
toilet
0  7.056200 7.866410 34.928699  -0.999738 -0.004146 -0.022512  0.588296 0.533658 0
0  7.036653 7.964905 34.879986  -0.938091 -0.320010 0.132584  0.587273 0.533144 0
0  7.066041 7.313538 33.701382  -0.940984 -0.294438 0.166896  0.594081 0.521130 0
toilet
0  6.958018 -6.396324 50.081013  0.627071 -0.513828 0.585459  0.373288 0.664986 0
0  6.984074 -7.400333 49.018177  0.621472 -0.590019 0.515413  0.362712 0.654107 0
0  7.220515 -7.209865 48.799381  0.849883 -0.391819 0.352387  0.365244 0.651208 0
toilet
0  6.547145 -2.437641 26.533794  -0.419843 -0.803362 0.422305  0.731844 0.361511 0
0  6.650574 -2.543949 26.440609  -0.411463 -0.811875 0.414195  0.733108 0.360262 0
0  6.900184 -2.543949 26.631435  -0.294759 -0.808251 0.509752  0.735813 0.362161 0
toilet
0  6.229147 3.904511 51.358330  -0.936278 -0.143161 -0.320761  0.626884 0.703303 0
0  6.246582 5.084916 50.650658  -0.934496 -0.188064 -0.302239  0.614755 0.695894 0
0  6.674669 4.601914 49.663078  -0.936041 -0.187853 -0.297553  0.620213 0.685097 0
toilet
0  6.847431 9.791191 45.053711  -0.008129 0.942743 0.333422  0.544437 0.617440 0
0  6.811599 9.143013 46.510437  -0.010906 0.894852 0.446229  0.537179 0.632768 0
0  7.047836 9.064774 46.463005  0.611653 0.702084 0.364635  0.534973 0.631370 0
toilet
0  6.512619 10.237686 40.279697  -0.757045 0.653209 -0.014141  0.560111 0.566920 0
0  6.474023 10.145672 41.849789  -0.759470 0.648363 0.053202  0.558728 0.584790 0
0  6.690116 10.372715 41.889988  -0.575033 0.814498 0.077011  0.555515 0.584454 0
toilet
0  6.551176 10.166821 38.710381  -0.755884 0.648432 -0.090413  0.559491 0.549009 0
0  6.512619 10.237686 40.279697  -0.757045 0.653209 -0.014141  0.560111 0.566920 0
0  6.729567 10.466675 40.285053  -0.572150 0.820103 -0.008617  0.556917 0.566848 0
toilet
0  6.589282 9.888405 37.157249  -0.757214 0.633041 -0.160893  0.556709 0.531222 0
0  6.551176 10.166821 38.710381  -0.755884 0.648432 -0.090413  0.559491 0.549009 0
0  6.769037 10.393990 38.680779  -0.570439 0.814560 -0.105313  0.556276 0.549232 0
toilet
0  6.641415 -1.209163 51.037682  -0.939201 0.049868 -0.339727  0.679635 0.699783 0
0  6.639624 0.000752 51.116108  -0.939406 0.000253 -0.342806  0.667226 0.700466 0
0  6.660685 0.000813 51.006409  -0.999599 0.000070 -0.028328  0.667237 0.699320 0
toilet
0  6.435836 9.888771 43.402328  -0.763137 0.635772 0.115830  0.555328 0.602398 0
0  6.398960 9.494717 44.898724  -0.769133 0.609300 0.192842  0.549977 0.619233 0
0  6.613492 9.707443 45.007195  -0.586505 0.768285 0.256419  0.546855 0.618295 0
toilet
0  7.607996 -2.365555 50.719193  0.962398 -0.075435 0.260959  0.415203 0.670105 0
0  7.618882 -3.517208 50.273376  0.961746 -0.110882 0.250501  0.403532 0.665473 0
0  7.835196 -3.222072 49.442417  0.976611 -0.085006 0.197494  0.406654 0.656797 0
toilet
0  7.506723 9.849575 37.192547  0.845983 0.524117 -0.098052  0.544927 0.533973 0
0  7.468737 10.126747 38.739216  0.842425 0.537370 -0.039419  0.547563 0.550264 0
0  7.689981 9.685928 38.812756  0.924354 0.381018 -0.019877  0.542516 0.550990 0
toilet
0  8.445229 -1.932537 31.826824  0.992287 -0.044348 -0.115754  0.423553 0.478841 0
0  8.451121 -0.975925 31.589252  0.992569 -0.022440 -0.119597  0.433332 0.476780 0
0  8.576522 -0.840198 32.807732  0.996115 -0.017289 -0.086345  0.434398 0.489112 0
toilet
0  7.432053 6.395825 30.415012  0.684427 0.508007 -0.522961  0.508844 0.463113 0
0  7.413521 7.400513 31.576298  0.652612 0.592155 -0.472706  0.519795 0.474768 0
0  7.638910 7.210026 31.806442  0.868300 0.390450 -0.305948  0.517309 0.477755 0
toilet
0  8.292964 7.210370 38.045792  0.986326 0.164292 -0.013046  0.516475 0.542812 0
0  8.265155 7.413270 39.178036  0.985671 0.168590 0.005456  0.518390 0.554467 0
0  8.416420 6.382218 39.341053  0.991398 0.130515 0.009801  0.507644 0.555988 0
toilet
0  7.966461 -7.753509 44.089203  0.974534 -0.203039 0.095176  0.360439 0.601802 0
0  7.996323 -8.089745 42.873051  0.974557 -0.212248 0.072041  0.357089 0.589230 0
0  8.180211 -7.210296 42.599678  0.984475 -0.164409 0.061471  0.366334 0.586475 0
toilet
0  6.293552 7.189892 48.746731  -0.931056 -0.265768 -0.250006  0.593196 0.676045 0
0  6.289696 7.211140 48.775608  -0.991967 0.108337 0.065306  0.592974 0.676341 0
0  6.318771 8.108437 47.594444  -0.990925 0.123166 0.053822  0.583829 0.664064 0
toilet
0  6.880084 2.517174 24.499153  -0.275818 0.798065 -0.535740  0.736744 0.391462 0
0  6.949615 2.620175 24.619686  -0.263838 0.816649 -0.513297  0.735787 0.392942 0
0  7.248424 2.620140 24.510925  -0.128868 0.813719 -0.566793  0.732709 0.391629 0
toilet
0  6.793276 -1.338241 28.253738  -0.923246 -0.056512 -0.380030  0.428718 0.426526 0
0  6.795584 -0.000621 28.167980  -0.924135 0.000127 -0.382067  0.444283 0.425450 0
0  7.042105 -0.000667 27.657726  -0.711821 -0.000272 -0.702361  0.444159 0.431353 0
toilet
0  7.507480 -1.369686 27.757931  0.798336 -0.096139 -0.594489  0.430497 0.436774 0
0  7.511975 -0.000702 27.669273  0.805881 0.000332 -0.592078  0.444058 0.436137 0
0  7.724940 -0.000675 28.287708  0.938218 0.000264 -0.346045  0.443922 0.442794 0
toilet
0  7.214170 2.517143 24.377541  -0.134550 0.795426 -0.590927  0.733229 0.389955 0
0  7.248424 2.620140 24.510925  -0.128868 0.813719 -0.566793  0.732709 0.391629 0
0  7.566998 2.620129 24.479153  0.014581 0.812950 -0.582151  0.729377 0.391132 0
toilet
0  6.502031 10.165188 40.279575  -0.927315 -0.373486 -0.024384  0.563313 0.588387 0
0  6.498635 10.197289 40.279396  -0.988115 0.151915 -0.023444  0.562982 0.588383 0
0  6.537038 10.126808 38.716320  -0.987460 0.152484 -0.040880  0.563891 0.572262 0
toilet
0  8.260535 4.544655 45.680782  0.990326 0.093040 0.102951  0.487048 0.620118 0
0  8.244333 3.925335 46.338657  0.990387 0.080155 0.112731  0.480476 0.626595 0
0  8.401487 3.224034 45.267750  0.993907 0.061052 0.091768  0.473562 0.615454 0
toilet
0  8.292085 -7.210586 38.046673  0.986307 -0.164406 -0.013021  0.367316 0.539736 0
0  8.318872 -6.910339 36.957211  0.987054 -0.157386 -0.030871  0.370747 0.528671 0
0  8.462665 -5.949249 37.429111  0.992368 -0.121941 -0.018343  0.380568 0.533881 0
toilet
0  8.414337 -3.732131 44.727863  0.993896 -0.071082 0.084367  0.402027 0.608545 0
0  8.429420 -4.199348 44.112934  0.993922 -0.079605 0.076039  0.397299 0.602244 0
0  8.555421 -3.214038 43.227837  0.996384 -0.058035 0.062063  0.407619 0.593404 0
toilet
0  6.776754 3.912438 29.209812  -0.950755 -0.143511 0.274719  0.629141 0.474896 0
0  6.771200 3.923138 29.171299  -0.999799 -0.016032 0.012047  0.629034 0.474497 0
0  6.783342 2.638626 28.674065  -0.999702 -0.013639 0.020263  0.642349 0.469508 0
toilet
0  7.467673 -10.126564 38.733433  0.842392 -0.537427 -0.039349  0.335948 0.545830 0
0  7.505521 -9.849808 37.193748  0.845873 -0.524269 -0.098189  0.339249 0.529734 0
0  7.725165 -9.421062 37.334568  0.926371 -0.371557 -0.061493  0.344117 0.531465 0
toilet
0  7.408409 4.877320 50.260620  0.930494 0.195460 0.309801  0.489065 0.667750 0
0  7.391674 3.745800 50.938953  0.931888 0.150059 0.330254  0.477242 0.674146 0
0  7.619177 3.511223 50.278442  0.961758 0.110800 0.250490  0.475026 0.666997 0
toilet
0  7.198160 -10.466461 40.297871  0.605965 -0.795352 0.014886  0.331047 0.562213 0
0  7.237761 -10.394085 38.686298  0.608188 -0.790374 -0.073594  0.332370 0.545180 0
0  7.467673 -10.126564 38.733433  0.842392 -0.537427 -0.039349  0.335948 0.545830 0
toilet
0  8.236133 -7.464801 40.323193  0.985127 -0.170114 0.024222  0.364125 0.563043 0
0  8.264377 -7.413184 39.173805  0.985653 -0.168697 0.005429  0.364929 0.551249 0
0  8.415750 -6.382156 39.337418  0.991457 -0.130059 0.009879  0.375602 0.553220 0
toilet
0  8.278343 -5.112789 44.932652  0.990223 -0.104648 0.092230  0.387748 0.610517 0
0  8.298452 -5.565353 44.113106  0.990244 -0.114097 0.079991  0.383178 0.602117 0
0  8.445937 -4.571048 43.439808  0.993993 -0.086775 0.066695  0.393563 0.595357 0
toilet
0  6.741612 -6.252012 30.687124  -0.844668 -0.367370 -0.389327  0.371982 0.454137 0
0  6.732031 -6.227808 30.740858  -0.997585 -0.038698 -0.057686  0.371451 0.453841 0
0  6.753376 -5.099094 29.874859  -0.999920 0.004901 -0.011693  0.384188 0.443403 0
toilet
0  8.432146 2.792710 25.890797  0.433407 0.891128 0.134347  0.719869 0.405510 0
0  8.341577 2.791653 26.105618  0.384457 0.889329 0.247563  0.720758 0.407708 0
0  8.466645 2.710656 26.177940  0.434949 0.855774 0.280127  0.719277 0.408474 0
toilet
0  8.462665 -5.949249 37.429111  0.992368 -0.121941 -0.018343  0.380568 0.533881 0
0  8.484516 -5.565826 36.540680  0.993020 -0.113762 -0.031151  0.384780 0.524974 0
0  8.598759 -4.571441 37.220284  0.996066 -0.086800 -0.017831  0.394861 0.532268 0
toilet
0  8.505305 5.112832 35.720455  0.993555 0.104640 -0.043580  0.495062 0.518995 0
0  8.485194 5.565392 36.540005  0.993031 0.113658 -0.031157  0.499635 0.527340 0
0  8.599317 4.571080 37.219723  0.996062 0.086837 -0.017867  0.489263 0.534213 0
toilet
0  7.560359 -2.715358 24.749802  0.011573 -0.882104 -0.470912  0.741791 0.342364 0
0  7.563752 -2.634411 24.611507  0.013150 -0.845328 -0.534086  0.741752 0.340743 0
0  7.843065 -2.635147 24.657475  0.143756 -0.845804 -0.513761  0.744662 0.341033 0
toilet
0  7.800671 -2.716381 24.794319  0.126861 -0.882244 -0.453377  0.744259 0.342607 0
0  7.843065 -2.635147 24.657475  0.143756 -0.845804 -0.513761  0.744662 0.341033 0
0  8.103845 -2.634479 24.762875  0.265048 -0.848495 -0.458046  0.747387 0.342040 0
toilet
0  8.027749 -2.715446 24.880878  0.233517 -0.884657 -0.403549  0.746572 0.343458 0
0  8.103845 -2.634479 24.762875  0.265048 -0.848495 -0.458046  0.747387 0.342040 0
0  8.321751 -2.635299 24.934906  0.369634 -0.851424 -0.372087  0.749738 0.343686 0
toilet
0  8.212605 -2.716545 25.033241  0.325734 -0.886761 -0.327951  0.748568 0.344852 0
0  8.321751 -2.635299 24.934906  0.369634 -0.851424 -0.372087  0.749738 0.343686 0
0  8.492171 -2.634655 25.149418  0.449328 -0.854939 -0.259197  0.751556 0.345852 0
toilet
0  8.443625 -2.716716 25.434589  0.438940 -0.891398 -0.112873  0.751108 0.348840 0
0  8.363690 -2.715637 25.215508  0.395083 -0.889905 -0.227989  0.750114 0.346688 0
0  8.492171 -2.634655 25.149418  0.449328 -0.854939 -0.259197  0.751556 0.345852 0
toilet
0  8.478539 -2.715751 25.663723  0.450925 -0.892492 0.011206  0.751490 0.351163 0
0  8.443625 -2.716716 25.434589  0.438940 -0.891398 -0.112873  0.751108 0.348840 0
0  8.590349 -2.635459 25.401192  0.498893 -0.857121 -0.128255  0.752725 0.348387 0
toilet
0  8.432412 -2.716739 25.890873  0.432961 -0.891366 0.134207  0.751220 0.353501 0
0  8.478539 -2.715751 25.663723  0.450925 -0.892492 0.011206  0.751490 0.351163 0
0  8.624970 -2.634761 25.667324  0.513001 -0.858296 0.012582  0.753173 0.351122 0
toilet
0  8.341817 -2.715686 26.105755  0.383379 -0.890026 0.246728  0.750331 0.355699 0
0  8.432412 -2.716739 25.890873  0.432961 -0.891366 0.134207  0.751220 0.353501 0
0  8.577317 -2.635490 25.931438  0.491988 -0.857147 0.152467  0.752857 0.353876 0
toilet
0  8.286145 -2.635387 26.383976  0.350900 -0.851471 0.389700  0.750100 0.358715 0
0  8.181962 -2.716625 26.280384  0.309201 -0.886833 0.343398  0.748875 0.357607 0
0  8.341817 -2.715686 26.105755  0.383379 -0.890026 0.246728  0.750331 0.355699 0
toilet
0  6.610284 2.710713 25.103313  -0.434735 0.855868 -0.280172  0.738885 0.398327 0
0  6.499890 2.711518 25.349899  -0.490577 0.858005 -0.152187  0.739930 0.400916 0
0  6.644792 2.792786 25.390457  -0.433340 0.891144 -0.134453  0.738293 0.401290 0
toilet
0  7.794412 -2.635273 26.637558  0.118330 -0.845876 0.520089  0.745158 0.361610 0
0  7.758791 -2.716491 26.498787  0.104389 -0.882334 0.458901  0.744680 0.360058 0
0  7.989843 -2.715534 26.423481  0.213480 -0.884725 0.414352  0.746948 0.359096 0
toilet
0  7.513179 -2.634537 26.669754  -0.013057 -0.845387 0.533994  0.742265 0.362039 0
0  7.516582 -2.715469 26.531448  -0.011446 -0.882160 0.470811  0.742226 0.360419 0
0  7.758791 -2.716491 26.498787  0.104389 -0.882334 0.458901  0.744680 0.360058 0
toilet
0  8.539310 -3.925056 34.314632  0.994719 -0.080272 -0.063956  0.402363 0.503100 0
0  8.552763 -3.213695 33.768845  0.995217 -0.065901 -0.072117  0.409839 0.497909 0
0  8.654814 -2.639541 34.943661  0.997526 -0.050329 -0.049086  0.415386 0.509996 0
toilet
0  8.504807 -5.111808 35.716000  0.993597 -0.104370 -0.043274  0.389711 0.516773 0
0  8.523113 -4.544612 34.972324  0.994119 -0.093527 -0.054591  0.395782 0.509475 0
0  8.630462 -3.732681 35.932125  0.996854 -0.070920 -0.035391  0.403860 0.519547 0
toilet
0  8.654190 -2.173748 42.292500  0.998000 -0.039025 0.049732  0.418538 0.584139 0
0  8.662742 -2.366153 41.944061  0.998077 -0.042474 0.045140  0.416617 0.580586 0
0  8.728317 -1.194027 41.148567  0.999150 -0.021671 0.035072  0.428892 0.572815 0
toilet
0  7.049345 2.791565 26.400135  -0.233652 0.884475 0.403869  0.733644 0.411334 0
0  6.973245 2.710602 26.518143  -0.264346 0.849449 0.456681  0.734460 0.412752 0
0  7.233954 2.711254 26.623501  -0.143253 0.846755 0.512332  0.731735 0.413759 0
toilet
0  8.392217 6.426636 40.326160  0.991048 0.131102 0.025240  0.507909 0.566061 0
0  8.367998 6.368908 41.311615  0.990745 0.130062 0.038834  0.507099 0.576118 0
0  8.503057 5.231034 41.138828  0.994462 0.098931 0.035459  0.495341 0.574091 0
toilet
0  8.206820 -6.661827 34.309799  0.980558 -0.174671 -0.089415  0.374185 0.501558 0
0  8.230676 -5.922645 33.340622  0.981799 -0.156208 -0.108025  0.382168 0.492019 0
0  8.389088 -5.278789 34.103535  0.989620 -0.120778 -0.077874  0.388517 0.500246 0
toilet
0  6.783953 -2.786823 25.812370  -0.344242 -0.934704 0.088462  0.734525 0.353490 0
0  6.753012 -2.786400 25.621319  -0.355711 -0.934555 -0.008783  0.734208 0.351579 0
0  6.924918 -2.833568 25.625542  -0.155949 -0.987757 -0.003870  0.735891 0.351539 0
toilet
0  6.848964 -2.786350 25.995853  -0.311777 -0.932889 0.180314  0.735346 0.355258 0
0  6.783953 -2.786823 25.812370  -0.344242 -0.934704 0.088462  0.734525 0.353490 0
0  6.942131 -2.833576 25.776363  -0.149455 -0.988036 0.038043  0.736141 0.353037 0
toilet
0  6.976508 -2.786716 26.146946  -0.255626 -0.931870 0.257435  0.736619 0.356765 0
0  6.848964 -2.786350 25.995853  -0.311777 -0.932889 0.180314  0.735346 0.355258 0
0  6.999984 -2.833587 25.917931  -0.136852 -0.987414 0.079284  0.736789 0.354421 0
toilet
0  6.976508 -2.786716 26.146946  -0.255626 -0.931870 0.257435  0.736619 0.356765 0
0  7.094535 -2.833587 26.040604  -0.111587 -0.987481 0.111485  0.737789 0.355599 0
0  7.219340 -2.833587 26.136017  -0.080708 -0.986754 0.140723  0.739076 0.356489 0
toilet
0  7.354848 2.862618 24.925385  -0.082345 0.928488 -0.362118  0.731274 0.396287 0
0  7.393460 2.909855 25.075764  -0.036068 0.986839 -0.157631  0.730796 0.397840 0
0  7.552747 2.909840 25.059881  0.004101 0.986339 -0.164675  0.729220 0.397613 0
toilet
0  7.129652 -2.786201 26.275490  -0.184163 -0.929666 0.319071  0.738261 0.357907 0
0  7.219340 -2.833587 26.136017  -0.080708 -0.986754 0.140723  0.739076 0.356489 0
0  7.365894 -2.833576 26.197666  -0.043669 -0.986910 0.155250  0.740563 0.357028 0
toilet
0  7.556762 2.862133 24.896378  0.009240 0.927511 -0.373682  0.729259 0.395993 0
0  7.552747 2.909840 25.059881  0.004101 0.986339 -0.164675  0.729220 0.397613 0
0  7.711062 2.909832 25.083569  0.043884 0.986835 -0.155661  0.727636 0.397763 0
toilet
0  8.152038 2.909840 25.655693  0.156486 0.987673 0.003789  0.722963 0.403253 0
0  8.127439 2.909855 25.805489  0.147968 0.987946 0.045477  0.723142 0.404761 0
0  8.283498 2.862851 25.849178  0.340763 0.934196 0.105630  0.721505 0.405136 0
toilet
0  8.076972 2.909832 25.363302  0.137262 0.987333 -0.079578  0.723861 0.400370 0
0  8.134825 2.909832 25.504871  0.150010 0.987943 -0.038275  0.723214 0.401755 0
0  8.292844 2.862824 25.468906  0.345536 0.934188 -0.088867  0.721598 0.401302 0
toilet
0  6.895176 2.792591 25.001060  -0.309458 0.886541 -0.343919  0.735948 0.397185 0
0  7.002167 2.862770 25.107422  -0.243495 0.931349 -0.270739  0.734723 0.398293 0
0  7.161407 2.862236 24.986584  -0.168814 0.929145 -0.328923  0.733138 0.397073 0
toilet
0  7.915625 -2.786152 26.294804  0.168400 -0.929636 0.327749  0.746065 0.357719 0
0  7.832900 -2.833549 26.151093  0.074009 -0.986763 0.144294  0.745182 0.356342 0
0  7.962241 -2.833534 26.061924  0.106098 -0.987469 0.116824  0.746425 0.355391 0
toilet
0  8.134825 2.909832 25.504871  0.150010 0.987943 -0.038275  0.723214 0.401755 0
0  8.152038 2.909840 25.655693  0.156486 0.987673 0.003789  0.722963 0.403253 0
0  8.323773 2.862416 25.659916  0.357025 0.934054 0.008705  0.721281 0.403212 0
toilet
0  7.722143 -2.786560 26.356018  0.082083 -0.929000 0.360861  0.744201 0.358505 0
0  7.683496 -2.833553 26.205471  0.036122 -0.986906 0.157201  0.743723 0.356952 0
0  7.832900 -2.833549 26.151093  0.074009 -0.986763 0.144294  0.745182 0.356342 0
toilet
0  7.757007 2.862599 24.935261  0.100063 0.928456 -0.357709  0.727233 0.396189 0
0  7.711062 2.909832 25.083569  0.043884 0.986835 -0.155661  0.727636 0.397763 0
0  7.857617 2.909832 25.145224  0.081257 0.986669 -0.141005  0.726149 0.398303 0
toilet
0  8.062701 2.909859 25.944046  0.133214 0.987339 0.086117  0.723721 0.406176 0
0  7.962241 2.909874 26.061924  0.106351 0.987409 0.117104  0.724664 0.407400 0
0  8.074782 2.862770 26.173820  0.243609 0.931367 0.270574  0.723439 0.408508 0
toilet
0  7.002167 2.862770 25.107422  -0.243495 0.931349 -0.270739  0.734723 0.398293 0
0  7.114715 2.909874 25.219315  -0.106219 0.987407 -0.117236  0.733498 0.399401 0
0  7.244055 2.909859 25.130142  -0.073929 0.986662 -0.145029  0.732255 0.398450 0
toilet
0  7.711063 -2.833488 25.083565  0.043792 -0.986890 -0.155339  0.743454 0.345754 0
0  7.757057 -2.786468 24.935104  0.099704 -0.928972 -0.356469  0.743856 0.344180 0
0  7.947299 -2.786068 25.005749  0.184307 -0.929584 -0.319223  0.745756 0.344876 0
toilet
0  7.552747 -2.833496 25.059875  0.004095 -0.986401 -0.164303  0.741869 0.345604 0
0  7.556766 -2.786007 24.896210  0.009213 -0.928009 -0.372443  0.741830 0.343984 0
0  7.757057 -2.786468 24.935104  0.099704 -0.928972 -0.356469  0.743856 0.344180 0
toilet
0  7.393460 -2.833507 25.075764  -0.036019 -0.986889 -0.157331  0.740293 0.345830 0
0  7.354806 -2.786499 24.925224  -0.081981 -0.928965 -0.360975  0.739815 0.344278 0
0  7.556766 -2.786007 24.896210  0.009213 -0.928009 -0.372443  0.741830 0.343984 0
toilet
0  7.244056 -2.833515 25.130148  -0.073976 -0.986734 -0.144511  0.738834 0.346441 0
0  7.161325 -2.786114 24.986439  -0.168288 -0.929611 -0.327876  0.737951 0.345064 0
0  7.354806 -2.786499 24.925224  -0.081981 -0.928965 -0.360975  0.739815 0.344278 0
toilet
0  7.114715 -2.833534 25.219315  -0.105967 -0.987468 -0.116955  0.737591 0.347392 0
0  7.002053 -2.786651 25.107307  -0.242696 -0.931812 -0.269861  0.736366 0.346283 0
0  7.161325 -2.786114 24.986439  -0.168288 -0.929611 -0.327876  0.737951 0.345064 0
toilet
0  6.867243 -2.786300 25.251949  -0.302516 -0.932875 -0.195518  0.735167 0.347850 0
0  7.002053 -2.786651 25.107307  -0.242696 -0.931812 -0.269861  0.736366 0.346283 0
0  7.114715 -2.833534 25.219315  -0.105967 -0.987468 -0.116955  0.737591 0.347392 0
toilet
0  6.793297 -2.786808 25.432018  -0.339504 -0.934683 -0.105377  0.734432 0.349656 0
0  6.867243 -2.786300 25.251949  -0.302516 -0.932875 -0.195518  0.735167 0.347850 0
0  7.014254 -2.833549 25.337194  -0.132747 -0.987411 -0.086015  0.736648 0.348616 0
toilet
0  6.753012 -2.786400 25.621319  -0.355711 -0.934555 -0.008783  0.734208 0.351579 0
0  6.793297 -2.786808 25.432018  -0.339504 -0.934683 -0.105377  0.734432 0.349656 0
0  6.949518 -2.833561 25.475750  -0.147398 -0.988032 -0.045457  0.736069 0.350030 0
toilet
0  7.835464 3.216580 49.447056  0.976680 0.084695 0.197291  0.472269 0.658196 0
0  7.825487 2.168331 49.850555  0.976989 0.057303 0.205449  0.461468 0.661952 0
0  8.027948 1.932606 48.818645  0.985410 0.044236 0.164347  0.459348 0.651234 0
toilet
0  6.463729 10.073929 41.837582  -0.926563 -0.370540 -0.064661  0.564099 0.604470 0
0  6.502031 10.165188 40.279575  -0.927315 -0.373486 -0.024384  0.563313 0.588387 0
0  6.903243 9.195328 40.289761  -0.930110 -0.366403 -0.025379  0.574087 0.588499 0
toilet
0  6.790786 -2.635387 24.897285  -0.350756 -0.851493 -0.389782  0.733916 0.344067 0
0  6.690934 -2.543850 24.798023  -0.390624 -0.811801 -0.434041  0.732691 0.342959 0
0  6.949615 -2.543831 24.619686  -0.269581 -0.808186 -0.523605  0.735302 0.340933 0
toilet
0  7.016878 -2.634548 24.736164  -0.242266 -0.848524 -0.470441  0.736185 0.342310 0
0  6.949615 -2.543831 24.619686  -0.269581 -0.808186 -0.523605  0.735302 0.340933 0
0  7.248424 -2.543796 24.510929  -0.131450 -0.805169 -0.578294  0.738381 0.339620 0
toilet
0  7.282520 -2.635177 24.643707  -0.118194 -0.845906 -0.520070  0.738859 0.341172 0
0  7.248424 -2.543796 24.510929  -0.131450 -0.805169 -0.578294  0.738381 0.339620 0
0  7.566998 -2.543781 24.479153  0.014537 -0.804374 -0.593946  0.741713 0.339123 0
toilet
0  7.563752 -2.634411 24.611507  0.013150 -0.845328 -0.534086  0.741752 0.340743 0
0  7.566998 -2.543781 24.479153  0.014537 -0.804374 -0.593946  0.741713 0.339123 0
0  7.883630 -2.543758 24.526531  0.159788 -0.805187 -0.571088  0.745065 0.339459 0
toilet
0  7.843065 -2.635147 24.657475  0.143756 -0.845804 -0.513761  0.744662 0.341033 0
0  7.883630 -2.543758 24.526531  0.159788 -0.805187 -0.571088  0.745065 0.339459 0
0  8.176736 -2.543751 24.649837  0.294928 -0.808096 -0.509900  0.748203 0.340622 0
toilet
0  8.534042 2.467564 44.111694  0.996296 0.044537 0.073561  0.466064 0.603517 0
0  8.525589 2.020234 44.454670  0.996286 0.036500 0.077985  0.461369 0.606868 0
0  8.634014 1.366337 43.122238  0.997871 0.024529 0.060436  0.454933 0.593248 0
toilet
0  8.629326 1.049351 43.312267  0.997847 0.018777 0.062845  0.451619 0.595090 0
0  8.626070 0.707379 43.443905  0.997822 0.012702 0.064736  0.448060 0.596340 0
0  8.709856 0.356736 41.903584  0.998962 0.006432 0.045096  0.444768 0.580743 0
toilet
0  8.674379 0.694722 34.155407  0.998122 0.013077 -0.059837  0.449820 0.502994 0
0  8.670324 1.365795 34.322083  0.998011 0.026000 -0.057435  0.456680 0.504760 0
0  8.739801 1.045334 35.734241  0.999196 0.019000 -0.035300  0.453135 0.518900 0
toilet
0  8.624970 -2.634761 25.667324  0.513001 -0.858296 0.012582  0.753173 0.351122 0
0  8.590349 -2.635459 25.401192  0.498893 -0.857121 -0.128255  0.752725 0.348387 0
0  8.731154 -2.543758 25.369144  0.556484 -0.818452 -0.143047  0.754341 0.347934 0
toilet
0  8.577317 -2.635490 25.931438  0.491988 -0.857147 0.152467  0.752857 0.353876 0
0  8.624970 -2.634761 25.667324  0.513001 -0.858296 0.012582  0.753173 0.351122 0
0  8.765582 -2.543777 25.670788  0.572729 -0.819624 0.014060  0.754855 0.351082 0
toilet
0  8.466895 -2.634716 26.178085  0.436044 -0.854976 0.280858  0.751812 0.356465 0
0  8.577317 -2.635490 25.931438  0.491988 -0.857147 0.152467  0.752857 0.353876 0
0  8.716380 -2.543796 25.970375  0.548805 -0.818458 0.170113  0.754493 0.354250 0
toilet
0  8.385985 -2.543849 26.483250  0.390724 -0.811811 0.433934  0.751325 0.359823 0
0  8.286145 -2.635387 26.383976  0.350900 -0.851471 0.389700  0.750100 0.358715 0
0  8.466895 -2.634716 26.178085  0.436044 -0.854976 0.280858  0.751812 0.356465 0
toilet
0  8.510653 0.528202 45.058857  0.996252 0.009528 0.085967  0.445859 0.612608 0
0  8.509794 0.000306 45.092541  0.996251 -0.000110 0.086515  0.440417 0.612831 0
0  8.623333 0.000203 43.553646  0.997812 -0.000099 0.066118  0.440738 0.597291 0
toilet
0  7.887753 -5.921772 47.296879  0.975301 -0.156292 0.156078  0.379123 0.634832 0
0  7.911685 -6.663105 46.321171  0.974974 -0.174700 0.137498  0.371540 0.624812 0
0  8.104773 -5.938758 45.672947  0.984425 -0.135482 0.112034  0.379119 0.618084 0
toilet
0  8.083445 -5.278011 46.542587  0.984597 -0.120829 0.126370  0.385852 0.627004 0
0  8.104773 -5.938758 45.672947  0.984425 -0.135482 0.112034  0.379119 0.618084 0
0  8.278343 -5.112789 44.932652  0.990223 -0.104648 0.092230  0.387748 0.610517 0
toilet
0  8.633848 -1.365978 43.122406  0.997864 -0.024729 0.060458  0.426722 0.592667 0
0  8.639582 -1.669796 42.888264  0.997896 -0.030049 0.057454  0.423630 0.590247 0
0  8.716660 -0.841724 41.623863  0.999021 -0.015526 0.041430  0.432438 0.577674 0
toilet
0  6.753998 5.098065 29.874237  -0.999911 -0.003872 -0.012765  0.503575 0.445889 0
0  6.758644 5.116883 29.798843  -0.891594 0.260510 -0.370397  0.502894 0.446300 0
0  6.773813 3.939549 29.085400  -0.914411 0.176531 -0.364264  0.489566 0.437720 0
toilet
0  6.650574 -2.543949 26.440609  -0.411463 -0.811875 0.414195  0.733108 0.360262 0
0  6.755181 -2.635471 26.346355  -0.369532 -0.851507 0.371997  0.734278 0.359096 0
0  6.973086 -2.634655 26.518391  -0.264967 -0.848580 0.457935  0.736629 0.360743 0
toilet
0  6.461473 -2.543949 26.195263  -0.500788 -0.815918 0.288943  0.731017 0.357767 0
0  6.584760 -2.634838 26.131840  -0.449305 -0.854972 0.259130  0.732460 0.356931 0
0  6.755181 -2.635471 26.346355  -0.369532 -0.851507 0.371997  0.734278 0.359096 0
toilet
0  6.461473 -2.543949 26.195263  -0.500788 -0.815918 0.288943  0.731017 0.357767 0
0  6.345766 -2.543941 25.912125  -0.556372 -0.818543 0.142959  0.729676 0.354848 0
0  6.486583 -2.635620 25.880066  -0.498819 -0.857177 0.128171  0.731292 0.354395 0
toilet
0  7.761091 9.029266 35.917179  0.928835 0.356076 -0.102347  0.535944 0.520734 0
0  7.726315 9.420818 37.333420  0.926405 0.371477 -0.061472  0.539992 0.535502 0
0  7.932861 8.830872 37.524899  0.960241 0.276427 -0.039069  0.533573 0.537507 0
toilet
0  6.785501 2.648274 28.581127  -0.921867 0.113788 -0.370423  0.474965 0.431160 0
0  6.773813 3.939549 29.085400  -0.914411 0.176531 -0.364264  0.489566 0.437720 0
0  7.000721 4.035340 28.632347  -0.682862 0.317610 -0.657894  0.486196 0.441651 0
toilet
0  7.428820 5.957268 49.432587  0.928587 0.237381 0.285264  0.500440 0.659715 0
0  7.408409 4.877320 50.260620  0.930494 0.195460 0.309801  0.489065 0.667750 0
0  7.634863 4.571896 49.642590  0.960978 0.144594 0.235827  0.486081 0.660966 0
toilet
0  8.716380 -2.543796 25.970375  0.548805 -0.818458 0.170113  0.754493 0.354250 0
0  8.765582 -2.543777 25.670788  0.572729 -0.819624 0.014060  0.754855 0.351082 0
0  8.908401 -2.437164 25.674305  0.584831 -0.811030 0.014243  0.756650 0.351039 0
toilet
0  8.708911 -2.437229 26.318104  0.496507 -0.807043 0.319629  0.754889 0.358047 0
0  8.586909 -2.543823 26.247490  0.486335 -0.815849 0.312839  0.753294 0.357231 0
0  8.716380 -2.543796 25.970375  0.548805 -0.818458 0.170113  0.754493 0.354250 0
toilet
0  6.490012 -2.543884 25.033783  -0.486173 -0.815775 -0.313284  0.730723 0.345552 0
0  6.367998 -2.437282 24.963184  -0.496427 -0.807051 -0.319734  0.729128 0.344735 0
0  6.592206 -2.437530 24.699883  -0.398494 -0.803412 -0.442416  0.731368 0.341773 0
toilet
0  6.690934 -2.543850 24.798023  -0.390624 -0.811801 -0.434041  0.732691 0.342959 0
0  6.592206 -2.437530 24.699883  -0.398494 -0.803412 -0.442416  0.731368 0.341773 0
0  6.881110 -2.437244 24.500954  -0.274828 -0.799560 -0.534015  0.734345 0.339453 0
toilet
0  7.862261 -2.437595 26.901890  0.134181 -0.796742 0.589234  0.746156 0.364837 0
0  7.828496 -2.543903 26.770344  0.131528 -0.805261 0.578148  0.745636 0.363163 0
0  8.127305 -2.543876 26.661583  0.269655 -0.808163 0.523601  0.748714 0.361850 0
toilet
0  7.248424 -2.543796 24.510929  -0.131450 -0.805169 -0.578294  0.738381 0.339620 0
0  7.214646 -2.437488 24.379391  -0.134211 -0.796488 -0.589571  0.737861 0.337946 0
0  7.570312 -2.437202 24.344105  0.014999 -0.795298 -0.606033  0.741670 0.337363 0
toilet
0  6.550086 -10.166573 38.704575  -0.756220 -0.648065 -0.090238  0.324082 0.544073 0
0  6.535974 -10.126507 38.710545  -0.987513 -0.152155 -0.040819  0.323647 0.544032 0
0  6.573822 -9.849751 37.170856  -0.987651 -0.146035 -0.056740  0.327156 0.526421 0
toilet
0  8.126658 1.203324 29.619278  0.974742 0.037835 -0.220107  0.455674 0.457122 0
0  8.119634 2.365658 29.907963  0.974073 0.075308 -0.213331  0.467311 0.460050 0
0  8.293927 2.167138 30.785957  0.985948 0.057471 -0.156856  0.465265 0.469074 0
toilet
0  8.195798 -2.437297 26.780331  0.275044 -0.799487 0.534014  0.749671 0.363329 0
0  8.127305 -2.543876 26.661583  0.269655 -0.808163 0.523601  0.748714 0.361850 0
0  8.385985 -2.543849 26.483250  0.390724 -0.811811 0.433934  0.751325 0.359823 0
toilet
0  8.484701 -2.437530 26.581406  0.399129 -0.803045 0.442510  0.752648 0.361010 0
0  8.385985 -2.543849 26.483250  0.390724 -0.811811 0.433934  0.751325 0.359823 0
0  8.586909 -2.543823 26.247490  0.486335 -0.815849 0.312839  0.753294 0.357231 0
toilet
0  8.731154 -2.543758 25.369144  0.556484 -0.818452 -0.143047  0.754341 0.347934 0
0  8.615447 -2.543750 25.086010  0.500960 -0.815762 -0.289087  0.752999 0.345016 0
0  8.740769 -2.437145 25.021488  0.511660 -0.807072 -0.294683  0.754553 0.344123 0
toilet
0  8.765582 -2.543777 25.670788  0.572729 -0.819624 0.014060  0.754855 0.351082 0
0  8.731154 -2.543758 25.369144  0.556484 -0.818452 -0.143047  0.754341 0.347934 0
0  8.870122 -2.437404 25.337521  0.567611 -0.810285 -0.145790  0.756076 0.347453 0
toilet
0  6.168506 -2.437332 25.606979  -0.584748 -0.811088 -0.014357  0.727367 0.351744 0
0  6.223279 -2.437565 25.272480  -0.560038 -0.810103 -0.173467  0.727767 0.348135 0
0  6.360538 -2.543903 25.310898  -0.548729 -0.818486 -0.170223  0.729523 0.348532 0
toilet
0  7.506873 1.380333 27.759499  0.802104 0.094911 -0.589593  0.457705 0.437349 0
0  7.492670 2.708279 28.102001  0.791227 0.195272 -0.579507  0.470915 0.440631 0
0  7.715042 2.638569 28.696957  0.930208 0.121311 -0.346405  0.470163 0.447108 0
toilet
0  8.426347 -2.543750 24.840664  0.411627 -0.811700 -0.414374  0.750908 0.342521 0
0  8.529763 -2.437408 24.747490  0.419967 -0.803248 -0.422398  0.752173 0.341271 0
0  8.740769 -2.437145 25.021488  0.511660 -0.807072 -0.294683  0.754553 0.344123 0
toilet
0  8.176736 -2.543751 24.649837  0.294928 -0.808096 -0.509900  0.748203 0.340622 0
0  8.250977 -2.437164 24.534615  0.301368 -0.799130 -0.520163  0.749088 0.339098 0
0  8.529763 -2.437408 24.747490  0.419967 -0.803248 -0.422398  0.752173 0.341271 0
toilet
0  7.883630 -2.543758 24.526531  0.159788 -0.805187 -0.571088  0.745065 0.339459 0
0  7.923814 -2.437443 24.396816  0.163144 -0.796265 -0.582534  0.745504 0.337761 0
0  8.250977 -2.437164 24.534615  0.301368 -0.799130 -0.520163  0.749088 0.339098 0
toilet
0  7.506596 -2.437366 26.937183  -0.014899 -0.795371 0.605939  0.742346 0.365419 0
0  7.509921 -2.543922 26.802116  -0.014313 -0.804498 0.593784  0.742304 0.363660 0
0  7.828496 -2.543903 26.770344  0.131528 -0.805261 0.578148  0.745636 0.363163 0
toilet
0  7.566998 -2.543781 24.479153  0.014537 -0.804374 -0.593946  0.741713 0.339123 0
0  7.570312 -2.437202 24.344105  0.014999 -0.795298 -0.606033  0.741670 0.337363 0
0  7.923814 -2.437443 24.396816  0.163144 -0.796265 -0.582534  0.745504 0.337761 0
toilet
0  6.949615 -2.543831 24.619686  -0.269581 -0.808186 -0.523605  0.735302 0.340933 0
0  6.881110 -2.437244 24.500954  -0.274828 -0.799560 -0.534015  0.734345 0.339453 0
0  7.214646 -2.437488 24.379391  -0.134211 -0.796488 -0.589571  0.737861 0.337946 0
toilet
0  6.783020 -2.639808 28.674385  -0.999703 0.013715 0.020160  0.696842 0.470068 0
0  6.788586 -2.633587 28.714451  -0.952346 0.097650 0.288967  0.696773 0.470482 0
0  6.796611 -1.329555 28.390530  -0.953703 0.049052 0.296724  0.683341 0.467020 0
toilet
0  6.788907 2.632435 28.714138  -0.952360 -0.097962 0.288813  0.642409 0.469924 0
0  6.783342 2.638626 28.674065  -0.999702 -0.013639 0.020263  0.642349 0.469508 0
0  6.791177 1.342221 28.352070  -0.999765 -0.006800 0.020588  0.655771 0.466341 0
toilet
0  7.492339 -2.709617 28.102333  0.786100 -0.196192 -0.586136  0.417035 0.439519 0
0  7.507480 -1.369686 27.757931  0.798336 -0.096139 -0.594489  0.430497 0.436774 0
0  7.722772 -1.333110 28.372749  0.936519 -0.059402 -0.345547  0.430664 0.443354 0
toilet
0  6.216998 2.632847 51.847912  -0.937138 -0.097370 -0.335099  0.639965 0.708483 0
0  6.229147 3.904511 51.358330  -0.936278 -0.143161 -0.320761  0.626884 0.703303 0
0  6.659456 3.529019 50.305233  -0.937444 -0.145215 -0.316403  0.631147 0.691785 0
toilet
0  7.379748 -2.523571 51.409145  0.933217 -0.102158 0.344484  0.413462 0.677474 0
0  7.391362 -3.752163 50.933552  0.931905 -0.150081 0.330196  0.401017 0.672522 0
0  7.618882 -3.517208 50.273376  0.961746 -0.110882 0.250501  0.403532 0.665473 0
toilet
0  7.601065 1.195362 51.009884  0.962773 0.037850 0.267647  0.451280 0.673679 0
0  7.599122 0.000725 51.086117  0.962996 -0.000268 0.269517  0.439153 0.674192 0
0  7.817093 0.000660 50.186951  0.977198 -0.000168 0.212329  0.439346 0.664802 0
toilet
0  7.022799 2.708298 28.090458  -0.698288 0.213300 -0.683298  0.472319 0.436045 0
0  7.000721 4.035340 28.632347  -0.682862 0.317610 -0.657894  0.486196 0.441651 0
0  7.243690 4.066327 28.640850  0.021961 0.465719 -0.884660  0.485431 0.444018 0
toilet
0  7.000939 -4.028183 28.624187  -0.687549 -0.315619 -0.653958  0.401838 0.439857 0
0  7.022469 -2.709583 28.090786  -0.705312 -0.209465 -0.677244  0.415822 0.434877 0
0  7.259563 -2.732979 28.096581  0.023361 -0.317172 -0.948080  0.416216 0.437282 0
toilet
0  7.570363 2.517113 24.342010  0.014969 0.794382 -0.607234  0.729419 0.389372 0
0  7.566998 2.620129 24.479153  0.014581 0.812950 -0.582151  0.729377 0.391132 0
0  7.883630 2.620102 24.526535  0.156619 0.813693 -0.559799  0.726025 0.391468 0
toilet
0  7.924380 2.517102 24.394985  0.163498 0.795410 -0.583602  0.725586 0.389771 0
0  7.883630 2.620102 24.526535  0.156619 0.813693 -0.559799  0.726025 0.391468 0
0  8.176736 2.620095 24.649841  0.289151 0.816478 -0.499755  0.722886 0.392631 0
toilet
0  8.252090 2.517094 24.532864  0.301924 0.798212 -0.521248  0.722002 0.391107 0
0  8.176736 2.620095 24.649841  0.289151 0.816478 -0.499755  0.722886 0.392631 0
0  8.426347 2.620095 24.840668  0.403350 0.820030 -0.406028  0.720181 0.394530 0
toilet
0  8.531160 2.517094 24.746231  0.421219 0.801855 -0.423796  0.718916 0.393281 0
0  8.426347 2.620095 24.840668  0.403350 0.820030 -0.406028  0.720181 0.394530 0
0  8.615447 2.620095 25.086006  0.491318 0.823644 -0.283227  0.718090 0.397025 0
toilet
0  8.615447 2.620095 25.086006  0.491318 0.823644 -0.283227  0.718090 0.397025 0
0  8.731154 2.620102 25.369148  0.545293 0.826447 -0.140149  0.716748 0.399944 0
0  8.871926 2.517109 25.337109  0.569389 0.808980 -0.146109  0.715013 0.399462 0
toilet
0  8.731154 2.620102 25.369148  0.545293 0.826447 -0.140149  0.716748 0.399944 0
0  8.765582 2.620121 25.670788  0.560984 0.827716 0.013503  0.716235 0.403091 0
0  8.910413 2.517128 25.674355  0.586162 0.810067 0.014343  0.714439 0.403048 0
toilet
0  8.765582 2.620121 25.670788  0.560984 0.827716 0.013503  0.716235 0.403091 0
0  8.716380 2.620141 25.970375  0.537688 0.826509 0.166657  0.716596 0.406260 0
0  8.855412 2.517163 26.009304  0.561529 0.809000 0.173793  0.714840 0.406657 0
toilet
0  8.586909 2.620167 26.247486  0.476258 0.824050 0.306791  0.717795 0.409240 0
0  8.710666 2.517182 26.319130  0.497619 0.806100 0.320277  0.716201 0.410057 0
0  8.855412 2.517163 26.009304  0.561529 0.809000 0.173793  0.714840 0.406657 0
toilet
0  8.385985 2.620194 26.483246  0.382936 0.820071 0.425258  0.719764 0.411832 0
0  8.486035 2.517209 26.582729  0.399875 0.802167 0.443428  0.718441 0.413019 0
0  8.710666 2.517182 26.319130  0.497619 0.806100 0.320277  0.716201 0.410057 0
toilet
0  8.127305 2.620220 26.661587  0.263610 0.816757 0.513243  0.722375 0.413859 0
0  8.196823 2.517228 26.782131  0.275959 0.798277 0.535351  0.721418 0.415339 0
0  8.486035 2.517209 26.582729  0.399875 0.802167 0.443428  0.718441 0.413019 0
toilet
0  7.004597 -8.510853 36.144924  -0.935480 0.340383 0.094950  0.756059 0.547843 0
0  7.024304 -8.409691 36.187431  -0.999725 0.004705 -0.022965  0.754999 0.548270 0
0  7.055241 -7.866870 34.929661  -0.999737 0.004213 -0.022535  0.749567 0.535316 0
toilet
0  7.509921 2.620266 26.802120  -0.014664 0.813064 0.581990  0.728785 0.415669 0
0  7.506545 2.517273 26.939278  -0.014866 0.794465 0.607128  0.728743 0.417428 0
0  7.862736 2.517254 26.903748  0.134649 0.795474 0.590839  0.724933 0.416846 0
toilet
0  6.624732 -9.476669 35.664574  -0.758580 -0.609347 -0.230765  0.333071 0.509660 0
0  6.659507 -8.865448 34.249031  -0.757899 -0.578550 -0.301444  0.340520 0.493698 0
0  6.879889 -9.064564 34.119930  -0.576067 -0.727303 -0.373064  0.343556 0.495013 0
toilet
0  7.391674 3.745800 50.938953  0.931888 0.150059 0.330254  0.477242 0.674146 0
0  7.380056 2.525093 51.408829  0.933286 0.101539 0.344480  0.464688 0.678529 0
0  7.608286 2.366959 50.718910  0.962444 0.074940 0.260933  0.463251 0.671093 0
toilet
0  7.156853 3.916283 51.417282  0.859973 0.215386 0.462661  0.478925 0.679572 0
0  7.144705 2.640023 51.908539  0.862904 0.146016 0.483813  0.465787 0.684185 0
0  7.380056 2.525093 51.408829  0.933286 0.101539 0.344480  0.464688 0.678529 0
toilet
0  6.217076 1.338349 52.256470  -0.819634 0.091874 0.565473  0.453942 0.699620 0
0  6.214896 0.000897 52.341801  -0.821000 -0.000429 0.570927  0.438609 0.700519 0
0  6.425902 0.000897 52.618328  -0.653516 -0.000604 0.756913  0.438686 0.696919 0
toilet
0  6.824817 2.517315 26.748425  -0.301826 0.798314 0.521148  0.736160 0.415694 0
0  6.750167 2.411785 26.864296  -0.282271 0.826884 0.486402  0.737045 0.417218 0
0  7.112158 2.411770 27.016579  -0.152971 0.824240 0.545187  0.733015 0.418728 0
toilet
0  6.660357 -1.389309 52.640182  -0.024280 -0.152329 0.988032  0.424391 0.692950 0
0  6.668467 -2.731457 52.306835  -0.023428 -0.300900 0.953368  0.410482 0.689504 0
0  6.905930 -2.708103 52.209812  0.644065 -0.226446 0.730686  0.411186 0.686960 0
toilet
0  6.204955 1.333328 52.210197  -0.994439 0.020388 0.103320  0.454027 0.700101 0
0  6.202786 0.000889 52.295223  -0.994820 -0.000009 0.101657  0.438598 0.701011 0
0  6.214896 0.000897 52.341801  -0.821000 -0.000429 0.570927  0.438609 0.700519 0
toilet
0  8.227839 2.862339 25.285458  0.312864 0.932398 -0.180968  0.722418 0.399534 0
0  8.292844 2.862824 25.468906  0.345536 0.934188 -0.088867  0.721598 0.401302 0
0  8.443357 2.792675 25.434650  0.439480 0.891121 -0.112959  0.719981 0.400849 0
toilet
0  6.849109 2.862461 25.995777  -0.312742 0.932460 0.180864  0.735743 0.407267 0
0  6.713496 2.791760 26.065613  -0.395374 0.889803 0.227884  0.737186 0.408103 0
0  6.864542 2.792668 26.247822  -0.325969 0.886580 0.328208  0.735641 0.409940 0
toilet
0  6.976627 2.862831 26.146835  -0.256484 0.931390 0.258319  0.734470 0.408774 0
0  6.864542 2.792668 26.247822  -0.325969 0.886580 0.328208  0.735641 0.409940 0
0  7.049345 2.791565 26.400135  -0.233652 0.884475 0.403869  0.733644 0.411334 0
toilet
0  7.758791 -2.716491 26.498787  0.104389 -0.882334 0.458901  0.744680 0.360058 0
0  7.722143 -2.786560 26.356018  0.082083 -0.929000 0.360861  0.744201 0.358505 0
0  7.915625 -2.786152 26.294804  0.168400 -0.929636 0.327749  0.746065 0.357719 0
toilet
0  7.318221 2.792389 24.782738  -0.104449 0.882006 -0.459517  0.731752 0.394734 0
0  7.354848 2.862618 24.925385  -0.082345 0.928488 -0.362118  0.731274 0.396287 0
0  7.556762 2.862133 24.896378  0.009240 0.927511 -0.373682  0.729259 0.395993 0
toilet
0  7.049194 -2.715599 26.400372  -0.233320 -0.884745 0.403469  0.737445 0.359325 0
0  7.129652 -2.786201 26.275490  -0.184163 -0.929666 0.319071  0.738261 0.357907 0
0  7.319894 -2.786587 26.346134  -0.099604 -0.929001 0.356422  0.740160 0.358602 0
toilet
0  7.560352 2.791340 24.750084  0.011651 0.881833 -0.471417  0.729298 0.394373 0
0  7.556762 2.862133 24.896378  0.009240 0.927511 -0.373682  0.729259 0.395993 0
0  7.757007 2.862599 24.935261  0.100063 0.928456 -0.357709  0.727233 0.396189 0
toilet
0  7.800586 2.792362 24.794590  0.126972 0.881964 -0.453892  0.726830 0.394616 0
0  7.757007 2.862599 24.935261  0.100063 0.928456 -0.357709  0.727233 0.396189 0
0  7.947207 2.862194 25.005894  0.184894 0.929121 -0.320231  0.725333 0.396885 0
toilet
0  8.027596 2.791413 24.881115  0.233827 0.884413 -0.403903  0.724518 0.395467 0
0  7.947207 2.862194 25.005894  0.184894 0.929121 -0.320231  0.725333 0.396885 0
0  8.100322 2.862705 25.134403  0.256611 0.931317 -0.258457  0.723691 0.398027 0
toilet
0  8.212398 2.792515 25.033428  0.326073 0.886499 -0.328322  0.722521 0.396861 0
0  8.100322 2.862705 25.134403  0.256611 0.931317 -0.258457  0.723691 0.398027 0
0  8.227839 2.862339 25.285458  0.312864 0.932398 -0.180968  0.722418 0.399534 0
toilet
0  8.758493 1.931900 38.057564  0.999388 0.034659 -0.004678  0.461848 0.542374 0
0  8.750687 2.173756 38.375866  0.999242 0.038909 -0.000661  0.464286 0.545613 0
0  8.772718 1.096890 39.346962  0.999733 0.019948 0.011633  0.452958 0.555187 0
toilet
0  8.292844 2.862824 25.468906  0.345536 0.934188 -0.088867  0.721598 0.401302 0
0  8.323773 2.862416 25.659916  0.357025 0.934054 0.008705  0.721281 0.403212 0
0  8.478263 2.791710 25.663715  0.451404 0.892251 0.011057  0.719599 0.403172 0
toilet
0  6.633585 2.792820 25.846600  -0.439375 0.891186 0.112857  0.738181 0.405952 0
0  6.713496 2.791760 26.065613  -0.395374 0.889803 0.227884  0.737186 0.408103 0
0  6.849109 2.862461 25.995777  -0.312742 0.932460 0.180864  0.735743 0.407267 0
toilet
0  8.283498 2.862851 25.849178  0.340763 0.934196 0.105630  0.721505 0.405136 0
0  8.209565 2.862374 26.029209  0.303619 0.932411 0.196023  0.722240 0.406942 0
0  8.341577 2.791653 26.105618  0.384457 0.889329 0.247563  0.720758 0.407708 0
toilet
0  8.074782 2.862770 26.173820  0.243609 0.931367 0.270574  0.723439 0.408508 0
0  8.181764 2.792592 26.280190  0.309593 0.886545 0.343788  0.722214 0.409616 0
0  8.341577 2.791653 26.105618  0.384457 0.889329 0.247563  0.720758 0.407708 0
toilet
0  7.161325 -2.786114 24.986439  -0.168288 -0.929611 -0.327876  0.737951 0.345064 0
0  7.087097 -2.715500 24.857765  -0.213318 -0.884705 -0.414479  0.737068 0.343687 0
0  7.318151 -2.716415 24.782467  -0.104297 -0.882284 -0.459017  0.739337 0.342725 0
toilet
0  7.722102 2.862679 26.355858  0.082347 0.928527 0.362017  0.726888 0.410514 0
0  7.758720 2.792469 26.498512  0.104547 0.882052 0.459405  0.726410 0.412067 0
0  7.989703 2.791512 26.423241  0.213529 0.884468 0.414876  0.724141 0.411105 0
toilet
0  7.520188 2.862221 26.384865  -0.009117 0.927554 0.373578  0.728903 0.410808 0
0  7.516589 2.791447 26.531166  -0.011596 0.881891 0.471311  0.728864 0.412428 0
0  7.758720 2.792469 26.498512  0.104547 0.882052 0.459405  0.726410 0.412067 0
toilet
0  7.087236 2.791466 24.858009  -0.213476 0.884441 -0.414960  0.734021 0.395696 0
0  7.161407 2.862236 24.986584  -0.168814 0.929145 -0.328923  0.733138 0.397073 0
0  7.354848 2.862618 24.925385  -0.082345 0.928488 -0.362118  0.731274 0.396287 0
toilet
0  7.982421 2.909821 25.240631  0.111954 0.987398 -0.111859  0.724862 0.399193 0
0  8.076972 2.909832 25.363302  0.137262 0.987333 -0.079578  0.723861 0.400370 0
0  8.227839 2.862339 25.285458  0.312864 0.932398 -0.180968  0.722418 0.399534 0
toilet
0  7.962241 -2.833534 26.061924  0.106098 -0.987469 0.116824  0.746425 0.355391 0
0  8.062701 -2.833515 25.944046  0.132871 -0.987404 0.085895  0.747368 0.354167 0
0  8.209706 -2.786258 26.029293  0.302604 -0.932878 0.195371  0.748849 0.354933 0
toilet
0  6.713249 -2.715790 26.065742  -0.394914 -0.890006 0.227889  0.733903 0.356094 0
0  6.848964 -2.786350 25.995853  -0.311777 -0.932889 0.180314  0.735346 0.355258 0
0  6.976508 -2.786716 26.146946  -0.255626 -0.931870 0.257435  0.736619 0.356765 0
toilet
0  7.002053 -2.786651 25.107307  -0.242696 -0.931812 -0.269861  0.736366 0.346283 0
0  6.894979 -2.716625 25.000866  -0.309111 -0.886800 -0.343563  0.735141 0.345175 0
0  7.087097 -2.715500 24.857765  -0.213318 -0.884705 -0.414479  0.737068 0.343687 0
toilet
0  8.765296 1.669804 37.780106  0.999516 0.029955 -0.008416  0.459193 0.539543 0
0  8.758493 1.931900 38.057564  0.999388 0.034659 -0.004678  0.461848 0.542374 0
0  8.776638 0.974282 39.187180  0.999799 0.017594 0.009646  0.451723 0.553558 0
toilet
0  6.793451 2.862919 25.432064  -0.340609 0.934242 -0.105723  0.736657 0.401665 0
0  6.753175 2.862511 25.621323  -0.356905 0.934099 -0.008827  0.736881 0.403588 0
0  6.924918 2.909912 25.625542  -0.156362 0.987692 -0.003892  0.735199 0.403548 0
toilet
0  6.867384 2.862412 25.252033  -0.303517 0.932415 -0.196165  0.735922 0.399859 0
0  6.793451 2.862919 25.432064  -0.340609 0.934242 -0.105723  0.736657 0.401665 0
0  6.949518 2.909909 25.475750  -0.147847 0.987958 -0.045605  0.735020 0.402040 0
toilet
0  7.002167 2.862770 25.107422  -0.243495 0.931349 -0.270739  0.734723 0.398293 0
0  6.867384 2.862412 25.252033  -0.303517 0.932415 -0.196165  0.735922 0.399859 0
0  7.014254 2.909893 25.337194  -0.133087 0.987345 -0.086244  0.734441 0.400625 0
toilet
0  7.319894 -2.786587 26.346134  -0.099604 -0.929001 0.356422  0.740160 0.358602 0
0  7.365894 -2.833576 26.197666  -0.043669 -0.986910 0.155250  0.740563 0.357028 0
0  7.524209 -2.833568 26.221359  -0.003967 -0.986417 0.164211  0.742147 0.357179 0
toilet
0  7.161407 2.862236 24.986584  -0.168814 0.929145 -0.328923  0.733138 0.397073 0
0  7.244055 2.909859 25.130142  -0.073929 0.986662 -0.145029  0.732255 0.398450 0
0  7.393460 2.909855 25.075764  -0.036068 0.986839 -0.157631  0.730796 0.397840 0
toilet
0  7.857618 -2.833488 25.145218  0.081129 -0.986720 -0.140718  0.744940 0.346294 0
0  7.947299 -2.786068 25.005749  0.184307 -0.929584 -0.319223  0.745756 0.344876 0
0  8.100442 -2.786587 25.134296  0.255730 -0.931811 -0.257546  0.747398 0.346018 0
toilet
0  8.127439 2.909855 25.805489  0.147968 0.987946 0.045477  0.723142 0.404761 0
0  8.062701 2.909859 25.944046  0.133214 0.987339 0.086117  0.723721 0.406176 0
0  8.209565 2.862374 26.029209  0.303619 0.932411 0.196023  0.722240 0.406942 0
toilet
0  8.127439 -2.833507 25.805489  0.147547 -0.988015 0.045344  0.747947 0.352752 0
0  8.152038 -2.833496 25.655693  0.156075 -0.987738 0.003756  0.748126 0.351244 0
0  8.323937 -2.786300 25.659920  0.355833 -0.934509 0.008680  0.749808 0.351203 0
toilet
0  7.354806 -2.786499 24.925224  -0.081981 -0.928965 -0.360975  0.739815 0.344278 0
0  7.318151 -2.716415 24.782467  -0.104297 -0.882284 -0.459017  0.739337 0.342725 0
0  7.560359 -2.715358 24.749802  0.011573 -0.882104 -0.470912  0.741791 0.342364 0
toilet
0  7.947207 2.862194 25.005894  0.184894 0.929121 -0.320231  0.725333 0.396885 0
0  7.857617 2.909832 25.145224  0.081257 0.986669 -0.141005  0.726149 0.398303 0
0  7.982421 2.909821 25.240631  0.111954 0.987398 -0.111859  0.724862 0.399193 0
toilet
0  8.152038 -2.833496 25.655693  0.156075 -0.987738 0.003756  0.748126 0.351244 0
0  8.134825 -2.833488 25.504875  0.149576 -0.988013 -0.038170  0.747875 0.349746 0
0  8.292998 -2.786712 25.468872  0.344357 -0.934651 -0.088572  0.749492 0.349293 0
toilet
0  8.134825 -2.833488 25.504875  0.149576 -0.988013 -0.038170  0.747875 0.349746 0
0  8.076972 -2.833488 25.363304  0.136980 -0.987386 -0.079405  0.747228 0.348361 0
0  8.227986 -2.786216 25.285385  0.311809 -0.932865 -0.180383  0.748671 0.347525 0
toilet
0  8.076972 -2.833488 25.363304  0.136980 -0.987386 -0.079405  0.747228 0.348361 0
0  7.982421 -2.833477 25.240627  0.111733 -0.987448 -0.111631  0.746228 0.347183 0
0  8.100442 -2.786587 25.134296  0.255730 -0.931811 -0.257546  0.747398 0.346018 0
toilet
0  7.520185 -2.786106 26.385033  -0.009081 -0.928037 0.372378  0.742187 0.358799 0
0  7.524209 -2.833568 26.221359  -0.003967 -0.986417 0.164211  0.742147 0.357179 0
0  7.683496 -2.833553 26.205471  0.036122 -0.986906 0.157201  0.743723 0.356952 0
toilet
0  7.832900 2.909893 26.151093  0.074305 0.986671 0.144773  0.725907 0.408351 0
0  7.915541 2.862271 26.294659  0.168957 0.929146 0.328849  0.725024 0.409728 0
0  8.074782 2.862770 26.173820  0.243609 0.931367 0.270574  0.723439 0.408508 0
toilet
0  7.683496 2.909901 26.205471  0.036203 0.986853 0.157514  0.727366 0.408961 0
0  7.722102 2.862679 26.355858  0.082347 0.928527 0.362017  0.726888 0.410514 0
0  7.915541 2.862271 26.294659  0.168957 0.929146 0.328849  0.725024 0.409728 0
toilet
0  7.524209 2.909912 26.221359  -0.003956 0.986361 0.164549  0.728942 0.409188 0
0  7.520188 2.862221 26.384865  -0.009117 0.927554 0.373578  0.728903 0.410808 0
0  7.722102 2.862679 26.355858  0.082347 0.928527 0.362017  0.726888 0.410514 0
toilet
0  7.365894 2.909920 26.197666  -0.043767 0.986858 0.155547  0.730526 0.409038 0
0  7.319942 2.862709 26.345978  -0.099947 0.928496 0.357640  0.730929 0.410611 0
0  7.520188 2.862221 26.384865  -0.009117 0.927554 0.373578  0.728903 0.410808 0
toilet
0  7.219340 2.909928 26.136017  -0.081156 0.986695 0.140879  0.732013 0.408498 0
0  7.129741 2.862320 26.275352  -0.184788 0.929183 0.320114  0.732829 0.409916 0
0  7.319942 2.862709 26.345978  -0.099947 0.928496 0.357640  0.730929 0.410611 0
toilet
0  7.094534 2.909928 26.040604  -0.111854 0.987422 0.111739  0.733300 0.407608 0
0  6.976627 2.862831 26.146835  -0.256484 0.931390 0.258319  0.734470 0.408774 0
0  7.129741 2.862320 26.275352  -0.184788 0.929183 0.320114  0.732829 0.409916 0
toilet
0  6.849109 2.862461 25.995777  -0.312742 0.932460 0.180864  0.735743 0.407267 0
0  6.976627 2.862831 26.146835  -0.256484 0.931390 0.258319  0.734470 0.408774 0
0  7.094534 2.909928 26.040604  -0.111854 0.987422 0.111739  0.733300 0.407608 0
toilet
0  6.784107 2.862942 25.812336  -0.345354 0.934268 0.088740  0.736564 0.405499 0
0  6.849109 2.862461 25.995777  -0.312742 0.932460 0.180864  0.735743 0.407267 0
0  6.999983 2.909928 25.917931  -0.137162 0.987357 0.079452  0.734301 0.406431 0
toilet
0  6.753175 2.862511 25.621323  -0.356905 0.934099 -0.008827  0.736881 0.403588 0
0  6.784107 2.862942 25.812336  -0.345354 0.934268 0.088740  0.736564 0.405499 0
0  6.942131 2.909920 25.776363  -0.149832 0.987976 0.038140  0.734948 0.405046 0
toilet
0  6.708770 -7.189609 31.813450  -0.942196 0.265829 0.203963  0.743534 0.502884 0
0  6.679674 -8.085842 32.988453  -0.939326 0.296362 0.172729  0.752670 0.515098 0
0  7.065541 -7.311473 33.695396  -0.940896 0.295070 0.166280  0.744012 0.522600 0
toilet
0  7.220515 -7.209865 48.799381  0.849883 -0.391819 0.352387  0.365244 0.651208 0
0  7.249651 -8.112457 47.611427  0.846268 -0.436617 0.305281  0.355909 0.638883 0
0  7.480433 -7.759338 47.298775  0.925091 -0.307472 0.222863  0.359895 0.635290 0
toilet
0  8.027712 -1.931480 48.818882  0.985402 -0.044496 0.164326  0.419919 0.650423 0
0  8.036600 -2.871803 48.454884  0.985219 -0.065740 0.158180  0.410360 0.646623 0
0  8.219650 -2.472393 47.327671  0.990483 -0.050762 0.127934  0.414607 0.635119 0
toilet
0  8.207127 0.840248 47.845387  0.990675 0.017170 0.135162  0.448431 0.640962 0
0  8.205760 0.000500 47.898968  0.990701 -0.000125 0.136053  0.439830 0.641314 0
0  8.369805 0.000401 46.549294  0.994077 -0.000108 0.108675  0.440113 0.627587 0
toilet
0  6.958817 9.022743 38.894840  -0.999700 -0.004937 -0.023979  0.576024 0.574207 0
0  6.937945 9.131638 38.879932  -0.931540 -0.363235 0.017146  0.574889 0.574046 0
0  6.972146 8.882343 37.489605  -0.933286 -0.354562 0.057122  0.577587 0.559811 0
toilet
0  6.421002 -9.849361 43.390385  -0.989228 -0.146152 0.008172  0.769819 0.622595 0
0  6.424624 -9.818588 43.379494  -0.926485 0.361210 -0.105603  0.769503 0.622479 0
0  6.462511 -10.094669 41.838604  -0.926834 0.369853 -0.064716  0.772513 0.606610 0
toilet
0  8.623885 -0.359600 43.530270  0.997805 -0.006508 0.065908  0.437030 0.596980 0
0  8.625984 -0.706977 43.443993  0.997823 -0.012865 0.064686  0.433462 0.596040 0
0  8.709812 -0.356540 41.903629  0.998965 -0.006550 0.045012  0.437396 0.580591 0
toilet
0  7.513186 2.710484 26.669456  -0.013097 0.846263 0.532604  0.728824 0.414048 0
0  7.509921 2.620266 26.802120  -0.014664 0.813064 0.581990  0.728785 0.415669 0
0  7.828496 2.620247 26.770348  0.128951 0.813771 0.566700  0.725453 0.415172 0
toilet
0  7.794339 2.711212 26.637272  0.118028 0.846728 0.518770  0.725932 0.413619 0
0  7.828496 2.620247 26.770348  0.128951 0.813771 0.566700  0.725453 0.415172 0
0  8.127305 2.620220 26.661587  0.263610 0.816757 0.513243  0.722375 0.413859 0
toilet
0  6.937041 -9.131256 38.874748  -0.931497 0.363344 0.017132  0.762138 0.575906 0
0  6.957870 -9.022640 38.889652  -0.999699 0.005080 -0.024006  0.761003 0.576044 0
0  6.991650 -8.775642 37.515472  -0.999712 0.004790 -0.023508  0.758617 0.561925 0
toilet
0  8.285937 2.711319 26.383766  0.350002 0.852306 0.388680  0.720989 0.410724 0
0  8.385985 2.620194 26.483246  0.382936 0.820071 0.425258  0.719764 0.411832 0
0  8.586909 2.620167 26.247486  0.476258 0.824050 0.306791  0.717795 0.409240 0
toilet
0  7.578997 -9.420689 43.283363  0.922205 -0.371632 0.106905  0.342774 0.593544 0
0  7.615332 -9.685799 41.804024  0.922219 -0.381124 0.065247  0.340281 0.578055 0
0  7.828827 -9.079269 41.715546  0.957310 -0.283744 0.055198  0.346865 0.577162 0
toilet
0  8.624683 2.710698 25.667320  0.511622 0.859120 0.012457  0.717917 0.403131 0
0  8.577039 2.711419 25.931362  0.490689 0.857956 0.152105  0.718232 0.405885 0
0  8.716380 2.620141 25.970375  0.537688 0.826509 0.166657  0.716596 0.406260 0
toilet
0  8.590067 2.711392 25.401257  0.497612 0.857918 -0.127897  0.718365 0.400396 0
0  8.624683 2.710698 25.667320  0.511622 0.859120 0.012457  0.717917 0.403131 0
0  8.765582 2.620121 25.670788  0.560984 0.827716 0.013503  0.716235 0.403091 0
toilet
0  8.491916 2.710598 25.149551  0.448015 0.855854 -0.258449  0.719533 0.397861 0
0  8.590067 2.711392 25.401257  0.497612 0.857918 -0.127897  0.718365 0.400396 0
0  8.731154 2.620102 25.369148  0.545293 0.826447 -0.140149  0.716748 0.399944 0
toilet
0  8.426347 2.620095 24.840668  0.403350 0.820030 -0.406028  0.720181 0.394530 0
0  8.321534 2.711239 24.935101  0.368631 0.852291 -0.371095  0.721351 0.395695 0
0  8.491916 2.710598 25.149551  0.448015 0.855854 -0.258449  0.719533 0.397861 0
toilet
0  8.176736 2.620095 24.649841  0.289151 0.816478 -0.499755  0.722886 0.392631 0
0  8.103686 2.710430 24.763119  0.264435 0.849359 -0.456797  0.723702 0.394049 0
0  8.321534 2.711239 24.935101  0.368631 0.852291 -0.371095  0.721351 0.395695 0
toilet
0  7.883630 2.620102 24.526535  0.156619 0.813693 -0.559799  0.726025 0.391468 0
0  7.842977 2.711090 24.657761  0.143364 0.846697 -0.512398  0.726427 0.393042 0
0  8.103686 2.710430 24.763119  0.264435 0.849359 -0.456797  0.723702 0.394049 0
toilet
0  8.743725 -0.000286 35.572102  0.999306 -0.000026 -0.037240  0.442395 0.517085 0
0  8.742908 0.531720 35.606674  0.999269 0.009538 -0.037032  0.447868 0.517535 0
0  8.780991 0.359620 37.138103  0.999840 0.006375 -0.016728  0.445786 0.532868 0
toilet
0  7.965460 8.463837 36.197346  0.961817 0.264754 -0.069380  0.529842 0.523730 0
0  7.932861 8.830872 37.524899  0.960241 0.276427 -0.039069  0.533573 0.537507 0
0  8.122828 8.089821 37.763725  0.976984 0.211954 -0.024032  0.525704 0.539959 0
toilet
0  6.978185 5.232716 29.401550  -0.660874 0.429811 -0.615230  0.499139 0.449176 0
0  6.962183 6.395848 30.403465  -0.627575 0.532022 -0.568421  0.512044 0.459290 0
0  7.197905 6.450299 30.371086  0.017111 0.700454 -0.713493  0.510541 0.461303 0
toilet
0  8.670324 1.365795 34.322083  0.998011 0.026000 -0.057435  0.456680 0.504760 0
0  8.664039 2.030705 34.579472  0.997796 0.038441 -0.054086  0.463470 0.507412 0
0  8.734992 1.554230 35.931232  0.999071 0.028027 -0.032743  0.458343 0.520950 0
toilet
0  8.445464 1.931542 31.826591  0.992288 0.044380 -0.115733  0.462796 0.479647 0
0  8.436576 2.871865 32.190594  0.991807 0.065623 -0.109603  0.472344 0.483314 0
0  8.563996 2.472435 33.325439  0.995620 0.050510 -0.078670  0.468166 0.494798 0
toilet
0  6.349862 -8.830482 46.288158  -0.990473 -0.132090 0.038923  0.758976 0.652380 0
0  6.353627 -8.803513 46.267334  -0.927997 0.324500 -0.183087  0.758701 0.652162 0
0  6.388357 -9.410446 44.855942  -0.927270 0.344843 -0.145786  0.765118 0.637666 0
toilet
0  8.303332 2.370118 26.966824  0.456777 0.073370 0.886550  0.718388 0.380625 0
0  8.303279 1.479847 26.966877  0.458121 -0.072867 0.885898  0.718388 0.371557 0
0  8.639296 1.479813 26.735226  0.669026 -0.073688 0.739577  0.722624 0.371557 0
end
