version 1
nodes
0 "root" -1
end
skeleton
time 0
0 0 0 0 0 0 0
end
triangles
door_01
0  6.209963 31.945820 45.871780  0.623618 0.582043 -0.521850  0.004335 0.949932 0
0  5.836547 32.383621 45.913853  0.623618 0.582043 -0.521850  0.008575 0.950032 0
0  6.209995 32.375484 46.351055  0.623618 0.582043 -0.521850  0.008080 0.954344 0
door_01
0  5.451853 1.050773 47.587540  -0.000136 -0.308955 -0.951077  0.797277 0.162830 0
0  5.366426 0.531886 47.712093  -0.000132 -0.156426 -0.987690  0.789502 0.163449 0
0  5.366379 1.050768 47.587551  -0.000121 -0.308953 -0.951077  0.796893 0.161662 0
door_01
0  5.451853 1.050773 47.587540  -0.000136 -0.308955 -0.951077  0.797277 0.162830 0
0  5.451900 0.531891 47.712082  -0.000140 -0.156905 -0.987614  0.789703 0.164666 0
0  5.366426 0.531886 47.712093  -0.000132 -0.156426 -0.987690  0.789502 0.163449 0
door_01
0  5.451900 0.531891 47.712082  -0.000140 -0.156905 -0.987614  0.789703 0.164666 0
0  5.361821 0.005305 47.758141  -0.000199 -0.078396 -0.996922  0.782049 0.164038 0
0  5.366426 0.531886 47.712093  -0.000132 -0.156426 -0.987690  0.789502 0.163449 0
door_01
0  5.451900 0.531891 47.712082  -0.000140 -0.156905 -0.987614  0.789703 0.164666 0
0  5.447472 0.005310 47.757957  -0.000214 -0.078406 -0.996921  0.782053 0.165272 0
0  5.361821 0.005305 47.758141  -0.000199 -0.078396 -0.996922  0.782049 0.164038 0
door_01
0  5.451252 3.358986 43.821419  0.000087 -0.987699 0.156364  0.830924 0.107893 0
0  5.365841 3.400819 44.353413  0.000062 -1.000000 -0.000059  0.830307 0.115652 0
0  5.365777 3.358981 43.821430  0.000086 -0.987700 0.156363  0.829712 0.108088 0
door_01
0  5.451252 3.358986 43.821419  0.000087 -0.987699 0.156364  0.830924 0.107893 0
0  5.451314 3.400824 44.353405  0.000062 -1.000000 -0.000062  0.831535 0.115652 0
0  5.365841 3.400819 44.353413  0.000062 -1.000000 -0.000059  0.830307 0.115652 0
door_01
0  5.451314 3.400824 44.353405  0.000062 -1.000000 -0.000062  0.831535 0.115652 0
0  5.365908 3.358916 44.885403  0.000035 -0.987681 -0.156480  0.829712 0.123216 0
0  5.365841 3.400819 44.353413  0.000062 -1.000000 -0.000059  0.830307 0.115652 0
door_01
0  5.451314 3.400824 44.353405  0.000062 -1.000000 -0.000062  0.831535 0.115652 0
0  5.451382 3.358921 44.885391  0.000035 -0.987681 -0.156478  0.830924 0.123410 0
0  5.365908 3.358916 44.885403  0.000035 -0.987681 -0.156480  0.829712 0.123216 0
door_01
0  5.451382 3.358921 44.885391  0.000035 -0.987681 -0.156478  0.830924 0.123410 0
0  5.365980 3.234328 45.404293  0.000032 -0.951035 -0.309084  0.827942 0.130594 0
0  5.365908 3.358916 44.885403  0.000035 -0.987681 -0.156480  0.829712 0.123216 0
door_01
0  5.451382 3.358921 44.885391  0.000035 -0.987681 -0.156478  0.830924 0.123410 0
0  5.451454 3.234333 45.404282  0.000028 -0.951035 -0.309083  0.829108 0.130975 0
0  5.365980 3.234328 45.404293  0.000032 -0.951035 -0.309084  0.827942 0.130594 0
door_01
0  5.451454 3.234333 45.404282  0.000028 -0.951035 -0.309083  0.829108 0.130975 0
0  5.366053 3.030058 45.897289  -0.000017 -0.890974 -0.454055  0.825039 0.137600 0
0  5.365980 3.234328 45.404293  0.000032 -0.951035 -0.309084  0.827942 0.130594 0
door_01
0  5.451454 3.234333 45.404282  0.000028 -0.951035 -0.309083  0.829108 0.130975 0
0  5.451527 3.030063 45.897278  -0.000025 -0.890974 -0.454054  0.826132 0.138157 0
0  5.366053 3.030058 45.897289  -0.000017 -0.890974 -0.454055  0.825039 0.137600 0
door_01
0  5.451527 3.030063 45.897278  -0.000025 -0.890974 -0.454054  0.826132 0.138157 0
0  5.366125 2.751222 46.352276  -0.000073 -0.808991 -0.587821  0.821076 0.144065 0
0  5.366053 3.030058 45.897289  -0.000017 -0.890974 -0.454055  0.825039 0.137600 0
door_01
0  5.451527 3.030063 45.897278  -0.000025 -0.890974 -0.454054  0.826132 0.138157 0
0  5.451599 2.751227 46.352264  -0.000069 -0.808992 -0.587819  0.822069 0.144784 0
0  5.366125 2.751222 46.352276  -0.000073 -0.808991 -0.587821  0.821076 0.144065 0
door_01
0  5.451599 2.751227 46.352264  -0.000069 -0.808992 -0.587819  0.822069 0.144784 0
0  5.366196 2.404640 46.758030  -0.000018 -0.707068 -0.707146  0.816149 0.149835 0
0  5.366125 2.751222 46.352276  -0.000073 -0.808991 -0.587821  0.821076 0.144065 0
door_01
0  5.451599 2.751227 46.352264  -0.000069 -0.808992 -0.587819  0.822069 0.144784 0
0  5.451670 2.404645 46.758022  -0.000012 -0.707066 -0.707147  0.817018 0.150701 0
0  5.366196 2.404640 46.758030  -0.000018 -0.707068 -0.707146  0.816149 0.149835 0
door_01
0  5.451670 2.404645 46.758022  -0.000012 -0.707066 -0.707147  0.817018 0.150701 0
0  5.366262 1.998826 47.104580  -0.000139 -0.587725 -0.809061  0.810381 0.154769 0
0  5.366196 2.404640 46.758030  -0.000018 -0.707068 -0.707146  0.816149 0.149835 0
door_01
0  5.451670 2.404645 46.758022  -0.000012 -0.707066 -0.707147  0.817018 0.150701 0
0  5.451736 1.998831 47.104565  -0.000130 -0.587727 -0.809059  0.811104 0.155761 0
0  5.366262 1.998826 47.104580  -0.000139 -0.587725 -0.809061  0.810381 0.154769 0
door_01
0  5.451736 1.998831 47.104565  -0.000130 -0.587727 -0.809059  0.811104 0.155761 0
0  5.366323 1.543807 47.383373  0.000006 -0.453927 -0.891039  0.803910 0.158744 0
0  5.366262 1.998826 47.104580  -0.000139 -0.587725 -0.809061  0.810381 0.154769 0
door_01
0  5.451736 1.998831 47.104565  -0.000130 -0.587727 -0.809059  0.811104 0.155761 0
0  5.451797 1.543812 47.383362  0.000007 -0.453928 -0.891038  0.804469 0.159836 0
0  5.366323 1.543807 47.383373  0.000006 -0.453927 -0.891039  0.803910 0.158744 0
door_01
0  5.451797 1.543812 47.383362  0.000007 -0.453928 -0.891038  0.804469 0.159836 0
0  5.366379 1.050768 47.587551  -0.000121 -0.308953 -0.951077  0.796893 0.161662 0
0  5.366323 1.543807 47.383373  0.000006 -0.453927 -0.891039  0.803910 0.158744 0
door_01
0  5.451797 1.543812 47.383362  0.000007 -0.453928 -0.891038  0.804469 0.159836 0
0  5.451853 1.050773 47.587540  -0.000136 -0.308955 -0.951077  0.797277 0.162830 0
0  5.366379 1.050768 47.587551  -0.000121 -0.308953 -0.951077  0.796893 0.161662 0
door_01
0  5.447176 0.006271 40.949028  0.000196 -0.078530 0.996912  0.782053 0.066031 0
0  5.365605 0.532295 40.994396  0.000025 -0.157590 0.987505  0.789502 0.067854 0
0  5.359586 0.004129 40.946747  0.000211 -0.078530 0.996912  0.782050 0.067265 0
door_01
0  5.447176 0.006271 40.949028  0.000196 -0.078530 0.996912  0.782053 0.066031 0
0  5.451079 0.532301 40.994385  0.000109 -0.157408 0.987534  0.789703 0.066637 0
0  5.365605 0.532295 40.994396  0.000025 -0.157590 0.987505  0.789502 0.067854 0
door_01
0  5.451079 0.532301 40.994385  0.000109 -0.157408 0.987534  0.789703 0.066637 0
0  5.365589 1.051163 41.118999  0.000199 -0.309076 0.951037  0.796893 0.069641 0
0  5.365605 0.532295 40.994396  0.000025 -0.157590 0.987505  0.789502 0.067854 0
door_01
0  5.451079 0.532301 40.994385  0.000109 -0.157408 0.987534  0.789703 0.066637 0
0  5.451062 1.051168 41.118988  0.000201 -0.309075 0.951038  0.797277 0.068474 0
0  5.365589 1.051163 41.118999  0.000199 -0.309076 0.951037  0.796893 0.069641 0
door_01
0  5.451062 1.051168 41.118988  0.000201 -0.309075 0.951038  0.797277 0.068474 0
0  5.365583 1.544176 41.323246  0.000110 -0.454041 0.890981  0.803910 0.072559 0
0  5.365589 1.051163 41.118999  0.000199 -0.309076 0.951037  0.796893 0.069641 0
door_01
0  5.451062 1.051168 41.118988  0.000201 -0.309075 0.951038  0.797277 0.068474 0
0  5.451057 1.544181 41.323238  0.000102 -0.454042 0.890980  0.804469 0.071467 0
0  5.365583 1.544176 41.323246  0.000110 -0.454041 0.890981  0.803910 0.072559 0
door_01
0  5.451057 1.544181 41.323238  0.000102 -0.454042 0.890980  0.804469 0.071467 0
0  5.365591 1.999161 41.602093  0.000153 -0.587823 0.808989  0.810381 0.076534 0
0  5.365583 1.544176 41.323246  0.000110 -0.454041 0.890981  0.803910 0.072559 0
door_01
0  5.451057 1.544181 41.323238  0.000102 -0.454042 0.890980  0.804469 0.071467 0
0  5.451065 1.999166 41.602081  0.000152 -0.587821 0.808991  0.811104 0.075542 0
0  5.365591 1.999161 41.602093  0.000153 -0.587823 0.808989  0.810381 0.076534 0
door_01
0  5.451065 1.999166 41.602081  0.000152 -0.587821 0.808991  0.811104 0.075542 0
0  5.365607 2.404933 41.948685  0.000172 -0.707152 0.707061  0.816149 0.081468 0
0  5.365591 1.999161 41.602093  0.000153 -0.587823 0.808989  0.810381 0.076534 0
door_01
0  5.451065 1.999166 41.602081  0.000152 -0.587821 0.808991  0.811104 0.075542 0
0  5.451082 2.404938 41.948673  0.000169 -0.707151 0.707063  0.817018 0.080602 0
0  5.365607 2.404933 41.948685  0.000172 -0.707152 0.707061  0.816149 0.081468 0
door_01
0  5.451082 2.404938 41.948673  0.000169 -0.707151 0.707063  0.817018 0.080602 0
0  5.365635 2.751465 42.354492  0.000137 -0.809066 0.587718  0.821076 0.087238 0
0  5.365607 2.404933 41.948685  0.000172 -0.707152 0.707061  0.816149 0.081468 0
door_01
0  5.451082 2.404938 41.948673  0.000169 -0.707151 0.707063  0.817018 0.080602 0
0  5.451109 2.751470 42.354481  0.000127 -0.809065 0.587719  0.822069 0.086519 0
0  5.365635 2.751465 42.354492  0.000137 -0.809066 0.587718  0.821076 0.087238 0
door_01
0  5.451109 2.751470 42.354481  0.000127 -0.809065 0.587719  0.822069 0.086519 0
0  5.365674 3.030247 42.809509  0.000044 -0.891031 0.453942  0.825039 0.093704 0
0  5.365635 2.751465 42.354492  0.000137 -0.809066 0.587718  0.821076 0.087238 0
door_01
0  5.451109 2.751470 42.354481  0.000127 -0.809065 0.587719  0.822069 0.086519 0
0  5.451149 3.030252 42.809502  0.000041 -0.891032 0.453940  0.826132 0.093146 0
0  5.365674 3.030247 42.809509  0.000044 -0.891031 0.453942  0.825039 0.093704 0
door_01
0  5.451149 3.030252 42.809502  0.000041 -0.891032 0.453940  0.826132 0.093146 0
0  5.365722 3.234456 43.302540  0.000104 -0.951073 0.308967  0.827942 0.100710 0
0  5.365674 3.030247 42.809509  0.000044 -0.891031 0.453942  0.825039 0.093704 0
door_01
0  5.451149 3.030252 42.809502  0.000041 -0.891032 0.453940  0.826132 0.093146 0
0  5.451195 3.234461 43.302528  0.000109 -0.951072 0.308969  0.829108 0.100329 0
0  5.365722 3.234456 43.302540  0.000104 -0.951073 0.308967  0.827942 0.100710 0
door_01
0  5.451195 3.234461 43.302528  0.000109 -0.951072 0.308969  0.829108 0.100329 0
0  5.365777 3.358981 43.821430  0.000086 -0.987700 0.156363  0.829712 0.108088 0
0  5.365722 3.234456 43.302540  0.000104 -0.951073 0.308967  0.827942 0.100710 0
door_01
0  5.451195 3.234461 43.302528  0.000109 -0.951072 0.308969  0.829108 0.100329 0
0  5.451252 3.358986 43.821419  0.000087 -0.987699 0.156364  0.830924 0.107893 0
0  5.365777 3.358981 43.821430  0.000086 -0.987700 0.156363  0.829712 0.108088 0
door_01
0  5.451860 1.073642 47.657921  1.000000 0.000062 -0.000121  0.797614 0.163856 0
0  5.451900 0.531891 47.712082  1.000000 0.000064 -0.000121  0.789703 0.164666 0
0  5.451853 1.050773 47.587540  1.000000 0.000062 -0.000122  0.797277 0.162830 0
door_01
0  5.451860 1.073642 47.657921  1.000000 0.000062 -0.000121  0.797614 0.163856 0
0  5.451908 0.543467 47.785164  1.000000 0.000024 -0.000113  0.789878 0.165735 0
0  5.451900 0.531891 47.712082  1.000000 0.000064 -0.000121  0.789703 0.164666 0
door_01
0  5.451908 0.543467 47.785164  1.000000 0.000024 -0.000113  0.789878 0.165735 0
0  5.447472 0.005310 47.757957  1.000000 0.000051 -0.000115  0.782053 0.165272 0
0  5.451900 0.531891 47.712082  1.000000 0.000064 -0.000121  0.789703 0.164666 0
door_01
0  5.451908 0.543467 47.785164  1.000000 0.000024 -0.000113  0.789878 0.165735 0
0  5.446844 0.005004 47.826138  1.000000 0.000071 -0.000134  0.782058 0.166356 0
0  5.447472 0.005310 47.757957  1.000000 0.000051 -0.000115  0.782053 0.165272 0
door_01
0  5.451246 3.432061 43.809853  1.000000 0.000065 -0.000122  0.831990 0.107723 0
0  5.451314 3.400824 44.353405  1.000000 0.000074 -0.000122  0.831535 0.115652 0
0  5.451252 3.358986 43.821419  1.000000 0.000065 -0.000122  0.830924 0.107893 0
door_01
0  5.451246 3.432061 43.809853  1.000000 0.000065 -0.000122  0.831990 0.107723 0
0  5.451310 3.474814 44.353409  1.000000 0.000072 -0.000122  0.832614 0.115652 0
0  5.451314 3.400824 44.353405  1.000000 0.000074 -0.000122  0.831535 0.115652 0
door_01
0  5.451310 3.474814 44.353409  1.000000 0.000072 -0.000122  0.832614 0.115652 0
0  5.451382 3.358921 44.885391  1.000000 0.000065 -0.000123  0.830924 0.123410 0
0  5.451314 3.400824 44.353405  1.000000 0.000074 -0.000122  0.831535 0.115652 0
door_01
0  5.451310 3.474814 44.353409  1.000000 0.000072 -0.000122  0.832614 0.115652 0
0  5.451378 3.431994 44.896980  1.000000 0.000064 -0.000122  0.831990 0.123581 0
0  5.451382 3.358921 44.885391  1.000000 0.000065 -0.000123  0.830924 0.123410 0
door_01
0  5.451378 3.431994 44.896980  1.000000 0.000064 -0.000122  0.831990 0.123581 0
0  5.451454 3.234333 45.404282  1.000000 0.000069 -0.000119  0.829108 0.130975 0
0  5.451382 3.358921 44.885391  1.000000 0.000065 -0.000123  0.830924 0.123410 0
door_01
0  5.451378 3.431994 44.896980  1.000000 0.000064 -0.000122  0.831990 0.123581 0
0  5.451452 3.304704 45.427151  1.000000 0.000068 -0.000119  0.830135 0.131309 0
0  5.451454 3.234333 45.404282  1.000000 0.000069 -0.000119  0.829108 0.130975 0
door_01
0  5.451452 3.304704 45.427151  1.000000 0.000068 -0.000119  0.830135 0.131309 0
0  5.451527 3.030063 45.897278  1.000000 0.000063 -0.000122  0.826132 0.138157 0
0  5.451454 3.234333 45.404282  1.000000 0.000069 -0.000119  0.829108 0.130975 0
door_01
0  5.451452 3.304704 45.427151  1.000000 0.000068 -0.000119  0.830135 0.131309 0
0  5.451527 3.096009 45.930874  1.000000 0.000063 -0.000122  0.827094 0.138647 0
0  5.451527 3.030063 45.897278  1.000000 0.000063 -0.000122  0.826132 0.138157 0
door_01
0  5.451527 3.096009 45.930874  1.000000 0.000063 -0.000122  0.827094 0.138647 0
0  5.451599 2.751227 46.352264  1.000000 0.000059 -0.000120  0.822069 0.144784 0
0  5.451527 3.030063 45.897278  1.000000 0.000063 -0.000122  0.826132 0.138157 0
door_01
0  5.451527 3.096009 45.930874  1.000000 0.000063 -0.000122  0.827094 0.138647 0
0  5.451601 2.811069 46.395752  1.000000 0.000059 -0.000120  0.822942 0.145418 0
0  5.451599 2.751227 46.352264  1.000000 0.000059 -0.000120  0.822069 0.144784 0
door_01
0  5.451601 2.811069 46.395752  1.000000 0.000059 -0.000120  0.822942 0.145418 0
0  5.451670 2.404645 46.758022  1.000000 0.000060 -0.000123  0.817018 0.150701 0
0  5.451599 2.751227 46.352264  1.000000 0.000059 -0.000120  0.822069 0.144784 0
door_01
0  5.451601 2.811069 46.395752  1.000000 0.000059 -0.000120  0.822942 0.145418 0
0  5.451673 2.456948 46.810345  1.000000 0.000060 -0.000123  0.817782 0.151464 0
0  5.451670 2.404645 46.758022  1.000000 0.000060 -0.000123  0.817018 0.150701 0
door_01
0  5.451673 2.456948 46.810345  1.000000 0.000060 -0.000123  0.817782 0.151464 0
0  5.451736 1.998831 47.104565  1.000000 0.000066 -0.000112  0.811104 0.155761 0
0  5.451670 2.404645 46.758022  1.000000 0.000060 -0.000123  0.817018 0.150701 0
door_01
0  5.451673 2.456948 46.810345  1.000000 0.000060 -0.000123  0.817782 0.151464 0
0  5.451740 2.042300 47.164429  1.000000 0.000066 -0.000113  0.811739 0.156634 0
0  5.451736 1.998831 47.104565  1.000000 0.000066 -0.000112  0.811104 0.155761 0
door_01
0  5.451740 2.042300 47.164429  1.000000 0.000066 -0.000113  0.811739 0.156634 0
0  5.451797 1.543812 47.383362  1.000000 0.000052 -0.000141  0.804469 0.159836 0
0  5.451736 1.998831 47.104565  1.000000 0.000066 -0.000112  0.811104 0.155761 0
door_01
0  5.451740 2.042300 47.164429  1.000000 0.000066 -0.000113  0.811739 0.156634 0
0  5.451805 1.577424 47.449287  1.000000 0.000051 -0.000142  0.804962 0.160797 0
0  5.451797 1.543812 47.383362  1.000000 0.000052 -0.000141  0.804469 0.159836 0
door_01
0  5.451805 1.577424 47.449287  1.000000 0.000051 -0.000142  0.804962 0.160797 0
0  5.451853 1.050773 47.587540  1.000000 0.000062 -0.000122  0.797277 0.162830 0
0  5.451797 1.543812 47.383362  1.000000 0.000052 -0.000141  0.804469 0.159836 0
door_01
0  5.451805 1.577424 47.449287  1.000000 0.000051 -0.000142  0.804962 0.160797 0
0  5.451860 1.073642 47.657921  1.000000 0.000062 -0.000121  0.797614 0.163856 0
0  5.451853 1.050773 47.587540  1.000000 0.000062 -0.000122  0.797277 0.162830 0
door_01
0  5.446364 0.005897 40.880207  1.000000 0.000062 -0.000121  0.782058 0.064947 0
0  5.451079 0.532301 40.994385  1.000000 0.000047 -0.000130  0.789703 0.066637 0
0  5.447176 0.006271 40.949028  1.000000 0.000068 -0.000107  0.782053 0.066031 0
door_01
0  5.446364 0.005897 40.880207  1.000000 0.000062 -0.000121  0.782058 0.064947 0
0  5.451069 0.543886 40.921299  1.000000 0.000038 -0.000129  0.789878 0.065568 0
0  5.451079 0.532301 40.994385  1.000000 0.000047 -0.000130  0.789703 0.066637 0
door_01
0  5.451069 0.543886 40.921299  1.000000 0.000038 -0.000129  0.789878 0.065568 0
0  5.451062 1.051168 41.118988  1.000000 0.000056 -0.000117  0.797277 0.068474 0
0  5.451079 0.532301 40.994385  1.000000 0.000047 -0.000130  0.789703 0.066637 0
door_01
0  5.451069 0.543886 40.921299  1.000000 0.000038 -0.000129  0.789878 0.065568 0
0  5.451053 1.074045 41.048615  1.000000 0.000056 -0.000117  0.797614 0.067447 0
0  5.451062 1.051168 41.118988  1.000000 0.000056 -0.000117  0.797277 0.068474 0
door_01
0  5.451053 1.074045 41.048615  1.000000 0.000056 -0.000117  0.797614 0.067447 0
0  5.451057 1.544181 41.323238  1.000000 0.000058 -0.000121  0.804469 0.071467 0
0  5.451062 1.051168 41.118988  1.000000 0.000056 -0.000117  0.797277 0.068474 0
door_01
0  5.451053 1.074045 41.048615  1.000000 0.000056 -0.000117  0.797614 0.067447 0
0  5.451047 1.577802 41.257309  1.000000 0.000059 -0.000122  0.804962 0.070506 0
0  5.451057 1.544181 41.323238  1.000000 0.000058 -0.000121  0.804469 0.071467 0
door_01
0  5.451047 1.577802 41.257309  1.000000 0.000059 -0.000122  0.804962 0.070506 0
0  5.451065 1.999166 41.602081  1.000000 0.000074 -0.000137  0.811104 0.075542 0
0  5.451057 1.544181 41.323238  1.000000 0.000058 -0.000121  0.804469 0.071467 0
door_01
0  5.451047 1.577802 41.257309  1.000000 0.000059 -0.000122  0.804962 0.070506 0
0  5.451054 2.042643 41.542210  1.000000 0.000075 -0.000137  0.811739 0.074670 0
0  5.451065 1.999166 41.602081  1.000000 0.000074 -0.000137  0.811104 0.075542 0
door_01
0  5.451054 2.042643 41.542210  1.000000 0.000075 -0.000137  0.811739 0.074670 0
0  5.451082 2.404938 41.948673  1.000000 0.000076 -0.000130  0.817018 0.080602 0
0  5.451065 1.999166 41.602081  1.000000 0.000074 -0.000137  0.811104 0.075542 0
door_01
0  5.451054 2.042643 41.542210  1.000000 0.000075 -0.000137  0.811739 0.074670 0
0  5.451071 2.457248 41.896362  1.000000 0.000076 -0.000130  0.817782 0.079840 0
0  5.451082 2.404938 41.948673  1.000000 0.000076 -0.000130  0.817018 0.080602 0
door_01
0  5.451071 2.457248 41.896362  1.000000 0.000076 -0.000130  0.817782 0.079840 0
0  5.451109 2.751470 42.354481  1.000000 0.000051 -0.000121  0.822069 0.086519 0
0  5.451082 2.404938 41.948673  1.000000 0.000076 -0.000130  0.817018 0.080602 0
door_01
0  5.451071 2.457248 41.896362  1.000000 0.000076 -0.000130  0.817782 0.079840 0
0  5.451101 2.811318 42.310978  1.000000 0.000053 -0.000120  0.822942 0.085885 0
0  5.451109 2.751470 42.354481  1.000000 0.000051 -0.000121  0.822069 0.086519 0
door_01
0  5.451101 2.811318 42.310978  1.000000 0.000053 -0.000120  0.822942 0.085885 0
0  5.451149 3.030252 42.809502  1.000000 0.000066 -0.000121  0.826132 0.093146 0
0  5.451109 2.751470 42.354481  1.000000 0.000051 -0.000121  0.822069 0.086519 0
door_01
0  5.451101 2.811318 42.310978  1.000000 0.000053 -0.000120  0.822942 0.085885 0
0  5.451141 3.096202 42.775906  1.000000 0.000067 -0.000121  0.827094 0.092656 0
0  5.451149 3.030252 42.809502  1.000000 0.000066 -0.000121  0.826132 0.093146 0
door_01
0  5.451141 3.096202 42.775906  1.000000 0.000067 -0.000121  0.827094 0.092656 0
0  5.451195 3.234461 43.302528  1.000000 0.000040 -0.000117  0.829108 0.100329 0
0  5.451149 3.030252 42.809502  1.000000 0.000066 -0.000121  0.826132 0.093146 0
door_01
0  5.451141 3.096202 42.775906  1.000000 0.000067 -0.000121  0.827094 0.092656 0
0  5.451190 3.304835 43.279659  1.000000 0.000041 -0.000117  0.830135 0.099995 0
0  5.451195 3.234461 43.302528  1.000000 0.000040 -0.000117  0.829108 0.100329 0
door_01
0  5.451190 3.304835 43.279659  1.000000 0.000041 -0.000117  0.830135 0.099995 0
0  5.451252 3.358986 43.821419  1.000000 0.000065 -0.000122  0.830924 0.107893 0
0  5.451195 3.234461 43.302528  1.000000 0.000040 -0.000117  0.829108 0.100329 0
door_01
0  5.451190 3.304835 43.279659  1.000000 0.000041 -0.000117  0.830135 0.099995 0
0  5.451246 3.432061 43.809853  1.000000 0.000065 -0.000122  0.831990 0.107723 0
0  5.451252 3.358986 43.821419  1.000000 0.000065 -0.000122  0.830924 0.107893 0
door_01
0  -5.722722 0.688254 37.957607  0.000062 -1.000000 0.000016  0.448881 0.541675 0
0  -5.262516 0.687668 0.002144  0.000061 -1.000000 0.000016  0.445650 0.268807 0
0  -5.253239 0.688283 37.957489  0.000062 -1.000000 0.000016  0.445656 0.541888 0
door_01
0  -5.722722 0.688254 37.957607  0.000062 -1.000000 0.000016  0.448881 0.541675 0
0  -5.731999 0.687639 0.002259  0.000061 -1.000000 0.000016  0.449019 0.268815 0
0  -5.262516 0.687668 0.002144  0.000061 -1.000000 0.000016  0.445650 0.268807 0
door_01
0  -6.123477 33.416721 90.349777  -0.300178 -0.556066 0.775038  0.764423 0.775963 0
0  -6.849499 33.595642 90.196907  -0.184707 -0.792933 0.580638  0.759251 0.776136 0
0  -6.224913 33.357029 90.267654  -0.184953 -0.792437 0.581236  0.763776 0.776690 0
door_01
0  -6.851510 14.416809 64.199165  -0.184523 -0.793011 0.580590  0.760216 0.995177 0
0  -6.224913 33.357029 90.267654  -0.184953 -0.792437 0.581236  0.763776 0.776690 0
0  -6.849499 33.595642 90.196907  -0.184707 -0.792933 0.580638  0.759251 0.776136 0
door_01
0  -6.851510 14.416809 64.199165  -0.184523 -0.793011 0.580590  0.760216 0.995177 0
0  -6.229137 14.416848 64.199028  -0.184481 -0.793016 0.580597  0.764436 0.995165 0
0  -6.224913 33.357029 90.267654  -0.184953 -0.792437 0.581236  0.763776 0.776690 0
door_01
0  -0.018652 35.600525 -0.003461  -0.000132 0.659450 -0.751748  0.923332 0.002921 0
0  -6.247216 35.599823 -0.001940  -0.000266 0.659453 -0.751745  0.879266 0.002930 0
0  -6.293218 38.031681 2.131361  -0.000276 0.670792 -0.741646  0.878903 0.025867 0
door_01
0  -6.293218 38.031681 2.131361  -0.000276 0.670792 -0.741646  0.878903 0.025867 0
0  -0.018423 40.201168 4.152062  -0.000130 0.691269 -0.722597  0.923361 0.046903 0
0  -0.018539 38.032551 2.129966  -0.000132 0.670786 -0.741651  0.923026 0.025871 0
door_01
0  -0.018652 35.600525 -0.003461  -0.000132 0.659450 -0.751748  0.923332 0.002921 0
0  -6.293218 38.031681 2.131361  -0.000276 0.670792 -0.741646  0.878903 0.025867 0
0  -0.018539 38.032551 2.129966  -0.000132 0.670786 -0.741651  0.923026 0.025871 0
door_01
0  -0.018652 35.600525 -0.003461  -0.000132 0.659450 -0.751748  0.923332 0.002921 0
0  -0.018539 38.032551 2.129966  -0.000132 0.670786 -0.741651  0.923026 0.025871 0
0  6.256132 38.032448 2.129827  0.000017 0.670792 -0.741646  0.878903 0.025867 0
door_01
0  -0.018652 35.600525 -0.003461  -0.000132 0.659450 -0.751748  0.923332 0.002921 0
0  6.256132 38.032448 2.129827  0.000017 0.670792 -0.741646  0.878903 0.025867 0
0  6.209905 35.600582 -0.003462  0.000003 0.659452 -0.751747  0.879266 0.002930 0
door_01
0  6.256132 38.032448 2.129827  0.000017 0.670792 -0.741646  0.878903 0.025867 0
0  -0.018539 38.032551 2.129966  -0.000132 0.670786 -0.741651  0.923026 0.025871 0
0  -0.018423 40.201168 4.152062  -0.000130 0.691269 -0.722597  0.923361 0.046903 0
door_01
0  6.256132 38.032448 2.129827  0.000017 0.670792 -0.741646  0.878903 0.025867 0
0  -0.018423 40.201168 4.152062  -0.000130 0.691269 -0.722597  0.923361 0.046903 0
0  6.209197 40.201130 4.152053  0.000006 0.691270 -0.722597  0.879221 0.046895 0
door_01
0  -0.018423 40.201168 4.152062  -0.000130 0.691269 -0.722597  0.923361 0.046903 0
0  6.209198 41.786793 5.721223  0.000032 0.728799 -0.684728  0.879213 0.062715 0
0  6.209197 40.201130 4.152053  0.000006 0.691270 -0.722597  0.879221 0.046895 0
door_01
0  -0.018423 40.201168 4.152062  -0.000130 0.691269 -0.722597  0.923361 0.046903 0
0  -0.018331 41.786804 5.721223  -0.000128 0.728802 -0.684724  0.923360 0.062725 0
0  6.209198 41.786793 5.721223  0.000032 0.728799 -0.684728  0.879213 0.062715 0
door_01
0  6.209198 43.255165 7.402736  0.000011 0.765276 -0.643702  0.879207 0.078548 0
0  6.209198 41.786793 5.721223  0.000032 0.728799 -0.684728  0.879213 0.062715 0
0  -0.018331 41.786804 5.721223  -0.000128 0.728802 -0.684724  0.923360 0.062725 0
door_01
0  6.209198 43.255165 7.402736  0.000011 0.765276 -0.643702  0.879207 0.078548 0
0  -0.018331 41.786804 5.721223  -0.000128 0.728802 -0.684724  0.923360 0.062725 0
0  -0.018215 43.255154 7.402738  -0.000125 0.765286 -0.643690  0.923358 0.078558 0
door_01
0  6.209197 44.662651 9.140355  0.000023 0.790223 -0.612820  0.879203 0.094407 0
0  6.209198 43.255165 7.402736  0.000011 0.765276 -0.643702  0.879207 0.078548 0
0  -0.018215 43.255154 7.402738  -0.000125 0.765286 -0.643690  0.923358 0.078558 0
door_01
0  6.209197 44.662651 9.140355  0.000023 0.790223 -0.612820  0.879203 0.094407 0
0  -0.018215 43.255154 7.402738  -0.000125 0.765286 -0.643690  0.923358 0.078558 0
0  -0.018088 44.662575 9.140363  -0.000123 0.790227 -0.612814  0.923355 0.094417 0
door_01
0  6.209185 45.995125 10.935843  0.000026 0.808376 -0.588667  0.879198 0.110264 0
0  6.209197 44.662651 9.140355  0.000023 0.790223 -0.612820  0.879203 0.094407 0
0  -0.018088 44.662575 9.140363  -0.000123 0.790227 -0.612814  0.923355 0.094417 0
door_01
0  6.209185 45.995125 10.935843  0.000026 0.808376 -0.588667  0.879198 0.110264 0
0  -0.018088 44.662575 9.140363  -0.000123 0.790227 -0.612814  0.923355 0.094417 0
0  -0.017949 45.995049 10.935851  -0.000121 0.808378 -0.588663  0.923351 0.110275 0
door_01
0  -0.017949 45.995049 10.935851  -0.000121 0.808378 -0.588663  0.923351 0.110275 0
0  6.209166 47.292919 12.752275  0.000020 0.827203 -0.561904  0.879194 0.126097 0
0  6.209185 45.995125 10.935843  0.000026 0.808376 -0.588667  0.879198 0.110264 0
door_01
0  -0.017949 45.995049 10.935851  -0.000121 0.808378 -0.588663  0.923351 0.110275 0
0  -0.017806 47.292816 12.752292  -0.000119 0.827202 -0.561904  0.923348 0.126108 0
0  6.209166 47.292919 12.752275  0.000020 0.827203 -0.561904  0.879194 0.126097 0
door_01
0  6.209136 48.501736 14.625803  0.000003 0.852633 -0.522510  0.879190 0.141910 0
0  6.209166 47.292919 12.752275  0.000020 0.827203 -0.561904  0.879194 0.126097 0
0  -0.017806 47.292816 12.752292  -0.000119 0.827202 -0.561904  0.923348 0.126108 0
door_01
0  6.209136 48.501736 14.625803  0.000003 0.852633 -0.522510  0.879190 0.141910 0
0  -0.017806 47.292816 12.752292  -0.000119 0.827202 -0.561904  0.923348 0.126108 0
0  -0.017651 48.501656 14.625822  -0.000116 0.852633 -0.522511  0.923344 0.141921 0
door_01
0  6.209108 49.625332 16.558580  0.000021 0.876159 -0.482023  0.879187 0.157766 0
0  6.209136 48.501736 14.625803  0.000003 0.852633 -0.522510  0.879190 0.141910 0
0  -0.017651 48.501656 14.625822  -0.000116 0.852633 -0.522511  0.923344 0.141921 0
door_01
0  6.209108 49.625332 16.558580  0.000021 0.876159 -0.482023  0.879187 0.157766 0
0  -0.017651 48.501656 14.625822  -0.000116 0.852633 -0.522511  0.923344 0.141921 0
0  -0.017483 49.625225 16.558601  -0.000113 0.876156 -0.482028  0.923340 0.157777 0
door_01
0  6.209098 50.656528 18.542479  0.000023 0.891490 -0.453040  0.879183 0.173623 0
0  6.209108 49.625332 16.558580  0.000021 0.876159 -0.482023  0.879187 0.157766 0
0  -0.017483 49.625225 16.558601  -0.000113 0.876156 -0.482028  0.923340 0.157777 0
door_01
0  6.209098 50.656528 18.542479  0.000023 0.891490 -0.453040  0.879183 0.173623 0
0  -0.017483 49.625225 16.558601  -0.000113 0.876156 -0.482028  0.923340 0.157777 0
0  -0.017303 50.656448 18.542488  -0.000110 0.891484 -0.453051  0.923336 0.173634 0
door_01
0  -0.017303 50.656448 18.542488  -0.000110 0.891484 -0.453051  0.923336 0.173634 0
0  -6.243711 50.655769 18.544004  -0.000240 0.891491 -0.453039  0.879183 0.173623 0
0  -6.243355 51.648499 20.542709  -0.000234 0.905623 -0.424083  0.879179 0.189451 0
door_01
0  -6.243711 50.655769 18.544004  -0.000240 0.891491 -0.453039  0.879183 0.173623 0
0  -0.017303 50.656448 18.542488  -0.000110 0.891484 -0.453051  0.923336 0.173634 0
0  -0.017483 49.625225 16.558601  -0.000113 0.876156 -0.482028  0.923340 0.157777 0
door_01
0  -6.243711 50.655769 18.544004  -0.000240 0.891491 -0.453039  0.879183 0.173623 0
0  -0.017483 49.625225 16.558601  -0.000113 0.876156 -0.482028  0.923340 0.157777 0
0  -6.244080 49.624569 16.560104  -0.000243 0.876158 -0.482023  0.879187 0.157766 0
door_01
0  -6.244080 49.624569 16.560104  -0.000243 0.876158 -0.482023  0.879187 0.157766 0
0  -0.017483 49.625225 16.558601  -0.000113 0.876156 -0.482028  0.923340 0.157777 0
0  -0.017651 48.501656 14.625822  -0.000116 0.852633 -0.522511  0.923344 0.141921 0
door_01
0  -6.244080 49.624569 16.560104  -0.000243 0.876158 -0.482023  0.879187 0.157766 0
0  -0.017651 48.501656 14.625822  -0.000116 0.852633 -0.522511  0.923344 0.141921 0
0  -6.244443 48.500973 14.627326  -0.000232 0.852632 -0.522511  0.879190 0.141910 0
door_01
0  -6.244443 48.500973 14.627326  -0.000232 0.852632 -0.522511  0.879190 0.141910 0
0  -0.017651 48.501656 14.625822  -0.000116 0.852633 -0.522511  0.923344 0.141921 0
0  -0.017806 47.292816 12.752292  -0.000119 0.827202 -0.561904  0.923348 0.126108 0
door_01
0  -6.244443 48.500973 14.627326  -0.000232 0.852632 -0.522511  0.879190 0.141910 0
0  -0.017806 47.292816 12.752292  -0.000119 0.827202 -0.561904  0.923348 0.126108 0
0  -6.244780 47.292160 12.753798  -0.000257 0.827203 -0.561903  0.879194 0.126097 0
door_01
0  -0.017949 45.995049 10.935851  -0.000121 0.808378 -0.588663  0.923351 0.110275 0
0  -6.244780 47.292160 12.753798  -0.000257 0.827203 -0.561903  0.879194 0.126097 0
0  -0.017806 47.292816 12.752292  -0.000119 0.827202 -0.561904  0.923348 0.126108 0
door_01
0  -0.017949 45.995049 10.935851  -0.000121 0.808378 -0.588663  0.923351 0.110275 0
0  -6.245091 45.994362 10.937365  -0.000267 0.808376 -0.588667  0.879198 0.110264 0
0  -6.244780 47.292160 12.753798  -0.000257 0.827203 -0.561903  0.879194 0.126097 0
door_01
0  -6.245091 45.994362 10.937365  -0.000267 0.808376 -0.588667  0.879198 0.110264 0
0  -0.017949 45.995049 10.935851  -0.000121 0.808378 -0.588663  0.923351 0.110275 0
0  -0.018088 44.662575 9.140363  -0.000123 0.790227 -0.612814  0.923355 0.094417 0
door_01
0  -6.245091 45.994362 10.937365  -0.000267 0.808376 -0.588667  0.879198 0.110264 0
0  -0.018088 44.662575 9.140363  -0.000123 0.790227 -0.612814  0.923355 0.094417 0
0  -6.245376 44.661892 9.141877  -0.000272 0.790223 -0.612819  0.879203 0.094407 0
door_01
0  -6.245376 44.661892 9.141877  -0.000272 0.790223 -0.612819  0.879203 0.094407 0
0  -0.018088 44.662575 9.140363  -0.000123 0.790227 -0.612814  0.923355 0.094417 0
0  -0.018215 43.255154 7.402738  -0.000125 0.765286 -0.643690  0.923358 0.078558 0
door_01
0  -6.245376 44.661892 9.141877  -0.000272 0.790223 -0.612819  0.879203 0.094407 0
0  -0.018215 43.255154 7.402738  -0.000125 0.765286 -0.643690  0.923358 0.078558 0
0  -6.245628 43.254402 7.404258  -0.000261 0.765276 -0.643702  0.879207 0.078548 0
door_01
0  -6.245628 43.254402 7.404258  -0.000261 0.765276 -0.643702  0.879207 0.078548 0
0  -0.018215 43.255154 7.402738  -0.000125 0.765286 -0.643690  0.923358 0.078558 0
0  -0.018331 41.786804 5.721223  -0.000128 0.728802 -0.684724  0.923360 0.062725 0
door_01
0  -6.245628 43.254402 7.404258  -0.000261 0.765276 -0.643702  0.879207 0.078548 0
0  -0.018331 41.786804 5.721223  -0.000128 0.728802 -0.684724  0.923360 0.062725 0
0  -6.245863 41.786037 5.722745  -0.000292 0.728800 -0.684727  0.879213 0.062715 0
door_01
0  -0.018423 40.201168 4.152062  -0.000130 0.691269 -0.722597  0.923361 0.046903 0
0  -6.245863 41.786037 5.722745  -0.000292 0.728800 -0.684727  0.879213 0.062715 0
0  -0.018331 41.786804 5.721223  -0.000128 0.728802 -0.684724  0.923360 0.062725 0
door_01
0  -0.018423 40.201168 4.152062  -0.000130 0.691269 -0.722597  0.923361 0.046903 0
0  -6.246057 40.200375 4.153576  -0.000267 0.691410 -0.722463  0.879221 0.046895 0
0  -6.245863 41.786037 5.722745  -0.000292 0.728800 -0.684727  0.879213 0.062715 0
door_01
0  -6.293218 38.031681 2.131361  -0.000276 0.670792 -0.741646  0.878903 0.025867 0
0  -6.246057 40.200375 4.153576  -0.000267 0.691410 -0.722463  0.879221 0.046895 0
0  -0.018423 40.201168 4.152062  -0.000130 0.691269 -0.722597  0.923361 0.046903 0
door_01
0  -0.017303 50.656448 18.542488  -0.000110 0.891484 -0.453051  0.923336 0.173634 0
0  6.209110 51.649258 20.541185  0.000021 0.905622 -0.424085  0.879179 0.189451 0
0  6.209098 50.656528 18.542479  0.000023 0.891490 -0.453040  0.879183 0.173623 0
door_01
0  -0.017303 50.656448 18.542488  -0.000110 0.891484 -0.453051  0.923336 0.173634 0
0  -0.017119 51.649223 20.541199  -0.000107 0.905616 -0.424098  0.923332 0.189462 0
0  6.209110 51.649258 20.541185  0.000021 0.905622 -0.424085  0.879179 0.189451 0
door_01
0  6.209130 52.547848 22.581203  0.000025 0.924110 -0.382126  0.879175 0.205261 0
0  6.209110 51.649258 20.541185  0.000021 0.905622 -0.424085  0.879179 0.189451 0
0  -0.017119 51.649223 20.541199  -0.000107 0.905616 -0.424098  0.923332 0.189462 0
door_01
0  6.209130 52.547848 22.581203  0.000025 0.924110 -0.382126  0.879175 0.205261 0
0  -0.017119 51.649223 20.541199  -0.000107 0.905616 -0.424098  0.923332 0.189462 0
0  -0.016925 52.547832 22.581221  -0.000103 0.924105 -0.382139  0.923328 0.205272 0
door_01
0  6.209155 53.354790 24.666111  0.000006 0.940227 -0.340549  0.879170 0.221116 0
0  6.209130 52.547848 22.581203  0.000025 0.924110 -0.382126  0.879175 0.205261 0
0  -0.016925 52.547832 22.581221  -0.000103 0.924105 -0.382139  0.923328 0.205272 0
door_01
0  6.209155 53.354790 24.666111  0.000006 0.940227 -0.340549  0.879170 0.221116 0
0  -0.016925 52.547832 22.581221  -0.000103 0.924105 -0.382139  0.923328 0.205272 0
0  -0.016719 53.354805 24.666121  -0.000099 0.940222 -0.340563  0.923324 0.221127 0
door_01
0  6.209171 54.070320 26.784664  0.000022 0.949028 -0.315191  0.879166 0.236975 0
0  6.209155 53.354790 24.666111  0.000006 0.940227 -0.340549  0.879170 0.221116 0
0  -0.016719 53.354805 24.666121  -0.000099 0.940222 -0.340563  0.923324 0.221127 0
door_01
0  6.209171 54.070320 26.784664  0.000022 0.949028 -0.315191  0.879166 0.236975 0
0  -0.016719 53.354805 24.666121  -0.000099 0.940222 -0.340563  0.923324 0.221127 0
0  -0.016503 54.070374 26.784672  -0.000097 0.949026 -0.315199  0.923320 0.236987 0
door_01
0  -0.016503 54.070374 26.784672  -0.000097 0.949026 -0.315199  0.923320 0.236987 0
0  6.209165 54.764503 28.910675  0.000029 0.958156 -0.286248  0.879162 0.252837 0
0  6.209171 54.070320 26.784664  0.000022 0.949028 -0.315191  0.879166 0.236975 0
door_01
0  -0.016503 54.070374 26.784672  -0.000097 0.949026 -0.315199  0.923320 0.236987 0
0  -0.016286 54.764553 28.910688  -0.000094 0.958156 -0.286245  0.923316 0.252848 0
0  6.209165 54.764503 28.910675  0.000029 0.958156 -0.286248  0.879162 0.252837 0
door_01
0  6.209148 55.349178 31.065039  0.000031 0.972440 -0.233152  0.879158 0.268669 0
0  6.209165 54.764503 28.910675  0.000029 0.958156 -0.286248  0.879162 0.252837 0
0  -0.016286 54.764553 28.910688  -0.000094 0.958156 -0.286245  0.923316 0.252848 0
door_01
0  6.209148 55.349178 31.065039  0.000031 0.972440 -0.233152  0.879158 0.268669 0
0  -0.016286 54.764553 28.910688  -0.000094 0.958156 -0.286245  0.923316 0.252848 0
0  -0.016057 55.349224 31.065046  -0.000088 0.972439 -0.233157  0.923312 0.268680 0
door_01
0  6.209134 55.805244 33.251587  0.000020 0.983675 -0.179952  0.879155 0.284510 0
0  6.209148 55.349178 31.065039  0.000031 0.972440 -0.233152  0.879158 0.268669 0
0  -0.016057 55.349224 31.065046  -0.000088 0.972439 -0.233157  0.923312 0.268680 0
door_01
0  6.209134 55.805244 33.251587  0.000020 0.983675 -0.179952  0.879155 0.284510 0
0  -0.016057 55.349224 31.065046  -0.000088 0.972439 -0.233157  0.923312 0.268680 0
0  -0.015818 55.805298 33.251587  -0.000082 0.983675 -0.179957  0.923309 0.284521 0
door_01
0  6.209123 56.153049 35.459442  0.000026 0.988663 -0.150152  0.879151 0.300362 0
0  6.209134 55.805244 33.251587  0.000020 0.983675 -0.179952  0.879155 0.284510 0
0  -0.015818 55.805298 33.251587  -0.000082 0.983675 -0.179957  0.923309 0.284521 0
door_01
0  6.209123 56.153049 35.459442  0.000026 0.988663 -0.150152  0.879151 0.300362 0
0  -0.015818 55.805298 33.251587  -0.000082 0.983675 -0.179957  0.923309 0.284521 0
0  -0.015569 56.153099 35.459450  -0.000078 0.988663 -0.150155  0.923305 0.300373 0
door_01
0  -0.015569 56.153099 35.459450  -0.000078 0.988663 -0.150155  0.923305 0.300373 0
0  6.209129 56.476765 37.673168  0.000021 0.992359 -0.123383  0.879147 0.316229 0
0  6.209123 56.153049 35.459442  0.000026 0.988663 -0.150152  0.879151 0.300362 0
door_01
0  -0.015569 56.153099 35.459450  -0.000078 0.988663 -0.150155  0.923305 0.300373 0
0  -0.015318 56.476814 37.673176  -0.000075 0.992359 -0.123386  0.923301 0.316240 0
0  6.209129 56.476765 37.673168  0.000021 0.992359 -0.123383  0.879147 0.316229 0
door_01
0  -6.239271 56.703957 39.897507  -0.000169 0.996792 -0.080040  0.879143 0.332077 0
0  -0.015318 56.476814 37.673176  -0.000075 0.992359 -0.123386  0.923301 0.316240 0
0  -6.239771 56.476009 37.674683  -0.000182 0.992359 -0.123383  0.879147 0.316229 0
door_01
0  -0.015569 56.153099 35.459450  -0.000078 0.988663 -0.150155  0.923305 0.300373 0
0  -6.239771 56.476009 37.674683  -0.000182 0.992359 -0.123383  0.879147 0.316229 0
0  -0.015318 56.476814 37.673176  -0.000075 0.992359 -0.123386  0.923301 0.316240 0
door_01
0  -0.015569 56.153099 35.459450  -0.000078 0.988663 -0.150155  0.923305 0.300373 0
0  -6.240267 56.152290 35.460957  -0.000186 0.988663 -0.150153  0.879151 0.300362 0
0  -6.239771 56.476009 37.674683  -0.000182 0.992359 -0.123383  0.879147 0.316229 0
door_01
0  -6.240267 56.152290 35.460957  -0.000186 0.988663 -0.150153  0.879151 0.300362 0
0  -0.015569 56.153099 35.459450  -0.000078 0.988663 -0.150155  0.923305 0.300373 0
0  -0.015818 55.805298 33.251587  -0.000082 0.983675 -0.179957  0.923309 0.284521 0
door_01
0  -6.240267 56.152290 35.460957  -0.000186 0.988663 -0.150153  0.879151 0.300362 0
0  -0.015818 55.805298 33.251587  -0.000082 0.983675 -0.179957  0.923309 0.284521 0
0  -6.240769 55.804482 33.253101  -0.000185 0.983675 -0.179954  0.879155 0.284510 0
door_01
0  -6.240769 55.804482 33.253101  -0.000185 0.983675 -0.179954  0.879155 0.284510 0
0  -0.015818 55.805298 33.251587  -0.000082 0.983675 -0.179957  0.923309 0.284521 0
0  -0.016057 55.349224 31.065046  -0.000088 0.972439 -0.233157  0.923312 0.268680 0
door_01
0  -6.240769 55.804482 33.253101  -0.000185 0.983675 -0.179954  0.879155 0.284510 0
0  -0.016057 55.349224 31.065046  -0.000088 0.972439 -0.233157  0.923312 0.268680 0
0  -6.241268 55.348415 31.066563  -0.000200 0.972440 -0.233153  0.879158 0.268669 0
door_01
0  -6.241268 55.348415 31.066563  -0.000200 0.972440 -0.233153  0.879158 0.268669 0
0  -0.016057 55.349224 31.065046  -0.000088 0.972439 -0.233157  0.923312 0.268680 0
0  -0.016286 54.764553 28.910688  -0.000094 0.958156 -0.286245  0.923316 0.252848 0
door_01
0  -6.241268 55.348415 31.066563  -0.000200 0.972440 -0.233153  0.879158 0.268669 0
0  -0.016286 54.764553 28.910688  -0.000094 0.958156 -0.286245  0.923316 0.252848 0
0  -6.241739 54.763741 28.912199  -0.000211 0.958157 -0.286245  0.879162 0.252837 0
door_01
0  -0.016503 54.070374 26.784672  -0.000097 0.949026 -0.315199  0.923320 0.236987 0
0  -6.241739 54.763741 28.912199  -0.000211 0.958157 -0.286245  0.879162 0.252837 0
0  -0.016286 54.764553 28.910688  -0.000094 0.958156 -0.286245  0.923316 0.252848 0
door_01
0  -0.016503 54.070374 26.784672  -0.000097 0.949026 -0.315199  0.923320 0.236987 0
0  -6.242178 54.069557 26.786184  -0.000213 0.949027 -0.315194  0.879166 0.236975 0
0  -6.241739 54.763741 28.912199  -0.000211 0.958157 -0.286245  0.879162 0.252837 0
door_01
0  -6.242178 54.069557 26.786184  -0.000213 0.949027 -0.315194  0.879166 0.236975 0
0  -0.016503 54.070374 26.784672  -0.000097 0.949026 -0.315199  0.923320 0.236987 0
0  -0.016719 53.354805 24.666121  -0.000099 0.940222 -0.340563  0.923324 0.221127 0
door_01
0  -6.242178 54.069557 26.786184  -0.000213 0.949027 -0.315194  0.879166 0.236975 0
0  -0.016719 53.354805 24.666121  -0.000099 0.940222 -0.340563  0.923324 0.221127 0
0  -6.242598 53.354031 24.667633  -0.000208 0.940226 -0.340550  0.879170 0.221116 0
door_01
0  -6.242598 53.354031 24.667633  -0.000208 0.940226 -0.340550  0.879170 0.221116 0
0  -0.016719 53.354805 24.666121  -0.000099 0.940222 -0.340563  0.923324 0.221127 0
0  -0.016925 52.547832 22.581221  -0.000103 0.924105 -0.382139  0.923328 0.205272 0
door_01
0  -6.242598 53.354031 24.667633  -0.000208 0.940226 -0.340550  0.879170 0.221116 0
0  -0.016925 52.547832 22.581221  -0.000103 0.924105 -0.382139  0.923328 0.205272 0
0  -6.242984 52.547085 22.582726  -0.000226 0.924110 -0.382127  0.879175 0.205261 0
door_01
0  -6.242984 52.547085 22.582726  -0.000226 0.924110 -0.382127  0.879175 0.205261 0
0  -0.016925 52.547832 22.581221  -0.000103 0.924105 -0.382139  0.923328 0.205272 0
0  -0.017119 51.649223 20.541199  -0.000107 0.905616 -0.424098  0.923332 0.189462 0
door_01
0  -6.242984 52.547085 22.582726  -0.000226 0.924110 -0.382127  0.879175 0.205261 0
0  -0.017119 51.649223 20.541199  -0.000107 0.905616 -0.424098  0.923332 0.189462 0
0  -6.243355 51.648499 20.542709  -0.000234 0.905623 -0.424083  0.879179 0.189451 0
door_01
0  -0.017303 50.656448 18.542488  -0.000110 0.891484 -0.453051  0.923336 0.173634 0
0  -6.243355 51.648499 20.542709  -0.000234 0.905623 -0.424083  0.879179 0.189451 0
0  -0.017119 51.649223 20.541199  -0.000107 0.905616 -0.424098  0.923332 0.189462 0
door_01
0  6.209144 56.704720 39.895996  0.000029 0.996792 -0.080041  0.879143 0.332077 0
0  6.209129 56.476765 37.673168  0.000021 0.992359 -0.123383  0.879147 0.316229 0
0  -0.015318 56.476814 37.673176  -0.000075 0.992359 -0.123386  0.923301 0.316240 0
door_01
0  6.209144 56.704720 39.895996  0.000029 0.996792 -0.080041  0.879143 0.332077 0
0  -0.015318 56.476814 37.673176  -0.000075 0.992359 -0.123386  0.923301 0.316240 0
0  -0.015061 56.704765 39.896000  -0.000071 0.996791 -0.080045  0.923296 0.332088 0
door_01
0  6.209163 56.834160 42.122879  0.000026 0.999448 -0.033234  0.879139 0.347897 0
0  6.209144 56.704720 39.895996  0.000029 0.996792 -0.080041  0.879143 0.332077 0
0  -0.015061 56.704765 39.896000  -0.000071 0.996791 -0.080045  0.923296 0.332088 0
door_01
0  6.209163 56.834160 42.122879  0.000026 0.999448 -0.033234  0.879139 0.347897 0
0  -0.015061 56.704765 39.896000  -0.000071 0.996791 -0.080045  0.923296 0.332088 0
0  -0.014796 56.834206 42.122894  -0.000065 0.999447 -0.033238  0.923292 0.347908 0
door_01
0  6.209190 56.852943 44.353218  0.000025 0.999989 0.004701  0.879134 0.363715 0
0  6.209163 56.834160 42.122879  0.000026 0.999448 -0.033234  0.879139 0.347897 0
0  -0.014796 56.834206 42.122894  -0.000065 0.999447 -0.033238  0.923292 0.347908 0
door_01
0  6.209190 56.852943 44.353218  0.000025 0.999989 0.004701  0.879134 0.363715 0
0  -0.014796 56.834206 42.122894  -0.000065 0.999447 -0.033238  0.923292 0.347908 0
0  -0.014525 56.852993 44.353218  -0.000060 0.999989 0.004701  0.923288 0.363727 0
door_01
0  -0.014525 56.852993 44.353218  -0.000060 0.999989 0.004701  0.923288 0.363727 0
0  6.209232 56.813129 46.586037  0.000015 0.999208 0.039796  0.879130 0.379554 0
0  6.209190 56.852943 44.353218  0.000025 0.999989 0.004701  0.879134 0.363715 0
door_01
0  -0.014525 56.852993 44.353218  -0.000060 0.999989 0.004701  0.923288 0.363727 0
0  -0.014250 56.813183 46.586040  -0.000056 0.999208 0.039794  0.923284 0.379565 0
0  6.209232 56.813129 46.586037  0.000015 0.999208 0.039796  0.879130 0.379554 0
door_01
0  6.209270 56.675331 48.813519  0.000023 0.996925 0.078366  0.879126 0.395382 0
0  6.209232 56.813129 46.586037  0.000015 0.999208 0.039796  0.879130 0.379554 0
0  -0.014250 56.813183 46.586040  -0.000056 0.999208 0.039794  0.923284 0.379565 0
door_01
0  6.209270 56.675331 48.813519  0.000023 0.996925 0.078366  0.879126 0.395382 0
0  -0.014250 56.813183 46.586040  -0.000056 0.999208 0.039794  0.923284 0.379565 0
0  -0.013969 56.675381 48.813530  -0.000051 0.996925 0.078362  0.923280 0.395393 0
door_01
0  6.209303 56.463284 51.036446  0.000018 0.993129 0.117021  0.879122 0.411219 0
0  6.209270 56.675331 48.813519  0.000023 0.996925 0.078366  0.879126 0.395382 0
0  -0.013969 56.675381 48.813530  -0.000051 0.996925 0.078362  0.923280 0.395393 0
door_01
0  6.209303 56.463284 51.036446  0.000018 0.993129 0.117021  0.879122 0.411219 0
0  -0.013969 56.675381 48.813530  -0.000051 0.996925 0.078362  0.923280 0.395393 0
0  -0.013684 56.463329 51.036449  -0.000046 0.993130 0.117021  0.923276 0.411230 0
door_01
0  6.209331 56.152946 53.246986  0.000027 0.988530 0.151027  0.879117 0.427050 0
0  6.209303 56.463284 51.036446  0.000018 0.993129 0.117021  0.879122 0.411219 0
0  -0.013684 56.463329 51.036449  -0.000046 0.993130 0.117021  0.923276 0.411230 0
door_01
0  6.209331 56.152946 53.246986  0.000027 0.988530 0.151027  0.879117 0.427050 0
0  -0.013684 56.463329 51.036449  -0.000046 0.993130 0.117021  0.923276 0.411230 0
0  -0.013396 56.152992 53.247002  -0.000042 0.988530 0.151023  0.923272 0.427061 0
door_01
0  -0.013396 56.152992 53.247002  -0.000042 0.988530 0.151023  0.923272 0.427061 0
0  6.209332 55.789062 55.449463  0.000018 0.982247 0.187595  0.879113 0.442882 0
0  6.209331 56.152946 53.246986  0.000027 0.988530 0.151027  0.879117 0.427050 0
door_01
0  -0.013396 56.152992 53.247002  -0.000042 0.988530 0.151023  0.923272 0.427061 0
0  -0.013104 55.789116 55.449474  -0.000037 0.982247 0.187591  0.923268 0.442894 0
0  6.209332 55.789062 55.449463  0.000018 0.982247 0.187595  0.879113 0.442882 0
door_01
0  6.209325 55.316189 57.628609  0.000020 0.972195 0.234171  0.879109 0.458697 0
0  6.209332 55.789062 55.449463  0.000018 0.982247 0.187595  0.879113 0.442882 0
0  -0.013104 55.789116 55.449474  -0.000037 0.982247 0.187591  0.923268 0.442894 0
door_01
0  6.209325 55.316189 57.628609  0.000020 0.972195 0.234171  0.879109 0.458697 0
0  -0.013104 55.789116 55.449474  -0.000037 0.982247 0.187591  0.923268 0.442894 0
0  -0.012809 55.316235 57.628609  -0.000031 0.972196 0.234169  0.923264 0.458708 0
door_01
0  -6.234332 54.742748 59.791168  -0.000064 0.960382 0.278686  0.879105 0.474553 0
0  -0.012809 55.316235 57.628609  -0.000031 0.972196 0.234169  0.923264 0.458708 0
0  -6.234947 55.315426 57.630123  -0.000077 0.972194 0.234175  0.879109 0.458697 0
door_01
0  -6.234947 55.315426 57.630123  -0.000077 0.972194 0.234175  0.879109 0.458697 0
0  -0.012809 55.316235 57.628609  -0.000031 0.972196 0.234169  0.923264 0.458708 0
0  -0.013104 55.789116 55.449474  -0.000037 0.982247 0.187591  0.923268 0.442894 0
door_01
0  -6.234947 55.315426 57.630123  -0.000077 0.972194 0.234175  0.879109 0.458697 0
0  -0.013104 55.789116 55.449474  -0.000037 0.982247 0.187591  0.923268 0.442894 0
0  -6.235546 55.788307 55.450977  -0.000093 0.982247 0.187593  0.879113 0.442882 0
door_01
0  -0.013396 56.152992 53.247002  -0.000042 0.988530 0.151023  0.923272 0.427061 0
0  -6.235546 55.788307 55.450977  -0.000093 0.982247 0.187593  0.879113 0.442882 0
0  -0.013104 55.789116 55.449474  -0.000037 0.982247 0.187591  0.923268 0.442894 0
door_01
0  -0.013396 56.152992 53.247002  -0.000042 0.988530 0.151023  0.923272 0.427061 0
0  -6.236124 56.152184 53.248501  -0.000109 0.988530 0.151027  0.879117 0.427050 0
0  -6.235546 55.788307 55.450977  -0.000093 0.982247 0.187593  0.879113 0.442882 0
door_01
0  -6.236124 56.152184 53.248501  -0.000109 0.988530 0.151027  0.879117 0.427050 0
0  -0.013396 56.152992 53.247002  -0.000042 0.988530 0.151023  0.923272 0.427061 0
0  -0.013684 56.463329 51.036449  -0.000046 0.993130 0.117021  0.923276 0.411230 0
door_01
0  -6.236124 56.152184 53.248501  -0.000109 0.988530 0.151027  0.879117 0.427050 0
0  -0.013684 56.463329 51.036449  -0.000046 0.993130 0.117021  0.923276 0.411230 0
0  -6.236679 56.462524 51.037960  -0.000110 0.993129 0.117024  0.879122 0.411219 0
door_01
0  -6.236679 56.462524 51.037960  -0.000110 0.993129 0.117024  0.879122 0.411219 0
0  -0.013684 56.463329 51.036449  -0.000046 0.993130 0.117021  0.923276 0.411230 0
0  -0.013969 56.675381 48.813530  -0.000051 0.996925 0.078362  0.923280 0.395393 0
door_01
0  -6.236679 56.462524 51.037960  -0.000110 0.993129 0.117024  0.879122 0.411219 0
0  -0.013969 56.675381 48.813530  -0.000051 0.996925 0.078362  0.923280 0.395393 0
0  -6.237211 56.674568 48.815041  -0.000118 0.996925 0.078364  0.879126 0.395382 0
door_01
0  -6.237211 56.674568 48.815041  -0.000118 0.996925 0.078364  0.879126 0.395382 0
0  -0.013969 56.675381 48.813530  -0.000051 0.996925 0.078362  0.923280 0.395393 0
0  -0.014250 56.813183 46.586040  -0.000056 0.999208 0.039794  0.923284 0.379565 0
door_01
0  -6.237211 56.674568 48.815041  -0.000118 0.996925 0.078364  0.879126 0.395382 0
0  -0.014250 56.813183 46.586040  -0.000056 0.999208 0.039794  0.923284 0.379565 0
0  -6.237736 56.812374 46.587551  -0.000131 0.999208 0.039797  0.879130 0.379554 0
door_01
0  -0.014525 56.852993 44.353218  -0.000060 0.999989 0.004701  0.923288 0.363727 0
0  -6.237736 56.812374 46.587551  -0.000131 0.999208 0.039797  0.879130 0.379554 0
0  -0.014250 56.813183 46.586040  -0.000056 0.999208 0.039794  0.923284 0.379565 0
door_01
0  -0.014525 56.852993 44.353218  -0.000060 0.999989 0.004701  0.923288 0.363727 0
0  -6.238245 56.852180 44.354733  -0.000138 0.999989 0.004703  0.879134 0.363715 0
0  -6.237736 56.812374 46.587551  -0.000131 0.999208 0.039797  0.879130 0.379554 0
door_01
0  -6.238245 56.852180 44.354733  -0.000138 0.999989 0.004703  0.879134 0.363715 0
0  -0.014525 56.852993 44.353218  -0.000060 0.999989 0.004701  0.923288 0.363727 0
0  -0.014796 56.834206 42.122894  -0.000065 0.999447 -0.033238  0.923292 0.347908 0
door_01
0  -6.238245 56.852180 44.354733  -0.000138 0.999989 0.004703  0.879134 0.363715 0
0  -0.014796 56.834206 42.122894  -0.000065 0.999447 -0.033238  0.923292 0.347908 0
0  -6.238762 56.833397 42.124393  -0.000148 0.999448 -0.033235  0.879139 0.347897 0
door_01
0  -6.238762 56.833397 42.124393  -0.000148 0.999448 -0.033235  0.879139 0.347897 0
0  -0.014796 56.834206 42.122894  -0.000065 0.999447 -0.033238  0.923292 0.347908 0
0  -0.015061 56.704765 39.896000  -0.000071 0.996791 -0.080045  0.923296 0.332088 0
door_01
0  -6.238762 56.833397 42.124393  -0.000148 0.999448 -0.033235  0.879139 0.347897 0
0  -0.015061 56.704765 39.896000  -0.000071 0.996791 -0.080045  0.923296 0.332088 0
0  -6.239271 56.703957 39.897507  -0.000169 0.996792 -0.080040  0.879143 0.332077 0
door_01
0  -6.239271 56.703957 39.897507  -0.000169 0.996792 -0.080040  0.879143 0.332077 0
0  -0.015061 56.704765 39.896000  -0.000071 0.996791 -0.080045  0.923296 0.332088 0
0  -0.015318 56.476814 37.673176  -0.000075 0.992359 -0.123386  0.923301 0.316240 0
door_01
0  6.209307 54.743511 59.789650  0.000014 0.960382 0.278686  0.879105 0.474553 0
0  6.209325 55.316189 57.628609  0.000020 0.972195 0.234171  0.879109 0.458697 0
0  -0.012809 55.316235 57.628609  -0.000031 0.972196 0.234169  0.923264 0.458708 0
door_01
0  6.209307 54.743511 59.789650  0.000014 0.960382 0.278686  0.879105 0.474553 0
0  -0.012809 55.316235 57.628609  -0.000031 0.972196 0.234169  0.923264 0.458708 0
0  -0.012510 54.743568 59.789665  -0.000025 0.960383 0.278684  0.923260 0.474564 0
door_01
0  6.209296 54.070377 61.921761  0.000015 0.950772 0.309891  0.879101 0.490410 0
0  6.209307 54.743511 59.789650  0.000014 0.960382 0.278686  0.879105 0.474553 0
0  -0.012510 54.743568 59.789665  -0.000025 0.960383 0.278684  0.923260 0.474564 0
door_01
0  6.209296 54.070377 61.921761  0.000015 0.950772 0.309891  0.879101 0.490410 0
0  -0.012510 54.743568 59.789665  -0.000025 0.960383 0.278684  0.923260 0.474564 0
0  -0.012208 54.070431 61.921764  -0.000020 0.950772 0.309892  0.923256 0.490421 0
door_01
0  -0.012208 54.070431 61.921764  -0.000020 0.950772 0.309892  0.923256 0.490421 0
0  6.209290 53.359158 64.037102  0.000018 0.940251 0.340482  0.879098 0.506238 0
0  6.209296 54.070377 61.921761  0.000015 0.950772 0.309891  0.879101 0.490410 0
door_01
0  -0.012208 54.070431 61.921764  -0.000020 0.950772 0.309892  0.923256 0.490421 0
0  -0.011907 53.359203 64.037109  -0.000016 0.940252 0.340480  0.923252 0.506249 0
0  6.209290 53.359158 64.037102  0.000018 0.940251 0.340482  0.879098 0.506238 0
door_01
0  6.209290 52.551994 66.115021  0.000016 0.923649 0.383239  0.879093 0.522048 0
0  6.209290 53.359158 64.037102  0.000018 0.940251 0.340482  0.879098 0.506238 0
0  -0.011907 53.359203 64.037109  -0.000016 0.940252 0.340480  0.923252 0.506249 0
door_01
0  6.209290 52.551994 66.115021  0.000016 0.923649 0.383239  0.879093 0.522048 0
0  -0.011907 53.359203 64.037109  -0.000016 0.940252 0.340480  0.923252 0.506249 0
0  -0.011603 52.552040 66.115028  -0.000010 0.923650 0.383237  0.923248 0.522059 0
door_01
0  6.209286 51.648369 68.159904  0.000019 0.905652 0.424021  0.879089 0.537903 0
0  6.209290 52.551994 66.115021  0.000016 0.923649 0.383239  0.879093 0.522048 0
0  -0.011603 52.552040 66.115028  -0.000010 0.923650 0.383237  0.923248 0.522059 0
door_01
0  6.209286 51.648369 68.159904  0.000019 0.905652 0.424021  0.879089 0.537903 0
0  -0.011603 52.552040 66.115028  -0.000010 0.923650 0.383237  0.923248 0.522059 0
0  -0.011299 51.648415 68.159912  -0.000004 0.905653 0.424019  0.923244 0.537915 0
door_01
0  6.209290 50.656296 70.163948  0.000009 0.893939 0.448188  0.879085 0.553763 0
0  6.209286 51.648369 68.159904  0.000019 0.905652 0.424021  0.879089 0.537903 0
0  -0.011299 51.648415 68.159912  -0.000004 0.905653 0.424019  0.923244 0.537915 0
door_01
0  6.209290 50.656296 70.163948  0.000009 0.893939 0.448188  0.879085 0.553763 0
0  -0.011299 51.648415 68.159912  -0.000004 0.905653 0.424019  0.923244 0.537915 0
0  -0.010993 50.656349 70.163948  0.000001 0.893939 0.448188  0.923240 0.553774 0
door_01
0  -0.010993 50.656349 70.163948  0.000001 0.893939 0.448188  0.923240 0.553774 0
0  6.209288 49.643818 72.158089  0.000014 0.879920 0.475123  0.879081 0.569624 0
0  6.209290 50.656296 70.163948  0.000009 0.893939 0.448188  0.879085 0.553763 0
door_01
0  -0.010993 50.656349 70.163948  0.000001 0.893939 0.448188  0.923240 0.553774 0
0  -0.010688 49.643867 72.158112  0.000005 0.879921 0.475120  0.923236 0.569635 0
0  6.209288 49.643818 72.158089  0.000014 0.879920 0.475123  0.879081 0.569624 0
door_01
0  6.209283 48.533867 74.094879  0.000017 0.852479 0.522761  0.879077 0.585456 0
0  6.209288 49.643818 72.158089  0.000014 0.879920 0.475123  0.879081 0.569624 0
0  -0.010688 49.643867 72.158112  0.000005 0.879921 0.475120  0.923236 0.569635 0
door_01
0  6.209283 48.533867 74.094879  0.000017 0.852479 0.522761  0.879077 0.585456 0
0  -0.010688 49.643867 72.158112  0.000005 0.879921 0.475120  0.923236 0.569635 0
0  -0.010384 48.533916 74.094879  0.000012 0.852481 0.522759  0.923232 0.585467 0
door_01
0  6.209284 47.310211 75.963478  0.000010 0.822804 0.568326  0.879073 0.601297 0
0  6.209283 48.533867 74.094879  0.000017 0.852479 0.522761  0.879077 0.585456 0
0  -0.010384 48.533916 74.094879  0.000012 0.852481 0.522759  0.923232 0.585467 0
door_01
0  6.209284 47.310211 75.963478  0.000010 0.822804 0.568326  0.879073 0.601297 0
0  -0.010384 48.533916 74.094879  0.000012 0.852481 0.522759  0.923232 0.585467 0
0  -0.010081 47.310265 75.963493  0.000019 0.822807 0.568321  0.923228 0.601309 0
door_01
0  -6.228845 45.994183 77.772110  0.000034 0.805265 0.592915  0.879069 0.617149 0
0  -0.010081 47.310265 75.963493  0.000019 0.822807 0.568321  0.923228 0.601309 0
0  -6.229451 47.309456 75.964996  0.000023 0.822803 0.568327  0.879073 0.601297 0
door_01
0  -6.229451 47.309456 75.964996  0.000023 0.822803 0.568327  0.879073 0.601297 0
0  -0.010081 47.310265 75.963493  0.000019 0.822807 0.568321  0.923228 0.601309 0
0  -0.010384 48.533916 74.094879  0.000012 0.852481 0.522759  0.923232 0.585467 0
door_01
0  -6.229451 47.309456 75.964996  0.000023 0.822803 0.568327  0.879073 0.601297 0
0  -0.010384 48.533916 74.094879  0.000012 0.852481 0.522759  0.923232 0.585467 0
0  -6.230056 48.533108 74.096390  0.000015 0.852478 0.522763  0.879077 0.585456 0
door_01
0  -6.230056 48.533108 74.096390  0.000015 0.852478 0.522763  0.879077 0.585456 0
0  -0.010384 48.533916 74.094879  0.000012 0.852481 0.522759  0.923232 0.585467 0
0  -0.010688 49.643867 72.158112  0.000005 0.879921 0.475120  0.923236 0.569635 0
door_01
0  -6.230056 48.533108 74.096390  0.000015 0.852478 0.522763  0.879077 0.585456 0
0  -0.010688 49.643867 72.158112  0.000005 0.879921 0.475120  0.923236 0.569635 0
0  -6.230669 49.643063 72.159615  -0.000002 0.879919 0.475124  0.879081 0.569624 0
door_01
0  -0.010993 50.656349 70.163948  0.000001 0.893939 0.448188  0.923240 0.553774 0
0  -6.230669 49.643063 72.159615  -0.000002 0.879919 0.475124  0.879081 0.569624 0
0  -0.010688 49.643867 72.158112  0.000005 0.879921 0.475120  0.923236 0.569635 0
door_01
0  -0.010993 50.656349 70.163948  0.000001 0.893939 0.448188  0.923240 0.553774 0
0  -6.231281 50.655540 70.165466  -0.000009 0.893940 0.448187  0.879085 0.553763 0
0  -6.230669 49.643063 72.159615  -0.000002 0.879919 0.475124  0.879081 0.569624 0
door_01
0  -6.231281 50.655540 70.165466  -0.000009 0.893940 0.448187  0.879085 0.553763 0
0  -0.010993 50.656349 70.163948  0.000001 0.893939 0.448188  0.923240 0.553774 0
0  -0.011299 51.648415 68.159912  -0.000004 0.905653 0.424019  0.923244 0.537915 0
door_01
0  -6.231281 50.655540 70.165466  -0.000009 0.893940 0.448187  0.879085 0.553763 0
0  -0.011299 51.648415 68.159912  -0.000004 0.905653 0.424019  0.923244 0.537915 0
0  -6.231890 51.647606 68.161415  -0.000013 0.905653 0.424021  0.879089 0.537903 0
door_01
0  -6.231890 51.647606 68.161415  -0.000013 0.905653 0.424021  0.879089 0.537903 0
0  -0.011299 51.648415 68.159912  -0.000004 0.905653 0.424019  0.923244 0.537915 0
0  -0.011603 52.552040 66.115028  -0.000010 0.923650 0.383237  0.923248 0.522059 0
door_01
0  -6.231890 51.647606 68.161415  -0.000013 0.905653 0.424021  0.879089 0.537903 0
0  -0.011603 52.552040 66.115028  -0.000010 0.923650 0.383237  0.923248 0.522059 0
0  -6.232502 52.551235 66.116531  -0.000032 0.923648 0.383242  0.879093 0.522048 0
door_01
0  -6.232502 52.551235 66.116531  -0.000032 0.923648 0.383242  0.879093 0.522048 0
0  -0.011603 52.552040 66.115028  -0.000010 0.923650 0.383237  0.923248 0.522059 0
0  -0.011907 53.359203 64.037109  -0.000016 0.940252 0.340480  0.923252 0.506249 0
door_01
0  -6.232502 52.551235 66.116531  -0.000032 0.923648 0.383242  0.879093 0.522048 0
0  -0.011907 53.359203 64.037109  -0.000016 0.940252 0.340480  0.923252 0.506249 0
0  -6.233108 53.358398 64.038628  -0.000043 0.940252 0.340480  0.879098 0.506238 0
door_01
0  -0.012208 54.070431 61.921764  -0.000020 0.950772 0.309892  0.923256 0.490421 0
0  -6.233108 53.358398 64.038628  -0.000043 0.940252 0.340480  0.879098 0.506238 0
0  -0.011907 53.359203 64.037109  -0.000016 0.940252 0.340480  0.923252 0.506249 0
door_01
0  -0.012208 54.070431 61.921764  -0.000020 0.950772 0.309892  0.923256 0.490421 0
0  -6.233713 54.069614 61.923279  -0.000054 0.950773 0.309888  0.879101 0.490410 0
0  -6.233108 53.358398 64.038628  -0.000043 0.940252 0.340480  0.879098 0.506238 0
door_01
0  -6.233713 54.069614 61.923279  -0.000054 0.950773 0.309888  0.879101 0.490410 0
0  -0.012208 54.070431 61.921764  -0.000020 0.950772 0.309892  0.923256 0.490421 0
0  -0.012510 54.743568 59.789665  -0.000025 0.960383 0.278684  0.923260 0.474564 0
door_01
0  -6.233713 54.069614 61.923279  -0.000054 0.950773 0.309888  0.879101 0.490410 0
0  -0.012510 54.743568 59.789665  -0.000025 0.960383 0.278684  0.923260 0.474564 0
0  -6.234332 54.742748 59.791168  -0.000064 0.960382 0.278686  0.879105 0.474553 0
door_01
0  -6.234332 54.742748 59.791168  -0.000064 0.960382 0.278686  0.879105 0.474553 0
0  -0.012510 54.743568 59.789665  -0.000025 0.960383 0.278684  0.923260 0.474564 0
0  -0.012809 55.316235 57.628609  -0.000031 0.972196 0.234169  0.923264 0.458708 0
door_01
0  6.209283 45.994942 77.770584  0.000010 0.805265 0.592915  0.879069 0.617149 0
0  6.209284 47.310211 75.963478  0.000010 0.822804 0.568326  0.879073 0.601297 0
0  -0.010081 47.310265 75.963493  0.000019 0.822807 0.568321  0.923228 0.601309 0
door_01
0  6.209283 45.994942 77.770584  0.000010 0.805265 0.592915  0.879069 0.617149 0
0  -0.010081 47.310265 75.963493  0.000019 0.822807 0.568321  0.923228 0.601309 0
0  -0.009781 45.994995 77.770599  0.000023 0.805265 0.592914  0.923224 0.617160 0
door_01
0  -0.009781 45.994995 77.770599  0.000023 0.805265 0.592914  0.923224 0.617160 0
0  6.209270 44.658535 79.564819  -0.000002 0.788954 0.614453  0.879065 0.633016 0
0  6.209283 45.994942 77.770584  0.000010 0.805265 0.592915  0.879069 0.617149 0
door_01
0  -0.009781 45.994995 77.770599  0.000023 0.805265 0.592914  0.923224 0.617160 0
0  -0.009479 44.658585 79.564827  0.000027 0.788955 0.614451  0.923220 0.633027 0
0  6.209270 44.658535 79.564819  -0.000002 0.788954 0.614453  0.879065 0.633016 0
door_01
0  6.209266 43.247967 81.297791  -0.000005 0.763622 0.645664  0.879061 0.648864 0
0  6.209270 44.658535 79.564819  -0.000002 0.788954 0.614453  0.879065 0.633016 0
0  -0.009479 44.658585 79.564827  0.000027 0.788955 0.614451  0.923220 0.633027 0
door_01
0  6.209266 43.247967 81.297791  -0.000005 0.763622 0.645664  0.879061 0.648864 0
0  -0.009479 44.658585 79.564827  0.000027 0.788955 0.614451  0.923220 0.633027 0
0  -0.009182 43.248013 81.297806  0.000032 0.763623 0.645663  0.923215 0.648875 0
door_01
0  6.209257 41.774933 82.975288  0.000003 0.730216 0.683216  0.879057 0.664697 0
0  6.209266 43.247967 81.297791  -0.000005 0.763622 0.645664  0.879061 0.648864 0
0  -0.009182 43.248013 81.297806  0.000032 0.763623 0.645663  0.923215 0.648875 0
door_01
0  6.209257 41.774933 82.975288  0.000003 0.730216 0.683216  0.879057 0.664697 0
0  -0.009182 43.248013 81.297806  0.000032 0.763623 0.645663  0.923215 0.648875 0
0  -0.008888 41.774982 82.975311  0.000039 0.730215 0.683217  0.923211 0.664708 0
door_01
0  6.209258 40.201111 84.554382  -0.000000 0.698183 0.715920  0.879053 0.680509 0
0  6.209257 41.774933 82.975288  0.000003 0.730216 0.683216  0.879057 0.664697 0
0  -0.008888 41.774982 82.975311  0.000039 0.730215 0.683217  0.923211 0.664708 0
door_01
0  6.209258 40.201111 84.554382  -0.000000 0.698183 0.715920  0.879053 0.680509 0
0  -0.008888 41.774982 82.975311  0.000039 0.730215 0.683217  0.923211 0.664708 0
0  -0.008596 40.201141 84.554382  0.000045 0.698042 0.716057  0.923207 0.680520 0
door_01
0  6.209290 37.954578 86.699486  0.000339 0.649598 0.760278  0.879047 0.702538 0
0  6.209258 40.201111 84.554382  -0.000000 0.698183 0.715920  0.879053 0.680509 0
0  -0.008596 40.201141 84.554382  0.000045 0.698042 0.716057  0.923207 0.680520 0
door_01
0  6.209290 37.954578 86.699486  0.000339 0.649598 0.760278  0.879047 0.702538 0
0  -0.008596 40.201141 84.554382  0.000045 0.698042 0.716057  0.923207 0.680520 0
0  -0.008198 37.954018 86.700012  0.000053 0.649590 0.760284  0.923201 0.702555 0
door_01
0  -0.008198 37.954018 86.700012  0.000053 0.649590 0.760284  0.923201 0.702555 0
0  6.108516 33.417469 90.348274  0.000285 0.594216 0.804305  0.879751 0.743832 0
0  6.209290 37.954578 86.699486  0.000339 0.649598 0.760278  0.879047 0.702538 0
door_01
0  -0.008198 37.954018 86.700012  0.000053 0.649590 0.760284  0.923201 0.702555 0
0  -0.007475 33.417465 90.348282  0.000064 0.592364 0.805670  0.923191 0.743843 0
0  6.108516 33.417469 90.348274  0.000285 0.594216 0.804305  0.879751 0.743832 0
door_01
0  -0.007475 33.417465 90.348282  0.000064 0.592364 0.805670  0.923191 0.743843 0
0  6.110245 29.611818 92.831406  0.000076 0.522070 0.852903  0.879731 0.776060 0
0  6.108516 33.417469 90.348274  0.000285 0.594216 0.804305  0.879751 0.743832 0
door_01
0  -0.007475 33.417465 90.348282  0.000064 0.592364 0.805670  0.923191 0.743843 0
0  -0.006941 29.611830 92.832169  0.000073 0.522066 0.852905  0.923171 0.776073 0
0  6.110245 29.611818 92.831406  0.000076 0.522070 0.852903  0.879731 0.776060 0
door_01
0  6.108571 25.810734 95.009636  0.000033 0.468029 0.883713  0.879734 0.807130 0
0  6.110245 29.611818 92.831406  0.000076 0.522070 0.852903  0.879731 0.776060 0
0  -0.006941 29.611830 92.832169  0.000073 0.522066 0.852905  0.923171 0.776073 0
door_01
0  6.108571 25.810734 95.009636  0.000033 0.468029 0.883713  0.879734 0.807130 0
0  -0.006941 29.611830 92.832169  0.000073 0.522066 0.852905  0.923171 0.776073 0
0  -0.006443 25.810730 95.009636  0.000080 0.467986 0.883736  0.923174 0.807142 0
door_01
0  -0.006443 25.810730 95.009636  0.000080 0.467986 0.883736  0.923174 0.807142 0
0  -6.121468 25.809996 95.011131  0.000127 0.468029 0.883713  0.879734 0.807130 0
0  -6.120473 21.797867 96.968040  0.000180 0.382749 0.923852  0.879726 0.838790 0
door_01
0  -6.121468 25.809996 95.011131  0.000127 0.468029 0.883713  0.879734 0.807130 0
0  -0.006443 25.810730 95.009636  0.000080 0.467986 0.883736  0.923174 0.807142 0
0  -0.006941 29.611830 92.832169  0.000073 0.522066 0.852905  0.923171 0.776073 0
door_01
0  -6.121468 25.809996 95.011131  0.000127 0.468029 0.883713  0.879734 0.807130 0
0  -0.006941 29.611830 92.832169  0.000073 0.522066 0.852905  0.923171 0.776073 0
0  -6.124134 29.611076 92.832901  0.000069 0.522070 0.852903  0.879731 0.776060 0
door_01
0  -0.007475 33.417465 90.348282  0.000064 0.592364 0.805670  0.923191 0.743843 0
0  -6.124134 29.611076 92.832901  0.000069 0.522070 0.852903  0.879731 0.776060 0
0  -0.006941 29.611830 92.832169  0.000073 0.522066 0.852905  0.923171 0.776073 0
door_01
0  -0.007475 33.417465 90.348282  0.000064 0.592364 0.805670  0.923191 0.743843 0
0  -6.123477 33.416721 90.349777  -0.000178 0.594254 0.804277  0.879751 0.743832 0
0  -6.124134 29.611076 92.832901  0.000069 0.522070 0.852903  0.879731 0.776060 0
door_01
0  -0.008198 37.954018 86.700012  0.000053 0.649590 0.760284  0.923201 0.702555 0
0  -6.123477 33.416721 90.349777  -0.000178 0.594254 0.804277  0.879751 0.743832 0
0  -0.007475 33.417465 90.348282  0.000064 0.592364 0.805670  0.923191 0.743843 0
door_01
0  -0.008198 37.954018 86.700012  0.000053 0.649590 0.760284  0.923201 0.702555 0
0  -6.225695 37.953823 86.701012  -0.000236 0.649598 0.760278  0.879047 0.702538 0
0  -6.123477 33.416721 90.349777  -0.000178 0.594254 0.804277  0.879751 0.743832 0
door_01
0  -6.225695 37.953823 86.701012  -0.000236 0.649598 0.760278  0.879047 0.702538 0
0  -0.008198 37.954018 86.700012  0.000053 0.649590 0.760284  0.923201 0.702555 0
0  -0.008596 40.201141 84.554382  0.000045 0.698042 0.716057  0.923207 0.680520 0
door_01
0  -6.225695 37.953823 86.701012  -0.000236 0.649598 0.760278  0.879047 0.702538 0
0  -0.008596 40.201141 84.554382  0.000045 0.698042 0.716057  0.923207 0.680520 0
0  -6.226463 40.200348 84.555908  0.000078 0.698150 0.715951  0.879053 0.680509 0
door_01
0  -6.226463 40.200348 84.555908  0.000078 0.698150 0.715951  0.879053 0.680509 0
0  -0.008596 40.201141 84.554382  0.000045 0.698042 0.716057  0.923207 0.680520 0
0  -0.008888 41.774982 82.975311  0.000039 0.730215 0.683217  0.923211 0.664708 0
door_01
0  -6.226463 40.200348 84.555908  0.000078 0.698150 0.715951  0.879053 0.680509 0
0  -0.008888 41.774982 82.975311  0.000039 0.730215 0.683217  0.923211 0.664708 0
0  -6.227037 41.774170 82.976807  0.000077 0.730215 0.683217  0.879057 0.664697 0
door_01
0  -6.227037 41.774170 82.976807  0.000077 0.730215 0.683217  0.879057 0.664697 0
0  -0.008888 41.774982 82.975311  0.000039 0.730215 0.683217  0.923211 0.664708 0
0  -0.009182 43.248013 81.297806  0.000032 0.763623 0.645663  0.923215 0.648875 0
door_01
0  -6.227037 41.774170 82.976807  0.000077 0.730215 0.683217  0.879057 0.664697 0
0  -0.009182 43.248013 81.297806  0.000032 0.763623 0.645663  0.923215 0.648875 0
0  -6.227631 43.247208 81.299316  0.000064 0.763621 0.645665  0.879061 0.648864 0
door_01
0  -6.227631 43.247208 81.299316  0.000064 0.763621 0.645665  0.879061 0.648864 0
0  -0.009182 43.248013 81.297806  0.000032 0.763623 0.645663  0.923215 0.648875 0
0  -0.009479 44.658585 79.564827  0.000027 0.788955 0.614451  0.923220 0.633027 0
door_01
0  -6.227631 43.247208 81.299316  0.000064 0.763621 0.645665  0.879061 0.648864 0
0  -0.009479 44.658585 79.564827  0.000027 0.788955 0.614451  0.923220 0.633027 0
0  -6.228234 44.657772 79.566338  0.000057 0.788955 0.614452  0.879065 0.633016 0
door_01
0  -0.009781 45.994995 77.770599  0.000023 0.805265 0.592914  0.923224 0.617160 0
0  -6.228234 44.657772 79.566338  0.000057 0.788955 0.614452  0.879065 0.633016 0
0  -0.009479 44.658585 79.564827  0.000027 0.788955 0.614451  0.923220 0.633027 0
door_01
0  -0.009781 45.994995 77.770599  0.000023 0.805265 0.592914  0.923224 0.617160 0
0  -6.228845 45.994183 77.772110  0.000034 0.805265 0.592915  0.879069 0.617149 0
0  -6.228234 44.657772 79.566338  0.000057 0.788955 0.614452  0.879065 0.633016 0
door_01
0  -6.228845 45.994183 77.772110  0.000034 0.805265 0.592915  0.879069 0.617149 0
0  -0.009781 45.994995 77.770599  0.000023 0.805265 0.592914  0.923224 0.617160 0
0  -0.010081 47.310265 75.963493  0.000019 0.822807 0.568321  0.923228 0.601309 0
door_01
0  -0.006443 25.810730 95.009636  0.000080 0.467986 0.883736  0.923174 0.807142 0
0  6.108545 21.798609 96.966545  -0.000001 0.382749 0.923852  0.879726 0.838790 0
0  6.108571 25.810734 95.009636  0.000033 0.468029 0.883713  0.879734 0.807130 0
door_01
0  -0.006443 25.810730 95.009636  0.000080 0.467986 0.883736  0.923174 0.807142 0
0  -0.005960 21.798605 96.966545  0.000090 0.382751 0.923851  0.923166 0.838801 0
0  6.108545 21.798609 96.966545  -0.000001 0.382749 0.923852  0.879726 0.838790 0
door_01
0  6.108516 17.568586 98.423660  0.000035 0.300972 0.953633  0.879718 0.870520 0
0  6.108545 21.798609 96.966545  -0.000001 0.382749 0.923852  0.879726 0.838790 0
0  -0.005960 21.798605 96.966545  0.000090 0.382751 0.923851  0.923166 0.838801 0
door_01
0  6.108516 17.568586 98.423660  0.000035 0.300972 0.953633  0.879718 0.870520 0
0  -0.005960 21.798605 96.966545  0.000090 0.382751 0.923851  0.923166 0.838801 0
0  -0.005526 17.568579 98.423660  0.000098 0.301020 0.953618  0.923158 0.870531 0
door_01
0  -0.004130 0.012967 101.106445  0.000124 -0.000070 1.000000  0.923125 0.997079 0
0  5.140197 0.067905 101.105827  0.000122 -0.000054 1.000000  0.886517 0.996682 0
0  5.140155 0.770847 101.105865  0.000121 -0.000056 1.000000  0.886251 0.991696 0
door_01
0  -0.004130 0.012967 101.106445  0.000124 -0.000070 1.000000  0.923125 0.997079 0
0  5.140155 0.770847 101.105865  0.000121 -0.000056 1.000000  0.886251 0.991696 0
0  -0.004180 0.770535 101.106499  0.000122 -0.000060 1.000000  0.923127 0.991706 0
door_01
0  -0.004130 0.012967 101.106445  0.000124 -0.000070 1.000000  0.923125 0.997079 0
0  -0.004180 0.770535 101.106499  0.000122 -0.000060 1.000000  0.923127 0.991706 0
0  -5.148514 0.770222 101.107132  0.000122 -0.000054 1.000000  0.886251 0.991696 0
door_01
0  -5.148514 0.770222 101.107132  0.000122 -0.000054 1.000000  0.886251 0.991696 0
0  -0.004180 0.770535 101.106499  0.000122 -0.000060 1.000000  0.923127 0.991706 0
0  -0.004218 1.395854 101.106529  0.000119 0.027679 0.999617  0.923128 0.987272 0
door_01
0  -5.148514 0.770222 101.107132  0.000122 -0.000054 1.000000  0.886251 0.991696 0
0  -0.004218 1.395854 101.106529  0.000119 0.027679 0.999617  0.923128 0.987272 0
0  -6.116577 1.264181 101.107269  0.000015 0.030074 0.999548  0.879690 0.988191 0
door_01
0  -6.116577 1.264181 101.107269  0.000015 0.030074 0.999548  0.879690 0.988191 0
0  -0.004218 1.395854 101.106529  0.000119 0.027679 0.999617  0.923128 0.987272 0
0  -0.004454 5.099995 100.987045  0.000118 0.078782 0.996892  0.923132 0.960987 0
door_01
0  -6.116577 1.264181 101.107269  0.000015 0.030074 0.999548  0.879690 0.988191 0
0  -0.004454 5.099995 100.987045  0.000118 0.078782 0.996892  0.923132 0.960987 0
0  -6.200761 5.178553 100.987793  0.000215 0.079520 0.996833  0.879102 0.960416 0
door_01
0  -0.004454 5.099995 100.987045  0.000118 0.078782 0.996892  0.923132 0.960987 0
0  -6.117995 8.892926 100.507408  0.000489 0.160742 0.986996  0.879701 0.933854 0
0  -6.200761 5.178553 100.987793  0.000215 0.079520 0.996833  0.879102 0.960416 0
door_01
0  -0.004454 5.099995 100.987045  0.000118 0.078782 0.996892  0.923132 0.960987 0
0  -0.004743 8.893770 100.506653  0.000105 0.160795 0.986988  0.923141 0.933866 0
0  -6.117995 8.892926 100.507408  0.000489 0.160742 0.986996  0.879701 0.933854 0
door_01
0  -0.004454 5.099995 100.987045  0.000118 0.078782 0.996892  0.923132 0.960987 0
0  6.108499 8.893669 100.505913  -0.000303 0.160696 0.987004  0.879701 0.933854 0
0  -0.004743 8.893770 100.506653  0.000105 0.160795 0.986988  0.923141 0.933866 0
door_01
0  6.108499 8.893669 100.505913  -0.000303 0.160696 0.987004  0.879701 0.933854 0
0  -0.005114 13.271325 99.658340  0.000105 0.233394 0.972382  0.923149 0.902241 0
0  -0.004743 8.893770 100.506653  0.000105 0.160795 0.986988  0.923141 0.933866 0
door_01
0  6.108499 8.893669 100.505913  -0.000303 0.160696 0.987004  0.879701 0.933854 0
0  6.108568 13.271270 99.657600  0.000119 0.233345 0.972394  0.879709 0.902229 0
0  -0.005114 13.271325 99.658340  0.000105 0.233394 0.972382  0.923149 0.902241 0
door_01
0  -0.005114 13.271325 99.658340  0.000105 0.233394 0.972382  0.923149 0.902241 0
0  6.108568 13.271270 99.657600  0.000119 0.233345 0.972394  0.879709 0.902229 0
0  6.108516 17.568586 98.423660  0.000035 0.300972 0.953633  0.879718 0.870520 0
door_01
0  -0.005114 13.271325 99.658340  0.000105 0.233394 0.972382  0.923149 0.902241 0
0  6.108516 17.568586 98.423660  0.000035 0.300972 0.953633  0.879718 0.870520 0
0  -0.005526 17.568579 98.423660  0.000098 0.301020 0.953618  0.923158 0.870531 0
door_01
0  -0.005114 13.271325 99.658340  0.000105 0.233394 0.972382  0.923149 0.902241 0
0  -0.005526 17.568579 98.423660  0.000098 0.301020 0.953618  0.923158 0.870531 0
0  -6.119573 17.567842 98.425156  0.000162 0.300972 0.953633  0.879718 0.870520 0
door_01
0  -6.119573 17.567842 98.425156  0.000162 0.300972 0.953633  0.879718 0.870520 0
0  -0.005526 17.568579 98.423660  0.000098 0.301020 0.953618  0.923158 0.870531 0
0  -0.005960 21.798605 96.966545  0.000090 0.382751 0.923851  0.923166 0.838801 0
door_01
0  -6.119573 17.567842 98.425156  0.000162 0.300972 0.953633  0.879718 0.870520 0
0  -0.005960 21.798605 96.966545  0.000090 0.382751 0.923851  0.923166 0.838801 0
0  -6.120473 21.797867 96.968040  0.000180 0.382749 0.923852  0.879726 0.838790 0
door_01
0  -0.006443 25.810730 95.009636  0.000080 0.467986 0.883736  0.923174 0.807142 0
0  -6.120473 21.797867 96.968040  0.000180 0.382749 0.923852  0.879726 0.838790 0
0  -0.005960 21.798605 96.966545  0.000090 0.382751 0.923851  0.923166 0.838801 0
door_01
0  -0.005114 13.271325 99.658340  0.000105 0.233394 0.972382  0.923149 0.902241 0
0  -6.119573 17.567842 98.425156  0.000162 0.300972 0.953633  0.879718 0.870520 0
0  -6.118803 13.270526 99.659096  0.000092 0.233345 0.972394  0.879709 0.902229 0
door_01
0  -6.117995 8.892926 100.507408  0.000489 0.160742 0.986996  0.879701 0.933854 0
0  -0.005114 13.271325 99.658340  0.000105 0.233394 0.972382  0.923149 0.902241 0
0  -6.118803 13.270526 99.659096  0.000092 0.233345 0.972394  0.879709 0.902229 0
door_01
0  -6.117995 8.892926 100.507408  0.000489 0.160742 0.986996  0.879701 0.933854 0
0  -0.004743 8.893770 100.506653  0.000105 0.160795 0.986988  0.923141 0.933866 0
0  -0.005114 13.271325 99.658340  0.000105 0.233394 0.972382  0.923149 0.902241 0
door_01
0  -6.116577 1.264181 101.107269  0.000015 0.030074 0.999548  0.879690 0.988191 0
0  -5.707194 0.758652 101.107193  0.000121 -0.000061 1.000000  0.882592 0.991777 0
0  -5.148514 0.770222 101.107132  0.000122 -0.000054 1.000000  0.886251 0.991696 0
door_01
0  -0.004454 5.099995 100.987045  0.000118 0.078782 0.996892  0.923132 0.960987 0
0  6.191837 5.179305 100.986275  -0.000021 0.079542 0.996832  0.879102 0.960416 0
0  6.108499 8.893669 100.505913  -0.000303 0.160696 0.987004  0.879701 0.933854 0
door_01
0  6.108157 1.264924 101.105774  0.000328 0.029968 0.999551  0.879690 0.988191 0
0  6.191837 5.179305 100.986275  -0.000021 0.079542 0.996832  0.879102 0.960416 0
0  -0.004454 5.099995 100.987045  0.000118 0.078782 0.996892  0.923132 0.960987 0
door_01
0  6.108157 1.264924 101.105774  0.000328 0.029968 0.999551  0.879690 0.988191 0
0  -0.004454 5.099995 100.987045  0.000118 0.078782 0.996892  0.923132 0.960987 0
0  -0.004218 1.395854 101.106529  0.000119 0.027679 0.999617  0.923128 0.987272 0
door_01
0  -0.004180 0.770535 101.106499  0.000122 -0.000060 1.000000  0.923127 0.991706 0
0  6.108157 1.264924 101.105774  0.000328 0.029968 0.999551  0.879690 0.988191 0
0  -0.004218 1.395854 101.106529  0.000119 0.027679 0.999617  0.923128 0.987272 0
door_01
0  -0.004180 0.770535 101.106499  0.000122 -0.000060 1.000000  0.923127 0.991706 0
0  5.140155 0.770847 101.105865  0.000121 -0.000056 1.000000  0.886251 0.991696 0
0  6.108157 1.264924 101.105774  0.000328 0.029968 0.999551  0.879690 0.988191 0
door_01
0  6.108157 1.264924 101.105774  0.000328 0.029968 0.999551  0.879690 0.988191 0
0  5.140155 0.770847 101.105865  0.000121 -0.000056 1.000000  0.886251 0.991696 0
0  5.698838 0.759346 101.105797  0.000100 -0.000053 1.000000  0.882592 0.991777 0
door_01
0  -6.860438 32.234200 0.002517  -0.000075 -0.808845 -0.588023  0.831679 0.989946 0
0  -6.238629 14.417071 24.510454  0.000236 -0.808840 -0.588029  0.835965 0.778467 0
0  -6.856361 14.416789 24.510590  0.000240 -0.808840 -0.588029  0.831653 0.778467 0
door_01
0  -6.860438 32.234200 0.002517  -0.000075 -0.808845 -0.588023  0.831679 0.989946 0
0  -6.246857 32.234238 0.002383  -0.000079 -0.808845 -0.588022  0.835962 0.989946 0
0  -6.238629 14.417071 24.510454  0.000236 -0.808840 -0.588029  0.835965 0.778467 0
door_01
0  -5.719449 0.688206 50.751633  -0.744059 -0.668114 0.000547  0.447891 0.632806 0
0  -6.218482 1.285132 101.005112  -0.744048 -0.668125 0.001229  0.452873 0.985598 0
0  -6.230651 1.249913 51.246254  -0.744075 -0.668096 0.000546  0.453128 0.636373 0
door_01
0  -5.719449 0.688206 50.751633  -0.744059 -0.668114 0.000547  0.447891 0.632806 0
0  -5.707202 0.707846 101.004997  -0.744053 -0.668119 0.001351  0.447499 0.985600 0
0  -6.218482 1.285132 101.005112  -0.744048 -0.668125 0.001229  0.452873 0.985598 0
door_01
0  -5.707194 0.758652 101.107193  -0.688234 -0.585291 0.428682  0.447675 0.986370 0
0  -6.218482 1.285132 101.005112  -0.744048 -0.668125 0.001229  0.452873 0.985598 0
0  -5.707202 0.707846 101.004997  -0.744053 -0.668119 0.001351  0.447499 0.985600 0
door_01
0  -5.707194 0.758652 101.107193  -0.688234 -0.585291 0.428682  0.447675 0.986370 0
0  -6.116577 1.264181 101.107269  -0.688200 -0.585217 0.428838  0.452640 0.986573 0
0  -6.218482 1.285132 101.005112  -0.744048 -0.668125 0.001229  0.452873 0.985598 0
door_01
0  -6.238470 47.671089 42.356903  -0.620535 -0.499648 0.604391  0.122670 0.916653 0
0  -5.864938 47.736580 42.794563  -0.620535 -0.499648 0.604391  0.122764 0.921022 0
0  -6.238451 48.119556 42.727669  -0.620535 -0.499648 0.604391  0.126954 0.920215 0
door_01
0  5.359586 0.004129 40.946747  1.000000 0.000081 -0.000238  0.782050 0.067265 0
0  5.365605 0.532295 40.994396  1.000000 0.000046 -0.000122  0.789502 0.067854 0
0  5.363935 0.008158 44.353195  1.000000 -0.000034 -0.000124  0.782052 0.115652 0
door_01
0  5.365605 0.532295 40.994396  1.000000 0.000046 -0.000122  0.789502 0.067854 0
0  5.365589 1.051163 41.118999  1.000000 -0.000027 0.000150  0.796893 0.069641 0
0  5.363935 0.008158 44.353195  1.000000 -0.000034 -0.000124  0.782052 0.115652 0
door_01
0  5.365589 1.051163 41.118999  1.000000 -0.000027 0.000150  0.796893 0.069641 0
0  5.365583 1.544176 41.323246  1.000000 -0.000069 0.000133  0.803910 0.072559 0
0  5.363935 0.008158 44.353195  1.000000 -0.000034 -0.000124  0.782052 0.115652 0
door_01
0  5.365583 1.544176 41.323246  1.000000 -0.000069 0.000133  0.803910 0.072559 0
0  5.365591 1.999161 41.602093  1.000000 -0.000107 0.000110  0.810381 0.076534 0
0  5.363935 0.008158 44.353195  1.000000 -0.000034 -0.000124  0.782052 0.115652 0
door_01
0  5.365591 1.999161 41.602093  1.000000 -0.000107 0.000110  0.810381 0.076534 0
0  5.365607 2.404933 41.948685  1.000000 -0.000142 0.000081  0.816149 0.081468 0
0  5.363935 0.008158 44.353195  1.000000 -0.000034 -0.000124  0.782052 0.115652 0
door_01
0  5.365607 2.404933 41.948685  1.000000 -0.000142 0.000081  0.816149 0.081468 0
0  5.365635 2.751465 42.354492  1.000000 0.000023 -0.000095  0.821076 0.087238 0
0  5.363935 0.008158 44.353195  1.000000 -0.000034 -0.000124  0.782052 0.115652 0
door_01
0  5.365635 2.751465 42.354492  1.000000 0.000023 -0.000095  0.821076 0.087238 0
0  5.365674 3.030247 42.809509  1.000000 -0.000066 -0.000057  0.825039 0.093704 0
0  5.363935 0.008158 44.353195  1.000000 -0.000034 -0.000124  0.782052 0.115652 0
door_01
0  5.365674 3.030247 42.809509  1.000000 -0.000066 -0.000057  0.825039 0.093704 0
0  5.365722 3.234456 43.302540  1.000000 0.000107 -0.000137  0.827942 0.100710 0
0  5.363935 0.008158 44.353195  1.000000 -0.000034 -0.000124  0.782052 0.115652 0
door_01
0  5.365722 3.234456 43.302540  1.000000 0.000107 -0.000137  0.827942 0.100710 0
0  5.365777 3.358981 43.821430  1.000000 0.000109 -0.000130  0.829712 0.108088 0
0  5.363935 0.008158 44.353195  1.000000 -0.000034 -0.000124  0.782052 0.115652 0
door_01
0  5.365777 3.358981 43.821430  1.000000 0.000109 -0.000130  0.829712 0.108088 0
0  5.365841 3.400819 44.353413  1.000000 0.000109 -0.000122  0.830307 0.115652 0
0  5.363935 0.008158 44.353195  1.000000 -0.000034 -0.000124  0.782052 0.115652 0
door_01
0  5.365841 3.400819 44.353413  1.000000 0.000109 -0.000122  0.830307 0.115652 0
0  5.365908 3.358916 44.885403  1.000000 -0.000080 -0.000145  0.829712 0.123216 0
0  5.363935 0.008158 44.353195  1.000000 -0.000034 -0.000124  0.782052 0.115652 0
door_01
0  5.365908 3.358916 44.885403  1.000000 -0.000080 -0.000145  0.829712 0.123216 0
0  5.365980 3.234328 45.404293  1.000000 -0.000075 -0.000168  0.827942 0.130594 0
0  5.363935 0.008158 44.353195  1.000000 -0.000034 -0.000124  0.782052 0.115652 0
door_01
0  5.365980 3.234328 45.404293  1.000000 -0.000075 -0.000168  0.827942 0.130594 0
0  5.366053 3.030058 45.897289  1.000000 0.000103 -0.000100  0.825039 0.137600 0
0  5.363935 0.008158 44.353195  1.000000 -0.000034 -0.000124  0.782052 0.115652 0
door_01
0  5.366053 3.030058 45.897289  1.000000 0.000103 -0.000100  0.825039 0.137600 0
0  5.366125 2.751222 46.352276  1.000000 0.000022 -0.000150  0.821076 0.144065 0
0  5.363935 0.008158 44.353195  1.000000 -0.000034 -0.000124  0.782052 0.115652 0
door_01
0  5.366125 2.751222 46.352276  1.000000 0.000022 -0.000150  0.821076 0.144065 0
0  5.366196 2.404640 46.758030  1.000000 0.000028 -0.000156  0.816149 0.149835 0
0  5.363935 0.008158 44.353195  1.000000 -0.000034 -0.000124  0.782052 0.115652 0
door_01
0  5.366196 2.404640 46.758030  1.000000 0.000028 -0.000156  0.816149 0.149835 0
0  5.366262 1.998826 47.104580  1.000000 0.000230 0.000112  0.810381 0.154769 0
0  5.363935 0.008158 44.353195  1.000000 -0.000034 -0.000124  0.782052 0.115652 0
door_01
0  5.366262 1.998826 47.104580  1.000000 0.000230 0.000112  0.810381 0.154769 0
0  5.366323 1.543807 47.383373  1.000000 -0.000221 -0.000676  0.803910 0.158744 0
0  5.363935 0.008158 44.353195  1.000000 -0.000034 -0.000124  0.782052 0.115652 0
door_01
0  5.366323 1.543807 47.383373  1.000000 -0.000221 -0.000676  0.803910 0.158744 0
0  5.366379 1.050768 47.587551  1.000000 0.000076 -0.000075  0.796893 0.161662 0
0  5.363935 0.008158 44.353195  1.000000 -0.000034 -0.000124  0.782052 0.115652 0
door_01
0  5.366379 1.050768 47.587551  1.000000 0.000076 -0.000075  0.796893 0.161662 0
0  5.366426 0.531886 47.712093  1.000000 0.000058 -0.000123  0.789502 0.163449 0
0  5.363935 0.008158 44.353195  1.000000 -0.000034 -0.000124  0.782052 0.115652 0
door_01
0  5.366426 0.531886 47.712093  1.000000 0.000058 -0.000123  0.789502 0.163449 0
0  5.361821 0.005305 47.758141  1.000000 0.000050 -0.000121  0.782049 0.164038 0
0  5.363935 0.008158 44.353195  1.000000 -0.000034 -0.000124  0.782052 0.115652 0
door_01
0  -6.236562 32.374725 42.356903  -0.623689 0.582093 0.521709  0.008027 0.916757 0
0  -6.236477 31.945251 42.836189  -0.623689 0.582093 0.521709  0.004165 0.921275 0
0  -5.863116 32.383095 42.794010  -0.623689 0.582093 0.521709  0.008521 0.921072 0
door_01
0  -6.237492 47.671089 46.352573  -0.565313 -0.603747 -0.562059  0.122723 0.954346 0
0  -6.237666 48.119366 45.871208  -0.565313 -0.603747 -0.562059  0.126475 0.949861 0
0  -5.865552 47.732723 45.912273  -0.565313 -0.603747 -0.562059  0.122687 0.949971 0
door_01
0  5.836547 32.383621 45.913853  0.761936 -0.000094 -0.647652  0.008575 0.950032 0
0  6.210047 47.671852 46.351051  0.762058 -0.000100 -0.647509  0.122723 0.954346 0
0  6.209995 32.375484 46.351055  0.761918 -0.000092 -0.647673  0.008080 0.954344 0
door_01
0  5.836547 32.383621 45.913853  0.761936 -0.000094 -0.647652  0.008575 0.950032 0
0  5.837988 47.733437 45.910839  0.762134 -0.000105 -0.647420  0.122687 0.949971 0
0  6.210047 47.671852 46.351051  0.762058 -0.000100 -0.647509  0.122723 0.954346 0
door_01
0  5.837988 47.733437 45.910839  0.718178 -0.695859 -0.000626  0.122687 0.949971 0
0  6.210061 48.120316 42.726151  0.718221 -0.695814 -0.000617  0.126954 0.920215 0
0  6.210044 48.120125 45.869686  0.718243 -0.695792 -0.000608  0.126475 0.949861 0
door_01
0  5.837988 47.733437 45.910839  0.718178 -0.695859 -0.000626  0.122687 0.949971 0
0  5.836610 47.737289 42.793129  0.718335 -0.695697 -0.000592  0.122764 0.921022 0
0  6.210061 48.120316 42.726151  0.718221 -0.695814 -0.000617  0.126954 0.920215 0
door_01
0  5.836656 32.383808 42.792580  0.760826 0.648956 0.000070  0.008521 0.921072 0
0  6.209963 31.945820 45.871780  0.760837 0.648943 0.000067  0.004335 0.949932 0
0  6.210081 31.946009 42.834671  0.760824 0.648958 0.000071  0.004165 0.921275 0
door_01
0  5.836656 32.383808 42.792580  0.760826 0.648956 0.000070  0.008521 0.921072 0
0  5.836547 32.383621 45.913853  0.760839 0.648941 0.000067  0.008575 0.950032 0
0  6.209963 31.945820 45.871780  0.760837 0.648943 0.000067  0.004335 0.949932 0
door_01
0  5.836610 47.737289 42.793129  0.760780 -0.000002 0.649010  0.122764 0.921022 0
0  6.209997 32.375484 42.355392  0.760456 -0.000020 0.649390  0.008027 0.916757 0
0  6.210042 47.671848 42.355381  0.760788 -0.000002 0.649000  0.122670 0.916653 0
door_01
0  5.836610 47.737289 42.793129  0.760780 -0.000002 0.649010  0.122764 0.921022 0
0  5.836656 32.383808 42.792580  0.760448 -0.000021 0.649399  0.008521 0.921072 0
0  6.209997 32.375484 42.355392  0.760456 -0.000020 0.649390  0.008027 0.916757 0
door_01
0  5.836547 32.383621 45.913853  0.249990 -0.000109 -0.968248  0.008575 0.950032 0
0  5.730755 47.708717 45.884762  0.050557 -0.000027 -0.998721  0.122167 0.949383 0
0  5.837988 47.733437 45.910839  0.250037 -0.000112 -0.968236  0.122687 0.949971 0
door_01
0  5.836547 32.383621 45.913853  0.249990 -0.000109 -0.968248  0.008575 0.950032 0
0  5.730171 32.412106 45.884762  0.051260 -0.000012 -0.998685  0.009094 0.949396 0
0  5.730755 47.708717 45.884762  0.050557 -0.000027 -0.998721  0.122167 0.949383 0
door_01
0  5.730755 47.708717 45.884762  0.050557 -0.000027 -0.998721  0.122167 0.949383 0
0  5.730171 32.412106 45.884762  0.051260 -0.000012 -0.998685  0.009094 0.949396 0
0  5.229468 32.412071 45.884769  -0.000003 -0.000000 -1.000000  0.011013 0.946417 0
door_01
0  5.730755 47.708717 45.884762  0.050557 -0.000027 -0.998721  0.122167 0.949383 0
0  5.229468 32.412071 45.884769  -0.000003 -0.000000 -1.000000  0.011013 0.946417 0
0  5.229514 47.708687 45.884766  0.000000 -0.000000 -1.000000  0.120013 0.946582 0
door_01
0  -6.235618 31.945065 45.873295  -0.623801 0.581987 -0.521693  0.004335 0.949932 0
0  -6.235586 32.374725 46.352570  -0.623801 0.581987 -0.521693  0.008080 0.954344 0
0  -5.862244 32.382904 45.915279  -0.623801 0.581987 -0.521693  0.008575 0.950032 0
door_01
0  5.836656 32.383808 42.792580  0.258680 0.965963 0.000067  0.008521 0.921072 0
0  5.730171 32.412106 45.884762  0.053413 0.998572 0.000045  0.009094 0.949396 0
0  5.836547 32.383621 45.913853  0.258641 0.965974 0.000067  0.008575 0.950032 0
door_01
0  5.836656 32.383808 42.792580  0.258680 0.965963 0.000067  0.008521 0.921072 0
0  5.730282 32.412292 42.821667  0.053504 0.998568 0.000067  0.009076 0.921680 0
0  5.730171 32.412106 45.884762  0.053413 0.998572 0.000045  0.009094 0.949396 0
door_01
0  5.730171 32.412106 45.884762  0.053413 0.998572 0.000045  0.009094 0.949396 0
0  5.730282 32.412292 42.821667  0.053504 0.998568 0.000067  0.009076 0.921680 0
0  5.229582 32.412258 42.821674  -0.000069 1.000000 0.000062  0.011255 0.924457 0
door_01
0  5.730171 32.412106 45.884762  0.053413 0.998572 0.000045  0.009094 0.949396 0
0  5.229582 32.412258 42.821674  -0.000069 1.000000 0.000062  0.011255 0.924457 0
0  5.229468 32.412071 45.884769  -0.000069 1.000000 0.000061  0.011013 0.946417 0
door_01
0  -6.224913 33.357029 90.267654  -1.000000 0.000188 0.000026  0.677885 0.910717 0
0  -6.229137 14.416848 64.199028  -1.000000 0.000034 0.000123  0.545648 0.727474 0
0  -6.225563 29.558096 92.746384  -1.000000 -0.000140 0.000221  0.651307 0.928043 0
door_01
0  -6.302142 5.171762 100.886482  -0.999999 0.000176 -0.001454  0.479960 0.984804 0
0  -6.230651 1.249913 51.246254  -1.000000 -0.000056 0.000091  0.453128 0.636373 0
0  -6.218482 1.285132 101.005112  -0.999768 -0.021512 0.000260  0.452873 0.985598 0
door_01
0  -6.302142 5.171762 100.886482  -0.999999 0.000176 -0.001454  0.479960 0.984804 0
0  -6.219539 8.875789 100.407364  -0.999954 0.009471 -0.001242  0.505804 0.981500 0
0  -6.230651 1.249913 51.246254  -1.000000 -0.000056 0.000091  0.453128 0.636373 0
door_01
0  -6.219539 8.875789 100.407364  -0.999954 0.009471 -0.001242  0.505804 0.981500 0
0  -6.230693 1.708415 51.136169  -1.000000 -0.000038 0.000229  0.456302 0.635656 0
0  -6.230651 1.249913 51.246254  -1.000000 -0.000056 0.000091  0.453128 0.636373 0
door_01
0  -6.219539 8.875789 100.407364  -0.999954 0.009471 -0.001242  0.505804 0.981500 0
0  -6.220207 13.244983 99.560883  -1.000000 -0.000112 0.000243  0.536366 0.975651 0
0  -6.230693 1.708415 51.136169  -1.000000 -0.000038 0.000229  0.456302 0.635656 0
door_01
0  -6.220207 13.244983 99.560883  -1.000000 -0.000112 0.000243  0.536366 0.975651 0
0  -6.230735 2.166918 51.026100  -1.000000 -0.000137 0.000254  0.459491 0.634921 0
0  -6.230693 1.708415 51.136169  -1.000000 -0.000038 0.000229  0.456302 0.635656 0
door_01
0  -6.220207 13.244983 99.560883  -1.000000 -0.000112 0.000243  0.536366 0.975651 0
0  -6.221016 17.537310 98.328430  -1.000000 -0.000124 0.000246  0.566501 0.967090 0
0  -6.230735 2.166918 51.026100  -1.000000 -0.000137 0.000254  0.459491 0.634921 0
door_01
0  -6.221016 17.537310 98.328430  -1.000000 -0.000124 0.000246  0.566501 0.967090 0
0  -6.230911 2.684263 50.838745  -1.000000 -0.000225 0.000288  0.463106 0.633638 0
0  -6.230735 2.166918 51.026100  -1.000000 -0.000137 0.000254  0.459491 0.634921 0
door_01
0  -6.221016 17.537310 98.328430  -1.000000 -0.000124 0.000246  0.566501 0.967090 0
0  -6.221915 21.758972 96.874199  -1.000000 -0.000127 0.000248  0.596229 0.956954 0
0  -6.230911 2.684263 50.838745  -1.000000 -0.000225 0.000288  0.463106 0.633638 0
door_01
0  -6.230911 2.684263 50.838745  -1.000000 -0.000225 0.000288  0.463106 0.633638 0
0  -6.221915 21.758972 96.874199  -1.000000 -0.000127 0.000248  0.596229 0.956954 0
0  -6.222905 25.762495 94.921471  -1.000000 -0.000291 0.000330  0.624481 0.943296 0
door_01
0  -6.230911 2.684263 50.838745  -1.000000 -0.000225 0.000288  0.463106 0.633638 0
0  -6.222905 25.762495 94.921471  -1.000000 -0.000291 0.000330  0.624481 0.943296 0
0  -6.231092 3.183790 50.604858  -1.000000 -0.000123 0.000247  0.466611 0.632016 0
door_01
0  -6.222905 25.762495 94.921471  -1.000000 -0.000291 0.000330  0.624481 0.943296 0
0  -6.231154 3.668792 50.342995  -1.000000 -0.000042 0.000181  0.470026 0.630187 0
0  -6.231092 3.183790 50.604858  -1.000000 -0.000123 0.000247  0.466611 0.632016 0
door_01
0  -6.222905 25.762495 94.921471  -1.000000 -0.000291 0.000330  0.624481 0.943296 0
0  -6.225563 29.558096 92.746384  -1.000000 -0.000140 0.000221  0.651307 0.928043 0
0  -6.231154 3.668792 50.342995  -1.000000 -0.000042 0.000181  0.470026 0.630187 0
door_01
0  -6.225563 29.558096 92.746384  -1.000000 -0.000140 0.000221  0.651307 0.928043 0
0  -6.231220 4.122303 50.029732  -1.000000 -0.000119 0.000224  0.473158 0.627967 0
0  -6.231154 3.668792 50.342995  -1.000000 -0.000042 0.000181  0.470026 0.630187 0
door_01
0  -6.225563 29.558096 92.746384  -1.000000 -0.000140 0.000221  0.651307 0.928043 0
0  -6.229137 14.416848 64.199028  -1.000000 0.000034 0.000123  0.545648 0.727474 0
0  -6.231220 4.122303 50.029732  -1.000000 -0.000119 0.000224  0.473158 0.627967 0
door_01
0  -6.231411 4.554223 49.687889  -1.000000 -0.000197 0.000297  0.476159 0.625532 0
0  -6.231220 4.122303 50.029732  -1.000000 -0.000119 0.000224  0.473158 0.627967 0
0  -6.229137 14.416848 64.199028  -1.000000 0.000034 0.000123  0.545648 0.727474 0
door_01
0  -6.231411 4.554223 49.687889  -1.000000 -0.000197 0.000297  0.476159 0.625532 0
0  -6.229137 14.416848 64.199028  -1.000000 0.000034 0.000123  0.545648 0.727474 0
0  -6.229619 15.961902 63.017159  -1.000000 -0.000125 0.000243  0.556770 0.719359 0
door_01
0  -6.231602 4.959259 49.314857  -1.000000 -0.000120 0.000226  0.478985 0.622867 0
0  -6.231411 4.554223 49.687889  -1.000000 -0.000197 0.000297  0.476159 0.625532 0
0  -6.229619 15.961902 63.017159  -1.000000 -0.000125 0.000243  0.556770 0.719359 0
door_01
0  -6.231602 4.959259 49.314857  -1.000000 -0.000120 0.000226  0.478985 0.622867 0
0  -6.229619 15.961902 63.017159  -1.000000 -0.000125 0.000243  0.556770 0.719359 0
0  -6.230109 17.343760 61.699280  -1.000000 -0.000121 0.000242  0.566720 0.710230 0
door_01
0  -6.231602 4.959259 49.314857  -1.000000 -0.000120 0.000226  0.478985 0.622867 0
0  -6.230109 17.343760 61.699280  -1.000000 -0.000121 0.000242  0.566720 0.710230 0
0  -6.230603 18.658281 60.294250  -1.000000 -0.000121 0.000235  0.576184 0.700447 0
door_01
0  -6.231602 4.959259 49.314857  -1.000000 -0.000120 0.000226  0.478985 0.622867 0
0  -6.230603 18.658281 60.294250  -1.000000 -0.000121 0.000235  0.576184 0.700447 0
0  -6.231679 5.335200 48.913048  -1.000000 -0.000040 0.000141  0.481619 0.619991 0
door_01
0  -6.230603 18.658281 60.294250  -1.000000 -0.000121 0.000235  0.576184 0.700447 0
0  -6.231749 5.674155 48.477867  -1.000000 -0.000095 0.000210  0.484002 0.616873 0
0  -6.231679 5.335200 48.913048  -1.000000 -0.000040 0.000141  0.481619 0.619991 0
door_01
0  -6.230603 18.658281 60.294250  -1.000000 -0.000121 0.000235  0.576184 0.700447 0
0  -6.231107 19.843449 58.772461  -1.000000 -0.000124 0.000233  0.584722 0.689802 0
0  -6.231749 5.674155 48.477867  -1.000000 -0.000095 0.000210  0.484002 0.616873 0
door_01
0  -6.231749 5.674155 48.477867  -1.000000 -0.000095 0.000210  0.484002 0.616873 0
0  -6.231107 19.843449 58.772461  -1.000000 -0.000124 0.000233  0.584722 0.689802 0
0  -6.231611 20.938896 57.186592  -1.000000 -0.000122 0.000235  0.592620 0.678675 0
door_01
0  -6.231749 5.674155 48.477867  -1.000000 -0.000095 0.000210  0.484002 0.616873 0
0  -6.231611 20.938896 57.186592  -1.000000 -0.000122 0.000235  0.592620 0.678675 0
0  -6.231925 5.987475 48.024345  -1.000000 -0.000171 0.000314  0.486213 0.613621 0
door_01
0  -6.231611 20.938896 57.186592  -1.000000 -0.000122 0.000235  0.592620 0.678675 0
0  -6.232141 6.249407 47.539333  -1.000000 -0.000175 0.000348  0.488069 0.610143 0
0  -6.231925 5.987475 48.024345  -1.000000 -0.000171 0.000314  0.486213 0.613621 0
door_01
0  -6.231611 20.938896 57.186592  -1.000000 -0.000122 0.000235  0.592620 0.678675 0
0  -6.232119 21.854635 55.490623  -1.000000 -0.000118 0.000235  0.599240 0.666741 0
0  -6.232141 6.249407 47.539333  -1.000000 -0.000175 0.000348  0.488069 0.610143 0
door_01
0  -6.232141 6.249407 47.539333  -1.000000 -0.000175 0.000348  0.488069 0.610143 0
0  -6.232119 21.854635 55.490623  -1.000000 -0.000118 0.000235  0.599240 0.666741 0
0  -6.232625 22.672443 53.743740  -1.000000 -0.000116 0.000238  0.605164 0.654426 0
door_01
0  -6.232141 6.249407 47.539333  -1.000000 -0.000175 0.000348  0.488069 0.610143 0
0  -6.232625 22.672443 53.743740  -1.000000 -0.000116 0.000238  0.605164 0.654426 0
0  -6.232365 6.483294 47.039772  -1.000000 -0.000151 0.000326  0.489731 0.606558 0
door_01
0  -6.232625 22.672443 53.743740  -1.000000 -0.000116 0.000238  0.605164 0.654426 0
0  -6.232537 6.670613 46.522396  -1.000000 -0.000110 0.000198  0.491069 0.602844 0
0  -6.232365 6.483294 47.039772  -1.000000 -0.000151 0.000326  0.489731 0.606558 0
door_01
0  -6.232625 22.672443 53.743740  -1.000000 -0.000116 0.000238  0.605164 0.654426 0
0  -6.233129 23.327507 51.934578  -1.000000 -0.000113 0.000239  0.609930 0.641646 0
0  -6.232537 6.670613 46.522396  -1.000000 -0.000110 0.000198  0.491069 0.602844 0
door_01
0  -6.232537 6.670613 46.522396  -1.000000 -0.000110 0.000198  0.491069 0.602844 0
0  -6.233129 23.327507 51.934578  -1.000000 -0.000113 0.000239  0.609930 0.641646 0
0  -6.233634 23.865082 50.082333  -1.000000 -0.000117 0.000237  0.613863 0.628541 0
door_01
0  -6.232537 6.670613 46.522396  -1.000000 -0.000110 0.000198  0.491069 0.602844 0
0  -6.233634 23.865082 50.082333  -1.000000 -0.000117 0.000237  0.613863 0.628541 0
0  -6.232605 6.824284 45.992687  -1.000000 -0.000088 0.000116  0.492172 0.599039 0
door_01
0  -6.233634 23.865082 50.082333  -1.000000 -0.000117 0.000237  0.613863 0.628541 0
0  -6.232683 6.927514 45.452080  -1.000000 -0.000110 0.000233  0.492921 0.595154 0
0  -6.232605 6.824284 45.992687  -1.000000 -0.000088 0.000116  0.492172 0.599039 0
door_01
0  -6.233634 23.865082 50.082333  -1.000000 -0.000117 0.000237  0.613863 0.628541 0
0  -6.234132 24.226173 48.191906  -1.000000 -0.000122 0.000241  0.616543 0.615150 0
0  -6.232683 6.927514 45.452080  -1.000000 -0.000110 0.000233  0.492921 0.595154 0
door_01
0  -6.232683 6.927514 45.452080  -1.000000 -0.000110 0.000233  0.492921 0.595154 0
0  -6.234132 24.226173 48.191906  -1.000000 -0.000122 0.000241  0.616543 0.615150 0
0  -6.234623 24.466782 46.278259  -1.000000 -0.000119 0.000246  0.618365 0.601577 0
door_01
0  -6.232683 6.927514 45.452080  -1.000000 -0.000110 0.000233  0.492921 0.595154 0
0  -6.234623 24.466782 46.278259  -1.000000 -0.000119 0.000246  0.618365 0.601577 0
0  -6.232877 6.996378 44.904823  -1.000000 -0.000127 0.000339  0.493430 0.591221 0
door_01
0  -6.234623 24.466782 46.278259  -1.000000 -0.000119 0.000246  0.618365 0.601577 0
0  -6.233067 7.014006 44.354736  -1.000000 -0.000128 0.000234  0.493579 0.587264 0
0  -6.232877 6.996378 44.904823  -1.000000 -0.000127 0.000339  0.493430 0.591221 0
door_01
0  -6.234623 24.466782 46.278259  -1.000000 -0.000119 0.000246  0.618365 0.601577 0
0  -6.235106 24.528166 44.354733  -1.000000 -0.000116 0.000249  0.618910 0.587914 0
0  -6.233067 7.014006 44.354736  -1.000000 -0.000128 0.000234  0.493579 0.587264 0
door_01
0  -6.233067 7.014006 44.354736  -1.000000 -0.000128 0.000234  0.493579 0.587264 0
0  -6.235106 24.528166 44.354733  -1.000000 -0.000116 0.000249  0.618910 0.587914 0
0  -6.235579 24.448492 42.430832  -1.000000 -0.000120 0.000252  0.618450 0.574235 0
door_01
0  -6.233067 7.014006 44.354736  -1.000000 -0.000128 0.000234  0.493579 0.587264 0
0  -6.235579 24.448492 42.430832  -1.000000 -0.000120 0.000252  0.618450 0.574235 0
0  -6.233133 6.991241 43.804546  -1.000000 -0.000130 0.000127  0.493444 0.583307 0
door_01
0  -6.235579 24.448492 42.430832  -1.000000 -0.000120 0.000252  0.618450 0.574235 0
0  -6.233194 6.927648 43.257397  -1.000000 -0.000115 0.000242  0.493021 0.579369 0
0  -6.233133 6.991241 43.804546  -1.000000 -0.000130 0.000127  0.493444 0.583307 0
door_01
0  -6.235579 24.448492 42.430832  -1.000000 -0.000120 0.000252  0.618450 0.574235 0
0  -6.236045 24.226152 40.517578  -1.000000 -0.000123 0.000266  0.616972 0.560618 0
0  -6.233194 6.927648 43.257397  -1.000000 -0.000115 0.000242  0.493021 0.579369 0
door_01
0  -6.233194 6.927648 43.257397  -1.000000 -0.000115 0.000242  0.493021 0.579369 0
0  -6.236045 24.226152 40.517578  -1.000000 -0.000123 0.000266  0.616972 0.560618 0
0  -6.236522 23.879410 38.621628  -1.000000 -0.000120 0.000269  0.614612 0.547112 0
door_01
0  -6.233194 6.927648 43.257397  -1.000000 -0.000115 0.000242  0.493021 0.579369 0
0  -6.236522 23.879410 38.621628  -1.000000 -0.000120 0.000269  0.614612 0.547112 0
0  -6.233377 6.828452 42.715206  -1.000000 -0.000098 0.000359  0.492348 0.575464 0
door_01
0  -6.236522 23.879410 38.621628  -1.000000 -0.000120 0.000269  0.614612 0.547112 0
0  -6.233553 6.670632 42.187088  -1.000000 -0.000565 -0.000728  0.491263 0.571657 0
0  -6.233377 6.828452 42.715206  -1.000000 -0.000098 0.000359  0.492348 0.575464 0
door_01
0  -6.236522 23.879410 38.621628  -1.000000 -0.000120 0.000269  0.614612 0.547112 0
0  -6.236936 23.327700 36.774895  -1.000000 -0.000263 -0.000063  0.610798 0.533940 0
0  -6.233553 6.670632 42.187088  -1.000000 -0.000565 -0.000728  0.491263 0.571657 0
door_01
0  -6.233553 6.670632 42.187088  -1.000000 -0.000565 -0.000728  0.491263 0.571657 0
0  -6.236936 23.327700 36.774895  -1.000000 -0.000263 -0.000063  0.610798 0.533940 0
0  -6.237259 22.670673 34.961338  -1.000000 -0.000138 0.000222  0.606253 0.520992 0
door_01
0  -6.233553 6.670632 42.187088  -1.000000 -0.000565 -0.000728  0.491263 0.571657 0
0  -6.237259 22.670673 34.961338  -1.000000 -0.000138 0.000222  0.606253 0.520992 0
0  -6.229599 6.475656 41.688210  -1.000000 -0.000447 0.000062  0.489916 0.568059 0
door_01
0  -6.237259 22.670673 34.961338  -1.000000 -0.000138 0.000222  0.606253 0.520992 0
0  -6.233652 6.249307 41.170135  -1.000000 -0.000677 -0.000316  0.488355 0.564321 0
0  -6.229599 6.475656 41.688210  -1.000000 -0.000447 0.000062  0.489916 0.568059 0
door_01
0  -6.237259 22.670673 34.961338  -1.000000 -0.000138 0.000222  0.606253 0.520992 0
0  -6.237527 21.854528 33.218861  -1.000000 -0.000374 0.000202  0.600595 0.508529 0
0  -6.233652 6.249307 41.170135  -1.000000 -0.000677 -0.000316  0.488355 0.564321 0
door_01
0  -6.226413 5.963494 40.663406  -0.999999 -0.000975 -0.000679  0.486373 0.560662 0
0  -6.233652 6.249307 41.170135  -1.000000 -0.000677 -0.000316  0.488355 0.564321 0
0  -6.237527 21.854528 33.218861  -1.000000 -0.000374 0.000202  0.600595 0.508529 0
door_01
0  -6.226413 5.963494 40.663406  -0.999999 -0.000975 -0.000679  0.486373 0.560662 0
0  -6.237527 21.854528 33.218861  -1.000000 -0.000374 0.000202  0.600595 0.508529 0
0  -6.237789 20.911346 31.537458  -0.999999 -0.001011 -0.000763  0.594054 0.496477 0
door_01
0  -6.237930 19.887699 29.965302  -0.999999 0.000227 0.001249  0.586954 0.485180 0
0  -6.226413 5.963494 40.663406  -0.999999 -0.000975 -0.000679  0.486373 0.560662 0
0  -6.237789 20.911346 31.537458  -0.999999 -0.001011 -0.000763  0.594054 0.496477 0
door_01
0  -6.237930 19.887699 29.965302  -0.999999 0.000227 0.001249  0.586954 0.485180 0
0  -6.227386 5.662178 40.211926  -0.999999 0.000099 0.001069  0.484284 0.557399 0
0  -6.226413 5.963494 40.663406  -0.999999 -0.000975 -0.000679  0.486373 0.560662 0
door_01
0  -6.237930 19.887699 29.965302  -0.999999 0.000227 0.001249  0.586954 0.485180 0
0  -6.230879 5.329881 39.785755  -0.999999 0.000669 0.001455  0.481980 0.554318 0
0  -6.227386 5.662178 40.211926  -0.999999 0.000099 0.001069  0.484284 0.557399 0
door_01
0  -6.237930 19.887699 29.965302  -0.999999 0.000227 0.001249  0.586954 0.485180 0
0  -6.238225 18.705023 28.442110  -0.999999 0.000440 0.001144  0.578733 0.474200 0
0  -6.230879 5.329881 39.785755  -0.999999 0.000669 0.001455  0.481980 0.554318 0
door_01
0  -6.238225 18.705023 28.442110  -0.999999 0.000440 0.001144  0.578733 0.474200 0
0  -6.234035 4.959377 39.394608  -1.000000 -0.000007 0.000387  0.479412 0.551490 0
0  -6.230879 5.329881 39.785755  -0.999999 0.000669 0.001455  0.481980 0.554318 0
door_01
0  -6.238225 18.705023 28.442110  -0.999999 0.000440 0.001144  0.578733 0.474200 0
0  -6.238499 17.343676 27.010197  -1.000000 -0.000114 0.000246  0.569229 0.463831 0
0  -6.234035 4.959377 39.394608  -1.000000 -0.000007 0.000387  0.479412 0.551490 0
door_01
0  -6.234035 4.959377 39.394608  -1.000000 -0.000007 0.000387  0.479412 0.551490 0
0  -6.238499 17.343676 27.010197  -1.000000 -0.000114 0.000246  0.569229 0.463831 0
0  -6.238629 14.417071 24.510454  -1.000000 -0.000125 0.000234  0.548688 0.445605 0
door_01
0  -6.234035 4.959377 39.394608  -1.000000 -0.000007 0.000387  0.479412 0.551490 0
0  -6.238629 14.417071 24.510454  -1.000000 -0.000125 0.000234  0.548688 0.445605 0
0  -6.234071 4.122262 38.679745  -1.000000 -0.000135 0.000224  0.473626 0.546343 0
door_01
0  -6.234071 4.122262 38.679745  -1.000000 -0.000135 0.000224  0.473626 0.546343 0
0  -6.238629 14.417071 24.510454  -1.000000 -0.000125 0.000234  0.548688 0.445605 0
0  -6.234085 3.183819 38.104614  -1.000000 -0.000118 0.000236  0.467182 0.542245 0
door_01
0  -6.238629 14.417071 24.510454  -1.000000 -0.000125 0.000234  0.548688 0.445605 0
0  -6.234078 2.426103 37.776619  -1.000000 -0.000105 0.000248  0.462021 0.539970 0
0  -6.234085 3.183819 38.104614  -1.000000 -0.000118 0.000236  0.467182 0.542245 0
door_01
0  -6.238629 14.417071 24.510454  -1.000000 -0.000125 0.000234  0.548688 0.445605 0
0  -6.234058 1.628969 37.540859  -1.000000 -0.000091 0.000260  0.456647 0.538427 0
0  -6.234078 2.426103 37.776619  -1.000000 -0.000105 0.000248  0.462021 0.539970 0
door_01
0  -6.238629 14.417071 24.510454  -1.000000 -0.000125 0.000234  0.548688 0.445605 0
0  -6.234046 1.249776 37.463230  -1.000000 -0.000098 0.000253  0.454111 0.537968 0
0  -6.234058 1.628969 37.540859  -1.000000 -0.000091 0.000260  0.456647 0.538427 0
door_01
0  -6.238629 14.417071 24.510454  -1.000000 -0.000125 0.000234  0.548688 0.445605 0
0  -6.243019 1.248643 0.002383  -1.000000 -0.000120 0.000244  0.454468 0.268828 0
0  -6.234046 1.249776 37.463230  -1.000000 -0.000098 0.000253  0.454111 0.537968 0
door_01
0  -6.238629 14.417071 24.510454  -1.000000 -0.000125 0.000234  0.548688 0.445605 0
0  -6.246857 32.234238 0.002383  -1.000000 -0.000124 0.000246  0.677961 0.269579 0
0  -6.243019 1.248643 0.002383  -1.000000 -0.000120 0.000244  0.454468 0.268828 0
door_01
0  5.653184 0.005579 38.728828  0.000071 -1.000000 -0.000072  0.861967 0.010872 0
0  5.132543 0.003937 38.445023  0.000073 -1.000000 -0.000071  0.866003 0.003545 0
0  5.448816 0.007117 38.442009  0.000072 -1.000000 -0.000072  0.865990 0.007999 0
door_01
0  5.653184 0.005579 38.728828  0.000077 -1.000000 -0.000066  0.861967 0.010872 0
0  5.132673 0.000342 39.515633  0.000058 -1.000000 -0.000061  0.850804 0.003499 0
0  5.132543 0.003937 38.445023  0.000046 -1.000000 -0.000050  0.866003 0.003545 0
door_01
0  5.132673 0.000342 39.515633  0.000058 -1.000000 -0.000061  0.850804 0.003499 0
0  5.653184 0.005579 38.728828  0.000077 -1.000000 -0.000066  0.861967 0.010872 0
0  5.653633 0.005606 40.305481  0.000048 -1.000000 -0.000064  0.839749 0.010823 0
door_01
0  5.653633 0.005606 40.305481  0.000048 -1.000000 -0.000064  0.839410 0.010797 0
0  5.132818 0.000270 40.707947  0.000071 -1.000000 -0.000043  0.833825 0.003449 0
0  5.132673 0.000342 39.515633  0.000058 -1.000000 -0.000061  0.850804 0.003499 0
door_01
0  5.653633 0.005606 40.305481  0.000048 -1.000000 -0.000064  0.839410 0.010797 0
0  5.351810 0.005599 40.709263  0.000023 -1.000000 -0.000008  0.833985 0.006505 0
0  5.132818 0.000270 40.707947  0.000071 -1.000000 -0.000043  0.833825 0.003449 0
door_01
0  5.654677 0.004893 49.977551  0.000061 -1.000000 -0.000062  0.701815 0.010397 0
0  5.449820 0.005547 50.263592  0.000072 -1.000000 -0.000094  0.697811 0.007497 0
0  5.133986 0.005738 50.263783  0.000062 -1.000000 -0.000057  0.697824 0.003042 0
door_01
0  5.654677 0.004893 49.977551  0.000061 -1.000000 -0.000062  0.701815 0.010397 0
0  5.133986 0.005738 50.263783  0.000062 -1.000000 -0.000057  0.697824 0.003042 0
0  5.133856 -0.000248 49.190842  0.000069 -1.000000 -0.000060  0.713023 0.003088 0
door_01
0  5.655144 0.005356 48.403709  0.000063 -1.000000 -0.000060  0.724036 0.010479 0
0  5.654677 0.004893 49.977551  0.000061 -1.000000 -0.000062  0.701815 0.010397 0
0  5.133856 -0.000248 49.190842  0.000069 -1.000000 -0.000060  0.713023 0.003088 0
door_01
0  5.352738 0.005134 47.999588  0.000087 -1.000000 -0.000053  0.729822 0.006190 0
0  5.655144 0.005356 48.403709  0.000063 -1.000000 -0.000060  0.724374 0.010456 0
0  5.133856 -0.000248 49.190842  0.000069 -1.000000 -0.000060  0.713023 0.003088 0
door_01
0  5.352738 0.005134 47.999588  0.000087 -1.000000 -0.000053  0.729822 0.006190 0
0  5.133856 -0.000248 49.190842  0.000069 -1.000000 -0.000060  0.713023 0.003088 0
0  5.133709 -0.000175 47.998535  0.000034 -1.000000 -0.000090  0.730003 0.003138 0
door_01
0  5.446844 0.005004 47.826138  0.000026 -1.000000 -0.000090  0.732458 0.007532 0
0  5.352738 0.005134 47.999588  0.000087 -1.000000 -0.000053  0.730147 0.006170 0
0  5.133709 -0.000175 47.998535  0.000034 -1.000000 -0.000090  0.730003 0.003138 0
door_01
0  5.446844 0.005004 47.826138  0.000026 -1.000000 -0.000090  0.732458 0.007532 0
0  5.133709 -0.000175 47.998535  0.000034 -1.000000 -0.000090  0.730003 0.003138 0
0  5.133684 -0.000146 47.790958  0.000008 -1.000000 -0.000070  0.732959 0.003147 0
door_01
0  5.447472 0.005310 47.757957  0.000020 -1.000000 -0.000011  0.733332 0.007541 0
0  5.446844 0.005004 47.826138  0.000026 -1.000000 -0.000090  0.732458 0.007532 0
0  5.133684 -0.000146 47.790958  0.000008 -1.000000 -0.000070  0.732959 0.003147 0
door_01
0  5.447472 0.005310 47.757957  0.000020 -1.000000 -0.000011  0.733332 0.007541 0
0  5.133684 -0.000146 47.790958  0.000008 -1.000000 -0.000070  0.732959 0.003147 0
0  5.361821 0.005305 47.758141  0.000036 -1.000000 -0.000123  0.733331 0.006318 0
door_01
0  5.363935 0.008158 44.353195  0.000029 -1.000000 -0.000059  0.781904 0.006463 0
0  5.361821 0.005305 47.758141  0.000036 -1.000000 -0.000123  0.733331 0.006318 0
0  5.133684 -0.000146 47.790958  0.000008 -1.000000 -0.000070  0.732959 0.003147 0
door_01
0  5.363935 0.008158 44.353195  0.000029 -1.000000 -0.000059  0.781904 0.006463 0
0  5.133684 -0.000146 47.790958  0.000008 -1.000000 -0.000070  0.732959 0.003147 0
0  5.133265 0.000047 44.353233  0.000112 -1.000000 -0.000060  0.781914 0.003293 0
door_01
0  5.359586 0.004129 40.946747  0.000090 -1.000000 -0.000024  0.830472 0.006614 0
0  5.363935 0.008158 44.353195  0.000029 -1.000000 -0.000059  0.781904 0.006463 0
0  5.133265 0.000047 44.353233  0.000112 -1.000000 -0.000060  0.781914 0.003293 0
door_01
0  5.359586 0.004129 40.946747  0.000090 -1.000000 -0.000024  0.830472 0.006614 0
0  5.133265 0.000047 44.353233  0.000112 -1.000000 -0.000060  0.781914 0.003293 0
0  5.132818 0.000270 40.707947  0.000071 -1.000000 -0.000043  0.833825 0.003449 0
door_01
0  5.351810 0.005599 40.709263  0.000023 -1.000000 -0.000008  0.833663 0.006482 0
0  5.359586 0.004129 40.946747  0.000090 -1.000000 -0.000024  0.830472 0.006614 0
0  5.132818 0.000270 40.707947  0.000071 -1.000000 -0.000043  0.833825 0.003449 0
door_01
0  5.351810 0.005599 40.709263  0.000023 -1.000000 -0.000008  0.833663 0.006482 0
0  5.446364 0.005897 40.880207  -0.000105 -1.000000 -0.000024  0.831342 0.007825 0
0  5.359586 0.004129 40.946747  0.000090 -1.000000 -0.000024  0.830472 0.006614 0
door_01
0  5.446364 0.005897 40.880207  -0.000105 -1.000000 -0.000024  0.831342 0.007825 0
0  5.447176 0.006271 40.949028  -0.000107 -1.000000 -0.000058  0.830468 0.007831 0
0  5.359586 0.004129 40.946747  0.000090 -1.000000 -0.000024  0.830472 0.006614 0
door_01
0  6.210042 47.671848 42.355381  0.620752 -0.499566 0.604236  0.122670 0.916653 0
0  6.210061 48.120316 42.726151  0.620752 -0.499566 0.604236  0.126954 0.920215 0
0  5.836610 47.737289 42.793129  0.620752 -0.499566 0.604236  0.122764 0.921022 0
door_01
0  5.836610 47.737289 42.793129  0.261398 -0.000015 0.965231  0.122764 0.921022 0
0  5.730282 32.412292 42.821667  0.053657 0.000007 0.998559  0.009076 0.921680 0
0  5.836656 32.383808 42.792580  0.261387 -0.000017 0.965234  0.008521 0.921072 0
door_01
0  5.836610 47.737289 42.793129  0.261398 -0.000015 0.965231  0.122764 0.921022 0
0  5.730170 47.708660 42.821667  0.053703 -0.000004 0.998557  0.122202 0.921648 0
0  5.730282 32.412292 42.821667  0.053657 0.000007 0.998559  0.009076 0.921680 0
door_01
0  5.730282 32.412292 42.821667  0.053657 0.000007 0.998559  0.009076 0.921680 0
0  5.730170 47.708660 42.821667  0.053703 -0.000004 0.998557  0.122202 0.921648 0
0  5.229628 47.708630 42.821674  0.000022 0.000000 1.000000  0.120256 0.924617 0
door_01
0  5.730282 32.412292 42.821667  0.053657 0.000007 0.998559  0.009076 0.921680 0
0  5.229628 47.708630 42.821674  0.000022 0.000000 1.000000  0.120256 0.924617 0
0  5.229582 32.412258 42.821674  0.000016 -0.000000 1.000000  0.011255 0.924457 0
door_01
0  6.209997 32.375484 42.355392  0.623738 0.582171 0.521564  0.008027 0.916757 0
0  5.836656 32.383808 42.792580  0.623738 0.582171 0.521564  0.008521 0.921072 0
0  6.210081 31.946009 42.834671  0.623738 0.582171 0.521564  0.004165 0.921275 0
door_01
0  5.229582 32.412258 42.821674  1.000000 -0.000003 0.000037  0.011255 0.924457 0
0  5.229514 47.708687 45.884766  1.000000 -0.000003 0.000037  0.120013 0.946582 0
0  5.229468 32.412071 45.884769  1.000000 -0.000003 0.000037  0.011013 0.946417 0
door_01
0  5.229582 32.412258 42.821674  1.000000 -0.000003 0.000037  0.011255 0.924457 0
0  5.229628 47.708630 42.821674  1.000000 -0.000003 0.000037  0.120256 0.924617 0
0  5.229514 47.708687 45.884766  1.000000 -0.000003 0.000037  0.120013 0.946582 0
door_01
0  6.210319 41.322121 11.773876  1.000000 0.000040 0.000064  0.719728 0.357892 0
0  6.209993 42.550568 13.438375  1.000000 0.000177 0.000239  0.728385 0.369743 0
0  6.210069 22.463512 28.032513  1.000000 -0.000053 -0.000111  0.585739 0.472991 0
door_01
0  6.210319 41.322121 11.773876  1.000000 0.000040 0.000064  0.719728 0.357892 0
0  6.210069 22.463512 28.032513  1.000000 -0.000053 -0.000111  0.585739 0.472991 0
0  6.209991 21.124580 26.308031  1.000000 -0.000006 0.000006  0.576265 0.460743 0
door_01
0  6.210319 41.322121 11.773876  1.000000 0.000040 0.000064  0.719728 0.357892 0
0  6.209991 21.124580 26.308031  1.000000 -0.000006 0.000006  0.576265 0.460743 0
0  6.210319 40.014297 10.171877  1.000000 -0.000028 -0.000013  0.710439 0.346544 0
door_01
0  6.209991 21.124580 26.308031  1.000000 -0.000006 0.000006  0.576265 0.460743 0
0  6.210205 38.651699 8.619640  1.000000 -0.000049 -0.000043  0.700768 0.335540 0
0  6.210319 40.014297 10.171877  1.000000 -0.000028 -0.000013  0.710439 0.346544 0
door_01
0  6.210079 19.633879 24.719376  1.000000 -0.000041 0.000149  0.565713 0.449457 0
0  6.210205 38.651699 8.619640  1.000000 -0.000049 -0.000043  0.700768 0.335540 0
0  6.209991 21.124580 26.308031  1.000000 -0.000006 0.000006  0.576265 0.460743 0
door_01
0  6.210079 19.633879 24.719376  1.000000 -0.000041 0.000149  0.565713 0.449457 0
0  6.210040 37.190613 7.162602  1.000000 -0.000013 -0.000015  0.690452 0.325166 0
0  6.210205 38.651699 8.619640  1.000000 -0.000049 -0.000043  0.700768 0.335540 0
door_01
0  6.236577 35.311935 5.495510  1.000000 -0.000004 -0.000046  0.677186 0.313343 0
0  6.210040 37.190613 7.162602  1.000000 -0.000013 -0.000015  0.690452 0.325166 0
0  6.210079 19.633879 24.719376  1.000000 -0.000041 0.000149  0.565713 0.449457 0
door_01
0  6.236577 35.311935 5.495510  1.000000 -0.000004 -0.000046  0.677186 0.313343 0
0  6.210079 19.633879 24.719376  1.000000 -0.000041 0.000149  0.565713 0.449457 0
0  6.210043 18.782606 23.992319  1.000000 -0.000017 -0.000024  0.559685 0.444290 0
door_01
0  6.236577 35.311935 5.495510  1.000000 -0.000004 -0.000046  0.677186 0.313343 0
0  6.210043 18.782606 23.992319  1.000000 -0.000017 -0.000024  0.559685 0.444290 0
0  6.209874 33.376606 3.905212  1.000000 -0.000025 -0.000027  0.663444 0.302016 0
door_01
0  6.210010 27.424694 40.009594  0.999999 0.001244 -0.001080  0.620772 0.557998 0
0  6.182734 51.573666 34.037441  0.999988 0.000552 -0.004942  0.792116 0.515953 0
0  6.209997 51.947868 36.125477  0.999990 -0.000483 -0.004344  0.794743 0.530768 0
door_01
0  6.210010 27.424694 40.009594  0.999999 0.001244 -0.001080  0.620772 0.557998 0
0  6.157969 51.092617 31.968517  0.999994 0.002836 0.001992  0.788731 0.501273 0
0  6.182734 51.573666 34.037441  0.999988 0.000552 -0.004942  0.792116 0.515953 0
door_01
0  6.210010 27.424694 40.009594  0.999999 0.001244 -0.001080  0.620772 0.557998 0
0  6.230631 26.966272 37.816116  0.999998 0.001894 0.000399  0.617548 0.542435 0
0  6.157969 51.092617 31.968517  0.999994 0.002836 0.001992  0.788731 0.501273 0
door_01
0  6.230631 26.966272 37.816116  0.999998 0.001894 0.000399  0.617548 0.542435 0
0  6.179348 50.600529 30.021946  0.999986 0.002867 0.004414  0.785266 0.487461 0
0  6.157969 51.092617 31.968517  0.999994 0.002836 0.001992  0.788731 0.501273 0
door_01
0  6.210042 26.407375 35.772919  1.000000 0.000490 0.000658  0.613611 0.527937 0
0  6.179348 50.600529 30.021946  0.999986 0.002867 0.004414  0.785266 0.487461 0
0  6.230631 26.966272 37.816116  0.999998 0.001894 0.000399  0.617548 0.542435 0
door_01
0  6.210042 26.407375 35.772919  1.000000 0.000490 0.000658  0.613611 0.527937 0
0  6.210112 50.021355 28.100325  0.999993 0.001627 0.003370  0.781182 0.473823 0
0  6.179348 50.600529 30.021946  0.999986 0.002867 0.004414  0.785266 0.487461 0
door_01
0  6.220225 49.378166 26.134266  0.999999 0.000065 0.001338  0.776673 0.459859 0
0  6.210112 50.021355 28.100325  0.999993 0.001627 0.003370  0.781182 0.473823 0
0  6.210042 26.407375 35.772919  1.000000 0.000490 0.000658  0.613611 0.527937 0
door_01
0  6.220225 49.378166 26.134266  0.999999 0.000065 0.001338  0.776673 0.459859 0
0  6.210042 26.407375 35.772919  1.000000 0.000490 0.000658  0.613611 0.527937 0
0  6.206249 25.672377 33.717564  1.000000 -0.000344 0.000039  0.608424 0.513350 0
door_01
0  6.220225 49.378166 26.134266  0.999999 0.000065 0.001338  0.776673 0.459859 0
0  6.206249 25.672377 33.717564  1.000000 -0.000344 0.000039  0.608424 0.513350 0
0  6.219494 48.626751 24.207685  0.999999 -0.000942 -0.000882  0.771341 0.446198 0
door_01
0  6.206249 25.672377 33.717564  1.000000 -0.000344 0.000039  0.608424 0.513350 0
0  6.215365 47.788601 22.321709  0.999999 -0.000705 -0.000738  0.765411 0.432811 0
0  6.219494 48.626751 24.207685  0.999999 -0.000942 -0.000882  0.771341 0.446198 0
door_01
0  6.209896 24.740141 31.747517  1.000000 -0.000012 0.000108  0.601838 0.499367 0
0  6.215365 47.788601 22.321709  0.999999 -0.000705 -0.000738  0.765411 0.432811 0
0  6.206249 25.672377 33.717564  1.000000 -0.000344 0.000039  0.608424 0.513350 0
door_01
0  6.209896 24.740141 31.747517  1.000000 -0.000012 0.000108  0.601838 0.499367 0
0  6.210103 46.862885 20.475372  0.999999 -0.000544 -0.000995  0.758879 0.419705 0
0  6.215365 47.788601 22.321709  0.999999 -0.000705 -0.000738  0.765411 0.432811 0
door_01
0  6.208305 45.910011 18.638880  1.000000 -0.000138 -0.000368  0.752170 0.406652 0
0  6.210103 46.862885 20.475372  0.999999 -0.000544 -0.000995  0.758879 0.419705 0
0  6.209896 24.740141 31.747517  1.000000 -0.000012 0.000108  0.601838 0.499367 0
door_01
0  6.208305 45.910011 18.638880  1.000000 -0.000138 -0.000368  0.752170 0.406652 0
0  6.209896 24.740141 31.747517  1.000000 -0.000012 0.000108  0.601838 0.499367 0
0  6.210620 23.686346 29.835310  1.000000 0.000072 0.000012  0.594389 0.485792 0
door_01
0  6.208305 45.910011 18.638880  1.000000 -0.000138 -0.000368  0.752170 0.406652 0
0  6.210620 23.686346 29.835310  1.000000 0.000072 0.000012  0.594389 0.485792 0
0  6.208400 44.867191 16.853090  1.000000 0.000176 0.000116  0.744772 0.393990 0
door_01
0  6.210620 23.686346 29.835310  1.000000 0.000072 0.000012  0.594389 0.485792 0
0  6.209091 43.748783 15.119423  1.000000 0.000245 0.000279  0.736853 0.381681 0
0  6.208400 44.867191 16.853090  1.000000 0.000176 0.000116  0.744772 0.393990 0
door_01
0  6.210069 22.463512 28.032513  1.000000 -0.000053 -0.000111  0.585739 0.472991 0
0  6.209091 43.748783 15.119423  1.000000 0.000245 0.000279  0.736853 0.381681 0
0  6.210620 23.686346 29.835310  1.000000 0.000072 0.000012  0.594389 0.485792 0
door_01
0  6.210069 22.463512 28.032513  1.000000 -0.000053 -0.000111  0.585739 0.472991 0
0  6.209993 42.550568 13.438375  1.000000 0.000177 0.000239  0.728385 0.369743 0
0  6.209091 43.748783 15.119423  1.000000 0.000245 0.000279  0.736853 0.381681 0
door_01
0  6.210047 47.671852 46.351051  0.565243 -0.603686 -0.562196  0.122723 0.954346 0
0  5.837988 47.733437 45.910839  0.565243 -0.603686 -0.562196  0.122687 0.949971 0
0  6.210044 48.120125 45.869686  0.565243 -0.603686 -0.562196  0.126475 0.949861 0
door_01
0  5.229715 0.708420 101.003670  0.752070 -0.000004 0.659083  0.444228 0.985606 0
0  5.140197 0.067905 101.105827  0.752450 -0.000107 0.658650  0.439070 0.986432 0
0  5.229649 0.068817 101.003624  0.752516 -0.000125 0.658574  0.439775 0.985581 0
door_01
0  5.229715 0.708420 101.003670  0.752070 -0.000004 0.659083  0.444228 0.985606 0
0  5.140155 0.770847 101.105865  0.752018 0.000010 0.659143  0.444319 0.986508 0
0  5.140197 0.067905 101.105827  0.752450 -0.000107 0.658650  0.439070 0.986432 0
door_01
0  -5.262479 0.068253 0.002145  -0.003660 -0.898052 -0.439875  0.833494 0.226829 0
0  -0.016479 -0.000007 0.097373  0.000034 -0.999999 -0.001070  0.870346 0.226445 0
0  -5.160818 -0.000562 0.070940  0.000035 -0.999999 -0.001618  0.834012 0.226146 0
door_01
0  -5.262479 0.068253 0.002145  -0.003660 -0.898052 -0.439875  0.833494 0.226829 0
0  -0.016492 0.012542 0.000876  0.000012 -0.898162 -0.439665  0.869592 0.227116 0
0  -0.016479 -0.000007 0.097373  0.000034 -0.999999 -0.001070  0.870346 0.226445 0
door_01
0  5.229488 0.068891 0.000862  0.003699 -0.898055 -0.439869  0.833494 0.226829 0
0  -0.016479 -0.000007 0.097373  0.000034 -0.999999 -0.001070  0.870346 0.226445 0
0  -0.016492 0.012542 0.000876  0.000012 -0.898162 -0.439665  0.869592 0.227116 0
door_01
0  5.229488 0.068891 0.000862  0.003699 -0.898055 -0.439869  0.833494 0.226829 0
0  5.127851 0.000064 0.069682  -0.002730 -0.999995 -0.001609  0.834012 0.226146 0
0  -0.016479 -0.000007 0.097373  0.000034 -0.999999 -0.001070  0.870346 0.226445 0
door_01
0  5.730170 47.708660 42.821667  0.049949 -0.998752 -0.000106  0.122202 0.921648 0
0  5.229514 47.708687 45.884766  0.000061 -1.000000 0.000017  0.120013 0.946582 0
0  5.229628 47.708630 42.821674  0.000061 -1.000000 0.000018  0.120256 0.924617 0
door_01
0  5.730170 47.708660 42.821667  0.049949 -0.998752 -0.000106  0.122202 0.921648 0
0  5.730755 47.708717 45.884762  0.049546 -0.998772 -0.000004  0.122167 0.949383 0
0  5.229514 47.708687 45.884766  0.000061 -1.000000 0.000017  0.120013 0.946582 0
door_01
0  5.730170 47.708660 42.821667  0.049949 -0.998752 -0.000106  0.122202 0.921648 0
0  5.837988 47.733437 45.910839  0.242247 -0.970214 -0.000669  0.122687 0.949971 0
0  5.730755 47.708717 45.884762  0.049546 -0.998772 -0.000004  0.122167 0.949383 0
door_01
0  5.730170 47.708660 42.821667  0.049949 -0.998752 -0.000106  0.122202 0.921648 0
0  5.836610 47.737289 42.793129  0.242209 -0.970224 -0.000674  0.122764 0.921022 0
0  5.837988 47.733437 45.910839  0.242247 -0.970214 -0.000669  0.122687 0.949971 0
door_01
0  5.698934 0.688949 37.956203  0.000062 -1.000000 0.000016  0.448881 0.541675 0
0  5.229450 0.688306 0.000862  0.000060 -1.000000 0.000016  0.445650 0.268807 0
0  5.698934 0.688334 0.000861  0.000060 -1.000000 0.000016  0.449019 0.268815 0
door_01
0  5.698934 0.688949 37.956203  0.000062 -1.000000 0.000016  0.448881 0.541675 0
0  5.229452 0.688920 37.956203  0.000062 -1.000000 0.000016  0.445656 0.541888 0
0  5.229450 0.688306 0.000862  0.000060 -1.000000 0.000016  0.445650 0.268807 0
door_01
0  -6.243019 1.248643 0.002383  -0.000314 -0.000079 -1.000000  0.826235 0.235128 0
0  -0.018453 32.233826 -0.003050  -0.000122 -0.000069 -1.000000  0.870405 0.454952 0
0  -0.016567 1.249226 0.000713  -0.000122 -0.000120 -1.000000  0.870279 0.235821 0
door_01
0  -6.243019 1.248643 0.002383  -0.000314 -0.000079 -1.000000  0.826235 0.235128 0
0  -6.246857 32.234238 0.002383  -0.000513 -0.000731 -1.000000  0.826107 0.455546 0
0  -0.018453 32.233826 -0.003050  -0.000122 -0.000069 -1.000000  0.870405 0.454952 0
door_01
0  -6.246857 32.234238 0.002383  -0.000513 -0.000731 -1.000000  0.826107 0.455546 0
0  -0.018652 35.600525 -0.003461  -0.000122 -0.000489 -1.000000  0.870419 0.478762 0
0  -0.018453 32.233826 -0.003050  -0.000122 -0.000069 -1.000000  0.870405 0.454952 0
door_01
0  -6.246857 32.234238 0.002383  -0.000513 -0.000731 -1.000000  0.826107 0.455546 0
0  -6.247216 35.599823 -0.001940  -0.000660 -0.000468 -1.000000  0.826357 0.479397 0
0  -0.018652 35.600525 -0.003461  -0.000122 -0.000489 -1.000000  0.870419 0.478762 0
door_01
0  6.209955 32.235001 0.000860  0.000367 -0.000411 -1.000000  0.826107 0.455546 0
0  -0.018652 35.600525 -0.003461  -0.000122 -0.000489 -1.000000  0.870419 0.478762 0
0  6.209905 35.600582 -0.003462  0.000012 -0.001284 -0.999999  0.826357 0.479397 0
door_01
0  6.209955 32.235001 0.000860  0.000367 -0.000411 -1.000000  0.826107 0.455546 0
0  -0.018453 32.233826 -0.003050  -0.000122 -0.000069 -1.000000  0.870405 0.454952 0
0  -0.018652 35.600525 -0.003461  -0.000122 -0.000489 -1.000000  0.870419 0.478762 0
door_01
0  6.209886 1.249401 0.000861  0.000069 -0.000079 -1.000000  0.826235 0.235128 0
0  -0.018453 32.233826 -0.003050  -0.000122 -0.000069 -1.000000  0.870405 0.454952 0
0  6.209955 32.235001 0.000860  0.000367 -0.000411 -1.000000  0.826107 0.455546 0
door_01
0  6.209886 1.249401 0.000861  0.000069 -0.000079 -1.000000  0.826235 0.235128 0
0  -0.016567 1.249226 0.000713  -0.000122 -0.000120 -1.000000  0.870279 0.235821 0
0  -0.018453 32.233826 -0.003050  -0.000122 -0.000069 -1.000000  0.870405 0.454952 0
door_01
0  6.209886 1.249401 0.000861  0.000069 -0.000079 -1.000000  0.826235 0.235128 0
0  -0.016530 0.688166 0.000779  -0.000122 -0.000128 -1.000000  0.870276 0.231853 0
0  -0.016567 1.249226 0.000713  -0.000122 -0.000120 -1.000000  0.870279 0.235821 0
door_01
0  -6.243019 1.248643 0.002383  -0.000314 -0.000079 -1.000000  0.826235 0.235128 0
0  -0.016567 1.249226 0.000713  -0.000122 -0.000120 -1.000000  0.870279 0.235821 0
0  -0.016530 0.688166 0.000779  -0.000122 -0.000128 -1.000000  0.870276 0.231853 0
door_01
0  -6.243019 1.248643 0.002383  -0.000314 -0.000079 -1.000000  0.826235 0.235128 0
0  -0.016530 0.688166 0.000779  -0.000122 -0.000128 -1.000000  0.870276 0.231853 0
0  -5.262516 0.687668 0.002144  -0.000253 -0.000021 -1.000000  0.833289 0.231246 0
door_01
0  -5.731999 0.687639 0.002259  -0.000245 -0.000002 -1.000000  0.829983 0.231179 0
0  -6.243019 1.248643 0.002383  -0.000314 -0.000079 -1.000000  0.826235 0.235128 0
0  -5.262516 0.687668 0.002144  -0.000253 -0.000021 -1.000000  0.833289 0.231246 0
door_01
0  5.698934 0.688334 0.000861  -0.000002 0.000002 -1.000000  0.829983 0.231179 0
0  5.229450 0.688306 0.000862  0.000008 -0.000020 -1.000000  0.833289 0.231246 0
0  6.209886 1.249401 0.000861  0.000069 -0.000079 -1.000000  0.826235 0.235128 0
door_01
0  6.209886 1.249401 0.000861  0.000069 -0.000079 -1.000000  0.826235 0.235128 0
0  5.229450 0.688306 0.000862  0.000008 -0.000020 -1.000000  0.833289 0.231246 0
0  -0.016530 0.688166 0.000779  -0.000122 -0.000128 -1.000000  0.870276 0.231853 0
door_01
0  5.229450 0.688306 0.000862  0.000008 -0.000020 -1.000000  0.833289 0.231246 0
0  -0.016492 0.012542 0.000876  -0.000122 -0.000133 -1.000000  0.869592 0.227116 0
0  -0.016530 0.688166 0.000779  -0.000122 -0.000128 -1.000000  0.870276 0.231853 0
door_01
0  -5.262516 0.687668 0.002144  -0.000253 -0.000021 -1.000000  0.833289 0.231246 0
0  -0.016530 0.688166 0.000779  -0.000122 -0.000128 -1.000000  0.870276 0.231853 0
0  -0.016492 0.012542 0.000876  -0.000122 -0.000133 -1.000000  0.869592 0.227116 0
door_01
0  -5.262516 0.687668 0.002144  -0.000253 -0.000021 -1.000000  0.833289 0.231246 0
0  -0.016492 0.012542 0.000876  -0.000122 -0.000133 -1.000000  0.869592 0.227116 0
0  -5.262479 0.068253 0.002145  -0.000242 -0.000002 -1.000000  0.833494 0.226829 0
door_01
0  5.229450 0.688306 0.000862  0.000008 -0.000020 -1.000000  0.833289 0.231246 0
0  5.229488 0.068891 0.000862  -0.000003 -0.000000 -1.000000  0.833494 0.226829 0
0  -0.016492 0.012542 0.000876  -0.000122 -0.000133 -1.000000  0.869592 0.227116 0
door_01
0  -7.213776 44.118244 73.833183  -0.705677 -0.583087 -0.402528  0.618916 0.228455 0
0  -7.214058 45.258575 72.090057  -0.706283 -0.603649 -0.369826  0.604939 0.222927 0
0  -6.790844 44.898689 71.869293  -0.706316 -0.603617 -0.369817  0.603440 0.226916 0
door_01
0  -7.213776 44.118244 73.833183  -0.705677 -0.583087 -0.402528  0.618916 0.228455 0
0  -6.790844 44.898689 71.869293  -0.706316 -0.603617 -0.369817  0.603440 0.226916 0
0  -6.790333 43.766689 73.597961  -0.706694 -0.582182 -0.402055  0.617320 0.232413 0
door_01
0  -6.789799 42.549908 75.269714  -0.704364 -0.571234 -0.421382  0.630984 0.238341 0
0  -7.213776 44.118244 73.833183  -0.705677 -0.583087 -0.402528  0.618916 0.228455 0
0  -6.790333 43.766689 73.597961  -0.706694 -0.582182 -0.402055  0.617320 0.232413 0
door_01
0  -6.789799 42.549908 75.269714  -0.704364 -0.571234 -0.421382  0.630984 0.238341 0
0  -7.213496 42.890934 75.517769  -0.704135 -0.571517 -0.421381  0.632683 0.234440 0
0  -7.213776 44.118244 73.833183  -0.705677 -0.583087 -0.402528  0.618916 0.228455 0
door_01
0  -7.213215 41.640072 77.185867  -0.700121 -0.562808 -0.439406  0.646370 0.240594 0
0  -7.213496 42.890934 75.517769  -0.704135 -0.571517 -0.421381  0.632683 0.234440 0
0  -6.789799 42.549908 75.269714  -0.704364 -0.571234 -0.421382  0.630984 0.238341 0
door_01
0  -7.213215 41.640072 77.185867  -0.700121 -0.562808 -0.439406  0.646370 0.240594 0
0  -6.789799 42.549908 75.269714  -0.704364 -0.571234 -0.421382  0.630984 0.238341 0
0  -6.789216 41.313496 76.929596  -0.699910 -0.563016 -0.439476  0.644584 0.244429 0
door_01
0  -7.212937 40.321823 78.798431  -0.696122 -0.548065 -0.463723  0.659889 0.247113 0
0  -7.213215 41.640072 77.185867  -0.700121 -0.562808 -0.439406  0.646370 0.240594 0
0  -6.789216 41.313496 76.929596  -0.699910 -0.563016 -0.439476  0.644584 0.244429 0
door_01
0  -7.212937 40.321823 78.798431  -0.696122 -0.548065 -0.463723  0.659889 0.247113 0
0  -6.789216 41.313496 76.929596  -0.699910 -0.563016 -0.439476  0.644584 0.244429 0
0  -6.788621 40.008511 78.532806  -0.696307 -0.547884 -0.463660  0.658021 0.250884 0
door_01
0  -7.212663 38.947586 80.362274  -0.697330 -0.524199 -0.488821  0.673263 0.253938 0
0  -7.212937 40.321823 78.798431  -0.696122 -0.548065 -0.463723  0.659889 0.247113 0
0  -6.788621 40.008511 78.532806  -0.696307 -0.547884 -0.463660  0.658021 0.250884 0
door_01
0  -7.212663 38.947586 80.362274  -0.697330 -0.524199 -0.488821  0.673263 0.253938 0
0  -6.788621 40.008511 78.532806  -0.696307 -0.547884 -0.463660  0.658021 0.250884 0
0  -6.788027 38.645718 80.084663  -0.697423 -0.524052 -0.488846  0.671307 0.257665 0
door_01
0  -6.787485 37.189682 81.545486  -0.711970 -0.495340 -0.497732  0.684335 0.264875 0
0  -7.212663 38.947586 80.362274  -0.697330 -0.524199 -0.488821  0.673263 0.253938 0
0  -6.788027 38.645718 80.084663  -0.697423 -0.524052 -0.488846  0.671307 0.257665 0
door_01
0  -6.787485 37.189682 81.545486  -0.711970 -0.495340 -0.497732  0.684335 0.264875 0
0  -7.212394 37.487976 81.843872  -0.711869 -0.495443 -0.497774  0.686413 0.261159 0
0  -7.212663 38.947586 80.362274  -0.697330 -0.524199 -0.488821  0.673263 0.253938 0
door_01
0  -7.212034 35.531357 83.797882  -0.740404 -0.440344 -0.507838  0.703839 0.270882 0
0  -7.212394 37.487976 81.843872  -0.711869 -0.495443 -0.497774  0.686413 0.261159 0
0  -6.787485 37.189682 81.545486  -0.711970 -0.495340 -0.497732  0.684335 0.264875 0
door_01
0  -7.212034 35.531357 83.797882  -0.740404 -0.440344 -0.507838  0.703839 0.270882 0
0  -6.787485 37.189682 81.545486  -0.711970 -0.495340 -0.497732  0.684335 0.264875 0
0  -6.786871 35.234379 83.441887  -0.740098 -0.440988 -0.507725  0.701414 0.274683 0
door_01
0  -6.786367 33.375763 84.802895  -0.758210 -0.392464 -0.520662  0.715050 0.284145 0
0  -7.212034 35.531357 83.797882  -0.740404 -0.440344 -0.507838  0.703839 0.270882 0
0  -6.786871 35.234379 83.441887  -0.740098 -0.440988 -0.507725  0.701414 0.274683 0
door_01
0  -6.786367 33.375763 84.802895  -0.758210 -0.392464 -0.520662  0.715050 0.284145 0
0  -7.211709 33.430878 85.420067  -0.758226 -0.392459 -0.520643  0.719693 0.281518 0
0  -7.212034 35.531357 83.797882  -0.740404 -0.440344 -0.507838  0.703839 0.270882 0
door_01
0  -7.216321 51.583462 56.734718  -0.708033 -0.686574 -0.165245  0.488995 0.192460 0
0  -7.216595 52.024467 54.702602  -0.708225 -0.693467 -0.132369  0.474163 0.190325 0
0  -6.795793 51.610470 54.620167  -0.708182 -0.693535 -0.132239  0.473610 0.194541 0
door_01
0  -7.216321 51.583462 56.734718  -0.708033 -0.686574 -0.165245  0.488995 0.192460 0
0  -6.795793 51.610470 54.620167  -0.708182 -0.693535 -0.132239  0.473610 0.194541 0
0  -6.795287 51.173027 56.636116  -0.707990 -0.686617 -0.165249  0.488337 0.196654 0
door_01
0  -7.216041 51.049370 58.749966  -0.707716 -0.678568 -0.196682  0.503803 0.194995 0
0  -7.216321 51.583462 56.734718  -0.708033 -0.686574 -0.165245  0.488995 0.192460 0
0  -6.795287 51.173027 56.636116  -0.707990 -0.686617 -0.165249  0.488337 0.196654 0
door_01
0  -7.216041 51.049370 58.749966  -0.707716 -0.678568 -0.196682  0.503803 0.194995 0
0  -6.795287 51.173027 56.636116  -0.707990 -0.686617 -0.165249  0.488337 0.196654 0
0  -6.794780 50.643238 58.635334  -0.707717 -0.678541 -0.196772  0.503038 0.199177 0
door_01
0  -6.794241 50.020535 60.607761  -0.707323 -0.672124 -0.218959  0.517639 0.202144 0
0  -7.216041 51.049370 58.749966  -0.707716 -0.678568 -0.196682  0.503803 0.194995 0
0  -6.794780 50.643238 58.635334  -0.707717 -0.678541 -0.196772  0.503038 0.199177 0
door_01
0  -6.794241 50.020535 60.607761  -0.707323 -0.672124 -0.218959  0.517639 0.202144 0
0  -7.215758 50.421627 60.738228  -0.707323 -0.672120 -0.218971  0.518515 0.197988 0
0  -7.216041 51.049370 58.749966  -0.707716 -0.678568 -0.196682  0.503803 0.194995 0
door_01
0  -7.215478 49.758385 62.710854  -0.707222 -0.664780 -0.240635  0.533153 0.201194 0
0  -7.215758 50.421627 60.738228  -0.707323 -0.672120 -0.218971  0.518515 0.197988 0
0  -6.794241 50.020535 60.607761  -0.707323 -0.672124 -0.218959  0.517639 0.202144 0
door_01
0  -7.215478 49.758385 62.710854  -0.707222 -0.664780 -0.240635  0.533153 0.201194 0
0  -6.794241 50.020535 60.607761  -0.707323 -0.672124 -0.218959  0.517639 0.202144 0
0  -6.793664 49.362576 62.564693  -0.707174 -0.664862 -0.240548  0.532168 0.205334 0
door_01
0  -7.215196 49.005642 64.648590  -0.706999 -0.653268 -0.270911  0.547683 0.204836 0
0  -7.215478 49.758385 62.710854  -0.707222 -0.664780 -0.240635  0.533153 0.201194 0
0  -6.793664 49.362576 62.564693  -0.707174 -0.664862 -0.240548  0.532168 0.205334 0
door_01
0  -7.215196 49.005642 64.648590  -0.706999 -0.653268 -0.270911  0.547683 0.204836 0
0  -6.793664 49.362576 62.564693  -0.707174 -0.664862 -0.240548  0.532168 0.205334 0
0  -6.793071 48.615841 64.487000  -0.706948 -0.653321 -0.270918  0.546600 0.208948 0
door_01
0  -7.214911 48.162933 66.555511  -0.706631 -0.640917 -0.299830  0.562156 0.208861 0
0  -7.215196 49.005642 64.648590  -0.706999 -0.653268 -0.270911  0.547683 0.204836 0
0  -6.793071 48.615841 64.487000  -0.706948 -0.653321 -0.270918  0.546600 0.208948 0
door_01
0  -7.214911 48.162933 66.555511  -0.706631 -0.640917 -0.299830  0.562156 0.208861 0
0  -6.793071 48.615841 64.487000  -0.706948 -0.653321 -0.270918  0.546600 0.208948 0
0  -6.792472 47.779881 66.378746  -0.706627 -0.640896 -0.299885  0.560971 0.212949 0
door_01
0  -6.791894 46.862106 68.232719  -0.706267 -0.632916 -0.317181  0.575200 0.217345 0
0  -7.214911 48.162933 66.555511  -0.706631 -0.640917 -0.299830  0.562156 0.208861 0
0  -6.792472 47.779881 66.378746  -0.706627 -0.640896 -0.299885  0.560971 0.212949 0
door_01
0  -6.791894 46.862106 68.232719  -0.706267 -0.632916 -0.317181  0.575200 0.217345 0
0  -7.214626 47.237804 68.424332  -0.706266 -0.632900 -0.317217  0.576494 0.213297 0
0  -7.214911 48.162933 66.555511  -0.706631 -0.640917 -0.299830  0.562156 0.208861 0
door_01
0  -7.214343 46.293633 70.283951  -0.706318 -0.622896 -0.336326  0.590797 0.217874 0
0  -7.214626 47.237804 68.424332  -0.706266 -0.632900 -0.317217  0.576494 0.213297 0
0  -6.791894 46.862106 68.232719  -0.706267 -0.632916 -0.317181  0.575200 0.217345 0
door_01
0  -7.214343 46.293633 70.283951  -0.706318 -0.622896 -0.336326  0.590797 0.217874 0
0  -6.791894 46.862106 68.232719  -0.706267 -0.632916 -0.317181  0.575200 0.217345 0
0  -6.791360 45.925472 70.077545  -0.706274 -0.623063 -0.336109  0.589391 0.221897 0
door_01
0  -7.214058 45.258575 72.090057  -0.706283 -0.603649 -0.369826  0.604939 0.222927 0
0  -7.214343 46.293633 70.283951  -0.706318 -0.622896 -0.336326  0.590797 0.217874 0
0  -6.791360 45.925472 70.077545  -0.706274 -0.623063 -0.336109  0.589391 0.221897 0
door_01
0  -7.214058 45.258575 72.090057  -0.706283 -0.603649 -0.369826  0.604939 0.222927 0
0  -6.791360 45.925472 70.077545  -0.706274 -0.623063 -0.336109  0.589391 0.221897 0
0  -6.790844 44.898689 71.869293  -0.706316 -0.603617 -0.369817  0.603440 0.226916 0
door_01
0  -7.218659 52.665646 38.125626  -0.709818 -0.698996 0.086967  0.354478 0.187191 0
0  -7.218894 52.363800 36.061249  -0.709863 -0.696344 0.105832  0.339534 0.188590 0
0  -6.800282 51.947075 36.127132  -0.709869 -0.696339 0.105824  0.339969 0.192799 0
door_01
0  -7.218659 52.665646 38.125626  -0.709818 -0.698996 0.086967  0.354478 0.187191 0
0  -6.800282 51.947075 36.127132  -0.709869 -0.696339 0.105824  0.339969 0.192799 0
0  -6.799868 52.246540 38.175076  -0.709790 -0.699012 0.087065  0.354800 0.191418 0
door_01
0  -7.218419 52.878201 40.198475  -0.709743 -0.702194 0.056473  0.369453 0.186220 0
0  -7.218659 52.665646 38.125626  -0.709818 -0.698996 0.086967  0.354478 0.187191 0
0  -6.799868 52.246540 38.175076  -0.709790 -0.699012 0.087065  0.354800 0.191418 0
door_01
0  -7.218419 52.878201 40.198475  -0.709743 -0.702194 0.056473  0.369453 0.186220 0
0  -6.799868 52.246540 38.175076  -0.709790 -0.699012 0.087065  0.354800 0.191418 0
0  -6.799464 52.457409 40.231441  -0.709716 -0.702218 0.056512  0.369669 0.190450 0
door_01
0  -7.218173 52.998894 42.275116  -0.709559 -0.704251 0.023601  0.384431 0.185630 0
0  -7.218419 52.878201 40.198475  -0.709743 -0.702194 0.056473  0.369453 0.186220 0
0  -6.799464 52.457409 40.231441  -0.709716 -0.702218 0.056512  0.369669 0.190450 0
door_01
0  -7.218173 52.998894 42.275116  -0.709559 -0.704251 0.023601  0.384431 0.185630 0
0  -6.799464 52.457409 40.231441  -0.709716 -0.702218 0.056512  0.369669 0.190450 0
0  -6.799048 52.577156 42.291553  -0.709562 -0.704250 0.023523  0.384542 0.189871 0
door_01
0  -6.798582 52.594517 44.354874  -0.709213 -0.704987 -0.003234  0.399411 0.189777 0
0  -7.218173 52.998894 42.275116  -0.709559 -0.704251 0.023601  0.384431 0.185630 0
0  -6.799048 52.577156 42.291553  -0.709562 -0.704250 0.023523  0.384542 0.189871 0
door_01
0  -6.798582 52.594517 44.354874  -0.709213 -0.704987 -0.003234  0.399411 0.189777 0
0  -7.217919 53.016369 44.354977  -0.709215 -0.704985 -0.003210  0.399412 0.185539 0
0  -7.218173 52.998894 42.275116  -0.709559 -0.704251 0.023601  0.384431 0.185630 0
door_01
0  -7.217663 52.979286 46.437160  -0.709050 -0.704605 -0.027920  0.414404 0.185759 0
0  -7.217919 53.016369 44.354977  -0.709215 -0.704985 -0.003210  0.399412 0.185539 0
0  -6.798582 52.594517 44.354874  -0.709213 -0.704987 -0.003234  0.399411 0.189777 0
door_01
0  -7.217663 52.979286 46.437160  -0.709050 -0.704605 -0.027920  0.414404 0.185759 0
0  -6.798582 52.594517 44.354874  -0.709213 -0.704987 -0.003234  0.399411 0.189777 0
0  -6.798049 52.557709 46.420490  -0.709008 -0.704648 -0.027911  0.414291 0.189996 0
door_01
0  -7.217401 52.850838 48.514366  -0.708766 -0.703286 -0.055134  0.429376 0.186355 0
0  -7.217663 52.979286 46.437160  -0.709050 -0.704605 -0.027920  0.414404 0.185759 0
0  -6.798049 52.557709 46.420490  -0.709008 -0.704648 -0.027911  0.414291 0.189996 0
door_01
0  -7.217401 52.850838 48.514366  -0.708766 -0.703286 -0.055134  0.429376 0.186355 0
0  -6.798049 52.557709 46.420490  -0.709008 -0.704648 -0.027911  0.414291 0.189996 0
0  -6.797472 52.430267 48.481167  -0.708720 -0.703333 -0.055117  0.429153 0.190594 0
door_01
0  -7.217135 52.653137 50.587311  -0.708533 -0.700851 -0.082399  0.444337 0.187336 0
0  -7.217401 52.850838 48.514366  -0.708766 -0.703286 -0.055134  0.429376 0.186355 0
0  -6.797472 52.430267 48.481167  -0.708720 -0.703333 -0.055117  0.429153 0.190594 0
door_01
0  -7.217135 52.653137 50.587311  -0.708533 -0.700851 -0.082399  0.444337 0.187336 0
0  -6.797472 52.430267 48.481167  -0.708720 -0.703333 -0.055117  0.429153 0.190594 0
0  -6.796887 52.234127 50.537624  -0.708532 -0.700855 -0.082372  0.444005 0.191566 0
door_01
0  -6.796316 51.947048 52.582615  -0.708255 -0.697880 -0.106480  0.458819 0.192910 0
0  -7.217135 52.653137 50.587311  -0.708533 -0.700851 -0.082399  0.444337 0.187336 0
0  -6.796887 52.234127 50.537624  -0.708532 -0.700855 -0.082372  0.444005 0.191566 0
door_01
0  -6.796316 51.947048 52.582615  -0.708255 -0.697880 -0.106480  0.458819 0.192910 0
0  -7.216867 52.363766 52.648708  -0.708254 -0.697872 -0.106540  0.459261 0.188687 0
0  -7.217135 52.653137 50.587311  -0.708533 -0.700851 -0.082399  0.444337 0.187336 0
door_01
0  -7.216595 52.024467 54.702602  -0.708225 -0.693467 -0.132369  0.474163 0.190325 0
0  -7.216867 52.363766 52.648708  -0.708254 -0.697872 -0.106540  0.459261 0.188687 0
0  -6.796316 51.947048 52.582615  -0.708255 -0.697880 -0.106480  0.458819 0.192910 0
door_01
0  -7.216595 52.024467 54.702602  -0.708225 -0.693467 -0.132369  0.474163 0.190325 0
0  -6.796316 51.947048 52.582615  -0.708255 -0.697880 -0.106480  0.458819 0.192910 0
0  -6.795793 51.610470 54.620167  -0.708182 -0.693535 -0.132239  0.473610 0.194541 0
door_01
0  -6.803595 46.862091 20.477034  -0.711110 -0.626753 0.318597  0.223513 0.217045 0
0  -7.220678 46.276161 18.435612  -0.711381 -0.615700 0.338896  0.207957 0.217668 0
0  -6.803896 45.908066 18.641733  -0.711380 -0.615751 0.338805  0.209347 0.221661 0
door_01
0  -6.803595 46.862091 20.477034  -0.711110 -0.626753 0.318597  0.223513 0.217045 0
0  -7.220510 47.237816 20.285627  -0.711105 -0.626758 0.318599  0.222234 0.213021 0
0  -7.220678 46.276161 18.435612  -0.711381 -0.615700 0.338896  0.207957 0.217668 0
door_01
0  -7.220338 48.163666 22.149494  -0.711169 -0.636649 0.298188  0.236552 0.208604 0
0  -7.220510 47.237816 20.285627  -0.711105 -0.626758 0.318599  0.222234 0.213021 0
0  -6.803595 46.862091 20.477034  -0.711110 -0.626753 0.318597  0.223513 0.217045 0
door_01
0  -7.220338 48.163666 22.149494  -0.711169 -0.636649 0.298188  0.236552 0.208604 0
0  -6.803595 46.862091 20.477034  -0.711110 -0.626753 0.318597  0.223513 0.217045 0
0  -6.803273 47.780491 22.326063  -0.711155 -0.636622 0.298280  0.237724 0.212669 0
door_01
0  -7.220157 49.001709 24.051878  -0.711127 -0.649664 0.268767  0.250994 0.204627 0
0  -7.220338 48.163666 22.149494  -0.711169 -0.636649 0.298188  0.236552 0.208604 0
0  -6.803273 47.780491 22.326063  -0.711155 -0.636622 0.298280  0.237724 0.212669 0
door_01
0  -7.220157 49.001709 24.051878  -0.711127 -0.649664 0.268767  0.250994 0.204627 0
0  -6.803273 47.780491 22.326063  -0.711155 -0.636622 0.298280  0.237724 0.212669 0
0  -6.802920 48.611797 24.213316  -0.711112 -0.649678 0.268772  0.252067 0.208717 0
door_01
0  -7.219966 49.754341 25.996113  -0.710984 -0.661115 0.239644  0.265574 0.201010 0
0  -7.220157 49.001709 24.051878  -0.711127 -0.649664 0.268767  0.250994 0.204627 0
0  -6.802920 48.611797 24.213316  -0.711112 -0.649678 0.268772  0.252067 0.208717 0
door_01
0  -7.219966 49.754341 25.996113  -0.710984 -0.661115 0.239644  0.265574 0.201010 0
0  -6.802920 48.611797 24.213316  -0.711112 -0.649678 0.268772  0.252067 0.208717 0
0  -6.802536 49.358326 26.142084  -0.710991 -0.661132 0.239575  0.266549 0.205129 0
door_01
0  -6.802122 50.020321 28.101978  -0.710718 -0.667587 0.221828  0.281101 0.201945 0
0  -7.219966 49.754341 25.996113  -0.710984 -0.661115 0.239644  0.265574 0.201010 0
0  -6.802536 49.358326 26.142084  -0.710991 -0.661132 0.239575  0.266549 0.205129 0
door_01
0  -6.802122 50.020321 28.101978  -0.710718 -0.667587 0.221828  0.281101 0.201945 0
0  -7.219763 50.421669 27.971729  -0.710721 -0.667595 0.221795  0.280237 0.197809 0
0  -7.219966 49.754341 25.996113  -0.710984 -0.661115 0.239644  0.265574 0.201010 0
door_01
0  -7.219561 51.069008 29.954304  -0.710813 -0.673957 0.201316  0.294936 0.194741 0
0  -7.219763 50.421669 27.971729  -0.710721 -0.667595 0.221795  0.280237 0.197809 0
0  -6.802122 50.020321 28.101978  -0.710718 -0.667587 0.221828  0.281101 0.201945 0
door_01
0  -7.219561 51.069008 29.954304  -0.710813 -0.673957 0.201316  0.294936 0.194741 0
0  -6.802122 50.020321 28.101978  -0.710718 -0.667587 0.221828  0.281101 0.201945 0
0  -6.801681 50.662495 30.068790  -0.710775 -0.673916 0.201584  0.295690 0.198911 0
door_01
0  -7.219348 51.614235 31.963316  -0.710782 -0.684000 0.164109  0.309728 0.192176 0
0  -7.219561 51.069008 29.954304  -0.710813 -0.673957 0.201316  0.294936 0.194741 0
0  -6.801681 50.662495 30.068790  -0.710775 -0.673916 0.201584  0.295690 0.198911 0
door_01
0  -7.219348 51.614235 31.963316  -0.710782 -0.684000 0.164109  0.309728 0.192176 0
0  -6.801681 50.662495 30.068790  -0.710775 -0.673916 0.201584  0.295690 0.198911 0
0  -6.801221 51.203392 32.061813  -0.710742 -0.684037 0.164134  0.310379 0.196362 0
door_01
0  -7.219125 52.039528 34.002338  -0.710346 -0.692314 0.126919  0.324610 0.190137 0
0  -7.219348 51.614235 31.963316  -0.710782 -0.684000 0.164109  0.309728 0.192176 0
0  -6.801221 51.203392 32.061813  -0.710742 -0.684037 0.164134  0.310379 0.196362 0
door_01
0  -7.219125 52.039528 34.002338  -0.710346 -0.692314 0.126919  0.324610 0.190137 0
0  -6.801221 51.203392 32.061813  -0.710742 -0.684037 0.164134  0.310379 0.196362 0
0  -6.800742 51.625332 34.084610  -0.710344 -0.692357 0.126701  0.325158 0.194340 0
door_01
0  -6.800282 51.947075 36.127132  -0.709869 -0.696339 0.105824  0.339969 0.192799 0
0  -7.219125 52.039528 34.002338  -0.710346 -0.692314 0.126919  0.324610 0.190137 0
0  -6.800742 51.625332 34.084610  -0.710344 -0.692357 0.126701  0.325158 0.194340 0
door_01
0  -6.800282 51.947075 36.127132  -0.709869 -0.696339 0.105824  0.339969 0.192799 0
0  -7.218894 52.363800 36.061249  -0.709863 -0.696344 0.105832  0.339534 0.188590 0
0  -7.219125 52.039528 34.002338  -0.710346 -0.692314 0.126919  0.324610 0.190137 0
door_01
0  -7.268251 35.571487 5.168481  -0.710277 -0.457089 0.535329  0.096559 0.270516 0
0  -7.221741 33.300629 3.292022  -0.709770 -0.457298 0.535822  0.078703 0.282121 0
0  -6.806017 33.375813 3.906871  -0.709823 -0.457279 0.535768  0.083744 0.283943 0
door_01
0  -7.268251 35.571487 5.168481  -0.710277 -0.457089 0.535329  0.096559 0.270516 0
0  -6.806017 33.375813 3.906871  -0.709823 -0.457279 0.535768  0.083744 0.283943 0
0  -6.852425 35.307289 5.494617  -0.710277 -0.457111 0.535310  0.098851 0.274029 0
door_01
0  -6.805610 37.189819 7.164261  -0.711504 -0.473710 0.518999  0.114347 0.264567 0
0  -7.268251 35.571487 5.168481  -0.710277 -0.457089 0.535329  0.096559 0.270516 0
0  -6.852425 35.307289 5.494617  -0.710277 -0.457111 0.535310  0.098851 0.274029 0
door_01
0  -6.805610 37.189819 7.164261  -0.711504 -0.473710 0.518999  0.114347 0.264567 0
0  -7.221558 37.487915 6.866080  -0.711440 -0.474390 0.518467  0.112269 0.260869 0
0  -7.268251 35.571487 5.168481  -0.710277 -0.457089 0.535329  0.096559 0.270516 0
door_01
0  -7.221469 38.964630 8.331647  -0.712320 -0.511875 0.480193  0.125371 0.253485 0
0  -7.221558 37.487915 6.866080  -0.711440 -0.474390 0.518467  0.112269 0.260869 0
0  -6.805610 37.189819 7.164261  -0.711504 -0.473710 0.518999  0.114347 0.264567 0
door_01
0  -7.221469 38.964630 8.331647  -0.712320 -0.511875 0.480193  0.125371 0.253485 0
0  -6.805610 37.189819 7.164261  -0.711504 -0.473710 0.518999  0.114347 0.264567 0
0  -6.805406 38.654572 8.618341  -0.712323 -0.511761 0.480308  0.127354 0.257220 0
door_01
0  -7.221360 40.334152 9.899567  -0.712141 -0.537011 0.452188  0.138781 0.246669 0
0  -7.221469 38.964630 8.331647  -0.712320 -0.511875 0.480193  0.125371 0.253485 0
0  -6.805406 38.654572 8.618341  -0.712323 -0.511761 0.480308  0.127354 0.257220 0
door_01
0  -7.221360 40.334152 9.899567  -0.712141 -0.537011 0.452188  0.138781 0.246669 0
0  -6.805406 38.654572 8.618341  -0.712323 -0.511761 0.480308  0.127354 0.257220 0
0  -6.805175 40.013153 10.173781  -0.712120 -0.537076 0.452144  0.140669 0.250445 0
door_01
0  -7.221242 41.647614 11.518864  -0.711900 -0.554585 0.430852  0.152348 0.240185 0
0  -7.221360 40.334152 9.899567  -0.712141 -0.537011 0.452188  0.138781 0.246669 0
0  -6.805175 40.013153 10.173781  -0.712120 -0.537076 0.452144  0.140669 0.250445 0
door_01
0  -7.221242 41.647614 11.518864  -0.711900 -0.554585 0.430852  0.152348 0.240185 0
0  -6.805175 40.013153 10.173781  -0.712120 -0.537076 0.452144  0.140669 0.250445 0
0  -6.804929 41.316170 11.780117  -0.711901 -0.554637 0.430783  0.154138 0.244012 0
door_01
0  -6.804680 42.549774 13.440034  -0.711621 -0.567751 0.413828  0.167750 0.237957 0
0  -7.221242 41.647614 11.518864  -0.711900 -0.554585 0.430852  0.152348 0.240185 0
0  -6.804929 41.316170 11.780117  -0.711901 -0.554637 0.430783  0.154138 0.244012 0
door_01
0  -6.804680 42.549774 13.440034  -0.711621 -0.567751 0.413828  0.167750 0.237957 0
0  -7.221113 42.891079 13.192187  -0.711620 -0.567765 0.413812  0.166067 0.234087 0
0  -7.221242 41.647614 11.518864  -0.711900 -0.554585 0.430852  0.152348 0.240185 0
door_01
0  -7.220980 44.101421 14.885939  -0.711636 -0.581149 0.394766  0.179857 0.228206 0
0  -7.221113 42.891079 13.192187  -0.711620 -0.567765 0.413812  0.166067 0.234087 0
0  -6.804680 42.549774 13.440034  -0.711621 -0.567751 0.413828  0.167750 0.237957 0
door_01
0  -7.220980 44.101421 14.885939  -0.711636 -0.581149 0.394766  0.179857 0.228206 0
0  -6.804680 42.549774 13.440034  -0.711621 -0.567751 0.413828  0.167750 0.237957 0
0  -6.804432 43.750565 15.120300  -0.711611 -0.581098 0.394885  0.181439 0.232127 0
door_01
0  -7.220835 45.228481 16.633209  -0.711575 -0.599063 0.367130  0.193819 0.222762 0
0  -7.220980 44.101421 14.885939  -0.711636 -0.581149 0.394766  0.179857 0.228206 0
0  -6.804432 43.750565 15.120300  -0.711611 -0.581098 0.394885  0.181439 0.232127 0
door_01
0  -7.220835 45.228481 16.633209  -0.711575 -0.599063 0.367130  0.193819 0.222762 0
0  -6.804432 43.750565 15.120300  -0.711611 -0.581098 0.394885  0.181439 0.232127 0
0  -6.804172 44.868690 16.853676  -0.711553 -0.599078 0.367148  0.195305 0.226717 0
door_01
0  -7.220678 46.276161 18.435612  -0.711381 -0.615700 0.338896  0.207957 0.217668 0
0  -7.220835 45.228481 16.633209  -0.711575 -0.599063 0.367130  0.193819 0.222762 0
0  -6.804172 44.868690 16.853676  -0.711553 -0.599078 0.367148  0.195305 0.226717 0
door_01
0  -7.220678 46.276161 18.435612  -0.711381 -0.615700 0.338896  0.207957 0.217668 0
0  -6.804172 44.868690 16.853676  -0.711553 -0.599078 0.367148  0.195305 0.226717 0
0  -6.803896 45.908066 18.641733  -0.711380 -0.615751 0.338805  0.209347 0.221661 0
door_01
0  -0.004130 0.012967 101.106445  0.000124 -0.000070 1.000000  0.923125 0.997079 0
0  -5.148514 0.770222 101.107132  0.000122 -0.000054 1.000000  0.886251 0.991696 0
0  -5.148471 0.067280 101.107079  0.000118 -0.000076 1.000000  0.886517 0.996682 0
door_01
0  6.210042 47.671848 42.355381  1.000000 0.000254 -0.000099  0.764338 0.574897 0
0  6.181067 52.399139 40.459614  0.999977 0.006700 0.001418  0.797889 0.561512 0
0  6.195772 52.542488 42.405727  0.999967 0.003008 -0.007572  0.798880 0.575316 0
door_01
0  6.210042 47.671848 42.355381  1.000000 0.000254 -0.000099  0.764338 0.574897 0
0  6.197603 52.221539 38.287025  0.999956 0.007606 0.005449  0.796657 0.546102 0
0  6.181067 52.399139 40.459614  0.999977 0.006700 0.001418  0.797889 0.561512 0
door_01
0  6.209997 51.947868 36.125477  0.999990 -0.000483 -0.004344  0.794743 0.530768 0
0  6.197603 52.221539 38.287025  0.999956 0.007606 0.005449  0.796657 0.546102 0
0  6.210042 47.671848 42.355381  1.000000 0.000254 -0.000099  0.764338 0.574897 0
door_01
0  6.209997 51.947868 36.125477  0.999990 -0.000483 -0.004344  0.794743 0.530768 0
0  6.210042 47.671848 42.355381  1.000000 0.000254 -0.000099  0.764338 0.574897 0
0  6.209997 32.375484 42.355392  1.000000 0.000020 -0.000038  0.655853 0.574699 0
door_01
0  6.209997 51.947868 36.125477  0.999990 -0.000483 -0.004344  0.794743 0.530768 0
0  6.209997 32.375484 42.355392  1.000000 0.000020 -0.000038  0.655853 0.574699 0
0  6.210010 27.424694 40.009594  0.999999 0.001244 -0.001080  0.620772 0.557998 0
door_01
0  6.210010 27.424694 40.009594  0.999999 0.001244 -0.001080  0.620772 0.557998 0
0  6.209997 32.375484 42.355392  1.000000 0.000020 -0.000038  0.655853 0.574699 0
0  6.210081 31.946009 42.834671  0.999997 0.001628 -0.001798  0.652801 0.578093 0
door_01
0  6.210010 27.424694 40.009594  0.999999 0.001244 -0.001080  0.620772 0.557998 0
0  6.210081 31.946009 42.834671  0.999997 0.001628 -0.001798  0.652801 0.578093 0
0  6.222081 27.657162 42.296432  0.999996 0.002881 -0.000664  0.622391 0.574220 0
door_01
0  6.210031 27.766474 44.353222  0.999997 0.002338 -0.001233  0.623139 0.588808 0
0  6.222081 27.657162 42.296432  0.999996 0.002881 -0.000664  0.622391 0.574220 0
0  6.210081 31.946009 42.834671  0.999997 0.001628 -0.001798  0.652801 0.578093 0
door_01
0  6.210031 27.766474 44.353222  0.999997 0.002338 -0.001233  0.623139 0.588808 0
0  6.210081 31.946009 42.834671  0.999997 0.001628 -0.001798  0.652801 0.578093 0
0  6.209963 31.945820 45.871780  0.999981 0.002462 -0.005657  0.652760 0.599632 0
door_01
0  6.209995 32.375484 46.351055  1.000000 0.000229 -0.000083  0.655801 0.603037 0
0  6.210031 27.766474 44.353222  0.999997 0.002338 -0.001233  0.623139 0.588808 0
0  6.209963 31.945820 45.871780  0.999981 0.002462 -0.005657  0.652760 0.599632 0
door_01
0  6.209995 32.375484 46.351055  1.000000 0.000229 -0.000083  0.655801 0.603037 0
0  6.229716 27.665956 46.409328  0.999991 0.004191 0.000342  0.622400 0.603389 0
0  6.210031 27.766474 44.353222  0.999997 0.002338 -0.001233  0.623139 0.588808 0
door_01
0  6.210096 27.424652 48.696846  0.999999 0.001518 -0.000467  0.620659 0.619610 0
0  6.229716 27.665956 46.409328  0.999991 0.004191 0.000342  0.622400 0.603389 0
0  6.209995 32.375484 46.351055  1.000000 0.000229 -0.000083  0.655801 0.603037 0
door_01
0  6.210096 27.424652 48.696846  0.999999 0.001518 -0.000467  0.620659 0.619610 0
0  6.209995 32.375484 46.351055  1.000000 0.000229 -0.000083  0.655801 0.603037 0
0  6.210047 47.671852 46.351051  0.999999 0.001294 0.000315  0.764286 0.603235 0
door_01
0  6.210004 48.616638 64.485352  1.000000 -0.000427 0.000832  0.770751 0.731861 0
0  6.209994 25.665955 54.981476  1.000000 0.000013 -0.000015  0.608104 0.664161 0
0  6.209944 26.407549 52.933525  1.000000 0.000168 0.000873  0.613390 0.649646 0
door_01
0  6.210004 48.616638 64.485352  1.000000 -0.000427 0.000832  0.770751 0.731861 0
0  6.209944 26.407549 52.933525  1.000000 0.000168 0.000873  0.613390 0.649646 0
0  6.213740 49.372738 62.565197  1.000000 -0.000158 -0.000016  0.776137 0.718247 0
door_01
0  6.213740 49.372738 62.565197  1.000000 -0.000158 -0.000016  0.776137 0.718247 0
0  6.209944 26.407549 52.933525  1.000000 0.000168 0.000873  0.613390 0.649646 0
0  6.209931 50.021324 60.606113  1.000000 0.000621 0.000305  0.780763 0.704367 0
door_01
0  6.209944 26.407549 52.933525  1.000000 0.000168 0.000873  0.613390 0.649646 0
0  6.186993 50.572014 58.675606  0.999997 0.001811 -0.001313  0.784689 0.690676 0
0  6.209931 50.021324 60.606113  1.000000 0.000621 0.000305  0.780763 0.704367 0
door_01
0  6.209944 26.407549 52.933525  1.000000 0.000168 0.000873  0.613390 0.649646 0
0  6.237517 26.957026 50.885170  0.999998 0.001870 0.000253  0.617314 0.635124 0
0  6.186993 50.572014 58.675606  0.999997 0.001811 -0.001313  0.784689 0.690676 0
door_01
0  6.186993 50.572014 58.675606  0.999997 0.001811 -0.001313  0.784689 0.690676 0
0  6.237517 26.957026 50.885170  0.999998 0.001870 0.000253  0.617314 0.635124 0
0  6.170988 51.049328 56.724072  0.999990 0.002941 -0.003405  0.788105 0.676847 0
door_01
0  6.170988 51.049328 56.724072  0.999990 0.002941 -0.003405  0.788105 0.676847 0
0  6.237517 26.957026 50.885170  0.999998 0.001870 0.000253  0.617314 0.635124 0
0  6.210096 27.424652 48.696846  0.999999 0.001518 -0.000467  0.620659 0.619610 0
door_01
0  6.170988 51.049328 56.724072  0.999990 0.002941 -0.003405  0.788105 0.676847 0
0  6.210096 27.424652 48.696846  0.999999 0.001518 -0.000467  0.620659 0.619610 0
0  6.189636 51.546257 54.661861  0.999997 0.000987 0.002033  0.791655 0.662227 0
door_01
0  6.189636 51.546257 54.661861  0.999997 0.000987 0.002033  0.791655 0.662227 0
0  6.210096 27.424652 48.696846  0.999999 0.001518 -0.000467  0.620659 0.619610 0
0  6.210056 51.947842 52.580971  0.999995 -0.000190 0.003137  0.794531 0.647474 0
door_01
0  6.210096 27.424652 48.696846  0.999999 0.001518 -0.000467  0.620659 0.619610 0
0  6.210047 47.671852 46.351051  0.999999 0.001294 0.000315  0.764286 0.603235 0
0  6.210056 51.947842 52.580971  0.999995 -0.000190 0.003137  0.794531 0.647474 0
door_01
0  6.210056 51.947842 52.580971  0.999995 -0.000190 0.003137  0.794531 0.647474 0
0  6.210047 47.671852 46.351051  0.999999 0.001294 0.000315  0.764286 0.603235 0
0  6.194154 52.225250 50.423195  0.999937 0.009401 -0.006071  0.796527 0.632174 0
door_01
0  6.194154 52.225250 50.423195  0.999937 0.009401 -0.006071  0.796527 0.632174 0
0  6.210047 47.671852 46.351051  0.999999 0.001294 0.000315  0.764286 0.603235 0
0  6.210044 48.120125 45.869686  0.999989 0.004582 -0.000675  0.767471 0.599826 0
door_01
0  6.194154 52.225250 50.423195  0.999937 0.009401 -0.006071  0.796527 0.632174 0
0  6.210044 48.120125 45.869686  0.999989 0.004582 -0.000675  0.767471 0.599826 0
0  6.177541 52.397259 48.250179  0.999975 0.007041 -0.000844  0.797775 0.616765 0
door_01
0  6.177541 52.397259 48.250179  0.999975 0.007041 -0.000844  0.797775 0.616765 0
0  6.210044 48.120125 45.869686  0.999989 0.004582 -0.000675  0.767471 0.599826 0
0  6.193706 52.540966 46.303398  0.999960 0.002864 0.008473  0.798819 0.602959 0
door_01
0  6.193706 52.540966 46.303398  0.999960 0.002864 0.008473  0.798819 0.602959 0
0  6.210044 48.120125 45.869686  0.999989 0.004582 -0.000675  0.767471 0.599826 0
0  6.209987 52.595558 44.353218  0.999998 0.002091 0.000262  0.799231 0.589129 0
door_01
0  6.209987 52.595558 44.353218  0.999998 0.002091 0.000262  0.799231 0.589129 0
0  6.210044 48.120125 45.869686  0.999989 0.004582 -0.000675  0.767471 0.599826 0
0  6.210061 48.120316 42.726151  0.999989 0.001778 -0.004352  0.767513 0.577532 0
door_01
0  6.210042 47.671848 42.355381  1.000000 0.000254 -0.000099  0.764338 0.574897 0
0  6.209987 52.595558 44.353218  0.999998 0.002091 0.000262  0.799231 0.589129 0
0  6.210061 48.120316 42.726151  0.999989 0.001778 -0.004352  0.767513 0.577532 0
door_01
0  6.210042 47.671848 42.355381  1.000000 0.000254 -0.000099  0.764338 0.574897 0
0  6.195772 52.542488 42.405727  0.999967 0.003008 -0.007572  0.798880 0.575316 0
0  6.209987 52.595558 44.353218  0.999998 0.002091 0.000262  0.799231 0.589129 0
door_01
0  6.209892 18.782560 64.714127  1.000000 -0.000072 0.000054  0.559160 0.733097 0
0  6.210056 35.235233 83.440384  1.000000 -0.000019 0.000011  0.675603 0.866119 0
0  6.209997 33.376797 84.801224  1.000000 -0.000023 0.000012  0.662405 0.875746 0
door_01
0  6.209892 18.782560 64.714127  1.000000 -0.000072 0.000054  0.559160 0.733097 0
0  6.209997 19.633924 63.987061  1.000000 -0.000034 0.000022  0.565208 0.727952 0
0  6.210056 35.235233 83.440384  1.000000 -0.000019 0.000011  0.675603 0.866119 0
door_01
0  6.210056 35.235233 83.440384  1.000000 -0.000019 0.000011  0.675603 0.866119 0
0  6.209997 19.633924 63.987061  1.000000 -0.000034 0.000022  0.565208 0.727952 0
0  6.210099 37.190720 81.543839  1.000000 -0.000006 0.000000  0.689496 0.852694 0
door_01
0  6.209976 21.121933 62.396603  1.000000 0.000011 -0.000018  0.575782 0.716691 0
0  6.210099 37.190720 81.543839  1.000000 -0.000006 0.000000  0.689496 0.852694 0
0  6.209997 19.633924 63.987061  1.000000 -0.000034 0.000022  0.565208 0.727952 0
door_01
0  6.209976 21.121933 62.396603  1.000000 0.000011 -0.000018  0.575782 0.716691 0
0  6.210088 38.649727 80.085442  1.000000 0.000005 -0.000012  0.699883 0.842387 0
0  6.210099 37.190720 81.543839  1.000000 -0.000006 0.000000  0.689496 0.852694 0
door_01
0  6.209976 21.121933 62.396603  1.000000 0.000011 -0.000018  0.575782 0.716691 0
0  6.210048 40.009426 78.531143  1.000000 0.000011 -0.000018  0.709525 0.831364 0
0  6.210088 38.649727 80.085442  1.000000 0.000005 -0.000012  0.699883 0.842387 0
door_01
0  6.209908 22.463472 60.673927  1.000000 -0.000003 0.000000  0.585318 0.704491 0
0  6.210048 40.009426 78.531143  1.000000 0.000011 -0.000018  0.709525 0.831364 0
0  6.209976 21.121933 62.396603  1.000000 0.000011 -0.000018  0.575782 0.716691 0
door_01
0  6.209908 22.463472 60.673927  1.000000 -0.000003 0.000000  0.585318 0.704491 0
0  6.210005 41.313267 76.926247  1.000000 0.000008 -0.000015  0.718786 0.819987 0
0  6.210048 40.009426 78.531143  1.000000 0.000011 -0.000018  0.709525 0.831364 0
door_01
0  6.209908 22.463472 60.673927  1.000000 -0.000003 0.000000  0.585318 0.704491 0
0  6.209982 42.550701 75.268059  1.000000 0.000001 -0.000004  0.727591 0.808255 0
0  6.210005 41.313267 76.926247  1.000000 0.000008 -0.000015  0.718786 0.819987 0
door_01
0  6.209980 23.703447 58.878746  1.000000 -0.000020 0.000025  0.594136 0.691775 0
0  6.209982 42.550701 75.268059  1.000000 0.000001 -0.000004  0.727591 0.808255 0
0  6.209908 22.463472 60.673927  1.000000 -0.000003 0.000000  0.585318 0.704491 0
door_01
0  6.209980 23.703447 58.878746  1.000000 -0.000020 0.000025  0.594136 0.691775 0
0  6.209987 43.768627 73.596336  1.000000 -0.000007 0.000010  0.736258 0.796415 0
0  6.209982 42.550701 75.268059  1.000000 0.000001 -0.000004  0.727591 0.808255 0
door_01
0  6.209980 23.703447 58.878746  1.000000 -0.000020 0.000025  0.594136 0.691775 0
0  6.210034 44.899452 71.867607  1.000000 -0.000020 0.000028  0.744292 0.784168 0
0  6.209987 43.768627 73.596336  1.000000 -0.000007 0.000010  0.736258 0.796415 0
door_01
0  6.210048 24.740067 56.958927  1.000000 0.000004 -0.000001  0.601512 0.678173 0
0  6.210034 44.899452 71.867607  1.000000 -0.000020 0.000028  0.744292 0.784168 0
0  6.209980 23.703447 58.878746  1.000000 -0.000020 0.000025  0.594136 0.691775 0
door_01
0  6.210048 24.740067 56.958927  1.000000 0.000004 -0.000001  0.601512 0.678173 0
0  6.210130 45.926094 70.075066  1.000000 -0.000009 0.000009  0.751593 0.771462 0
0  6.210034 44.899452 71.867607  1.000000 -0.000020 0.000028  0.744292 0.784168 0
door_01
0  6.210048 24.740067 56.958927  1.000000 0.000004 -0.000001  0.601512 0.678173 0
0  6.210080 46.862900 68.231056  1.000000 0.000046 -0.000094  0.758264 0.758403 0
0  6.210130 45.926094 70.075066  1.000000 -0.000009 0.000009  0.751593 0.771462 0
door_01
0  6.210048 24.740067 56.958927  1.000000 0.000004 -0.000001  0.601512 0.678173 0
0  6.209695 47.779808 66.376190  1.000000 0.000013 -0.000014  0.764797 0.745258 0
0  6.210080 46.862900 68.231056  1.000000 0.000046 -0.000094  0.758264 0.758403 0
door_01
0  6.210048 24.740067 56.958927  1.000000 0.000004 -0.000001  0.601512 0.678173 0
0  6.209994 25.665955 54.981476  1.000000 0.000013 -0.000015  0.608104 0.664161 0
0  6.209695 47.779808 66.376190  1.000000 0.000013 -0.000014  0.764797 0.745258 0
door_01
0  6.209695 47.779808 66.376190  1.000000 0.000013 -0.000014  0.764797 0.745258 0
0  6.209994 25.665955 54.981476  1.000000 0.000013 -0.000015  0.608104 0.664161 0
0  6.210004 48.616638 64.485352  1.000000 -0.000427 0.000832  0.770751 0.731861 0
door_01
0  5.229489 0.068772 37.956207  0.567903 -0.823095 -0.000095  0.441200 0.541941 0
0  5.127851 0.000064 0.069682  0.569559 -0.821950 -0.000038  0.440216 0.269290 0
0  5.229488 0.068891 0.000862  0.569572 -0.821942 -0.000037  0.441204 0.268797 0
door_01
0  5.229489 0.068772 37.956207  0.567903 -0.823095 -0.000095  0.441200 0.541941 0
0  5.132483 -0.000051 37.956211  0.567910 -0.823090 -0.000110  0.440212 0.541954 0
0  5.127851 0.000064 0.069682  0.569559 -0.821950 -0.000038  0.440216 0.269290 0
door_01
0  5.235717 0.065376 44.353233  0.547520 -0.836793 -0.000308  0.440550 0.587346 0
0  5.132483 -0.000051 37.956211  0.567910 -0.823090 -0.000110  0.440212 0.541954 0
0  5.229489 0.068772 37.956207  0.567903 -0.823095 -0.000095  0.441200 0.541941 0
door_01
0  5.235717 0.065376 44.353233  0.547520 -0.836793 -0.000308  0.440550 0.587346 0
0  5.133265 0.000047 44.353233  0.547505 -0.836802 -0.000308  0.439621 0.587329 0
0  5.132483 -0.000051 37.956211  0.567910 -0.823090 -0.000110  0.440212 0.541954 0
door_01
0  5.236497 0.064986 50.748035  0.568042 -0.823000 0.000022  0.440890 0.632641 0
0  5.133265 0.000047 44.353233  0.547505 -0.836802 -0.000308  0.439621 0.587329 0
0  5.235717 0.065376 44.353233  0.547520 -0.836793 -0.000308  0.440550 0.587346 0
door_01
0  5.236497 0.064986 50.748035  0.568042 -0.823000 0.000022  0.440890 0.632641 0
0  5.134047 -0.000098 50.750244  0.568163 -0.822916 0.000018  0.439958 0.632651 0
0  5.133265 0.000047 44.353233  0.547505 -0.836802 -0.000308  0.439621 0.587329 0
door_01
0  5.229649 0.068817 101.003624  0.572153 -0.820147 0.000298  0.439775 0.985581 0
0  5.134047 -0.000098 50.750244  0.568163 -0.822916 0.000018  0.439958 0.632651 0
0  5.236497 0.064986 50.748035  0.568042 -0.823000 0.000022  0.440890 0.632641 0
door_01
0  5.229649 0.068817 101.003624  0.572153 -0.820147 0.000298  0.439775 0.985581 0
0  5.140190 0.000010 101.003647  0.572202 -0.820113 0.000498  0.439104 0.985579 0
0  5.134047 -0.000098 50.750244  0.568163 -0.822916 0.000018  0.439958 0.632651 0
door_01
0  5.140197 0.067905 101.105827  0.539468 -0.701325 0.465959  0.439070 0.986432 0
0  5.140190 0.000010 101.003647  0.572202 -0.820113 0.000498  0.439104 0.985579 0
0  5.229649 0.068817 101.003624  0.572153 -0.820147 0.000298  0.439775 0.985581 0
door_01
0  5.140190 0.000010 101.003647  -0.000013 -1.000000 0.000849  0.439104 0.985579 0
0  -0.004142 0.000064 101.004257  0.000061 -1.000000 0.000804  0.403094 0.985554 0
0  -0.010284 -0.000045 50.750240  0.000061 -1.000000 -0.000006  0.403058 0.632480 0
door_01
0  5.140190 0.000010 101.003647  -0.000013 -1.000000 0.000849  0.439104 0.985579 0
0  -0.010284 -0.000045 50.750240  0.000061 -1.000000 -0.000006  0.403058 0.632480 0
0  5.134047 -0.000098 50.750244  -0.000010 -1.000000 -0.000010  0.439958 0.632651 0
door_01
0  -0.010284 -0.000045 50.750240  0.000061 -1.000000 -0.000006  0.403058 0.632480 0
0  5.133265 0.000047 44.353233  0.000008 -1.000000 0.000002  0.439621 0.587329 0
0  5.134047 -0.000098 50.750244  -0.000010 -1.000000 -0.000010  0.439958 0.632651 0
door_01
0  -0.010284 -0.000045 50.750240  0.000061 -1.000000 -0.000006  0.403058 0.632480 0
0  -0.011066 -0.000021 44.353226  0.000061 -1.000000 0.000002  0.403058 0.587460 0
0  5.133265 0.000047 44.353233  0.000008 -1.000000 0.000002  0.439621 0.587329 0
door_01
0  -0.011066 -0.000021 44.353226  0.000061 -1.000000 0.000002  0.403058 0.587460 0
0  5.132483 -0.000051 37.956211  -0.000006 -1.000000 0.000001  0.440212 0.541954 0
0  5.133265 0.000047 44.353233  0.000008 -1.000000 0.000002  0.439621 0.587329 0
door_01
0  -0.011066 -0.000021 44.353226  0.000061 -1.000000 0.000002  0.403058 0.587460 0
0  -0.011848 0.000004 37.956211  0.000061 -1.000000 -0.000003  0.403058 0.542468 0
0  5.132483 -0.000051 37.956211  -0.000006 -1.000000 0.000001  0.440212 0.541954 0
door_01
0  -0.011848 0.000004 37.956211  0.000061 -1.000000 -0.000003  0.403058 0.542468 0
0  5.127851 0.000064 0.069682  -0.002730 -0.999995 -0.001609  0.440216 0.269290 0
0  5.132483 -0.000051 37.956211  -0.000006 -1.000000 0.000001  0.440212 0.541954 0
door_01
0  -0.011848 0.000004 37.956211  0.000061 -1.000000 -0.000003  0.403058 0.542468 0
0  -0.016479 -0.000007 0.097373  0.000034 -0.999999 -0.001070  0.403058 0.269388 0
0  5.127851 0.000064 0.069682  -0.002730 -0.999995 -0.001609  0.440216 0.269290 0
door_01
0  -0.011848 0.000004 37.956211  0.000061 -1.000000 -0.000003  0.403058 0.542468 0
0  -5.160818 -0.000562 0.070940  0.000035 -0.999999 -0.001618  0.440216 0.269290 0
0  -0.016479 -0.000007 0.097373  0.000034 -0.999999 -0.001070  0.403058 0.269388 0
door_01
0  -0.011848 0.000004 37.956211  0.000061 -1.000000 -0.000003  0.403058 0.542468 0
0  -5.156187 -0.000676 37.957474  0.000127 -1.000000 0.000001  0.440212 0.541954 0
0  -5.160818 -0.000562 0.070940  0.000035 -0.999999 -0.001618  0.440216 0.269290 0
door_01
0  -0.011066 -0.000021 44.353226  0.000061 -1.000000 0.000002  0.403058 0.587460 0
0  -5.156187 -0.000676 37.957474  0.000127 -1.000000 0.000001  0.440212 0.541954 0
0  -0.011848 0.000004 37.956211  0.000061 -1.000000 -0.000003  0.403058 0.542468 0
door_01
0  -0.011066 -0.000021 44.353226  0.000061 -1.000000 0.000002  0.403058 0.587460 0
0  -5.155404 -0.000578 44.354488  0.000113 -1.000000 0.000002  0.439621 0.587329 0
0  -5.156187 -0.000676 37.957474  0.000127 -1.000000 0.000001  0.440212 0.541954 0
door_01
0  -0.010284 -0.000045 50.750240  0.000061 -1.000000 -0.000006  0.403058 0.632480 0
0  -5.155404 -0.000578 44.354488  0.000113 -1.000000 0.000002  0.439621 0.587329 0
0  -0.011066 -0.000021 44.353226  0.000061 -1.000000 0.000002  0.403058 0.587460 0
door_01
0  -0.010284 -0.000045 50.750240  0.000061 -1.000000 -0.000006  0.403058 0.632480 0
0  -5.154623 -0.000724 50.751503  0.000132 -1.000000 -0.000010  0.439958 0.632651 0
0  -5.155404 -0.000578 44.354488  0.000113 -1.000000 0.000002  0.439621 0.587329 0
door_01
0  -5.148479 -0.000616 101.004898  -0.004663 -0.999989 0.000922  0.439104 0.985579 0
0  -5.154623 -0.000724 50.751503  0.000132 -1.000000 -0.000010  0.439958 0.632651 0
0  -0.010284 -0.000045 50.750240  0.000061 -1.000000 -0.000006  0.403058 0.632480 0
door_01
0  -5.148479 -0.000616 101.004898  -0.004663 -0.999989 0.000922  0.439104 0.985579 0
0  -0.010284 -0.000045 50.750240  0.000061 -1.000000 -0.000006  0.403058 0.632480 0
0  -0.004142 0.000064 101.004257  0.000061 -1.000000 0.000804  0.403094 0.985554 0
door_01
0  -5.148479 -0.000616 101.004898  -0.004663 -0.999989 0.000922  0.439104 0.985579 0
0  -0.004142 0.000064 101.004257  0.000061 -1.000000 0.000804  0.403094 0.985554 0
0  -0.004130 0.012967 101.106445  0.000067 -0.930011 0.367531  0.403099 0.986270 0
door_01
0  5.140190 0.000010 101.003647  -0.000013 -1.000000 0.000849  0.439104 0.985579 0
0  -0.004130 0.012967 101.106445  0.000067 -0.930011 0.367531  0.403099 0.986270 0
0  -0.004142 0.000064 101.004257  0.000061 -1.000000 0.000804  0.403094 0.985554 0
door_01
0  5.140190 0.000010 101.003647  -0.000013 -1.000000 0.000849  0.439104 0.985579 0
0  5.140197 0.067905 101.105827  0.005034 -0.929897 0.367785  0.439070 0.986432 0
0  -0.004130 0.012967 101.106445  0.000067 -0.930011 0.367531  0.403099 0.986270 0
door_01
0  -5.148479 -0.000616 101.004898  -0.004663 -0.999989 0.000922  0.439104 0.985579 0
0  -0.004130 0.012967 101.106445  0.000067 -0.930011 0.367531  0.403099 0.986270 0
0  -5.148471 0.067280 101.107079  -0.004811 -0.929860 0.367882  0.439070 0.986432 0
door_01
0  5.698923 4.561641 39.791500  0.004839 -0.674723 0.738055  0.475259 0.555044 0
0  5.698969 4.907930 40.160652  -0.003504 -0.759267 0.650769  0.477657 0.557701 0
0  5.229419 4.909062 40.159336  -0.003441 -0.759430 0.650579  0.475101 0.559651 0
door_01
0  5.698923 4.561641 39.791500  0.004839 -0.674723 0.738055  0.475259 0.555044 0
0  5.229419 4.909062 40.159336  -0.003441 -0.759430 0.650579  0.475101 0.559651 0
0  5.229441 4.561612 39.791500  0.004836 -0.674735 0.738044  0.472861 0.557172 0
door_01
0  5.698889 3.791904 39.134048  0.006522 -0.588477 0.808488  0.469952 0.550316 0
0  5.698923 4.561641 39.791500  0.004839 -0.674723 0.738055  0.475259 0.555044 0
0  5.229441 4.561612 39.791500  0.004836 -0.674735 0.738044  0.472861 0.557172 0
door_01
0  5.698889 3.791904 39.134048  0.006522 -0.588477 0.808488  0.469952 0.550316 0
0  5.229441 4.561612 39.791500  0.004836 -0.674735 0.738044  0.472861 0.557172 0
0  5.229601 3.786489 39.139484  0.006541 -0.588273 0.808636  0.467775 0.552651 0
door_01
0  5.698877 2.928899 38.605122  0.000391 -0.476088 0.879398  0.463962 0.546364 0
0  5.698889 3.791904 39.134048  0.006522 -0.588477 0.808488  0.469952 0.550316 0
0  5.229601 3.786489 39.139484  0.006541 -0.588273 0.808636  0.467775 0.552651 0
door_01
0  5.698877 2.928899 38.605122  0.000391 -0.476088 0.879398  0.463962 0.546364 0
0  5.229601 3.786489 39.139484  0.006541 -0.588273 0.808636  0.467775 0.552651 0
0  5.229723 2.930229 38.602451  0.000368 -0.476064 0.879410  0.462032 0.548735 0
door_01
0  5.229723 2.930229 38.602451  0.000368 -0.476064 0.879410  0.462032 0.548735 0
0  5.698882 2.271385 38.316494  -0.004779 -0.340821 0.940116  0.459311 0.544103 0
0  5.698877 2.928899 38.605122  0.000391 -0.476088 0.879398  0.463962 0.546364 0
door_01
0  5.229723 2.930229 38.602451  0.000368 -0.476064 0.879410  0.462032 0.548735 0
0  5.229673 2.273097 38.314537  -0.004778 -0.341200 0.939979  0.457507 0.546392 0
0  5.698882 2.271385 38.316494  -0.004779 -0.340821 0.940116  0.459311 0.544103 0
door_01
0  5.698882 2.271385 38.316494  -0.004779 -0.340821 0.940116  0.459311 0.544103 0
0  5.229673 2.273097 38.314537  -0.004778 -0.341200 0.939979  0.457507 0.546392 0
0  5.229571 1.580940 38.114155  -0.002048 -0.221309 0.975202  0.452548 0.544375 0
door_01
0  5.698882 2.271385 38.316494  -0.004779 -0.340821 0.940116  0.459311 0.544103 0
0  5.229571 1.580940 38.114155  -0.002048 -0.221309 0.975202  0.452548 0.544375 0
0  5.698899 1.580769 38.115021  -0.001887 -0.221356 0.975191  0.454453 0.542430 0
door_01
0  5.698934 0.688949 37.956203  -0.001259 -0.174993 0.984569  0.448881 0.541675 0
0  5.698899 1.580769 38.115021  -0.001887 -0.221356 0.975191  0.454453 0.542430 0
0  5.229571 1.580940 38.114155  -0.002048 -0.221309 0.975202  0.452548 0.544375 0
door_01
0  5.698934 0.688949 37.956203  -0.001259 -0.174993 0.984569  0.448881 0.541675 0
0  5.229571 1.580940 38.114155  -0.002048 -0.221309 0.975202  0.452548 0.544375 0
0  5.229452 0.688920 37.956203  -0.001280 -0.175005 0.984567  0.445656 0.541888 0
door_01
0  5.229658 6.432992 43.846672  -0.004657 -0.997010 0.077130  0.484759 0.583931 0
0  5.698877 6.451254 44.353218  -0.000313 -0.999997 0.002300  0.488085 0.587243 0
0  5.229640 6.451225 44.353222  -0.000129 -0.999997 0.002372  0.484855 0.587240 0
door_01
0  5.229658 6.432992 43.846672  -0.004657 -0.997010 0.077130  0.484759 0.583931 0
0  5.698816 6.430242 43.847221  -0.004532 -0.997025 0.076945  0.487969 0.583697 0
0  5.698877 6.451254 44.353218  -0.000313 -0.999997 0.002300  0.488085 0.587243 0
door_01
0  5.698759 6.371726 43.344021  -0.002168 -0.988388 0.151933  0.487590 0.580173 0
0  5.698816 6.430242 43.847221  -0.004532 -0.997025 0.076945  0.487969 0.583697 0
0  5.229658 6.432992 43.846672  -0.004657 -0.997010 0.077130  0.484759 0.583931 0
door_01
0  5.698759 6.371726 43.344021  -0.002168 -0.988388 0.151933  0.487590 0.580173 0
0  5.229658 6.432992 43.846672  -0.004657 -0.997010 0.077130  0.484759 0.583931 0
0  5.229685 6.374763 43.343533  -0.001926 -0.988420 0.151733  0.484408 0.580644 0
door_01
0  5.229684 6.275429 42.846966  0.004405 -0.972040 0.234776  0.483794 0.577396 0
0  5.698759 6.371726 43.344021  -0.002168 -0.988388 0.151933  0.487590 0.580173 0
0  5.229685 6.374763 43.343533  -0.001926 -0.988420 0.151733  0.484408 0.580644 0
door_01
0  5.229684 6.275429 42.846966  0.004405 -0.972040 0.234776  0.483794 0.577396 0
0  5.698824 6.280524 42.845379  0.004100 -0.972021 0.234861  0.486957 0.576677 0
0  5.698759 6.371726 43.344021  -0.002168 -0.988388 0.151933  0.487590 0.580173 0
door_01
0  5.698896 6.135457 42.359676  0.004795 -0.949785 0.312866  0.486004 0.573256 0
0  5.698824 6.280524 42.845379  0.004100 -0.972021 0.234861  0.486957 0.576677 0
0  5.229684 6.275429 42.846966  0.004405 -0.972040 0.234776  0.483794 0.577396 0
door_01
0  5.698896 6.135457 42.359676  0.004795 -0.949785 0.312866  0.486004 0.573256 0
0  5.229684 6.275429 42.846966  0.004405 -0.972040 0.234776  0.483794 0.577396 0
0  5.229659 6.135428 42.359676  0.005064 -0.949774 0.312896  0.482916 0.574202 0
door_01
0  5.229621 5.958884 41.884109  0.004568 -0.923847 0.382735  0.481803 0.571077 0
0  5.698896 6.135457 42.359676  0.004795 -0.949785 0.312866  0.486004 0.573256 0
0  5.229659 6.135428 42.359676  0.005064 -0.949774 0.312896  0.482916 0.574202 0
door_01
0  5.229621 5.958884 41.884109  0.004568 -0.923847 0.382735  0.481803 0.571077 0
0  5.698848 5.962696 41.882694  0.004433 -0.923851 0.382726  0.484826 0.569907 0
0  5.698896 6.135457 42.359676  0.004795 -0.949785 0.312866  0.486004 0.573256 0
door_01
0  5.698804 5.748065 41.424419  0.003224 -0.891755 0.452507  0.483388 0.566665 0
0  5.698848 5.962696 41.882694  0.004433 -0.923851 0.382726  0.484826 0.569907 0
0  5.229621 5.958884 41.884109  0.004568 -0.923847 0.382735  0.481803 0.571077 0
door_01
0  5.698804 5.748065 41.424419  0.003224 -0.891755 0.452507  0.483388 0.566665 0
0  5.229621 5.958884 41.884109  0.004568 -0.923847 0.382735  0.481803 0.571077 0
0  5.229567 5.748035 41.424416  0.003278 -0.891739 0.452537  0.480467 0.568048 0
door_01
0  5.229507 5.501525 40.981014  0.000970 -0.853330 0.521370  0.478897 0.565116 0
0  5.698804 5.748065 41.424419  0.003224 -0.891755 0.452507  0.483388 0.566665 0
0  5.229567 5.748035 41.424416  0.003278 -0.891739 0.452537  0.480467 0.568048 0
door_01
0  5.229507 5.501525 40.981014  0.000970 -0.853330 0.521370  0.478897 0.565116 0
0  5.698889 5.503522 40.979984  0.000643 -0.853399 0.521259  0.481726 0.563522 0
0  5.698804 5.748065 41.424419  0.003224 -0.891755 0.452507  0.483388 0.566665 0
door_01
0  5.698977 5.219063 40.561275  -0.003127 -0.810080 0.586311  0.479803 0.560541 0
0  5.698889 5.503522 40.979984  0.000643 -0.853399 0.521259  0.481726 0.563522 0
0  5.229507 5.501525 40.981014  0.000970 -0.853330 0.521370  0.478897 0.565116 0
door_01
0  5.698977 5.219063 40.561275  -0.003127 -0.810080 0.586311  0.479803 0.560541 0
0  5.229507 5.501525 40.981014  0.000970 -0.853330 0.521370  0.478897 0.565116 0
0  5.229453 5.221598 40.559589  -0.002981 -0.810032 0.586378  0.477106 0.562320 0
door_01
0  5.229419 4.909062 40.159336  -0.003441 -0.759430 0.650579  0.475101 0.559651 0
0  5.698977 5.219063 40.561275  -0.003127 -0.810080 0.586311  0.479803 0.560541 0
0  5.229453 5.221598 40.559589  -0.002981 -0.810032 0.586378  0.477106 0.562320 0
door_01
0  5.229419 4.909062 40.159336  -0.003441 -0.759430 0.650579  0.475101 0.559651 0
0  5.698969 4.907930 40.160652  -0.003504 -0.759267 0.650769  0.477657 0.557701 0
0  5.698977 5.219063 40.561275  -0.003127 -0.810080 0.586311  0.479803 0.560541 0
door_01
0  5.698926 5.219089 48.145168  0.003616 -0.808029 -0.589131  0.479461 0.613859 0
0  5.698873 4.907449 48.545399  -0.000773 -0.761295 -0.648406  0.477298 0.616683 0
0  5.229419 4.906841 48.545319  -0.000880 -0.761323 -0.648372  0.474757 0.614752 0
door_01
0  5.698926 5.219089 48.145168  0.003616 -0.808029 -0.589131  0.479461 0.613859 0
0  5.229419 4.906841 48.545319  -0.000880 -0.761323 -0.648372  0.474757 0.614752 0
0  5.229445 5.219061 48.145161  0.003863 -0.807903 -0.589302  0.476791 0.612091 0
door_01
0  5.229491 5.501862 47.724388  0.005879 -0.851865 -0.523728  0.478633 0.609310 0
0  5.698926 5.219089 48.145168  0.003616 -0.808029 -0.589131  0.479461 0.613859 0
0  5.229445 5.219061 48.145161  0.003863 -0.807903 -0.589302  0.476791 0.612091 0
door_01
0  5.229491 5.501862 47.724388  0.005879 -0.851865 -0.523728  0.478633 0.609310 0
0  5.698857 5.507276 47.728069  0.005518 -0.851814 -0.523815  0.481439 0.610902 0
0  5.698926 5.219089 48.145168  0.003616 -0.808029 -0.589131  0.479461 0.613859 0
door_01
0  5.698789 5.748194 47.282017  0.001480 -0.892248 -0.451543  0.483142 0.607782 0
0  5.698857 5.507276 47.728069  0.005518 -0.851814 -0.523815  0.481439 0.610902 0
0  5.229491 5.501862 47.724388  0.005879 -0.851865 -0.523728  0.478633 0.609310 0
door_01
0  5.698789 5.748194 47.282017  0.001480 -0.892248 -0.451543  0.483142 0.607782 0
0  5.229491 5.501862 47.724388  0.005879 -0.851865 -0.523728  0.478633 0.609310 0
0  5.229551 5.750714 47.283318  0.001924 -0.892294 -0.451451  0.480250 0.606407 0
door_01
0  5.229610 5.960688 46.821774  0.001553 -0.924446 -0.381311  0.481617 0.603381 0
0  5.698789 5.748194 47.282017  0.001480 -0.892248 -0.451543  0.483142 0.607782 0
0  5.229551 5.750714 47.283318  0.001924 -0.892294 -0.451451  0.480250 0.606407 0
door_01
0  5.229610 5.960688 46.821774  0.001553 -0.924446 -0.381311  0.481617 0.603381 0
0  5.698843 5.963234 46.822586  0.001419 -0.924475 -0.381241  0.484625 0.604556 0
0  5.698789 5.748194 47.282017  0.001480 -0.892248 -0.451543  0.483142 0.607782 0
door_01
0  5.698895 6.135458 46.346767  0.002206 -0.950664 -0.310215  0.485835 0.601226 0
0  5.698843 5.963234 46.822586  0.001419 -0.924475 -0.381241  0.484625 0.604556 0
0  5.229610 5.960688 46.821774  0.001553 -0.924446 -0.381311  0.481617 0.603381 0
door_01
0  5.698895 6.135458 46.346767  0.002206 -0.950664 -0.310215  0.485835 0.601226 0
0  5.229610 5.960688 46.821774  0.001553 -0.924446 -0.381311  0.481617 0.603381 0
0  5.229658 6.135429 46.346767  0.002173 -0.950662 -0.310221  0.482756 0.600271 0
door_01
0  5.229684 6.275352 45.858940  0.000560 -0.972098 -0.234574  0.483672 0.597080 0
0  5.698895 6.135458 46.346767  0.002206 -0.950664 -0.310215  0.485835 0.601226 0
0  5.229658 6.135429 46.346767  0.002173 -0.950662 -0.310221  0.482756 0.600271 0
door_01
0  5.229684 6.275352 45.858940  0.000560 -0.972098 -0.234574  0.483672 0.597080 0
0  5.698827 6.276845 45.859604  0.000374 -0.972073 -0.234679  0.486813 0.597808 0
0  5.698895 6.135458 46.346767  0.002206 -0.950664 -0.310215  0.485835 0.601226 0
door_01
0  5.698762 6.371848 45.362419  -0.000901 -0.987749 -0.156047  0.487500 0.594325 0
0  5.698827 6.276845 45.859604  0.000374 -0.972073 -0.234679  0.486813 0.597808 0
0  5.229684 6.275352 45.858940  0.000560 -0.972098 -0.234574  0.483672 0.597080 0
door_01
0  5.698762 6.371848 45.362419  -0.000901 -0.987749 -0.156047  0.487500 0.594325 0
0  5.229684 6.275352 45.858940  0.000560 -0.972098 -0.234574  0.483672 0.597080 0
0  5.229685 6.374306 45.362682  -0.000748 -0.987748 -0.156055  0.484323 0.593837 0
door_01
0  5.229660 6.433036 44.859077  0.001090 -0.997012 -0.077235  0.484718 0.590546 0
0  5.698762 6.371848 45.362419  -0.000901 -0.987749 -0.156047  0.487500 0.594325 0
0  5.229685 6.374306 45.362682  -0.000748 -0.987748 -0.156055  0.484323 0.593837 0
door_01
0  5.229660 6.433036 44.859077  0.001090 -0.997012 -0.077235  0.484718 0.590546 0
0  5.698818 6.435124 44.859112  0.000984 -0.997018 -0.077165  0.487941 0.590793 0
0  5.698762 6.371848 45.362419  -0.000901 -0.987749 -0.156047  0.487500 0.594325 0
door_01
0  5.698877 6.451254 44.353218  -0.000313 -0.999997 0.002300  0.488085 0.587243 0
0  5.698818 6.435124 44.859112  0.000984 -0.997018 -0.077165  0.487941 0.590793 0
0  5.229660 6.433036 44.859077  0.001090 -0.997012 -0.077235  0.484718 0.590546 0
door_01
0  5.698877 6.451254 44.353218  -0.000313 -0.999997 0.002300  0.488085 0.587243 0
0  5.229660 6.433036 44.859077  0.001090 -0.997012 -0.077235  0.484718 0.590546 0
0  5.229640 6.451225 44.353222  -0.000129 -0.999997 0.002372  0.484855 0.587240 0
door_01
0  5.698789 0.688900 50.750237  0.050430 -0.184632 -0.981513  0.447891 0.632806 0
0  5.299072 0.654850 50.728073  0.050397 -0.184651 -0.981511  0.445118 0.632528 0
0  5.264256 1.324214 50.608395  0.031994 -0.185289 -0.982163  0.450353 0.630504 0
door_01
0  5.698789 0.688900 50.750237  0.050430 -0.184632 -0.981513  0.447891 0.632806 0
0  5.264256 1.324214 50.608395  0.031994 -0.185289 -0.982163  0.450353 0.630504 0
0  5.698854 1.341252 50.619484  0.031969 -0.185263 -0.982169  0.452086 0.632249 0
door_01
0  5.698854 1.341252 50.619484  0.031969 -0.185263 -0.982169  0.452086 0.632249 0
0  5.264256 1.324214 50.608395  0.031994 -0.185289 -0.982163  0.450353 0.630504 0
0  5.229439 1.993576 50.488720  0.007684 -0.254613 -0.967013  0.455206 0.628876 0
door_01
0  5.698854 1.341252 50.619484  0.031969 -0.185263 -0.982169  0.452086 0.632249 0
0  5.229439 1.993576 50.488720  0.007684 -0.254613 -0.967013  0.455206 0.628876 0
0  5.698922 1.993604 50.488720  0.007823 -0.253305 -0.967355  0.456768 0.631021 0
door_01
0  5.229489 2.462794 50.320923  -0.002389 -0.381461 -0.924382  0.458470 0.627365 0
0  5.698922 1.993604 50.488720  0.007823 -0.253305 -0.967355  0.456768 0.631021 0
0  5.229439 1.993576 50.488720  0.007684 -0.254613 -0.967013  0.455206 0.628876 0
door_01
0  5.229489 2.462794 50.320923  -0.002389 -0.381461 -0.924382  0.458470 0.627365 0
0  5.698872 2.469323 50.316418  -0.002256 -0.382262 -0.924051  0.460205 0.629633 0
0  5.698922 1.993604 50.488720  0.007823 -0.253305 -0.967355  0.456768 0.631021 0
door_01
0  5.698816 2.928686 50.101315  -0.001560 -0.450273 -0.892889  0.463484 0.627980 0
0  5.698872 2.469323 50.316418  -0.002256 -0.382262 -0.924051  0.460205 0.629633 0
0  5.229489 2.462794 50.320923  -0.002389 -0.381461 -0.924382  0.458470 0.627365 0
door_01
0  5.698816 2.928686 50.101315  -0.001560 -0.450273 -0.892889  0.463484 0.627980 0
0  5.229489 2.462794 50.320923  -0.002389 -0.381461 -0.924382  0.458470 0.627365 0
0  5.229576 2.915367 50.108727  -0.002204 -0.449191 -0.893433  0.461563 0.625669 0
door_01
0  5.229534 3.368263 49.864487  -0.000098 -0.521691 -0.853135  0.464614 0.623832 0
0  5.698816 2.928686 50.101315  -0.001560 -0.450273 -0.892889  0.463484 0.627980 0
0  5.229576 2.915367 50.108727  -0.002204 -0.449191 -0.893433  0.461563 0.625669 0
door_01
0  5.229534 3.368263 49.864487  -0.000098 -0.521691 -0.853135  0.464614 0.623832 0
0  5.698882 3.374823 49.860474  -0.000608 -0.522210 -0.852817  0.466631 0.626145 0
0  5.698816 2.928686 50.101315  -0.001560 -0.450273 -0.892889  0.463484 0.627980 0
door_01
0  5.698945 3.792000 49.572384  -0.000831 -0.593648 -0.804724  0.469562 0.624046 0
0  5.698882 3.374823 49.860474  -0.000608 -0.522210 -0.852817  0.466631 0.626145 0
0  5.229534 3.368263 49.864487  -0.000098 -0.521691 -0.853135  0.464614 0.623832 0
door_01
0  5.698945 3.792000 49.572384  -0.000831 -0.593648 -0.804724  0.469562 0.624046 0
0  5.229534 3.368263 49.864487  -0.000098 -0.521691 -0.853135  0.464614 0.623832 0
0  5.229462 3.791972 49.572384  -0.000898 -0.593710 -0.804679  0.467436 0.621751 0
door_01
0  5.229425 4.190763 49.259518  -0.003402 -0.648087 -0.761559  0.470071 0.619579 0
0  5.698945 3.792000 49.572384  -0.000831 -0.593648 -0.804724  0.469562 0.624046 0
0  5.229462 3.791972 49.572384  -0.000898 -0.593710 -0.804679  0.467436 0.621751 0
door_01
0  5.229425 4.190763 49.259518  -0.003402 -0.648087 -0.761559  0.470071 0.619579 0
0  5.698882 4.189281 49.258022  -0.003863 -0.648406 -0.761285  0.472327 0.621776 0
0  5.698945 3.792000 49.572384  -0.000831 -0.593648 -0.804724  0.469562 0.624046 0
door_01
0  5.229414 4.563847 48.917000  -0.003969 -0.705302 -0.708896  0.472518 0.617247 0
0  5.698882 4.189281 49.258022  -0.003863 -0.648406 -0.761285  0.472327 0.621776 0
0  5.229425 4.190763 49.259518  -0.003402 -0.648087 -0.761559  0.470071 0.619579 0
door_01
0  5.229414 4.563847 48.917000  -0.003969 -0.705302 -0.708896  0.472518 0.617247 0
0  5.698817 4.561816 48.914940  -0.004445 -0.705612 -0.708584  0.474910 0.619320 0
0  5.698882 4.189281 49.258022  -0.003863 -0.648406 -0.761285  0.472327 0.621776 0
door_01
0  5.229419 4.906841 48.545319  -0.000880 -0.761323 -0.648372  0.474757 0.614752 0
0  5.698817 4.561816 48.914940  -0.004445 -0.705612 -0.708584  0.474910 0.619320 0
0  5.229414 4.563847 48.917000  -0.003969 -0.705302 -0.708896  0.472518 0.617247 0
door_01
0  5.229419 4.906841 48.545319  -0.000880 -0.761323 -0.648372  0.474757 0.614752 0
0  5.698873 4.907449 48.545399  -0.000773 -0.761295 -0.648406  0.477298 0.616683 0
0  5.698817 4.561816 48.914940  -0.004445 -0.705612 -0.708584  0.474910 0.619320 0
door_01
0  5.659449 3.306947 48.905254  1.000000 0.000432 0.000418  0.831917 0.184347 0
0  5.659397 1.837987 47.960770  1.000000 0.000053 -0.000137  0.809815 0.170275 0
0  5.659324 2.379732 47.628845  1.000000 0.000051 -0.000135  0.818009 0.165239 0
door_01
0  5.659449 3.306947 48.905254  1.000000 0.000432 0.000418  0.831917 0.184347 0
0  5.659551 2.554156 49.366516  1.000000 0.000301 0.000383  0.820570 0.191334 0
0  5.659397 1.837987 47.960770  1.000000 0.000053 -0.000137  0.809815 0.170275 0
door_01
0  5.659551 2.554156 49.366516  1.000000 0.000301 0.000383  0.820570 0.191334 0
0  5.659463 1.251012 48.203873  1.000000 0.000055 -0.000137  0.800936 0.173972 0
0  5.659397 1.837987 47.960770  1.000000 0.000053 -0.000137  0.809815 0.170275 0
door_01
0  5.659551 2.554156 49.366516  1.000000 0.000301 0.000383  0.820570 0.191334 0
0  5.659641 1.738416 49.704327  1.000000 0.000246 0.000506  0.808272 0.196439 0
0  5.659463 1.251012 48.203873  1.000000 0.000055 -0.000137  0.800936 0.173972 0
door_01
0  5.659641 1.738416 49.704327  1.000000 0.000246 0.000506  0.808272 0.196439 0
0  5.659518 0.633229 48.352142  1.000000 0.000007 -0.000555  0.791598 0.176235 0
0  5.659463 1.251012 48.203873  1.000000 0.000055 -0.000137  0.800936 0.173972 0
door_01
0  5.659641 1.738416 49.704327  1.000000 0.000246 0.000506  0.808272 0.196439 0
0  5.659719 0.879944 49.910393  1.000000 0.000116 0.000535  0.795325 0.199567 0
0  5.659518 0.633229 48.352142  1.000000 0.000007 -0.000555  0.791598 0.176235 0
door_01
0  5.659719 0.879944 49.910393  1.000000 0.000116 0.000535  0.795325 0.199567 0
0  5.655144 0.005356 48.403709  1.000000 0.000023 -0.000505  0.782062 0.176981 0
0  5.659518 0.633229 48.352142  1.000000 0.000007 -0.000555  0.791598 0.176235 0
door_01
0  5.659719 0.879944 49.910393  1.000000 0.000116 0.000535  0.795325 0.199567 0
0  5.654677 0.004893 49.977551  1.000000 0.000104 0.000544  0.782064 0.200606 0
0  5.655144 0.005356 48.403709  1.000000 0.000023 -0.000505  0.782062 0.176981 0
door_01
0  5.658475 5.013464 41.799149  1.000000 0.000350 -0.000260  0.857601 0.077140 0
0  5.658682 3.850772 43.102264  1.000000 0.000047 -0.000117  0.840245 0.096709 0
0  5.658625 3.607698 42.515289  1.000000 -0.000250 0.000040  0.836571 0.087826 0
door_01
0  5.658475 5.013464 41.799149  1.000000 0.000350 -0.000260  0.857601 0.077140 0
0  5.658555 5.351275 42.614841  1.000000 0.000046 -0.000118  0.862682 0.089451 0
0  5.658682 3.850772 43.102264  1.000000 0.000047 -0.000117  0.840245 0.096709 0
door_01
0  5.658555 5.351275 42.614841  1.000000 0.000046 -0.000118  0.862682 0.089451 0
0  5.658748 3.999042 43.720043  1.000000 0.000046 -0.000119  0.842486 0.106062 0
0  5.658682 3.850772 43.102264  1.000000 0.000047 -0.000117  0.840245 0.096709 0
door_01
0  5.658555 5.351275 42.614841  1.000000 0.000046 -0.000118  0.862682 0.089451 0
0  5.658648 5.557323 43.473354  1.000000 0.000520 -0.000183  0.865778 0.102391 0
0  5.658748 3.999042 43.720043  1.000000 0.000046 -0.000119  0.842486 0.106062 0
door_01
0  5.658648 5.557323 43.473354  1.000000 0.000520 -0.000183  0.865778 0.102391 0
0  5.658822 4.048900 44.353420  1.000000 0.000045 -0.000122  0.843240 0.115652 0
0  5.658748 3.999042 43.720043  1.000000 0.000046 -0.000119  0.842486 0.106062 0
door_01
0  5.658648 5.557323 43.473354  1.000000 0.000520 -0.000183  0.865778 0.102391 0
0  5.658751 5.626560 44.353516  1.000000 0.000525 -0.000109  0.866818 0.115652 0
0  5.658822 4.048900 44.353420  1.000000 0.000045 -0.000122  0.843240 0.115652 0
door_01
0  5.658751 5.626560 44.353516  1.000000 0.000525 -0.000109  0.866818 0.115652 0
0  5.658902 3.998966 44.986782  1.000000 0.000045 -0.000126  0.842487 0.125241 0
0  5.658822 4.048900 44.353420  1.000000 0.000045 -0.000122  0.843240 0.115652 0
door_01
0  5.658751 5.626560 44.353516  1.000000 0.000525 -0.000109  0.866818 0.115652 0
0  5.658864 5.557215 45.233681  1.000000 0.000517 -0.000038  0.865778 0.128912 0
0  5.658902 3.998966 44.986782  1.000000 0.000045 -0.000126  0.842487 0.125241 0
door_01
0  5.658864 5.557215 45.233681  1.000000 0.000517 -0.000038  0.865778 0.128912 0
0  5.658988 3.850620 45.604546  1.000000 -0.000273 -0.000233  0.840245 0.134594 0
0  5.658902 3.998966 44.986782  1.000000 0.000045 -0.000126  0.842487 0.125241 0
door_01
0  5.658864 5.557215 45.233681  1.000000 0.000517 -0.000038  0.865778 0.128912 0
0  5.658980 5.351063 46.092171  1.000000 0.000499 0.000033  0.862682 0.141853 0
0  5.658988 3.850620 45.604546  1.000000 -0.000273 -0.000233  0.840245 0.134594 0
door_01
0  5.658980 5.351063 46.092171  1.000000 0.000499 0.000033  0.862682 0.141853 0
0  5.659074 3.607474 46.191498  1.000000 0.000047 -0.000129  0.836571 0.143477 0
0  5.658988 3.850620 45.604546  1.000000 -0.000273 -0.000233  0.840245 0.134594 0
door_01
0  5.658980 5.351063 46.092171  1.000000 0.000499 0.000033  0.862682 0.141853 0
0  5.659100 5.013152 46.907837  1.000000 0.000469 0.000100  0.857601 0.154163 0
0  5.659074 3.607474 46.191498  1.000000 0.000047 -0.000129  0.836571 0.143477 0
door_01
0  5.659100 5.013152 46.907837  1.000000 0.000469 0.000100  0.857601 0.154163 0
0  5.659161 3.275478 46.733185  1.000000 0.000049 -0.000131  0.831553 0.151673 0
0  5.659074 3.607474 46.191498  1.000000 0.000047 -0.000129  0.836571 0.143477 0
door_01
0  5.659100 5.013152 46.907837  1.000000 0.000469 0.000100  0.857601 0.154163 0
0  5.659220 4.551805 47.660583  1.000000 0.000315 0.000073  0.850659 0.165533 0
0  5.659161 3.275478 46.733185  1.000000 0.000049 -0.000131  0.831553 0.151673 0
door_01
0  5.659220 4.551805 47.660583  1.000000 0.000315 0.000073  0.850659 0.165533 0
0  5.659245 2.862858 47.216263  1.000000 0.000050 -0.000133  0.825315 0.158987 0
0  5.659161 3.275478 46.733185  1.000000 0.000049 -0.000131  0.831553 0.151673 0
door_01
0  5.659220 4.551805 47.660583  1.000000 0.000315 0.000073  0.850659 0.165533 0
0  5.659338 3.978338 48.331894  1.000000 0.000446 0.000283  0.842029 0.175668 0
0  5.659245 2.862858 47.216263  1.000000 0.000050 -0.000133  0.825315 0.158987 0
door_01
0  5.659338 3.978338 48.331894  1.000000 0.000446 0.000283  0.842029 0.175668 0
0  5.659324 2.379732 47.628845  1.000000 0.000051 -0.000135  0.818009 0.165239 0
0  5.659245 2.862858 47.216263  1.000000 0.000050 -0.000133  0.825315 0.158987 0
door_01
0  5.659338 3.978338 48.331894  1.000000 0.000446 0.000283  0.842029 0.175668 0
0  5.659449 3.306947 48.905254  1.000000 0.000432 0.000418  0.831917 0.184347 0
0  5.659324 2.379732 47.628845  1.000000 0.000051 -0.000135  0.818009 0.165239 0
door_01
0  5.653184 0.005579 38.728828  1.000000 0.000107 -0.000789  0.782064 0.030697 0
0  5.658541 0.633716 40.354286  1.000000 -0.000002 0.000259  0.791598 0.055068 0
0  5.653633 0.005606 40.305481  1.000000 0.000001 0.000308  0.782063 0.054322 0
door_01
0  5.653184 0.005579 38.728828  1.000000 0.000107 -0.000789  0.782064 0.030697 0
0  5.658360 0.880622 38.796070  1.000000 0.000178 -0.000778  0.795325 0.031736 0
0  5.658541 0.633716 40.354286  1.000000 -0.000002 0.000259  0.791598 0.055068 0
door_01
0  5.658360 0.880622 38.796070  1.000000 0.000178 -0.000778  0.795325 0.031736 0
0  5.658522 1.251482 40.502628  1.000000 0.000056 -0.000108  0.800936 0.057332 0
0  5.658541 0.633716 40.354286  1.000000 -0.000002 0.000259  0.791598 0.055068 0
door_01
0  5.658360 0.880622 38.796070  1.000000 0.000178 -0.000778  0.795325 0.031736 0
0  5.658333 1.739069 39.002228  1.000000 0.000280 -0.000741  0.808272 0.034864 0
0  5.658522 1.251482 40.502628  1.000000 0.000056 -0.000108  0.800936 0.057332 0
door_01
0  5.658333 1.739069 39.002228  1.000000 0.000280 -0.000741  0.808272 0.034864 0
0  5.658516 1.838427 40.745800  1.000000 0.000054 -0.000109  0.809815 0.061028 0
0  5.658522 1.251482 40.502628  1.000000 0.000056 -0.000108  0.800936 0.057332 0
door_01
0  5.658333 1.739069 39.002228  1.000000 0.000280 -0.000741  0.808272 0.034864 0
0  5.658325 2.554768 39.340149  1.000000 0.000373 -0.000698  0.820570 0.039970 0
0  5.658516 1.838427 40.745800  1.000000 0.000054 -0.000109  0.809815 0.061028 0
door_01
0  5.658325 2.554768 39.340149  1.000000 0.000373 -0.000698  0.820570 0.039970 0
0  5.658523 2.380131 41.077789  1.000000 0.000051 -0.000110  0.818009 0.066065 0
0  5.658516 1.838427 40.745800  1.000000 0.000054 -0.000109  0.809815 0.061028 0
door_01
0  5.658325 2.554768 39.340149  1.000000 0.000373 -0.000698  0.820570 0.039970 0
0  5.658336 3.307502 39.801514  1.000000 0.000459 -0.000643  0.831917 0.046956 0
0  5.658523 2.380131 41.077789  1.000000 0.000051 -0.000110  0.818009 0.066065 0
door_01
0  5.658336 3.307502 39.801514  1.000000 0.000459 -0.000643  0.831917 0.046956 0
0  5.658545 2.863207 41.490433  1.000000 0.000049 -0.000111  0.825315 0.072316 0
0  5.658523 2.380131 41.077789  1.000000 0.000051 -0.000110  0.818009 0.066065 0
door_01
0  5.658336 3.307502 39.801514  1.000000 0.000459 -0.000643  0.831917 0.046956 0
0  5.658365 3.978823 40.374939  1.000000 0.000468 -0.000507  0.842029 0.055635 0
0  5.658545 2.863207 41.490433  1.000000 0.000049 -0.000111  0.825315 0.072316 0
door_01
0  5.658365 3.978823 40.374939  1.000000 0.000468 -0.000507  0.842029 0.055635 0
0  5.658579 3.275768 41.973564  1.000000 0.000048 -0.000113  0.831553 0.079630 0
0  5.658545 2.863207 41.490433  1.000000 0.000049 -0.000111  0.825315 0.072316 0
door_01
0  5.658365 3.978823 40.374939  1.000000 0.000468 -0.000507  0.842029 0.055635 0
0  5.658412 4.552207 41.046326  1.000000 0.000444 -0.000385  0.850659 0.065770 0
0  5.658579 3.275768 41.973564  1.000000 0.000048 -0.000113  0.831553 0.079630 0
door_01
0  5.658412 4.552207 41.046326  1.000000 0.000444 -0.000385  0.850659 0.065770 0
0  5.658625 3.607698 42.515289  1.000000 -0.000250 0.000040  0.836571 0.087826 0
0  5.658579 3.275768 41.973564  1.000000 0.000048 -0.000113  0.831553 0.079630 0
door_01
0  5.658412 4.552207 41.046326  1.000000 0.000444 -0.000385  0.850659 0.065770 0
0  5.658475 5.013464 41.799149  1.000000 0.000350 -0.000260  0.857601 0.077140 0
0  5.658625 3.607698 42.515289  1.000000 -0.000250 0.000040  0.836571 0.087826 0
door_01
0  6.209941 33.357788 90.266129  1.000000 0.000310 -0.000219  0.677885 0.910717 0
0  6.211661 29.558851 92.744865  1.000000 -0.000018 -0.000023  0.651307 0.928043 0
0  6.210095 14.417604 64.197510  1.000000 0.000156 -0.000121  0.545648 0.727474 0
door_01
0  6.293192 5.172526 100.884941  0.999999 0.000298 -0.001699  0.479960 0.984804 0
0  6.210035 1.285888 101.003593  0.999771 -0.021390 0.000015  0.452873 0.985598 0
0  6.210045 1.250669 51.244743  1.000000 0.000070 -0.000153  0.453128 0.636373 0
door_01
0  6.293192 5.172526 100.884941  0.999999 0.000298 -0.001699  0.479960 0.984804 0
0  6.210045 1.250669 51.244743  1.000000 0.000070 -0.000153  0.453128 0.636373 0
0  6.210022 8.876547 100.405838  0.999955 0.009356 -0.001451  0.505804 0.981500 0
door_01
0  6.210022 8.876547 100.405838  0.999955 0.009356 -0.001451  0.505804 0.981500 0
0  6.210045 1.250669 51.244743  1.000000 0.000070 -0.000153  0.453128 0.636373 0
0  6.210003 1.709172 51.134655  1.000000 0.000086 -0.000016  0.456302 0.635656 0
door_01
0  6.210022 8.876547 100.405838  0.999955 0.009356 -0.001451  0.505804 0.981500 0
0  6.210003 1.709172 51.134655  1.000000 0.000086 -0.000016  0.456302 0.635656 0
0  6.209953 13.245740 99.559372  1.000000 0.000010 -0.000002  0.536366 0.975651 0
door_01
0  6.209953 13.245740 99.559372  1.000000 0.000010 -0.000002  0.536366 0.975651 0
0  6.210003 1.709172 51.134655  1.000000 0.000086 -0.000016  0.456302 0.635656 0
0  6.209961 2.167675 51.024582  1.000000 -0.000017 0.000010  0.459491 0.634921 0
door_01
0  6.209953 13.245740 99.559372  1.000000 0.000010 -0.000002  0.536366 0.975651 0
0  6.209961 2.167675 51.024582  1.000000 -0.000017 0.000010  0.459491 0.634921 0
0  6.209935 17.538063 98.326920  1.000000 -0.000002 0.000002  0.566501 0.967090 0
door_01
0  6.209935 17.538063 98.326920  1.000000 -0.000002 0.000002  0.566501 0.967090 0
0  6.209961 2.167675 51.024582  1.000000 -0.000017 0.000010  0.459491 0.634921 0
0  6.210031 2.685019 50.837227  1.000000 -0.000104 0.000044  0.463106 0.633638 0
door_01
0  6.209935 17.538063 98.326920  1.000000 -0.000002 0.000002  0.566501 0.967090 0
0  6.210031 2.685019 50.837227  1.000000 -0.000104 0.000044  0.463106 0.633638 0
0  6.209969 21.759726 96.872681  1.000000 -0.000006 0.000004  0.596229 0.956954 0
door_01
0  6.210031 2.685019 50.837227  1.000000 -0.000104 0.000044  0.463106 0.633638 0
0  6.209996 25.763247 94.919960  1.000000 -0.000170 0.000085  0.624481 0.943296 0
0  6.209969 21.759726 96.872681  1.000000 -0.000006 0.000004  0.596229 0.956954 0
door_01
0  6.210031 2.685019 50.837227  1.000000 -0.000104 0.000044  0.463106 0.633638 0
0  6.210093 3.184547 50.603344  1.000000 -0.000001 0.000003  0.466611 0.632016 0
0  6.209996 25.763247 94.919960  1.000000 -0.000170 0.000085  0.624481 0.943296 0
door_01
0  6.209996 25.763247 94.919960  1.000000 -0.000170 0.000085  0.624481 0.943296 0
0  6.210093 3.184547 50.603344  1.000000 -0.000001 0.000003  0.466611 0.632016 0
0  6.210033 3.669548 50.341476  1.000000 0.000080 -0.000063  0.470026 0.630187 0
door_01
0  6.209996 25.763247 94.919960  1.000000 -0.000170 0.000085  0.624481 0.943296 0
0  6.210033 3.669548 50.341476  1.000000 0.000080 -0.000063  0.470026 0.630187 0
0  6.211661 29.558851 92.744865  1.000000 -0.000018 -0.000023  0.651307 0.928043 0
door_01
0  6.211661 29.558851 92.744865  1.000000 -0.000018 -0.000023  0.651307 0.928043 0
0  6.210033 3.669548 50.341476  1.000000 0.000080 -0.000063  0.470026 0.630187 0
0  6.209966 4.123057 50.028217  1.000000 0.000004 -0.000022  0.473158 0.627967 0
door_01
0  6.211661 29.558851 92.744865  1.000000 -0.000018 -0.000023  0.651307 0.928043 0
0  6.209966 4.123057 50.028217  1.000000 0.000004 -0.000022  0.473158 0.627967 0
0  6.210095 14.417604 64.197510  1.000000 0.000156 -0.000121  0.545648 0.727474 0
door_01
0  6.210020 4.554978 49.686375  1.000000 -0.000077 0.000053  0.476159 0.625532 0
0  6.210095 14.417604 64.197510  1.000000 0.000156 -0.000121  0.545648 0.727474 0
0  6.209966 4.123057 50.028217  1.000000 0.000004 -0.000022  0.473158 0.627967 0
door_01
0  6.210020 4.554978 49.686375  1.000000 -0.000077 0.000053  0.476159 0.625532 0
0  6.210103 15.962658 63.015644  1.000000 -0.000004 -0.000001  0.556770 0.719359 0
0  6.210095 14.417604 64.197510  1.000000 0.000156 -0.000121  0.545648 0.727474 0
door_01
0  6.210072 4.960015 49.313347  1.000000 -0.000001 -0.000018  0.478985 0.622867 0
0  6.210103 15.962658 63.015644  1.000000 -0.000004 -0.000001  0.556770 0.719359 0
0  6.210020 4.554978 49.686375  1.000000 -0.000077 0.000053  0.476159 0.625532 0
door_01
0  6.210072 4.960015 49.313347  1.000000 -0.000001 -0.000018  0.478985 0.622867 0
0  6.210099 17.344513 61.697762  1.000000 0.000000 -0.000003  0.566720 0.710230 0
0  6.210103 15.962658 63.015644  1.000000 -0.000004 -0.000001  0.556770 0.719359 0
door_01
0  6.210072 4.960015 49.313347  1.000000 -0.000001 -0.000018  0.478985 0.622867 0
0  6.210094 18.659035 60.292728  1.000000 0.000002 -0.000010  0.576184 0.700447 0
0  6.210099 17.344513 61.697762  1.000000 0.000000 -0.000003  0.566720 0.710230 0
door_01
0  6.210072 4.960015 49.313347  1.000000 -0.000001 -0.000018  0.478985 0.622867 0
0  6.210005 5.335956 48.911530  1.000000 0.000081 -0.000104  0.481619 0.619991 0
0  6.210094 18.659035 60.292728  1.000000 0.000002 -0.000010  0.576184 0.700447 0
door_01
0  6.210094 18.659035 60.292728  1.000000 0.000002 -0.000010  0.576184 0.700447 0
0  6.210005 5.335956 48.911530  1.000000 0.000081 -0.000104  0.481619 0.619991 0
0  6.209927 5.674911 48.476349  1.000000 0.000027 -0.000037  0.484002 0.616873 0
door_01
0  6.210094 18.659035 60.292728  1.000000 0.000002 -0.000010  0.576184 0.700447 0
0  6.209927 5.674911 48.476349  1.000000 0.000027 -0.000037  0.484002 0.616873 0
0  6.210078 19.844202 58.770943  1.000000 -0.000002 -0.000012  0.584722 0.689802 0
door_01
0  6.209927 5.674911 48.476349  1.000000 0.000027 -0.000037  0.484002 0.616873 0
0  6.210063 20.939650 57.185085  1.000000 -0.000001 -0.000009  0.592620 0.678675 0
0  6.210078 19.844202 58.770943  1.000000 -0.000002 -0.000012  0.584722 0.689802 0
door_01
0  6.209927 5.674911 48.476349  1.000000 0.000027 -0.000037  0.484002 0.616873 0
0  6.209951 5.988233 48.022827  1.000000 -0.000050 0.000069  0.486213 0.613621 0
0  6.210063 20.939650 57.185085  1.000000 -0.000001 -0.000009  0.592620 0.678675 0
door_01
0  6.210063 20.939650 57.185085  1.000000 -0.000001 -0.000009  0.592620 0.678675 0
0  6.209951 5.988233 48.022827  1.000000 -0.000050 0.000069  0.486213 0.613621 0
0  6.210021 6.250164 47.537819  1.000000 -0.000054 0.000104  0.488069 0.610143 0
door_01
0  6.210063 20.939650 57.185085  1.000000 -0.000001 -0.000009  0.592620 0.678675 0
0  6.210021 6.250164 47.537819  1.000000 -0.000054 0.000104  0.488069 0.610143 0
0  6.210043 21.855389 55.489109  1.000000 0.000003 -0.000009  0.599240 0.666741 0
door_01
0  6.210021 6.250164 47.537819  1.000000 -0.000054 0.000104  0.488069 0.610143 0
0  6.210024 22.673199 53.742222  1.000000 0.000005 -0.000006  0.605164 0.654426 0
0  6.210043 21.855389 55.489109  1.000000 0.000003 -0.000009  0.599240 0.666741 0
door_01
0  6.210021 6.250164 47.537819  1.000000 -0.000054 0.000104  0.488069 0.610143 0
0  6.210092 6.484051 47.038254  1.000000 -0.000029 0.000081  0.489731 0.606558 0
0  6.210024 22.673199 53.742222  1.000000 0.000005 -0.000006  0.605164 0.654426 0
door_01
0  6.210024 22.673199 53.742222  1.000000 0.000005 -0.000006  0.605164 0.654426 0
0  6.210092 6.484051 47.038254  1.000000 -0.000029 0.000081  0.489731 0.606558 0
0  6.210116 6.671368 46.520882  1.000000 0.000011 -0.000046  0.491069 0.602844 0
door_01
0  6.210024 22.673199 53.742222  1.000000 0.000005 -0.000006  0.605164 0.654426 0
0  6.210116 6.671368 46.520882  1.000000 0.000011 -0.000046  0.491069 0.602844 0
0  6.210009 23.328262 51.933064  1.000000 0.000008 -0.000006  0.609930 0.641646 0
door_01
0  6.210116 6.671368 46.520882  1.000000 0.000011 -0.000046  0.491069 0.602844 0
0  6.209992 23.865835 50.080814  1.000000 0.000005 -0.000008  0.613863 0.628541 0
0  6.210009 23.328262 51.933064  1.000000 0.000008 -0.000006  0.609930 0.641646 0
door_01
0  6.210116 6.671368 46.520882  1.000000 0.000011 -0.000046  0.491069 0.602844 0
0  6.210036 6.825041 45.991177  1.000000 0.000034 -0.000129  0.492172 0.599039 0
0  6.209992 23.865835 50.080814  1.000000 0.000005 -0.000008  0.613863 0.628541 0
door_01
0  6.209992 23.865835 50.080814  1.000000 0.000005 -0.000008  0.613863 0.628541 0
0  6.210036 6.825041 45.991177  1.000000 0.000034 -0.000129  0.492172 0.599039 0
0  6.209969 6.928268 45.450562  1.000000 0.000012 -0.000012  0.492921 0.595154 0
door_01
0  6.209992 23.865835 50.080814  1.000000 0.000005 -0.000008  0.613863 0.628541 0
0  6.209969 6.928268 45.450562  1.000000 0.000012 -0.000012  0.492921 0.595154 0
0  6.209984 24.226929 48.190388  1.000000 -0.000000 -0.000003  0.616543 0.615150 0
door_01
0  6.209969 6.928268 45.450562  1.000000 0.000012 -0.000012  0.492921 0.595154 0
0  6.209980 24.467539 46.276741  1.000000 0.000002 0.000002  0.618365 0.601577 0
0  6.209984 24.226929 48.190388  1.000000 -0.000000 -0.000003  0.616543 0.615150 0
door_01
0  6.209969 6.928268 45.450562  1.000000 0.000012 -0.000012  0.492921 0.595154 0
0  6.210021 6.997135 44.903305  1.000000 -0.000005 0.000094  0.493430 0.591221 0
0  6.209980 24.467539 46.276741  1.000000 0.000002 0.000002  0.618365 0.601577 0
door_01
0  6.209980 24.467539 46.276741  1.000000 0.000002 0.000002  0.618365 0.601577 0
0  6.210021 6.997135 44.903305  1.000000 -0.000005 0.000094  0.493430 0.591221 0
0  6.210073 7.014761 44.353222  1.000000 -0.000006 -0.000012  0.493579 0.587264 0
door_01
0  6.209980 24.467539 46.276741  1.000000 0.000002 0.000002  0.618365 0.601577 0
0  6.210073 7.014761 44.353222  1.000000 -0.000006 -0.000012  0.493579 0.587264 0
0  6.209985 24.528921 44.353218  1.000000 0.000005 0.000004  0.618910 0.587914 0
door_01
0  6.210073 7.014761 44.353222  1.000000 -0.000006 -0.000012  0.493579 0.587264 0
0  6.209996 24.449249 42.429317  1.000000 0.000001 0.000007  0.618450 0.574235 0
0  6.209985 24.528921 44.353218  1.000000 0.000005 0.000004  0.618910 0.587914 0
door_01
0  6.210073 7.014761 44.353222  1.000000 -0.000006 -0.000012  0.493579 0.587264 0
0  6.210006 6.991999 43.803036  1.000000 -0.000009 -0.000117  0.493444 0.583307 0
0  6.209996 24.449249 42.429317  1.000000 0.000001 0.000007  0.618450 0.574235 0
door_01
0  6.209996 24.449249 42.429317  1.000000 0.000001 0.000007  0.618450 0.574235 0
0  6.210006 6.991999 43.803036  1.000000 -0.000009 -0.000117  0.493444 0.583307 0
0  6.209943 6.928403 43.255886  1.000000 0.000006 -0.000002  0.493021 0.579369 0
door_01
0  6.209996 24.449249 42.429317  1.000000 0.000001 0.000007  0.618450 0.574235 0
0  6.209943 6.928403 43.255886  1.000000 0.000006 -0.000002  0.493021 0.579369 0
0  6.210023 24.226908 40.516060  1.000000 -0.000001 0.000022  0.616972 0.560618 0
door_01
0  6.209943 6.928403 43.255886  1.000000 0.000006 -0.000002  0.493021 0.579369 0
0  6.210077 23.880163 38.620113  1.000000 0.000002 0.000024  0.614612 0.547112 0
0  6.210023 24.226908 40.516060  1.000000 -0.000001 0.000022  0.616972 0.560618 0
door_01
0  6.209943 6.928403 43.255886  1.000000 0.000006 -0.000002  0.493021 0.579369 0
0  6.210004 6.829208 42.713692  1.000000 0.000023 0.000115  0.492348 0.575464 0
0  6.210077 23.880163 38.620113  1.000000 0.000002 0.000024  0.614612 0.547112 0
door_01
0  6.210077 23.880163 38.620113  1.000000 0.000002 0.000024  0.614612 0.547112 0
0  6.210004 6.829208 42.713692  1.000000 0.000023 0.000115  0.492348 0.575464 0
0  6.210073 6.671388 42.185574  1.000000 -0.000404 -0.000884  0.491263 0.571657 0
door_01
0  6.210077 23.880163 38.620113  1.000000 0.000002 0.000024  0.614612 0.547112 0
0  6.210073 6.671388 42.185574  1.000000 -0.000404 -0.000884  0.491263 0.571657 0
0  6.210108 23.328457 36.773380  1.000000 -0.000003 -0.000002  0.610798 0.533940 0
door_01
0  6.210073 6.671388 42.185574  1.000000 -0.000404 -0.000884  0.491263 0.571657 0
0  6.210065 22.671431 34.959820  1.000000 -0.000017 -0.000023  0.606253 0.520992 0
0  6.210108 23.328457 36.773380  1.000000 -0.000003 -0.000002  0.610798 0.533940 0
door_01
0  6.210073 6.671388 42.185574  1.000000 -0.000404 -0.000884  0.491263 0.571657 0
0  6.206019 6.476410 41.686695  1.000000 -0.000325 -0.000182  0.489916 0.568059 0
0  6.210065 22.671431 34.959820  1.000000 -0.000017 -0.000023  0.606253 0.520992 0
door_01
0  6.210065 22.671431 34.959820  1.000000 -0.000017 -0.000023  0.606253 0.520992 0
0  6.206019 6.476410 41.686695  1.000000 -0.000325 -0.000182  0.489916 0.568059 0
0  6.209974 6.250063 41.168621  1.000000 -0.000615 -0.000637  0.488355 0.564321 0
door_01
0  6.210065 22.671431 34.959820  1.000000 -0.000017 -0.000023  0.606253 0.520992 0
0  6.209974 6.250063 41.168621  1.000000 -0.000615 -0.000637  0.488355 0.564321 0
0  6.210007 21.855286 33.217342  1.000000 -0.000252 -0.000041  0.600595 0.508529 0
door_01
0  6.202644 5.964251 40.661896  0.999999 -0.000909 -0.001056  0.486373 0.560662 0
0  6.210007 21.855286 33.217342  1.000000 -0.000252 -0.000041  0.600595 0.508529 0
0  6.209974 6.250063 41.168621  1.000000 -0.000615 -0.000637  0.488355 0.564321 0
door_01
0  6.202644 5.964251 40.661896  0.999999 -0.000909 -0.001056  0.486373 0.560662 0
0  6.209974 20.912102 31.535938  0.999999 -0.000814 -0.000831  0.594054 0.496477 0
0  6.210007 21.855286 33.217342  1.000000 -0.000252 -0.000041  0.600595 0.508529 0
door_01
0  6.209853 19.888456 29.963779  0.999999 0.000529 0.001287  0.586954 0.485180 0
0  6.209974 20.912102 31.535938  0.999999 -0.000814 -0.000831  0.594054 0.496477 0
0  6.202644 5.964251 40.661896  0.999999 -0.000909 -0.001056  0.486373 0.560662 0
door_01
0  6.209853 19.888456 29.963779  0.999999 0.000529 0.001287  0.586954 0.485180 0
0  6.202644 5.964251 40.661896  0.999999 -0.000909 -0.001056  0.486373 0.560662 0
0  6.203544 5.662932 40.210411  0.999999 0.000408 0.001104  0.484284 0.557399 0
door_01
0  6.209853 19.888456 29.963779  0.999999 0.000529 0.001287  0.586954 0.485180 0
0  6.203544 5.662932 40.210411  0.999999 0.000408 0.001104  0.484284 0.557399 0
0  6.206975 5.330637 39.784241  0.999999 0.000762 0.001174  0.481980 0.554318 0
door_01
0  6.209853 19.888456 29.963779  0.999999 0.000529 0.001287  0.586954 0.485180 0
0  6.206975 5.330637 39.784241  0.999999 0.000762 0.001174  0.481980 0.554318 0
0  6.209922 18.705782 28.440586  0.999999 0.000731 0.001133  0.578733 0.474200 0
door_01
0  6.209922 18.705782 28.440586  0.999999 0.000731 0.001133  0.578733 0.474200 0
0  6.206975 5.330637 39.784241  0.999999 0.000762 0.001174  0.481980 0.554318 0
0  6.210080 4.960133 39.393097  1.000000 0.000057 0.000067  0.479412 0.551490 0
door_01
0  6.209922 18.705782 28.440586  0.999999 0.000731 0.001133  0.578733 0.474200 0
0  6.210080 4.960133 39.393097  1.000000 0.000057 0.000067  0.479412 0.551490 0
0  6.210011 17.344433 27.008673  1.000000 0.000007 0.000001  0.569229 0.463831 0
door_01
0  6.210080 4.960133 39.393097  1.000000 0.000057 0.000067  0.479412 0.551490 0
0  6.209881 14.417830 24.508928  1.000000 -0.000003 -0.000010  0.548688 0.445605 0
0  6.210011 17.344433 27.008673  1.000000 0.000007 0.000001  0.569229 0.463831 0
door_01
0  6.210080 4.960133 39.393097  1.000000 0.000057 0.000067  0.479412 0.551490 0
0  6.210044 4.123018 38.678230  1.000000 -0.000013 -0.000021  0.473626 0.546343 0
0  6.209881 14.417830 24.508928  1.000000 -0.000003 -0.000010  0.548688 0.445605 0
door_01
0  6.210044 4.123018 38.678230  1.000000 -0.000013 -0.000021  0.473626 0.546343 0
0  6.210030 3.184576 38.103100  1.000000 0.000002 -0.000009  0.467182 0.542245 0
0  6.209881 14.417830 24.508928  1.000000 -0.000003 -0.000010  0.548688 0.445605 0
door_01
0  6.209881 14.417830 24.508928  1.000000 -0.000003 -0.000010  0.548688 0.445605 0
0  6.210030 3.184576 38.103100  1.000000 0.000002 -0.000009  0.467182 0.542245 0
0  6.210035 2.426860 37.775105  1.000000 0.000018 0.000004  0.462021 0.539970 0
door_01
0  6.209881 14.417830 24.508928  1.000000 -0.000003 -0.000010  0.548688 0.445605 0
0  6.210035 2.426860 37.775105  1.000000 0.000018 0.000004  0.462021 0.539970 0
0  6.210055 1.629726 37.539345  1.000000 0.000027 0.000016  0.456647 0.538427 0
door_01
0  6.209881 14.417830 24.508928  1.000000 -0.000003 -0.000010  0.548688 0.445605 0
0  6.210055 1.629726 37.539345  1.000000 0.000027 0.000016  0.456647 0.538427 0
0  6.210070 1.250533 37.461716  1.000000 0.000020 0.000009  0.454111 0.537968 0
door_01
0  6.209881 14.417830 24.508928  1.000000 -0.000003 -0.000010  0.548688 0.445605 0
0  6.210070 1.250533 37.461716  1.000000 0.000020 0.000009  0.454111 0.537968 0
0  6.209886 1.249401 0.000861  1.000000 0.000001 -0.000001  0.454468 0.268828 0
door_01
0  6.209881 14.417830 24.508928  1.000000 -0.000003 -0.000010  0.548688 0.445605 0
0  6.209886 1.249401 0.000861  1.000000 0.000001 -0.000001  0.454468 0.268828 0
0  6.209955 32.235001 0.000860  1.000000 -0.000002 0.000001  0.677961 0.269579 0
door_01
0  -5.675444 0.004204 49.978935  0.000065 -1.000000 -0.000050  0.701815 0.010397 0
0  -5.154682 0.005112 50.265041  0.000064 -1.000000 -0.000050  0.697824 0.003042 0
0  -5.470515 0.004883 50.264931  0.000064 -1.000000 -0.000050  0.697811 0.007497 0
door_01
0  -5.675444 0.004204 49.978935  0.000065 -1.000000 -0.000064  0.701815 0.010397 0
0  -5.154813 -0.000873 49.192104  0.000054 -1.000000 -0.000060  0.713023 0.003088 0
0  -5.154682 0.005112 50.265041  0.000059 -1.000000 -0.000055  0.697824 0.003042 0
door_01
0  -5.676295 0.004667 48.405098  0.000061 -1.000000 -0.000061  0.724036 0.010479 0
0  -5.154813 -0.000873 49.192104  0.000054 -1.000000 -0.000060  0.713023 0.003088 0
0  -5.675444 0.004204 49.978935  0.000065 -1.000000 -0.000064  0.701815 0.010397 0
door_01
0  -5.373988 0.004482 48.000904  0.000033 -1.000000 -0.000053  0.729822 0.006190 0
0  -5.154813 -0.000873 49.192104  0.000054 -1.000000 -0.000060  0.713023 0.003088 0
0  -5.676295 0.004667 48.405098  0.000061 -1.000000 -0.000061  0.724374 0.010456 0
door_01
0  -5.373988 0.004482 48.000904  0.000033 -1.000000 -0.000053  0.729822 0.006190 0
0  -5.154959 -0.000801 47.999794  0.000086 -1.000000 -0.000087  0.730003 0.003138 0
0  -5.154813 -0.000873 49.192104  0.000054 -1.000000 -0.000060  0.713023 0.003088 0
door_01
0  -5.468135 0.004341 47.827465  0.000093 -1.000000 -0.000087  0.732458 0.007532 0
0  -5.154959 -0.000801 47.999794  0.000086 -1.000000 -0.000087  0.730003 0.003138 0
0  -5.373988 0.004482 48.000904  0.000033 -1.000000 -0.000053  0.730147 0.006170 0
door_01
0  -5.468135 0.004341 47.827465  0.000093 -1.000000 -0.000087  0.732458 0.007532 0
0  -5.154984 -0.000772 47.792217  0.000117 -1.000000 -0.000101  0.732959 0.003147 0
0  -5.154959 -0.000801 47.999794  0.000086 -1.000000 -0.000087  0.730003 0.003138 0
door_01
0  -5.468781 0.004647 47.759289  0.000099 -1.000000 -0.000087  0.733332 0.007541 0
0  -5.154984 -0.000772 47.792217  0.000117 -1.000000 -0.000101  0.732959 0.003147 0
0  -5.468135 0.004341 47.827465  0.000093 -1.000000 -0.000087  0.732458 0.007532 0
door_01
0  -5.468781 0.004647 47.759289  0.000099 -1.000000 -0.000087  0.733332 0.007541 0
0  -5.383129 0.004652 47.759457  0.000113 -1.000000 -0.000161  0.733331 0.006318 0
0  -5.154984 -0.000772 47.792217  0.000117 -1.000000 -0.000101  0.732959 0.003147 0
door_01
0  -5.386077 0.007504 44.354504  0.000096 -1.000000 -0.000059  0.781904 0.006463 0
0  -5.154984 -0.000772 47.792217  0.000117 -1.000000 -0.000101  0.732959 0.003147 0
0  -5.383129 0.004652 47.759457  0.000113 -1.000000 -0.000161  0.733331 0.006318 0
door_01
0  -5.386077 0.007504 44.354504  0.000096 -1.000000 -0.000059  0.781904 0.006463 0
0  -5.155404 -0.000578 44.354488  0.000013 -1.000000 -0.000060  0.781914 0.003293 0
0  -5.154984 -0.000772 47.792217  0.000117 -1.000000 -0.000101  0.732959 0.003147 0
door_01
0  -5.382559 0.003476 40.948059  0.000080 -1.000000 -0.000036  0.830472 0.006614 0
0  -5.155404 -0.000578 44.354488  0.000013 -1.000000 -0.000060  0.781914 0.003293 0
0  -5.386077 0.007504 44.354504  0.000096 -1.000000 -0.000059  0.781904 0.006463 0
door_01
0  -5.382559 0.003476 40.948059  0.000080 -1.000000 -0.000036  0.830472 0.006614 0
0  -5.155850 -0.000356 40.709206  0.000049 -1.000000 -0.000042  0.833825 0.003449 0
0  -5.155404 -0.000578 44.354488  0.000013 -1.000000 -0.000060  0.781914 0.003293 0
door_01
0  -5.469355 0.005233 40.881538  0.000227 -1.000000 -0.000024  0.831342 0.007825 0
0  -5.382559 0.003476 40.948059  0.000080 -1.000000 -0.000036  0.830472 0.006614 0
0  -5.470149 0.005607 40.950359  0.000223 -1.000000 -0.000058  0.830468 0.007831 0
door_01
0  -5.374841 0.004947 40.710567  0.000096 -1.000000 -0.000008  0.833663 0.006482 0
0  -5.382559 0.003476 40.948059  0.000080 -1.000000 -0.000036  0.830472 0.006614 0
0  -5.469355 0.005233 40.881538  0.000227 -1.000000 -0.000024  0.831342 0.007825 0
door_01
0  -5.374841 0.004947 40.710567  0.000096 -1.000000 -0.000008  0.833663 0.006482 0
0  -5.155850 -0.000356 40.709206  0.000049 -1.000000 -0.000042  0.833825 0.003449 0
0  -5.382559 0.003476 40.948059  0.000080 -1.000000 -0.000036  0.830472 0.006614 0
door_01
0  -5.676762 0.004917 40.306866  0.000073 -1.000000 -0.000063  0.839410 0.010797 0
0  -5.155850 -0.000356 40.709206  0.000049 -1.000000 -0.000042  0.833825 0.003449 0
0  -5.374841 0.004947 40.710567  0.000096 -1.000000 -0.000008  0.833985 0.006505 0
door_01
0  -5.676762 0.004917 40.306866  0.000073 -1.000000 -0.000063  0.839410 0.010797 0
0  -5.155995 -0.000283 39.516891  0.000064 -1.000000 -0.000061  0.850804 0.003499 0
0  -5.155850 -0.000356 40.709206  0.000049 -1.000000 -0.000042  0.833825 0.003449 0
door_01
0  -5.155995 -0.000283 39.516891  0.000064 -1.000000 -0.000061  0.850804 0.003499 0
0  -5.676762 0.004917 40.306866  0.000073 -1.000000 -0.000063  0.839749 0.010823 0
0  -5.676700 0.004891 38.730221  0.000050 -1.000000 -0.000067  0.861967 0.010872 0
door_01
0  -5.676700 0.004891 38.730221  0.000050 -1.000000 -0.000067  0.861967 0.010872 0
0  -5.156126 0.003312 38.446285  0.000072 -1.000000 -0.000052  0.866003 0.003545 0
0  -5.155995 -0.000283 39.516891  0.000064 -1.000000 -0.000061  0.850804 0.003499 0
door_01
0  -5.676700 0.004891 38.730221  0.000050 -1.000000 -0.000067  0.861967 0.010872 0
0  -5.472401 0.006454 38.443352  0.000050 -1.000000 -0.000075  0.865990 0.007999 0
0  -5.156126 0.003312 38.446285  0.000072 -1.000000 -0.000052  0.866003 0.003545 0
door_01
0  -5.474104 0.531636 40.995724  0.000175 -0.157187 0.987569  0.789703 0.066637 0
0  -5.388647 1.050509 41.120316  0.000217 -0.309078 0.951037  0.796893 0.069641 0
0  -5.474121 1.050503 41.120331  0.000206 -0.309078 0.951037  0.797277 0.068474 0
door_01
0  -5.474104 0.531636 40.995724  0.000175 -0.157187 0.987569  0.789703 0.066637 0
0  -5.388630 0.531641 40.995712  0.000159 -0.156552 0.987670  0.789502 0.067854 0
0  -5.388647 1.050509 41.120316  0.000217 -0.309078 0.951037  0.796893 0.069641 0
door_01
0  -5.470149 0.005607 40.950359  0.000056 -0.078520 0.996913  0.782053 0.066031 0
0  -5.388630 0.531641 40.995712  0.000159 -0.156552 0.987670  0.789502 0.067854 0
0  -5.474104 0.531636 40.995724  0.000175 -0.157187 0.987569  0.789703 0.066637 0
door_01
0  -5.470149 0.005607 40.950359  0.000056 -0.078520 0.996913  0.782053 0.066031 0
0  -5.382559 0.003476 40.948059  0.000090 -0.078528 0.996912  0.782050 0.067265 0
0  -5.388630 0.531641 40.995712  0.000159 -0.156552 0.987670  0.789502 0.067854 0
door_01
0  -5.473868 3.400159 44.354744  0.000060 -1.000000 -0.000060  0.831535 0.115652 0
0  -5.388328 3.358262 44.886719  0.000037 -0.987682 -0.156477  0.829712 0.123216 0
0  -5.473801 3.358257 44.886730  0.000038 -0.987682 -0.156478  0.830924 0.123410 0
door_01
0  -5.473868 3.400159 44.354744  0.000060 -1.000000 -0.000060  0.831535 0.115652 0
0  -5.388394 3.400164 44.354733  0.000060 -1.000000 -0.000059  0.830307 0.115652 0
0  -5.388328 3.358262 44.886719  0.000037 -0.987682 -0.156477  0.829712 0.123216 0
door_01
0  -5.473931 3.358321 43.822762  0.000100 -0.987700 0.156360  0.830924 0.107893 0
0  -5.388394 3.400164 44.354733  0.000060 -1.000000 -0.000059  0.830307 0.115652 0
0  -5.473868 3.400159 44.354744  0.000060 -1.000000 -0.000060  0.831535 0.115652 0
door_01
0  -5.473931 3.358321 43.822762  0.000100 -0.987700 0.156360  0.830924 0.107893 0
0  -5.388457 3.358327 43.822750  0.000098 -0.987700 0.156360  0.829712 0.108088 0
0  -5.388394 3.400164 44.354733  0.000060 -1.000000 -0.000059  0.830307 0.115652 0
door_01
0  -5.473987 3.233796 43.303871  0.000099 -0.951075 0.308959  0.829108 0.100329 0
0  -5.388457 3.358327 43.822750  0.000098 -0.987700 0.156360  0.829712 0.108088 0
0  -5.473931 3.358321 43.822762  0.000100 -0.987700 0.156360  0.830924 0.107893 0
door_01
0  -5.473987 3.233796 43.303871  0.000099 -0.951075 0.308959  0.829108 0.100329 0
0  -5.388514 3.233802 43.303860  0.000096 -0.951075 0.308959  0.827942 0.100710 0
0  -5.388457 3.358327 43.822750  0.000098 -0.987700 0.156360  0.829712 0.108088 0
door_01
0  -5.474034 3.029587 42.810833  0.000139 -0.891029 0.453945  0.826132 0.093146 0
0  -5.388514 3.233802 43.303860  0.000096 -0.951075 0.308959  0.827942 0.100710 0
0  -5.473987 3.233796 43.303871  0.000099 -0.951075 0.308959  0.829108 0.100329 0
door_01
0  -5.474034 3.029587 42.810833  0.000139 -0.891029 0.453945  0.826132 0.093146 0
0  -5.388560 3.029593 42.810825  0.000132 -0.891031 0.453943  0.825039 0.093704 0
0  -5.388514 3.233802 43.303860  0.000096 -0.951075 0.308959  0.827942 0.100710 0
door_01
0  -5.474072 2.750806 42.355820  0.000118 -0.809068 0.587715  0.822069 0.086519 0
0  -5.388560 3.029593 42.810825  0.000132 -0.891031 0.453943  0.825039 0.093704 0
0  -5.474034 3.029587 42.810833  0.000139 -0.891029 0.453945  0.826132 0.093146 0
door_01
0  -5.474072 2.750806 42.355820  0.000118 -0.809068 0.587715  0.822069 0.086519 0
0  -5.388598 2.750811 42.355808  0.000112 -0.809068 0.587715  0.821076 0.087238 0
0  -5.388560 3.029593 42.810825  0.000132 -0.891031 0.453943  0.825039 0.093704 0
door_01
0  -5.474102 2.404274 41.950012  0.000153 -0.707152 0.707062  0.817018 0.080602 0
0  -5.388598 2.750811 42.355808  0.000112 -0.809068 0.587715  0.821076 0.087238 0
0  -5.474072 2.750806 42.355820  0.000118 -0.809068 0.587715  0.822069 0.086519 0
door_01
0  -5.474102 2.404274 41.950012  0.000153 -0.707152 0.707062  0.817018 0.080602 0
0  -5.388628 2.404279 41.950001  0.000151 -0.707151 0.707062  0.816149 0.081468 0
0  -5.388598 2.750811 42.355808  0.000112 -0.809068 0.587715  0.821076 0.087238 0
door_01
0  -5.474119 1.998502 41.603424  0.000194 -0.587825 0.808988  0.811104 0.075542 0
0  -5.388628 2.404279 41.950001  0.000151 -0.707151 0.707062  0.816149 0.081468 0
0  -5.474102 2.404274 41.950012  0.000153 -0.707152 0.707062  0.817018 0.080602 0
door_01
0  -5.474119 1.998502 41.603424  0.000194 -0.587825 0.808988  0.811104 0.075542 0
0  -5.388645 1.998507 41.603409  0.000186 -0.587823 0.808990  0.810381 0.076534 0
0  -5.388628 2.404279 41.950001  0.000151 -0.707151 0.707062  0.816149 0.081468 0
door_01
0  -5.474125 1.543517 41.324574  0.000111 -0.454036 0.890983  0.804469 0.071467 0
0  -5.388645 1.998507 41.603409  0.000186 -0.587823 0.808990  0.810381 0.076534 0
0  -5.474119 1.998502 41.603424  0.000194 -0.587825 0.808988  0.811104 0.075542 0
door_01
0  -5.474125 1.543517 41.324574  0.000111 -0.454036 0.890983  0.804469 0.071467 0
0  -5.388652 1.543522 41.324562  0.000110 -0.454036 0.890983  0.803910 0.072559 0
0  -5.388645 1.998507 41.603409  0.000186 -0.587823 0.808990  0.810381 0.076534 0
door_01
0  -5.474121 1.050503 41.120331  0.000206 -0.309078 0.951037  0.797277 0.068474 0
0  -5.388652 1.543522 41.324562  0.000110 -0.454036 0.890983  0.803910 0.072559 0
0  -5.474125 1.543517 41.324574  0.000111 -0.454036 0.890983  0.804469 0.071467 0
door_01
0  -5.474121 1.050503 41.120331  0.000206 -0.309078 0.951037  0.797277 0.068474 0
0  -5.388647 1.050509 41.120316  0.000217 -0.309078 0.951037  0.796893 0.069641 0
0  -5.388652 1.543522 41.324562  0.000110 -0.454036 0.890983  0.803910 0.072559 0
door_01
0  -5.473283 0.531226 47.713417  0.000001 -0.156398 -0.987694  0.789703 0.164666 0
0  -5.383129 0.004652 47.759457  -0.000055 -0.078405 -0.996922  0.782049 0.164038 0
0  -5.468781 0.004647 47.759289  -0.000090 -0.078375 -0.996924  0.782053 0.165272 0
door_01
0  -5.473283 0.531226 47.713417  0.000001 -0.156398 -0.987694  0.789703 0.164666 0
0  -5.387809 0.531232 47.713409  -0.000005 -0.156378 -0.987697  0.789502 0.163449 0
0  -5.383129 0.004652 47.759457  -0.000055 -0.078405 -0.996922  0.782049 0.164038 0
door_01
0  -5.473330 1.050109 47.588879  -0.000078 -0.308953 -0.951077  0.797277 0.162830 0
0  -5.387809 0.531232 47.713409  -0.000005 -0.156378 -0.987697  0.789502 0.163449 0
0  -5.473283 0.531226 47.713417  0.000001 -0.156398 -0.987694  0.789703 0.164666 0
door_01
0  -5.473330 1.050109 47.588879  -0.000078 -0.308953 -0.951077  0.797277 0.162830 0
0  -5.387856 1.050114 47.588867  -0.000095 -0.308953 -0.951077  0.796893 0.161662 0
0  -5.387809 0.531232 47.713409  -0.000005 -0.156378 -0.987697  0.789502 0.163449 0
door_01
0  -5.473384 1.543147 47.384701  -0.000102 -0.453926 -0.891039  0.804469 0.159836 0
0  -5.387856 1.050114 47.588867  -0.000095 -0.308953 -0.951077  0.796893 0.161662 0
0  -5.473330 1.050109 47.588879  -0.000078 -0.308953 -0.951077  0.797277 0.162830 0
door_01
0  -5.473384 1.543147 47.384701  -0.000102 -0.453926 -0.891039  0.804469 0.159836 0
0  -5.387910 1.543152 47.384689  -0.000107 -0.453926 -0.891039  0.803910 0.158744 0
0  -5.387856 1.050114 47.588867  -0.000095 -0.308953 -0.951077  0.796893 0.161662 0
door_01
0  -5.473446 1.998166 47.105904  -0.000038 -0.587733 -0.809055  0.811104 0.155761 0
0  -5.387910 1.543152 47.384689  -0.000107 -0.453926 -0.891039  0.803910 0.158744 0
0  -5.473384 1.543147 47.384701  -0.000102 -0.453926 -0.891039  0.804469 0.159836 0
door_01
0  -5.473446 1.998166 47.105904  -0.000038 -0.587733 -0.809055  0.811104 0.155761 0
0  -5.387973 1.998172 47.105892  -0.000036 -0.587734 -0.809054  0.810381 0.154769 0
0  -5.387910 1.543152 47.384689  -0.000107 -0.453926 -0.891039  0.803910 0.158744 0
door_01
0  -5.473514 2.403981 46.759354  -0.000088 -0.707062 -0.707151  0.817018 0.150701 0
0  -5.387973 1.998172 47.105892  -0.000036 -0.587734 -0.809054  0.810381 0.154769 0
0  -5.473446 1.998166 47.105904  -0.000038 -0.587733 -0.809055  0.811104 0.155761 0
door_01
0  -5.473514 2.403981 46.759354  -0.000088 -0.707062 -0.707151  0.817018 0.150701 0
0  -5.388040 2.403986 46.759346  -0.000088 -0.707060 -0.707154  0.816149 0.149835 0
0  -5.387973 1.998172 47.105892  -0.000036 -0.587734 -0.809054  0.810381 0.154769 0
door_01
0  -5.473585 2.750562 46.353603  -0.000035 -0.808990 -0.587822  0.822069 0.144784 0
0  -5.388040 2.403986 46.759346  -0.000088 -0.707060 -0.707154  0.816149 0.149835 0
0  -5.473514 2.403981 46.759354  -0.000088 -0.707062 -0.707151  0.817018 0.150701 0
door_01
0  -5.473585 2.750562 46.353603  -0.000035 -0.808990 -0.587822  0.822069 0.144784 0
0  -5.388111 2.750567 46.353592  -0.000037 -0.808991 -0.587821  0.821076 0.144065 0
0  -5.388040 2.403986 46.759346  -0.000088 -0.707060 -0.707154  0.816149 0.149835 0
door_01
0  -5.473657 3.029399 45.898617  0.000002 -0.890975 -0.454053  0.826132 0.138157 0
0  -5.388111 2.750567 46.353592  -0.000037 -0.808991 -0.587821  0.821076 0.144065 0
0  -5.473585 2.750562 46.353603  -0.000035 -0.808990 -0.587822  0.822069 0.144784 0
door_01
0  -5.473657 3.029399 45.898617  0.000002 -0.890975 -0.454053  0.826132 0.138157 0
0  -5.388183 3.029404 45.898605  -0.000005 -0.890975 -0.454052  0.825039 0.137600 0
0  -5.388111 2.750567 46.353592  -0.000037 -0.808991 -0.587821  0.821076 0.144065 0
door_01
0  -5.473730 3.233668 45.405621  0.000005 -0.951035 -0.309082  0.829108 0.130975 0
0  -5.388183 3.029404 45.898605  -0.000005 -0.890975 -0.454052  0.825039 0.137600 0
0  -5.473657 3.029399 45.898617  0.000002 -0.890975 -0.454053  0.826132 0.138157 0
door_01
0  -5.473730 3.233668 45.405621  0.000005 -0.951035 -0.309082  0.829108 0.130975 0
0  -5.388256 3.233673 45.405609  -0.000001 -0.951035 -0.309082  0.827942 0.130594 0
0  -5.388183 3.029404 45.898605  -0.000005 -0.890975 -0.454052  0.825039 0.137600 0
door_01
0  -5.473801 3.358257 44.886730  0.000038 -0.987682 -0.156478  0.830924 0.123410 0
0  -5.388256 3.233673 45.405609  -0.000001 -0.951035 -0.309082  0.827942 0.130594 0
0  -5.473730 3.233668 45.405621  0.000005 -0.951035 -0.309082  0.829108 0.130975 0
door_01
0  -5.473801 3.358257 44.886730  0.000038 -0.987682 -0.156478  0.830924 0.123410 0
0  -5.388328 3.358262 44.886719  0.000037 -0.987682 -0.156477  0.829712 0.123216 0
0  -5.388256 3.233673 45.405609  -0.000001 -0.951035 -0.309082  0.827942 0.130594 0
door_01
0  -5.474114 0.543222 40.922638  -1.000000 -0.000087 0.000121  0.789878 0.065568 0
0  -5.474121 1.050503 41.120331  -1.000000 -0.000064 0.000129  0.797277 0.068474 0
0  -5.474132 1.073381 41.049957  -1.000000 -0.000063 0.000128  0.797614 0.067447 0
door_01
0  -5.474114 0.543222 40.922638  -1.000000 -0.000087 0.000121  0.789878 0.065568 0
0  -5.474104 0.531636 40.995724  -1.000000 -0.000064 0.000069  0.789703 0.066637 0
0  -5.474121 1.050503 41.120331  -1.000000 -0.000064 0.000129  0.797277 0.068474 0
door_01
0  -5.469355 0.005233 40.881538  -1.000000 -0.000057 0.000129  0.782058 0.064947 0
0  -5.474104 0.531636 40.995724  -1.000000 -0.000064 0.000069  0.789703 0.066637 0
0  -5.474114 0.543222 40.922638  -1.000000 -0.000087 0.000121  0.789878 0.065568 0
door_01
0  -5.469355 0.005233 40.881538  -1.000000 -0.000057 0.000129  0.782058 0.064947 0
0  -5.470149 0.005607 40.950359  -1.000000 -0.000049 0.000141  0.782053 0.066031 0
0  -5.474104 0.531636 40.995724  -1.000000 -0.000064 0.000069  0.789703 0.066637 0
door_01
0  -5.473873 3.474149 44.354744  -1.000000 -0.000059 0.000122  0.832614 0.115652 0
0  -5.473801 3.358257 44.886730  -1.000000 -0.000048 0.000124  0.830924 0.123410 0
0  -5.473804 3.431330 44.898315  -1.000000 -0.000049 0.000124  0.831990 0.123581 0
door_01
0  -5.473873 3.474149 44.354744  -1.000000 -0.000059 0.000122  0.832614 0.115652 0
0  -5.473868 3.400159 44.354744  -1.000000 -0.000060 0.000122  0.831535 0.115652 0
0  -5.473801 3.358257 44.886730  -1.000000 -0.000048 0.000124  0.830924 0.123410 0
door_01
0  -5.473937 3.431396 43.811188  -1.000000 -0.000058 0.000122  0.831990 0.107723 0
0  -5.473868 3.400159 44.354744  -1.000000 -0.000060 0.000122  0.831535 0.115652 0
0  -5.473873 3.474149 44.354744  -1.000000 -0.000059 0.000122  0.832614 0.115652 0
door_01
0  -5.473937 3.431396 43.811188  -1.000000 -0.000058 0.000122  0.831990 0.107723 0
0  -5.473931 3.358321 43.822762  -1.000000 -0.000057 0.000122  0.830924 0.107893 0
0  -5.473868 3.400159 44.354744  -1.000000 -0.000060 0.000122  0.831535 0.115652 0
door_01
0  -5.473992 3.304171 43.280998  -1.000000 -0.000041 0.000117  0.830135 0.099995 0
0  -5.473931 3.358321 43.822762  -1.000000 -0.000057 0.000122  0.830924 0.107893 0
0  -5.473937 3.431396 43.811188  -1.000000 -0.000058 0.000122  0.831990 0.107723 0
door_01
0  -5.473992 3.304171 43.280998  -1.000000 -0.000041 0.000117  0.830135 0.099995 0
0  -5.473987 3.233796 43.303871  -1.000000 -0.000040 0.000117  0.829108 0.100329 0
0  -5.473931 3.358321 43.822762  -1.000000 -0.000057 0.000122  0.830924 0.107893 0
door_01
0  -5.474041 3.095537 42.777245  -1.000000 -0.000062 0.000119  0.827094 0.092656 0
0  -5.473987 3.233796 43.303871  -1.000000 -0.000040 0.000117  0.829108 0.100329 0
0  -5.473992 3.304171 43.280998  -1.000000 -0.000041 0.000117  0.830135 0.099995 0
door_01
0  -5.474041 3.095537 42.777245  -1.000000 -0.000062 0.000119  0.827094 0.092656 0
0  -5.474034 3.029587 42.810833  -1.000000 -0.000062 0.000120  0.826132 0.093146 0
0  -5.473987 3.233796 43.303871  -1.000000 -0.000040 0.000117  0.829108 0.100329 0
door_01
0  -5.474082 2.810654 42.312317  -1.000000 -0.000066 0.000127  0.822942 0.085885 0
0  -5.474034 3.029587 42.810833  -1.000000 -0.000062 0.000120  0.826132 0.093146 0
0  -5.474041 3.095537 42.777245  -1.000000 -0.000062 0.000119  0.827094 0.092656 0
door_01
0  -5.474082 2.810654 42.312317  -1.000000 -0.000066 0.000127  0.822942 0.085885 0
0  -5.474072 2.750806 42.355820  -1.000000 -0.000066 0.000128  0.822069 0.086519 0
0  -5.474034 3.029587 42.810833  -1.000000 -0.000062 0.000120  0.826132 0.093146 0
door_01
0  -5.474112 2.456584 41.897694  -1.000000 -0.000075 0.000131  0.817782 0.079840 0
0  -5.474072 2.750806 42.355820  -1.000000 -0.000066 0.000128  0.822069 0.086519 0
0  -5.474082 2.810654 42.312317  -1.000000 -0.000066 0.000127  0.822942 0.085885 0
door_01
0  -5.474112 2.456584 41.897694  -1.000000 -0.000075 0.000131  0.817782 0.079840 0
0  -5.474102 2.404274 41.950012  -1.000000 -0.000074 0.000131  0.817018 0.080602 0
0  -5.474072 2.750806 42.355820  -1.000000 -0.000066 0.000128  0.822069 0.086519 0
door_01
0  -5.474130 2.041979 41.543549  -1.000000 -0.000070 0.000132  0.811739 0.074670 0
0  -5.474102 2.404274 41.950012  -1.000000 -0.000074 0.000131  0.817018 0.080602 0
0  -5.474112 2.456584 41.897694  -1.000000 -0.000075 0.000131  0.817782 0.079840 0
door_01
0  -5.474130 2.041979 41.543549  -1.000000 -0.000070 0.000132  0.811739 0.074670 0
0  -5.474119 1.998502 41.603424  -1.000000 -0.000069 0.000132  0.811104 0.075542 0
0  -5.474102 2.404274 41.950012  -1.000000 -0.000074 0.000131  0.817018 0.080602 0
door_01
0  -5.474135 1.577137 41.258640  -1.000000 -0.000055 0.000122  0.804962 0.070506 0
0  -5.474119 1.998502 41.603424  -1.000000 -0.000069 0.000132  0.811104 0.075542 0
0  -5.474130 2.041979 41.543549  -1.000000 -0.000070 0.000132  0.811739 0.074670 0
door_01
0  -5.474135 1.577137 41.258640  -1.000000 -0.000055 0.000122  0.804962 0.070506 0
0  -5.474125 1.543517 41.324574  -1.000000 -0.000054 0.000122  0.804469 0.071467 0
0  -5.474119 1.998502 41.603424  -1.000000 -0.000069 0.000132  0.811104 0.075542 0
door_01
0  -5.474132 1.073381 41.049957  -1.000000 -0.000063 0.000128  0.797614 0.067447 0
0  -5.474125 1.543517 41.324574  -1.000000 -0.000054 0.000122  0.804469 0.071467 0
0  -5.474135 1.577137 41.258640  -1.000000 -0.000055 0.000122  0.804962 0.070506 0
door_01
0  -5.474132 1.073381 41.049957  -1.000000 -0.000063 0.000128  0.797614 0.067447 0
0  -5.474121 1.050503 41.120331  -1.000000 -0.000064 0.000129  0.797277 0.068474 0
0  -5.474125 1.543517 41.324574  -1.000000 -0.000054 0.000122  0.804469 0.071467 0
door_01
0  -5.473275 0.542803 47.786499  -1.000000 -0.000051 0.000106  0.789878 0.165735 0
0  -5.468781 0.004647 47.759289  -1.000000 -0.000073 0.000131  0.782053 0.165272 0
0  -5.468135 0.004341 47.827465  -1.000000 -0.000053 0.000113  0.782058 0.166356 0
door_01
0  -5.473275 0.542803 47.786499  -1.000000 -0.000051 0.000106  0.789878 0.165735 0
0  -5.473283 0.531226 47.713417  -1.000000 -0.000057 0.000116  0.789703 0.164666 0
0  -5.468781 0.004647 47.759289  -1.000000 -0.000073 0.000131  0.782053 0.165272 0
door_01
0  -5.473323 1.072978 47.659256  -1.000000 -0.000060 0.000121  0.797614 0.163856 0
0  -5.473283 0.531226 47.713417  -1.000000 -0.000057 0.000116  0.789703 0.164666 0
0  -5.473275 0.542803 47.786499  -1.000000 -0.000051 0.000106  0.789878 0.165735 0
door_01
0  -5.473323 1.072978 47.659256  -1.000000 -0.000060 0.000121  0.797614 0.163856 0
0  -5.473330 1.050109 47.588879  -1.000000 -0.000060 0.000121  0.797277 0.162830 0
0  -5.473283 0.531226 47.713417  -1.000000 -0.000057 0.000116  0.789703 0.164666 0
door_01
0  -5.473379 1.576759 47.450623  -1.000000 -0.000062 0.000119  0.804962 0.160797 0
0  -5.473330 1.050109 47.588879  -1.000000 -0.000060 0.000121  0.797277 0.162830 0
0  -5.473323 1.072978 47.659256  -1.000000 -0.000060 0.000121  0.797614 0.163856 0
door_01
0  -5.473379 1.576759 47.450623  -1.000000 -0.000062 0.000119  0.804962 0.160797 0
0  -5.473384 1.543147 47.384701  -1.000000 -0.000063 0.000118  0.804469 0.159836 0
0  -5.473330 1.050109 47.588879  -1.000000 -0.000060 0.000121  0.797277 0.162830 0
door_01
0  -5.473443 2.041636 47.165768  -1.000000 -0.000070 0.000113  0.811739 0.156634 0
0  -5.473384 1.543147 47.384701  -1.000000 -0.000063 0.000118  0.804469 0.159836 0
0  -5.473379 1.576759 47.450623  -1.000000 -0.000062 0.000119  0.804962 0.160797 0
door_01
0  -5.473443 2.041636 47.165768  -1.000000 -0.000070 0.000113  0.811739 0.156634 0
0  -5.473446 1.998166 47.105904  -1.000000 -0.000070 0.000113  0.811104 0.155761 0
0  -5.473384 1.543147 47.384701  -1.000000 -0.000063 0.000118  0.804469 0.159836 0
door_01
0  -5.473511 2.456284 46.811684  -1.000000 -0.000070 0.000114  0.817782 0.151464 0
0  -5.473446 1.998166 47.105904  -1.000000 -0.000070 0.000113  0.811104 0.155761 0
0  -5.473443 2.041636 47.165768  -1.000000 -0.000070 0.000113  0.811739 0.156634 0
door_01
0  -5.473511 2.456284 46.811684  -1.000000 -0.000070 0.000114  0.817782 0.151464 0
0  -5.473514 2.403981 46.759354  -1.000000 -0.000069 0.000114  0.817018 0.150701 0
0  -5.473446 1.998166 47.105904  -1.000000 -0.000070 0.000113  0.811104 0.155761 0
door_01
0  -5.473583 2.810405 46.397091  -1.000000 -0.000056 0.000124  0.822942 0.145418 0
0  -5.473514 2.403981 46.759354  -1.000000 -0.000069 0.000114  0.817018 0.150701 0
0  -5.473511 2.456284 46.811684  -1.000000 -0.000070 0.000114  0.817782 0.151464 0
door_01
0  -5.473583 2.810405 46.397091  -1.000000 -0.000056 0.000124  0.822942 0.145418 0
0  -5.473585 2.750562 46.353603  -1.000000 -0.000057 0.000124  0.822069 0.144784 0
0  -5.473514 2.403981 46.759354  -1.000000 -0.000069 0.000114  0.817018 0.150701 0
door_01
0  -5.473657 3.095345 45.932213  -1.000000 -0.000065 0.000122  0.827094 0.138647 0
0  -5.473585 2.750562 46.353603  -1.000000 -0.000057 0.000124  0.822069 0.144784 0
0  -5.473583 2.810405 46.397091  -1.000000 -0.000056 0.000124  0.822942 0.145418 0
door_01
0  -5.473657 3.095345 45.932213  -1.000000 -0.000065 0.000122  0.827094 0.138647 0
0  -5.473657 3.029399 45.898617  -1.000000 -0.000066 0.000122  0.826132 0.138157 0
0  -5.473585 2.750562 46.353603  -1.000000 -0.000057 0.000124  0.822069 0.144784 0
door_01
0  -5.473732 3.304040 45.428490  -1.000000 -0.000064 0.000120  0.830135 0.131309 0
0  -5.473657 3.029399 45.898617  -1.000000 -0.000066 0.000122  0.826132 0.138157 0
0  -5.473657 3.095345 45.932213  -1.000000 -0.000065 0.000122  0.827094 0.138647 0
door_01
0  -5.473732 3.304040 45.428490  -1.000000 -0.000064 0.000120  0.830135 0.131309 0
0  -5.473730 3.233668 45.405621  -1.000000 -0.000064 0.000120  0.829108 0.130975 0
0  -5.473657 3.029399 45.898617  -1.000000 -0.000066 0.000122  0.826132 0.138157 0
door_01
0  -5.473804 3.431330 44.898315  -1.000000 -0.000049 0.000124  0.831990 0.123581 0
0  -5.473730 3.233668 45.405621  -1.000000 -0.000064 0.000120  0.829108 0.130975 0
0  -5.473732 3.304040 45.428490  -1.000000 -0.000064 0.000120  0.830135 0.131309 0
door_01
0  -5.473804 3.431330 44.898315  -1.000000 -0.000049 0.000124  0.831990 0.123581 0
0  -5.473801 3.358257 44.886730  -1.000000 -0.000048 0.000124  0.830924 0.123410 0
0  -5.473730 3.233668 45.405621  -1.000000 -0.000064 0.000120  0.829108 0.130975 0
door_01
0  -5.722733 4.560946 39.792904  -0.004586 -0.674726 0.738054  0.475259 0.555044 0
0  -5.253181 4.908424 40.160618  0.003695 -0.759427 0.650582  0.475101 0.559651 0
0  -5.722729 4.907236 40.162048  0.003808 -0.759444 0.650561  0.477657 0.557701 0
door_01
0  -5.722733 4.560946 39.792904  -0.004586 -0.674726 0.738054  0.475259 0.555044 0
0  -5.253250 4.560975 39.792786  -0.004566 -0.674771 0.738013  0.472861 0.557172 0
0  -5.253181 4.908424 40.160618  0.003695 -0.759427 0.650582  0.475101 0.559651 0
door_01
0  -5.722766 3.791210 39.135445  -0.006277 -0.588448 0.808511  0.469952 0.550316 0
0  -5.253250 4.560975 39.792786  -0.004566 -0.674771 0.738013  0.472861 0.557172 0
0  -5.722733 4.560946 39.792904  -0.004586 -0.674726 0.738054  0.475259 0.555044 0
door_01
0  -5.722766 3.791210 39.135445  -0.006277 -0.588448 0.808511  0.469952 0.550316 0
0  -5.253478 3.785852 39.140766  -0.006259 -0.588263 0.808646  0.467775 0.552651 0
0  -5.253250 4.560975 39.792786  -0.004566 -0.674771 0.738013  0.472861 0.557172 0
door_01
0  -5.722779 2.928205 38.606522  -0.000110 -0.476049 0.879418  0.463962 0.546364 0
0  -5.253478 3.785852 39.140766  -0.006259 -0.588263 0.808646  0.467775 0.552651 0
0  -5.722766 3.791210 39.135445  -0.006277 -0.588448 0.808511  0.469952 0.550316 0
door_01
0  -5.722779 2.928205 38.606522  -0.000110 -0.476049 0.879418  0.463962 0.546364 0
0  -5.253625 2.929591 38.603737  -0.000099 -0.476066 0.879409  0.462032 0.548735 0
0  -5.253478 3.785852 39.140766  -0.006259 -0.588263 0.808646  0.467775 0.552651 0
door_01
0  -5.253625 2.929591 38.603737  -0.000099 -0.476066 0.879409  0.462032 0.548735 0
0  -5.722779 2.928205 38.606522  -0.000110 -0.476049 0.879418  0.463962 0.546364 0
0  -5.722775 2.270690 38.317886  0.005043 -0.340821 0.940115  0.459311 0.544103 0
door_01
0  -5.253625 2.929591 38.603737  -0.000099 -0.476066 0.879409  0.462032 0.548735 0
0  -5.722775 2.270690 38.317886  0.005043 -0.340821 0.940115  0.459311 0.544103 0
0  -5.253565 2.272459 38.315819  0.005416 -0.340500 0.940229  0.457507 0.546392 0
door_01
0  -5.722775 2.270690 38.317886  0.005043 -0.340821 0.940115  0.459311 0.544103 0
0  -5.253429 1.580302 38.115437  0.002302 -0.221213 0.975223  0.452548 0.544375 0
0  -5.253565 2.272459 38.315819  0.005416 -0.340500 0.940229  0.457507 0.546392 0
door_01
0  -5.722775 2.270690 38.317886  0.005043 -0.340821 0.940115  0.459311 0.544103 0
0  -5.722755 1.580075 38.116421  0.002224 -0.221258 0.975213  0.454453 0.542430 0
0  -5.253429 1.580302 38.115437  0.002302 -0.221213 0.975223  0.452548 0.544375 0
door_01
0  -5.722722 0.688254 37.957607  0.000839 -0.174649 0.984631  0.448881 0.541675 0
0  -5.253429 1.580302 38.115437  0.002302 -0.221213 0.975223  0.452548 0.544375 0
0  -5.722755 1.580075 38.116421  0.002224 -0.221258 0.975213  0.454453 0.542430 0
door_01
0  -5.722722 0.688254 37.957607  0.000839 -0.174649 0.984631  0.448881 0.541675 0
0  -5.253239 0.688283 37.957489  0.000951 -0.174700 0.984621  0.445656 0.541888 0
0  -5.253429 1.580302 38.115437  0.002302 -0.221213 0.975223  0.452548 0.544375 0
door_01
0  -5.252705 6.432354 43.847958  0.004797 -0.997010 0.077128  0.484759 0.583931 0
0  -5.252562 6.450587 44.354504  0.000250 -0.999997 0.002370  0.484855 0.587240 0
0  -5.721801 6.450560 44.354618  0.000609 -0.999994 0.003321  0.488085 0.587243 0
door_01
0  -5.252705 6.432354 43.847958  0.004797 -0.997010 0.077128  0.484759 0.583931 0
0  -5.721801 6.450560 44.354618  0.000609 -0.999994 0.003321  0.488085 0.587243 0
0  -5.721861 6.429548 43.848621  0.004667 -0.997024 0.076949  0.487969 0.583697 0
door_01
0  -5.721919 6.371030 43.345425  0.002327 -0.988388 0.151933  0.487590 0.580173 0
0  -5.252705 6.432354 43.847958  0.004797 -0.997010 0.077128  0.484759 0.583931 0
0  -5.721861 6.429548 43.848621  0.004667 -0.997024 0.076949  0.487969 0.583697 0
door_01
0  -5.721919 6.371030 43.345425  0.002327 -0.988388 0.151933  0.487590 0.580173 0
0  -5.252847 6.374126 43.344818  0.002122 -0.988415 0.151761  0.484408 0.580644 0
0  -5.252705 6.432354 43.847958  0.004797 -0.997010 0.077128  0.484759 0.583931 0
door_01
0  -5.252954 6.274792 42.848248  -0.004228 -0.972040 0.234775  0.483794 0.577396 0
0  -5.252847 6.374126 43.344818  0.002122 -0.988415 0.151761  0.484408 0.580644 0
0  -5.721919 6.371030 43.345425  0.002327 -0.988388 0.151933  0.487590 0.580173 0
door_01
0  -5.252954 6.274792 42.848248  -0.004228 -0.972040 0.234775  0.483794 0.577396 0
0  -5.721919 6.371030 43.345425  0.002327 -0.988388 0.151933  0.487590 0.580173 0
0  -5.722096 6.279829 42.846775  -0.003836 -0.972010 0.234908  0.486957 0.576677 0
door_01
0  -5.722270 6.134763 42.361080  -0.004601 -0.949786 0.312866  0.486004 0.573256 0
0  -5.252954 6.274792 42.848248  -0.004228 -0.972040 0.234775  0.483794 0.577396 0
0  -5.722096 6.279829 42.846775  -0.003836 -0.972010 0.234908  0.486957 0.576677 0
door_01
0  -5.722270 6.134763 42.361080  -0.004601 -0.949786 0.312866  0.486004 0.573256 0
0  -5.253033 6.134792 42.360958  -0.004869 -0.949774 0.312897  0.482916 0.574202 0
0  -5.252954 6.274792 42.848248  -0.004228 -0.972040 0.234775  0.483794 0.577396 0
door_01
0  -5.253089 5.958246 41.885391  -0.004360 -0.923847 0.382736  0.481803 0.571077 0
0  -5.253033 6.134792 42.360958  -0.004869 -0.949774 0.312897  0.482916 0.574202 0
0  -5.722270 6.134763 42.361080  -0.004601 -0.949786 0.312866  0.486004 0.573256 0
door_01
0  -5.253089 5.958246 41.885391  -0.004360 -0.923847 0.382736  0.481803 0.571077 0
0  -5.722270 6.134763 42.361080  -0.004601 -0.949786 0.312866  0.486004 0.573256 0
0  -5.722318 5.962001 41.884090  -0.004170 -0.923851 0.382729  0.484826 0.569907 0
door_01
0  -5.722361 5.747369 41.425816  -0.003008 -0.891755 0.452509  0.483388 0.566665 0
0  -5.253089 5.958246 41.885391  -0.004360 -0.923847 0.382736  0.481803 0.571077 0
0  -5.722318 5.962001 41.884090  -0.004170 -0.923851 0.382729  0.484826 0.569907 0
door_01
0  -5.722361 5.747369 41.425816  -0.003008 -0.891755 0.452509  0.483388 0.566665 0
0  -5.253123 5.747398 41.425701  -0.003216 -0.891733 0.452551  0.480467 0.568048 0
0  -5.253089 5.958246 41.885391  -0.004360 -0.923847 0.382736  0.481803 0.571077 0
door_01
0  -5.253140 5.500888 40.982300  0.000272 -0.853526 0.521050  0.478897 0.565116 0
0  -5.253123 5.747398 41.425701  -0.003216 -0.891733 0.452551  0.480467 0.568048 0
0  -5.722361 5.747369 41.425816  -0.003008 -0.891755 0.452509  0.483388 0.566665 0
door_01
0  -5.253140 5.500888 40.982300  0.000272 -0.853526 0.521050  0.478897 0.565116 0
0  -5.722361 5.747369 41.425816  -0.003008 -0.891755 0.452509  0.483388 0.566665 0
0  -5.722522 5.502829 40.981384  -0.000551 -0.853379 0.521291  0.481726 0.563522 0
door_01
0  -5.722679 5.218369 40.562672  0.003364 -0.810080 0.586310  0.479803 0.560541 0
0  -5.253140 5.500888 40.982300  0.000272 -0.853526 0.521050  0.478897 0.565116 0
0  -5.722522 5.502829 40.981384  -0.000551 -0.853379 0.521291  0.481726 0.563522 0
door_01
0  -5.722679 5.218369 40.562672  0.003364 -0.810080 0.586310  0.479803 0.560541 0
0  -5.253155 5.220961 40.560871  0.003219 -0.810031 0.586378  0.477106 0.562320 0
0  -5.253140 5.500888 40.982300  0.000272 -0.853526 0.521050  0.478897 0.565116 0
door_01
0  -5.253181 4.908424 40.160618  0.003695 -0.759427 0.650582  0.475101 0.559651 0
0  -5.253155 5.220961 40.560871  0.003219 -0.810031 0.586378  0.477106 0.562320 0
0  -5.722679 5.218369 40.562672  0.003364 -0.810080 0.586310  0.479803 0.560541 0
door_01
0  -5.253181 4.908424 40.160618  0.003695 -0.759427 0.650582  0.475101 0.559651 0
0  -5.722679 5.218369 40.562672  0.003364 -0.810080 0.586310  0.479803 0.560541 0
0  -5.722729 4.907236 40.162048  0.003808 -0.759444 0.650561  0.477657 0.557701 0
door_01
0  -5.720775 5.218395 48.146561  -0.003659 -0.808028 -0.589132  0.479461 0.613859 0
0  -5.251132 4.906204 48.546600  0.000818 -0.761326 -0.648369  0.474757 0.614752 0
0  -5.720584 4.906755 48.546795  0.000740 -0.761314 -0.648383  0.477298 0.616683 0
door_01
0  -5.720775 5.218395 48.146561  -0.003659 -0.808028 -0.589132  0.479461 0.613859 0
0  -5.251293 5.218424 48.146442  -0.003836 -0.807944 -0.589247  0.476791 0.612091 0
0  -5.251132 4.906204 48.546600  0.000818 -0.761326 -0.648369  0.474757 0.614752 0
door_01
0  -5.251477 5.501225 47.725674  -0.005903 -0.851865 -0.523729  0.478633 0.609310 0
0  -5.251293 5.218424 48.146442  -0.003836 -0.807944 -0.589247  0.476791 0.612091 0
0  -5.720775 5.218395 48.146561  -0.003659 -0.808028 -0.589132  0.479461 0.613859 0
door_01
0  -5.251477 5.501225 47.725674  -0.005903 -0.851865 -0.523729  0.478633 0.609310 0
0  -5.720775 5.218395 48.146561  -0.003659 -0.808028 -0.589132  0.479461 0.613859 0
0  -5.720843 5.506582 47.729469  -0.005454 -0.851802 -0.523836  0.481439 0.610902 0
door_01
0  -5.720912 5.747499 47.283417  -0.001480 -0.892249 -0.451541  0.483142 0.607782 0
0  -5.251477 5.501225 47.725674  -0.005903 -0.851865 -0.523729  0.478633 0.609310 0
0  -5.720843 5.506582 47.729469  -0.005454 -0.851802 -0.523836  0.481439 0.610902 0
door_01
0  -5.720912 5.747499 47.283417  -0.001480 -0.892249 -0.451541  0.483142 0.607782 0
0  -5.251674 5.750077 47.284603  -0.001916 -0.892295 -0.451449  0.480250 0.606407 0
0  -5.251477 5.501225 47.725674  -0.005903 -0.851865 -0.523729  0.478633 0.609310 0
door_01
0  -5.251872 5.960051 46.823055  -0.001533 -0.924446 -0.381310  0.481617 0.603381 0
0  -5.251674 5.750077 47.284603  -0.001916 -0.892295 -0.451449  0.480250 0.606407 0
0  -5.720912 5.747499 47.283417  -0.001480 -0.892249 -0.451541  0.483142 0.607782 0
door_01
0  -5.251872 5.960051 46.823055  -0.001533 -0.924446 -0.381310  0.481617 0.603381 0
0  -5.720912 5.747499 47.283417  -0.001480 -0.892249 -0.451541  0.483142 0.607782 0
0  -5.721105 5.962539 46.823982  -0.001270 -0.924493 -0.381196  0.484625 0.604556 0
door_01
0  -5.721294 6.134763 46.348167  -0.002166 -0.950664 -0.310215  0.485835 0.601226 0
0  -5.251872 5.960051 46.823055  -0.001533 -0.924446 -0.381310  0.481617 0.603381 0
0  -5.721105 5.962539 46.823982  -0.001270 -0.924493 -0.381196  0.484625 0.604556 0
door_01
0  -5.721294 6.134763 46.348167  -0.002166 -0.950664 -0.310215  0.485835 0.601226 0
0  -5.252056 6.134793 46.348049  -0.002453 -0.950684 -0.310150  0.482756 0.600271 0
0  -5.251872 5.960051 46.823055  -0.001533 -0.924446 -0.381310  0.481617 0.603381 0
door_01
0  -5.252220 6.274715 45.860222  -0.000498 -0.972098 -0.234572  0.483672 0.597080 0
0  -5.252056 6.134793 46.348049  -0.002453 -0.950684 -0.310150  0.482756 0.600271 0
0  -5.721294 6.134763 46.348167  -0.002166 -0.950664 -0.310215  0.485835 0.601226 0
door_01
0  -5.252220 6.274715 45.860222  -0.000498 -0.972098 -0.234572  0.483672 0.597080 0
0  -5.721294 6.134763 46.348167  -0.002166 -0.950664 -0.310215  0.485835 0.601226 0
0  -5.721363 6.276151 45.861000  -0.000364 -0.972073 -0.234676  0.486813 0.597808 0
door_01
0  -5.721428 6.371152 45.363815  0.000982 -0.987749 -0.156047  0.487500 0.594325 0
0  -5.252220 6.274715 45.860222  -0.000498 -0.972098 -0.234572  0.483672 0.597080 0
0  -5.721363 6.276151 45.861000  -0.000364 -0.972073 -0.234676  0.486813 0.597808 0
door_01
0  -5.721428 6.371152 45.363815  0.000982 -0.987749 -0.156047  0.487500 0.594325 0
0  -5.252356 6.373668 45.363968  0.000785 -0.987748 -0.156055  0.484323 0.593837 0
0  -5.252220 6.274715 45.860222  -0.000498 -0.972098 -0.234572  0.483672 0.597080 0
door_01
0  -5.252459 6.432397 44.860359  -0.000991 -0.997012 -0.077235  0.484718 0.590546 0
0  -5.252356 6.373668 45.363968  0.000785 -0.987748 -0.156055  0.484323 0.593837 0
0  -5.721428 6.371152 45.363815  0.000982 -0.987749 -0.156047  0.487500 0.594325 0
door_01
0  -5.252459 6.432397 44.860359  -0.000991 -0.997012 -0.077235  0.484718 0.590546 0
0  -5.721428 6.371152 45.363815  0.000982 -0.987749 -0.156047  0.487500 0.594325 0
0  -5.721616 6.434430 44.860512  -0.000838 -0.997018 -0.077166  0.487941 0.590793 0
door_01
0  -5.721801 6.450560 44.354618  0.000609 -0.999994 0.003321  0.488085 0.587243 0
0  -5.252459 6.432397 44.860359  -0.000991 -0.997012 -0.077235  0.484718 0.590546 0
0  -5.721616 6.434430 44.860512  -0.000838 -0.997018 -0.077166  0.487941 0.590793 0
door_01
0  -5.721801 6.450560 44.354618  0.000609 -0.999994 0.003321  0.488085 0.587243 0
0  -5.252562 6.450587 44.354504  0.000250 -0.999997 0.002370  0.484855 0.587240 0
0  -5.252459 6.432397 44.860359  -0.000991 -0.997012 -0.077235  0.484718 0.590546 0
door_01
0  -5.719449 0.688206 50.751633  -0.050617 -0.184662 -0.981498  0.447891 0.632806 0
0  -5.285028 1.323572 50.609684  -0.032210 -0.185286 -0.982157  0.450353 0.630504 0
0  -5.319733 0.654205 50.729370  -0.050610 -0.184644 -0.981502  0.445118 0.632528 0
door_01
0  -5.719449 0.688206 50.751633  -0.050617 -0.184662 -0.981498  0.447891 0.632806 0
0  -5.719626 1.340558 50.620884  -0.032091 -0.185281 -0.982162  0.452086 0.632249 0
0  -5.285028 1.323572 50.609684  -0.032210 -0.185286 -0.982157  0.450353 0.630504 0
door_01
0  -5.719626 1.340558 50.620884  -0.032091 -0.185281 -0.982162  0.452086 0.632249 0
0  -5.250320 1.992938 50.490005  -0.007903 -0.254571 -0.967022  0.455206 0.628876 0
0  -5.285028 1.323572 50.609684  -0.032210 -0.185286 -0.982157  0.450353 0.630504 0
door_01
0  -5.719626 1.340558 50.620884  -0.032091 -0.185281 -0.982162  0.452086 0.632249 0
0  -5.719803 1.992910 50.490120  -0.008035 -0.253353 -0.967340  0.456768 0.631021 0
0  -5.250320 1.992938 50.490005  -0.007903 -0.254571 -0.967022  0.455206 0.628876 0
door_01
0  -5.250472 2.462157 50.322205  0.002203 -0.381461 -0.924382  0.458470 0.627365 0
0  -5.250320 1.992938 50.490005  -0.007903 -0.254571 -0.967022  0.455206 0.628876 0
0  -5.719803 1.992910 50.490120  -0.008035 -0.253353 -0.967340  0.456768 0.631021 0
door_01
0  -5.250472 2.462157 50.322205  0.002203 -0.381461 -0.924382  0.458470 0.627365 0
0  -5.719803 1.992910 50.490120  -0.008035 -0.253353 -0.967340  0.456768 0.631021 0
0  -5.719853 2.468628 50.317814  0.001842 -0.382104 -0.924117  0.460205 0.629633 0
door_01
0  -5.719909 2.927991 50.102718  0.001395 -0.450269 -0.892892  0.463484 0.627980 0
0  -5.250472 2.462157 50.322205  0.002203 -0.381461 -0.924382  0.458470 0.627365 0
0  -5.719853 2.468628 50.317814  0.001842 -0.382104 -0.924117  0.460205 0.629633 0
door_01
0  -5.719909 2.927991 50.102718  0.001395 -0.450269 -0.892892  0.463484 0.627980 0
0  -5.250662 2.914730 50.110008  0.001188 -0.449244 -0.893408  0.461563 0.625669 0
0  -5.250472 2.462157 50.322205  0.002203 -0.381461 -0.924382  0.458470 0.627365 0
door_01
0  -5.250738 3.367626 49.865776  -0.000049 -0.521692 -0.853134  0.464614 0.623832 0
0  -5.250662 2.914730 50.110008  0.001188 -0.449244 -0.893408  0.461563 0.625669 0
0  -5.719909 2.927991 50.102718  0.001395 -0.450269 -0.892892  0.463484 0.627980 0
door_01
0  -5.250738 3.367626 49.865776  -0.000049 -0.521692 -0.853134  0.464614 0.623832 0
0  -5.719909 2.927991 50.102718  0.001395 -0.450269 -0.892892  0.463484 0.627980 0
0  -5.720088 3.374128 49.861874  0.000113 -0.522231 -0.852804  0.466631 0.626145 0
door_01
0  -5.720269 3.791306 49.573784  0.000700 -0.593650 -0.804723  0.469562 0.624046 0
0  -5.250738 3.367626 49.865776  -0.000049 -0.521692 -0.853134  0.464614 0.623832 0
0  -5.720088 3.374128 49.861874  0.000113 -0.522231 -0.852804  0.466631 0.626145 0
door_01
0  -5.720269 3.791306 49.573784  0.000700 -0.593650 -0.804723  0.469562 0.624046 0
0  -5.250787 3.791334 49.573666  0.000498 -0.593438 -0.804880  0.467436 0.621751 0
0  -5.250738 3.367626 49.865776  -0.000049 -0.521692 -0.853134  0.464614 0.623832 0
door_01
0  -5.250874 4.190126 49.260803  0.003302 -0.648086 -0.761560  0.470071 0.619579 0
0  -5.250787 3.791334 49.573666  0.000498 -0.593438 -0.804880  0.467436 0.621751 0
0  -5.720269 3.791306 49.573784  0.000700 -0.593650 -0.804723  0.469562 0.624046 0
door_01
0  -5.250874 4.190126 49.260803  0.003302 -0.648086 -0.761560  0.470071 0.619579 0
0  -5.720269 3.791306 49.573784  0.000700 -0.593650 -0.804723  0.469562 0.624046 0
0  -5.720332 4.188588 49.259418  0.003629 -0.648305 -0.761372  0.472327 0.621776 0
door_01
0  -5.250993 4.563210 48.918285  0.004104 -0.705338 -0.708859  0.472518 0.617247 0
0  -5.250874 4.190126 49.260803  0.003302 -0.648086 -0.761560  0.470071 0.619579 0
0  -5.720332 4.188588 49.259418  0.003629 -0.648305 -0.761372  0.472327 0.621776 0
door_01
0  -5.250993 4.563210 48.918285  0.004104 -0.705338 -0.708859  0.472518 0.617247 0
0  -5.720332 4.188588 49.259418  0.003629 -0.648305 -0.761372  0.472327 0.621776 0
0  -5.720397 4.561122 48.916340  0.004360 -0.705612 -0.708585  0.474910 0.619320 0
door_01
0  -5.251132 4.906204 48.546600  0.000818 -0.761326 -0.648369  0.474757 0.614752 0
0  -5.250993 4.563210 48.918285  0.004104 -0.705338 -0.708859  0.472518 0.617247 0
0  -5.720397 4.561122 48.916340  0.004360 -0.705612 -0.708585  0.474910 0.619320 0
door_01
0  -5.251132 4.906204 48.546600  0.000818 -0.761326 -0.648369  0.474757 0.614752 0
0  -5.720397 4.561122 48.916340  0.004360 -0.705612 -0.708585  0.474910 0.619320 0
0  -5.720584 4.906755 48.546795  0.000740 -0.761314 -0.648383  0.477298 0.616683 0
door_01
0  -6.854999 24.226118 40.517712  0.000105 -0.989024 0.147753  0.484204 0.038167 0
0  -6.236045 24.226152 40.517578  0.000087 -0.989025 0.147745  0.484613 0.042618 0
0  -6.235579 24.448492 42.430832  0.000036 -0.996917 0.078458  0.498639 0.041634 0
door_01
0  -6.854999 24.226118 40.517712  0.000105 -0.989024 0.147753  0.484204 0.038167 0
0  -6.235579 24.448492 42.430832  0.000036 -0.996917 0.078458  0.498639 0.041634 0
0  -6.854779 24.448486 42.430965  0.000026 -0.996918 0.078456  0.498427 0.037133 0
door_01
0  -6.235579 24.448492 42.430832  0.000036 -0.996917 0.078458  0.498639 0.041634 0
0  -6.854549 24.528128 44.354866  0.000057 -0.999989 0.004740  0.512682 0.036817 0
0  -6.854779 24.448486 42.430965  0.000026 -0.996918 0.078456  0.498427 0.037133 0
door_01
0  -6.235579 24.448492 42.430832  0.000036 -0.996917 0.078458  0.498639 0.041634 0
0  -6.235106 24.528166 44.354733  0.000063 -0.999989 0.004744  0.512685 0.041292 0
0  -6.854549 24.528128 44.354866  0.000057 -0.999989 0.004740  0.512682 0.036817 0
door_01
0  -6.854549 24.528128 44.354866  0.000057 -0.999989 0.004740  0.512682 0.036817 0
0  -6.235106 24.528166 44.354733  0.000063 -0.999989 0.004744  0.512685 0.041292 0
0  -6.234623 24.466782 46.278259  0.000040 -0.996921 -0.078410  0.526733 0.041634 0
door_01
0  -6.854549 24.528128 44.354866  0.000057 -0.999989 0.004740  0.512682 0.036817 0
0  -6.234623 24.466782 46.278259  0.000040 -0.996921 -0.078410  0.526733 0.041634 0
0  -6.854309 24.466745 46.278400  0.000039 -0.996921 -0.078413  0.526949 0.037130 0
door_01
0  -6.234623 24.466782 46.278259  0.000040 -0.996921 -0.078410  0.526733 0.041634 0
0  -6.854061 24.226137 48.192039  0.000024 -0.987715 -0.156266  0.541210 0.038165 0
0  -6.854309 24.466745 46.278400  0.000039 -0.996921 -0.078413  0.526949 0.037130 0
door_01
0  -6.234623 24.466782 46.278259  0.000040 -0.996921 -0.078410  0.526733 0.041634 0
0  -6.234132 24.226173 48.191906  0.000024 -0.987715 -0.156264  0.540786 0.042624 0
0  -6.854061 24.226137 48.192039  0.000024 -0.987715 -0.156266  0.541210 0.038165 0
door_01
0  -6.854061 24.226137 48.192039  0.000024 -0.987715 -0.156266  0.541210 0.038165 0
0  -6.234132 24.226173 48.191906  0.000024 -0.987715 -0.156264  0.540786 0.042624 0
0  -6.233634 23.865082 50.082333  0.000009 -0.972374 -0.233430  0.554741 0.044293 0
door_01
0  -6.854061 24.226137 48.192039  0.000024 -0.987715 -0.156266  0.541210 0.038165 0
0  -6.233634 23.865082 50.082333  0.000009 -0.972374 -0.233430  0.554741 0.044293 0
0  -6.853809 23.865044 50.082458  0.000011 -0.972374 -0.233430  0.555380 0.039826 0
door_01
0  -6.233634 23.865082 50.082333  0.000009 -0.972374 -0.233430  0.554741 0.044293 0
0  -6.853549 23.327471 51.934719  -0.000012 -0.950817 -0.309753  0.569476 0.042207 0
0  -6.853809 23.865044 50.082458  0.000011 -0.972374 -0.233430  0.555380 0.039826 0
door_01
0  -6.233634 23.865082 50.082333  0.000009 -0.972374 -0.233430  0.554741 0.044293 0
0  -6.233129 23.327507 51.934578  -0.000013 -0.950818 -0.309751  0.568630 0.046609 0
0  -6.853549 23.327471 51.934719  -0.000012 -0.950817 -0.309753  0.569476 0.042207 0
door_01
0  -6.853549 23.327471 51.934719  -0.000012 -0.950817 -0.309753  0.569476 0.042207 0
0  -6.233129 23.327507 51.934578  -0.000013 -0.950818 -0.309751  0.568630 0.046609 0
0  -6.232625 22.672443 53.743740  -0.000023 -0.923908 -0.382615  0.582354 0.049602 0
door_01
0  -6.853549 23.327471 51.934719  -0.000012 -0.950817 -0.309753  0.569476 0.042207 0
0  -6.232625 22.672443 53.743740  -0.000023 -0.923908 -0.382615  0.582354 0.049602 0
0  -6.853289 22.672405 53.743874  -0.000021 -0.923907 -0.382617  0.583413 0.045212 0
door_01
0  -6.232625 22.672443 53.743740  -0.000023 -0.923908 -0.382615  0.582354 0.049602 0
0  -6.853026 21.854599 55.490753  -0.000043 -0.893160 -0.449738  0.597215 0.048905 0
0  -6.853289 22.672405 53.743874  -0.000021 -0.923907 -0.382617  0.583413 0.045212 0
door_01
0  -6.232625 22.672443 53.743740  -0.000023 -0.923908 -0.382615  0.582354 0.049602 0
0  -6.232119 21.854635 55.490623  -0.000044 -0.893161 -0.449738  0.595967 0.053212 0
0  -6.853026 21.854599 55.490753  -0.000043 -0.893160 -0.449738  0.597215 0.048905 0
door_01
0  -6.853026 21.854599 55.490753  -0.000043 -0.893160 -0.449738  0.597215 0.048905 0
0  -6.232119 21.854635 55.490623  -0.000044 -0.893161 -0.449738  0.595967 0.053212 0
0  -6.231611 20.938896 57.186592  -0.000062 -0.852630 -0.522514  0.609387 0.057434 0
door_01
0  -6.853026 21.854599 55.490753  -0.000043 -0.893160 -0.449738  0.597215 0.048905 0
0  -6.231611 20.938896 57.186592  -0.000062 -0.852630 -0.522514  0.609387 0.057434 0
0  -6.852762 20.938858 57.186729  -0.000064 -0.852630 -0.522516  0.610861 0.053157 0
door_01
0  -6.231611 20.938896 57.186592  -0.000062 -0.852630 -0.522514  0.609387 0.057434 0
0  -6.852502 19.843410 58.772587  -0.000073 -0.806204 -0.591637  0.624228 0.058218 0
0  -6.852762 20.938858 57.186729  -0.000064 -0.852630 -0.522516  0.610861 0.053157 0
door_01
0  -6.231611 20.938896 57.186592  -0.000062 -0.852630 -0.522514  0.609387 0.057434 0
0  -6.231107 19.843449 58.772461  -0.000071 -0.806205 -0.591637  0.622556 0.062383 0
0  -6.852502 19.843410 58.772587  -0.000073 -0.806204 -0.591637  0.624228 0.058218 0
door_01
0  -6.852502 19.843410 58.772587  -0.000073 -0.806204 -0.591637  0.624228 0.058218 0
0  -6.231107 19.843449 58.772461  -0.000071 -0.806205 -0.591637  0.622556 0.062383 0
0  -6.230603 18.658281 60.294250  -0.000087 -0.760375 -0.649484  0.635494 0.067925 0
door_01
0  -6.852502 19.843410 58.772587  -0.000073 -0.806204 -0.591637  0.624228 0.058218 0
0  -6.230603 18.658281 60.294250  -0.000087 -0.760375 -0.649484  0.635494 0.067925 0
0  -6.852243 18.658245 60.294376  -0.000087 -0.760375 -0.649484  0.637365 0.063808 0
door_01
0  -6.230603 18.658281 60.294250  -0.000087 -0.760375 -0.649484  0.635494 0.067925 0
0  -6.851993 17.343721 61.699409  -0.000095 -0.710483 -0.703714  0.650174 0.069985 0
0  -6.852243 18.658245 60.294376  -0.000087 -0.760375 -0.649484  0.637365 0.063808 0
door_01
0  -6.230603 18.658281 60.294250  -0.000087 -0.760375 -0.649484  0.635494 0.067925 0
0  -6.230109 17.343760 61.699280  -0.000099 -0.710484 -0.703713  0.648125 0.074000 0
0  -6.851993 17.343721 61.699409  -0.000095 -0.710483 -0.703714  0.650174 0.069985 0
door_01
0  -6.851747 15.961864 63.017300  -0.000130 -0.649819 -0.760089  0.662554 0.076557 0
0  -6.851993 17.343721 61.699409  -0.000095 -0.710483 -0.703714  0.650174 0.069985 0
0  -6.230109 17.343760 61.699280  -0.000099 -0.710484 -0.703713  0.648125 0.074000 0
door_01
0  -6.851747 15.961864 63.017300  -0.000130 -0.649819 -0.760089  0.662554 0.076557 0
0  -6.230109 17.343760 61.699280  -0.000099 -0.710484 -0.703713  0.648125 0.074000 0
0  -6.229619 15.961902 63.017159  -0.000134 -0.649819 -0.760089  0.660296 0.080460 0
door_01
0  -6.229137 14.416848 64.199028  -0.000129 -0.607565 -0.794270  0.672153 0.087914 0
0  -6.851747 15.961864 63.017300  -0.000130 -0.649819 -0.760089  0.662554 0.076557 0
0  -6.229619 15.961902 63.017159  -0.000134 -0.649819 -0.760089  0.660296 0.080460 0
door_01
0  -6.229137 14.416848 64.199028  -0.000129 -0.607565 -0.794270  0.672153 0.087914 0
0  -6.851510 14.416809 64.199165  -0.000126 -0.607565 -0.794270  0.674519 0.084081 0
0  -6.851747 15.961864 63.017300  -0.000130 -0.649819 -0.760089  0.662554 0.076557 0
door_01
0  -5.387809 0.531232 47.713409  -1.000000 -0.000062 0.000122  0.789502 0.163449 0
0  -5.386077 0.007504 44.354504  -1.000000 -0.000059 0.000122  0.782052 0.115652 0
0  -5.383129 0.004652 47.759457  -1.000000 -0.000071 0.000094  0.782049 0.164038 0
door_01
0  -5.387856 1.050114 47.588867  -1.000000 -0.000045 0.000170  0.796893 0.161662 0
0  -5.386077 0.007504 44.354504  -1.000000 -0.000059 0.000122  0.782052 0.115652 0
0  -5.387809 0.531232 47.713409  -1.000000 -0.000062 0.000122  0.789502 0.163449 0
door_01
0  -5.387910 1.543152 47.384689  -1.000000 -0.000080 0.000081  0.803910 0.158744 0
0  -5.386077 0.007504 44.354504  -1.000000 -0.000059 0.000122  0.782052 0.115652 0
0  -5.387856 1.050114 47.588867  -1.000000 -0.000045 0.000170  0.796893 0.161662 0
door_01
0  -5.387973 1.998172 47.105892  -1.000000 -0.000144 0.000007  0.810381 0.154769 0
0  -5.386077 0.007504 44.354504  -1.000000 -0.000059 0.000122  0.782052 0.115652 0
0  -5.387910 1.543152 47.384689  -1.000000 -0.000080 0.000081  0.803910 0.158744 0
door_01
0  -5.388040 2.403986 46.759346  -1.000000 -0.000264 -0.000080  0.816149 0.149835 0
0  -5.386077 0.007504 44.354504  -1.000000 -0.000059 0.000122  0.782052 0.115652 0
0  -5.387973 1.998172 47.105892  -1.000000 -0.000144 0.000007  0.810381 0.154769 0
door_01
0  -5.388111 2.750567 46.353592  -1.000000 0.000134 0.000264  0.821076 0.144065 0
0  -5.386077 0.007504 44.354504  -1.000000 -0.000059 0.000122  0.782052 0.115652 0
0  -5.388040 2.403986 46.759346  -1.000000 -0.000264 -0.000080  0.816149 0.149835 0
door_01
0  -5.388183 3.029404 45.898605  -1.000000 -0.000102 0.000101  0.825039 0.137600 0
0  -5.386077 0.007504 44.354504  -1.000000 -0.000059 0.000122  0.782052 0.115652 0
0  -5.388111 2.750567 46.353592  -1.000000 0.000134 0.000264  0.821076 0.144065 0
door_01
0  -5.388256 3.233673 45.405609  -1.000000 -0.000652 -0.000069  0.827942 0.130594 0
0  -5.386077 0.007504 44.354504  -1.000000 -0.000059 0.000122  0.782052 0.115652 0
0  -5.388183 3.029404 45.898605  -1.000000 -0.000102 0.000101  0.825039 0.137600 0
door_01
0  -5.388328 3.358262 44.886719  -1.000000 -0.000676 0.000025  0.829712 0.123216 0
0  -5.386077 0.007504 44.354504  -1.000000 -0.000059 0.000122  0.782052 0.115652 0
0  -5.388256 3.233673 45.405609  -1.000000 -0.000652 -0.000069  0.827942 0.130594 0
door_01
0  -5.388394 3.400164 44.354733  -1.000000 -0.000108 0.000122  0.830307 0.115652 0
0  -5.386077 0.007504 44.354504  -1.000000 -0.000059 0.000122  0.782052 0.115652 0
0  -5.388328 3.358262 44.886719  -1.000000 -0.000676 0.000025  0.829712 0.123216 0
door_01
0  -5.388457 3.358327 43.822750  -1.000000 -0.000107 0.000130  0.829712 0.108088 0
0  -5.386077 0.007504 44.354504  -1.000000 -0.000059 0.000122  0.782052 0.115652 0
0  -5.388394 3.400164 44.354733  -1.000000 -0.000108 0.000122  0.830307 0.115652 0
door_01
0  -5.388514 3.233802 43.303860  -1.000000 -0.000334 0.000210  0.827942 0.100710 0
0  -5.386077 0.007504 44.354504  -1.000000 -0.000059 0.000122  0.782052 0.115652 0
0  -5.388457 3.358327 43.822750  -1.000000 -0.000107 0.000130  0.829712 0.108088 0
door_01
0  -5.388560 3.029593 42.810825  -1.000000 -0.000104 0.000142  0.825039 0.093704 0
0  -5.386077 0.007504 44.354504  -1.000000 -0.000059 0.000122  0.782052 0.115652 0
0  -5.388514 3.233802 43.303860  -1.000000 -0.000334 0.000210  0.827942 0.100710 0
door_01
0  -5.388598 2.750811 42.355808  -1.000000 0.000056 0.000037  0.821076 0.087238 0
0  -5.386077 0.007504 44.354504  -1.000000 -0.000059 0.000122  0.782052 0.115652 0
0  -5.388560 3.029593 42.810825  -1.000000 -0.000104 0.000142  0.825039 0.093704 0
door_01
0  -5.388628 2.404279 41.950001  -1.000000 -0.000263 0.000325  0.816149 0.081468 0
0  -5.386077 0.007504 44.354504  -1.000000 -0.000059 0.000122  0.782052 0.115652 0
0  -5.388598 2.750811 42.355808  -1.000000 0.000056 0.000037  0.821076 0.087238 0
door_01
0  -5.388645 1.998507 41.603409  -1.000000 -0.000032 0.000082  0.810381 0.076534 0
0  -5.386077 0.007504 44.354504  -1.000000 -0.000059 0.000122  0.782052 0.115652 0
0  -5.388628 2.404279 41.950001  -1.000000 -0.000263 0.000325  0.816149 0.081468 0
door_01
0  -5.388652 1.543522 41.324562  -1.000000 -0.000341 0.000676  0.803910 0.072559 0
0  -5.386077 0.007504 44.354504  -1.000000 -0.000059 0.000122  0.782052 0.115652 0
0  -5.388645 1.998507 41.603409  -1.000000 -0.000032 0.000082  0.810381 0.076534 0
door_01
0  -5.388647 1.050509 41.120316  -1.000000 -0.000044 0.000075  0.796893 0.069641 0
0  -5.386077 0.007504 44.354504  -1.000000 -0.000059 0.000122  0.782052 0.115652 0
0  -5.388652 1.543522 41.324562  -1.000000 -0.000341 0.000676  0.803910 0.072559 0
door_01
0  -5.388630 0.531641 40.995712  -1.000000 -0.000076 0.000122  0.789502 0.067854 0
0  -5.386077 0.007504 44.354504  -1.000000 -0.000059 0.000122  0.782052 0.115652 0
0  -5.388647 1.050509 41.120316  -1.000000 -0.000044 0.000075  0.796893 0.069641 0
door_01
0  -5.382559 0.003476 40.948059  -1.000000 -0.000051 0.000122  0.782050 0.067265 0
0  -5.386077 0.007504 44.354504  -1.000000 -0.000059 0.000122  0.782052 0.115652 0
0  -5.388630 0.531641 40.995712  -1.000000 -0.000076 0.000122  0.789502 0.067854 0
door_01
0  -6.856361 14.416789 24.510590  0.000436 -0.649473 0.760384  0.350881 0.084034 0
0  -6.238629 14.417071 24.510454  0.000462 -0.649477 0.760381  0.353099 0.087907 0
0  -6.238499 17.343676 27.010197  0.003814 -0.676414 0.736512  0.377306 0.073972 0
door_01
0  -6.856361 14.416789 24.510590  0.000436 -0.649473 0.760384  0.350881 0.084034 0
0  -6.238499 17.343676 27.010197  0.003814 -0.676414 0.736512  0.377306 0.073972 0
0  -6.856233 17.343639 27.010334  0.003815 -0.676380 0.736543  0.375195 0.070018 0
door_01
0  -6.856233 17.343639 27.010334  0.003815 -0.676380 0.736543  0.375195 0.070018 0
0  -6.238499 17.343676 27.010197  0.003814 -0.676414 0.736512  0.377306 0.073972 0
0  -6.238225 18.705023 28.442110  0.020252 -0.760764 0.648713  0.390213 0.067706 0
door_01
0  -6.856233 17.343639 27.010334  0.003815 -0.676380 0.736543  0.375195 0.070018 0
0  -6.238225 18.705023 28.442110  0.020252 -0.760764 0.648713  0.390213 0.067706 0
0  -6.856140 18.660400 28.413879  0.019284 -0.757503 0.652546  0.388020 0.063779 0
door_01
0  -6.238225 18.705023 28.442110  0.020252 -0.760764 0.648713  0.390213 0.067706 0
0  -6.856026 19.843462 29.937162  0.017239 -0.810565 0.585394  0.401170 0.058187 0
0  -6.856140 18.660400 28.413879  0.019284 -0.757503 0.652546  0.388020 0.063779 0
door_01
0  -6.238225 18.705023 28.442110  0.020252 -0.760764 0.648713  0.390213 0.067706 0
0  -6.237930 19.887699 29.965302  0.016210 -0.812386 0.582895  0.403162 0.062220 0
0  -6.856026 19.843462 29.937162  0.017239 -0.810565 0.585394  0.401170 0.058187 0
door_01
0  -6.856026 19.843462 29.937162  0.017239 -0.810565 0.585394  0.401170 0.058187 0
0  -6.237930 19.887699 29.965302  0.016210 -0.812386 0.582895  0.403162 0.062220 0
0  -6.237789 20.911346 31.537458  -0.004210 -0.854050 0.520174  0.415999 0.057450 0
door_01
0  -6.856026 19.843462 29.937162  0.017239 -0.810565 0.585394  0.401170 0.058187 0
0  -6.237789 20.911346 31.537458  -0.004210 -0.854050 0.520174  0.415999 0.057450 0
0  -6.855898 20.924875 31.529167  -0.004179 -0.854046 0.520180  0.414532 0.053196 0
door_01
0  -6.237789 20.911346 31.537458  -0.004210 -0.854050 0.520174  0.415999 0.057450 0
0  -6.855747 21.854492 33.218994  -0.006233 -0.890394 0.455147  0.428159 0.048887 0
0  -6.855898 20.924875 31.529167  -0.004179 -0.854046 0.520180  0.414532 0.053196 0
door_01
0  -6.237789 20.911346 31.537458  -0.004210 -0.854050 0.520174  0.415999 0.057450 0
0  -6.237527 21.854528 33.218861  -0.006264 -0.890401 0.455133  0.429409 0.053176 0
0  -6.855747 21.854492 33.218994  -0.006233 -0.890394 0.455147  0.428159 0.048887 0
door_01
0  -6.855747 21.854492 33.218994  -0.006233 -0.890394 0.455147  0.428159 0.048887 0
0  -6.237527 21.854528 33.218861  -0.006264 -0.890401 0.455133  0.429409 0.053176 0
0  -6.237259 22.670673 34.961338  0.000345 -0.923857 0.382738  0.442988 0.049578 0
door_01
0  -6.855747 21.854492 33.218994  -0.006233 -0.890394 0.455147  0.428159 0.048887 0
0  -6.237259 22.670673 34.961338  0.000345 -0.923857 0.382738  0.442988 0.049578 0
0  -6.855584 22.670500 34.961483  0.000352 -0.923861 0.382728  0.441933 0.045205 0
door_01
0  -6.237259 22.670673 34.961338  0.000345 -0.923857 0.382738  0.442988 0.049578 0
0  -6.855402 23.327421 36.775028  0.000463 -0.949567 0.313565  0.455901 0.042198 0
0  -6.855584 22.670500 34.961483  0.000352 -0.923861 0.382728  0.441933 0.045205 0
door_01
0  -6.237259 22.670673 34.961338  0.000345 -0.923857 0.382738  0.442988 0.049578 0
0  -6.236936 23.327700 36.774895  0.000491 -0.949567 0.313563  0.456752 0.046583 0
0  -6.855402 23.327421 36.775028  0.000463 -0.949567 0.313565  0.455901 0.042198 0
door_01
0  -6.855402 23.327421 36.775028  0.000463 -0.949567 0.313565  0.455901 0.042198 0
0  -6.236936 23.327700 36.774895  0.000491 -0.949567 0.313563  0.456752 0.046583 0
0  -6.236522 23.879410 38.621628  0.000325 -0.972364 0.233470  0.470626 0.044222 0
door_01
0  -6.855402 23.327421 36.775028  0.000463 -0.949567 0.313565  0.455901 0.042198 0
0  -6.236522 23.879410 38.621628  0.000325 -0.972364 0.233470  0.470626 0.044222 0
0  -6.855210 23.879232 38.621773  0.000334 -0.972361 0.233482  0.469988 0.039762 0
door_01
0  -6.236522 23.879410 38.621628  0.000325 -0.972364 0.233470  0.470626 0.044222 0
0  -6.854999 24.226118 40.517712  0.000105 -0.989024 0.147753  0.484204 0.038167 0
0  -6.855210 23.879232 38.621773  0.000334 -0.972361 0.233482  0.469988 0.039762 0
door_01
0  -6.236522 23.879410 38.621628  0.000325 -0.972364 0.233470  0.470626 0.044222 0
0  -6.236045 24.226152 40.517578  0.000087 -0.989025 0.147745  0.484613 0.042618 0
0  -6.854999 24.226118 40.517712  0.000105 -0.989024 0.147753  0.484204 0.038167 0
door_01
0  -5.862244 32.382904 45.915279  -0.762184 -0.000192 -0.647361  0.008575 0.950032 0
0  -6.237492 47.671089 46.352573  -0.762180 -0.000191 -0.647365  0.122723 0.954346 0
0  -5.865552 47.732723 45.912273  -0.762318 -0.000200 -0.647203  0.122687 0.949971 0
door_01
0  -5.862244 32.382904 45.915279  -0.762184 -0.000192 -0.647361  0.008575 0.950032 0
0  -6.235586 32.374725 46.352570  -0.762321 -0.000199 -0.647199  0.008080 0.954344 0
0  -6.237492 47.671089 46.352573  -0.762180 -0.000191 -0.647365  0.122723 0.954346 0
door_01
0  -5.865552 47.732723 45.912273  -0.718125 -0.695914 -0.000444  0.122687 0.949971 0
0  -6.238451 48.119556 42.727669  -0.718102 -0.695938 -0.000449  0.126954 0.920215 0
0  -5.864938 47.736580 42.794563  -0.718248 -0.695787 -0.000414  0.122764 0.921022 0
door_01
0  -5.865552 47.732723 45.912273  -0.718125 -0.695914 -0.000444  0.122687 0.949971 0
0  -6.237666 48.119366 45.871208  -0.718256 -0.695779 -0.000412  0.126475 0.949861 0
0  -6.238451 48.119556 42.727669  -0.718102 -0.695938 -0.000449  0.126954 0.920215 0
door_01
0  -5.863116 32.383095 42.794010  -0.760904 0.648865 0.000255  0.008521 0.921072 0
0  -6.235618 31.945065 45.873295  -0.760910 0.648858 0.000251  0.004335 0.949932 0
0  -5.862244 32.382904 45.915279  -0.760910 0.648857 0.000251  0.008575 0.950032 0
door_01
0  -5.863116 32.383095 42.794010  -0.760904 0.648865 0.000255  0.008521 0.921072 0
0  -6.236477 31.945251 42.836189  -0.760903 0.648866 0.000256  0.004165 0.921275 0
0  -6.235618 31.945065 45.873295  -0.760910 0.648858 0.000251  0.004335 0.949932 0
door_01
0  -5.864938 47.736580 42.794563  -0.760617 -0.000095 0.649201  0.122764 0.921022 0
0  -6.236562 32.374725 42.356903  -0.760307 -0.000113 0.649564  0.008027 0.916757 0
0  -5.863116 32.383095 42.794010  -0.760299 -0.000114 0.649573  0.008521 0.921072 0
door_01
0  -5.864938 47.736580 42.794563  -0.760617 -0.000095 0.649201  0.122764 0.921022 0
0  -6.238470 47.671089 42.356903  -0.760625 -0.000095 0.649191  0.122670 0.916653 0
0  -6.236562 32.374725 42.356903  -0.760307 -0.000113 0.649564  0.008027 0.916757 0
door_01
0  -5.758323 47.708015 45.886169  -0.050820 -0.000125 -0.998708  0.122167 0.949383 0
0  -5.257082 47.708046 45.886051  -0.000223 -0.000000 -1.000000  0.120013 0.946582 0
0  -5.255176 32.411430 45.886051  -0.000238 0.000000 -1.000000  0.011013 0.946417 0
door_01
0  -5.758323 47.708015 45.886169  -0.050820 -0.000125 -0.998708  0.122167 0.949383 0
0  -5.255176 32.411430 45.886051  -0.000238 0.000000 -1.000000  0.011013 0.946417 0
0  -5.755876 32.411404 45.886166  -0.051490 -0.000014 -0.998674  0.009094 0.949396 0
door_01
0  -5.862244 32.382904 45.915279  -0.250248 -0.000141 -0.968182  0.008575 0.950032 0
0  -5.758323 47.708015 45.886169  -0.050820 -0.000125 -0.998708  0.122167 0.949383 0
0  -5.755876 32.411404 45.886166  -0.051490 -0.000014 -0.998674  0.009094 0.949396 0
door_01
0  -5.862244 32.382904 45.915279  -0.250248 -0.000141 -0.968182  0.008575 0.950032 0
0  -5.865552 47.732723 45.912273  -0.250325 -0.000142 -0.968162  0.122687 0.949971 0
0  -5.758323 47.708015 45.886169  -0.050820 -0.000125 -0.998708  0.122167 0.949383 0
door_01
0  -5.319733 0.654205 50.729370  -0.998854 -0.047861 0.000077  0.445118 0.632528 0
0  -5.237948 0.068180 101.004906  -0.998698 -0.051011 0.001029  0.439775 0.985581 0
0  -5.238091 0.707783 101.004951  -0.998700 -0.050965 0.001033  0.444228 0.985606 0
door_01
0  -5.319733 0.654205 50.729370  -0.998854 -0.047861 0.000077  0.445118 0.632528 0
0  -5.257082 0.064348 50.749325  -0.998540 -0.054011 0.000978  0.440890 0.632641 0
0  -5.237948 0.068180 101.004906  -0.998698 -0.051011 0.001029  0.439775 0.985581 0
door_01
0  -5.257082 0.064348 50.749325  -0.998540 -0.054011 0.000978  0.440890 0.632641 0
0  -5.319733 0.654205 50.729370  -0.998854 -0.047861 0.000077  0.445118 0.632528 0
0  -5.257863 0.064738 44.354496  -0.999998 0.001792 -0.000770  0.440550 0.587346 0
door_01
0  -5.257863 0.064738 44.354496  -0.999998 0.001792 -0.000770  0.440550 0.587346 0
0  -5.319733 0.654205 50.729370  -0.998854 -0.047861 0.000077  0.445118 0.632528 0
0  -5.285028 1.323572 50.609684  -0.999305 0.035892 -0.010054  0.450353 0.630504 0
door_01
0  -5.250320 1.992938 50.490005  -0.999569 0.028333 -0.007674  0.455206 0.628876 0
0  -5.257863 0.064738 44.354496  -0.999998 0.001792 -0.000770  0.440550 0.587346 0
0  -5.285028 1.323572 50.609684  -0.999305 0.035892 -0.010054  0.450353 0.630504 0
door_01
0  -5.250320 1.992938 50.490005  -0.999569 0.028333 -0.007674  0.455206 0.628876 0
0  -5.250472 2.462157 50.322205  -0.999873 0.015527 -0.003664  0.458470 0.627365 0
0  -5.257863 0.064738 44.354496  -0.999998 0.001792 -0.000770  0.440550 0.587346 0
door_01
0  -5.257863 0.064738 44.354496  -0.999998 0.001792 -0.000770  0.440550 0.587346 0
0  -5.250472 2.462157 50.322205  -0.999873 0.015527 -0.003664  0.458470 0.627365 0
0  -5.250662 2.914730 50.110008  -0.999999 0.000268 0.001119  0.461563 0.625669 0
door_01
0  -5.257863 0.064738 44.354496  -0.999998 0.001792 -0.000770  0.440550 0.587346 0
0  -5.250662 2.914730 50.110008  -0.999999 0.000268 0.001119  0.461563 0.625669 0
0  -5.250738 3.367626 49.865776  -0.999999 0.000475 0.001009  0.464614 0.623832 0
door_01
0  -5.250787 3.791334 49.573666  -0.999999 0.000545 0.000966  0.467436 0.621751 0
0  -5.257863 0.064738 44.354496  -0.999998 0.001792 -0.000770  0.440550 0.587346 0
0  -5.250738 3.367626 49.865776  -0.999999 0.000475 0.001009  0.464614 0.623832 0
door_01
0  -5.250787 3.791334 49.573666  -0.999999 0.000545 0.000966  0.467436 0.621751 0
0  -5.250874 4.190126 49.260803  -0.999999 0.000549 0.000962  0.470071 0.619579 0
0  -5.257863 0.064738 44.354496  -0.999998 0.001792 -0.000770  0.440550 0.587346 0
door_01
0  -5.257863 0.064738 44.354496  -0.999998 0.001792 -0.000770  0.440550 0.587346 0
0  -5.250874 4.190126 49.260803  -0.999999 0.000549 0.000962  0.470071 0.619579 0
0  -5.250993 4.563210 48.918285  -0.999999 0.000576 0.000938  0.472518 0.617247 0
door_01
0  -5.257863 0.064738 44.354496  -0.999998 0.001792 -0.000770  0.440550 0.587346 0
0  -5.250993 4.563210 48.918285  -0.999999 0.000576 0.000938  0.472518 0.617247 0
0  -5.251132 4.906204 48.546600  -0.999999 0.000607 0.000904  0.474757 0.614752 0
door_01
0  -5.251293 5.218424 48.146442  -0.999999 0.000629 0.000877  0.476791 0.612091 0
0  -5.257863 0.064738 44.354496  -0.999998 0.001792 -0.000770  0.440550 0.587346 0
0  -5.251132 4.906204 48.546600  -0.999999 0.000607 0.000904  0.474757 0.614752 0
door_01
0  -5.251293 5.218424 48.146442  -0.999999 0.000629 0.000877  0.476791 0.612091 0
0  -5.251477 5.501225 47.725674  -0.999999 0.000651 0.000844  0.478633 0.609310 0
0  -5.257863 0.064738 44.354496  -0.999998 0.001792 -0.000770  0.440550 0.587346 0
door_01
0  -5.251674 5.750077 47.284603  -0.999999 0.000684 0.000785  0.480250 0.606407 0
0  -5.257863 0.064738 44.354496  -0.999998 0.001792 -0.000770  0.440550 0.587346 0
0  -5.251477 5.501225 47.725674  -0.999999 0.000651 0.000844  0.478633 0.609310 0
door_01
0  -5.251872 5.960051 46.823055  -1.000000 0.000722 0.000704  0.481617 0.603381 0
0  -5.257863 0.064738 44.354496  -0.999998 0.001792 -0.000770  0.440550 0.587346 0
0  -5.251674 5.750077 47.284603  -0.999999 0.000684 0.000785  0.480250 0.606407 0
door_01
0  -5.251872 5.960051 46.823055  -1.000000 0.000722 0.000704  0.481617 0.603381 0
0  -5.252056 6.134793 46.348049  -1.000000 0.000757 0.000608  0.482756 0.600271 0
0  -5.257863 0.064738 44.354496  -0.999998 0.001792 -0.000770  0.440550 0.587346 0
door_01
0  -5.257863 0.064738 44.354496  -0.999998 0.001792 -0.000770  0.440550 0.587346 0
0  -5.252056 6.134793 46.348049  -1.000000 0.000757 0.000608  0.482756 0.600271 0
0  -5.252220 6.274715 45.860222  -1.000000 0.000788 0.000496  0.483672 0.597080 0
door_01
0  -5.257863 0.064738 44.354496  -0.999998 0.001792 -0.000770  0.440550 0.587346 0
0  -5.252220 6.274715 45.860222  -1.000000 0.000788 0.000496  0.483672 0.597080 0
0  -5.252356 6.373668 45.363968  -1.000000 0.000814 0.000368  0.484323 0.593837 0
door_01
0  -5.252459 6.432397 44.860359  -1.000000 0.000827 0.000267  0.484718 0.590546 0
0  -5.257863 0.064738 44.354496  -0.999998 0.001792 -0.000770  0.440550 0.587346 0
0  -5.252356 6.373668 45.363968  -1.000000 0.000814 0.000368  0.484323 0.593837 0
door_01
0  -5.252459 6.432397 44.860359  -1.000000 0.000827 0.000267  0.484718 0.590546 0
0  -5.252562 6.450587 44.354504  -1.000000 0.000830 0.000243  0.484855 0.587240 0
0  -5.257863 0.064738 44.354496  -0.999998 0.001792 -0.000770  0.440550 0.587346 0
door_01
0  -5.257863 0.064738 44.354496  -0.999998 0.001792 -0.000770  0.440550 0.587346 0
0  -5.252562 6.450587 44.354504  -1.000000 0.000830 0.000243  0.484855 0.587240 0
0  -5.252705 6.432354 43.847958  -1.000000 0.000828 0.000220  0.484759 0.583931 0
door_01
0  -5.257863 0.064738 44.354496  -0.999998 0.001792 -0.000770  0.440550 0.587346 0
0  -5.252705 6.432354 43.847958  -1.000000 0.000828 0.000220  0.484759 0.583931 0
0  -5.252847 6.374126 43.344818  -1.000000 0.000814 0.000120  0.484408 0.580644 0
door_01
0  -5.252954 6.274792 42.848248  -1.000000 0.000790 -0.000003  0.483794 0.577396 0
0  -5.257863 0.064738 44.354496  -0.999998 0.001792 -0.000770  0.440550 0.587346 0
0  -5.252847 6.374126 43.344818  -1.000000 0.000814 0.000120  0.484408 0.580644 0
door_01
0  -5.252954 6.274792 42.848248  -1.000000 0.000790 -0.000003  0.483794 0.577396 0
0  -5.253033 6.134792 42.360958  -1.000000 0.000760 -0.000109  0.482916 0.574202 0
0  -5.257863 0.064738 44.354496  -0.999998 0.001792 -0.000770  0.440550 0.587346 0
door_01
0  -5.257863 0.064738 44.354496  -0.999998 0.001792 -0.000770  0.440550 0.587346 0
0  -5.253033 6.134792 42.360958  -1.000000 0.000760 -0.000109  0.482916 0.574202 0
0  -5.253089 5.958246 41.885391  -1.000000 0.000725 -0.000204  0.481803 0.571077 0
door_01
0  -5.257863 0.064738 44.354496  -0.999998 0.001792 -0.000770  0.440550 0.587346 0
0  -5.253089 5.958246 41.885391  -1.000000 0.000725 -0.000204  0.481803 0.571077 0
0  -5.253123 5.747398 41.425701  -1.000000 0.000685 -0.000290  0.480467 0.568048 0
door_01
0  -5.253140 5.500888 40.982300  -1.000000 0.000647 -0.000357  0.478897 0.565116 0
0  -5.257863 0.064738 44.354496  -0.999998 0.001792 -0.000770  0.440550 0.587346 0
0  -5.253123 5.747398 41.425701  -1.000000 0.000685 -0.000290  0.480467 0.568048 0
door_01
0  -5.253140 5.500888 40.982300  -1.000000 0.000647 -0.000357  0.478897 0.565116 0
0  -5.253155 5.220961 40.560871  -1.000000 0.000620 -0.000398  0.477106 0.562320 0
0  -5.257863 0.064738 44.354496  -0.999998 0.001792 -0.000770  0.440550 0.587346 0
door_01
0  -5.257863 0.064738 44.354496  -0.999998 0.001792 -0.000770  0.440550 0.587346 0
0  -5.253155 5.220961 40.560871  -1.000000 0.000620 -0.000398  0.477106 0.562320 0
0  -5.253181 4.908424 40.160618  -1.000000 0.000615 -0.000405  0.475101 0.559651 0
door_01
0  -5.257863 0.064738 44.354496  -0.999998 0.001792 -0.000770  0.440550 0.587346 0
0  -5.253181 4.908424 40.160618  -1.000000 0.000615 -0.000405  0.475101 0.559651 0
0  -5.253250 4.560975 39.792786  -1.000000 0.000623 -0.000397  0.472861 0.557172 0
door_01
0  -5.253478 3.785852 39.140766  -1.000000 0.000554 -0.000446  0.467775 0.552651 0
0  -5.257863 0.064738 44.354496  -0.999998 0.001792 -0.000770  0.440550 0.587346 0
0  -5.253250 4.560975 39.792786  -1.000000 0.000623 -0.000397  0.472861 0.557172 0
door_01
0  -5.253478 3.785852 39.140766  -1.000000 0.000554 -0.000446  0.467775 0.552651 0
0  -5.253625 2.929591 38.603737  -1.000000 0.000334 -0.000570  0.462032 0.548735 0
0  -5.257863 0.064738 44.354496  -0.999998 0.001792 -0.000770  0.440550 0.587346 0
door_01
0  -5.257863 0.064738 44.354496  -0.999998 0.001792 -0.000770  0.440550 0.587346 0
0  -5.253625 2.929591 38.603737  -1.000000 0.000334 -0.000570  0.462032 0.548735 0
0  -5.253565 2.272459 38.315819  -1.000000 0.000099 -0.000675  0.457507 0.546392 0
door_01
0  -5.257863 0.064738 44.354496  -0.999998 0.001792 -0.000770  0.440550 0.587346 0
0  -5.253565 2.272459 38.315819  -1.000000 0.000099 -0.000675  0.457507 0.546392 0
0  -5.253429 1.580302 38.115437  -1.000000 -0.000037 -0.000720  0.452548 0.544375 0
door_01
0  -5.253239 0.688283 37.957489  -1.000000 -0.000064 -0.000057  0.445656 0.541888 0
0  -5.257863 0.064738 44.354496  -0.999998 0.001792 -0.000770  0.440550 0.587346 0
0  -5.253429 1.580302 38.115437  -1.000000 -0.000037 -0.000720  0.452548 0.544375 0
door_01
0  -5.253239 0.688283 37.957489  -1.000000 -0.000064 -0.000057  0.445656 0.541888 0
0  -5.253201 0.068135 37.957489  -1.000000 -0.000062 0.000237  0.441200 0.541941 0
0  -5.257863 0.064738 44.354496  -0.999998 0.001792 -0.000770  0.440550 0.587346 0
door_01
0  -5.262516 0.687668 0.002144  -1.000000 -0.000060 0.000244  0.445650 0.268807 0
0  -5.253201 0.068135 37.957489  -1.000000 -0.000062 0.000237  0.441200 0.541941 0
0  -5.253239 0.688283 37.957489  -1.000000 -0.000064 -0.000057  0.445656 0.541888 0
door_01
0  -5.262516 0.687668 0.002144  -1.000000 -0.000060 0.000244  0.445650 0.268807 0
0  -5.262479 0.068253 0.002145  -1.000000 -0.000060 0.000244  0.441204 0.268797 0
0  -5.253201 0.068135 37.957489  -1.000000 -0.000062 0.000237  0.441200 0.541941 0
door_01
0  -5.755876 32.411404 45.886166  -0.053493 0.998568 0.000079  0.009094 0.949396 0
0  -5.255176 32.411430 45.886051  -0.000053 1.000000 0.000061  0.011013 0.946417 0
0  -5.256036 32.411617 42.822956  -0.000053 1.000000 0.000064  0.011255 0.924457 0
door_01
0  -5.755876 32.411404 45.886166  -0.053493 0.998568 0.000079  0.009094 0.949396 0
0  -5.256036 32.411617 42.822956  -0.000053 1.000000 0.000064  0.011255 0.924457 0
0  -5.756739 32.411591 42.823071  -0.053568 0.998564 0.000087  0.009076 0.921680 0
door_01
0  -5.863116 32.383095 42.794010  -0.258786 0.965935 0.000133  0.008521 0.921072 0
0  -5.755876 32.411404 45.886166  -0.053493 0.998568 0.000079  0.009094 0.949396 0
0  -5.756739 32.411591 42.823071  -0.053568 0.998564 0.000087  0.009076 0.921680 0
door_01
0  -5.863116 32.383095 42.794010  -0.258786 0.965935 0.000133  0.008521 0.921072 0
0  -5.862244 32.382904 45.915279  -0.258775 0.965938 0.000129  0.008575 0.950032 0
0  -5.755876 32.411404 45.886166  -0.053493 0.998568 0.000079  0.009094 0.949396 0
door_01
0  -5.721801 6.450560 44.354618  -0.740557 -0.671985 0.003427  0.488085 0.587243 0
0  -6.233067 7.014006 44.354736  -0.740562 -0.671980 0.003251  0.493579 0.587264 0
0  -6.233133 6.991241 43.804546  -0.740539 -0.669934 0.052830  0.493444 0.583307 0
door_01
0  -5.721801 6.450560 44.354618  -0.740557 -0.671985 0.003427  0.488085 0.587243 0
0  -6.233133 6.991241 43.804546  -0.740539 -0.669934 0.052830  0.493444 0.583307 0
0  -5.721861 6.429548 43.848621  -0.740544 -0.669924 0.052878  0.487969 0.583697 0
door_01
0  -6.233133 6.991241 43.804546  -0.740539 -0.669934 0.052830  0.493444 0.583307 0
0  -5.721919 6.371030 43.345425  -0.740590 -0.664567 0.099383  0.487590 0.580173 0
0  -5.721861 6.429548 43.848621  -0.740544 -0.669924 0.052878  0.487969 0.583697 0
door_01
0  -6.233133 6.991241 43.804546  -0.740539 -0.669934 0.052830  0.493444 0.583307 0
0  -6.233194 6.927648 43.257397  -0.740602 -0.664528 0.099554  0.493021 0.579369 0
0  -5.721919 6.371030 43.345425  -0.740590 -0.664567 0.099383  0.487590 0.580173 0
door_01
0  -5.721919 6.371030 43.345425  -0.740590 -0.664567 0.099383  0.487590 0.580173 0
0  -6.233194 6.927648 43.257397  -0.740602 -0.664528 0.099554  0.493021 0.579369 0
0  -6.233377 6.828452 42.715206  -0.740980 -0.652912 0.157014  0.492348 0.575464 0
door_01
0  -5.721919 6.371030 43.345425  -0.740590 -0.664567 0.099383  0.487590 0.580173 0
0  -6.233377 6.828452 42.715206  -0.740980 -0.652912 0.157014  0.492348 0.575464 0
0  -5.722096 6.279829 42.846775  -0.740991 -0.652909 0.156978  0.486957 0.576677 0
door_01
0  -6.233377 6.828452 42.715206  -0.740980 -0.652912 0.157014  0.492348 0.575464 0
0  -5.722270 6.134763 42.361080  -0.739323 -0.638321 0.214356  0.486004 0.573256 0
0  -5.722096 6.279829 42.846775  -0.740991 -0.652909 0.156978  0.486957 0.576677 0
door_01
0  -6.233377 6.828452 42.715206  -0.740980 -0.652912 0.157014  0.492348 0.575464 0
0  -6.233553 6.670632 42.187088  -0.739235 -0.638567 0.213925  0.491263 0.571657 0
0  -5.722270 6.134763 42.361080  -0.739323 -0.638321 0.214356  0.486004 0.573256 0
door_01
0  -5.722270 6.134763 42.361080  -0.739323 -0.638321 0.214356  0.486004 0.573256 0
0  -6.233553 6.670632 42.187088  -0.739235 -0.638567 0.213925  0.491263 0.571657 0
0  -6.229599 6.475656 41.688210  -0.737407 -0.624252 0.257954  0.489916 0.568059 0
door_01
0  -5.722270 6.134763 42.361080  -0.739323 -0.638321 0.214356  0.486004 0.573256 0
0  -6.229599 6.475656 41.688210  -0.737407 -0.624252 0.257954  0.489916 0.568059 0
0  -5.722318 5.962001 41.884090  -0.737606 -0.623796 0.258489  0.484826 0.569907 0
door_01
0  -6.229599 6.475656 41.688210  -0.737407 -0.624252 0.257954  0.489916 0.568059 0
0  -5.722361 5.747369 41.425816  -0.739460 -0.601754 0.301813  0.483388 0.566665 0
0  -5.722318 5.962001 41.884090  -0.737606 -0.623796 0.258489  0.484826 0.569907 0
door_01
0  -6.229599 6.475656 41.688210  -0.737407 -0.624252 0.257954  0.489916 0.568059 0
0  -6.233652 6.249307 41.170135  -0.739304 -0.601907 0.301889  0.488355 0.564321 0
0  -5.722361 5.747369 41.425816  -0.739460 -0.601754 0.301813  0.483388 0.566665 0
door_01
0  -5.722361 5.747369 41.425816  -0.739460 -0.601754 0.301813  0.483388 0.566665 0
0  -6.233652 6.249307 41.170135  -0.739304 -0.601907 0.301889  0.488355 0.564321 0
0  -6.226413 5.963494 40.663406  -0.742998 -0.571287 0.348691  0.486373 0.560662 0
door_01
0  -5.722361 5.747369 41.425816  -0.739460 -0.601754 0.301813  0.483388 0.566665 0
0  -6.226413 5.963494 40.663406  -0.742998 -0.571287 0.348691  0.486373 0.560662 0
0  -5.722522 5.502829 40.981384  -0.742834 -0.572500 0.347047  0.481726 0.563522 0
door_01
0  -6.226413 5.963494 40.663406  -0.742998 -0.571287 0.348691  0.486373 0.560662 0
0  -5.722679 5.218369 40.562672  -0.744903 -0.539575 0.392399  0.479803 0.560541 0
0  -5.722522 5.502829 40.981384  -0.742834 -0.572500 0.347047  0.481726 0.563522 0
door_01
0  -6.226413 5.963494 40.663406  -0.742998 -0.571287 0.348691  0.486373 0.560662 0
0  -6.227386 5.662178 40.211926  -0.744801 -0.539097 0.393251  0.484284 0.557399 0
0  -5.722679 5.218369 40.562672  -0.744903 -0.539575 0.392399  0.479803 0.560541 0
door_01
0  -5.722679 5.218369 40.562672  -0.744903 -0.539575 0.392399  0.479803 0.560541 0
0  -6.227386 5.662178 40.211926  -0.744801 -0.539097 0.393251  0.484284 0.557399 0
0  -6.230879 5.329881 39.785755  -0.743815 -0.505705 0.437037  0.481980 0.554318 0
door_01
0  -5.722679 5.218369 40.562672  -0.744903 -0.539575 0.392399  0.479803 0.560541 0
0  -6.230879 5.329881 39.785755  -0.743815 -0.505705 0.437037  0.481980 0.554318 0
0  -5.722729 4.907236 40.162048  -0.743841 -0.506140 0.436490  0.477657 0.557701 0
door_01
0  -6.230879 5.329881 39.785755  -0.743815 -0.505705 0.437037  0.481980 0.554318 0
0  -5.722733 4.560946 39.792904  -0.740821 -0.453342 0.495646  0.475259 0.555044 0
0  -5.722729 4.907236 40.162048  -0.743841 -0.506140 0.436490  0.477657 0.557701 0
door_01
0  -6.230879 5.329881 39.785755  -0.743815 -0.505705 0.437037  0.481980 0.554318 0
0  -6.234035 4.959377 39.394608  -0.740746 -0.453948 0.495203  0.479412 0.551490 0
0  -5.722733 4.560946 39.792904  -0.740821 -0.453342 0.495646  0.475259 0.555044 0
door_01
0  -5.722733 4.560946 39.792904  -0.740821 -0.453342 0.495646  0.475259 0.555044 0
0  -6.234035 4.959377 39.394608  -0.740746 -0.453948 0.495203  0.479412 0.551490 0
0  -6.234071 4.122262 38.679745  -0.740439 -0.395058 0.543764  0.473626 0.546343 0
door_01
0  -5.722733 4.560946 39.792904  -0.740821 -0.453342 0.495646  0.475259 0.555044 0
0  -6.234071 4.122262 38.679745  -0.740439 -0.395058 0.543764  0.473626 0.546343 0
0  -5.722766 3.791210 39.135445  -0.740425 -0.395084 0.543765  0.469952 0.550316 0
door_01
0  -5.722766 3.791210 39.135445  -0.740425 -0.395084 0.543765  0.469952 0.550316 0
0  -6.234071 4.122262 38.679745  -0.740439 -0.395058 0.543764  0.473626 0.546343 0
0  -6.234085 3.183819 38.104614  -0.739857 -0.317211 0.593287  0.467182 0.542245 0
door_01
0  -5.722766 3.791210 39.135445  -0.740425 -0.395084 0.543765  0.469952 0.550316 0
0  -6.234085 3.183819 38.104614  -0.739857 -0.317211 0.593287  0.467182 0.542245 0
0  -5.722779 2.928205 38.606522  -0.739859 -0.317471 0.593145  0.463962 0.546364 0
door_01
0  -5.722779 2.928205 38.606522  -0.739859 -0.317471 0.593145  0.463962 0.546364 0
0  -6.234085 3.183819 38.104614  -0.739857 -0.317211 0.593287  0.467182 0.542245 0
0  -6.234078 2.426103 37.776619  -0.740587 -0.228173 0.632034  0.462021 0.539970 0
door_01
0  -5.722779 2.928205 38.606522  -0.739859 -0.317471 0.593145  0.463962 0.546364 0
0  -6.234078 2.426103 37.776619  -0.740587 -0.228173 0.632034  0.462021 0.539970 0
0  -5.722775 2.270690 38.317886  -0.740527 -0.230744 0.631171  0.459311 0.544103 0
door_01
0  -6.234078 2.426103 37.776619  -0.740587 -0.228173 0.632034  0.462021 0.539970 0
0  -5.722755 1.580075 38.116421  -0.745871 -0.160185 0.646542  0.454453 0.542430 0
0  -5.722775 2.270690 38.317886  -0.740527 -0.230744 0.631171  0.459311 0.544103 0
door_01
0  -6.234078 2.426103 37.776619  -0.740587 -0.228173 0.632034  0.462021 0.539970 0
0  -6.234058 1.628969 37.540859  -0.746602 -0.155265 0.646899  0.456647 0.538427 0
0  -5.722755 1.580075 38.116421  -0.745871 -0.160185 0.646542  0.454453 0.542430 0
door_01
0  -5.722722 0.688254 37.957607  -0.751158 -0.120819 0.648971  0.448881 0.541675 0
0  -5.722755 1.580075 38.116421  -0.745871 -0.160185 0.646542  0.454453 0.542430 0
0  -6.234058 1.628969 37.540859  -0.746602 -0.155265 0.646899  0.456647 0.538427 0
door_01
0  -5.722722 0.688254 37.957607  -0.751158 -0.120819 0.648971  0.448881 0.541675 0
0  -6.234058 1.628969 37.540859  -0.746602 -0.155265 0.646899  0.456647 0.538427 0
0  -6.234046 1.249776 37.463230  -0.751148 -0.120822 0.648982  0.454111 0.537968 0
door_01
0  -6.798743 22.462721 28.034176  -0.709374 0.570176 -0.414353  0.391720 0.034499 0
0  -7.217860 23.326952 30.056995  -0.709523 0.600863 -0.368159  0.407595 0.033075 0
0  -6.798494 23.686947 29.836313  -0.709527 0.600861 -0.368153  0.406190 0.029003 0
door_01
0  -6.798743 22.462721 28.034176  -0.709374 0.570176 -0.414353  0.391720 0.034499 0
0  -7.218005 22.121374 28.282225  -0.709368 0.570175 -0.414364  0.393322 0.038515 0
0  -7.217860 23.326952 30.056995  -0.709523 0.600863 -0.368159  0.407595 0.033075 0
door_01
0  -7.218132 20.802568 26.584076  -0.709690 0.535744 -0.457514  0.379189 0.044401 0
0  -7.218005 22.121374 28.282225  -0.709368 0.570175 -0.414364  0.393322 0.038515 0
0  -6.798743 22.462721 28.034176  -0.709374 0.570176 -0.414353  0.391720 0.034499 0
door_01
0  -7.218132 20.802568 26.584076  -0.709690 0.535744 -0.457514  0.379189 0.044401 0
0  -6.798743 22.462721 28.034176  -0.709374 0.570176 -0.414353  0.391720 0.034499 0
0  -6.799014 21.123577 26.309843  -0.709690 0.535748 -0.457508  0.377400 0.040482 0
door_01
0  -6.799221 19.633087 24.721037  -0.709556 0.493831 -0.502654  0.363513 0.047345 0
0  -7.218132 20.802568 26.584076  -0.709690 0.535744 -0.457514  0.379189 0.044401 0
0  -6.799014 21.123577 26.309843  -0.709690 0.535748 -0.457508  0.377400 0.040482 0
door_01
0  -6.799221 19.633087 24.721037  -0.709556 0.493831 -0.502654  0.363513 0.047345 0
0  -7.218232 19.334705 25.019423  -0.709553 0.493309 -0.503170  0.365474 0.051165 0
0  -7.218132 20.802568 26.584076  -0.709690 0.535744 -0.457514  0.379189 0.044401 0
door_01
0  -6.799258 18.781816 23.993977  -0.708531 0.458310 -0.536596  0.356563 0.051327 0
0  -7.218232 19.334705 25.019423  -0.709553 0.493309 -0.503170  0.365474 0.051165 0
0  -6.799221 19.633087 24.721037  -0.709556 0.493831 -0.502654  0.363513 0.047345 0
door_01
0  -6.799258 18.781816 23.993977  -0.708531 0.458310 -0.536596  0.356563 0.051327 0
0  -7.218283 18.212938 24.061392  -0.708538 0.458302 -0.536594  0.356371 0.056477 0
0  -7.218232 19.334705 25.019423  -0.709553 0.493309 -0.503170  0.365474 0.051165 0
door_01
0  -7.216091 27.275320 46.499306  -0.707899 0.704127 0.055537  0.527963 0.015859 0
0  -7.215814 27.007095 48.632614  -0.707487 0.698032 0.110518  0.543219 0.017078 0
0  -6.794324 27.423862 48.698502  -0.707482 0.698034 0.110537  0.543630 0.012761 0
door_01
0  -7.216091 27.275320 46.499306  -0.707899 0.704127 0.055537  0.527963 0.015859 0
0  -6.794324 27.423862 48.698502  -0.707482 0.698034 0.110537  0.543630 0.012761 0
0  -6.794845 27.696226 46.532288  -0.707903 0.704123 0.055544  0.528167 0.011548 0
door_01
0  -6.795362 27.765684 44.354874  -0.707861 0.706345 -0.003190  0.512703 0.011267 0
0  -7.216091 27.275320 46.499306  -0.707899 0.704127 0.055537  0.527963 0.015859 0
0  -6.794845 27.696226 46.532288  -0.707903 0.704123 0.055544  0.528167 0.011548 0
door_01
0  -6.795362 27.765684 44.354874  -0.707861 0.706345 -0.003190  0.512703 0.011267 0
0  -7.216358 27.343781 44.354980  -0.707864 0.706341 -0.003309  0.512704 0.015593 0
0  -7.216091 27.275320 46.499306  -0.707899 0.704127 0.055537  0.527963 0.015859 0
door_01
0  -7.216614 27.254995 42.210220  -0.707938 0.704108 -0.055282  0.497426 0.016016 0
0  -7.216358 27.343781 44.354980  -0.707864 0.706341 -0.003309  0.512704 0.015593 0
0  -6.795362 27.765684 44.354874  -0.707861 0.706345 -0.003190  0.512703 0.011267 0
door_01
0  -7.216614 27.254995 42.210220  -0.707938 0.704108 -0.055282  0.497426 0.016016 0
0  -6.795362 27.765684 44.354874  -0.707861 0.706345 -0.003190  0.512703 0.011267 0
0  -6.795869 27.675421 42.177032  -0.707935 0.704111 -0.055275  0.497221 0.011699 0
door_01
0  -6.796362 27.423660 40.011246  -0.708144 0.698317 -0.104330  0.481755 0.012745 0
0  -7.216614 27.254995 42.210220  -0.707938 0.704108 -0.055282  0.497426 0.016016 0
0  -6.795869 27.675421 42.177032  -0.707935 0.704111 -0.055275  0.497221 0.011699 0
door_01
0  -6.796362 27.423660 40.011246  -0.708144 0.698317 -0.104330  0.481755 0.012745 0
0  -7.216859 27.007126 40.077339  -0.708139 0.698348 -0.104161  0.482164 0.017050 0
0  -7.216614 27.254995 42.210220  -0.707938 0.704108 -0.055282  0.497426 0.016016 0
door_01
0  -7.217094 26.620506 37.963760  -0.708801 0.685954 -0.164526  0.466969 0.018666 0
0  -7.216859 27.007126 40.077339  -0.708139 0.698348 -0.104161  0.482164 0.017050 0
0  -6.796362 27.423660 40.011246  -0.708144 0.698317 -0.104330  0.481755 0.012745 0
door_01
0  -7.217094 26.620506 37.963760  -0.708801 0.685954 -0.164526  0.466969 0.018666 0
0  -6.796362 27.423660 40.011246  -0.708144 0.698317 -0.104330  0.481755 0.012745 0
0  -6.796843 27.031076 37.865067  -0.708795 0.685961 -0.164519  0.466360 0.014403 0
door_01
0  -6.797305 26.406586 35.774570  -0.708643 0.670028 -0.221106  0.451121 0.017133 0
0  -7.217094 26.620506 37.963760  -0.708801 0.685954 -0.164526  0.466969 0.018666 0
0  -6.796843 27.031076 37.865067  -0.708795 0.685961 -0.164519  0.466360 0.014403 0
door_01
0  -6.797305 26.406586 35.774570  -0.708643 0.670028 -0.221106  0.451121 0.017133 0
0  -7.217309 26.005430 35.905029  -0.708639 0.669999 -0.221208  0.451933 0.021386 0
0  -7.217094 26.620506 37.963760  -0.708801 0.685954 -0.164526  0.466969 0.018666 0
door_01
0  -7.217510 25.273081 33.883297  -0.709120 0.651458 -0.269723  0.436945 0.024515 0
0  -7.217309 26.005430 35.905029  -0.708639 0.669999 -0.221208  0.451933 0.021386 0
0  -6.797305 26.406586 35.774570  -0.708643 0.670028 -0.221106  0.451121 0.017133 0
door_01
0  -7.217510 25.273081 33.883297  -0.709120 0.651458 -0.269723  0.436945 0.024515 0
0  -6.797305 26.406586 35.774570  -0.708643 0.670028 -0.221106  0.451121 0.017133 0
0  -6.797776 25.663044 33.721642  -0.709125 0.651459 -0.269709  0.435933 0.020326 0
door_01
0  -6.798183 24.739351 31.749174  -0.709203 0.628435 -0.319532  0.421005 0.024408 0
0  -7.217510 25.273081 33.883297  -0.709120 0.651458 -0.269723  0.436945 0.024515 0
0  -6.797776 25.663044 33.721642  -0.709125 0.651459 -0.269709  0.435933 0.020326 0
door_01
0  -6.798183 24.739351 31.749174  -0.709203 0.628435 -0.319532  0.421005 0.024408 0
0  -7.217693 24.363337 31.940792  -0.709216 0.628424 -0.319524  0.422218 0.028558 0
0  -7.217510 25.273081 33.883297  -0.709120 0.651458 -0.269723  0.436945 0.024515 0
door_01
0  -7.217860 23.326952 30.056995  -0.709523 0.600863 -0.368159  0.407595 0.033075 0
0  -7.217693 24.363337 31.940792  -0.709216 0.628424 -0.319524  0.422218 0.028558 0
0  -6.798183 24.739351 31.749174  -0.709203 0.628435 -0.319532  0.421005 0.024408 0
door_01
0  -7.217860 23.326952 30.056995  -0.709523 0.600863 -0.368159  0.407595 0.033075 0
0  -6.798183 24.739351 31.749174  -0.709203 0.628435 -0.319532  0.421005 0.024408 0
0  -6.798494 23.686947 29.836313  -0.709527 0.600861 -0.368153  0.406190 0.029003 0
door_01
0  -7.213508 19.334789 63.690544  -0.705507 0.496315 0.505896  0.659915 0.051229 0
0  -7.213322 18.212906 64.648567  -0.704220 0.460986 0.539968  0.669005 0.056609 0
0  -6.789398 18.781773 64.715790  -0.704255 0.460941 0.539961  0.668835 0.051410 0
door_01
0  -7.213508 19.334789 63.690544  -0.705507 0.496315 0.505896  0.659915 0.051229 0
0  -6.789398 18.781773 64.715790  -0.704255 0.460941 0.539961  0.668835 0.051410 0
0  -6.789783 19.633139 63.988716  -0.705514 0.496908 0.505304  0.661890 0.047396 0
door_01
0  -7.213788 20.800217 62.124245  -0.705895 0.538488 0.460154  0.646198 0.044452 0
0  -7.213508 19.334789 63.690544  -0.705507 0.496315 0.505896  0.659915 0.051229 0
0  -6.789783 19.633139 63.988716  -0.705514 0.496908 0.505304  0.661890 0.047396 0
door_01
0  -7.213788 20.800217 62.124245  -0.705895 0.538488 0.460154  0.646198 0.044452 0
0  -6.789783 19.633139 63.988716  -0.705514 0.496908 0.505304  0.661890 0.047396 0
0  -6.790357 21.121147 62.398247  -0.705900 0.538478 0.460160  0.647998 0.040516 0
door_01
0  -6.790848 22.462683 60.675575  -0.705921 0.571003 0.419084  0.633675 0.034506 0
0  -7.213788 20.800217 62.124245  -0.705895 0.538488 0.460154  0.646198 0.044452 0
0  -6.790357 21.121147 62.398247  -0.705900 0.538478 0.460160  0.647998 0.040516 0
door_01
0  -6.790848 22.462683 60.675575  -0.705921 0.571003 0.419084  0.633675 0.034506 0
0  -7.214076 22.121363 60.427734  -0.705915 0.570964 0.419146  0.632064 0.038543 0
0  -7.213788 20.800217 62.124245  -0.705895 0.538488 0.460154  0.646198 0.044452 0
door_01
0  -7.214365 23.342466 58.659821  -0.706598 0.603252 0.369873  0.617807 0.033021 0
0  -7.214076 22.121363 60.427734  -0.705915 0.570964 0.419146  0.632064 0.038543 0
0  -6.790848 22.462683 60.675575  -0.705921 0.571003 0.419084  0.633675 0.034506 0
door_01
0  -7.214365 23.342466 58.659821  -0.706598 0.603252 0.369873  0.617807 0.033021 0
0  -6.790848 22.462683 60.675575  -0.705921 0.571003 0.419084  0.633675 0.034506 0
0  -6.791365 23.702690 58.880398  -0.706598 0.603248 0.369880  0.619216 0.028935 0
door_01
0  -6.791927 24.739277 56.960575  -0.706414 0.632106 0.318468  0.604396 0.024416 0
0  -7.214365 23.342466 58.659821  -0.706598 0.603252 0.369873  0.617807 0.033021 0
0  -6.791365 23.702690 58.880398  -0.706598 0.603248 0.369880  0.619216 0.028935 0
door_01
0  -6.791927 24.739277 56.960575  -0.706414 0.632106 0.318468  0.604396 0.024416 0
0  -7.214659 24.363287 56.769165  -0.706413 0.632152 0.318378  0.603177 0.028585 0
0  -7.214365 23.342466 58.659821  -0.706598 0.603252 0.369873  0.617807 0.033021 0
door_01
0  -7.214953 25.275055 54.821747  -0.706830 0.653482 0.270837  0.588413 0.024529 0
0  -7.214659 24.363287 56.769165  -0.706413 0.632152 0.318378  0.603177 0.028585 0
0  -6.791927 24.739277 56.960575  -0.706414 0.632106 0.318468  0.604396 0.024416 0
door_01
0  -7.214953 25.275055 54.821747  -0.706830 0.653482 0.270837  0.588413 0.024529 0
0  -6.791927 24.739277 56.960575  -0.706414 0.632106 0.318468  0.604396 0.024416 0
0  -6.792596 25.665010 54.983116  -0.706830 0.653477 0.270848  0.589427 0.020328 0
door_01
0  -6.793254 26.406513 52.935177  -0.706917 0.672476 0.219191  0.574280 0.017146 0
0  -7.214953 25.275055 54.821747  -0.706830 0.653482 0.270837  0.588413 0.024529 0
0  -6.792596 25.665010 54.983116  -0.706830 0.653477 0.270848  0.589427 0.020328 0
door_01
0  -6.793254 26.406513 52.935177  -0.706917 0.672476 0.219191  0.574280 0.017146 0
0  -7.215243 26.005373 52.804928  -0.706913 0.672481 0.219189  0.573465 0.021405 0
0  -7.214953 25.275055 54.821747  -0.706830 0.653482 0.270837  0.588413 0.024529 0
door_01
0  -7.215532 26.604605 50.740044  -0.707423 0.687225 0.165151  0.558396 0.018758 0
0  -7.215243 26.005373 52.804928  -0.706913 0.672481 0.219189  0.573465 0.021405 0
0  -6.793254 26.406513 52.935177  -0.706917 0.672476 0.219191  0.574280 0.017146 0
door_01
0  -7.215532 26.604605 50.740044  -0.707423 0.687225 0.165151  0.558396 0.018758 0
0  -6.793254 26.406513 52.935177  -0.706917 0.672476 0.219191  0.574280 0.017146 0
0  -6.793814 27.015076 50.838436  -0.707425 0.687220 0.165162  0.559008 0.014484 0
door_01
0  -6.794324 27.423862 48.698502  -0.707482 0.698034 0.110537  0.543630 0.012761 0
0  -7.215532 26.604605 50.740044  -0.707423 0.687225 0.165151  0.558396 0.018758 0
0  -6.793814 27.015076 50.838436  -0.707425 0.687220 0.165162  0.559008 0.014484 0
door_01
0  -6.794324 27.423862 48.698502  -0.707482 0.698034 0.110537  0.543630 0.012761 0
0  -7.215814 27.007095 48.632614  -0.707487 0.698032 0.110518  0.543219 0.017078 0
0  -7.215532 26.604605 50.740044  -0.707423 0.687225 0.165151  0.558396 0.018758 0
door_01
0  -5.758487 47.707958 42.823074  -0.049798 -0.998759 -0.000679  0.122202 0.921648 0
0  -5.865552 47.732723 45.912273  -0.242097 -0.970252 -0.000614  0.122687 0.949971 0
0  -5.864938 47.736580 42.794563  -0.242179 -0.970231 -0.000612  0.122764 0.921022 0
door_01
0  -5.758487 47.707958 42.823074  -0.049798 -0.998759 -0.000679  0.122202 0.921648 0
0  -5.758323 47.708015 45.886169  -0.049382 -0.998780 -0.000122  0.122167 0.949383 0
0  -5.865552 47.732723 45.912273  -0.242097 -0.970252 -0.000614  0.122687 0.949971 0
door_01
0  -5.758487 47.707958 42.823074  -0.049798 -0.998759 -0.000679  0.122202 0.921648 0
0  -5.257082 47.708046 45.886051  0.000061 -1.000000 0.000020  0.120013 0.946582 0
0  -5.758323 47.708015 45.886169  -0.049382 -0.998780 -0.000122  0.122167 0.949383 0
door_01
0  -5.758487 47.707958 42.823074  -0.049798 -0.998759 -0.000679  0.122202 0.921648 0
0  -5.257945 47.707989 42.822960  0.000061 -1.000000 0.000018  0.120256 0.924617 0
0  -5.257082 47.708046 45.886051  0.000061 -1.000000 0.000020  0.120013 0.946582 0
door_01
0  -5.756739 32.411591 42.823071  -0.053421 -0.000031 0.998572  0.009076 0.921680 0
0  -5.256036 32.411617 42.822956  0.000207 -0.000000 1.000000  0.011255 0.924457 0
0  -5.257945 47.707989 42.822960  0.000245 -0.000000 1.000000  0.120256 0.924617 0
door_01
0  -5.756739 32.411591 42.823071  -0.053421 -0.000031 0.998572  0.009076 0.921680 0
0  -5.257945 47.707989 42.822960  0.000245 -0.000000 1.000000  0.120256 0.924617 0
0  -5.758487 47.707958 42.823074  -0.053496 -0.000024 0.998568  0.122202 0.921648 0
door_01
0  -5.864938 47.736580 42.794563  -0.261059 -0.000046 0.965323  0.122764 0.921022 0
0  -5.756739 32.411591 42.823071  -0.053421 -0.000031 0.998572  0.009076 0.921680 0
0  -5.758487 47.707958 42.823074  -0.053496 -0.000024 0.998568  0.122202 0.921648 0
door_01
0  -5.864938 47.736580 42.794563  -0.261059 -0.000046 0.965323  0.122764 0.921022 0
0  -5.863116 32.383095 42.794010  -0.261288 -0.000049 0.965261  0.008521 0.921072 0
0  -5.756739 32.411591 42.823071  -0.053421 -0.000031 0.998572  0.009076 0.921680 0
door_01
0  -6.855747 21.854492 33.218994  -0.830468 -0.496518 0.252572  0.428159 0.048887 0
0  -7.217441 22.334953 32.974258  -0.830464 -0.496516 0.252588  0.426839 0.044368 0
0  -7.217594 21.384909 31.247286  -0.830618 -0.474746 0.291015  0.412996 0.048741 0
door_01
0  -6.855747 21.854492 33.218994  -0.830468 -0.496518 0.252572  0.428159 0.048887 0
0  -7.217594 21.384909 31.247286  -0.830618 -0.474746 0.291015  0.412996 0.048741 0
0  -6.855898 20.924875 31.529167  -0.830617 -0.474746 0.291017  0.414532 0.053196 0
door_01
0  -7.217594 21.384909 31.247286  -0.830618 -0.474746 0.291015  0.412996 0.048741 0
0  -6.856026 19.843462 29.937162  -0.830469 -0.450583 0.327562  0.401170 0.058187 0
0  -6.855898 20.924875 31.529167  -0.830617 -0.474746 0.291017  0.414532 0.053196 0
door_01
0  -7.217594 21.384909 31.247286  -0.830618 -0.474746 0.291015  0.412996 0.048741 0
0  -7.217726 20.279736 29.620270  -0.830468 -0.450587 0.327557  0.399426 0.053814 0
0  -6.856026 19.843462 29.937162  -0.830469 -0.450583 0.327562  0.401170 0.058187 0
door_01
0  -6.856026 19.843462 29.937162  -0.830469 -0.450583 0.327562  0.401170 0.058187 0
0  -7.217726 20.279736 29.620270  -0.830468 -0.450587 0.327557  0.399426 0.053814 0
0  -7.217843 19.070696 28.063492  -0.830624 -0.423368 0.361695  0.386067 0.059490 0
door_01
0  -6.856026 19.843462 29.937162  -0.830469 -0.450583 0.327562  0.401170 0.058187 0
0  -7.217843 19.070696 28.063492  -0.830624 -0.423368 0.361695  0.386067 0.059490 0
0  -6.856140 18.660400 28.413879  -0.830625 -0.423364 0.361696  0.388020 0.063779 0
door_01
0  -7.217843 19.070696 28.063492  -0.830624 -0.423368 0.361695  0.386067 0.059490 0
0  -6.856233 17.343639 27.010334  -0.830251 -0.377840 0.409781  0.375195 0.070018 0
0  -6.856140 18.660400 28.413879  -0.830625 -0.423364 0.361696  0.388020 0.063779 0
door_01
0  -7.217843 19.070696 28.063492  -0.830624 -0.423368 0.361695  0.386067 0.059490 0
0  -7.217937 17.724985 26.629095  -0.830263 -0.378268 0.409361  0.373050 0.065812 0
0  -6.856233 17.343639 27.010334  -0.830251 -0.377840 0.409781  0.375195 0.070018 0
door_01
0  -6.856233 17.343639 27.010334  -0.830251 -0.377840 0.409781  0.375195 0.070018 0
0  -7.217937 17.724985 26.629095  -0.830263 -0.378268 0.409361  0.373050 0.065812 0
0  -7.218049 15.143822 24.424637  -0.829656 -0.362547 0.424536  0.351676 0.078177 0
door_01
0  -6.856233 17.343639 27.010334  -0.830251 -0.377840 0.409781  0.375195 0.070018 0
0  -7.218049 15.143822 24.424637  -0.829656 -0.362547 0.424536  0.351676 0.078177 0
0  -6.856361 14.416789 24.510590  -0.829655 -0.362548 0.424537  0.350881 0.084034 0
door_01
0  -7.215460 24.389643 50.208488  -0.830651 -0.541439 -0.129859  0.556048 0.035161 0
0  -6.854061 24.226137 48.192039  -0.830450 -0.550266 -0.086945  0.541210 0.038165 0
0  -6.853809 23.865044 50.082458  -0.830649 -0.541440 -0.129864  0.555380 0.039826 0
door_01
0  -7.215460 24.389643 50.208488  -0.830651 -0.541439 -0.129859  0.556048 0.035161 0
0  -7.215719 24.758579 48.276501  -0.830441 -0.550279 -0.086954  0.541657 0.033479 0
0  -6.854061 24.226137 48.192039  -0.830450 -0.550266 -0.086945  0.541210 0.038165 0
door_01
0  -6.854061 24.226137 48.192039  -0.830450 -0.550266 -0.086945  0.541210 0.038165 0
0  -7.215719 24.758579 48.276501  -0.830441 -0.550279 -0.086954  0.541657 0.033479 0
0  -7.215972 25.004581 46.320793  -0.830631 -0.555117 -0.043561  0.527174 0.032422 0
door_01
0  -6.854061 24.226137 48.192039  -0.830450 -0.550266 -0.086945  0.541210 0.038165 0
0  -7.215972 25.004581 46.320793  -0.830631 -0.555117 -0.043561  0.527174 0.032422 0
0  -6.854309 24.466745 46.278400  -0.830631 -0.555117 -0.043553  0.526949 0.037130 0
door_01
0  -7.215972 25.004581 46.320793  -0.830631 -0.555117 -0.043561  0.527174 0.032422 0
0  -6.854549 24.528128 44.354866  -0.830509 -0.556998 0.002795  0.512682 0.036817 0
0  -6.854309 24.466745 46.278400  -0.830631 -0.555117 -0.043553  0.526949 0.037130 0
door_01
0  -7.215972 25.004581 46.320793  -0.830631 -0.555117 -0.043561  0.527174 0.032422 0
0  -7.216216 25.067413 44.354977  -0.830520 -0.556983 0.002690  0.512693 0.032109 0
0  -6.854549 24.528128 44.354866  -0.830509 -0.556998 0.002795  0.512682 0.036817 0
door_01
0  -6.854549 24.528128 44.354866  -0.830509 -0.556998 0.002795  0.512682 0.036817 0
0  -7.216216 25.067413 44.354977  -0.830520 -0.556983 0.002690  0.512693 0.032109 0
0  -7.216452 24.985910 42.388763  -0.830421 -0.555410 0.043814  0.498205 0.032431 0
door_01
0  -6.854549 24.528128 44.354866  -0.830509 -0.556998 0.002795  0.512682 0.036817 0
0  -7.216452 24.985910 42.388763  -0.830421 -0.555410 0.043814  0.498205 0.032431 0
0  -6.854779 24.448486 42.430965  -0.830420 -0.555413 0.043810  0.498427 0.037133 0
door_01
0  -7.216452 24.985910 42.388763  -0.830421 -0.555410 0.043814  0.498205 0.032431 0
0  -6.854999 24.226118 40.517712  -0.830416 -0.551025 0.082346  0.484204 0.038167 0
0  -6.854779 24.448486 42.430965  -0.830420 -0.555413 0.043810  0.498427 0.037133 0
door_01
0  -7.216452 24.985910 42.388763  -0.830421 -0.555410 0.043814  0.498205 0.032431 0
0  -7.216677 24.758570 40.433449  -0.830408 -0.551012 0.082513  0.483746 0.033487 0
0  -6.854999 24.226118 40.517712  -0.830416 -0.551025 0.082346  0.484204 0.038167 0
door_01
0  -6.854999 24.226118 40.517712  -0.830416 -0.551025 0.082346  0.484204 0.038167 0
0  -7.216677 24.758570 40.433449  -0.830408 -0.551012 0.082513  0.483746 0.033487 0
0  -7.216892 24.404150 38.495823  -0.830768 -0.541216 0.130038  0.469319 0.035089 0
door_01
0  -6.854999 24.226118 40.517712  -0.830416 -0.551025 0.082346  0.484204 0.038167 0
0  -7.216892 24.404150 38.495823  -0.830768 -0.541216 0.130038  0.469319 0.035089 0
0  -6.855210 23.879232 38.621773  -0.830766 -0.541216 0.130049  0.469988 0.039762 0
door_01
0  -7.216892 24.404150 38.495823  -0.830768 -0.541216 0.130038  0.469319 0.035089 0
0  -6.855402 23.327421 36.775028  -0.830499 -0.528894 0.174763  0.455901 0.042198 0
0  -6.855210 23.879232 38.621773  -0.830766 -0.541216 0.130049  0.469988 0.039762 0
door_01
0  -7.216892 24.404150 38.495823  -0.830768 -0.541216 0.130038  0.469319 0.035089 0
0  -7.217088 23.840345 36.608482  -0.830506 -0.528911 0.174679  0.455021 0.037574 0
0  -6.855402 23.327421 36.775028  -0.830499 -0.528894 0.174763  0.455901 0.042198 0
door_01
0  -6.855402 23.327421 36.775028  -0.830499 -0.528894 0.174763  0.455901 0.042198 0
0  -7.217088 23.840345 36.608482  -0.830506 -0.528911 0.174679  0.455021 0.037574 0
0  -7.217274 23.168970 34.755054  -0.830619 -0.514415 0.213189  0.440829 0.040624 0
door_01
0  -6.855402 23.327421 36.775028  -0.830499 -0.528894 0.174763  0.455901 0.042198 0
0  -7.217274 23.168970 34.755054  -0.830619 -0.514415 0.213189  0.440829 0.040624 0
0  -6.855584 22.670500 34.961483  -0.830621 -0.514411 0.213187  0.441933 0.045205 0
door_01
0  -7.217274 23.168970 34.755054  -0.830619 -0.514415 0.213189  0.440829 0.040624 0
0  -6.855747 21.854492 33.218994  -0.830468 -0.496518 0.252572  0.428159 0.048887 0
0  -6.855584 22.670500 34.961483  -0.830621 -0.514411 0.213187  0.441933 0.045205 0
door_01
0  -7.217274 23.168970 34.755054  -0.830619 -0.514415 0.213189  0.440829 0.040624 0
0  -7.217441 22.334953 32.974258  -0.830464 -0.496516 0.252588  0.426839 0.044368 0
0  -6.855747 21.854492 33.218994  -0.830468 -0.496518 0.252572  0.428159 0.048887 0
door_01
0  -6.851510 14.416809 64.199165  -0.818359 -0.347723 -0.457577  0.674519 0.084081 0
0  -7.213177 15.143830 64.285332  -0.818325 -0.347740 -0.457626  0.673678 0.078255 0
0  -7.213387 16.516027 63.251106  -0.828529 -0.369845 -0.420422  0.663269 0.071486 0
door_01
0  -6.851510 14.416809 64.199165  -0.818359 -0.347723 -0.457577  0.674519 0.084081 0
0  -7.213387 16.516027 63.251106  -0.828529 -0.369845 -0.420422  0.663269 0.071486 0
0  -6.851747 15.961864 63.017300  -0.824768 -0.361341 -0.434960  0.662554 0.076557 0
door_01
0  -7.213387 16.516027 63.251106  -0.828529 -0.369845 -0.420422  0.663269 0.071486 0
0  -6.851993 17.343721 61.699409  -0.832094 -0.395372 -0.388973  0.650174 0.069985 0
0  -6.851747 15.961864 63.017300  -0.824768 -0.361341 -0.434960  0.662554 0.076557 0
door_01
0  -7.213387 16.516027 63.251106  -0.828529 -0.369845 -0.420422  0.663269 0.071486 0
0  -7.213603 17.725021 62.080864  -0.832151 -0.394965 -0.389265  0.652337 0.065814 0
0  -6.851993 17.343721 61.699409  -0.832094 -0.395372 -0.388973  0.650174 0.069985 0
door_01
0  -6.851993 17.343721 61.699409  -0.832094 -0.395372 -0.388973  0.650174 0.069985 0
0  -7.213603 17.725021 62.080864  -0.832151 -0.394965 -0.389265  0.652337 0.065814 0
0  -7.213859 19.068451 60.644951  -0.830709 -0.423377 -0.361490  0.639317 0.059520 0
door_01
0  -6.851993 17.343721 61.699409  -0.832094 -0.395372 -0.388973  0.650174 0.069985 0
0  -7.213859 19.068451 60.644951  -0.830709 -0.423377 -0.361490  0.639317 0.059520 0
0  -6.852243 18.658245 60.294376  -0.830711 -0.423377 -0.361485  0.637365 0.063808 0
door_01
0  -7.213859 19.068451 60.644951  -0.830709 -0.423377 -0.361490  0.639317 0.059520 0
0  -6.852502 19.843410 58.772587  -0.830564 -0.449041 -0.329433  0.624228 0.058218 0
0  -6.852243 18.658245 60.294376  -0.830711 -0.423377 -0.361485  0.637365 0.063808 0
door_01
0  -7.213859 19.068451 60.644951  -0.830709 -0.423377 -0.361490  0.639317 0.059520 0
0  -7.214124 20.279648 59.089684  -0.830564 -0.449088 -0.329368  0.625967 0.053846 0
0  -6.852502 19.843410 58.772587  -0.830564 -0.449041 -0.329433  0.624228 0.058218 0
door_01
0  -6.852502 19.843410 58.772587  -0.830564 -0.449041 -0.329433  0.624228 0.058218 0
0  -7.214124 20.279648 59.089684  -0.830564 -0.449088 -0.329368  0.625967 0.053846 0
0  -7.214390 21.399143 57.468960  -0.830856 -0.474537 -0.290676  0.612401 0.048695 0
door_01
0  -6.852502 19.843410 58.772587  -0.830564 -0.449041 -0.329433  0.624228 0.058218 0
0  -7.214390 21.399143 57.468960  -0.830856 -0.474537 -0.290676  0.612401 0.048695 0
0  -6.852762 20.938858 57.186729  -0.830854 -0.474543 -0.290674  0.610861 0.053157 0
door_01
0  -7.214390 21.399143 57.468960  -0.830856 -0.474537 -0.290676  0.612401 0.048695 0
0  -6.853026 21.854599 55.490753  -0.830538 -0.497523 -0.250355  0.597215 0.048905 0
0  -6.852762 20.938858 57.186729  -0.830854 -0.474543 -0.290674  0.610861 0.053157 0
door_01
0  -7.214390 21.399143 57.468960  -0.830856 -0.474537 -0.290676  0.612401 0.048695 0
0  -7.214660 22.335030 55.735695  -0.830535 -0.497488 -0.250434  0.598541 0.044391 0
0  -6.853026 21.854599 55.490753  -0.830538 -0.497523 -0.250355  0.597215 0.048905 0
door_01
0  -6.853026 21.854599 55.490753  -0.830538 -0.497523 -0.250355  0.597215 0.048905 0
0  -7.214660 22.335030 55.735695  -0.830535 -0.497488 -0.250434  0.598541 0.044391 0
0  -7.214928 23.170897 53.950405  -0.830682 -0.514425 -0.212916  0.584520 0.040632 0
door_01
0  -6.853026 21.854599 55.490753  -0.830538 -0.497523 -0.250355  0.597215 0.048905 0
0  -7.214928 23.170897 53.950405  -0.830682 -0.514425 -0.212916  0.584520 0.040632 0
0  -6.853289 22.672405 53.743874  -0.830686 -0.514423 -0.212910  0.583413 0.045212 0
door_01
0  -7.214928 23.170897 53.950405  -0.830682 -0.514425 -0.212916  0.584520 0.040632 0
0  -6.853549 23.327471 51.934719  -0.830556 -0.529581 -0.172399  0.569476 0.042207 0
0  -6.853289 22.672405 53.743874  -0.830686 -0.514423 -0.212910  0.583413 0.045212 0
door_01
0  -7.214928 23.170897 53.950405  -0.830682 -0.514425 -0.212916  0.584520 0.040632 0
0  -7.215194 23.840378 52.101475  -0.830562 -0.529577 -0.172381  0.570362 0.037582 0
0  -6.853549 23.327471 51.934719  -0.830556 -0.529581 -0.172399  0.569476 0.042207 0
door_01
0  -6.853549 23.327471 51.934719  -0.830556 -0.529581 -0.172399  0.569476 0.042207 0
0  -7.215194 23.840378 52.101475  -0.830562 -0.529577 -0.172381  0.570362 0.037582 0
0  -7.215460 24.389643 50.208488  -0.830651 -0.541439 -0.129859  0.556048 0.035161 0
door_01
0  -6.853549 23.327471 51.934719  -0.830556 -0.529581 -0.172399  0.569476 0.042207 0
0  -7.215460 24.389643 50.208488  -0.830651 -0.541439 -0.129859  0.556048 0.035161 0
0  -6.853809 23.865044 50.082458  -0.830649 -0.541440 -0.129864  0.555380 0.039826 0
door_01
0  -6.790848 22.462683 60.675575  0.000094 0.806218 0.591618  0.633675 0.034506 0
0  -6.231449 23.702698 58.880253  0.000113 0.852635 0.522507  0.620533 0.025114 0
0  -6.791365 23.702690 58.880398  0.000121 0.852636 0.522505  0.619216 0.028935 0
door_01
0  -6.790848 22.462683 60.675575  0.000094 0.806218 0.591618  0.633675 0.034506 0
0  -6.230789 22.462721 60.675442  0.000090 0.806218 0.591618  0.635198 0.030723 0
0  -6.231449 23.702698 58.880253  0.000113 0.852635 0.522507  0.620533 0.025114 0
door_01
0  -6.230273 21.121181 62.398109  0.000111 0.760386 0.649471  0.649682 0.036839 0
0  -6.230789 22.462721 60.675442  0.000090 0.806218 0.591618  0.635198 0.030723 0
0  -6.790848 22.462683 60.675575  0.000094 0.806218 0.591618  0.633675 0.034506 0
door_01
0  -6.230273 21.121181 62.398109  0.000111 0.760386 0.649471  0.649682 0.036839 0
0  -6.790848 22.462683 60.675575  0.000094 0.806218 0.591618  0.633675 0.034506 0
0  -6.790357 21.121147 62.398247  0.000111 0.760387 0.649470  0.647998 0.040516 0
door_01
0  -6.789783 19.633139 63.988716  0.000130 0.703794 0.710404  0.661890 0.047396 0
0  -6.230273 21.121181 62.398109  0.000111 0.760386 0.649471  0.649682 0.036839 0
0  -6.790357 21.121147 62.398247  0.000111 0.760387 0.649470  0.647998 0.040516 0
door_01
0  -6.789783 19.633139 63.988716  0.000130 0.703794 0.710404  0.661890 0.047396 0
0  -6.229724 19.633171 63.988575  0.000131 0.703778 0.710420  0.663781 0.043798 0
0  -6.230273 21.121181 62.398109  0.000111 0.760386 0.649471  0.649682 0.036839 0
door_01
0  -6.789783 19.633139 63.988716  0.000130 0.703794 0.710404  0.661890 0.047396 0
0  -6.229339 18.781809 64.715645  0.000148 0.649417 0.760433  0.670831 0.047850 0
0  -6.229724 19.633171 63.988575  0.000131 0.703778 0.710420  0.663781 0.043798 0
door_01
0  -6.789783 19.633139 63.988716  0.000130 0.703794 0.710404  0.661890 0.047396 0
0  -6.789398 18.781773 64.715790  0.000148 0.649418 0.760432  0.668835 0.051410 0
0  -6.229339 18.781809 64.715645  0.000148 0.649417 0.760433  0.670831 0.047850 0
door_01
0  -6.248090 27.656403 42.297951  0.025101 0.996915 -0.074374  0.497886 0.007686 0
0  -6.236548 27.423937 40.011108  0.039135 0.987936 -0.149837  0.481391 0.008687 0
0  -6.796362 27.423660 40.011246  0.039181 0.987923 -0.149909  0.481755 0.012745 0
door_01
0  -6.248090 27.656403 42.297951  0.025101 0.996915 -0.074374  0.497886 0.007686 0
0  -6.796362 27.423660 40.011246  0.039181 0.987923 -0.149909  0.481755 0.012745 0
0  -6.795869 27.675421 42.177032  0.025930 0.996253 -0.082509  0.497221 0.011699 0
door_01
0  -6.795362 27.765684 44.354874  0.027470 0.999617 -0.003439  0.512703 0.011267 0
0  -6.248090 27.656403 42.297951  0.025101 0.996915 -0.074374  0.497886 0.007686 0
0  -6.795869 27.675421 42.177032  0.025930 0.996253 -0.082509  0.497221 0.011699 0
door_01
0  -6.795362 27.765684 44.354874  0.027470 0.999617 -0.003439  0.512703 0.011267 0
0  -6.235550 27.765717 44.354736  0.027431 0.999618 -0.003497  0.512688 0.007218 0
0  -6.248090 27.656403 42.297951  0.025101 0.996915 -0.074374  0.497886 0.007686 0
door_01
0  -6.254719 27.665199 46.410851  0.036206 0.996645 0.073407  0.527502 0.007589 0
0  -6.235550 27.765717 44.354736  0.027431 0.999618 -0.003497  0.512688 0.007218 0
0  -6.795362 27.765684 44.354874  0.027470 0.999617 -0.003439  0.512703 0.011267 0
door_01
0  -6.254719 27.665199 46.410851  0.036206 0.996645 0.073407  0.527502 0.007589 0
0  -6.795362 27.765684 44.354874  0.027470 0.999617 -0.003439  0.512703 0.011267 0
0  -6.794845 27.696226 46.532288  0.037288 0.995812 0.083475  0.528167 0.011548 0
door_01
0  -6.794324 27.423862 48.698502  0.042272 0.986855 0.155982  0.543630 0.012761 0
0  -6.254719 27.665199 46.410851  0.036206 0.996645 0.073407  0.527502 0.007589 0
0  -6.794845 27.696226 46.532288  0.037288 0.995812 0.083475  0.528167 0.011548 0
door_01
0  -6.794324 27.423862 48.698502  0.042272 0.986855 0.155982  0.543630 0.012761 0
0  -6.234510 27.423895 48.698364  0.042301 0.986864 0.155916  0.544016 0.008702 0
0  -6.254719 27.665199 46.410851  0.036206 0.996645 0.073407  0.527502 0.007589 0
door_01
0  -6.261338 26.956266 50.886692  0.041725 0.970940 0.235659  0.559990 0.010716 0
0  -6.234510 27.423895 48.698364  0.042301 0.986864 0.155916  0.544016 0.008702 0
0  -6.794324 27.423862 48.698502  0.042272 0.986855 0.155982  0.543630 0.012761 0
door_01
0  -6.261338 26.956266 50.886692  0.041725 0.970940 0.235659  0.559990 0.010716 0
0  -6.794324 27.423862 48.698502  0.042272 0.986855 0.155982  0.543630 0.012761 0
0  -6.793814 27.015076 50.838436  0.042059 0.972138 0.230607  0.559008 0.014484 0
door_01
0  -6.793254 26.406513 52.935177  0.019423 0.952026 0.305402  0.574280 0.017146 0
0  -6.261338 26.956266 50.886692  0.041725 0.970940 0.235659  0.559990 0.010716 0
0  -6.793814 27.015076 50.838436  0.042059 0.972138 0.230607  0.559008 0.014484 0
door_01
0  -6.793254 26.406513 52.935177  0.019423 0.952026 0.305402  0.574280 0.017146 0
0  -6.233195 26.406792 52.935036  0.019315 0.951989 0.305521  0.575050 0.013154 0
0  -6.261338 26.956266 50.886692  0.041725 0.970940 0.235659  0.559990 0.010716 0
door_01
0  -6.232656 25.665199 54.982983  -0.000212 0.923910 0.382610  0.590375 0.016397 0
0  -6.233195 26.406792 52.935036  0.019315 0.951989 0.305521  0.575050 0.013154 0
0  -6.793254 26.406513 52.935177  0.019423 0.952026 0.305402  0.574280 0.017146 0
door_01
0  -6.232656 25.665199 54.982983  -0.000212 0.923910 0.382610  0.590375 0.016397 0
0  -6.793254 26.406513 52.935177  0.019423 0.952026 0.305402  0.574280 0.017146 0
0  -6.792596 25.665010 54.983116  -0.000220 0.923912 0.382606  0.589427 0.020328 0
door_01
0  -6.791927 24.739277 56.960575  0.000033 0.893151 0.449758  0.604396 0.024416 0
0  -6.232656 25.665199 54.982983  -0.000212 0.923910 0.382610  0.590375 0.016397 0
0  -6.792596 25.665010 54.983116  -0.000220 0.923912 0.382606  0.589427 0.020328 0
door_01
0  -6.791927 24.739277 56.960575  0.000033 0.893151 0.449758  0.604396 0.024416 0
0  -6.232115 24.739311 56.960442  0.000049 0.893147 0.449764  0.605530 0.020501 0
0  -6.232656 25.665199 54.982983  -0.000212 0.923910 0.382610  0.590375 0.016397 0
door_01
0  -6.231449 23.702698 58.880253  0.000113 0.852635 0.522507  0.620533 0.025114 0
0  -6.232115 24.739311 56.960442  0.000049 0.893147 0.449764  0.605530 0.020501 0
0  -6.791927 24.739277 56.960575  0.000033 0.893151 0.449758  0.604396 0.024416 0
door_01
0  -6.231449 23.702698 58.880253  0.000113 0.852635 0.522507  0.620533 0.025114 0
0  -6.791927 24.739277 56.960575  0.000033 0.893151 0.449758  0.604396 0.024416 0
0  -6.791365 23.702690 58.880398  0.000121 0.852636 0.522505  0.619216 0.028935 0
door_01
0  -6.799221 19.633087 24.721037  -0.000254 0.703113 -0.711078  0.363513 0.047345 0
0  -6.239443 18.781849 23.993843  -0.000217 0.649451 -0.760403  0.354573 0.047770 0
0  -6.799258 18.781816 23.993977  -0.000214 0.649452 -0.760403  0.356563 0.051327 0
door_01
0  -6.799221 19.633087 24.721037  -0.000254 0.703113 -0.711078  0.363513 0.047345 0
0  -6.239406 19.633121 24.720900  -0.000382 0.703127 -0.711064  0.361625 0.043746 0
0  -6.239443 18.781849 23.993843  -0.000217 0.649451 -0.760403  0.354573 0.047770 0
door_01
0  -6.239109 21.123827 26.309557  -0.000593 0.760379 -0.649479  0.375720 0.036805 0
0  -6.239406 19.633121 24.720900  -0.000382 0.703127 -0.711064  0.361625 0.043746 0
0  -6.799221 19.633087 24.721037  -0.000254 0.703113 -0.711078  0.363513 0.047345 0
door_01
0  -6.239109 21.123827 26.309557  -0.000593 0.760379 -0.649479  0.375720 0.036805 0
0  -6.799221 19.633087 24.721037  -0.000254 0.703113 -0.711078  0.363513 0.047345 0
0  -6.799014 21.123577 26.309843  -0.000665 0.760379 -0.649480  0.377400 0.040482 0
door_01
0  -6.798743 22.462721 28.034176  -0.000018 0.809104 -0.587666  0.391720 0.034499 0
0  -6.239109 21.123827 26.309557  -0.000593 0.760379 -0.649479  0.375720 0.036805 0
0  -6.799014 21.123577 26.309843  -0.000665 0.760379 -0.649480  0.377400 0.040482 0
door_01
0  -6.798743 22.462721 28.034176  -0.000018 0.809104 -0.587666  0.391720 0.034499 0
0  -6.238929 22.462753 28.034033  -0.000199 0.809139 -0.587617  0.390208 0.030714 0
0  -6.239109 21.123827 26.309557  -0.000593 0.760379 -0.649479  0.375720 0.036805 0
door_01
0  -6.239188 23.685591 29.836834  0.001136 0.852605 -0.522554  0.404872 0.025185 0
0  -6.238929 22.462753 28.034033  -0.000199 0.809139 -0.587617  0.390208 0.030714 0
0  -6.798743 22.462721 28.034176  -0.000018 0.809104 -0.587666  0.391720 0.034499 0
door_01
0  -6.239188 23.685591 29.836834  0.001136 0.852605 -0.522554  0.404872 0.025185 0
0  -6.798743 22.462721 28.034176  -0.000018 0.809104 -0.587666  0.391720 0.034499 0
0  -6.798494 23.686947 29.836313  0.002555 0.852609 -0.522543  0.406190 0.029003 0
door_01
0  -6.798183 24.739351 31.749174  -0.003207 0.890789 -0.454406  0.421005 0.024408 0
0  -6.239188 23.685591 29.836834  0.001136 0.852605 -0.522554  0.404872 0.025185 0
0  -6.798494 23.686947 29.836313  0.002555 0.852609 -0.522543  0.406190 0.029003 0
door_01
0  -6.798183 24.739351 31.749174  -0.003207 0.890789 -0.454406  0.421005 0.024408 0
0  -6.238125 24.739386 31.749043  -0.003536 0.890848 -0.454287  0.419862 0.020494 0
0  -6.239188 23.685591 29.836834  0.001136 0.852605 -0.522554  0.404872 0.025185 0
door_01
0  -6.234110 25.671621 33.719082  -0.007940 0.923861 -0.382646  0.434984 0.016365 0
0  -6.238125 24.739386 31.749043  -0.003536 0.890848 -0.454287  0.419862 0.020494 0
0  -6.798183 24.739351 31.749174  -0.003207 0.890789 -0.454406  0.421005 0.024408 0
door_01
0  -6.234110 25.671621 33.719082  -0.007940 0.923861 -0.382646  0.434984 0.016365 0
0  -6.798183 24.739351 31.749174  -0.003207 0.890789 -0.454406  0.421005 0.024408 0
0  -6.797776 25.663044 33.721642  -0.008078 0.923827 -0.382726  0.435933 0.020326 0
door_01
0  -6.797305 26.406586 35.774570  0.018225 0.951357 -0.307551  0.451121 0.017133 0
0  -6.234110 25.671621 33.719082  -0.007940 0.923861 -0.382646  0.434984 0.016365 0
0  -6.797776 25.663044 33.721642  -0.008078 0.923827 -0.382726  0.435933 0.020326 0
door_01
0  -6.797305 26.406586 35.774570  0.018225 0.951357 -0.307551  0.451121 0.017133 0
0  -6.237491 26.406618 35.774441  0.018104 0.951328 -0.307647  0.450345 0.013143 0
0  -6.234110 25.671621 33.719082  -0.007940 0.923861 -0.382646  0.434984 0.016365 0
door_01
0  -6.257647 26.965515 37.817635  0.047545 0.970546 -0.236178  0.465368 0.010585 0
0  -6.237491 26.406618 35.774441  0.018104 0.951328 -0.307647  0.450345 0.013143 0
0  -6.797305 26.406586 35.774570  0.018225 0.951357 -0.307551  0.451121 0.017133 0
door_01
0  -6.257647 26.965515 37.817635  0.047545 0.970546 -0.236178  0.465368 0.010585 0
0  -6.797305 26.406586 35.774570  0.018225 0.951357 -0.307551  0.451121 0.017133 0
0  -6.796843 27.031076 37.865067  0.047890 0.971929 -0.230349  0.466360 0.014403 0
door_01
0  -6.796362 27.423660 40.011246  0.039181 0.987923 -0.149909  0.481755 0.012745 0
0  -6.257647 26.965515 37.817635  0.047545 0.970546 -0.236178  0.465368 0.010585 0
0  -6.796843 27.031076 37.865067  0.047890 0.971929 -0.230349  0.466360 0.014403 0
door_01
0  -6.796362 27.423660 40.011246  0.039181 0.987923 -0.149909  0.481755 0.012745 0
0  -6.236548 27.423937 40.011108  0.039135 0.987936 -0.149837  0.481391 0.008687 0
0  -6.257647 26.965515 37.817635  0.047545 0.970546 -0.236178  0.465368 0.010585 0
door_01
0  -5.256036 32.411617 42.822956  -1.000000 -0.000125 0.000281  0.011255 0.924457 0
0  -5.257082 47.708046 45.886051  -1.000000 -0.000125 0.000282  0.120013 0.946582 0
0  -5.257945 47.707989 42.822960  -1.000000 -0.000125 0.000282  0.120256 0.924617 0
door_01
0  -5.256036 32.411617 42.822956  -1.000000 -0.000125 0.000281  0.011255 0.924457 0
0  -5.255176 32.411430 45.886051  -1.000000 -0.000125 0.000281  0.011013 0.946417 0
0  -5.257082 47.708046 45.886051  -1.000000 -0.000125 0.000282  0.120013 0.946582 0
door_01
0  -6.236548 27.423937 40.011108  -0.999999 0.000982 -0.000911  0.620772 0.557998 0
0  -6.236477 31.945251 42.836189  -0.999997 0.001624 -0.001763  0.652801 0.578093 0
0  -6.236562 32.374725 42.356903  -1.000000 -0.000102 0.000207  0.655853 0.574699 0
door_01
0  -6.236548 27.423937 40.011108  -0.999999 0.000982 -0.000911  0.620772 0.557998 0
0  -6.248090 27.656403 42.297951  -0.999998 0.001712 -0.000558  0.622391 0.574220 0
0  -6.236477 31.945251 42.836189  -0.999997 0.001624 -0.001763  0.652801 0.578093 0
door_01
0  -6.235550 27.765717 44.354736  -0.999997 0.002216 -0.000988  0.623139 0.588808 0
0  -6.236477 31.945251 42.836189  -0.999997 0.001624 -0.001763  0.652801 0.578093 0
0  -6.248090 27.656403 42.297951  -0.999998 0.001712 -0.000558  0.622391 0.574220 0
door_01
0  -6.235550 27.765717 44.354736  -0.999997 0.002216 -0.000988  0.623139 0.588808 0
0  -6.235618 31.945065 45.873295  -0.999983 0.002324 -0.005370  0.652760 0.599632 0
0  -6.236477 31.945251 42.836189  -0.999997 0.001624 -0.001763  0.652801 0.578093 0
door_01
0  -6.235586 32.374725 46.352570  -1.000000 0.000108 0.000169  0.655801 0.603037 0
0  -6.235618 31.945065 45.873295  -0.999983 0.002324 -0.005370  0.652760 0.599632 0
0  -6.235550 27.765717 44.354736  -0.999997 0.002216 -0.000988  0.623139 0.588808 0
door_01
0  -6.235586 32.374725 46.352570  -1.000000 0.000108 0.000169  0.655801 0.603037 0
0  -6.235550 27.765717 44.354736  -0.999997 0.002216 -0.000988  0.623139 0.588808 0
0  -6.254719 27.665199 46.410851  -0.999991 0.004070 0.000587  0.622400 0.603389 0
door_01
0  -6.234510 27.423895 48.698364  -0.999999 0.001246 -0.000197  0.620659 0.619610 0
0  -6.235586 32.374725 46.352570  -1.000000 0.000108 0.000169  0.655801 0.603037 0
0  -6.254719 27.665199 46.410851  -0.999991 0.004070 0.000587  0.622400 0.603389 0
door_01
0  -6.234510 27.423895 48.698364  -0.999999 0.001246 -0.000197  0.620659 0.619610 0
0  -6.237492 47.671089 46.352573  -0.999999 0.001170 0.000560  0.764286 0.603235 0
0  -6.235586 32.374725 46.352570  -1.000000 0.000108 0.000169  0.655801 0.603037 0
door_01
0  -6.205102 52.396503 48.251682  -0.999977 0.006773 -0.000588  0.797775 0.616765 0
0  -6.221758 52.540215 46.304909  -0.999958 0.002743 0.008717  0.798819 0.602959 0
0  -6.237666 48.119366 45.871208  -0.999989 0.004639 -0.000717  0.767471 0.599826 0
door_01
0  -6.221163 52.224495 50.424709  -0.999940 0.009278 -0.005826  0.796527 0.632174 0
0  -6.205102 52.396503 48.251682  -0.999977 0.006773 -0.000588  0.797775 0.616765 0
0  -6.237666 48.119366 45.871208  -0.999989 0.004639 -0.000717  0.767471 0.599826 0
door_01
0  -6.221163 52.224495 50.424709  -0.999940 0.009278 -0.005826  0.796527 0.632174 0
0  -6.237666 48.119366 45.871208  -0.999989 0.004639 -0.000717  0.767471 0.599826 0
0  -6.237492 47.671089 46.352573  -0.999999 0.001170 0.000560  0.764286 0.603235 0
door_01
0  -6.236502 51.947079 52.582485  -0.999994 -0.000552 0.003356  0.794531 0.647474 0
0  -6.221163 52.224495 50.424709  -0.999940 0.009278 -0.005826  0.796527 0.632174 0
0  -6.237492 47.671089 46.352573  -0.999999 0.001170 0.000560  0.764286 0.603235 0
door_01
0  -6.234510 27.423895 48.698364  -0.999999 0.001246 -0.000197  0.620659 0.619610 0
0  -6.236502 51.947079 52.582485  -0.999994 -0.000552 0.003356  0.794531 0.647474 0
0  -6.237492 47.671089 46.352573  -0.999999 0.001170 0.000560  0.764286 0.603235 0
door_01
0  -6.215525 51.545498 54.663368  -0.999997 0.000866 0.002278  0.791655 0.662227 0
0  -6.236502 51.947079 52.582485  -0.999994 -0.000552 0.003356  0.794531 0.647474 0
0  -6.234510 27.423895 48.698364  -0.999999 0.001246 -0.000197  0.620659 0.619610 0
door_01
0  -6.196311 51.048576 56.725578  -0.999992 0.002781 -0.003022  0.788105 0.676847 0
0  -6.215525 51.545498 54.663368  -0.999997 0.000866 0.002278  0.791655 0.662227 0
0  -6.234510 27.423895 48.698364  -0.999999 0.001246 -0.000197  0.620659 0.619610 0
door_01
0  -6.196311 51.048576 56.725578  -0.999992 0.002781 -0.003022  0.788105 0.676847 0
0  -6.234510 27.423895 48.698364  -0.999999 0.001246 -0.000197  0.620659 0.619610 0
0  -6.261338 26.956266 50.886692  -0.999999 0.001498 0.000087  0.617314 0.635124 0
door_01
0  -6.211782 50.571255 58.677120  -0.999998 0.001733 -0.001107  0.784689 0.690676 0
0  -6.196311 51.048576 56.725578  -0.999992 0.002781 -0.003022  0.788105 0.676847 0
0  -6.261338 26.956266 50.886692  -0.999999 0.001498 0.000087  0.617314 0.635124 0
door_01
0  -6.233195 26.406792 52.935036  -0.999999 0.000018 0.001209  0.613390 0.649646 0
0  -6.211782 50.571255 58.677120  -0.999998 0.001733 -0.001107  0.784689 0.690676 0
0  -6.261338 26.956266 50.886692  -0.999999 0.001498 0.000087  0.617314 0.635124 0
door_01
0  -6.233195 26.406792 52.935036  -0.999999 0.000018 0.001209  0.613390 0.649646 0
0  -6.234184 50.020565 60.607628  -1.000000 0.000499 0.000402  0.780763 0.704367 0
0  -6.211782 50.571255 58.677120  -0.999998 0.001733 -0.001107  0.784689 0.690676 0
door_01
0  -6.237431 49.371975 62.566719  -1.000000 -0.000280 0.000228  0.776137 0.718247 0
0  -6.234184 50.020565 60.607628  -1.000000 0.000499 0.000402  0.780763 0.704367 0
0  -6.233195 26.406792 52.935036  -0.999999 0.000018 0.001209  0.613390 0.649646 0
door_01
0  -6.233136 48.615883 64.486877  -0.999999 -0.000548 0.001075  0.770751 0.731861 0
0  -6.237431 49.371975 62.566719  -1.000000 -0.000280 0.000228  0.776137 0.718247 0
0  -6.233195 26.406792 52.935036  -0.999999 0.000018 0.001209  0.613390 0.649646 0
door_01
0  -6.233136 48.615883 64.486877  -0.999999 -0.000548 0.001075  0.770751 0.731861 0
0  -6.233195 26.406792 52.935036  -0.999999 0.000018 0.001209  0.613390 0.649646 0
0  -6.232656 25.665199 54.982983  -1.000000 -0.000108 0.000229  0.608104 0.664161 0
door_01
0  -6.232264 47.779049 66.377701  -1.000000 0.000038 -0.000071  0.764797 0.745258 0
0  -6.233136 48.615883 64.486877  -0.999999 -0.000548 0.001075  0.770751 0.731861 0
0  -6.232656 25.665199 54.982983  -1.000000 -0.000108 0.000229  0.608104 0.664161 0
door_01
0  -6.232115 24.739311 56.960442  -1.000000 -0.000118 0.000244  0.601512 0.678173 0
0  -6.232264 47.779049 66.377701  -1.000000 0.000038 -0.000071  0.764797 0.745258 0
0  -6.232656 25.665199 54.982983  -1.000000 -0.000108 0.000229  0.608104 0.664161 0
door_01
0  -6.232115 24.739311 56.960442  -1.000000 -0.000118 0.000244  0.601512 0.678173 0
0  -6.232083 46.862141 68.232582  -1.000000 -0.000076 0.000151  0.758264 0.758403 0
0  -6.232264 47.779049 66.377701  -1.000000 0.000038 -0.000071  0.764797 0.745258 0
door_01
0  -6.232115 24.739311 56.960442  -1.000000 -0.000118 0.000244  0.601512 0.678173 0
0  -6.231566 45.925331 70.076576  -1.000000 -0.000131 0.000254  0.751593 0.771462 0
0  -6.232083 46.862141 68.232582  -1.000000 -0.000076 0.000151  0.758264 0.758403 0
door_01
0  -6.232115 24.739311 56.960442  -1.000000 -0.000118 0.000244  0.601512 0.678173 0
0  -6.230908 44.898693 71.869118  -1.000000 -0.000142 0.000272  0.744292 0.784168 0
0  -6.231566 45.925331 70.076576  -1.000000 -0.000131 0.000254  0.751593 0.771462 0
door_01
0  -6.232115 24.739311 56.960442  -1.000000 -0.000118 0.000244  0.601512 0.678173 0
0  -6.231449 23.702698 58.880253  -1.000000 -0.000141 0.000269  0.594136 0.691775 0
0  -6.230908 44.898693 71.869118  -1.000000 -0.000142 0.000272  0.744292 0.784168 0
door_01
0  -6.231449 23.702698 58.880253  -1.000000 -0.000141 0.000269  0.594136 0.691775 0
0  -6.230300 43.767868 73.597855  -1.000000 -0.000129 0.000254  0.736258 0.796415 0
0  -6.230908 44.898693 71.869118  -1.000000 -0.000142 0.000272  0.744292 0.784168 0
door_01
0  -6.231449 23.702698 58.880253  -1.000000 -0.000141 0.000269  0.594136 0.691775 0
0  -6.229740 42.549942 75.269585  -1.000000 -0.000121 0.000240  0.727591 0.808255 0
0  -6.230300 43.767868 73.597855  -1.000000 -0.000129 0.000254  0.736258 0.796415 0
door_01
0  -6.231449 23.702698 58.880253  -1.000000 -0.000141 0.000269  0.594136 0.691775 0
0  -6.230789 22.462721 60.675442  -1.000000 -0.000124 0.000244  0.585318 0.704491 0
0  -6.229740 42.549942 75.269585  -1.000000 -0.000121 0.000240  0.727591 0.808255 0
door_01
0  -6.230789 22.462721 60.675442  -1.000000 -0.000124 0.000244  0.585318 0.704491 0
0  -6.229208 41.312508 76.927765  -1.000000 -0.000115 0.000230  0.718786 0.819987 0
0  -6.229740 42.549942 75.269585  -1.000000 -0.000121 0.000240  0.727591 0.808255 0
door_01
0  -6.230789 22.462721 60.675442  -1.000000 -0.000124 0.000244  0.585318 0.704491 0
0  -6.228696 40.008667 78.532669  -1.000000 -0.000112 0.000227  0.709525 0.831364 0
0  -6.229208 41.312508 76.927765  -1.000000 -0.000115 0.000230  0.718786 0.819987 0
door_01
0  -6.230789 22.462721 60.675442  -1.000000 -0.000124 0.000244  0.585318 0.704491 0
0  -6.230273 21.121181 62.398109  -1.000000 -0.000110 0.000227  0.575782 0.716691 0
0  -6.228696 40.008667 78.532669  -1.000000 -0.000112 0.000227  0.709525 0.831364 0
door_01
0  -6.230273 21.121181 62.398109  -1.000000 -0.000110 0.000227  0.575782 0.716691 0
0  -6.228191 38.648968 80.086967  -1.000000 -0.000116 0.000232  0.699883 0.842387 0
0  -6.228696 40.008667 78.532669  -1.000000 -0.000112 0.000227  0.709525 0.831364 0
door_01
0  -6.230273 21.121181 62.398109  -1.000000 -0.000110 0.000227  0.575782 0.716691 0
0  -6.227671 37.189957 81.545357  -1.000000 -0.000128 0.000245  0.689496 0.852694 0
0  -6.228191 38.648968 80.086967  -1.000000 -0.000116 0.000232  0.699883 0.842387 0
door_01
0  -6.230273 21.121181 62.398109  -1.000000 -0.000110 0.000227  0.575782 0.716691 0
0  -6.229724 19.633171 63.988575  -1.000000 -0.000155 0.000267  0.565208 0.727952 0
0  -6.227671 37.189957 81.545357  -1.000000 -0.000128 0.000245  0.689496 0.852694 0
door_01
0  -6.226923 35.234470 83.441910  -1.000000 -0.000141 0.000255  0.675603 0.866119 0
0  -6.227671 37.189957 81.545357  -1.000000 -0.000128 0.000245  0.689496 0.852694 0
0  -6.229724 19.633171 63.988575  -1.000000 -0.000155 0.000267  0.565208 0.727952 0
door_01
0  -6.229339 18.781809 64.715645  -1.000000 -0.000193 0.000299  0.559160 0.733097 0
0  -6.226923 35.234470 83.441910  -1.000000 -0.000141 0.000255  0.675603 0.866119 0
0  -6.229724 19.633171 63.988575  -1.000000 -0.000155 0.000267  0.565208 0.727952 0
door_01
0  -6.229339 18.781809 64.715645  -1.000000 -0.000193 0.000299  0.559160 0.733097 0
0  -6.226309 33.376038 84.802750  -1.000000 -0.000144 0.000255  0.662405 0.875746 0
0  -6.226923 35.234470 83.441910  -1.000000 -0.000141 0.000255  0.675603 0.866119 0
door_01
0  -6.252826 49.377407 26.135794  -1.000000 -0.000378 0.000729  0.776673 0.459859 0
0  -6.252472 48.625992 24.209211  -0.999999 -0.001064 -0.000637  0.771341 0.446198 0
0  -6.234110 25.671621 33.719082  -1.000000 -0.000466 0.000284  0.608424 0.513350 0
door_01
0  -6.252826 49.377407 26.135794  -1.000000 -0.000378 0.000729  0.776673 0.459859 0
0  -6.234110 25.671621 33.719082  -1.000000 -0.000466 0.000284  0.608424 0.513350 0
0  -6.237491 26.406618 35.774441  -0.999999 0.000381 0.000949  0.613611 0.527937 0
door_01
0  -6.252826 49.377407 26.135794  -1.000000 -0.000378 0.000729  0.776673 0.459859 0
0  -6.237491 26.406618 35.774441  -0.999999 0.000381 0.000949  0.613611 0.527937 0
0  -6.242306 50.020596 28.101849  -0.999992 0.001506 0.003614  0.781182 0.473823 0
door_01
0  -6.237491 26.406618 35.774441  -0.999999 0.000381 0.000949  0.613611 0.527937 0
0  -6.211145 50.599770 30.023464  -0.999986 0.002732 0.004613  0.785266 0.487461 0
0  -6.242306 50.020596 28.101849  -0.999992 0.001506 0.003614  0.781182 0.473823 0
door_01
0  -6.237491 26.406618 35.774441  -0.999999 0.000381 0.000949  0.613611 0.527937 0
0  -6.257647 26.965515 37.817635  -0.999998 0.001779 0.000646  0.617548 0.542435 0
0  -6.211145 50.599770 30.023464  -0.999986 0.002732 0.004613  0.785266 0.487461 0
door_01
0  -6.257647 26.965515 37.817635  -0.999998 0.001779 0.000646  0.617548 0.542435 0
0  -6.189345 51.091866 31.970028  -0.999995 0.002636 0.002011  0.788731 0.501273 0
0  -6.211145 50.599770 30.023464  -0.999986 0.002732 0.004613  0.785266 0.487461 0
door_01
0  -6.236548 27.423937 40.011108  -0.999999 0.000982 -0.000911  0.620772 0.557998 0
0  -6.189345 51.091866 31.970028  -0.999995 0.002636 0.002011  0.788731 0.501273 0
0  -6.257647 26.965515 37.817635  -0.999998 0.001779 0.000646  0.617548 0.542435 0
door_01
0  -6.236548 27.423937 40.011108  -0.999999 0.000982 -0.000911  0.620772 0.557998 0
0  -6.213667 51.572906 34.038948  -0.999988 0.000385 -0.004835  0.792116 0.515953 0
0  -6.189345 51.091866 31.970028  -0.999995 0.002636 0.002011  0.788731 0.501273 0
door_01
0  -6.236548 27.423937 40.011108  -0.999999 0.000982 -0.000911  0.620772 0.557998 0
0  -6.240468 51.947109 36.126991  -0.999992 -0.000683 -0.004043  0.794743 0.530768 0
0  -6.213667 51.572906 34.038948  -0.999988 0.000385 -0.004835  0.792116 0.515953 0
door_01
0  -6.240468 51.947109 36.126991  -0.999992 -0.000683 -0.004043  0.794743 0.530768 0
0  -6.236548 27.423937 40.011108  -0.999999 0.000982 -0.000911  0.620772 0.557998 0
0  -6.236562 32.374725 42.356903  -1.000000 -0.000102 0.000207  0.655853 0.574699 0
door_01
0  -6.240468 51.947109 36.126991  -0.999992 -0.000683 -0.004043  0.794743 0.530768 0
0  -6.236562 32.374725 42.356903  -1.000000 -0.000102 0.000207  0.655853 0.574699 0
0  -6.238470 47.671089 42.356903  -1.000000 -0.000012 0.000166  0.764338 0.574897 0
door_01
0  -6.240468 51.947109 36.126991  -0.999992 -0.000683 -0.004043  0.794743 0.530768 0
0  -6.238470 47.671089 42.356903  -1.000000 -0.000012 0.000166  0.764338 0.574897 0
0  -6.227573 52.220776 38.288544  -0.999956 0.007487 0.005695  0.796657 0.546102 0
door_01
0  -6.238470 47.671089 42.356903  -1.000000 -0.000012 0.000166  0.764338 0.574897 0
0  -6.210526 52.398384 40.461121  -0.999979 0.006399 0.001218  0.797889 0.561512 0
0  -6.227573 52.220776 38.288544  -0.999956 0.007487 0.005695  0.796657 0.546102 0
door_01
0  -6.238470 47.671089 42.356903  -1.000000 -0.000012 0.000166  0.764338 0.574897 0
0  -6.224780 52.541725 42.407238  -0.999969 0.002886 -0.007328  0.798880 0.575316 0
0  -6.210526 52.398384 40.461121  -0.999979 0.006399 0.001218  0.797889 0.561512 0
door_01
0  -6.238470 47.671089 42.356903  -1.000000 -0.000012 0.000166  0.764338 0.574897 0
0  -6.238524 52.594799 44.354733  -0.999999 0.001588 -0.000162  0.799231 0.589129 0
0  -6.224780 52.541725 42.407238  -0.999969 0.002886 -0.007328  0.798880 0.575316 0
door_01
0  -6.238470 47.671089 42.356903  -1.000000 -0.000012 0.000166  0.764338 0.574897 0
0  -6.238451 48.119556 42.727669  -0.999989 0.001759 -0.004368  0.767513 0.577532 0
0  -6.238524 52.594799 44.354733  -0.999999 0.001588 -0.000162  0.799231 0.589129 0
door_01
0  -6.238524 52.594799 44.354733  -0.999999 0.001588 -0.000162  0.799231 0.589129 0
0  -6.238451 48.119556 42.727669  -0.999989 0.001759 -0.004368  0.767513 0.577532 0
0  -6.237666 48.119366 45.871208  -0.999989 0.004639 -0.000717  0.767471 0.599826 0
door_01
0  -6.221758 52.540215 46.304909  -0.999958 0.002743 0.008717  0.798819 0.602959 0
0  -6.238524 52.594799 44.354733  -0.999999 0.001588 -0.000162  0.799231 0.589129 0
0  -6.237666 48.119366 45.871208  -0.999989 0.004639 -0.000717  0.767471 0.599826 0
door_01
0  -6.272512 35.311172 5.497039  -1.000000 -0.000189 0.000271  0.677186 0.313343 0
0  -6.245961 33.375847 3.906734  -1.000000 -0.000147 0.000218  0.663444 0.302016 0
0  -6.239443 18.781849 23.993843  -1.000000 -0.000230 0.000250  0.559685 0.444290 0
door_01
0  -6.272512 35.311172 5.497039  -1.000000 -0.000189 0.000271  0.677186 0.313343 0
0  -6.239443 18.781849 23.993843  -1.000000 -0.000230 0.000250  0.559685 0.444290 0
0  -6.239406 19.633121 24.720900  -1.000000 -0.000140 0.000203  0.565713 0.449457 0
door_01
0  -6.272512 35.311172 5.497039  -1.000000 -0.000189 0.000271  0.677186 0.313343 0
0  -6.239406 19.633121 24.720900  -1.000000 -0.000140 0.000203  0.565713 0.449457 0
0  -6.245795 37.189854 7.164125  -1.000000 -0.000134 0.000230  0.690452 0.325166 0
door_01
0  -6.239406 19.633121 24.720900  -1.000000 -0.000140 0.000203  0.565713 0.449457 0
0  -6.245782 38.650940 8.621162  -1.000000 -0.000170 0.000201  0.700768 0.335540 0
0  -6.245795 37.189854 7.164125  -1.000000 -0.000134 0.000230  0.690452 0.325166 0
door_01
0  -6.239406 19.633121 24.720900  -1.000000 -0.000140 0.000203  0.565713 0.449457 0
0  -6.239109 21.123827 26.309557  -1.000000 -0.000127 0.000250  0.576265 0.460743 0
0  -6.245782 38.650940 8.621162  -1.000000 -0.000170 0.000201  0.700768 0.335540 0
door_01
0  -6.239109 21.123827 26.309557  -1.000000 -0.000127 0.000250  0.576265 0.460743 0
0  -6.245682 40.013538 10.173400  -1.000000 -0.000149 0.000233  0.710439 0.346544 0
0  -6.245782 38.650940 8.621162  -1.000000 -0.000170 0.000201  0.700768 0.335540 0
door_01
0  -6.245446 41.321358 11.775398  -1.000000 -0.000081 0.000309  0.719728 0.357892 0
0  -6.245682 40.013538 10.173400  -1.000000 -0.000149 0.000233  0.710439 0.346544 0
0  -6.239109 21.123827 26.309557  -1.000000 -0.000127 0.000250  0.576265 0.460743 0
door_01
0  -6.245446 41.321358 11.775398  -1.000000 -0.000081 0.000309  0.719728 0.357892 0
0  -6.239109 21.123827 26.309557  -1.000000 -0.000127 0.000250  0.576265 0.460743 0
0  -6.238929 22.462753 28.034033  -1.000000 -0.000174 0.000134  0.585739 0.472991 0
door_01
0  -6.245446 41.321358 11.775398  -1.000000 -0.000081 0.000309  0.719728 0.357892 0
0  -6.238929 22.462753 28.034033  -1.000000 -0.000174 0.000134  0.585739 0.472991 0
0  -6.244865 42.549809 13.439898  -1.000000 0.000056 0.000483  0.728385 0.369743 0
door_01
0  -6.238929 22.462753 28.034033  -1.000000 -0.000174 0.000134  0.585739 0.472991 0
0  -6.243695 43.748024 15.120944  -1.000000 0.000123 0.000524  0.736853 0.381681 0
0  -6.244865 42.549809 13.439898  -1.000000 0.000056 0.000483  0.728385 0.369743 0
door_01
0  -6.238929 22.462753 28.034033  -1.000000 -0.000174 0.000134  0.585739 0.472991 0
0  -6.239188 23.685591 29.836834  -1.000000 -0.000050 0.000256  0.594389 0.485792 0
0  -6.243695 43.748024 15.120944  -1.000000 0.000123 0.000524  0.736853 0.381681 0
door_01
0  -6.239188 23.685591 29.836834  -1.000000 -0.000050 0.000256  0.594389 0.485792 0
0  -6.242718 44.866432 16.854614  -1.000000 0.000054 0.000359  0.744772 0.393990 0
0  -6.243695 43.748024 15.120944  -1.000000 0.000123 0.000524  0.736853 0.381681 0
door_01
0  -6.242315 45.909248 18.640404  -1.000000 -0.000260 -0.000124  0.752170 0.406652 0
0  -6.242718 44.866432 16.854614  -1.000000 0.000054 0.000359  0.744772 0.393990 0
0  -6.239188 23.685591 29.836834  -1.000000 -0.000050 0.000256  0.594389 0.485792 0
door_01
0  -6.242315 45.909248 18.640404  -1.000000 -0.000260 -0.000124  0.752170 0.406652 0
0  -6.239188 23.685591 29.836834  -1.000000 -0.000050 0.000256  0.594389 0.485792 0
0  -6.238125 24.739386 31.749043  -1.000000 -0.000071 0.000431  0.601838 0.499367 0
door_01
0  -6.242315 45.909248 18.640404  -1.000000 -0.000260 -0.000124  0.752170 0.406652 0
0  -6.238125 24.739386 31.749043  -1.000000 -0.000071 0.000431  0.601838 0.499367 0
0  -6.243779 46.862125 20.476898  -1.000000 -0.000626 -0.000664  0.758879 0.419705 0
door_01
0  -6.238125 24.739386 31.749043  -1.000000 -0.000071 0.000431  0.601838 0.499367 0
0  -6.248703 47.787846 22.323233  -1.000000 -0.000793 -0.000561  0.765411 0.432811 0
0  -6.243779 46.862125 20.476898  -1.000000 -0.000626 -0.000664  0.758879 0.419705 0
door_01
0  -6.238125 24.739386 31.749043  -1.000000 -0.000071 0.000431  0.601838 0.499367 0
0  -6.234110 25.671621 33.719082  -1.000000 -0.000466 0.000284  0.608424 0.513350 0
0  -6.248703 47.787846 22.323233  -1.000000 -0.000793 -0.000561  0.765411 0.432811 0
door_01
0  -6.234110 25.671621 33.719082  -1.000000 -0.000466 0.000284  0.608424 0.513350 0
0  -6.252472 48.625992 24.209211  -0.999999 -0.001064 -0.000637  0.771341 0.446198 0
0  -6.248703 47.787846 22.323233  -1.000000 -0.000793 -0.000561  0.765411 0.432811 0
door_01
0  -5.238091 0.707783 101.004951  -0.751965 -0.000108 0.659203  0.444228 0.985606 0
0  -5.148471 0.067280 101.107079  -0.752250 -0.000201 0.658878  0.439070 0.986432 0
0  -5.148514 0.770222 101.107132  -0.751926 -0.000095 0.659247  0.444319 0.986508 0
door_01
0  -5.238091 0.707783 101.004951  -0.751965 -0.000108 0.659203  0.444228 0.985606 0
0  -5.237948 0.068180 101.004906  -0.752300 -0.000217 0.658821  0.439775 0.985581 0
0  -5.148471 0.067280 101.107079  -0.752250 -0.000201 0.658878  0.439070 0.986432 0
door_01
0  -6.246857 32.234238 0.002383  -0.000513 -0.000731 -1.000000  0.046646 0.277871 0
0  -6.860646 35.599758 -0.001775  -0.076920 0.008892 -0.996998  0.060786 0.258207 0
0  -6.247216 35.599823 -0.001940  -0.000660 -0.000468 -1.000000  0.056883 0.256269 0
door_01
0  -6.246857 32.234238 0.002383  -0.000513 -0.000731 -1.000000  0.046646 0.277871 0
0  -6.860438 32.234200 0.002517  -0.036767 0.003563 -0.999318  0.050578 0.279817 0
0  -6.860646 35.599758 -0.001775  -0.076920 0.008892 -0.996998  0.060786 0.258207 0
door_01
0  -7.222116 32.898731 0.002620  -0.249891 0.031880 -0.967749  0.054930 0.276701 0
0  -6.860646 35.599758 -0.001775  -0.076920 0.008892 -0.996998  0.060786 0.258207 0
0  -6.860438 32.234200 0.002517  -0.036767 0.003563 -0.999318  0.050578 0.279817 0
door_01
0  -7.222116 32.898731 0.002620  -0.249891 0.031880 -0.967749  0.054930 0.276701 0
0  -7.222245 35.476009 0.202745  -0.250093 0.031934 -0.967695  0.062904 0.260447 0
0  -6.860646 35.599758 -0.001775  -0.076920 0.008892 -0.996998  0.060786 0.258207 0
door_01
0  7.192884 23.343340 58.658073  0.706614 0.603338 0.369701  0.617807 0.033021 0
0  6.769895 23.703512 58.878746  0.706614 0.603334 0.369708  0.619216 0.028935 0
0  6.769966 22.463507 60.673923  0.705951 0.571091 0.418914  0.633675 0.034506 0
door_01
0  7.192884 23.343340 58.658073  0.706614 0.603338 0.369701  0.617807 0.033021 0
0  6.769966 22.463507 60.673923  0.705951 0.571091 0.418914  0.633675 0.034506 0
0  7.193176 22.122240 60.425976  0.705945 0.571052 0.418976  0.632064 0.038543 0
door_01
0  6.769966 22.463507 60.673923  0.705951 0.571091 0.418914  0.633675 0.034506 0
0  7.193462 20.801092 62.122494  0.705937 0.538578 0.459986  0.646198 0.044452 0
0  7.193176 22.122240 60.425976  0.705945 0.571052 0.418976  0.632064 0.038543 0
door_01
0  6.769966 22.463507 60.673923  0.705951 0.571091 0.418914  0.633675 0.034506 0
0  6.770058 21.121969 62.396595  0.705940 0.538568 0.459993  0.647998 0.040516 0
0  7.193462 20.801092 62.122494  0.705937 0.538578 0.459986  0.646198 0.044452 0
door_01
0  7.193462 20.801092 62.122494  0.705937 0.538578 0.459986  0.646198 0.044452 0
0  6.770058 21.121969 62.396595  0.705940 0.538568 0.459993  0.647998 0.040516 0
0  6.770055 19.633959 63.987064  0.705582 0.497023 0.505096  0.661890 0.047396 0
door_01
0  7.193462 20.801092 62.122494  0.705937 0.538578 0.459986  0.646198 0.044452 0
0  6.770055 19.633959 63.987064  0.705582 0.497023 0.505096  0.661890 0.047396 0
0  7.193742 19.335665 63.688786  0.705581 0.496427 0.505683  0.659915 0.051229 0
door_01
0  7.193742 19.335665 63.688786  0.705581 0.496427 0.505683  0.659915 0.051229 0
0  6.770055 19.633959 63.987064  0.705582 0.497023 0.505096  0.661890 0.047396 0
0  6.769952 18.782595 64.714127  0.704332 0.461023 0.539790  0.668835 0.051410 0
door_01
0  7.193742 19.335665 63.688786  0.705581 0.496427 0.505683  0.659915 0.051229 0
0  6.769952 18.782595 64.714127  0.704332 0.461023 0.539790  0.668835 0.051410 0
0  7.193927 18.213781 64.646805  0.704294 0.461071 0.539800  0.669005 0.056609 0
door_01
0  6.769826 27.424482 40.009594  0.708032 0.698405 -0.104503  0.481755 0.012745 0
0  7.190634 27.255871 42.208466  0.707836 0.704197 -0.055456  0.497426 0.016016 0
0  7.190390 27.007999 40.075581  0.708027 0.698436 -0.104334  0.482164 0.017050 0
door_01
0  6.769826 27.424482 40.009594  0.708032 0.698405 -0.104503  0.481755 0.012745 0
0  6.769831 27.676239 42.175381  0.707833 0.704201 -0.055449  0.497221 0.011699 0
0  7.190634 27.255871 42.208466  0.707836 0.704197 -0.055456  0.497426 0.016016 0
door_01
0  7.190634 27.255871 42.208466  0.707836 0.704197 -0.055456  0.497426 0.016016 0
0  6.769831 27.676239 42.175381  0.707833 0.704201 -0.055449  0.497221 0.011699 0
0  6.769845 27.766506 44.353218  0.707770 0.706435 -0.003363  0.512703 0.011267 0
door_01
0  7.190634 27.255871 42.208466  0.707836 0.704197 -0.055456  0.497426 0.016016 0
0  6.769845 27.766506 44.353218  0.707770 0.706435 -0.003363  0.512703 0.011267 0
0  7.190892 27.344660 44.353226  0.707773 0.706431 -0.003482  0.512704 0.015593 0
door_01
0  6.769845 27.766506 44.353218  0.707770 0.706435 -0.003363  0.512703 0.011267 0
0  7.191159 27.276196 46.497551  0.707824 0.704216 0.055364  0.527963 0.015859 0
0  7.190892 27.344660 44.353226  0.707773 0.706431 -0.003482  0.512704 0.015593 0
door_01
0  6.769845 27.766506 44.353218  0.707770 0.706435 -0.003363  0.512703 0.011267 0
0  6.769869 27.697048 46.530636  0.707828 0.704211 0.055370  0.528167 0.011548 0
0  7.191159 27.276196 46.497551  0.707824 0.704216 0.055364  0.527963 0.015859 0
door_01
0  7.191159 27.276196 46.497551  0.707824 0.704216 0.055364  0.527963 0.015859 0
0  6.769869 27.697048 46.530636  0.707828 0.704211 0.055370  0.528167 0.011548 0
0  6.769910 27.424685 48.696846  0.707422 0.698121 0.110364  0.543630 0.012761 0
door_01
0  7.191159 27.276196 46.497551  0.707824 0.704216 0.055364  0.527963 0.015859 0
0  6.769910 27.424685 48.696846  0.707422 0.698121 0.110364  0.543630 0.012761 0
0  7.191436 27.007969 48.630856  0.707428 0.698119 0.110345  0.543219 0.017078 0
door_01
0  6.769910 27.424685 48.696846  0.707422 0.698121 0.110364  0.543630 0.012761 0
0  7.191718 26.605480 50.738289  0.707376 0.687315 0.164979  0.558396 0.018758 0
0  7.191436 27.007969 48.630856  0.707428 0.698119 0.110345  0.543219 0.017078 0
door_01
0  6.769910 27.424685 48.696846  0.707422 0.698121 0.110364  0.543630 0.012761 0
0  6.769974 27.015894 50.836784  0.707377 0.687310 0.164990  0.559008 0.014484 0
0  7.191718 26.605480 50.738289  0.707376 0.687315 0.164979  0.558396 0.018758 0
door_01
0  7.191718 26.605480 50.738289  0.707376 0.687315 0.164979  0.558396 0.018758 0
0  6.769974 27.015894 50.836784  0.707377 0.687310 0.164990  0.559008 0.014484 0
0  6.770001 26.407335 52.933529  0.706887 0.672564 0.219018  0.574280 0.017146 0
door_01
0  7.191718 26.605480 50.738289  0.707376 0.687315 0.164979  0.558396 0.018758 0
0  6.770001 26.407335 52.933529  0.706887 0.672564 0.219018  0.574280 0.017146 0
0  7.192006 26.006250 52.803169  0.706882 0.672569 0.219015  0.573465 0.021405 0
door_01
0  6.770001 26.407335 52.933529  0.706887 0.672564 0.219018  0.574280 0.017146 0
0  7.192297 25.275930 54.820000  0.706814 0.653571 0.270666  0.588413 0.024529 0
0  7.192006 26.006250 52.803169  0.706882 0.672569 0.219015  0.573465 0.021405 0
door_01
0  6.770001 26.407335 52.933529  0.706887 0.672564 0.219018  0.574280 0.017146 0
0  6.769935 25.665833 54.981461  0.706813 0.653567 0.270677  0.589427 0.020328 0
0  7.192297 25.275930 54.820000  0.706814 0.653571 0.270666  0.588413 0.024529 0
door_01
0  7.192297 25.275930 54.820000  0.706814 0.653571 0.270666  0.588413 0.024529 0
0  6.769935 25.665833 54.981461  0.706813 0.653567 0.270677  0.589427 0.020328 0
0  6.769861 24.740097 56.958923  0.706414 0.632193 0.318296  0.604396 0.024416 0
door_01
0  7.192297 25.275930 54.820000  0.706814 0.653571 0.270666  0.588413 0.024529 0
0  6.769861 24.740097 56.958923  0.706414 0.632193 0.318296  0.604396 0.024416 0
0  7.192591 24.364162 56.767406  0.706414 0.632238 0.318206  0.603177 0.028585 0
door_01
0  6.769861 24.740097 56.958923  0.706414 0.632193 0.318296  0.604396 0.024416 0
0  7.192884 23.343340 58.658073  0.706614 0.603338 0.369701  0.617807 0.033021 0
0  7.192591 24.364162 56.767406  0.706414 0.632238 0.318206  0.603177 0.028585 0
door_01
0  6.769861 24.740097 56.958923  0.706414 0.632193 0.318296  0.604396 0.024416 0
0  6.769895 23.703512 58.878746  0.706614 0.603334 0.369708  0.619216 0.028935 0
0  7.192884 23.343340 58.658073  0.706614 0.603338 0.369701  0.617807 0.033021 0
door_01
0  6.210620 23.686346 29.835310  -0.001508 0.852604 -0.522555  0.404872 0.025185 0
0  6.769924 23.687769 29.834652  -0.001410 0.852606 -0.522552  0.406190 0.029003 0
0  6.769883 22.463543 28.032513  -0.000685 0.809008 -0.587798  0.391720 0.034499 0
door_01
0  6.210620 23.686346 29.835310  -0.001508 0.852604 -0.522555  0.404872 0.025185 0
0  6.769883 22.463543 28.032513  -0.000685 0.809008 -0.587798  0.391720 0.034499 0
0  6.210069 22.463512 28.032513  -0.000046 0.809140 -0.587616  0.390208 0.030714 0
door_01
0  6.769883 22.463543 28.032513  -0.000685 0.809008 -0.587798  0.391720 0.034499 0
0  6.209991 21.124580 26.308031  0.000341 0.760379 -0.649479  0.375720 0.036805 0
0  6.210069 22.463512 28.032513  -0.000046 0.809140 -0.587616  0.390208 0.030714 0
door_01
0  6.769883 22.463543 28.032513  -0.000685 0.809008 -0.587798  0.391720 0.034499 0
0  6.769893 21.124401 26.308182  0.000414 0.760379 -0.649480  0.377400 0.040482 0
0  6.209991 21.124580 26.308031  0.000341 0.760379 -0.649479  0.375720 0.036805 0
door_01
0  6.209991 21.124580 26.308031  0.000341 0.760379 -0.649479  0.375720 0.036805 0
0  6.769893 21.124401 26.308182  0.000414 0.760379 -0.649480  0.377400 0.040482 0
0  6.769894 19.633913 24.719378  0.000103 0.703148 -0.711044  0.363513 0.047345 0
door_01
0  6.209991 21.124580 26.308031  0.000341 0.760379 -0.649479  0.375720 0.036805 0
0  6.769894 19.633913 24.719378  0.000103 0.703148 -0.711044  0.363513 0.047345 0
0  6.210079 19.633879 24.719376  -0.000039 0.703162 -0.711030  0.361625 0.043746 0
door_01
0  6.769894 19.633913 24.719378  0.000103 0.703148 -0.711044  0.363513 0.047345 0
0  6.210043 18.782606 23.992319  -0.000041 0.649450 -0.760405  0.354573 0.047770 0
0  6.210079 19.633879 24.719376  -0.000039 0.703162 -0.711030  0.361625 0.043746 0
door_01
0  6.769894 19.633913 24.719378  0.000103 0.703148 -0.711044  0.363513 0.047345 0
0  6.769857 18.782639 23.992317  -0.000043 0.649450 -0.760404  0.356563 0.051327 0
0  6.210043 18.782606 23.992319  -0.000041 0.649450 -0.760405  0.354573 0.047770 0
door_01
0  6.769910 27.424685 48.696846  -0.042348 0.986849 0.155997  0.543630 0.012761 0
0  6.229716 27.665956 46.409328  -0.036301 0.996648 0.073309  0.527502 0.007589 0
0  6.210096 27.424652 48.696846  -0.042380 0.986841 0.156038  0.544016 0.008702 0
door_01
0  6.769910 27.424685 48.696846  -0.042348 0.986849 0.155997  0.543630 0.012761 0
0  6.769869 27.697048 46.530636  -0.037388 0.995812 0.083428  0.528167 0.011548 0
0  6.229716 27.665956 46.409328  -0.036301 0.996648 0.073309  0.527502 0.007589 0
door_01
0  6.229716 27.665956 46.409328  -0.036301 0.996648 0.073309  0.527502 0.007589 0
0  6.769869 27.697048 46.530636  -0.037388 0.995812 0.083428  0.528167 0.011548 0
0  6.769845 27.766506 44.353218  -0.027634 0.999612 -0.003454  0.512703 0.011267 0
door_01
0  6.229716 27.665956 46.409328  -0.036301 0.996648 0.073309  0.527502 0.007589 0
0  6.769845 27.766506 44.353218  -0.027634 0.999612 -0.003454  0.512703 0.011267 0
0  6.210031 27.766474 44.353222  -0.027546 0.999614 -0.003509  0.512688 0.007218 0
door_01
0  6.769845 27.766506 44.353218  -0.027634 0.999612 -0.003454  0.512703 0.011267 0
0  6.222081 27.657162 42.296432  -0.025226 0.996915 -0.074320  0.497886 0.007686 0
0  6.210031 27.766474 44.353222  -0.027546 0.999614 -0.003509  0.512688 0.007218 0
door_01
0  6.769845 27.766506 44.353218  -0.027634 0.999612 -0.003454  0.512703 0.011267 0
0  6.769831 27.676239 42.175381  -0.026066 0.996264 -0.082338  0.497221 0.011699 0
0  6.222081 27.657162 42.296432  -0.025226 0.996915 -0.074320  0.497886 0.007686 0
door_01
0  6.222081 27.657162 42.296432  -0.025226 0.996915 -0.074320  0.497886 0.007686 0
0  6.769831 27.676239 42.175381  -0.026066 0.996264 -0.082338  0.497221 0.011699 0
0  6.769826 27.424482 40.009594  -0.039416 0.987846 -0.150354  0.481755 0.012745 0
door_01
0  6.222081 27.657162 42.296432  -0.025226 0.996915 -0.074320  0.497886 0.007686 0
0  6.769826 27.424482 40.009594  -0.039416 0.987846 -0.150354  0.481755 0.012745 0
0  6.210010 27.424694 40.009594  -0.039348 0.987907 -0.149971  0.481391 0.008687 0
door_01
0  6.769826 27.424482 40.009594  -0.039416 0.987846 -0.150354  0.481755 0.012745 0
0  6.230631 26.966272 37.816116  -0.047720 0.970564 -0.236067  0.465368 0.010585 0
0  6.210010 27.424694 40.009594  -0.039348 0.987907 -0.149971  0.481391 0.008687 0
door_01
0  6.769826 27.424482 40.009594  -0.039416 0.987846 -0.150354  0.481755 0.012745 0
0  6.769830 27.031898 37.863415  -0.048107 0.971964 -0.230155  0.466360 0.014403 0
0  6.230631 26.966272 37.816116  -0.047720 0.970564 -0.236067  0.465368 0.010585 0
door_01
0  6.230631 26.966272 37.816116  -0.047720 0.970564 -0.236067  0.465368 0.010585 0
0  6.769830 27.031898 37.863415  -0.048107 0.971964 -0.230155  0.466360 0.014403 0
0  6.769857 26.407408 35.772919  -0.018411 0.951357 -0.307541  0.451121 0.017133 0
door_01
0  6.230631 26.966272 37.816116  -0.047720 0.970564 -0.236067  0.465368 0.010585 0
0  6.769857 26.407408 35.772919  -0.018411 0.951357 -0.307541  0.451121 0.017133 0
0  6.210042 26.407375 35.772919  -0.018365 0.951343 -0.307588  0.450345 0.013143 0
door_01
0  6.769857 26.407408 35.772919  -0.018411 0.951357 -0.307541  0.451121 0.017133 0
0  6.206249 25.672377 33.717564  0.007739 0.923867 -0.382636  0.434984 0.016365 0
0  6.210042 26.407375 35.772919  -0.018365 0.951343 -0.307588  0.450345 0.013143 0
door_01
0  6.769857 26.407408 35.772919  -0.018411 0.951357 -0.307541  0.451121 0.017133 0
0  6.769918 25.663866 33.719986  0.007779 0.923820 -0.382749  0.435933 0.020326 0
0  6.206249 25.672377 33.717564  0.007739 0.923867 -0.382636  0.434984 0.016365 0
door_01
0  6.206249 25.672377 33.717564  0.007739 0.923867 -0.382636  0.434984 0.016365 0
0  6.769918 25.663866 33.719986  0.007779 0.923820 -0.382749  0.435933 0.020326 0
0  6.769955 24.740173 31.747513  0.003173 0.890821 -0.454343  0.421005 0.024408 0
door_01
0  6.206249 25.672377 33.717564  0.007739 0.923867 -0.382636  0.434984 0.016365 0
0  6.769955 24.740173 31.747513  0.003173 0.890821 -0.454343  0.421005 0.024408 0
0  6.209896 24.740141 31.747517  0.003184 0.890827 -0.454331  0.419862 0.020494 0
door_01
0  6.769955 24.740173 31.747513  0.003173 0.890821 -0.454343  0.421005 0.024408 0
0  6.210620 23.686346 29.835310  -0.001508 0.852604 -0.522555  0.404872 0.025185 0
0  6.209896 24.740141 31.747517  0.003184 0.890827 -0.454331  0.419862 0.020494 0
door_01
0  6.769955 24.740173 31.747513  0.003173 0.890821 -0.454343  0.421005 0.024408 0
0  6.769924 23.687769 29.834652  -0.001410 0.852606 -0.522552  0.406190 0.029003 0
0  6.210620 23.686346 29.835310  -0.001508 0.852604 -0.522555  0.404872 0.025185 0
door_01
0  -7.213322 18.212906 64.648567  -1.000000 -0.000062 0.000122  0.740469 0.977547 0
0  -7.211196 33.743679 89.734497  -1.000000 -0.000061 0.000123  0.755635 0.778078 0
0  -7.211709 33.430878 85.420067  -1.000000 -0.000061 0.000123  0.740109 0.802961 0
door_01
0  -7.213322 18.212906 64.648567  -1.000000 -0.000062 0.000122  0.740469 0.977547 0
0  -7.213177 15.143830 64.285332  -1.000000 -0.000061 0.000122  0.755829 0.991800 0
0  -7.211196 33.743679 89.734497  -1.000000 -0.000061 0.000123  0.755635 0.778078 0
door_01
0  -7.217594 21.384909 31.247286  -1.000000 -0.000062 0.000123  0.412996 0.048741 0
0  -7.217693 24.363337 31.940792  -1.000000 -0.000062 0.000123  0.422218 0.028558 0
0  -7.217860 23.326952 30.056995  -1.000000 -0.000061 0.000123  0.407595 0.033075 0
door_01
0  -7.218005 22.121374 28.282225  -1.000000 -0.000062 0.000123  0.393322 0.038515 0
0  -7.217594 21.384909 31.247286  -1.000000 -0.000062 0.000123  0.412996 0.048741 0
0  -7.217860 23.326952 30.056995  -1.000000 -0.000061 0.000123  0.407595 0.033075 0
door_01
0  -7.218005 22.121374 28.282225  -1.000000 -0.000062 0.000123  0.393322 0.038515 0
0  -7.217726 20.279736 29.620270  -1.000000 -0.000062 0.000123  0.399426 0.053814 0
0  -7.217594 21.384909 31.247286  -1.000000 -0.000062 0.000123  0.412996 0.048741 0
door_01
0  -7.217843 19.070696 28.063492  -1.000000 -0.000062 0.000123  0.386067 0.059490 0
0  -7.217726 20.279736 29.620270  -1.000000 -0.000062 0.000123  0.399426 0.053814 0
0  -7.218005 22.121374 28.282225  -1.000000 -0.000062 0.000123  0.393322 0.038515 0
door_01
0  -7.217843 19.070696 28.063492  -1.000000 -0.000062 0.000123  0.386067 0.059490 0
0  -7.218005 22.121374 28.282225  -1.000000 -0.000062 0.000123  0.393322 0.038515 0
0  -7.218132 20.802568 26.584076  -1.000000 -0.000062 0.000123  0.379189 0.044401 0
door_01
0  -7.218232 19.334705 25.019423  -1.000000 -0.000061 0.000123  0.365474 0.051165 0
0  -7.217843 19.070696 28.063492  -1.000000 -0.000062 0.000123  0.386067 0.059490 0
0  -7.218132 20.802568 26.584076  -1.000000 -0.000062 0.000123  0.379189 0.044401 0
door_01
0  -7.218232 19.334705 25.019423  -1.000000 -0.000061 0.000123  0.365474 0.051165 0
0  -7.217937 17.724985 26.629095  -1.000000 -0.000061 0.000123  0.373050 0.065812 0
0  -7.217843 19.070696 28.063492  -1.000000 -0.000062 0.000123  0.386067 0.059490 0
door_01
0  -7.218283 18.212938 24.061392  -1.000000 -0.000062 0.000122  0.356371 0.056477 0
0  -7.217937 17.724985 26.629095  -1.000000 -0.000061 0.000123  0.373050 0.065812 0
0  -7.218232 19.334705 25.019423  -1.000000 -0.000061 0.000123  0.365474 0.051165 0
door_01
0  -7.218283 18.212938 24.061392  -1.000000 -0.000062 0.000122  0.356371 0.056477 0
0  -7.218049 15.143822 24.424637  -1.000000 -0.000062 0.000122  0.351676 0.078177 0
0  -7.217937 17.724985 26.629095  -1.000000 -0.000061 0.000123  0.373050 0.065812 0
door_01
0  -7.215814 27.007095 48.632614  -1.000000 -0.000062 0.000122  0.543219 0.017078 0
0  -7.215719 24.758579 48.276501  -1.000000 -0.000062 0.000122  0.541657 0.033479 0
0  -7.215460 24.389643 50.208488  -1.000000 -0.000062 0.000122  0.556048 0.035161 0
door_01
0  -7.215972 25.004581 46.320793  -1.000000 -0.000062 0.000122  0.527174 0.032422 0
0  -7.215719 24.758579 48.276501  -1.000000 -0.000062 0.000122  0.541657 0.033479 0
0  -7.215814 27.007095 48.632614  -1.000000 -0.000062 0.000122  0.543219 0.017078 0
door_01
0  -7.215972 25.004581 46.320793  -1.000000 -0.000062 0.000122  0.527174 0.032422 0
0  -7.215814 27.007095 48.632614  -1.000000 -0.000062 0.000122  0.543219 0.017078 0
0  -7.216091 27.275320 46.499306  -1.000000 -0.000062 0.000122  0.527963 0.015859 0
door_01
0  -7.216358 27.343781 44.354980  -1.000000 -0.000062 0.000122  0.512704 0.015593 0
0  -7.215972 25.004581 46.320793  -1.000000 -0.000062 0.000122  0.527174 0.032422 0
0  -7.216091 27.275320 46.499306  -1.000000 -0.000062 0.000122  0.527963 0.015859 0
door_01
0  -7.216358 27.343781 44.354980  -1.000000 -0.000062 0.000122  0.512704 0.015593 0
0  -7.216216 25.067413 44.354977  -1.000000 -0.000062 0.000122  0.512693 0.032109 0
0  -7.215972 25.004581 46.320793  -1.000000 -0.000062 0.000122  0.527174 0.032422 0
door_01
0  -7.216452 24.985910 42.388763  -1.000000 -0.000062 0.000122  0.498205 0.032431 0
0  -7.216216 25.067413 44.354977  -1.000000 -0.000062 0.000122  0.512693 0.032109 0
0  -7.216358 27.343781 44.354980  -1.000000 -0.000062 0.000122  0.512704 0.015593 0
door_01
0  -7.216452 24.985910 42.388763  -1.000000 -0.000062 0.000122  0.498205 0.032431 0
0  -7.216358 27.343781 44.354980  -1.000000 -0.000062 0.000122  0.512704 0.015593 0
0  -7.216614 27.254995 42.210220  -1.000000 -0.000062 0.000122  0.497426 0.016016 0
door_01
0  -7.216859 27.007126 40.077339  -1.000000 -0.000062 0.000122  0.482164 0.017050 0
0  -7.216452 24.985910 42.388763  -1.000000 -0.000062 0.000122  0.498205 0.032431 0
0  -7.216614 27.254995 42.210220  -1.000000 -0.000062 0.000122  0.497426 0.016016 0
door_01
0  -7.216859 27.007126 40.077339  -1.000000 -0.000062 0.000122  0.482164 0.017050 0
0  -7.216677 24.758570 40.433449  -1.000000 -0.000062 0.000122  0.483746 0.033487 0
0  -7.216452 24.985910 42.388763  -1.000000 -0.000062 0.000122  0.498205 0.032431 0
door_01
0  -7.216892 24.404150 38.495823  -1.000000 -0.000062 0.000123  0.469319 0.035089 0
0  -7.216677 24.758570 40.433449  -1.000000 -0.000062 0.000122  0.483746 0.033487 0
0  -7.216859 27.007126 40.077339  -1.000000 -0.000062 0.000122  0.482164 0.017050 0
door_01
0  -7.216892 24.404150 38.495823  -1.000000 -0.000062 0.000123  0.469319 0.035089 0
0  -7.216859 27.007126 40.077339  -1.000000 -0.000062 0.000122  0.482164 0.017050 0
0  -7.217094 26.620506 37.963760  -1.000000 -0.000062 0.000123  0.466969 0.018666 0
door_01
0  -7.217309 26.005430 35.905029  -1.000000 -0.000062 0.000123  0.451933 0.021386 0
0  -7.216892 24.404150 38.495823  -1.000000 -0.000062 0.000123  0.469319 0.035089 0
0  -7.217094 26.620506 37.963760  -1.000000 -0.000062 0.000123  0.466969 0.018666 0
door_01
0  -7.217309 26.005430 35.905029  -1.000000 -0.000062 0.000123  0.451933 0.021386 0
0  -7.217088 23.840345 36.608482  -1.000000 -0.000062 0.000123  0.455021 0.037574 0
0  -7.216892 24.404150 38.495823  -1.000000 -0.000062 0.000123  0.469319 0.035089 0
door_01
0  -7.217274 23.168970 34.755054  -1.000000 -0.000062 0.000123  0.440829 0.040624 0
0  -7.217088 23.840345 36.608482  -1.000000 -0.000062 0.000123  0.455021 0.037574 0
0  -7.217309 26.005430 35.905029  -1.000000 -0.000062 0.000123  0.451933 0.021386 0
door_01
0  -7.217274 23.168970 34.755054  -1.000000 -0.000062 0.000123  0.440829 0.040624 0
0  -7.217309 26.005430 35.905029  -1.000000 -0.000062 0.000123  0.451933 0.021386 0
0  -7.217510 25.273081 33.883297  -1.000000 -0.000062 0.000122  0.436945 0.024515 0
door_01
0  -7.217693 24.363337 31.940792  -1.000000 -0.000062 0.000123  0.422218 0.028558 0
0  -7.217274 23.168970 34.755054  -1.000000 -0.000062 0.000123  0.440829 0.040624 0
0  -7.217510 25.273081 33.883297  -1.000000 -0.000062 0.000122  0.436945 0.024515 0
door_01
0  -7.217693 24.363337 31.940792  -1.000000 -0.000062 0.000123  0.422218 0.028558 0
0  -7.217441 22.334953 32.974258  -1.000000 -0.000062 0.000123  0.426839 0.044368 0
0  -7.217274 23.168970 34.755054  -1.000000 -0.000062 0.000123  0.440829 0.040624 0
door_01
0  -7.217594 21.384909 31.247286  -1.000000 -0.000062 0.000123  0.412996 0.048741 0
0  -7.217441 22.334953 32.974258  -1.000000 -0.000062 0.000123  0.426839 0.044368 0
0  -7.217693 24.363337 31.940792  -1.000000 -0.000062 0.000123  0.422218 0.028558 0
door_01
0  -5.148471 0.067280 101.107079  -0.539306 -0.701367 0.466083  0.439070 0.986432 0
0  -5.237948 0.068180 101.004906  -0.572155 -0.820145 0.000633  0.439775 0.985581 0
0  -5.148479 -0.000616 101.004898  -0.572117 -0.820171 0.000676  0.439104 0.985579 0
door_01
0  -5.237948 0.068180 101.004906  -0.572155 -0.820145 0.000633  0.439775 0.985581 0
0  -5.154623 -0.000724 50.751503  -0.568144 -0.822929 0.000160  0.439958 0.632651 0
0  -5.148479 -0.000616 101.004898  -0.572117 -0.820171 0.000676  0.439104 0.985579 0
door_01
0  -5.237948 0.068180 101.004906  -0.572155 -0.820145 0.000633  0.439775 0.985581 0
0  -5.257082 0.064348 50.749325  -0.567944 -0.823067 0.000159  0.440890 0.632641 0
0  -5.154623 -0.000724 50.751503  -0.568144 -0.822929 0.000160  0.439958 0.632651 0
door_01
0  -5.257082 0.064348 50.749325  -0.567944 -0.823067 0.000159  0.440890 0.632641 0
0  -5.155404 -0.000578 44.354488  -0.547443 -0.836843 -0.000175  0.439621 0.587329 0
0  -5.154623 -0.000724 50.751503  -0.568144 -0.822929 0.000160  0.439958 0.632651 0
door_01
0  -5.257082 0.064348 50.749325  -0.567944 -0.823067 0.000159  0.440890 0.632641 0
0  -5.257863 0.064738 44.354496  -0.547458 -0.836833 -0.000178  0.440550 0.587346 0
0  -5.155404 -0.000578 44.354488  -0.547443 -0.836843 -0.000175  0.439621 0.587329 0
door_01
0  -5.257863 0.064738 44.354496  -0.547458 -0.836833 -0.000178  0.440550 0.587346 0
0  -5.156187 -0.000676 37.957474  -0.567848 -0.823133 0.000029  0.440212 0.541954 0
0  -5.155404 -0.000578 44.354488  -0.547443 -0.836843 -0.000175  0.439621 0.587329 0
door_01
0  -5.257863 0.064738 44.354496  -0.547458 -0.836833 -0.000178  0.440550 0.587346 0
0  -5.253201 0.068135 37.957489  -0.567841 -0.823138 0.000032  0.441200 0.541941 0
0  -5.156187 -0.000676 37.957474  -0.567848 -0.823133 0.000029  0.440212 0.541954 0
door_01
0  -5.253201 0.068135 37.957489  -0.567841 -0.823138 0.000032  0.441200 0.541941 0
0  -5.160818 -0.000562 0.070940  -0.569463 -0.822017 0.000101  0.440216 0.269290 0
0  -5.156187 -0.000676 37.957474  -0.567848 -0.823133 0.000029  0.440212 0.541954 0
door_01
0  -5.253201 0.068135 37.957489  -0.567841 -0.823138 0.000032  0.441200 0.541941 0
0  -5.262479 0.068253 0.002145  -0.569476 -0.822008 0.000102  0.441204 0.268797 0
0  -5.160818 -0.000562 0.070940  -0.569463 -0.822017 0.000101  0.440216 0.269290 0
door_01
0  -7.213177 15.143830 64.285332  -1.000000 -0.000061 0.000122  0.673678 0.078255 0
0  -7.213322 18.212906 64.648567  -1.000000 -0.000062 0.000122  0.669005 0.056609 0
0  -7.213387 16.516027 63.251106  -1.000000 -0.000062 0.000121  0.663269 0.071486 0
door_01
0  -7.213387 16.516027 63.251106  -1.000000 -0.000062 0.000121  0.663269 0.071486 0
0  -7.213322 18.212906 64.648567  -1.000000 -0.000062 0.000122  0.669005 0.056609 0
0  -7.213508 19.334789 63.690544  -1.000000 -0.000062 0.000121  0.659915 0.051229 0
door_01
0  -7.213387 16.516027 63.251106  -1.000000 -0.000062 0.000121  0.663269 0.071486 0
0  -7.213508 19.334789 63.690544  -1.000000 -0.000062 0.000121  0.659915 0.051229 0
0  -7.213603 17.725021 62.080864  -1.000000 -0.000061 0.000121  0.652337 0.065814 0
door_01
0  -7.213859 19.068451 60.644951  -1.000000 -0.000062 0.000121  0.639317 0.059520 0
0  -7.213603 17.725021 62.080864  -1.000000 -0.000061 0.000121  0.652337 0.065814 0
0  -7.213508 19.334789 63.690544  -1.000000 -0.000062 0.000121  0.659915 0.051229 0
door_01
0  -7.213859 19.068451 60.644951  -1.000000 -0.000062 0.000121  0.639317 0.059520 0
0  -7.213508 19.334789 63.690544  -1.000000 -0.000062 0.000121  0.659915 0.051229 0
0  -7.213788 20.800217 62.124245  -1.000000 -0.000063 0.000121  0.646198 0.044452 0
door_01
0  -7.214076 22.121363 60.427734  -1.000000 -0.000062 0.000121  0.632064 0.038543 0
0  -7.213859 19.068451 60.644951  -1.000000 -0.000062 0.000121  0.639317 0.059520 0
0  -7.213788 20.800217 62.124245  -1.000000 -0.000063 0.000121  0.646198 0.044452 0
door_01
0  -7.214076 22.121363 60.427734  -1.000000 -0.000062 0.000121  0.632064 0.038543 0
0  -7.214124 20.279648 59.089684  -1.000000 -0.000062 0.000122  0.625967 0.053846 0
0  -7.213859 19.068451 60.644951  -1.000000 -0.000062 0.000121  0.639317 0.059520 0
door_01
0  -7.214390 21.399143 57.468960  -1.000000 -0.000062 0.000122  0.612401 0.048695 0
0  -7.214124 20.279648 59.089684  -1.000000 -0.000062 0.000122  0.625967 0.053846 0
0  -7.214076 22.121363 60.427734  -1.000000 -0.000062 0.000121  0.632064 0.038543 0
door_01
0  -7.214390 21.399143 57.468960  -1.000000 -0.000062 0.000122  0.612401 0.048695 0
0  -7.214076 22.121363 60.427734  -1.000000 -0.000062 0.000121  0.632064 0.038543 0
0  -7.214365 23.342466 58.659821  -1.000000 -0.000062 0.000122  0.617807 0.033021 0
door_01
0  -7.214659 24.363287 56.769165  -1.000000 -0.000062 0.000122  0.603177 0.028585 0
0  -7.214390 21.399143 57.468960  -1.000000 -0.000062 0.000122  0.612401 0.048695 0
0  -7.214365 23.342466 58.659821  -1.000000 -0.000062 0.000122  0.617807 0.033021 0
door_01
0  -7.214659 24.363287 56.769165  -1.000000 -0.000062 0.000122  0.603177 0.028585 0
0  -7.214660 22.335030 55.735695  -1.000000 -0.000062 0.000122  0.598541 0.044391 0
0  -7.214390 21.399143 57.468960  -1.000000 -0.000062 0.000122  0.612401 0.048695 0
door_01
0  -7.214928 23.170897 53.950405  -1.000000 -0.000062 0.000121  0.584520 0.040632 0
0  -7.214660 22.335030 55.735695  -1.000000 -0.000062 0.000122  0.598541 0.044391 0
0  -7.214659 24.363287 56.769165  -1.000000 -0.000062 0.000122  0.603177 0.028585 0
door_01
0  -7.214928 23.170897 53.950405  -1.000000 -0.000062 0.000121  0.584520 0.040632 0
0  -7.214659 24.363287 56.769165  -1.000000 -0.000062 0.000122  0.603177 0.028585 0
0  -7.214953 25.275055 54.821747  -1.000000 -0.000062 0.000122  0.588413 0.024529 0
door_01
0  -7.215243 26.005373 52.804928  -1.000000 -0.000062 0.000122  0.573465 0.021405 0
0  -7.214928 23.170897 53.950405  -1.000000 -0.000062 0.000121  0.584520 0.040632 0
0  -7.214953 25.275055 54.821747  -1.000000 -0.000062 0.000122  0.588413 0.024529 0
door_01
0  -7.215243 26.005373 52.804928  -1.000000 -0.000062 0.000122  0.573465 0.021405 0
0  -7.215194 23.840378 52.101475  -1.000000 -0.000062 0.000122  0.570362 0.037582 0
0  -7.214928 23.170897 53.950405  -1.000000 -0.000062 0.000121  0.584520 0.040632 0
door_01
0  -7.215460 24.389643 50.208488  -1.000000 -0.000062 0.000122  0.556048 0.035161 0
0  -7.215194 23.840378 52.101475  -1.000000 -0.000062 0.000122  0.570362 0.037582 0
0  -7.215243 26.005373 52.804928  -1.000000 -0.000062 0.000122  0.573465 0.021405 0
door_01
0  -7.215460 24.389643 50.208488  -1.000000 -0.000062 0.000122  0.556048 0.035161 0
0  -7.215243 26.005373 52.804928  -1.000000 -0.000062 0.000122  0.573465 0.021405 0
0  -7.215532 26.604605 50.740044  -1.000000 -0.000062 0.000122  0.558396 0.018758 0
door_01
0  -7.215814 27.007095 48.632614  -1.000000 -0.000062 0.000122  0.543219 0.017078 0
0  -7.215460 24.389643 50.208488  -1.000000 -0.000062 0.000122  0.556048 0.035161 0
0  -7.215532 26.604605 50.740044  -1.000000 -0.000062 0.000122  0.558396 0.018758 0
door_01
0  -7.218283 18.212938 24.061392  -1.000000 -0.000062 0.000122  0.811299 0.796585 0
0  -7.222116 32.898731 0.002620  -1.000000 -0.000060 0.000122  0.827158 0.992674 0
0  -7.218049 15.143822 24.424637  -1.000000 -0.000062 0.000122  0.827132 0.781937 0
door_01
0  -7.218283 18.212938 24.061392  -1.000000 -0.000062 0.000122  0.811299 0.796585 0
0  -7.221741 33.300629 3.292022  -0.999998 -0.001569 -0.000995  0.811387 0.975756 0
0  -7.222116 32.898731 0.002620  -1.000000 -0.000060 0.000122  0.827158 0.992674 0
door_01
0  -6.231679 5.335200 48.913048  -0.740803 -0.510875 -0.436139  0.481619 0.619991 0
0  -5.720775 5.218395 48.146561  -0.740692 -0.541711 -0.397397  0.479461 0.613859 0
0  -5.720584 4.906755 48.546795  -0.740804 -0.510997 -0.435995  0.477298 0.616683 0
door_01
0  -6.231679 5.335200 48.913048  -0.740803 -0.510875 -0.436139  0.481619 0.619991 0
0  -6.231749 5.674155 48.477867  -0.740760 -0.541682 -0.397309  0.484002 0.616873 0
0  -5.720775 5.218395 48.146561  -0.740692 -0.541711 -0.397397  0.479461 0.613859 0
door_01
0  -5.720775 5.218395 48.146561  -0.740692 -0.541711 -0.397397  0.479461 0.613859 0
0  -6.231749 5.674155 48.477867  -0.740760 -0.541682 -0.397309  0.484002 0.616873 0
0  -6.231925 5.987475 48.024345  -0.741067 -0.572559 -0.350707  0.486213 0.613621 0
door_01
0  -5.720775 5.218395 48.146561  -0.740692 -0.541711 -0.397397  0.479461 0.613859 0
0  -6.231925 5.987475 48.024345  -0.741067 -0.572559 -0.350707  0.486213 0.613621 0
0  -5.720843 5.506582 47.729469  -0.741075 -0.572484 -0.350812  0.481439 0.610902 0
door_01
0  -6.231925 5.987475 48.024345  -0.741067 -0.572559 -0.350707  0.486213 0.613621 0
0  -5.720912 5.747499 47.283417  -0.740589 -0.600282 -0.301976  0.483142 0.607782 0
0  -5.720843 5.506582 47.729469  -0.741075 -0.572484 -0.350812  0.481439 0.610902 0
door_01
0  -6.231925 5.987475 48.024345  -0.741067 -0.572559 -0.350707  0.486213 0.613621 0
0  -6.232141 6.249407 47.539333  -0.740546 -0.600307 -0.302030  0.488069 0.610143 0
0  -5.720912 5.747499 47.283417  -0.740589 -0.600282 -0.301976  0.483142 0.607782 0
door_01
0  -5.720912 5.747499 47.283417  -0.740589 -0.600282 -0.301976  0.483142 0.607782 0
0  -6.232141 6.249407 47.539333  -0.740546 -0.600307 -0.302030  0.488069 0.610143 0
0  -6.232365 6.483294 47.039772  -0.740725 -0.620803 -0.256770  0.489731 0.606558 0
door_01
0  -5.720912 5.747499 47.283417  -0.740589 -0.600282 -0.301976  0.483142 0.607782 0
0  -6.232365 6.483294 47.039772  -0.740725 -0.620803 -0.256770  0.489731 0.606558 0
0  -5.721105 5.962539 46.823982  -0.740718 -0.620829 -0.256728  0.484625 0.604556 0
door_01
0  -6.232365 6.483294 47.039772  -0.740725 -0.620803 -0.256770  0.489731 0.606558 0
0  -5.721294 6.134763 46.348167  -0.740566 -0.638999 -0.207947  0.485835 0.601226 0
0  -5.721105 5.962539 46.823982  -0.740718 -0.620829 -0.256728  0.484625 0.604556 0
door_01
0  -6.232365 6.483294 47.039772  -0.740725 -0.620803 -0.256770  0.489731 0.606558 0
0  -6.232537 6.670613 46.522396  -0.740593 -0.638972 -0.207935  0.491069 0.602844 0
0  -5.721294 6.134763 46.348167  -0.740566 -0.638999 -0.207947  0.485835 0.601226 0
door_01
0  -5.721294 6.134763 46.348167  -0.740566 -0.638999 -0.207947  0.485835 0.601226 0
0  -6.232537 6.670613 46.522396  -0.740593 -0.638972 -0.207935  0.491069 0.602844 0
0  -6.232605 6.824284 45.992687  -0.740745 -0.653257 -0.156692  0.492172 0.599039 0
door_01
0  -5.721294 6.134763 46.348167  -0.740566 -0.638999 -0.207947  0.485835 0.601226 0
0  -6.232605 6.824284 45.992687  -0.740745 -0.653257 -0.156692  0.492172 0.599039 0
0  -5.721363 6.276151 45.861000  -0.740745 -0.653246 -0.156738  0.486813 0.597808 0
door_01
0  -6.232605 6.824284 45.992687  -0.740745 -0.653257 -0.156692  0.492172 0.599039 0
0  -5.721428 6.371152 45.363815  -0.740523 -0.663801 -0.104848  0.487500 0.594325 0
0  -5.721363 6.276151 45.861000  -0.740745 -0.653246 -0.156738  0.486813 0.597808 0
door_01
0  -6.232605 6.824284 45.992687  -0.740745 -0.653257 -0.156692  0.492172 0.599039 0
0  -6.232683 6.927514 45.452080  -0.740501 -0.663825 -0.104854  0.492921 0.595154 0
0  -5.721428 6.371152 45.363815  -0.740523 -0.663801 -0.104848  0.487500 0.594325 0
door_01
0  -5.721428 6.371152 45.363815  -0.740523 -0.663801 -0.104848  0.487500 0.594325 0
0  -6.232683 6.927514 45.452080  -0.740501 -0.663825 -0.104854  0.492921 0.595154 0
0  -6.232877 6.996378 44.904823  -0.740722 -0.669761 -0.052456  0.493430 0.591221 0
door_01
0  -5.721428 6.371152 45.363815  -0.740523 -0.663801 -0.104848  0.487500 0.594325 0
0  -6.232877 6.996378 44.904823  -0.740722 -0.669761 -0.052456  0.493430 0.591221 0
0  -5.721616 6.434430 44.860512  -0.740715 -0.669774 -0.052394  0.487941 0.590793 0
door_01
0  -6.232877 6.996378 44.904823  -0.740722 -0.669761 -0.052456  0.493430 0.591221 0
0  -5.721801 6.450560 44.354618  -0.740557 -0.671985 0.003427  0.488085 0.587243 0
0  -5.721616 6.434430 44.860512  -0.740715 -0.669774 -0.052394  0.487941 0.590793 0
door_01
0  -6.232877 6.996378 44.904823  -0.740722 -0.669761 -0.052456  0.493430 0.591221 0
0  -6.233067 7.014006 44.354736  -0.740562 -0.671980 0.003251  0.493579 0.587264 0
0  -5.721801 6.450560 44.354618  -0.740557 -0.671985 0.003427  0.488085 0.587243 0
door_01
0  -5.719626 1.340558 50.620884  -0.752320 -0.139513 -0.643856  0.452086 0.632249 0
0  -5.719449 0.688206 50.751633  -0.756943 -0.138587 -0.638617  0.447891 0.632806 0
0  -6.230651 1.249913 51.246254  -0.756944 -0.138576 -0.638618  0.453128 0.636373 0
door_01
0  -5.719626 1.340558 50.620884  -0.752320 -0.139513 -0.643856  0.452086 0.632249 0
0  -6.230651 1.249913 51.246254  -0.756944 -0.138576 -0.638618  0.453128 0.636373 0
0  -6.230693 1.708415 51.136169  -0.750024 -0.140268 -0.646366  0.456302 0.635656 0
door_01
0  -6.230735 2.166918 51.026100  -0.743725 -0.184017 -0.642659  0.459491 0.634921 0
0  -5.719626 1.340558 50.620884  -0.752320 -0.139513 -0.643856  0.452086 0.632249 0
0  -6.230693 1.708415 51.136169  -0.750024 -0.140268 -0.646366  0.456302 0.635656 0
door_01
0  -6.230735 2.166918 51.026100  -0.743725 -0.184017 -0.642659  0.459491 0.634921 0
0  -5.719803 1.992910 50.490120  -0.743741 -0.182768 -0.642997  0.456768 0.631021 0
0  -5.719626 1.340558 50.620884  -0.752320 -0.139513 -0.643856  0.452086 0.632249 0
door_01
0  -5.719803 1.992910 50.490120  -0.743741 -0.182768 -0.642997  0.456768 0.631021 0
0  -6.230735 2.166918 51.026100  -0.743725 -0.184017 -0.642659  0.459491 0.634921 0
0  -6.230911 2.684263 50.838745  -0.740908 -0.257176 -0.620416  0.463106 0.633638 0
door_01
0  -5.719803 1.992910 50.490120  -0.743741 -0.182768 -0.642997  0.456768 0.631021 0
0  -6.230911 2.684263 50.838745  -0.740908 -0.257176 -0.620416  0.463106 0.633638 0
0  -5.719853 2.468628 50.317814  -0.740911 -0.257094 -0.620447  0.460205 0.629633 0
door_01
0  -6.230911 2.684263 50.838745  -0.740908 -0.257176 -0.620416  0.463106 0.633638 0
0  -5.719909 2.927991 50.102718  -0.740714 -0.302255 -0.599987  0.463484 0.627980 0
0  -5.719853 2.468628 50.317814  -0.740911 -0.257094 -0.620447  0.460205 0.629633 0
door_01
0  -6.230911 2.684263 50.838745  -0.740908 -0.257176 -0.620416  0.463106 0.633638 0
0  -6.231092 3.183790 50.604858  -0.740674 -0.302356 -0.599986  0.466611 0.632016 0
0  -5.719909 2.927991 50.102718  -0.740714 -0.302255 -0.599987  0.463484 0.627980 0
door_01
0  -5.719909 2.927991 50.102718  -0.740714 -0.302255 -0.599987  0.463484 0.627980 0
0  -6.231092 3.183790 50.604858  -0.740674 -0.302356 -0.599986  0.466611 0.632016 0
0  -6.231154 3.668792 50.342995  -0.741128 -0.350895 -0.572365  0.470026 0.630187 0
door_01
0  -5.719909 2.927991 50.102718  -0.740714 -0.302255 -0.599987  0.463484 0.627980 0
0  -6.231154 3.668792 50.342995  -0.741128 -0.350895 -0.572365  0.470026 0.630187 0
0  -5.720088 3.374128 49.861874  -0.741133 -0.350955 -0.572322  0.466631 0.626145 0
door_01
0  -6.231154 3.668792 50.342995  -0.741128 -0.350895 -0.572365  0.470026 0.630187 0
0  -5.720269 3.791306 49.573784  -0.740696 -0.399781 -0.539949  0.469562 0.624046 0
0  -5.720088 3.374128 49.861874  -0.741133 -0.350955 -0.572322  0.466631 0.626145 0
door_01
0  -6.231154 3.668792 50.342995  -0.741128 -0.350895 -0.572365  0.470026 0.630187 0
0  -6.231220 4.122303 50.029732  -0.740741 -0.399637 -0.539993  0.473158 0.627967 0
0  -5.720269 3.791306 49.573784  -0.740696 -0.399781 -0.539949  0.469562 0.624046 0
door_01
0  -5.720269 3.791306 49.573784  -0.740696 -0.399781 -0.539949  0.469562 0.624046 0
0  -6.231220 4.122303 50.029732  -0.740741 -0.399637 -0.539993  0.473158 0.627967 0
0  -6.231411 4.554223 49.687889  -0.740591 -0.436557 -0.510825  0.476159 0.625532 0
door_01
0  -5.720269 3.791306 49.573784  -0.740696 -0.399781 -0.539949  0.469562 0.624046 0
0  -6.231411 4.554223 49.687889  -0.740591 -0.436557 -0.510825  0.476159 0.625532 0
0  -5.720332 4.188588 49.259418  -0.740588 -0.436464 -0.510909  0.472327 0.621776 0
door_01
0  -6.231411 4.554223 49.687889  -0.740591 -0.436557 -0.510825  0.476159 0.625532 0
0  -5.720397 4.561122 48.916340  -0.740600 -0.473386 -0.476883  0.474910 0.619320 0
0  -5.720332 4.188588 49.259418  -0.740588 -0.436464 -0.510909  0.472327 0.621776 0
door_01
0  -6.231411 4.554223 49.687889  -0.740591 -0.436557 -0.510825  0.476159 0.625532 0
0  -6.231602 4.959259 49.314857  -0.740528 -0.473480 -0.476901  0.478985 0.622867 0
0  -5.720397 4.561122 48.916340  -0.740600 -0.473386 -0.476883  0.474910 0.619320 0
door_01
0  -5.720397 4.561122 48.916340  -0.740600 -0.473386 -0.476883  0.474910 0.619320 0
0  -6.231602 4.959259 49.314857  -0.740528 -0.473480 -0.476901  0.478985 0.622867 0
0  -6.231679 5.335200 48.913048  -0.740803 -0.510875 -0.436139  0.481619 0.619991 0
door_01
0  -5.720397 4.561122 48.916340  -0.740600 -0.473386 -0.476883  0.474910 0.619320 0
0  -6.231679 5.335200 48.913048  -0.740803 -0.510875 -0.436139  0.481619 0.619991 0
0  -5.720584 4.906755 48.546795  -0.740804 -0.510997 -0.435995  0.477298 0.616683 0
door_01
0  6.108157 1.264924 101.105774  0.707472 0.006438 0.706712  0.452640 0.986573 0
0  6.210035 1.285888 101.003593  0.707480 0.006438 0.706704  0.452873 0.985598 0
0  6.293192 5.172526 100.884941  0.707984 0.055743 0.704025  0.479960 0.984804 0
door_01
0  6.108157 1.264924 101.105774  0.707472 0.006438 0.706712  0.452640 0.986573 0
0  6.293192 5.172526 100.884941  0.707984 0.055743 0.704025  0.479960 0.984804 0
0  6.191837 5.179305 100.986275  0.707898 0.055718 0.704113  0.480023 0.985804 0
door_01
0  6.210022 8.876547 100.405838  0.706934 0.121189 0.696820  0.505804 0.981500 0
0  6.191837 5.179305 100.986275  0.707898 0.055718 0.704113  0.480023 0.985804 0
0  6.293192 5.172526 100.884941  0.707984 0.055743 0.704025  0.479960 0.984804 0
door_01
0  6.210022 8.876547 100.405838  0.706934 0.121189 0.696820  0.505804 0.981500 0
0  6.108499 8.893669 100.505913  0.706884 0.121686 0.696783  0.505963 0.982489 0
0  6.191837 5.179305 100.986275  0.707898 0.055718 0.704113  0.480023 0.985804 0
door_01
0  6.108499 8.893669 100.505913  0.706884 0.121686 0.696783  0.505963 0.982489 0
0  6.210022 8.876547 100.405838  0.706934 0.121189 0.696820  0.505804 0.981500 0
0  6.209953 13.245740 99.559372  0.707430 0.164651 0.687338  0.536366 0.975651 0
door_01
0  6.108499 8.893669 100.505913  0.706884 0.121686 0.696783  0.505963 0.982489 0
0  6.209953 13.245740 99.559372  0.707430 0.164651 0.687338  0.536366 0.975651 0
0  6.108568 13.271270 99.657600  0.707429 0.165165 0.687215  0.536592 0.976626 0
door_01
0  6.209935 17.538063 98.326920  0.707190 0.212773 0.674248  0.566501 0.967090 0
0  6.108568 13.271270 99.657600  0.707429 0.165165 0.687215  0.536592 0.976626 0
0  6.209953 13.245740 99.559372  0.707430 0.164651 0.687338  0.536366 0.975651 0
door_01
0  6.209935 17.538063 98.326920  0.707190 0.212773 0.674248  0.566501 0.967090 0
0  6.108516 17.568586 98.423660  0.707186 0.212773 0.674251  0.566786 0.968053 0
0  6.108568 13.271270 99.657600  0.707429 0.165165 0.687215  0.536592 0.976626 0
door_01
0  6.108516 17.568586 98.423660  0.707186 0.212773 0.674251  0.566786 0.968053 0
0  6.209935 17.538063 98.326920  0.707190 0.212773 0.674248  0.566501 0.967090 0
0  6.209969 21.759726 96.872681  0.707732 0.270400 0.652686  0.596229 0.956954 0
door_01
0  6.108516 17.568586 98.423660  0.707186 0.212773 0.674251  0.566786 0.968053 0
0  6.209969 21.759726 96.872681  0.707732 0.270400 0.652686  0.596229 0.956954 0
0  6.108545 21.798609 96.966545  0.707732 0.270399 0.652687  0.596604 0.957889 0
door_01
0  6.209996 25.763247 94.919960  0.707268 0.330770 0.624791  0.624481 0.943296 0
0  6.108545 21.798609 96.966545  0.707732 0.270399 0.652687  0.596604 0.957889 0
0  6.209969 21.759726 96.872681  0.707732 0.270400 0.652686  0.596229 0.956954 0
door_01
0  6.209996 25.763247 94.919960  0.707268 0.330770 0.624791  0.624481 0.943296 0
0  6.108571 25.810734 95.009636  0.707267 0.330766 0.624794  0.624945 0.944193 0
0  6.108545 21.798609 96.966545  0.707732 0.270399 0.652687  0.596604 0.957889 0
door_01
0  6.108571 25.810734 95.009636  0.707267 0.330766 0.624794  0.624945 0.944193 0
0  6.209996 25.763247 94.919960  0.707268 0.330770 0.624791  0.624481 0.943296 0
0  6.211661 29.558851 92.744865  0.707229 0.369075 0.603002  0.651307 0.928043 0
door_01
0  6.108571 25.810734 95.009636  0.707267 0.330766 0.624794  0.624945 0.944193 0
0  6.211661 29.558851 92.744865  0.707229 0.369075 0.603002  0.651307 0.928043 0
0  6.110245 29.611818 92.831406  0.707229 0.369075 0.603002  0.651828 0.928904 0
door_01
0  6.110245 29.611818 92.831406  0.707229 0.369075 0.603002  0.651828 0.928904 0
0  6.211661 29.558851 92.744865  0.707229 0.369075 0.603002  0.651307 0.928043 0
0  6.209941 33.357788 90.266129  0.707106 0.386625 0.592050  0.677885 0.910717 0
door_01
0  6.110245 29.611818 92.831406  0.707229 0.369075 0.603002  0.651828 0.928904 0
0  6.209941 33.357788 90.266129  0.707106 0.386625 0.592050  0.677885 0.910717 0
0  6.108516 33.417469 90.348274  0.707106 0.386625 0.592050  0.678455 0.911539 0
door_01
0  -5.681735 0.633027 40.355671  -0.785730 -0.097818 0.610786  0.791532 0.055474 0
0  -5.379769 1.126100 40.887711  -0.785734 -0.191183 0.588278  0.798549 0.064598 0
0  -5.681754 1.250792 40.504021  -0.785724 -0.191206 0.588284  0.800808 0.057723 0
door_01
0  -5.681735 0.633027 40.355671  -0.785730 -0.097818 0.610786  0.791532 0.055474 0
0  -5.379751 0.569895 40.754150  -0.785746 -0.096826 0.610924  0.790362 0.062605 0
0  -5.379769 1.126100 40.887711  -0.785734 -0.191183 0.588278  0.798549 0.064598 0
door_01
0  -5.676762 0.004917 40.306866  -0.784821 -0.048711 0.617805  0.782060 0.054732 0
0  -5.379751 0.569895 40.754150  -0.785746 -0.096826 0.610924  0.790362 0.062605 0
0  -5.681735 0.633027 40.355671  -0.785730 -0.097818 0.610786  0.791532 0.055474 0
door_01
0  -5.676762 0.004917 40.306866  -0.784821 -0.048711 0.617805  0.782060 0.054732 0
0  -5.374841 0.004947 40.710567  -0.784808 -0.048702 0.617822  0.782056 0.061945 0
0  -5.379751 0.569895 40.754150  -0.785746 -0.096826 0.610924  0.790362 0.062605 0
door_01
0  -5.681454 4.048211 44.354805  -0.785782 -0.618503 0.000081  0.842830 0.115652 0
0  -5.379426 3.599808 44.924988  -0.785784 -0.610895 -0.096700  0.834946 0.124046 0
0  -5.681374 3.998277 44.988171  -0.785772 -0.610909 -0.096715  0.842081 0.125177 0
door_01
0  -5.681454 4.048211 44.354805  -0.785782 -0.618503 0.000081  0.842830 0.115652 0
0  -5.379498 3.644726 44.354744  -0.785789 -0.618494 0.000082  0.835606 0.115652 0
0  -5.379426 3.599808 44.924988  -0.785784 -0.610895 -0.096700  0.834946 0.124046 0
door_01
0  -5.681528 3.998353 43.721436  -0.785751 -0.610916 0.096834  0.842081 0.106126 0
0  -5.379498 3.644726 44.354744  -0.785789 -0.618494 0.000082  0.835606 0.115652 0
0  -5.681454 4.048211 44.354805  -0.785782 -0.618503 0.000081  0.842830 0.115652 0
door_01
0  -5.681528 3.998353 43.721436  -0.785751 -0.610916 0.096834  0.842081 0.106126 0
0  -5.379567 3.599877 43.784492  -0.785754 -0.610915 0.096817  0.834946 0.107257 0
0  -5.379498 3.644726 44.354744  -0.785789 -0.618494 0.000082  0.835606 0.115652 0
door_01
0  -5.681594 3.850083 43.103653  -0.785737 -0.588280 0.191165  0.839855 0.096836 0
0  -5.379567 3.599877 43.784492  -0.785754 -0.610915 0.096817  0.834946 0.107257 0
0  -5.681528 3.998353 43.721436  -0.785751 -0.610916 0.096834  0.842081 0.106126 0
door_01
0  -5.681594 3.850083 43.103653  -0.785737 -0.588280 0.191165  0.839855 0.096836 0
0  -5.379625 3.466381 43.228283  -0.785746 -0.588264 0.191175  0.832981 0.099071 0
0  -5.379567 3.599877 43.784492  -0.785754 -0.610915 0.096817  0.834946 0.107257 0
door_01
0  -5.681653 3.607008 42.516670  -0.785735 -0.551133 0.280845  0.836205 0.088012 0
0  -5.379625 3.466381 43.228283  -0.785746 -0.588264 0.191175  0.832981 0.099071 0
0  -5.681594 3.850083 43.103653  -0.785737 -0.588280 0.191165  0.839855 0.096836 0
door_01
0  -5.681653 3.607008 42.516670  -0.785735 -0.551133 0.280845  0.836205 0.088012 0
0  -5.379676 3.247526 42.699799  -0.785744 -0.551123 0.280838  0.829762 0.091296 0
0  -5.379625 3.466381 43.228283  -0.785746 -0.588264 0.191175  0.832981 0.099071 0
door_01
0  -5.681698 3.275078 41.974960  -0.785728 -0.500431 0.363595  0.831220 0.079871 0
0  -5.379676 3.247526 42.699799  -0.785744 -0.551123 0.280838  0.829762 0.091296 0
0  -5.681653 3.607008 42.516670  -0.785735 -0.551133 0.280845  0.836205 0.088012 0
door_01
0  -5.681698 3.275078 41.974960  -0.785728 -0.500431 0.363595  0.831220 0.079871 0
0  -5.379717 2.948659 42.212051  -0.785739 -0.500415 0.363591  0.825366 0.084124 0
0  -5.379676 3.247526 42.699799  -0.785744 -0.551123 0.280838  0.829762 0.091296 0
door_01
0  -5.681731 2.862518 41.491810  -0.785732 -0.437409 0.437376  0.825023 0.072607 0
0  -5.379717 2.948659 42.212051  -0.785739 -0.500415 0.363591  0.825366 0.084124 0
0  -5.681698 3.275078 41.974960  -0.785728 -0.500431 0.363595  0.831220 0.079871 0
door_01
0  -5.681731 2.862518 41.491810  -0.785732 -0.437409 0.437376  0.825023 0.072607 0
0  -5.379748 2.577210 41.777073  -0.785745 -0.437394 0.437369  0.819902 0.077723 0
0  -5.379717 2.948659 42.212051  -0.785739 -0.500415 0.363591  0.825366 0.084124 0
door_01
0  -5.681753 2.379442 41.079170  -0.785733 -0.363604 0.500415  0.817767 0.066397 0
0  -5.379748 2.577210 41.777073  -0.785745 -0.437394 0.437369  0.819902 0.077723 0
0  -5.681731 2.862518 41.491810  -0.785732 -0.437409 0.437376  0.825023 0.072607 0
door_01
0  -5.681753 2.379442 41.079170  -0.785733 -0.363604 0.500415  0.817767 0.066397 0
0  -5.379767 2.142257 41.405548  -0.785740 -0.363588 0.500416  0.813504 0.072247 0
0  -5.379748 2.577210 41.777073  -0.785745 -0.437394 0.437369  0.819902 0.077723 0
door_01
0  -5.681760 1.837737 40.747181  -0.785723 -0.280872 0.551135  0.809627 0.061395 0
0  -5.379767 2.142257 41.405548  -0.785740 -0.363588 0.500416  0.813504 0.072247 0
0  -5.681753 2.379442 41.079170  -0.785733 -0.363604 0.500415  0.817767 0.066397 0
door_01
0  -5.681760 1.837737 40.747181  -0.785723 -0.280872 0.551135  0.809627 0.061395 0
0  -5.379775 1.654590 41.106647  -0.785729 -0.280854 0.551136  0.806328 0.067838 0
0  -5.379767 2.142257 41.405548  -0.785740 -0.363588 0.500416  0.813504 0.072247 0
door_01
0  -5.681754 1.250792 40.504021  -0.785724 -0.191206 0.588284  0.800808 0.057723 0
0  -5.379775 1.654590 41.106647  -0.785729 -0.280854 0.551136  0.806328 0.067838 0
0  -5.681760 1.837737 40.747181  -0.785723 -0.280872 0.551135  0.809627 0.061395 0
door_01
0  -5.681754 1.250792 40.504021  -0.785724 -0.191206 0.588284  0.800808 0.057723 0
0  -5.379769 1.126100 40.887711  -0.785734 -0.191183 0.588278  0.798549 0.064598 0
0  -5.379775 1.654590 41.106647  -0.785729 -0.280854 0.551136  0.806328 0.067838 0
door_01
0  -5.680758 0.632539 48.353527  -0.785887 -0.096752 -0.610754  0.791532 0.175829 0
0  -5.373988 0.004482 48.000904  -0.784963 -0.048638 -0.617630  0.782056 0.169358 0
0  -5.676295 0.004667 48.405098  -0.784952 -0.048627 -0.617646  0.782061 0.176571 0
door_01
0  -5.680758 0.632539 48.353527  -0.785887 -0.096752 -0.610754  0.791532 0.175829 0
0  -5.378871 0.569456 47.954967  -0.785875 -0.096764 -0.610768  0.790362 0.168698 0
0  -5.373988 0.004482 48.000904  -0.784963 -0.048638 -0.617630  0.782056 0.169358 0
door_01
0  -5.680814 1.250323 48.205257  -0.785868 -0.191117 -0.588121  0.800808 0.173581 0
0  -5.378871 0.569456 47.954967  -0.785875 -0.096764 -0.610768  0.790362 0.168698 0
0  -5.680758 0.632539 48.353527  -0.785887 -0.096752 -0.610754  0.791532 0.175829 0
door_01
0  -5.680814 1.250323 48.205257  -0.785868 -0.191117 -0.588121  0.800808 0.173581 0
0  -5.378921 1.125677 47.821484  -0.785876 -0.191135 -0.588104  0.798549 0.166705 0
0  -5.378871 0.569456 47.954967  -0.785875 -0.096764 -0.610768  0.790362 0.168698 0
door_01
0  -5.680879 1.837297 47.962158  -0.785849 -0.280793 -0.550996  0.809627 0.169909 0
0  -5.378921 1.125677 47.821484  -0.785876 -0.191135 -0.588104  0.798549 0.166705 0
0  -5.680814 1.250323 48.205257  -0.785868 -0.191117 -0.588121  0.800808 0.173581 0
door_01
0  -5.680879 1.837297 47.962158  -0.785849 -0.280793 -0.550996  0.809627 0.169909 0
0  -5.378979 1.654194 47.602596  -0.785865 -0.280785 -0.550977  0.806328 0.163466 0
0  -5.378921 1.125677 47.821484  -0.785876 -0.191135 -0.588104  0.798549 0.166705 0
door_01
0  -5.680952 2.379043 47.630234  -0.785851 -0.363552 -0.500268  0.817767 0.164906 0
0  -5.378979 1.654194 47.602596  -0.785865 -0.280785 -0.550977  0.806328 0.163466 0
0  -5.680879 1.837297 47.962158  -0.785849 -0.280793 -0.550996  0.809627 0.169909 0
door_01
0  -5.680952 2.379043 47.630234  -0.785851 -0.363552 -0.500268  0.817767 0.164906 0
0  -5.379046 2.141898 47.303764  -0.785867 -0.363541 -0.500251  0.813504 0.159056 0
0  -5.378979 1.654194 47.602596  -0.785865 -0.280785 -0.550977  0.806328 0.163466 0
door_01
0  -5.681032 2.862169 47.217651  -0.785836 -0.437342 -0.437257  0.825023 0.158696 0
0  -5.379046 2.141898 47.303764  -0.785867 -0.363541 -0.500251  0.813504 0.159056 0
0  -5.680952 2.379043 47.630234  -0.785851 -0.363552 -0.500268  0.817767 0.164906 0
door_01
0  -5.681032 2.862169 47.217651  -0.785836 -0.437342 -0.437257  0.825023 0.158696 0
0  -5.379117 2.576895 46.932289  -0.785848 -0.437344 -0.437233  0.819902 0.153580 0
0  -5.379046 2.141898 47.303764  -0.785867 -0.363541 -0.500251  0.813504 0.159056 0
door_01
0  -5.681115 3.274789 46.734581  -0.785831 -0.500368 -0.363457  0.831220 0.151432 0
0  -5.379117 2.576895 46.932289  -0.785848 -0.437344 -0.437233  0.819902 0.153580 0
0  -5.681032 2.862169 47.217651  -0.785836 -0.437342 -0.437257  0.825023 0.158696 0
door_01
0  -5.681115 3.274789 46.734581  -0.785831 -0.500368 -0.363457  0.831220 0.151432 0
0  -5.379195 2.948397 46.497345  -0.785839 -0.500362 -0.363448  0.825366 0.147180 0
0  -5.379117 2.576895 46.932289  -0.785848 -0.437344 -0.437233  0.819902 0.153580 0
door_01
0  -5.681201 3.606784 46.192879  -0.785803 -0.551092 -0.280731  0.836205 0.143291 0
0  -5.379195 2.948397 46.497345  -0.785839 -0.500362 -0.363448  0.825366 0.147180 0
0  -5.681115 3.274789 46.734581  -0.785831 -0.500368 -0.363457  0.831220 0.151432 0
door_01
0  -5.681201 3.606784 46.192879  -0.785803 -0.551092 -0.280731  0.836205 0.143291 0
0  -5.379271 3.247324 46.009651  -0.785807 -0.551091 -0.280722  0.829762 0.140006 0
0  -5.379195 2.948397 46.497345  -0.785839 -0.500362 -0.363448  0.825366 0.147180 0
door_01
0  -5.681288 3.849931 45.605938  -0.785786 -0.588249 -0.191056  0.839855 0.134468 0
0  -5.379271 3.247324 46.009651  -0.785807 -0.551091 -0.280722  0.829762 0.140006 0
0  -5.681201 3.606784 46.192879  -0.785803 -0.551092 -0.280731  0.836205 0.143291 0
door_01
0  -5.681288 3.849931 45.605938  -0.785786 -0.588249 -0.191056  0.839855 0.134468 0
0  -5.379350 3.466243 45.481186  -0.785794 -0.588244 -0.191043  0.832981 0.132232 0
0  -5.379271 3.247324 46.009651  -0.785807 -0.551091 -0.280722  0.829762 0.140006 0
door_01
0  -5.681374 3.998277 44.988171  -0.785772 -0.610909 -0.096715  0.842081 0.125177 0
0  -5.379350 3.466243 45.481186  -0.785794 -0.588244 -0.191043  0.832981 0.132232 0
0  -5.681288 3.849931 45.605938  -0.785786 -0.588249 -0.191056  0.839855 0.134468 0
door_01
0  -5.681374 3.998277 44.988171  -0.785772 -0.610909 -0.096715  0.842081 0.125177 0
0  -5.379426 3.599808 44.924988  -0.785784 -0.610895 -0.096700  0.834946 0.124046 0
0  -5.379350 3.466243 45.481186  -0.785794 -0.588244 -0.191043  0.832981 0.132232 0
door_01
0  -5.379751 0.569895 40.754150  -0.863488 0.078895 -0.498161  0.790323 0.062845 0
0  -5.474132 1.073381 41.049957  -0.863501 0.155851 -0.479663  0.797614 0.067447 0
0  -5.379769 1.126100 40.887711  -0.863506 0.155865 -0.479649  0.798473 0.064829 0
door_01
0  -5.379751 0.569895 40.754150  -0.863488 0.078895 -0.498161  0.790323 0.062845 0
0  -5.474114 0.543222 40.922638  -0.863504 0.078911 -0.498130  0.789878 0.065568 0
0  -5.474132 1.073381 41.049957  -0.863501 0.155851 -0.479663  0.797614 0.067447 0
door_01
0  -5.374841 0.004947 40.710567  -0.862815 0.039657 -0.503961  0.782059 0.062187 0
0  -5.474114 0.543222 40.922638  -0.863504 0.078911 -0.498130  0.789878 0.065568 0
0  -5.379751 0.569895 40.754150  -0.863488 0.078895 -0.498161  0.790323 0.062845 0
door_01
0  -5.374841 0.004947 40.710567  -0.862815 0.039657 -0.503961  0.782059 0.062187 0
0  -5.469355 0.005233 40.881538  -0.862819 0.039658 -0.503954  0.782058 0.064947 0
0  -5.474114 0.543222 40.922638  -0.863504 0.078911 -0.498130  0.789878 0.065568 0
door_01
0  -5.379498 3.644726 44.354744  -0.863457 0.504422 0.000133  0.835364 0.115651 0
0  -5.473804 3.431330 44.898315  -0.863447 0.498209 0.079038  0.831990 0.123581 0
0  -5.379426 3.599808 44.924988  -0.863446 0.498210 0.079041  0.834706 0.124008 0
door_01
0  -5.379498 3.644726 44.354744  -0.863457 0.504422 0.000133  0.835364 0.115651 0
0  -5.473873 3.474149 44.354744  -0.863478 0.504386 0.000140  0.832614 0.115652 0
0  -5.473804 3.431330 44.898315  -0.863447 0.498209 0.079038  0.831990 0.123581 0
door_01
0  -5.379567 3.599877 43.784492  -0.863473 0.498207 -0.078770  0.834706 0.107295 0
0  -5.473873 3.474149 44.354744  -0.863478 0.504386 0.000140  0.832614 0.115652 0
0  -5.379498 3.644726 44.354744  -0.863457 0.504422 0.000133  0.835364 0.115651 0
door_01
0  -5.379567 3.599877 43.784492  -0.863473 0.498207 -0.078770  0.834706 0.107295 0
0  -5.473937 3.431396 43.811188  -0.863491 0.498176 -0.078763  0.831990 0.107723 0
0  -5.473873 3.474149 44.354744  -0.863478 0.504386 0.000140  0.832614 0.115652 0
door_01
0  -5.379625 3.466381 43.228283  -0.863456 0.479778 -0.155746  0.832751 0.099146 0
0  -5.473937 3.431396 43.811188  -0.863491 0.498176 -0.078763  0.831990 0.107723 0
0  -5.379567 3.599877 43.784492  -0.863473 0.498207 -0.078770  0.834706 0.107295 0
door_01
0  -5.379625 3.466381 43.228283  -0.863456 0.479778 -0.155746  0.832751 0.099146 0
0  -5.473992 3.304171 43.280998  -0.863476 0.479742 -0.155746  0.830135 0.099995 0
0  -5.473937 3.431396 43.811188  -0.863491 0.498176 -0.078763  0.831990 0.107723 0
door_01
0  -5.379676 3.247526 42.699799  -0.863481 0.449450 -0.228902  0.829546 0.091407 0
0  -5.473992 3.304171 43.280998  -0.863476 0.479742 -0.155746  0.830135 0.099995 0
0  -5.379625 3.466381 43.228283  -0.863456 0.479778 -0.155746  0.832751 0.099146 0
door_01
0  -5.379676 3.247526 42.699799  -0.863481 0.449450 -0.228902  0.829546 0.091407 0
0  -5.474041 3.095537 42.777245  -0.863479 0.449454 -0.228899  0.827094 0.092656 0
0  -5.473992 3.304171 43.280998  -0.863476 0.479742 -0.155746  0.830135 0.099995 0
door_01
0  -5.379717 2.948659 42.212051  -0.863488 0.408100 -0.296383  0.825170 0.084266 0
0  -5.474041 3.095537 42.777245  -0.863479 0.449454 -0.228899  0.827094 0.092656 0
0  -5.379676 3.247526 42.699799  -0.863481 0.449450 -0.228902  0.829546 0.091407 0
door_01
0  -5.379717 2.948659 42.212051  -0.863488 0.408100 -0.296383  0.825170 0.084266 0
0  -5.474082 2.810654 42.312317  -0.863509 0.408061 -0.296376  0.822942 0.085885 0
0  -5.474041 3.095537 42.777245  -0.863479 0.449454 -0.228899  0.827094 0.092656 0
door_01
0  -5.379748 2.577210 41.777073  -0.863517 0.356657 -0.356559  0.819730 0.077894 0
0  -5.474082 2.810654 42.312317  -0.863509 0.408061 -0.296376  0.822942 0.085885 0
0  -5.379717 2.948659 42.212051  -0.863488 0.408100 -0.296383  0.825170 0.084266 0
door_01
0  -5.379748 2.577210 41.777073  -0.863517 0.356657 -0.356559  0.819730 0.077894 0
0  -5.474112 2.456584 41.897694  -0.863513 0.356666 -0.356560  0.817782 0.079840 0
0  -5.474082 2.810654 42.312317  -0.863509 0.408061 -0.296376  0.822942 0.085885 0
door_01
0  -5.379767 2.142257 41.405548  -0.863494 0.296518 -0.407989  0.813361 0.072443 0
0  -5.474112 2.456584 41.897694  -0.863513 0.356666 -0.356560  0.817782 0.079840 0
0  -5.379748 2.577210 41.777073  -0.863517 0.356657 -0.356559  0.819730 0.077894 0
door_01
0  -5.379767 2.142257 41.405548  -0.863494 0.296518 -0.407989  0.813361 0.072443 0
0  -5.474130 2.041979 41.543549  -0.863491 0.296495 -0.408012  0.811739 0.074670 0
0  -5.474112 2.456584 41.897694  -0.863513 0.356666 -0.356560  0.817782 0.079840 0
door_01
0  -5.379775 1.654590 41.106647  -0.863502 0.228993 -0.449362  0.806217 0.068054 0
0  -5.474130 2.041979 41.543549  -0.863491 0.296495 -0.408012  0.811739 0.074670 0
0  -5.379767 2.142257 41.405548  -0.863494 0.296518 -0.407989  0.813361 0.072443 0
door_01
0  -5.379775 1.654590 41.106647  -0.863502 0.228993 -0.449362  0.806217 0.068054 0
0  -5.474135 1.577137 41.258640  -0.863499 0.228985 -0.449371  0.804962 0.070506 0
0  -5.474130 2.041979 41.543549  -0.863491 0.296495 -0.408012  0.811739 0.074670 0
door_01
0  -5.379769 1.126100 40.887711  -0.863506 0.155865 -0.479649  0.798473 0.064829 0
0  -5.474135 1.577137 41.258640  -0.863499 0.228985 -0.449371  0.804962 0.070506 0
0  -5.379775 1.654590 41.106647  -0.863502 0.228993 -0.449362  0.806217 0.068054 0
door_01
0  -5.379769 1.126100 40.887711  -0.863506 0.155865 -0.479649  0.798473 0.064829 0
0  -5.474132 1.073381 41.049957  -0.863501 0.155851 -0.479663  0.797614 0.067447 0
0  -5.474135 1.577137 41.258640  -0.863499 0.228985 -0.449371  0.804962 0.070506 0
door_01
0  -5.378871 0.569456 47.954967  -0.863357 0.078831 0.498397  0.790323 0.168459 0
0  -5.468135 0.004341 47.827465  -0.862694 0.039593 0.504174  0.782058 0.166356 0
0  -5.373988 0.004482 48.000904  -0.862712 0.039591 0.504144  0.782059 0.169116 0
door_01
0  -5.378871 0.569456 47.954967  -0.863357 0.078831 0.498397  0.790323 0.168459 0
0  -5.473275 0.542803 47.786499  -0.863384 0.078836 0.498351  0.789878 0.165735 0
0  -5.468135 0.004341 47.827465  -0.862694 0.039593 0.504174  0.782058 0.166356 0
door_01
0  -5.378921 1.125677 47.821484  -0.863384 0.155804 0.479889  0.798473 0.166475 0
0  -5.473275 0.542803 47.786499  -0.863384 0.078836 0.498351  0.789878 0.165735 0
0  -5.378871 0.569456 47.954967  -0.863357 0.078831 0.498397  0.790323 0.168459 0
door_01
0  -5.378921 1.125677 47.821484  -0.863384 0.155804 0.479889  0.798473 0.166475 0
0  -5.473323 1.072978 47.659256  -0.863383 0.155811 0.479888  0.797614 0.163856 0
0  -5.473275 0.542803 47.786499  -0.863384 0.078836 0.498351  0.789878 0.165735 0
door_01
0  -5.378979 1.654194 47.602596  -0.863410 0.228933 0.449569  0.806217 0.163250 0
0  -5.473323 1.072978 47.659256  -0.863383 0.155811 0.479888  0.797614 0.163856 0
0  -5.378921 1.125677 47.821484  -0.863384 0.155804 0.479889  0.798473 0.166475 0
door_01
0  -5.378979 1.654194 47.602596  -0.863410 0.228933 0.449569  0.806217 0.163250 0
0  -5.473379 1.576759 47.450623  -0.863409 0.228932 0.449572  0.804962 0.160797 0
0  -5.473323 1.072978 47.659256  -0.863383 0.155811 0.479888  0.797614 0.163856 0
door_01
0  -5.379046 2.141898 47.303764  -0.863406 0.296433 0.408237  0.813361 0.158861 0
0  -5.473379 1.576759 47.450623  -0.863409 0.228932 0.449572  0.804962 0.160797 0
0  -5.378979 1.654194 47.602596  -0.863410 0.228933 0.449569  0.806217 0.163250 0
door_01
0  -5.379046 2.141898 47.303764  -0.863406 0.296433 0.408237  0.813361 0.158861 0
0  -5.473443 2.041636 47.165768  -0.863402 0.296447 0.408236  0.811739 0.156634 0
0  -5.473379 1.576759 47.450623  -0.863409 0.228932 0.449572  0.804962 0.160797 0
door_01
0  -5.379117 2.576895 46.932289  -0.863397 0.356655 0.356851  0.819730 0.153409 0
0  -5.473443 2.041636 47.165768  -0.863402 0.296447 0.408236  0.811739 0.156634 0
0  -5.379046 2.141898 47.303764  -0.863406 0.296433 0.408237  0.813361 0.158861 0
door_01
0  -5.379117 2.576895 46.932289  -0.863397 0.356655 0.356851  0.819730 0.153409 0
0  -5.473511 2.456284 46.811684  -0.863416 0.356629 0.356832  0.817782 0.151464 0
0  -5.473443 2.041636 47.165768  -0.863402 0.296447 0.408236  0.811739 0.156634 0
door_01
0  -5.379195 2.948397 46.497345  -0.863412 0.408056 0.296663  0.825170 0.147037 0
0  -5.473511 2.456284 46.811684  -0.863416 0.356629 0.356832  0.817782 0.151464 0
0  -5.379117 2.576895 46.932289  -0.863397 0.356655 0.356851  0.819730 0.153409 0
door_01
0  -5.379195 2.948397 46.497345  -0.863412 0.408056 0.296663  0.825170 0.147037 0
0  -5.473583 2.810405 46.397091  -0.863409 0.408070 0.296653  0.822942 0.145418 0
0  -5.473511 2.456284 46.811684  -0.863416 0.356629 0.356832  0.817782 0.151464 0
door_01
0  -5.379271 3.247324 46.009651  -0.863424 0.449425 0.229165  0.829546 0.139897 0
0  -5.473583 2.810405 46.397091  -0.863409 0.408070 0.296653  0.822942 0.145418 0
0  -5.379195 2.948397 46.497345  -0.863412 0.408056 0.296663  0.825170 0.147037 0
door_01
0  -5.379271 3.247324 46.009651  -0.863424 0.449425 0.229165  0.829546 0.139897 0
0  -5.473657 3.095345 45.932213  -0.863417 0.449432 0.229179  0.827094 0.138647 0
0  -5.473583 2.810405 46.397091  -0.863409 0.408070 0.296653  0.822942 0.145418 0
door_01
0  -5.379350 3.466243 45.481186  -0.863429 0.479736 0.156028  0.832751 0.132157 0
0  -5.473657 3.095345 45.932213  -0.863417 0.449432 0.229179  0.827094 0.138647 0
0  -5.379271 3.247324 46.009651  -0.863424 0.449425 0.229165  0.829546 0.139897 0
door_01
0  -5.379350 3.466243 45.481186  -0.863429 0.479736 0.156028  0.832751 0.132157 0
0  -5.473732 3.304040 45.428490  -0.863426 0.479740 0.156029  0.830135 0.131309 0
0  -5.473657 3.095345 45.932213  -0.863417 0.449432 0.229179  0.827094 0.138647 0
door_01
0  -5.379426 3.599808 44.924988  -0.863446 0.498210 0.079041  0.834706 0.124008 0
0  -5.473732 3.304040 45.428490  -0.863426 0.479740 0.156029  0.830135 0.131309 0
0  -5.379350 3.466243 45.481186  -0.863429 0.479736 0.156028  0.832751 0.132157 0
door_01
0  -5.379426 3.599808 44.924988  -0.863446 0.498210 0.079041  0.834706 0.124008 0
0  -5.473804 3.431330 44.898315  -0.863447 0.498209 0.079038  0.831990 0.123581 0
0  -5.473732 3.304040 45.428490  -0.863426 0.479740 0.156029  0.830135 0.131309 0
door_01
0  -5.474432 0.925205 38.511845  -0.812434 0.091203 -0.575876  0.796195 0.026392 0
0  -5.681993 1.738379 39.003616  -0.812438 0.180189 -0.554506  0.808272 0.034864 0
0  -5.474460 1.827764 38.728596  -0.812437 0.180188 -0.554508  0.809950 0.029723 0
door_01
0  -5.474432 0.925205 38.511845  -0.812434 0.091203 -0.575876  0.796195 0.026392 0
0  -5.681966 0.879933 38.797459  -0.812440 0.091169 -0.575873  0.795325 0.031736 0
0  -5.681993 1.738379 39.003616  -0.812438 0.180189 -0.554506  0.808272 0.034864 0
door_01
0  -5.472401 0.006454 38.443352  -0.811573 0.045840 -0.582450  0.782069 0.025289 0
0  -5.681966 0.879933 38.797459  -0.812440 0.091169 -0.575873  0.795325 0.031736 0
0  -5.474432 0.925205 38.511845  -0.812434 0.091203 -0.575876  0.796195 0.026392 0
door_01
0  -5.472401 0.006454 38.443352  -0.811573 0.045840 -0.582450  0.782069 0.025289 0
0  -5.676700 0.004891 38.730221  -0.811575 0.045830 -0.582448  0.782064 0.030697 0
0  -5.681966 0.879933 38.797459  -0.812440 0.091169 -0.575873  0.795325 0.031736 0
door_01
0  -5.474020 5.915007 44.354897  -0.812366 0.583148 0.000138  0.872210 0.115652 0
0  -5.681464 5.556527 45.235062  -0.812370 0.575942 0.091361  0.865778 0.128912 0
0  -5.473904 5.842119 45.280289  -0.812370 0.575942 0.091359  0.871106 0.129754 0
door_01
0  -5.474020 5.915007 44.354897  -0.812366 0.583148 0.000138  0.872210 0.115652 0
0  -5.681575 5.625872 44.354900  -0.812365 0.583149 0.000140  0.866818 0.115652 0
0  -5.681464 5.556527 45.235062  -0.812370 0.575942 0.091361  0.865778 0.128912 0
door_01
0  -5.474131 5.842231 43.429497  -0.812392 0.575952 -0.091102  0.871106 0.101549 0
0  -5.681575 5.625872 44.354900  -0.812365 0.583149 0.000140  0.866818 0.115652 0
0  -5.474020 5.915007 44.354897  -0.812366 0.583148 0.000138  0.872210 0.115652 0
door_01
0  -5.474131 5.842231 43.429497  -0.812392 0.575952 -0.091102  0.871106 0.101549 0
0  -5.681678 5.556634 43.474739  -0.812393 0.575950 -0.091101  0.865778 0.102391 0
0  -5.681575 5.625872 44.354900  -0.812365 0.583149 0.000140  0.866818 0.115652 0
door_01
0  -5.474226 5.625584 42.526863  -0.812397 0.554600 -0.180082  0.867816 0.087785 0
0  -5.681678 5.556634 43.474739  -0.812393 0.575950 -0.091101  0.865778 0.102391 0
0  -5.474131 5.842231 43.429497  -0.812392 0.575952 -0.091102  0.871106 0.101549 0
door_01
0  -5.474226 5.625584 42.526863  -0.812397 0.554600 -0.180082  0.867816 0.087785 0
0  -5.681770 5.350586 42.616230  -0.812396 0.554604 -0.180077  0.862682 0.089451 0
0  -5.681678 5.556634 43.474739  -0.812393 0.575950 -0.091101  0.865778 0.102391 0
door_01
0  -5.474310 5.270410 41.669250  -0.812404 0.519589 -0.264627  0.862413 0.074692 0
0  -5.681770 5.350586 42.616230  -0.812396 0.554604 -0.180077  0.862682 0.089451 0
0  -5.474226 5.625584 42.526863  -0.812397 0.554600 -0.180082  0.867816 0.087785 0
door_01
0  -5.474310 5.270410 41.669250  -0.812404 0.519589 -0.264627  0.862413 0.074692 0
0  -5.681851 5.012775 41.800537  -0.812403 0.519592 -0.264623  0.857601 0.077140 0
0  -5.681770 5.350586 42.616230  -0.812396 0.554604 -0.180077  0.862682 0.089451 0
door_01
0  -5.474377 4.785457 40.877747  -0.812415 0.471775 -0.342651  0.855031 0.062600 0
0  -5.681851 5.012775 41.800537  -0.812403 0.519592 -0.264623  0.857601 0.077140 0
0  -5.474310 5.270410 41.669250  -0.812404 0.519589 -0.264627  0.862413 0.074692 0
door_01
0  -5.474377 4.785457 40.877747  -0.812415 0.471775 -0.342651  0.855031 0.062600 0
0  -5.681914 4.551518 41.047714  -0.812420 0.471769 -0.342647  0.850659 0.065770 0
0  -5.681851 5.012775 41.800537  -0.812403 0.519592 -0.264623  0.857601 0.077140 0
door_01
0  -5.474426 4.182656 40.171848  -0.812457 0.412297 -0.412220  0.845855 0.051818 0
0  -5.681914 4.551518 41.047714  -0.812420 0.471769 -0.342647  0.850659 0.065770 0
0  -5.474377 4.785457 40.877747  -0.812415 0.471775 -0.342651  0.855031 0.062600 0
door_01
0  -5.474426 4.182656 40.171848  -0.812457 0.412297 -0.412220  0.845855 0.051818 0
0  -5.681961 3.978133 40.376328  -0.812458 0.412292 -0.412221  0.842029 0.055635 0
0  -5.681914 4.551518 41.047714  -0.812420 0.471769 -0.342647  0.850659 0.065770 0
door_01
0  -5.474458 3.476791 39.568954  -0.812435 0.342753 -0.471667  0.835101 0.042586 0
0  -5.681961 3.978133 40.376328  -0.812458 0.412292 -0.412221  0.842029 0.055635 0
0  -5.474426 4.182656 40.171848  -0.812457 0.412297 -0.412220  0.845855 0.051818 0
door_01
0  -5.474458 3.476791 39.568954  -0.812435 0.342753 -0.471667  0.835101 0.042586 0
0  -5.681991 3.306812 39.802902  -0.812430 0.342762 -0.471668  0.831917 0.046956 0
0  -5.681961 3.978133 40.376328  -0.812458 0.412292 -0.412221  0.842029 0.055635 0
door_01
0  -5.474469 2.685363 39.083878  -0.812434 0.264735 -0.519488  0.823029 0.035152 0
0  -5.681991 3.306812 39.802902  -0.812430 0.342762 -0.471668  0.831917 0.046956 0
0  -5.474458 3.476791 39.568954  -0.812435 0.342753 -0.471667  0.835101 0.042586 0
door_01
0  -5.474469 2.685363 39.083878  -0.812434 0.264735 -0.519488  0.823029 0.035152 0
0  -5.682002 2.554078 39.341537  -0.812434 0.264739 -0.519484  0.820570 0.039970 0
0  -5.681991 3.306812 39.802902  -0.812430 0.342762 -0.471668  0.831917 0.046956 0
door_01
0  -5.474460 1.827764 38.728596  -0.812437 0.180188 -0.554508  0.809950 0.029723 0
0  -5.682002 2.554078 39.341537  -0.812434 0.264739 -0.519484  0.820570 0.039970 0
0  -5.474469 2.685363 39.083878  -0.812434 0.264735 -0.519488  0.823029 0.035152 0
door_01
0  -5.474460 1.827764 38.728596  -0.812437 0.180188 -0.554508  0.809950 0.029723 0
0  -5.681993 1.738379 39.003616  -0.812438 0.180189 -0.554506  0.808272 0.034864 0
0  -5.682002 2.554078 39.341537  -0.812434 0.264739 -0.519484  0.820570 0.039970 0
door_01
0  -5.473003 0.924492 50.197342  -0.812288 0.091063 0.576104  0.796195 0.204911 0
0  -5.675444 0.004204 49.978935  -0.811431 0.045759 0.582653  0.782064 0.200606 0
0  -5.470515 0.004883 50.264931  -0.811441 0.045729 0.582642  0.782069 0.206014 0
door_01
0  -5.473003 0.924492 50.197342  -0.812288 0.091063 0.576104  0.796195 0.204911 0
0  -5.680607 0.879255 49.911781  -0.812281 0.091829 0.575992  0.795325 0.199567 0
0  -5.675444 0.004204 49.978935  -0.811431 0.045759 0.582653  0.782064 0.200606 0
door_01
0  -5.473084 1.827078 49.980705  -0.812304 0.180130 0.554721  0.809950 0.201580 0
0  -5.680607 0.879255 49.911781  -0.812281 0.091829 0.575992  0.795325 0.199567 0
0  -5.473003 0.924492 50.197342  -0.812288 0.091063 0.576104  0.796195 0.204911 0
door_01
0  -5.473084 1.827078 49.980705  -0.812304 0.180130 0.554721  0.809950 0.201580 0
0  -5.680685 1.737726 49.705715  -0.812304 0.180128 0.554721  0.808272 0.196439 0
0  -5.680607 0.879255 49.911781  -0.812281 0.091829 0.575992  0.795325 0.199567 0
door_01
0  -5.473179 2.684720 49.625515  -0.812297 0.264677 0.519730  0.823029 0.196151 0
0  -5.680685 1.737726 49.705715  -0.812304 0.180128 0.554721  0.808272 0.196439 0
0  -5.473084 1.827078 49.980705  -0.812304 0.180130 0.554721  0.809950 0.201580 0
door_01
0  -5.473179 2.684720 49.625515  -0.812297 0.264677 0.519730  0.823029 0.196151 0
0  -5.680776 2.553467 49.367901  -0.812295 0.264676 0.519734  0.820570 0.191334 0
0  -5.680685 1.737726 49.705715  -0.812304 0.180128 0.554721  0.808272 0.196439 0
door_01
0  -5.473288 3.476207 49.140541  -0.812297 0.342710 0.471935  0.835101 0.188717 0
0  -5.680776 2.553467 49.367901  -0.812295 0.264676 0.519734  0.820570 0.191334 0
0  -5.473179 2.684720 49.625515  -0.812297 0.264677 0.519730  0.823029 0.196151 0
door_01
0  -5.473288 3.476207 49.140541  -0.812297 0.342710 0.471935  0.835101 0.188717 0
0  -5.680878 3.306257 48.906643  -0.812301 0.342707 0.471931  0.831917 0.184347 0
0  -5.680776 2.553467 49.367901  -0.812295 0.264676 0.519734  0.820570 0.191334 0
door_01
0  -5.473403 4.182146 48.537731  -0.812350 0.412267 0.412459  0.845855 0.179485 0
0  -5.680878 3.306257 48.906643  -0.812301 0.342707 0.471931  0.831917 0.184347 0
0  -5.473288 3.476207 49.140541  -0.812297 0.342710 0.471935  0.835101 0.188717 0
door_01
0  -5.473403 4.182146 48.537731  -0.812350 0.412267 0.412459  0.845855 0.179485 0
0  -5.680988 3.977648 48.333282  -0.812349 0.412265 0.412465  0.842029 0.175668 0
0  -5.680878 3.306257 48.906643  -0.812301 0.342707 0.471931  0.831917 0.184347 0
door_01
0  -5.473527 4.785033 47.831909  -0.812330 0.471730 0.342915  0.855031 0.168703 0
0  -5.680988 3.977648 48.333282  -0.812349 0.412265 0.412465  0.842029 0.175668 0
0  -5.473403 4.182146 48.537731  -0.812350 0.412267 0.412459  0.845855 0.179485 0
door_01
0  -5.473527 4.785033 47.831909  -0.812330 0.471730 0.342915  0.855031 0.168703 0
0  -5.681107 4.551114 47.661972  -0.812323 0.471733 0.342927  0.850659 0.165533 0
0  -5.680988 3.977648 48.333282  -0.812349 0.412265 0.412465  0.842029 0.175668 0
door_01
0  -5.473654 5.270082 47.040478  -0.812334 0.519564 0.264892  0.862413 0.156612 0
0  -5.681107 4.551114 47.661972  -0.812323 0.471733 0.342927  0.850659 0.165533 0
0  -5.473527 4.785033 47.831909  -0.812330 0.471730 0.342915  0.855031 0.168703 0
door_01
0  -5.473654 5.270082 47.040478  -0.812334 0.519564 0.264892  0.862413 0.156612 0
0  -5.681227 5.012464 46.909225  -0.812333 0.519563 0.264894  0.857601 0.154163 0
0  -5.681107 4.551114 47.661972  -0.812323 0.471733 0.342927  0.850659 0.165533 0
door_01
0  -5.473780 5.625360 46.182888  -0.812343 0.554593 0.180347  0.867816 0.143519 0
0  -5.681227 5.012464 46.909225  -0.812333 0.519563 0.264894  0.857601 0.154163 0
0  -5.473654 5.270082 47.040478  -0.812334 0.519564 0.264892  0.862413 0.156612 0
door_01
0  -5.473780 5.625360 46.182888  -0.812343 0.554593 0.180347  0.867816 0.143519 0
0  -5.681346 5.350374 46.093563  -0.812345 0.554589 0.180349  0.862682 0.141853 0
0  -5.681227 5.012464 46.909225  -0.812333 0.519563 0.264894  0.857601 0.154163 0
door_01
0  -5.473904 5.842119 45.280289  -0.812370 0.575942 0.091359  0.871106 0.129754 0
0  -5.681346 5.350374 46.093563  -0.812345 0.554589 0.180349  0.862682 0.141853 0
0  -5.473780 5.625360 46.182888  -0.812343 0.554593 0.180347  0.867816 0.143519 0
door_01
0  -5.473904 5.842119 45.280289  -0.812370 0.575942 0.091359  0.871106 0.129754 0
0  -5.681464 5.556527 45.235062  -0.812370 0.575942 0.091361  0.865778 0.128912 0
0  -5.681346 5.350374 46.093563  -0.812345 0.554589 0.180349  0.862682 0.141853 0
door_01
0  7.185840 47.097664 12.884911  0.546506 0.692724 -0.470600  0.170267 0.204404 0
0  6.824337 48.501736 14.625823  0.546488 0.714031 -0.437619  0.183706 0.195792 0
0  7.185995 48.300518 14.749140  0.546486 0.714033 -0.437620  0.184784 0.198670 0
door_01
0  7.185840 47.097664 12.884911  0.546506 0.692724 -0.470600  0.170267 0.204404 0
0  6.824182 47.292892 12.752295  0.546506 0.692723 -0.470602  0.169101 0.201558 0
0  6.824337 48.501736 14.625823  0.546488 0.714031 -0.437619  0.183706 0.195792 0
door_01
0  7.185697 45.804379 11.074762  0.546380 0.677024 -0.493059  0.155871 0.210601 0
0  6.824182 47.292892 12.752295  0.546506 0.692723 -0.470602  0.169101 0.201558 0
0  7.185840 47.097664 12.884911  0.546506 0.692724 -0.470600  0.170267 0.204404 0
door_01
0  7.185697 45.804379 11.074762  0.546380 0.677024 -0.493059  0.155871 0.210601 0
0  6.824038 45.995090 10.935863  0.546379 0.677024 -0.493060  0.154641 0.207771 0
0  6.824182 47.292892 12.752295  0.546506 0.692723 -0.470602  0.169101 0.201558 0
door_01
0  6.824038 45.995090 10.935863  0.546379 0.677024 -0.493060  0.154641 0.207771 0
0  7.185697 45.804379 11.074762  0.546380 0.677024 -0.493059  0.155871 0.210601 0
0  7.185560 44.476147 9.285001  0.546465 0.661776 -0.513253  0.141504 0.216936 0
door_01
0  6.824038 45.995090 10.935863  0.546379 0.677024 -0.493060  0.154641 0.207771 0
0  7.185560 44.476147 9.285001  0.546465 0.661776 -0.513253  0.141504 0.216936 0
0  6.823900 44.662624 9.140377  0.546469 0.661774 -0.513252  0.140224 0.214140 0
door_01
0  7.185433 43.074551 7.554664  0.546491 0.640875 -0.539098  0.127351 0.223641 0
0  6.823900 44.662624 9.140377  0.546469 0.661774 -0.513252  0.140224 0.214140 0
0  7.185560 44.476147 9.285001  0.546465 0.661776 -0.513253  0.141504 0.216936 0
door_01
0  7.185433 43.074551 7.554664  0.546491 0.640875 -0.539098  0.127351 0.223641 0
0  6.823773 43.255169 7.402759  0.546492 0.640875 -0.539097  0.125998 0.220872 0
0  6.823900 44.662624 9.140377  0.546469 0.661774 -0.513252  0.140224 0.214140 0
door_01
0  7.185316 41.614689 5.882913  0.546659 0.610244 -0.573381  0.113434 0.230630 0
0  6.823773 43.255169 7.402759  0.546492 0.640875 -0.539097  0.125998 0.220872 0
0  7.185433 43.074551 7.554664  0.546491 0.640875 -0.539098  0.127351 0.223641 0
door_01
0  7.185316 41.614689 5.882913  0.546659 0.610244 -0.573381  0.113434 0.230630 0
0  6.823656 41.786762 5.721246  0.546658 0.610244 -0.573383  0.111994 0.227921 0
0  6.823773 43.255169 7.402759  0.546492 0.640875 -0.539097  0.125998 0.220872 0
door_01
0  7.185225 40.041634 4.326213  0.546228 0.582933 -0.601518  0.099924 0.238280 0
0  6.823656 41.786762 5.721246  0.546658 0.610244 -0.573383  0.111994 0.227921 0
0  7.185316 41.614689 5.882913  0.546659 0.610244 -0.573381  0.113434 0.230630 0
door_01
0  7.185225 40.041634 4.326213  0.546228 0.582933 -0.601518  0.099924 0.238280 0
0  6.823563 40.201107 4.152073  0.546133 0.582846 -0.601689  0.098350 0.235613 0
0  6.823656 41.786762 5.721246  0.546658 0.610244 -0.573383  0.111994 0.227921 0
door_01
0  7.231712 37.884029 2.313005  0.546071 0.561725 -0.621508  0.082039 0.248818 0
0  6.823563 40.201107 4.152073  0.546133 0.582846 -0.601689  0.098350 0.235613 0
0  7.185225 40.041634 4.326213  0.546228 0.582933 -0.601518  0.099924 0.238280 0
door_01
0  7.231712 37.884029 2.313005  0.546071 0.561725 -0.621508  0.082039 0.248818 0
0  6.870053 38.032410 2.129822  0.545901 0.561490 -0.621869  0.080345 0.246241 0
0  6.823563 40.201107 4.152073  0.546133 0.582846 -0.601689  0.098350 0.235613 0
door_01
0  7.184996 35.476883 0.200984  0.545901 0.546572 -0.635021  0.062904 0.260447 0
0  6.870053 38.032410 2.129822  0.545901 0.561490 -0.621869  0.080345 0.246241 0
0  7.231712 37.884029 2.313005  0.546071 0.561725 -0.621508  0.082039 0.248818 0
door_01
0  7.184996 35.476883 0.200984  0.545901 0.546572 -0.635021  0.062904 0.260447 0
0  6.823333 35.600590 -0.003447  0.545901 0.546572 -0.635020  0.060786 0.258207 0
0  6.870053 38.032410 2.129822  0.545901 0.561490 -0.621869  0.080345 0.246241 0
door_01
0  7.187582 55.119621 31.120085  0.546545 0.814336 -0.195309  0.305774 0.166739 0
0  6.826169 55.805229 33.251606  0.546510 0.823771 -0.150758  0.320884 0.161630 0
0  7.187820 55.573071 33.294067  0.546513 0.823770 -0.150756  0.321248 0.164685 0
door_01
0  7.187582 55.119621 31.120085  0.546545 0.814336 -0.195309  0.305774 0.166739 0
0  6.825931 55.349148 31.065062  0.546546 0.814335 -0.195311  0.305304 0.163704 0
0  6.826169 55.805229 33.251606  0.546510 0.823771 -0.150758  0.320884 0.161630 0
door_01
0  7.187355 54.538330 28.978247  0.546527 0.802384 -0.239767  0.290413 0.169469 0
0  6.825931 55.349148 31.065062  0.546546 0.814335 -0.195311  0.305304 0.163704 0
0  7.187582 55.119621 31.120085  0.546545 0.814336 -0.195309  0.305774 0.166739 0
door_01
0  7.187355 54.538330 28.978247  0.546527 0.802384 -0.239767  0.290413 0.169469 0
0  6.825703 54.764477 28.910696  0.546530 0.802382 -0.239767  0.289835 0.166449 0
0  6.825931 55.349148 31.065062  0.546546 0.814335 -0.195311  0.305304 0.163704 0
door_01
0  7.187138 53.845894 26.857590  0.546410 0.794808 -0.264037  0.275036 0.172723 0
0  6.825703 54.764477 28.910696  0.546530 0.802382 -0.239767  0.289835 0.166449 0
0  7.187355 54.538330 28.978247  0.546527 0.802384 -0.239767  0.290413 0.169469 0
door_01
0  7.187138 53.845894 26.857590  0.546410 0.794808 -0.264037  0.275036 0.172723 0
0  6.825484 54.070301 26.784681  0.546412 0.794813 -0.264018  0.274403 0.169702 0
0  6.825703 54.764477 28.910696  0.546530 0.802382 -0.239767  0.289835 0.166449 0
door_01
0  6.825484 54.070301 26.784681  0.546412 0.794813 -0.264018  0.274403 0.169702 0
0  7.187138 53.845894 26.857590  0.546410 0.794808 -0.264037  0.275036 0.172723 0
0  7.186923 53.132881 24.746494  0.546510 0.787379 -0.285240  0.259681 0.176030 0
door_01
0  6.825484 54.070301 26.784681  0.546412 0.794813 -0.264018  0.274403 0.169702 0
0  7.186923 53.132881 24.746494  0.546510 0.787379 -0.285240  0.259681 0.176030 0
0  6.825268 53.354794 24.666138  0.546509 0.787379 -0.285241  0.258987 0.173034 0
door_01
0  7.186718 52.329735 22.671400  0.546487 0.773892 -0.320069  0.244467 0.179742 0
0  6.825268 53.354794 24.666138  0.546509 0.787379 -0.285241  0.258987 0.173034 0
0  7.186923 53.132881 24.746494  0.546510 0.787379 -0.285240  0.259681 0.176030 0
door_01
0  7.186718 52.329735 22.671400  0.546487 0.773892 -0.320069  0.244467 0.179742 0
0  6.825064 52.547821 22.581226  0.546486 0.773892 -0.320070  0.243688 0.176768 0
0  6.825268 53.354794 24.666138  0.546509 0.787379 -0.285241  0.258987 0.173034 0
door_01
0  7.186525 51.435497 20.641289  0.546499 0.758403 -0.355196  0.229433 0.183948 0
0  6.825064 52.547821 22.581226  0.546486 0.773892 -0.320070  0.243688 0.176768 0
0  7.186718 52.329735 22.671400  0.546487 0.773892 -0.320069  0.244467 0.179742 0
door_01
0  7.186525 51.435497 20.641289  0.546499 0.758403 -0.355196  0.229433 0.183948 0
0  6.824867 51.649235 20.541208  0.546499 0.758402 -0.355197  0.228566 0.180998 0
0  6.825064 52.547821 22.581226  0.546486 0.773892 -0.320070  0.243688 0.176768 0
door_01
0  7.186340 50.446156 18.649387  0.546400 0.746625 -0.379469  0.214472 0.188616 0
0  6.824867 51.649235 20.541208  0.546499 0.758402 -0.355197  0.228566 0.180998 0
0  7.186525 51.435497 20.641289  0.546499 0.758403 -0.355196  0.229433 0.183948 0
door_01
0  7.186340 50.446156 18.649387  0.546400 0.746625 -0.379469  0.214472 0.188616 0
0  6.824685 50.656498 18.542500  0.546399 0.746626 -0.379470  0.213540 0.185674 0
0  6.824867 51.649235 20.541208  0.546499 0.758402 -0.355197  0.228566 0.180998 0
door_01
0  6.824685 50.656498 18.542500  0.546399 0.746626 -0.379470  0.213540 0.185674 0
0  7.186340 50.446156 18.649387  0.546400 0.746625 -0.379469  0.214472 0.188616 0
0  7.186162 49.418530 16.672358  0.546485 0.733734 -0.403718  0.199529 0.193427 0
door_01
0  6.824685 50.656498 18.542500  0.546399 0.746626 -0.379470  0.213540 0.185674 0
0  7.186162 49.418530 16.672358  0.546485 0.733734 -0.403718  0.199529 0.193427 0
0  6.824504 49.625301 16.558601  0.546485 0.733734 -0.403718  0.198538 0.190516 0
door_01
0  7.185995 48.300518 14.749140  0.546486 0.714033 -0.437620  0.184784 0.198670 0
0  6.824504 49.625301 16.558601  0.546485 0.733734 -0.403718  0.198538 0.190516 0
0  7.186162 49.418530 16.672358  0.546485 0.733734 -0.403718  0.199529 0.193427 0
door_01
0  7.185995 48.300518 14.749140  0.546486 0.714033 -0.437620  0.184784 0.198670 0
0  6.824337 48.501736 14.625823  0.546488 0.714031 -0.437619  0.183706 0.195792 0
0  6.824504 49.625301 16.558601  0.546485 0.733734 -0.403718  0.198538 0.190516 0
door_01
0  6.828593 56.152912 53.247005  0.546438 0.827904 0.126412  0.462267 0.160137 0
0  7.190232 55.919666 53.211353  0.546436 0.827906 0.126413  0.461958 0.163207 0
0  7.189945 56.228882 51.008831  0.546515 0.831704 0.097930  0.446358 0.161731 0
door_01
0  6.828593 56.152912 53.247005  0.546438 0.827904 0.126412  0.462267 0.160137 0
0  7.189945 56.228882 51.008831  0.546515 0.831704 0.097930  0.446358 0.161731 0
0  6.828303 56.463264 51.036465  0.546517 0.831703 0.097929  0.446596 0.158669 0
door_01
0  7.189662 56.440044 48.795036  0.546484 0.834899 0.065563  0.430722 0.160767 0
0  6.828303 56.463264 51.036465  0.546517 0.831703 0.097929  0.446596 0.158669 0
0  7.189945 56.228882 51.008831  0.546515 0.831704 0.097930  0.446358 0.161731 0
door_01
0  7.189662 56.440044 48.795036  0.546484 0.834899 0.065563  0.430722 0.160767 0
0  6.828019 56.675304 48.813545  0.546484 0.834899 0.065562  0.430884 0.157688 0
0  6.828303 56.463264 51.036465  0.546517 0.831703 0.097929  0.446596 0.158669 0
door_01
0  7.189382 56.577297 46.576656  0.546512 0.836790 0.033261  0.415079 0.160088 0
0  6.828019 56.675304 48.813545  0.546484 0.834899 0.065562  0.430884 0.157688 0
0  7.189662 56.440044 48.795036  0.546484 0.834899 0.065563  0.430722 0.160767 0
door_01
0  7.189382 56.577297 46.576656  0.546512 0.836790 0.033261  0.415079 0.160088 0
0  6.827738 56.813114 46.586067  0.546512 0.836791 0.033260  0.415163 0.157017 0
0  6.828019 56.675304 48.813545  0.546484 0.834899 0.065562  0.430884 0.157688 0
door_01
0  7.189108 56.616951 44.352108  0.546451 0.837482 0.003872  0.399402 0.159921 0
0  6.827738 56.813114 46.586067  0.546512 0.836791 0.033260  0.415163 0.157017 0
0  7.189382 56.577297 46.576656  0.546512 0.836790 0.033261  0.415079 0.160088 0
door_01
0  7.189108 56.616951 44.352108  0.546451 0.837482 0.003872  0.399402 0.159921 0
0  6.827462 56.852917 44.353237  0.546450 0.837483 0.003871  0.399415 0.156837 0
0  6.827738 56.813114 46.586067  0.546512 0.836791 0.033260  0.415163 0.157017 0
door_01
0  6.827462 56.852917 44.353237  0.546450 0.837483 0.003871  0.399415 0.156837 0
0  7.189108 56.616951 44.352108  0.546451 0.837482 0.003872  0.399402 0.159921 0
0  7.188838 56.598259 42.130726  0.546510 0.836988 -0.027896  0.383756 0.159972 0
door_01
0  6.827462 56.852917 44.353237  0.546450 0.837483 0.003871  0.399415 0.156837 0
0  7.188838 56.598259 42.130726  0.546510 0.836988 -0.027896  0.383756 0.159972 0
0  6.827191 56.834133 42.122894  0.546508 0.836989 -0.027899  0.383693 0.156898 0
door_01
0  7.188574 56.469460 39.914890  0.546478 0.834781 -0.067096  0.368147 0.160527 0
0  6.827191 56.834133 42.122894  0.546508 0.836989 -0.027899  0.383693 0.156898 0
0  7.188838 56.598259 42.130726  0.546510 0.836988 -0.027896  0.383756 0.159972 0
door_01
0  7.188574 56.469460 39.914890  0.546478 0.834781 -0.067096  0.368147 0.160527 0
0  6.826928 56.704689 39.896015  0.546479 0.834780 -0.067098  0.367989 0.157457 0
0  6.827191 56.834133 42.122894  0.546508 0.836989 -0.027899  0.383693 0.156898 0
door_01
0  7.188319 56.242546 37.702301  0.546498 0.831054 -0.103384  0.352524 0.161600 0
0  6.826928 56.704689 39.896015  0.546479 0.834780 -0.067098  0.367989 0.157457 0
0  7.188574 56.469460 39.914890  0.546478 0.834781 -0.067096  0.368147 0.160527 0
door_01
0  7.188319 56.242546 37.702301  0.546498 0.831054 -0.103384  0.352524 0.161600 0
0  6.826668 56.476746 37.673187  0.546498 0.831054 -0.103386  0.352278 0.158534 0
0  6.826928 56.704689 39.896015  0.546479 0.834780 -0.067098  0.367989 0.157457 0
door_01
0  7.188067 55.919979 35.496365  0.546409 0.828016 -0.125806  0.336877 0.163109 0
0  6.826668 56.476746 37.673187  0.546498 0.831054 -0.103386  0.352278 0.158534 0
0  7.188319 56.242546 37.702301  0.546498 0.831054 -0.103384  0.352524 0.161600 0
door_01
0  7.188067 55.919979 35.496365  0.546409 0.828016 -0.125806  0.336877 0.163109 0
0  6.826418 56.153023 35.459461  0.546406 0.828014 -0.125827  0.336564 0.160037 0
0  6.826668 56.476746 37.673187  0.546498 0.831054 -0.103386  0.352278 0.158534 0
door_01
0  6.826418 56.153023 35.459461  0.546406 0.828014 -0.125827  0.336564 0.160037 0
0  7.188067 55.919979 35.496365  0.546409 0.828016 -0.125806  0.336877 0.163109 0
0  7.187820 55.573071 33.294067  0.546513 0.823770 -0.150756  0.321248 0.164685 0
door_01
0  6.826418 56.153023 35.459461  0.546406 0.828014 -0.125827  0.336564 0.160037 0
0  7.187820 55.573071 33.294067  0.546513 0.823770 -0.150756  0.321248 0.164685 0
0  6.826169 55.805229 33.251606  0.546510 0.823771 -0.150758  0.320884 0.161630 0
door_01
0  7.192625 50.446041 70.056824  0.546445 0.748710 0.375276  0.584317 0.188906 0
0  6.831300 49.643795 72.158112  0.546552 0.736903 0.397811  0.600283 0.190734 0
0  7.192928 49.436123 72.045952  0.546553 0.736903 0.397813  0.599300 0.193648 0
door_01
0  7.192625 50.446041 70.056824  0.546445 0.748710 0.375276  0.584317 0.188906 0
0  6.830996 50.656277 70.163963  0.546448 0.748699 0.375293  0.585255 0.185964 0
0  6.831300 49.643795 72.158112  0.546552 0.736903 0.397811  0.600283 0.190734 0
door_01
0  6.830996 50.656277 70.163963  0.546448 0.748699 0.375293  0.585255 0.185964 0
0  7.192625 50.446041 70.056824  0.546445 0.748710 0.375276  0.584317 0.188906 0
0  7.192320 51.434597 68.059822  0.546552 0.758446 0.355021  0.569324 0.184221 0
door_01
0  6.830996 50.656277 70.163963  0.546448 0.748699 0.375293  0.585255 0.185964 0
0  7.192320 51.434597 68.059822  0.546552 0.758446 0.355021  0.569324 0.184221 0
0  6.830688 51.648342 68.159912  0.546554 0.758446 0.355020  0.570195 0.181272 0
door_01
0  7.192018 52.333981 66.024567  0.546546 0.773518 0.320870  0.554253 0.179962 0
0  6.830688 51.648342 68.159912  0.546554 0.758446 0.355020  0.570195 0.181272 0
0  7.192320 51.434597 68.059822  0.546552 0.758446 0.355021  0.569324 0.184221 0
door_01
0  7.192018 52.333981 66.024567  0.546546 0.773518 0.320870  0.554253 0.179962 0
0  6.830385 52.551968 66.115044  0.546545 0.773519 0.320869  0.555040 0.176991 0
0  6.830688 51.648342 68.159912  0.546554 0.758446 0.355020  0.570195 0.181272 0
door_01
0  7.191716 53.137234 63.956738  0.546539 0.787423 0.285062  0.539096 0.176223 0
0  6.830385 52.551968 66.115044  0.546545 0.773519 0.320869  0.555040 0.176991 0
0  7.192018 52.333981 66.024567  0.546546 0.773518 0.320870  0.554253 0.179962 0
door_01
0  7.191716 53.137234 63.956738  0.546539 0.787423 0.285062  0.539096 0.176223 0
0  6.830082 53.359138 64.037117  0.546539 0.787423 0.285061  0.539795 0.173228 0
0  6.830385 52.551968 66.115044  0.546545 0.773519 0.320869  0.555040 0.176991 0
door_01
0  7.191414 53.846016 61.848640  0.546449 0.796288 0.259460  0.523780 0.172919 0
0  6.830082 53.359138 64.037117  0.546539 0.787423 0.285061  0.539795 0.173228 0
0  7.191716 53.137234 63.956738  0.546539 0.787423 0.285062  0.539096 0.176223 0
door_01
0  7.191414 53.846016 61.848640  0.546449 0.796288 0.259460  0.523780 0.172919 0
0  6.829779 54.070354 61.921783  0.546449 0.796288 0.259460  0.524417 0.169900 0
0  6.830082 53.359138 64.037117  0.546539 0.787423 0.285061  0.539795 0.173228 0
door_01
0  6.829779 54.070354 61.921783  0.546449 0.796288 0.259460  0.524417 0.169900 0
0  7.191414 53.846016 61.848640  0.546449 0.796288 0.259460  0.523780 0.172919 0
0  7.191113 54.516838 59.723881  0.546530 0.804281 0.233315  0.508406 0.169745 0
door_01
0  6.829779 54.070354 61.921783  0.546449 0.796288 0.259460  0.524417 0.169900 0
0  7.191113 54.516838 59.723881  0.546530 0.804281 0.233315  0.508406 0.169745 0
0  6.829478 54.743492 59.789673  0.546530 0.804282 0.233315  0.508976 0.166724 0
door_01
0  7.190815 55.086727 57.573330  0.546520 0.814178 0.196036  0.492986 0.167043 0
0  6.829478 54.743492 59.789673  0.546530 0.804282 0.233315  0.508976 0.166724 0
0  7.191113 54.516838 59.723881  0.546530 0.804281 0.233315  0.508406 0.169745 0
door_01
0  7.190815 55.086727 57.573330  0.546520 0.814178 0.196036  0.492986 0.167043 0
0  6.829179 55.316162 57.628628  0.546519 0.814179 0.196036  0.493465 0.164006 0
0  6.829478 54.743492 59.789673  0.546530 0.804282 0.233315  0.508976 0.166724 0
door_01
0  7.190524 55.557228 55.405193  0.546519 0.822592 0.157030  0.477528 0.164876 0
0  6.829179 55.316162 57.628628  0.546519 0.814179 0.196036  0.493465 0.164006 0
0  7.190815 55.086727 57.573330  0.546520 0.814178 0.196036  0.492986 0.167043 0
door_01
0  7.190524 55.557228 55.405193  0.546519 0.822592 0.157030  0.477528 0.164876 0
0  6.828885 55.789040 55.449493  0.546519 0.822593 0.157029  0.477911 0.161824 0
0  6.829179 55.316162 57.628628  0.546519 0.814179 0.196036  0.493465 0.164006 0
door_01
0  7.190232 55.919666 53.211353  0.546436 0.827906 0.126413  0.461958 0.163207 0
0  6.828885 55.789040 55.449493  0.546519 0.822593 0.157029  0.477911 0.161824 0
0  7.190524 55.557228 55.405193  0.546519 0.822592 0.157030  0.477528 0.164876 0
door_01
0  7.190232 55.919666 53.211353  0.546436 0.827906 0.126413  0.461958 0.163207 0
0  6.828593 56.152912 53.247005  0.546438 0.827904 0.126412  0.462267 0.160137 0
0  6.828885 55.789040 55.449493  0.546519 0.822593 0.157029  0.477911 0.161824 0
door_01
0  7.195405 37.800797 86.520477  0.563541 0.535862 0.628708  0.717660 0.249691 0
0  6.834481 33.596481 90.195229  0.572626 0.511103 0.640994  0.752530 0.268607 0
0  7.196048 33.744553 89.732735  0.572639 0.511090 0.640993  0.748374 0.269748 0
door_01
0  7.195405 37.800797 86.520477  0.563541 0.535862 0.628708  0.717660 0.249691 0
0  6.833790 37.954659 86.699417  0.563608 0.535719 0.628769  0.719281 0.247083 0
0  6.834481 33.596481 90.195229  0.572626 0.511103 0.640994  0.752530 0.268607 0
door_01
0  7.195011 40.039253 84.382500  0.546422 0.584768 0.599558  0.698845 0.238794 0
0  6.833790 37.954659 86.699417  0.563608 0.535719 0.628769  0.719281 0.247083 0
0  7.195405 37.800797 86.520477  0.563541 0.535862 0.628708  0.717660 0.249691 0
door_01
0  7.195011 40.039253 84.382500  0.546422 0.584768 0.599558  0.698845 0.238794 0
0  6.833389 40.201084 84.554390  0.546460 0.584786 0.599505  0.700401 0.236128 0
0  6.833790 37.954659 86.699417  0.563608 0.535719 0.628769  0.719281 0.247083 0
door_01
0  7.194722 41.602554 82.814018  0.546625 0.611515 0.572058  0.685294 0.231126 0
0  6.833389 40.201084 84.554390  0.546460 0.584786 0.599505  0.700401 0.236128 0
0  7.195011 40.039253 84.382500  0.546422 0.584768 0.599558  0.698845 0.238794 0
door_01
0  7.194722 41.602554 82.814018  0.546625 0.611515 0.572058  0.685294 0.231126 0
0  6.833099 41.774910 82.975319  0.546627 0.611514 0.572057  0.686741 0.228420 0
0  6.833389 40.201084 84.554390  0.546460 0.584786 0.599505  0.700401 0.236128 0
door_01
0  7.194428 43.067741 81.145424  0.546541 0.639529 0.540644  0.671374 0.224062 0
0  6.833099 41.774910 82.975319  0.546627 0.611514 0.572057  0.686741 0.228420 0
0  7.194722 41.602554 82.814018  0.546625 0.611515 0.572058  0.685294 0.231126 0
door_01
0  7.194428 43.067741 81.145424  0.546541 0.639529 0.540644  0.671374 0.224062 0
0  6.832806 43.247952 81.297821  0.546544 0.639528 0.540643  0.672737 0.221301 0
0  6.833099 41.774910 82.975319  0.546627 0.611514 0.572057  0.686741 0.228420 0
door_01
0  7.194132 44.472321 79.419800  0.546570 0.660725 0.514494  0.657240 0.217319 0
0  6.832806 43.247952 81.297821  0.546544 0.639528 0.540643  0.672737 0.221301 0
0  7.194428 43.067741 81.145424  0.546541 0.639529 0.540644  0.671374 0.224062 0
door_01
0  7.194132 44.472321 79.419800  0.546570 0.660725 0.514494  0.657240 0.217319 0
0  6.832508 44.658516 79.564850  0.546567 0.660727 0.514495  0.658529 0.214527 0
0  6.832806 43.247952 81.297821  0.546544 0.639528 0.540643  0.672737 0.221301 0
door_01
0  7.193833 45.804043 77.631889  0.546437 0.674446 0.496517  0.642873 0.210948 0
0  6.832508 44.658516 79.564850  0.546567 0.660727 0.514495  0.658529 0.214527 0
0  7.194132 44.472321 79.419800  0.546570 0.660725 0.514494  0.657240 0.217319 0
door_01
0  7.193833 45.804043 77.631889  0.546437 0.674446 0.496517  0.642873 0.210948 0
0  6.832208 45.994923 77.770592  0.546434 0.674460 0.496501  0.644108 0.208119 0
0  6.832508 44.658516 79.564850  0.546567 0.660727 0.514495  0.658529 0.214527 0
door_01
0  6.832208 45.994923 77.770592  0.546434 0.674460 0.496501  0.644108 0.208119 0
0  7.193833 45.804043 77.631889  0.546437 0.674446 0.496517  0.642873 0.210948 0
0  7.193532 47.116005 75.829346  0.546557 0.689078 0.475865  0.628489 0.204645 0
door_01
0  6.832208 45.994923 77.770592  0.546434 0.674460 0.496501  0.644108 0.208119 0
0  7.193532 47.116005 75.829346  0.546557 0.689078 0.475865  0.628489 0.204645 0
0  6.831908 47.310188 75.963501  0.546559 0.689077 0.475864  0.629674 0.201806 0
door_01
0  7.193231 48.332611 73.971466  0.546625 0.713883 0.437690  0.614010 0.198828 0
0  6.831908 47.310188 75.963501  0.546559 0.689077 0.475864  0.629674 0.201806 0
0  7.193532 47.116005 75.829346  0.546557 0.689078 0.475865  0.628489 0.204645 0
door_01
0  7.193231 48.332611 73.971466  0.546625 0.713883 0.437690  0.614010 0.198828 0
0  6.831604 48.533844 74.094887  0.546625 0.713884 0.437688  0.615093 0.195955 0
0  6.831908 47.310188 75.963501  0.546559 0.689077 0.475864  0.629674 0.201806 0
door_01
0  7.192928 49.436123 72.045952  0.546553 0.736903 0.397813  0.599300 0.193648 0
0  6.831604 48.533844 74.094887  0.546625 0.713884 0.437688  0.615093 0.195955 0
0  7.193231 48.332611 73.971466  0.546625 0.713883 0.437690  0.614010 0.198828 0
door_01
0  7.192928 49.436123 72.045952  0.546553 0.736903 0.397813  0.599300 0.193648 0
0  6.831300 49.643795 72.158112  0.546552 0.736903 0.397811  0.600283 0.190734 0
0  6.831604 48.533844 74.094887  0.546625 0.713884 0.437688  0.615093 0.195955 0
door_01
0  7.185131 32.899612 0.000860  1.000000 0.000061 -0.000123  0.054930 0.276701 0
0  7.184996 35.476883 0.200984  0.999929 -0.009449 -0.007284  0.062904 0.260447 0
0  7.185511 33.301510 3.290261  0.999999 -0.001247 -0.001109  0.078703 0.282121 0
door_01
0  7.231712 37.884029 2.313005  1.000000 -0.000252 0.000637  0.082039 0.248818 0
0  7.185511 33.301510 3.290261  0.999999 -0.001247 -0.001109  0.078703 0.282121 0
0  7.184996 35.476883 0.200984  0.999929 -0.009449 -0.007284  0.062904 0.260447 0
door_01
0  7.231712 37.884029 2.313005  1.000000 -0.000252 0.000637  0.082039 0.248818 0
0  7.232207 35.572372 5.166709  1.000000 -0.000010 0.000553  0.096559 0.270516 0
0  7.185511 33.301510 3.290261  0.999999 -0.001247 -0.001109  0.078703 0.282121 0
door_01
0  7.185693 37.488789 6.864320  0.999954 0.007211 0.006316  0.112269 0.260869 0
0  7.232207 35.572372 5.166709  1.000000 -0.000010 0.000553  0.096559 0.270516 0
0  7.231712 37.884029 2.313005  1.000000 -0.000252 0.000637  0.082039 0.248818 0
door_01
0  7.185693 37.488789 6.864320  0.999954 0.007211 0.006316  0.112269 0.260869 0
0  7.231712 37.884029 2.313005  1.000000 -0.000252 0.000637  0.082039 0.248818 0
0  7.185225 40.041634 4.326213  0.999955 0.007155 0.006249  0.099924 0.238280 0
door_01
0  7.185316 41.614689 5.882913  1.000000 0.000062 -0.000123  0.113434 0.230630 0
0  7.185693 37.488789 6.864320  0.999954 0.007211 0.006316  0.112269 0.260869 0
0  7.185225 40.041634 4.326213  0.999955 0.007155 0.006249  0.099924 0.238280 0
door_01
0  7.185316 41.614689 5.882913  1.000000 0.000062 -0.000123  0.113434 0.230630 0
0  7.185784 38.965511 8.329885  1.000000 0.000062 -0.000124  0.125371 0.253485 0
0  7.185693 37.488789 6.864320  0.999954 0.007211 0.006316  0.112269 0.260869 0
door_01
0  7.185433 43.074551 7.554664  1.000000 0.000062 -0.000123  0.127351 0.223641 0
0  7.185784 38.965511 8.329885  1.000000 0.000062 -0.000124  0.125371 0.253485 0
0  7.185316 41.614689 5.882913  1.000000 0.000062 -0.000123  0.113434 0.230630 0
door_01
0  7.185433 43.074551 7.554664  1.000000 0.000062 -0.000123  0.127351 0.223641 0
0  7.185891 40.335026 9.897804  1.000000 0.000062 -0.000123  0.138781 0.246669 0
0  7.185784 38.965511 8.329885  1.000000 0.000062 -0.000124  0.125371 0.253485 0
door_01
0  7.185560 44.476147 9.285001  1.000000 0.000062 -0.000123  0.141504 0.216936 0
0  7.185891 40.335026 9.897804  1.000000 0.000062 -0.000123  0.138781 0.246669 0
0  7.185433 43.074551 7.554664  1.000000 0.000062 -0.000123  0.127351 0.223641 0
door_01
0  7.185560 44.476147 9.285001  1.000000 0.000062 -0.000123  0.141504 0.216936 0
0  7.186010 41.648495 11.517103  1.000000 0.000062 -0.000123  0.152348 0.240185 0
0  7.185891 40.335026 9.897804  1.000000 0.000062 -0.000123  0.138781 0.246669 0
door_01
0  7.186139 42.891953 13.190428  1.000000 0.000062 -0.000123  0.166067 0.234087 0
0  7.186010 41.648495 11.517103  1.000000 0.000062 -0.000123  0.152348 0.240185 0
0  7.185560 44.476147 9.285001  1.000000 0.000062 -0.000123  0.141504 0.216936 0
door_01
0  7.186139 42.891953 13.190428  1.000000 0.000062 -0.000123  0.166067 0.234087 0
0  7.185560 44.476147 9.285001  1.000000 0.000062 -0.000123  0.141504 0.216936 0
0  7.185697 45.804379 11.074762  1.000000 0.000062 -0.000123  0.155871 0.210601 0
door_01
0  7.185840 47.097664 12.884911  1.000000 0.000062 -0.000123  0.170267 0.204404 0
0  7.186139 42.891953 13.190428  1.000000 0.000062 -0.000123  0.166067 0.234087 0
0  7.185697 45.804379 11.074762  1.000000 0.000062 -0.000123  0.155871 0.210601 0
door_01
0  7.185840 47.097664 12.884911  1.000000 0.000062 -0.000123  0.170267 0.204404 0
0  7.186272 44.102303 14.884177  1.000000 0.000062 -0.000123  0.179857 0.228206 0
0  7.186139 42.891953 13.190428  1.000000 0.000062 -0.000123  0.166067 0.234087 0
door_01
0  7.185995 48.300518 14.749140  1.000000 0.000062 -0.000123  0.184784 0.198670 0
0  7.186272 44.102303 14.884177  1.000000 0.000062 -0.000123  0.179857 0.228206 0
0  7.185840 47.097664 12.884911  1.000000 0.000062 -0.000123  0.170267 0.204404 0
door_01
0  7.185995 48.300518 14.749140  1.000000 0.000062 -0.000123  0.184784 0.198670 0
0  7.186418 45.229362 16.631447  1.000000 0.000062 -0.000123  0.193819 0.222762 0
0  7.186272 44.102303 14.884177  1.000000 0.000062 -0.000123  0.179857 0.228206 0
door_01
0  7.186162 49.418530 16.672358  1.000000 0.000062 -0.000123  0.199529 0.193427 0
0  7.186418 45.229362 16.631447  1.000000 0.000062 -0.000123  0.193819 0.222762 0
0  7.185995 48.300518 14.749140  1.000000 0.000062 -0.000123  0.184784 0.198670 0
door_01
0  7.186162 49.418530 16.672358  1.000000 0.000062 -0.000123  0.199529 0.193427 0
0  7.186574 46.277039 18.433851  1.000000 0.000062 -0.000123  0.207957 0.217668 0
0  7.186418 45.229362 16.631447  1.000000 0.000062 -0.000123  0.193819 0.222762 0
door_01
0  7.186741 47.238689 20.283863  1.000000 0.000062 -0.000123  0.222234 0.213021 0
0  7.186574 46.277039 18.433851  1.000000 0.000062 -0.000123  0.207957 0.217668 0
0  7.186162 49.418530 16.672358  1.000000 0.000062 -0.000123  0.199529 0.193427 0
door_01
0  7.186741 47.238689 20.283863  1.000000 0.000062 -0.000123  0.222234 0.213021 0
0  7.186162 49.418530 16.672358  1.000000 0.000062 -0.000123  0.199529 0.193427 0
0  7.186340 50.446156 18.649387  1.000000 0.000063 -0.000123  0.214472 0.188616 0
door_01
0  7.186525 51.435497 20.641289  1.000000 0.000062 -0.000123  0.229433 0.183948 0
0  7.186741 47.238689 20.283863  1.000000 0.000062 -0.000123  0.222234 0.213021 0
0  7.186340 50.446156 18.649387  1.000000 0.000063 -0.000123  0.214472 0.188616 0
door_01
0  7.186525 51.435497 20.641289  1.000000 0.000062 -0.000123  0.229433 0.183948 0
0  7.186913 48.164547 22.147732  1.000000 0.000062 -0.000123  0.236552 0.208604 0
0  7.186741 47.238689 20.283863  1.000000 0.000062 -0.000123  0.222234 0.213021 0
door_01
0  7.186718 52.329735 22.671400  1.000000 0.000062 -0.000123  0.244467 0.179742 0
0  7.186913 48.164547 22.147732  1.000000 0.000062 -0.000123  0.236552 0.208604 0
0  7.186525 51.435497 20.641289  1.000000 0.000062 -0.000123  0.229433 0.183948 0
door_01
0  7.186718 52.329735 22.671400  1.000000 0.000062 -0.000123  0.244467 0.179742 0
0  7.187095 49.002590 24.050114  1.000000 0.000062 -0.000123  0.250994 0.204627 0
0  7.186913 48.164547 22.147732  1.000000 0.000062 -0.000123  0.236552 0.208604 0
door_01
0  7.186923 53.132881 24.746494  1.000000 0.000062 -0.000123  0.259681 0.176030 0
0  7.187095 49.002590 24.050114  1.000000 0.000062 -0.000123  0.250994 0.204627 0
0  7.186718 52.329735 22.671400  1.000000 0.000062 -0.000123  0.244467 0.179742 0
door_01
0  7.186923 53.132881 24.746494  1.000000 0.000062 -0.000123  0.259681 0.176030 0
0  7.187285 49.755215 25.994350  1.000000 0.000062 -0.000123  0.265574 0.201010 0
0  7.187095 49.002590 24.050114  1.000000 0.000062 -0.000123  0.250994 0.204627 0
door_01
0  7.187488 50.422546 27.969967  1.000000 0.000062 -0.000123  0.280237 0.197809 0
0  7.187285 49.755215 25.994350  1.000000 0.000062 -0.000123  0.265574 0.201010 0
0  7.186923 53.132881 24.746494  1.000000 0.000062 -0.000123  0.259681 0.176030 0
door_01
0  7.187488 50.422546 27.969967  1.000000 0.000062 -0.000123  0.280237 0.197809 0
0  7.186923 53.132881 24.746494  1.000000 0.000062 -0.000123  0.259681 0.176030 0
0  7.187138 53.845894 26.857590  1.000000 0.000062 -0.000123  0.275036 0.172723 0
door_01
0  7.187355 54.538330 28.978247  1.000000 0.000062 -0.000123  0.290413 0.169469 0
0  7.187488 50.422546 27.969967  1.000000 0.000062 -0.000123  0.280237 0.197809 0
0  7.187138 53.845894 26.857590  1.000000 0.000062 -0.000123  0.275036 0.172723 0
door_01
0  7.187355 54.538330 28.978247  1.000000 0.000062 -0.000123  0.290413 0.169469 0
0  7.187690 51.069885 29.952541  1.000000 0.000062 -0.000122  0.294936 0.194741 0
0  7.187488 50.422546 27.969967  1.000000 0.000062 -0.000123  0.280237 0.197809 0
door_01
0  7.187582 55.119621 31.120085  1.000000 0.000062 -0.000122  0.305774 0.166739 0
0  7.187690 51.069885 29.952541  1.000000 0.000062 -0.000122  0.294936 0.194741 0
0  7.187355 54.538330 28.978247  1.000000 0.000062 -0.000123  0.290413 0.169469 0
door_01
0  7.187582 55.119621 31.120085  1.000000 0.000062 -0.000122  0.305774 0.166739 0
0  7.187902 51.615108 31.961552  1.000000 0.000062 -0.000123  0.309728 0.192176 0
0  7.187690 51.069885 29.952541  1.000000 0.000062 -0.000122  0.294936 0.194741 0
door_01
0  7.187820 55.573071 33.294067  1.000000 0.000062 -0.000122  0.321248 0.164685 0
0  7.187902 51.615108 31.961552  1.000000 0.000062 -0.000123  0.309728 0.192176 0
0  7.187582 55.119621 31.120085  1.000000 0.000062 -0.000122  0.305774 0.166739 0
door_01
0  7.187820 55.573071 33.294067  1.000000 0.000062 -0.000122  0.321248 0.164685 0
0  7.188127 52.040401 34.000584  1.000000 0.000062 -0.000122  0.324610 0.190137 0
0  7.187902 51.615108 31.961552  1.000000 0.000062 -0.000123  0.309728 0.192176 0
door_01
0  7.188357 52.364681 36.059494  1.000000 0.000062 -0.000122  0.339534 0.188590 0
0  7.188127 52.040401 34.000584  1.000000 0.000062 -0.000122  0.324610 0.190137 0
0  7.187820 55.573071 33.294067  1.000000 0.000062 -0.000122  0.321248 0.164685 0
door_01
0  7.188357 52.364681 36.059494  1.000000 0.000062 -0.000122  0.339534 0.188590 0
0  7.187820 55.573071 33.294067  1.000000 0.000062 -0.000122  0.321248 0.164685 0
0  7.188067 55.919979 35.496365  1.000000 0.000062 -0.000123  0.336877 0.163109 0
door_01
0  7.188319 56.242546 37.702301  1.000000 0.000062 -0.000122  0.352524 0.161600 0
0  7.188357 52.364681 36.059494  1.000000 0.000062 -0.000122  0.339534 0.188590 0
0  7.188067 55.919979 35.496365  1.000000 0.000062 -0.000123  0.336877 0.163109 0
door_01
0  7.188319 56.242546 37.702301  1.000000 0.000062 -0.000122  0.352524 0.161600 0
0  7.188591 52.666527 38.123871  1.000000 0.000062 -0.000122  0.354478 0.187191 0
0  7.188357 52.364681 36.059494  1.000000 0.000062 -0.000122  0.339534 0.188590 0
door_01
0  7.188574 56.469460 39.914890  1.000000 0.000062 -0.000122  0.368147 0.160527 0
0  7.188591 52.666527 38.123871  1.000000 0.000062 -0.000122  0.354478 0.187191 0
0  7.188319 56.242546 37.702301  1.000000 0.000062 -0.000122  0.352524 0.161600 0
door_01
0  7.188574 56.469460 39.914890  1.000000 0.000062 -0.000122  0.368147 0.160527 0
0  7.188831 52.879082 40.196720  1.000000 0.000062 -0.000122  0.369453 0.186220 0
0  7.188591 52.666527 38.123871  1.000000 0.000062 -0.000122  0.354478 0.187191 0
door_01
0  7.188838 56.598259 42.130726  1.000000 0.000062 -0.000122  0.383756 0.159972 0
0  7.188831 52.879082 40.196720  1.000000 0.000062 -0.000122  0.369453 0.186220 0
0  7.188574 56.469460 39.914890  1.000000 0.000062 -0.000122  0.368147 0.160527 0
door_01
0  7.188838 56.598259 42.130726  1.000000 0.000062 -0.000122  0.383756 0.159972 0
0  7.189078 52.999767 42.273361  1.000000 0.000062 -0.000122  0.384431 0.185630 0
0  7.188831 52.879082 40.196720  1.000000 0.000062 -0.000122  0.369453 0.186220 0
door_01
0  7.189332 53.017250 44.353218  1.000000 0.000062 -0.000122  0.399412 0.185539 0
0  7.189078 52.999767 42.273361  1.000000 0.000062 -0.000122  0.384431 0.185630 0
0  7.188838 56.598259 42.130726  1.000000 0.000062 -0.000122  0.383756 0.159972 0
door_01
0  7.189332 53.017250 44.353218  1.000000 0.000062 -0.000122  0.399412 0.185539 0
0  7.188838 56.598259 42.130726  1.000000 0.000062 -0.000122  0.383756 0.159972 0
0  7.189108 56.616951 44.352108  1.000000 0.000062 -0.000122  0.399402 0.159921 0
door_01
0  7.189382 56.577297 46.576656  1.000000 0.000062 -0.000122  0.415079 0.160088 0
0  7.189332 53.017250 44.353218  1.000000 0.000062 -0.000122  0.399412 0.185539 0
0  7.189108 56.616951 44.352108  1.000000 0.000062 -0.000122  0.399402 0.159921 0
door_01
0  7.189382 56.577297 46.576656  1.000000 0.000062 -0.000122  0.415079 0.160088 0
0  7.189587 52.980164 46.435402  1.000000 0.000062 -0.000122  0.414404 0.185759 0
0  7.189332 53.017250 44.353218  1.000000 0.000062 -0.000122  0.399412 0.185539 0
door_01
0  7.189662 56.440044 48.795036  1.000000 0.000062 -0.000122  0.430722 0.160767 0
0  7.189587 52.980164 46.435402  1.000000 0.000062 -0.000122  0.414404 0.185759 0
0  7.189382 56.577297 46.576656  1.000000 0.000062 -0.000122  0.415079 0.160088 0
door_01
0  7.189662 56.440044 48.795036  1.000000 0.000062 -0.000122  0.430722 0.160767 0
0  7.189850 52.851711 48.512611  1.000000 0.000062 -0.000122  0.429376 0.186355 0
0  7.189587 52.980164 46.435402  1.000000 0.000062 -0.000122  0.414404 0.185759 0
door_01
0  7.189945 56.228882 51.008831  1.000000 0.000062 -0.000122  0.446358 0.161731 0
0  7.189850 52.851711 48.512611  1.000000 0.000062 -0.000122  0.429376 0.186355 0
0  7.189662 56.440044 48.795036  1.000000 0.000062 -0.000122  0.430722 0.160767 0
door_01
0  7.189945 56.228882 51.008831  1.000000 0.000062 -0.000122  0.446358 0.161731 0
0  7.190115 52.654018 50.585556  1.000000 0.000062 -0.000122  0.444337 0.187336 0
0  7.189850 52.851711 48.512611  1.000000 0.000062 -0.000122  0.429376 0.186355 0
door_01
0  7.190384 52.364647 52.646954  1.000000 0.000062 -0.000122  0.459261 0.188687 0
0  7.190115 52.654018 50.585556  1.000000 0.000062 -0.000122  0.444337 0.187336 0
0  7.189945 56.228882 51.008831  1.000000 0.000062 -0.000122  0.446358 0.161731 0
door_01
0  7.190384 52.364647 52.646954  1.000000 0.000062 -0.000122  0.459261 0.188687 0
0  7.189945 56.228882 51.008831  1.000000 0.000062 -0.000122  0.446358 0.161731 0
0  7.190232 55.919666 53.211353  1.000000 0.000062 -0.000122  0.461958 0.163207 0
door_01
0  7.190524 55.557228 55.405193  1.000000 0.000062 -0.000122  0.477528 0.164876 0
0  7.190384 52.364647 52.646954  1.000000 0.000062 -0.000122  0.459261 0.188687 0
0  7.190232 55.919666 53.211353  1.000000 0.000062 -0.000122  0.461958 0.163207 0
door_01
0  7.190524 55.557228 55.405193  1.000000 0.000062 -0.000122  0.477528 0.164876 0
0  7.190657 52.025341 54.700848  1.000000 0.000062 -0.000122  0.474163 0.190325 0
0  7.190384 52.364647 52.646954  1.000000 0.000062 -0.000122  0.459261 0.188687 0
door_01
0  7.190815 55.086727 57.573330  1.000000 0.000062 -0.000121  0.492986 0.167043 0
0  7.190657 52.025341 54.700848  1.000000 0.000062 -0.000122  0.474163 0.190325 0
0  7.190524 55.557228 55.405193  1.000000 0.000062 -0.000122  0.477528 0.164876 0
door_01
0  7.190815 55.086727 57.573330  1.000000 0.000062 -0.000121  0.492986 0.167043 0
0  7.190931 51.584343 56.732964  1.000000 0.000062 -0.000122  0.488995 0.192460 0
0  7.190657 52.025341 54.700848  1.000000 0.000062 -0.000122  0.474163 0.190325 0
door_01
0  7.191113 54.516838 59.723881  1.000000 0.000062 -0.000122  0.508406 0.169745 0
0  7.190931 51.584343 56.732964  1.000000 0.000062 -0.000122  0.488995 0.192460 0
0  7.190815 55.086727 57.573330  1.000000 0.000062 -0.000121  0.492986 0.167043 0
door_01
0  7.191113 54.516838 59.723881  1.000000 0.000062 -0.000122  0.508406 0.169745 0
0  7.191210 51.050243 58.748211  1.000000 0.000062 -0.000122  0.503803 0.194995 0
0  7.190931 51.584343 56.732964  1.000000 0.000062 -0.000122  0.488995 0.192460 0
door_01
0  7.191492 50.422501 60.736477  1.000000 0.000062 -0.000122  0.518515 0.197988 0
0  7.191210 51.050243 58.748211  1.000000 0.000062 -0.000122  0.503803 0.194995 0
0  7.191113 54.516838 59.723881  1.000000 0.000062 -0.000122  0.508406 0.169745 0
door_01
0  7.191492 50.422501 60.736477  1.000000 0.000062 -0.000122  0.518515 0.197988 0
0  7.191113 54.516838 59.723881  1.000000 0.000062 -0.000122  0.508406 0.169745 0
0  7.191414 53.846016 61.848640  1.000000 0.000062 -0.000122  0.523780 0.172919 0
door_01
0  7.191716 53.137234 63.956738  1.000000 0.000062 -0.000122  0.539096 0.176223 0
0  7.191492 50.422501 60.736477  1.000000 0.000062 -0.000122  0.518515 0.197988 0
0  7.191414 53.846016 61.848640  1.000000 0.000062 -0.000122  0.523780 0.172919 0
door_01
0  7.191716 53.137234 63.956738  1.000000 0.000062 -0.000122  0.539096 0.176223 0
0  7.191773 49.759258 62.709099  1.000000 0.000062 -0.000122  0.533153 0.201194 0
0  7.191492 50.422501 60.736477  1.000000 0.000062 -0.000122  0.518515 0.197988 0
door_01
0  7.192018 52.333981 66.024567  1.000000 0.000062 -0.000122  0.554253 0.179962 0
0  7.191773 49.759258 62.709099  1.000000 0.000062 -0.000122  0.533153 0.201194 0
0  7.191716 53.137234 63.956738  1.000000 0.000062 -0.000122  0.539096 0.176223 0
door_01
0  7.192018 52.333981 66.024567  1.000000 0.000062 -0.000122  0.554253 0.179962 0
0  7.192056 49.006523 64.646820  1.000000 0.000062 -0.000122  0.547683 0.204836 0
0  7.191773 49.759258 62.709099  1.000000 0.000062 -0.000122  0.533153 0.201194 0
door_01
0  7.192320 51.434597 68.059822  1.000000 0.000062 -0.000122  0.569324 0.184221 0
0  7.192056 49.006523 64.646820  1.000000 0.000062 -0.000122  0.547683 0.204836 0
0  7.192018 52.333981 66.024567  1.000000 0.000062 -0.000122  0.554253 0.179962 0
door_01
0  7.192320 51.434597 68.059822  1.000000 0.000062 -0.000122  0.569324 0.184221 0
0  7.192340 48.163815 66.553741  1.000000 0.000062 -0.000122  0.562156 0.208861 0
0  7.192056 49.006523 64.646820  1.000000 0.000062 -0.000122  0.547683 0.204836 0
door_01
0  7.192626 47.238682 68.422562  1.000000 0.000062 -0.000122  0.576494 0.213297 0
0  7.192340 48.163815 66.553741  1.000000 0.000062 -0.000122  0.562156 0.208861 0
0  7.192320 51.434597 68.059822  1.000000 0.000062 -0.000122  0.569324 0.184221 0
door_01
0  7.192626 47.238682 68.422562  1.000000 0.000062 -0.000122  0.576494 0.213297 0
0  7.192320 51.434597 68.059822  1.000000 0.000062 -0.000122  0.569324 0.184221 0
0  7.192625 50.446041 70.056824  1.000000 0.000062 -0.000121  0.584317 0.188906 0
door_01
0  7.192625 50.446041 70.056824  1.000000 0.000062 -0.000121  0.584317 0.188906 0
0  7.192911 46.294506 70.282196  1.000000 0.000062 -0.000121  0.590797 0.217874 0
0  7.192626 47.238682 68.422562  1.000000 0.000062 -0.000122  0.576494 0.213297 0
door_01
0  7.192625 50.446041 70.056824  1.000000 0.000062 -0.000121  0.584317 0.188906 0
0  7.192928 49.436123 72.045952  1.000000 0.000062 -0.000121  0.599300 0.193648 0
0  7.192911 46.294506 70.282196  1.000000 0.000062 -0.000121  0.590797 0.217874 0
door_01
0  7.192911 46.294506 70.282196  1.000000 0.000062 -0.000121  0.590797 0.217874 0
0  7.192928 49.436123 72.045952  1.000000 0.000062 -0.000121  0.599300 0.193648 0
0  7.193231 48.332611 73.971466  1.000000 0.000062 -0.000121  0.614010 0.198828 0
door_01
0  7.192911 46.294506 70.282196  1.000000 0.000062 -0.000121  0.590797 0.217874 0
0  7.193231 48.332611 73.971466  1.000000 0.000062 -0.000121  0.614010 0.198828 0
0  7.193193 45.259457 72.088287  1.000000 0.000062 -0.000121  0.604939 0.222927 0
door_01
0  7.193193 45.259457 72.088287  1.000000 0.000062 -0.000121  0.604939 0.222927 0
0  7.193231 48.332611 73.971466  1.000000 0.000062 -0.000121  0.614010 0.198828 0
0  7.193532 47.116005 75.829346  1.000000 0.000062 -0.000121  0.628489 0.204645 0
door_01
0  7.193193 45.259457 72.088287  1.000000 0.000062 -0.000121  0.604939 0.222927 0
0  7.193532 47.116005 75.829346  1.000000 0.000062 -0.000121  0.628489 0.204645 0
0  7.193476 44.119118 73.831421  1.000000 0.000062 -0.000121  0.618916 0.228455 0
door_01
0  7.193476 44.119118 73.831421  1.000000 0.000062 -0.000121  0.618916 0.228455 0
0  7.193532 47.116005 75.829346  1.000000 0.000062 -0.000121  0.628489 0.204645 0
0  7.193833 45.804043 77.631889  1.000000 0.000062 -0.000121  0.642873 0.210948 0
door_01
0  7.193476 44.119118 73.831421  1.000000 0.000062 -0.000121  0.618916 0.228455 0
0  7.193833 45.804043 77.631889  1.000000 0.000062 -0.000121  0.642873 0.210948 0
0  7.193757 42.891811 75.516006  1.000000 0.000062 -0.000121  0.632683 0.234440 0
door_01
0  7.194132 44.472321 79.419800  1.000000 0.000062 -0.000121  0.657240 0.217319 0
0  7.193757 42.891811 75.516006  1.000000 0.000062 -0.000121  0.632683 0.234440 0
0  7.193833 45.804043 77.631889  1.000000 0.000062 -0.000121  0.642873 0.210948 0
door_01
0  7.194132 44.472321 79.419800  1.000000 0.000062 -0.000121  0.657240 0.217319 0
0  7.194036 41.640945 77.184113  1.000000 0.000063 -0.000121  0.646370 0.240594 0
0  7.193757 42.891811 75.516006  1.000000 0.000062 -0.000121  0.632683 0.234440 0
door_01
0  7.194428 43.067741 81.145424  1.000000 0.000062 -0.000121  0.671374 0.224062 0
0  7.194036 41.640945 77.184113  1.000000 0.000063 -0.000121  0.646370 0.240594 0
0  7.194132 44.472321 79.419800  1.000000 0.000062 -0.000121  0.657240 0.217319 0
door_01
0  7.194428 43.067741 81.145424  1.000000 0.000062 -0.000121  0.671374 0.224062 0
0  7.194316 40.322708 78.796661  1.000000 0.000063 -0.000121  0.659889 0.247113 0
0  7.194036 41.640945 77.184113  1.000000 0.000063 -0.000121  0.646370 0.240594 0
door_01
0  7.194722 41.602554 82.814018  1.000000 0.000062 -0.000121  0.685294 0.231126 0
0  7.194316 40.322708 78.796661  1.000000 0.000063 -0.000121  0.659889 0.247113 0
0  7.194428 43.067741 81.145424  1.000000 0.000062 -0.000121  0.671374 0.224062 0
door_01
0  7.194722 41.602554 82.814018  1.000000 0.000062 -0.000121  0.685294 0.231126 0
0  7.194589 38.948460 80.360512  1.000000 0.000061 -0.000121  0.673263 0.253938 0
0  7.194316 40.322708 78.796661  1.000000 0.000063 -0.000121  0.659889 0.247113 0
door_01
0  7.194858 37.488857 81.842110  1.000000 0.000062 -0.000121  0.686413 0.261159 0
0  7.194589 38.948460 80.360512  1.000000 0.000061 -0.000121  0.673263 0.253938 0
0  7.194722 41.602554 82.814018  1.000000 0.000062 -0.000121  0.685294 0.231126 0
door_01
0  7.194858 37.488857 81.842110  1.000000 0.000062 -0.000121  0.686413 0.261159 0
0  7.194722 41.602554 82.814018  1.000000 0.000062 -0.000121  0.685294 0.231126 0
0  7.195011 40.039253 84.382500  1.000000 0.000061 -0.000122  0.698845 0.238794 0
door_01
0  7.195405 37.800797 86.520477  1.000000 0.000062 -0.000121  0.717660 0.249691 0
0  7.194858 37.488857 81.842110  1.000000 0.000062 -0.000121  0.686413 0.261159 0
0  7.195011 40.039253 84.382500  1.000000 0.000061 -0.000122  0.698845 0.238794 0
door_01
0  7.195405 37.800797 86.520477  1.000000 0.000062 -0.000121  0.717660 0.249691 0
0  7.195218 35.532234 83.796112  1.000000 0.000063 -0.000121  0.703839 0.270882 0
0  7.194858 37.488857 81.842110  1.000000 0.000062 -0.000121  0.686413 0.261159 0
door_01
0  7.195543 33.431751 85.418304  1.000000 0.000060 -0.000121  0.719693 0.281518 0
0  7.195218 35.532234 83.796112  1.000000 0.000063 -0.000121  0.703839 0.270882 0
0  7.195405 37.800797 86.520477  1.000000 0.000062 -0.000121  0.717660 0.249691 0
door_01
0  7.195543 33.431751 85.418304  1.000000 0.000060 -0.000121  0.719693 0.281518 0
0  7.195405 37.800797 86.520477  1.000000 0.000062 -0.000121  0.717660 0.249691 0
0  7.196048 33.744553 89.732735  1.000000 0.000061 -0.000121  0.748374 0.269748 0
door_01
0  -6.789398 18.781773 64.715790  -0.656508 0.609396 -0.444561  0.736421 0.974909 0
0  -7.211709 33.430878 85.420067  -0.656514 0.609382 -0.444571  0.740109 0.802961 0
0  -6.786367 33.375763 84.802895  -0.656505 0.609399 -0.444561  0.736506 0.806565 0
door_01
0  -6.789398 18.781773 64.715790  -0.656508 0.609396 -0.444561  0.736421 0.974909 0
0  -7.213322 18.212906 64.648567  -0.656508 0.609393 -0.444565  0.740469 0.977547 0
0  -7.211709 33.430878 85.420067  -0.656514 0.609382 -0.444571  0.740109 0.802961 0
door_01
0  -6.806017 33.375813 3.906871  -0.710564 0.569183 0.413677  0.807250 0.972594 0
0  -7.218283 18.212938 24.061392  -0.710614 0.569141 0.413649  0.811299 0.796585 0
0  -6.799258 18.781816 23.993977  -0.710412 0.569302 0.413775  0.807156 0.799301 0
door_01
0  -6.806017 33.375813 3.906871  -0.710564 0.569183 0.413677  0.807250 0.972594 0
0  -7.221741 33.300629 3.292022  -0.710508 0.569227 0.413714  0.811387 0.975756 0
0  -7.218283 18.212938 24.061392  -0.710614 0.569141 0.413649  0.811299 0.796585 0
door_01
0  -6.856361 14.416789 24.510590  -0.829707 -0.451559 -0.328147  0.831653 0.778467 0
0  -7.222116 32.898731 0.002620  -0.829725 -0.451538 -0.328130  0.827158 0.992674 0
0  -6.860438 32.234200 0.002517  -0.829726 -0.451538 -0.328130  0.831679 0.989946 0
door_01
0  -6.856361 14.416789 24.510590  -0.829707 -0.451559 -0.328147  0.831653 0.778467 0
0  -7.218049 15.143822 24.424637  -0.829707 -0.451559 -0.328148  0.827132 0.781937 0
0  -7.222116 32.898731 0.002620  -0.829725 -0.451538 -0.328130  0.827158 0.992674 0
door_01
0  -6.849499 33.595642 90.196907  -0.788654 -0.495546 0.363949  0.759251 0.776136 0
0  -7.213177 15.143830 64.285332  -0.788681 -0.495516 0.363932  0.755829 0.991800 0
0  -6.851510 14.416809 64.199165  -0.788692 -0.495502 0.363926  0.760216 0.995177 0
door_01
0  -6.849499 33.595642 90.196907  -0.788654 -0.495546 0.363949  0.759251 0.776136 0
0  -7.211196 33.743679 89.734497  -0.788677 -0.495520 0.363935  0.755635 0.778078 0
0  -7.213177 15.143830 64.285332  -0.788681 -0.495516 0.363932  0.755829 0.991800 0
door_01
0  -6.799258 18.781816 23.993977  0.000094 0.809020 0.587782  0.807156 0.799301 0
0  -6.245961 33.375847 3.906734  0.000094 0.809020 0.587781  0.803341 0.972596 0
0  -6.806017 33.375813 3.906871  0.000094 0.809020 0.587781  0.807250 0.972594 0
door_01
0  -6.799258 18.781816 23.993977  0.000094 0.809020 0.587782  0.807156 0.799301 0
0  -6.239443 18.781849 23.993843  0.000094 0.809020 0.587782  0.803249 0.799303 0
0  -6.245961 33.375847 3.906734  0.000094 0.809020 0.587781  0.803341 0.972596 0
door_01
0  -5.722722 0.688254 37.957607  -0.739466 -0.673194 0.000197  0.448881 0.541675 0
0  -6.243019 1.248643 0.002383  -0.739276 -0.673402 0.000192  0.454468 0.268828 0
0  -5.731999 0.687639 0.002259  -0.739274 -0.673405 0.000192  0.449019 0.268815 0
door_01
0  -5.722722 0.688254 37.957607  -0.739466 -0.673194 0.000197  0.448881 0.541675 0
0  -6.234046 1.249776 37.463230  -0.739470 -0.673190 0.000197  0.454111 0.537968 0
0  -6.243019 1.248643 0.002383  -0.739276 -0.673402 0.000192  0.454468 0.268828 0
door_01
0  -6.786367 33.375763 84.802895  -0.000539 0.809015 -0.587788  0.736506 0.806565 0
0  -6.229339 18.781809 64.715645  -0.000212 0.809020 -0.587781  0.732624 0.974907 0
0  -6.789398 18.781773 64.715790  -0.000207 0.809020 -0.587781  0.736421 0.974909 0
door_01
0  -6.786367 33.375763 84.802895  -0.000539 0.809015 -0.587788  0.736506 0.806565 0
0  -6.226309 33.376038 84.802750  -0.000544 0.809015 -0.587788  0.732709 0.806562 0
0  -6.229339 18.781809 64.715645  -0.000212 0.809020 -0.587781  0.732624 0.974907 0
door_01
0  7.185131 32.899612 0.000860  0.249653 0.031909 -0.967809  0.054930 0.276701 0
0  6.823333 35.600590 -0.003447  0.076672 0.008920 -0.997016  0.060786 0.258207 0
0  7.184996 35.476883 0.200984  0.249858 0.031924 -0.967756  0.062904 0.260447 0
door_01
0  7.185131 32.899612 0.000860  0.249653 0.031909 -0.967809  0.054930 0.276701 0
0  6.823538 32.235035 0.000844  0.036476 0.003560 -0.999328  0.050578 0.279817 0
0  6.823333 35.600590 -0.003447  0.076672 0.008920 -0.997016  0.060786 0.258207 0
door_01
0  6.209955 32.235001 0.000860  0.000367 -0.000411 -1.000000  0.046646 0.277871 0
0  6.823333 35.600590 -0.003447  0.076672 0.008920 -0.997016  0.060786 0.258207 0
0  6.823538 32.235035 0.000844  0.036476 0.003560 -0.999328  0.050578 0.279817 0
door_01
0  6.209955 32.235001 0.000860  0.000367 -0.000411 -1.000000  0.046646 0.277871 0
0  6.209905 35.600582 -0.003462  0.000012 -0.001284 -0.999999  0.056883 0.256269 0
0  6.823333 35.600590 -0.003447  0.076672 0.008920 -0.997016  0.060786 0.258207 0
door_01
0  7.186418 45.229362 16.631447  0.711738 -0.598975 0.366956  0.193819 0.222762 0
0  6.769854 44.869518 16.852013  0.711716 -0.598991 0.366974  0.195305 0.226717 0
0  6.769827 43.751400 15.118640  0.711777 -0.581013 0.394711  0.181439 0.232127 0
door_01
0  7.186418 45.229362 16.631447  0.711738 -0.598975 0.366956  0.193819 0.222762 0
0  6.769827 43.751400 15.118640  0.711777 -0.581013 0.394711  0.181439 0.232127 0
0  7.186272 44.102303 14.884177  0.711802 -0.581064 0.394592  0.179857 0.228206 0
door_01
0  7.186272 44.102303 14.884177  0.711802 -0.581064 0.394592  0.179857 0.228206 0
0  6.769827 43.751400 15.118640  0.711777 -0.581013 0.394711  0.181439 0.232127 0
0  6.769807 42.550602 13.438376  0.711790 -0.567666 0.413656  0.167750 0.237957 0
door_01
0  7.186272 44.102303 14.884177  0.711802 -0.581064 0.394592  0.179857 0.228206 0
0  6.769807 42.550602 13.438376  0.711790 -0.567666 0.413656  0.167750 0.237957 0
0  7.186139 42.891953 13.190428  0.711787 -0.567680 0.413640  0.166067 0.234087 0
door_01
0  6.769807 42.550602 13.438376  0.711790 -0.567666 0.413656  0.167750 0.237957 0
0  7.186010 41.648495 11.517103  0.712075 -0.554497 0.430676  0.152348 0.240185 0
0  7.186139 42.891953 13.190428  0.711787 -0.567680 0.413640  0.166067 0.234087 0
door_01
0  6.769807 42.550602 13.438376  0.711790 -0.567666 0.413656  0.167750 0.237957 0
0  6.769802 41.316998 11.778458  0.712077 -0.554548 0.430607  0.154138 0.244012 0
0  7.186010 41.648495 11.517103  0.712075 -0.554497 0.430676  0.152348 0.240185 0
door_01
0  7.186010 41.648495 11.517103  0.712075 -0.554497 0.430676  0.152348 0.240185 0
0  6.769802 41.316998 11.778458  0.712077 -0.554548 0.430607  0.154138 0.244012 0
0  6.769814 40.013981 10.172120  0.712295 -0.536991 0.451970  0.140669 0.250445 0
door_01
0  7.186010 41.648495 11.517103  0.712075 -0.554497 0.430676  0.152348 0.240185 0
0  6.769814 40.013981 10.172120  0.712295 -0.536991 0.451970  0.140669 0.250445 0
0  7.185891 40.335026 9.897804  0.712315 -0.536925 0.452016  0.138781 0.246669 0
door_01
0  7.185891 40.335026 9.897804  0.712315 -0.536925 0.452016  0.138781 0.246669 0
0  6.769814 40.013981 10.172120  0.712295 -0.536991 0.451970  0.140669 0.250445 0
0  6.769830 38.655403 8.616683  0.712504 -0.511673 0.480133  0.127354 0.257220 0
door_01
0  7.185891 40.335026 9.897804  0.712315 -0.536925 0.452016  0.138781 0.246669 0
0  6.769830 38.655403 8.616683  0.712504 -0.511673 0.480133  0.127354 0.257220 0
0  7.185784 38.965511 8.329885  0.712500 -0.511786 0.480019  0.125371 0.253485 0
door_01
0  7.185784 38.965511 8.329885  0.712500 -0.511786 0.480019  0.125371 0.253485 0
0  6.769830 38.655403 8.616683  0.712504 -0.511673 0.480133  0.127354 0.257220 0
0  6.769855 37.190647 7.162602  0.711591 -0.473696 0.518893  0.114347 0.264567 0
door_01
0  7.185784 38.965511 8.329885  0.712500 -0.511786 0.480019  0.125371 0.253485 0
0  6.769855 37.190647 7.162602  0.711591 -0.473696 0.518893  0.114347 0.264567 0
0  7.185693 37.488789 6.864320  0.711690 -0.473867 0.518600  0.112269 0.260869 0
door_01
0  6.769855 37.190647 7.162602  0.711591 -0.473696 0.518893  0.114347 0.264567 0
0  7.232207 35.572372 5.166709  0.710461 -0.457005 0.535157  0.096559 0.270516 0
0  7.185693 37.488789 6.864320  0.711690 -0.473867 0.518600  0.112269 0.260869 0
door_01
0  6.769855 37.190647 7.162602  0.711591 -0.473696 0.518893  0.114347 0.264567 0
0  6.816490 35.308125 5.492947  0.710460 -0.457027 0.535138  0.098851 0.274029 0
0  7.232207 35.572372 5.166709  0.710461 -0.457005 0.535157  0.096559 0.270516 0
door_01
0  7.232207 35.572372 5.166709  0.710461 -0.457005 0.535157  0.096559 0.270516 0
0  6.816490 35.308125 5.492947  0.710460 -0.457027 0.535138  0.098851 0.274029 0
0  6.769934 33.376644 3.905212  0.710013 -0.457190 0.535592  0.083744 0.283943 0
door_01
0  7.232207 35.572372 5.166709  0.710461 -0.457005 0.535157  0.096559 0.270516 0
0  6.769934 33.376644 3.905212  0.710013 -0.457190 0.535592  0.083744 0.283943 0
0  7.185511 33.301510 3.290261  0.709960 -0.457210 0.535645  0.078703 0.282121 0
door_01
0  7.188127 52.040401 34.000584  0.710459 -0.692231 0.126745  0.324610 0.190137 0
0  6.769812 51.626156 34.082958  0.710456 -0.692274 0.126527  0.325158 0.194340 0
0  6.769848 51.204220 32.060165  0.710862 -0.683954 0.163958  0.310379 0.196362 0
door_01
0  7.188127 52.040401 34.000584  0.710459 -0.692231 0.126745  0.324610 0.190137 0
0  6.769848 51.204220 32.060165  0.710862 -0.683954 0.163958  0.310379 0.196362 0
0  7.187902 51.615108 31.961552  0.710902 -0.683918 0.163934  0.309728 0.192176 0
door_01
0  7.187902 51.615108 31.961552  0.710902 -0.683918 0.163934  0.309728 0.192176 0
0  6.769848 51.204220 32.060165  0.710862 -0.683954 0.163958  0.310379 0.196362 0
0  6.769886 50.663326 30.067127  0.710900 -0.673836 0.201412  0.295690 0.198911 0
door_01
0  7.187902 51.615108 31.961552  0.710902 -0.683918 0.163934  0.309728 0.192176 0
0  6.769886 50.663326 30.067127  0.710900 -0.673836 0.201412  0.295690 0.198911 0
0  7.187690 51.069885 29.952541  0.710938 -0.673876 0.201144  0.294936 0.194741 0
door_01
0  7.187690 51.069885 29.952541  0.710938 -0.673876 0.201144  0.294936 0.194741 0
0  6.769886 50.663326 30.067127  0.710900 -0.673836 0.201412  0.295690 0.198911 0
0  6.769926 50.021145 28.100323  0.710854 -0.667499 0.221656  0.281101 0.201945 0
door_01
0  7.187690 51.069885 29.952541  0.710938 -0.673876 0.201144  0.294936 0.194741 0
0  6.769926 50.021145 28.100323  0.710854 -0.667499 0.221656  0.281101 0.201945 0
0  7.187488 50.422546 27.969967  0.710858 -0.667506 0.221623  0.280237 0.197809 0
door_01
0  6.769926 50.021145 28.100323  0.710854 -0.667499 0.221656  0.281101 0.201945 0
0  7.187285 49.755215 25.994350  0.711118 -0.661034 0.239470  0.265574 0.201010 0
0  7.187488 50.422546 27.969967  0.710858 -0.667506 0.221623  0.280237 0.197809 0
door_01
0  6.769926 50.021145 28.100323  0.710854 -0.667499 0.221656  0.281101 0.201945 0
0  6.769939 49.359158 26.140425  0.711124 -0.661052 0.239401  0.266549 0.205129 0
0  7.187285 49.755215 25.994350  0.711118 -0.661034 0.239470  0.265574 0.201010 0
door_01
0  7.187285 49.755215 25.994350  0.711118 -0.661034 0.239470  0.265574 0.201010 0
0  6.769939 49.359158 26.140425  0.711124 -0.661052 0.239401  0.266549 0.205129 0
0  6.769946 48.612625 24.211655  0.711259 -0.649590 0.268596  0.252067 0.208717 0
door_01
0  7.187285 49.755215 25.994350  0.711118 -0.661034 0.239470  0.265574 0.201010 0
0  6.769946 48.612625 24.211655  0.711259 -0.649590 0.268596  0.252067 0.208717 0
0  7.187095 49.002590 24.050114  0.711274 -0.649576 0.268591  0.250994 0.204627 0
door_01
0  7.187095 49.002590 24.050114  0.711274 -0.649576 0.268591  0.250994 0.204627 0
0  6.769946 48.612625 24.211655  0.711259 -0.649590 0.268596  0.252067 0.208717 0
0  6.769936 47.781319 22.324400  0.711305 -0.636535 0.298108  0.237724 0.212669 0
door_01
0  7.187095 49.002590 24.050114  0.711274 -0.649576 0.268591  0.250994 0.204627 0
0  6.769936 47.781319 22.324400  0.711305 -0.636535 0.298108  0.237724 0.212669 0
0  7.186913 48.164547 22.147732  0.711319 -0.636563 0.298016  0.236552 0.208604 0
door_01
0  7.186913 48.164547 22.147732  0.711319 -0.636563 0.298016  0.236552 0.208604 0
0  6.769936 47.781319 22.324400  0.711305 -0.636535 0.298108  0.237724 0.212669 0
0  6.769917 46.862919 20.475374  0.711261 -0.626669 0.318425  0.223513 0.217045 0
door_01
0  7.186913 48.164547 22.147732  0.711319 -0.636563 0.298016  0.236552 0.208604 0
0  6.769917 46.862919 20.475374  0.711261 -0.626669 0.318425  0.223513 0.217045 0
0  7.186741 47.238689 20.283863  0.711255 -0.626674 0.318427  0.222234 0.213021 0
door_01
0  6.769917 46.862919 20.475374  0.711261 -0.626669 0.318425  0.223513 0.217045 0
0  7.186574 46.277039 18.433851  0.711537 -0.615616 0.338722  0.207957 0.217668 0
0  7.186741 47.238689 20.283863  0.711255 -0.626674 0.318427  0.222234 0.213021 0
door_01
0  6.769917 46.862919 20.475374  0.711261 -0.626669 0.318425  0.223513 0.217045 0
0  6.769887 45.908894 18.640074  0.711536 -0.615667 0.338630  0.209347 0.221661 0
0  7.186574 46.277039 18.433851  0.711537 -0.615616 0.338722  0.207957 0.217668 0
door_01
0  7.186574 46.277039 18.433851  0.711537 -0.615616 0.338722  0.207957 0.217668 0
0  6.769887 45.908894 18.640074  0.711536 -0.615667 0.338630  0.209347 0.221661 0
0  6.769854 44.869518 16.852013  0.711716 -0.598991 0.366974  0.195305 0.226717 0
door_01
0  7.186574 46.277039 18.433851  0.711537 -0.615616 0.338722  0.207957 0.217668 0
0  6.769854 44.869518 16.852013  0.711716 -0.598991 0.366974  0.195305 0.226717 0
0  7.186418 45.229362 16.631447  0.711738 -0.598975 0.366956  0.193819 0.222762 0
door_01
0  6.769870 51.947872 52.580967  0.708322 -0.697786 -0.106653  0.458819 0.192910 0
0  7.190115 52.654018 50.585556  0.708600 -0.700762 -0.082573  0.444337 0.187336 0
0  7.190384 52.364647 52.646954  0.708322 -0.697777 -0.106712  0.459261 0.188687 0
door_01
0  6.769870 51.947872 52.580967  0.708322 -0.697786 -0.106653  0.458819 0.192910 0
0  6.769905 52.234951 50.535965  0.708599 -0.700766 -0.082545  0.444005 0.191566 0
0  7.190115 52.654018 50.585556  0.708600 -0.700762 -0.082573  0.444337 0.187336 0
door_01
0  7.190115 52.654018 50.585556  0.708600 -0.700762 -0.082573  0.444337 0.187336 0
0  6.769905 52.234951 50.535965  0.708599 -0.700766 -0.082545  0.444005 0.191566 0
0  6.769969 52.431099 48.479515  0.708790 -0.703249 -0.055292  0.429153 0.190594 0
door_01
0  7.190115 52.654018 50.585556  0.708600 -0.700762 -0.082573  0.444337 0.187336 0
0  6.769969 52.431099 48.479515  0.708790 -0.703249 -0.055292  0.429153 0.190594 0
0  7.189850 52.851711 48.512611  0.708835 -0.703203 -0.055309  0.429376 0.186355 0
door_01
0  7.189850 52.851711 48.512611  0.708835 -0.703203 -0.055309  0.429376 0.186355 0
0  6.769969 52.431099 48.479515  0.708790 -0.703249 -0.055292  0.429153 0.190594 0
0  6.770021 52.558540 46.418835  0.709083 -0.704566 -0.028081  0.414291 0.189996 0
door_01
0  7.189850 52.851711 48.512611  0.708835 -0.703203 -0.055309  0.429376 0.186355 0
0  6.770021 52.558540 46.418835  0.709083 -0.704566 -0.028081  0.414291 0.189996 0
0  7.189587 52.980164 46.435402  0.709125 -0.704523 -0.028092  0.414404 0.185759 0
door_01
0  7.189587 52.980164 46.435402  0.709125 -0.704523 -0.028092  0.414404 0.185759 0
0  6.770021 52.558540 46.418835  0.709083 -0.704566 -0.028081  0.414291 0.189996 0
0  6.770045 52.595341 44.353218  0.709301 -0.704898 -0.003407  0.399411 0.189777 0
door_01
0  7.189587 52.980164 46.435402  0.709125 -0.704523 -0.028092  0.414404 0.185759 0
0  6.770045 52.595341 44.353218  0.709301 -0.704898 -0.003407  0.399411 0.189777 0
0  7.189332 53.017250 44.353218  0.709304 -0.704895 -0.003384  0.399412 0.185539 0
door_01
0  6.770045 52.595341 44.353218  0.709301 -0.704898 -0.003407  0.399411 0.189777 0
0  7.189078 52.999767 42.273361  0.709648 -0.704167 0.023425  0.384431 0.185630 0
0  7.189332 53.017250 44.353218  0.709304 -0.704895 -0.003384  0.399412 0.185539 0
door_01
0  6.770045 52.595341 44.353218  0.709301 -0.704898 -0.003407  0.399411 0.189777 0
0  6.770009 52.577984 42.289902  0.709651 -0.704167 0.023346  0.384542 0.189871 0
0  7.189078 52.999767 42.273361  0.709648 -0.704167 0.023425  0.384431 0.185630 0
door_01
0  7.189078 52.999767 42.273361  0.709648 -0.704167 0.023425  0.384431 0.185630 0
0  6.770009 52.577984 42.289902  0.709651 -0.704167 0.023346  0.384542 0.189871 0
0  6.769938 52.458244 40.229786  0.709812 -0.702135 0.056340  0.369669 0.190450 0
door_01
0  7.189078 52.999767 42.273361  0.709648 -0.704167 0.023425  0.384431 0.185630 0
0  6.769938 52.458244 40.229786  0.709812 -0.702135 0.056340  0.369669 0.190450 0
0  7.188831 52.879082 40.196720  0.709839 -0.702110 0.056301  0.369453 0.186220 0
door_01
0  7.188831 52.879082 40.196720  0.709839 -0.702110 0.056301  0.369453 0.186220 0
0  6.769938 52.458244 40.229786  0.709812 -0.702135 0.056340  0.369669 0.190450 0
0  6.769868 52.247372 38.173420  0.709900 -0.698922 0.086893  0.354800 0.191418 0
door_01
0  7.188831 52.879082 40.196720  0.709839 -0.702110 0.056301  0.369453 0.186220 0
0  6.769868 52.247372 38.173420  0.709900 -0.698922 0.086893  0.354800 0.191418 0
0  7.188591 52.666527 38.123871  0.709929 -0.698905 0.086795  0.354478 0.187191 0
door_01
0  7.188591 52.666527 38.123871  0.709929 -0.698905 0.086795  0.354478 0.187191 0
0  6.769868 52.247372 38.173420  0.709900 -0.698922 0.086893  0.354800 0.191418 0
0  6.769812 51.947903 36.125477  0.709979 -0.696252 0.105652  0.339969 0.192799 0
door_01
0  7.188591 52.666527 38.123871  0.709929 -0.698905 0.086795  0.354478 0.187191 0
0  6.769812 51.947903 36.125477  0.709979 -0.696252 0.105652  0.339969 0.192799 0
0  7.188357 52.364681 36.059494  0.709973 -0.696257 0.105661  0.339534 0.188590 0
door_01
0  6.769812 51.947903 36.125477  0.709979 -0.696252 0.105652  0.339969 0.192799 0
0  7.188127 52.040401 34.000584  0.710459 -0.692231 0.126745  0.324610 0.190137 0
0  7.188357 52.364681 36.059494  0.709973 -0.696257 0.105661  0.339534 0.188590 0
door_01
0  6.769812 51.947903 36.125477  0.709979 -0.696252 0.105652  0.339969 0.192799 0
0  6.769812 51.626156 34.082958  0.710456 -0.692274 0.126527  0.325158 0.194340 0
0  7.188127 52.040401 34.000584  0.710459 -0.692231 0.126745  0.324610 0.190137 0
door_01
0  7.192911 46.294506 70.282196  0.706316 -0.622806 -0.336498  0.590797 0.217874 0
0  6.769924 45.926296 70.075890  0.706274 -0.622971 -0.336279  0.589391 0.221897 0
0  6.769895 46.862938 68.231056  0.706267 -0.632830 -0.317355  0.575200 0.217345 0
door_01
0  7.192911 46.294506 70.282196  0.706316 -0.622806 -0.336498  0.590797 0.217874 0
0  6.769895 46.862938 68.231056  0.706267 -0.632830 -0.317355  0.575200 0.217345 0
0  7.192626 47.238682 68.422562  0.706265 -0.632814 -0.317390  0.576494 0.213297 0
door_01
0  6.769895 46.862938 68.231056  0.706267 -0.632830 -0.317355  0.575200 0.217345 0
0  7.192340 48.163815 66.553741  0.706633 -0.640832 -0.300006  0.562156 0.208861 0
0  7.192626 47.238682 68.422562  0.706265 -0.632814 -0.317390  0.576494 0.213297 0
door_01
0  6.769895 46.862938 68.231056  0.706267 -0.632830 -0.317355  0.575200 0.217345 0
0  6.769906 47.780708 66.377090  0.706629 -0.640811 -0.300062  0.560971 0.212949 0
0  7.192340 48.163815 66.553741  0.706633 -0.640832 -0.300006  0.562156 0.208861 0
door_01
0  7.192340 48.163815 66.553741  0.706633 -0.640832 -0.300006  0.562156 0.208861 0
0  6.769906 47.780708 66.377090  0.706629 -0.640811 -0.300062  0.560971 0.212949 0
0  6.769941 48.616669 64.485344  0.706960 -0.653236 -0.271091  0.546600 0.208948 0
door_01
0  7.192340 48.163815 66.553741  0.706633 -0.640832 -0.300006  0.562156 0.208861 0
0  6.769941 48.616669 64.485344  0.706960 -0.653236 -0.271091  0.546600 0.208948 0
0  7.192056 49.006523 64.646820  0.707011 -0.653185 -0.271083  0.547683 0.204836 0
door_01
0  7.192056 49.006523 64.646820  0.707011 -0.653185 -0.271083  0.547683 0.204836 0
0  6.769941 48.616669 64.485344  0.706960 -0.653236 -0.271091  0.546600 0.208948 0
0  6.769973 49.363400 62.563038  0.707198 -0.664774 -0.240721  0.532168 0.205334 0
door_01
0  7.192056 49.006523 64.646820  0.707011 -0.653185 -0.271083  0.547683 0.204836 0
0  6.769973 49.363400 62.563038  0.707198 -0.664774 -0.240721  0.532168 0.205334 0
0  7.191773 49.759258 62.709099  0.707245 -0.664692 -0.240808  0.533153 0.201194 0
door_01
0  7.191773 49.759258 62.709099  0.707245 -0.664692 -0.240808  0.533153 0.201194 0
0  6.769973 49.363400 62.563038  0.707198 -0.664774 -0.240721  0.532168 0.205334 0
0  6.769990 50.021358 60.606113  0.707349 -0.672041 -0.219131  0.517639 0.202144 0
door_01
0  7.191773 49.759258 62.709099  0.707245 -0.664692 -0.240808  0.533153 0.201194 0
0  6.769990 50.021358 60.606113  0.707349 -0.672041 -0.219131  0.517639 0.202144 0
0  7.191492 50.422501 60.736477  0.707349 -0.672037 -0.219143  0.518515 0.197988 0
door_01
0  6.769990 50.021358 60.606113  0.707349 -0.672041 -0.219131  0.517639 0.202144 0
0  7.191210 51.050243 58.748211  0.707744 -0.678488 -0.196857  0.503803 0.194995 0
0  7.191492 50.422501 60.736477  0.707349 -0.672037 -0.219143  0.518515 0.197988 0
door_01
0  6.769990 50.021358 60.606113  0.707349 -0.672041 -0.219131  0.517639 0.202144 0
0  6.769971 50.644070 58.633678  0.707743 -0.678463 -0.196947  0.503038 0.199177 0
0  7.191210 51.050243 58.748211  0.707744 -0.678488 -0.196857  0.503803 0.194995 0
door_01
0  7.191210 51.050243 58.748211  0.707744 -0.678488 -0.196857  0.503803 0.194995 0
0  6.769971 50.644070 58.633678  0.707743 -0.678463 -0.196947  0.503038 0.199177 0
0  6.769924 51.173855 56.634457  0.708036 -0.686528 -0.165420  0.488337 0.196654 0
door_01
0  7.191210 51.050243 58.748211  0.707744 -0.678488 -0.196857  0.503803 0.194995 0
0  6.769924 51.173855 56.634457  0.708036 -0.686528 -0.165420  0.488337 0.196654 0
0  7.190931 51.584343 56.732964  0.708079 -0.686484 -0.165418  0.488995 0.192460 0
door_01
0  7.190931 51.584343 56.732964  0.708079 -0.686484 -0.165418  0.488995 0.192460 0
0  6.769924 51.173855 56.634457  0.708036 -0.686528 -0.165420  0.488337 0.196654 0
0  6.769886 51.611294 54.618507  0.708235 -0.693448 -0.132412  0.473610 0.194541 0
door_01
0  7.190931 51.584343 56.732964  0.708079 -0.686484 -0.165418  0.488995 0.192460 0
0  6.769886 51.611294 54.618507  0.708235 -0.693448 -0.132412  0.473610 0.194541 0
0  7.190657 52.025341 54.700848  0.708278 -0.693379 -0.132543  0.474163 0.190325 0
door_01
0  7.190657 52.025341 54.700848  0.708278 -0.693379 -0.132543  0.474163 0.190325 0
0  6.769886 51.611294 54.618507  0.708235 -0.693448 -0.132412  0.473610 0.194541 0
0  6.769870 51.947872 52.580967  0.708322 -0.697786 -0.106653  0.458819 0.192910 0
door_01
0  7.190657 52.025341 54.700848  0.708278 -0.693379 -0.132543  0.474163 0.190325 0
0  6.769870 51.947872 52.580967  0.708322 -0.697786 -0.106653  0.458819 0.192910 0
0  7.190384 52.364647 52.646954  0.708322 -0.697777 -0.106712  0.459261 0.188687 0
door_01
0  6.770056 33.376587 84.801224  0.758125 -0.392378 -0.520852  0.715050 0.284145 0
0  7.195218 35.532234 83.796112  0.740283 -0.440307 -0.508045  0.703839 0.270882 0
0  7.195543 33.431751 85.418304  0.758139 -0.392377 -0.520831  0.719693 0.281518 0
door_01
0  6.770056 33.376587 84.801224  0.758125 -0.392378 -0.520852  0.715050 0.284145 0
0  6.770000 35.235207 83.440224  0.740001 -0.441004 -0.507853  0.701414 0.274683 0
0  7.195218 35.532234 83.796112  0.740283 -0.440307 -0.508045  0.703839 0.270882 0
door_01
0  7.195218 35.532234 83.796112  0.740283 -0.440307 -0.508045  0.703839 0.270882 0
0  6.770000 35.235207 83.440224  0.740001 -0.441004 -0.507853  0.701414 0.274683 0
0  6.769913 37.190510 81.543839  0.711842 -0.495325 -0.497929  0.684335 0.264875 0
door_01
0  7.195218 35.532234 83.796112  0.740283 -0.440307 -0.508045  0.703839 0.270882 0
0  6.769913 37.190510 81.543839  0.711842 -0.495325 -0.497929  0.684335 0.264875 0
0  7.194858 37.488857 81.842110  0.711836 -0.495326 -0.497939  0.686413 0.261159 0
door_01
0  6.769913 37.190510 81.543839  0.711842 -0.495325 -0.497929  0.684335 0.264875 0
0  7.194589 38.948460 80.360512  0.697315 -0.524081 -0.488969  0.673263 0.253938 0
0  7.194858 37.488857 81.842110  0.711836 -0.495326 -0.497939  0.686413 0.261159 0
door_01
0  6.769913 37.190510 81.543839  0.711842 -0.495325 -0.497929  0.684335 0.264875 0
0  6.769924 38.646542 80.083008  0.697471 -0.523919 -0.488920  0.671307 0.257665 0
0  7.194589 38.948460 80.360512  0.697315 -0.524081 -0.488969  0.673263 0.253938 0
door_01
0  7.194589 38.948460 80.360512  0.697315 -0.524081 -0.488969  0.673263 0.253938 0
0  6.769924 38.646542 80.083008  0.697471 -0.523919 -0.488920  0.671307 0.257665 0
0  6.769971 40.009338 78.531136  0.696299 -0.547762 -0.463815  0.658021 0.250884 0
door_01
0  7.194589 38.948460 80.360512  0.697315 -0.524081 -0.488969  0.673263 0.253938 0
0  6.769971 40.009338 78.531136  0.696299 -0.547762 -0.463815  0.658021 0.250884 0
0  7.194316 40.322708 78.796661  0.696279 -0.547785 -0.463818  0.659889 0.247113 0
door_01
0  7.194316 40.322708 78.796661  0.696279 -0.547785 -0.463818  0.659889 0.247113 0
0  6.769971 40.009338 78.531136  0.696299 -0.547762 -0.463815  0.658021 0.250884 0
0  6.770016 41.314327 76.927940  0.699191 -0.563651 -0.439806  0.644584 0.244429 0
door_01
0  7.194316 40.322708 78.796661  0.696279 -0.547785 -0.463818  0.659889 0.247113 0
0  6.770016 41.314327 76.927940  0.699191 -0.563651 -0.439806  0.644584 0.244429 0
0  7.194036 41.640945 77.184113  0.700077 -0.562727 -0.439581  0.646370 0.240594 0
door_01
0  7.194036 41.640945 77.184113  0.700077 -0.562727 -0.439581  0.646370 0.240594 0
0  6.770016 41.314327 76.927940  0.699191 -0.563651 -0.439806  0.644584 0.244429 0
0  6.770040 42.550735 75.268059  0.704099 -0.571404 -0.421594  0.630984 0.238341 0
door_01
0  7.194036 41.640945 77.184113  0.700077 -0.562727 -0.439581  0.646370 0.240594 0
0  6.770040 42.550735 75.268059  0.704099 -0.571404 -0.421594  0.630984 0.238341 0
0  7.193757 42.891811 75.516006  0.704119 -0.571400 -0.421568  0.632683 0.234440 0
door_01
0  6.770040 42.550735 75.268059  0.704099 -0.571404 -0.421594  0.630984 0.238341 0
0  7.193476 44.119118 73.831421  0.705783 -0.582894 -0.402622  0.618916 0.228455 0
0  7.193757 42.891811 75.516006  0.704119 -0.571400 -0.421568  0.632683 0.234440 0
door_01
0  6.770040 42.550735 75.268059  0.704099 -0.571404 -0.421594  0.630984 0.238341 0
0  6.770020 43.767513 73.596306  0.705893 -0.582685 -0.402733  0.617320 0.232413 0
0  7.193476 44.119118 73.831421  0.705783 -0.582894 -0.402622  0.618916 0.228455 0
door_01
0  7.193476 44.119118 73.831421  0.705783 -0.582894 -0.402622  0.618916 0.228455 0
0  6.770020 43.767513 73.596306  0.705893 -0.582685 -0.402733  0.617320 0.232413 0
0  6.769970 44.899513 71.867630  0.706302 -0.603528 -0.369988  0.603440 0.226916 0
door_01
0  7.193476 44.119118 73.831421  0.705783 -0.582894 -0.402622  0.618916 0.228455 0
0  6.769970 44.899513 71.867630  0.706302 -0.603528 -0.369988  0.603440 0.226916 0
0  7.193193 45.259457 72.088287  0.706269 -0.603561 -0.369997  0.604939 0.222927 0
door_01
0  7.193193 45.259457 72.088287  0.706269 -0.603561 -0.369997  0.604939 0.222927 0
0  6.769970 44.899513 71.867630  0.706302 -0.603528 -0.369988  0.603440 0.226916 0
0  6.769924 45.926296 70.075890  0.706274 -0.622971 -0.336279  0.589391 0.221897 0
door_01
0  7.193193 45.259457 72.088287  0.706269 -0.603561 -0.369997  0.604939 0.222927 0
0  6.769924 45.926296 70.075890  0.706274 -0.622971 -0.336279  0.589391 0.221897 0
0  7.192911 46.294506 70.282196  0.706316 -0.622806 -0.336498  0.590797 0.217874 0
door_01
0  7.193927 18.213781 64.646805  1.000000 0.000060 -0.000122  0.740469 0.977547 0
0  7.196048 33.744553 89.732735  1.000000 0.000061 -0.000121  0.755635 0.778078 0
0  7.194068 15.144711 64.283562  1.000000 0.000060 -0.000122  0.755829 0.991800 0
door_01
0  7.193927 18.213781 64.646805  1.000000 0.000060 -0.000122  0.740469 0.977547 0
0  7.195543 33.431751 85.418304  1.000000 0.000060 -0.000121  0.740109 0.802961 0
0  7.196048 33.744553 89.732735  1.000000 0.000061 -0.000121  0.755635 0.778078 0
door_01
0  7.188968 18.213814 24.059629  1.000000 0.000060 -0.000122  0.811299 0.796585 0
0  7.185131 32.899612 0.000860  1.000000 0.000061 -0.000123  0.827158 0.992674 0
0  7.185511 33.301510 3.290261  0.999999 -0.001247 -0.001109  0.811387 0.975756 0
door_01
0  7.188968 18.213814 24.059629  1.000000 0.000060 -0.000122  0.811299 0.796585 0
0  7.189196 15.144700 24.422873  1.000000 0.000060 -0.000122  0.827132 0.781937 0
0  7.185131 32.899612 0.000860  1.000000 0.000061 -0.000123  0.827158 0.992674 0
door_01
0  6.769952 18.782595 64.714127  0.656324 0.609476 -0.444721  0.736421 0.974909 0
0  7.195543 33.431751 85.418304  0.656300 0.609489 -0.444739  0.740109 0.802961 0
0  7.193927 18.213781 64.646805  0.656324 0.609474 -0.444726  0.740469 0.977547 0
door_01
0  6.769952 18.782595 64.714127  0.656324 0.609476 -0.444721  0.736421 0.974909 0
0  6.770056 33.376587 84.801224  0.656328 0.609465 -0.444732  0.736506 0.806565 0
0  7.195543 33.431751 85.418304  0.656300 0.609489 -0.444739  0.740109 0.802961 0
door_01
0  6.769857 18.782639 23.992317  0.708337 0.458400 -0.536776  0.356563 0.051327 0
0  7.189017 19.335583 25.017658  0.709370 0.493326 -0.503411  0.365474 0.051165 0
0  7.188968 18.213814 24.059629  0.708341 0.458394 -0.536775  0.356371 0.056477 0
door_01
0  6.769857 18.782639 23.992317  0.708337 0.458400 -0.536776  0.356563 0.051327 0
0  6.769894 19.633913 24.719378  0.709372 0.493953 -0.502794  0.363513 0.047345 0
0  7.189017 19.335583 25.017658  0.709370 0.493326 -0.503411  0.365474 0.051165 0
door_01
0  6.769894 19.633913 24.719378  0.709372 0.493953 -0.502794  0.363513 0.047345 0
0  7.189118 20.803442 26.582312  0.709511 0.535832 -0.457687  0.379189 0.044401 0
0  7.189017 19.335583 25.017658  0.709370 0.493326 -0.503411  0.365474 0.051165 0
door_01
0  6.769894 19.633913 24.719378  0.709372 0.493953 -0.502794  0.363513 0.047345 0
0  6.769893 21.124401 26.308182  0.709512 0.535836 -0.457682  0.377400 0.040482 0
0  7.189118 20.803442 26.582312  0.709511 0.535832 -0.457687  0.379189 0.044401 0
door_01
0  7.189118 20.803442 26.582312  0.709511 0.535832 -0.457687  0.379189 0.044401 0
0  6.769893 21.124401 26.308182  0.709512 0.535836 -0.457682  0.377400 0.040482 0
0  6.769883 22.463543 28.032513  0.709203 0.570262 -0.414526  0.391720 0.034499 0
door_01
0  7.189118 20.803442 26.582312  0.709511 0.535832 -0.457687  0.379189 0.044401 0
0  6.769883 22.463543 28.032513  0.709203 0.570262 -0.414526  0.391720 0.034499 0
0  7.189245 22.122250 28.280460  0.709198 0.570260 -0.414537  0.393322 0.038515 0
door_01
0  6.769883 22.463543 28.032513  0.709203 0.570262 -0.414526  0.391720 0.034499 0
0  7.189390 23.327829 30.055233  0.709355 0.600953 -0.368336  0.407595 0.033075 0
0  7.189245 22.122250 28.280460  0.709198 0.570260 -0.414537  0.393322 0.038515 0
door_01
0  6.769883 22.463543 28.032513  0.709203 0.570262 -0.414526  0.391720 0.034499 0
0  6.769924 23.687769 29.834652  0.709359 0.600952 -0.368330  0.406190 0.029003 0
0  7.189390 23.327829 30.055233  0.709355 0.600953 -0.368336  0.407595 0.033075 0
door_01
0  7.189390 23.327829 30.055233  0.709355 0.600953 -0.368336  0.407595 0.033075 0
0  6.769924 23.687769 29.834652  0.709359 0.600952 -0.368330  0.406190 0.029003 0
0  6.769955 24.740173 31.747513  0.709044 0.628525 -0.319707  0.421005 0.024408 0
door_01
0  7.189390 23.327829 30.055233  0.709355 0.600953 -0.368336  0.407595 0.033075 0
0  6.769955 24.740173 31.747513  0.709044 0.628525 -0.319707  0.421005 0.024408 0
0  7.189556 24.364214 31.939024  0.709057 0.628514 -0.319699  0.422218 0.028558 0
door_01
0  6.769955 24.740173 31.747513  0.709044 0.628525 -0.319707  0.421005 0.024408 0
0  7.189739 25.273958 33.881538  0.708973 0.651547 -0.269898  0.436945 0.024515 0
0  7.189556 24.364214 31.939024  0.709057 0.628514 -0.319699  0.422218 0.028558 0
door_01
0  6.769955 24.740173 31.747513  0.709044 0.628525 -0.319707  0.421005 0.024408 0
0  6.769918 25.663866 33.719986  0.708978 0.651547 -0.269883  0.435933 0.020326 0
0  7.189739 25.273958 33.881538  0.708973 0.651547 -0.269898  0.436945 0.024515 0
door_01
0  7.189739 25.273958 33.881538  0.708973 0.651547 -0.269898  0.436945 0.024515 0
0  6.769918 25.663866 33.719986  0.708978 0.651547 -0.269883  0.435933 0.020326 0
0  6.769857 26.407408 35.772919  0.708507 0.670114 -0.221279  0.451121 0.017133 0
door_01
0  7.189739 25.273958 33.881538  0.708973 0.651547 -0.269898  0.436945 0.024515 0
0  6.769857 26.407408 35.772919  0.708507 0.670114 -0.221279  0.451121 0.017133 0
0  7.189942 26.006304 35.903275  0.708504 0.670084 -0.221380  0.451933 0.021386 0
door_01
0  6.769857 26.407408 35.772919  0.708507 0.670114 -0.221279  0.451121 0.017133 0
0  7.190156 26.621382 37.962006  0.708675 0.686042 -0.164699  0.466969 0.018666 0
0  7.189942 26.006304 35.903275  0.708504 0.670084 -0.221380  0.451933 0.021386 0
door_01
0  6.769857 26.407408 35.772919  0.708507 0.670114 -0.221279  0.451121 0.017133 0
0  6.769830 27.031898 37.863415  0.708669 0.686050 -0.164692  0.466360 0.014403 0
0  7.190156 26.621382 37.962006  0.708675 0.686042 -0.164699  0.466969 0.018666 0
door_01
0  7.190156 26.621382 37.962006  0.708675 0.686042 -0.164699  0.466969 0.018666 0
0  6.769830 27.031898 37.863415  0.708669 0.686050 -0.164692  0.466360 0.014403 0
0  6.769826 27.424482 40.009594  0.708032 0.698405 -0.104503  0.481755 0.012745 0
door_01
0  7.190156 26.621382 37.962006  0.708675 0.686042 -0.164699  0.466969 0.018666 0
0  6.769826 27.424482 40.009594  0.708032 0.698405 -0.104503  0.481755 0.012745 0
0  7.190390 27.007999 40.075581  0.708027 0.698436 -0.104334  0.482164 0.017050 0
door_01
0  6.209091 43.748783 15.119423  0.003654 -0.827334 0.561698  0.182951 0.235835 0
0  6.769854 44.869518 16.852013  0.002900 -0.852434 0.522828  0.195305 0.226717 0
0  6.208400 44.867191 16.853090  0.003916 -0.852564 0.522608  0.196710 0.230463 0
door_01
0  6.209091 43.748783 15.119423  0.003654 -0.827334 0.561698  0.182951 0.235835 0
0  6.769827 43.751400 15.118640  0.003456 -0.827390 0.561617  0.181439 0.232127 0
0  6.769854 44.869518 16.852013  0.002900 -0.852434 0.522828  0.195305 0.226717 0
door_01
0  6.769807 42.550602 13.438376  0.000679 -0.808426 0.588598  0.167750 0.237957 0
0  6.769827 43.751400 15.118640  0.003456 -0.827390 0.561617  0.181439 0.232127 0
0  6.209091 43.748783 15.119423  0.003654 -0.827334 0.561698  0.182951 0.235835 0
door_01
0  6.769807 42.550602 13.438376  0.000679 -0.808426 0.588598  0.167750 0.237957 0
0  6.209091 43.748783 15.119423  0.003654 -0.827334 0.561698  0.182951 0.235835 0
0  6.209993 42.550568 13.438375  0.000045 -0.808614 0.588339  0.169341 0.241607 0
door_01
0  6.210319 41.322121 11.773876  -0.000735 -0.789806 0.613357  0.155813 0.247630 0
0  6.769807 42.550602 13.438376  0.000679 -0.808426 0.588598  0.167750 0.237957 0
0  6.209993 42.550568 13.438375  0.000045 -0.808614 0.588339  0.169341 0.241607 0
door_01
0  6.210319 41.322121 11.773876  -0.000735 -0.789806 0.613357  0.155813 0.247630 0
0  6.769802 41.316998 11.778458  -0.000790 -0.789851 0.613298  0.154138 0.244012 0
0  6.769807 42.550602 13.438376  0.000679 -0.808426 0.588598  0.167750 0.237957 0
door_01
0  6.210319 40.014297 10.171877  0.001648 -0.764669 0.644421  0.142438 0.254016 0
0  6.769802 41.316998 11.778458  -0.000790 -0.789851 0.613298  0.154138 0.244012 0
0  6.210319 41.322121 11.773876  -0.000735 -0.789806 0.613357  0.155813 0.247630 0
door_01
0  6.210319 40.014297 10.171877  0.001648 -0.764669 0.644421  0.142438 0.254016 0
0  6.769814 40.013981 10.172120  0.001483 -0.764596 0.644508  0.140669 0.250445 0
0  6.769802 41.316998 11.778458  -0.000790 -0.789851 0.613298  0.154138 0.244012 0
door_01
0  6.210205 38.651699 8.619640  0.003995 -0.729248 0.684237  0.129252 0.260741 0
0  6.769814 40.013981 10.172120  0.001483 -0.764596 0.644508  0.140669 0.250445 0
0  6.210319 40.014297 10.171877  0.001648 -0.764669 0.644421  0.142438 0.254016 0
door_01
0  6.210205 38.651699 8.619640  0.003995 -0.729248 0.684237  0.129252 0.260741 0
0  6.769830 38.655403 8.616683  0.004005 -0.729261 0.684224  0.127354 0.257220 0
0  6.769814 40.013981 10.172120  0.001483 -0.764596 0.644508  0.140669 0.250445 0
door_01
0  6.769855 37.190647 7.162602  0.001871 -0.682583 0.730805  0.114347 0.264567 0
0  6.769830 38.655403 8.616683  0.004005 -0.729261 0.684224  0.127354 0.257220 0
0  6.210205 38.651699 8.619640  0.003995 -0.729248 0.684237  0.129252 0.260741 0
door_01
0  6.769855 37.190647 7.162602  0.001871 -0.682583 0.730805  0.114347 0.264567 0
0  6.210205 38.651699 8.619640  0.003995 -0.729248 0.684237  0.129252 0.260741 0
0  6.210040 37.190613 7.162602  0.001958 -0.682745 0.730654  0.116388 0.267999 0
door_01
0  6.236577 35.311935 5.495510  -0.000068 -0.649406 0.760442  0.100961 0.277405 0
0  6.769855 37.190647 7.162602  0.001871 -0.682583 0.730805  0.114347 0.264567 0
0  6.210040 37.190613 7.162602  0.001958 -0.682745 0.730654  0.116388 0.267999 0
door_01
0  6.236577 35.311935 5.495510  -0.000068 -0.649406 0.760442  0.100961 0.277405 0
0  6.816490 35.308125 5.492947  0.000089 -0.649397 0.760449  0.098851 0.274029 0
0  6.769855 37.190647 7.162602  0.001871 -0.682583 0.730805  0.114347 0.264567 0
door_01
0  6.769934 33.376644 3.905212  -0.000073 -0.634892 0.772601  0.083744 0.283943 0
0  6.816490 35.308125 5.492947  0.000089 -0.649397 0.760449  0.098851 0.274029 0
0  6.236577 35.311935 5.495510  -0.000068 -0.649406 0.760442  0.100961 0.277405 0
door_01
0  6.769934 33.376644 3.905212  -0.000073 -0.634892 0.772601  0.083744 0.283943 0
0  6.236577 35.311935 5.495510  -0.000068 -0.649406 0.760442  0.100961 0.277405 0
0  6.209874 33.376606 3.905212  0.000042 -0.634873 0.772617  0.085875 0.287316 0
door_01
0  6.157969 51.092617 31.968517  0.109699 -0.965669 0.235479  0.310240 0.200841 0
0  6.769812 51.626156 34.082958  0.072446 -0.979289 0.189065  0.325158 0.194340 0
0  6.182734 51.573666 34.037441  0.076745 -0.978377 0.192063  0.325275 0.198552 0
door_01
0  6.157969 51.092617 31.968517  0.109699 -0.965669 0.235479  0.310240 0.200841 0
0  6.769848 51.204220 32.060165  0.109446 -0.966885 0.230552  0.310379 0.196362 0
0  6.769812 51.626156 34.082958  0.072446 -0.979289 0.189065  0.325158 0.194340 0
door_01
0  6.179348 50.600529 30.021946  0.074277 -0.957947 0.277165  0.296053 0.203143 0
0  6.769848 51.204220 32.060165  0.109446 -0.966885 0.230552  0.310379 0.196362 0
0  6.157969 51.092617 31.968517  0.109699 -0.965669 0.235479  0.310240 0.200841 0
door_01
0  6.179348 50.600529 30.021946  0.074277 -0.957947 0.277165  0.296053 0.203143 0
0  6.769886 50.663326 30.067127  0.078640 -0.958412 0.274338  0.295690 0.198911 0
0  6.769848 51.204220 32.060165  0.109446 -0.966885 0.230552  0.310379 0.196362 0
door_01
0  6.769926 50.021145 28.100323  0.011257 -0.951453 0.307587  0.281101 0.201945 0
0  6.769886 50.663326 30.067127  0.078640 -0.958412 0.274338  0.295690 0.198911 0
0  6.179348 50.600529 30.021946  0.074277 -0.957947 0.277165  0.296053 0.203143 0
door_01
0  6.769926 50.021145 28.100323  0.011257 -0.951453 0.307587  0.281101 0.201945 0
0  6.179348 50.600529 30.021946  0.074277 -0.957947 0.277165  0.296053 0.203143 0
0  6.210112 50.021355 28.100325  0.011143 -0.951437 0.307642  0.281935 0.205849 0
door_01
0  6.220225 49.378166 26.134266  -0.024824 -0.940551 0.338744  0.267448 0.208947 0
0  6.769926 50.021145 28.100323  0.011257 -0.951453 0.307587  0.281101 0.201945 0
0  6.210112 50.021355 28.100325  0.011143 -0.951437 0.307642  0.281935 0.205849 0
door_01
0  6.220225 49.378166 26.134266  -0.024824 -0.940551 0.338744  0.267448 0.208947 0
0  6.769939 49.359158 26.140425  -0.024816 -0.940523 0.338822  0.266549 0.205129 0
0  6.769926 50.021145 28.100323  0.011257 -0.951453 0.307587  0.281101 0.201945 0
door_01
0  6.219494 48.626751 24.207685  -0.026169 -0.923205 0.383415  0.253072 0.212510 0
0  6.769939 49.359158 26.140425  -0.024816 -0.940523 0.338822  0.266549 0.205129 0
0  6.220225 49.378166 26.134266  -0.024824 -0.940551 0.338744  0.267448 0.208947 0
door_01
0  6.219494 48.626751 24.207685  -0.026169 -0.923205 0.383415  0.253072 0.212510 0
0  6.769946 48.612625 24.211655  -0.025418 -0.923258 0.383338  0.252067 0.208717 0
0  6.769939 49.359158 26.140425  -0.024816 -0.940523 0.338822  0.266549 0.205129 0
door_01
0  6.215365 47.788601 22.321709  -0.013456 -0.904651 0.425940  0.238838 0.216457 0
0  6.769946 48.612625 24.211655  -0.025418 -0.923258 0.383338  0.252067 0.208717 0
0  6.219494 48.626751 24.207685  -0.026169 -0.923205 0.383415  0.253072 0.212510 0
door_01
0  6.215365 47.788601 22.321709  -0.013456 -0.904651 0.425940  0.238838 0.216457 0
0  6.769936 47.781319 22.324400  -0.013551 -0.904823 0.425571  0.237724 0.212669 0
0  6.769946 48.612625 24.211655  -0.025418 -0.923258 0.383338  0.252067 0.208717 0
door_01
0  6.769917 46.862919 20.475374  -0.004262 -0.891151 0.453686  0.223513 0.217045 0
0  6.769936 47.781319 22.324400  -0.013551 -0.904823 0.425571  0.237724 0.212669 0
0  6.215365 47.788601 22.321709  -0.013456 -0.904651 0.425940  0.238838 0.216457 0
door_01
0  6.769917 46.862919 20.475374  -0.004262 -0.891151 0.453686  0.223513 0.217045 0
0  6.215365 47.788601 22.321709  -0.013456 -0.904651 0.425940  0.238838 0.216457 0
0  6.210103 46.862885 20.475372  -0.004134 -0.891137 0.453716  0.224716 0.220840 0
door_01
0  6.208305 45.910011 18.638880  -0.000522 -0.875962 0.482379  0.210646 0.225447 0
0  6.769917 46.862919 20.475374  -0.004262 -0.891151 0.453686  0.223513 0.217045 0
0  6.210103 46.862885 20.475372  -0.004134 -0.891137 0.453716  0.224716 0.220840 0
door_01
0  6.208305 45.910011 18.638880  -0.000522 -0.875962 0.482379  0.210646 0.225447 0
0  6.769887 45.908894 18.640074  -0.000367 -0.876002 0.482308  0.209347 0.221661 0
0  6.769917 46.862919 20.475374  -0.004262 -0.891151 0.453686  0.223513 0.217045 0
door_01
0  6.208400 44.867191 16.853090  0.003916 -0.852564 0.522608  0.196710 0.230463 0
0  6.769887 45.908894 18.640074  -0.000367 -0.876002 0.482308  0.209347 0.221661 0
0  6.208305 45.910011 18.638880  -0.000522 -0.875962 0.482379  0.210646 0.225447 0
door_01
0  6.208400 44.867191 16.853090  0.003916 -0.852564 0.522608  0.196710 0.230463 0
0  6.769854 44.869518 16.852013  0.002900 -0.852434 0.522828  0.195305 0.226717 0
0  6.769887 45.908894 18.640074  -0.000367 -0.876002 0.482308  0.209347 0.221661 0
door_01
0  6.194154 52.225250 50.423195  0.044880 -0.993261 -0.106862  0.442893 0.195597 0
0  6.769870 51.947872 52.580967  0.035560 -0.987333 -0.154623  0.458819 0.192910 0
0  6.210056 51.947842 52.580971  0.035592 -0.987329 -0.154646  0.458420 0.196872 0
door_01
0  6.194154 52.225250 50.423195  0.044880 -0.993261 -0.106862  0.442893 0.195597 0
0  6.769905 52.234951 50.535965  0.040024 -0.992845 -0.112501  0.444005 0.191566 0
0  6.769870 51.947872 52.580967  0.035560 -0.987333 -0.154623  0.458819 0.192910 0
door_01
0  6.177541 52.397259 48.250179  0.063203 -0.995203 -0.074677  0.427312 0.194742 0
0  6.769905 52.234951 50.535965  0.040024 -0.992845 -0.112501  0.444005 0.191566 0
0  6.194154 52.225250 50.423195  0.044880 -0.993261 -0.106862  0.442893 0.195597 0
door_01
0  6.177541 52.397259 48.250179  0.063203 -0.995203 -0.074677  0.427312 0.194742 0
0  6.769969 52.431099 48.479515  0.062909 -0.994869 -0.079229  0.429153 0.190594 0
0  6.769905 52.234951 50.535965  0.040024 -0.992845 -0.112501  0.444005 0.191566 0
door_01
0  6.193706 52.540966 46.303398  0.038209 -0.998365 -0.042521  0.413360 0.194083 0
0  6.769969 52.431099 48.479515  0.062909 -0.994869 -0.079229  0.429153 0.190594 0
0  6.177541 52.397259 48.250179  0.063203 -0.995203 -0.074677  0.427312 0.194742 0
door_01
0  6.193706 52.540966 46.303398  0.038209 -0.998365 -0.042521  0.413360 0.194083 0
0  6.770021 52.558540 46.418835  0.043764 -0.997889 -0.047978  0.414291 0.189996 0
0  6.769969 52.431099 48.479515  0.062909 -0.994869 -0.079229  0.429153 0.190594 0
door_01
0  6.770045 52.595341 44.353218  0.025260 -0.999677 -0.002626  0.399411 0.189777 0
0  6.770021 52.558540 46.418835  0.043764 -0.997889 -0.047978  0.414291 0.189996 0
0  6.193706 52.540966 46.303398  0.038209 -0.998365 -0.042521  0.413360 0.194083 0
door_01
0  6.770045 52.595341 44.353218  0.025260 -0.999677 -0.002626  0.399411 0.189777 0
0  6.193706 52.540966 46.303398  0.038209 -0.998365 -0.042521  0.413360 0.194083 0
0  6.209987 52.595558 44.353218  0.025189 -0.999679 -0.002628  0.399398 0.193774 0
door_01
0  6.195772 52.542488 42.405727  0.063375 -0.997251 0.038391  0.385452 0.193956 0
0  6.770045 52.595341 44.353218  0.025260 -0.999677 -0.002626  0.399411 0.189777 0
0  6.209987 52.595558 44.353218  0.025189 -0.999679 -0.002628  0.399398 0.193774 0
door_01
0  6.195772 52.542488 42.405727  0.063375 -0.997251 0.038391  0.385452 0.193956 0
0  6.770009 52.577984 42.289902  0.071351 -0.996457 0.044528  0.384542 0.189871 0
0  6.770045 52.595341 44.353218  0.025260 -0.999677 -0.002626  0.399411 0.189777 0
door_01
0  6.181067 52.399139 40.459614  0.099858 -0.992142 0.075384  0.371498 0.194592 0
0  6.770009 52.577984 42.289902  0.071351 -0.996457 0.044528  0.384542 0.189871 0
0  6.195772 52.542488 42.405727  0.063375 -0.997251 0.038391  0.385452 0.193956 0
door_01
0  6.181067 52.399139 40.459614  0.099858 -0.992142 0.075384  0.371498 0.194592 0
0  6.769938 52.458244 40.229786  0.099740 -0.991697 0.081174  0.369669 0.190450 0
0  6.770009 52.577984 42.289902  0.071351 -0.996457 0.044528  0.384542 0.189871 0
door_01
0  6.197603 52.221539 38.287025  0.072242 -0.991279 0.110215  0.355910 0.195431 0
0  6.769938 52.458244 40.229786  0.099740 -0.991697 0.081174  0.369669 0.190450 0
0  6.181067 52.399139 40.459614  0.099858 -0.992142 0.075384  0.371498 0.194592 0
door_01
0  6.197603 52.221539 38.287025  0.072242 -0.991279 0.110215  0.355910 0.195431 0
0  6.769868 52.247372 38.173420  0.064450 -0.991204 0.115590  0.354800 0.191418 0
0  6.769938 52.458244 40.229786  0.099740 -0.991697 0.081174  0.369669 0.190450 0
door_01
0  6.769812 51.947903 36.125477  0.037343 -0.987924 0.150374  0.339969 0.192799 0
0  6.769868 52.247372 38.173420  0.064450 -0.991204 0.115590  0.354800 0.191418 0
0  6.197603 52.221539 38.287025  0.072242 -0.991279 0.110215  0.355910 0.195431 0
door_01
0  6.769812 51.947903 36.125477  0.037343 -0.987924 0.150374  0.339969 0.192799 0
0  6.197603 52.221539 38.287025  0.072242 -0.991279 0.110215  0.355910 0.195431 0
0  6.209997 51.947868 36.125477  0.037315 -0.987920 0.150402  0.340362 0.196761 0
door_01
0  6.182734 51.573666 34.037441  0.076745 -0.978377 0.192063  0.325275 0.198552 0
0  6.769812 51.947903 36.125477  0.037343 -0.987924 0.150374  0.339969 0.192799 0
0  6.209997 51.947868 36.125477  0.037315 -0.987920 0.150402  0.340362 0.196761 0
door_01
0  6.182734 51.573666 34.037441  0.076745 -0.978377 0.192063  0.325275 0.198552 0
0  6.769812 51.626156 34.082958  0.072446 -0.979289 0.189065  0.325158 0.194340 0
0  6.769812 51.947903 36.125477  0.037343 -0.987924 0.150374  0.339969 0.192799 0
door_01
0  6.769895 46.862938 68.231056  0.000318 -0.894001 -0.448064  0.575200 0.217345 0
0  6.769924 45.926296 70.075890  0.000304 -0.879915 -0.475130  0.589391 0.221897 0
0  6.210130 45.926094 70.075066  0.000859 -0.879935 -0.475093  0.588106 0.225682 0
door_01
0  6.769895 46.862938 68.231056  0.000318 -0.894001 -0.448064  0.575200 0.217345 0
0  6.210130 45.926094 70.075066  0.000859 -0.879935 -0.475093  0.588106 0.225682 0
0  6.210080 46.862900 68.231056  0.000064 -0.894013 -0.448040  0.574005 0.221142 0
door_01
0  6.209695 47.779808 66.376190  0.001508 -0.905613 -0.424102  0.559849 0.216784 0
0  6.769895 46.862938 68.231056  0.000318 -0.894001 -0.448064  0.575200 0.217345 0
0  6.210080 46.862900 68.231056  0.000064 -0.894013 -0.448040  0.574005 0.221142 0
door_01
0  6.209695 47.779808 66.376190  0.001508 -0.905613 -0.424102  0.559849 0.216784 0
0  6.769906 47.780708 66.377090  0.001004 -0.905659 -0.424005  0.560971 0.212949 0
0  6.769895 46.862938 68.231056  0.000318 -0.894001 -0.448064  0.575200 0.217345 0
door_01
0  6.210004 48.616638 64.485352  -0.003495 -0.923117 -0.384504  0.545583 0.212805 0
0  6.769906 47.780708 66.377090  0.001004 -0.905659 -0.424005  0.560971 0.212949 0
0  6.209695 47.779808 66.376190  0.001508 -0.905613 -0.424102  0.559849 0.216784 0
door_01
0  6.210004 48.616638 64.485352  -0.003495 -0.923117 -0.384504  0.545583 0.212805 0
0  6.769941 48.616669 64.485344  -0.003544 -0.923126 -0.384482  0.546600 0.208948 0
0  6.769906 47.780708 66.377090  0.001004 -0.905659 -0.424005  0.560971 0.212949 0
door_01
0  6.213740 49.372738 62.565197  -0.008487 -0.940231 -0.340430  0.531260 0.209193 0
0  6.769941 48.616669 64.485344  -0.003544 -0.923126 -0.384482  0.546600 0.208948 0
0  6.210004 48.616638 64.485352  -0.003495 -0.923117 -0.384504  0.545583 0.212805 0
door_01
0  6.213740 49.372738 62.565197  -0.008487 -0.940231 -0.340430  0.531260 0.209193 0
0  6.769973 49.363400 62.563038  -0.008463 -0.940206 -0.340502  0.532168 0.205334 0
0  6.769941 48.616669 64.485344  -0.003544 -0.923126 -0.384482  0.546600 0.208948 0
door_01
0  6.769990 50.021358 60.606113  0.020937 -0.953026 -0.302165  0.517639 0.202144 0
0  6.769973 49.363400 62.563038  -0.008463 -0.940206 -0.340502  0.532168 0.205334 0
0  6.213740 49.372738 62.565197  -0.008487 -0.940231 -0.340430  0.531260 0.209193 0
door_01
0  6.769990 50.021358 60.606113  0.020937 -0.953026 -0.302165  0.517639 0.202144 0
0  6.213740 49.372738 62.565197  -0.008487 -0.940231 -0.340430  0.531260 0.209193 0
0  6.209931 50.021324 60.606113  0.020744 -0.953005 -0.302245  0.516814 0.206054 0
door_01
0  6.186993 50.572014 58.675606  0.089891 -0.959295 -0.267717  0.502695 0.203359 0
0  6.769990 50.021358 60.606113  0.020937 -0.953026 -0.302165  0.517639 0.202144 0
0  6.209931 50.021324 60.606113  0.020744 -0.953005 -0.302245  0.516814 0.206054 0
door_01
0  6.186993 50.572014 58.675606  0.089891 -0.959295 -0.267717  0.502695 0.203359 0
0  6.769971 50.644070 58.633678  0.094665 -0.959565 -0.265092  0.503038 0.199177 0
0  6.769990 50.021358 60.606113  0.020937 -0.953026 -0.302165  0.517639 0.202144 0
door_01
0  6.170988 51.049328 56.724072  0.131563 -0.963148 -0.234600  0.488490 0.201058 0
0  6.769971 50.644070 58.633678  0.094665 -0.959565 -0.265092  0.503038 0.199177 0
0  6.186993 50.572014 58.675606  0.089891 -0.959295 -0.267717  0.502695 0.203359 0
door_01
0  6.170988 51.049328 56.724072  0.131563 -0.963148 -0.234600  0.488490 0.201058 0
0  6.769924 51.173855 56.634457  0.131333 -0.963897 -0.231634  0.488337 0.196654 0
0  6.769971 50.644070 58.633678  0.094665 -0.959565 -0.265092  0.503038 0.199177 0
door_01
0  6.189636 51.546257 54.661861  0.093554 -0.975215 -0.200509  0.473482 0.198713 0
0  6.769924 51.173855 56.634457  0.131333 -0.963897 -0.231634  0.488337 0.196654 0
0  6.170988 51.049328 56.724072  0.131563 -0.963148 -0.234600  0.488490 0.201058 0
door_01
0  6.189636 51.546257 54.661861  0.093554 -0.975215 -0.200509  0.473482 0.198713 0
0  6.769886 51.611294 54.618507  0.088397 -0.976259 -0.197747  0.473610 0.194541 0
0  6.769924 51.173855 56.634457  0.131333 -0.963897 -0.231634  0.488337 0.196654 0
door_01
0  6.769870 51.947872 52.580967  0.035560 -0.987333 -0.154623  0.458819 0.192910 0
0  6.769886 51.611294 54.618507  0.088397 -0.976259 -0.197747  0.473610 0.194541 0
0  6.189636 51.546257 54.661861  0.093554 -0.975215 -0.200509  0.473482 0.198713 0
door_01
0  6.769870 51.947872 52.580967  0.035560 -0.987333 -0.154623  0.458819 0.192910 0
0  6.189636 51.546257 54.661861  0.093554 -0.975215 -0.200509  0.473482 0.198713 0
0  6.210056 51.947842 52.580971  0.035592 -0.987329 -0.154646  0.458420 0.196872 0
door_01
0  6.210056 35.235233 83.440384  -0.000239 -0.649278 -0.760551  0.699288 0.278071 0
0  6.770056 33.376587 84.801224  -0.000220 -0.590798 -0.806819  0.715050 0.284145 0
0  6.209997 33.376797 84.801224  -0.000213 -0.590798 -0.806820  0.712807 0.287416 0
door_01
0  6.210056 35.235233 83.440384  -0.000239 -0.649278 -0.760551  0.699288 0.278071 0
0  6.770000 35.235207 83.440224  -0.000252 -0.649462 -0.760394  0.701414 0.274683 0
0  6.770056 33.376587 84.801224  -0.000220 -0.590798 -0.806819  0.715050 0.284145 0
door_01
0  6.210099 37.190720 81.543839  -0.001612 -0.701165 -0.712997  0.682366 0.268341 0
0  6.770000 35.235207 83.440224  -0.000252 -0.649462 -0.760394  0.701414 0.274683 0
0  6.210056 35.235233 83.440384  -0.000239 -0.649278 -0.760551  0.699288 0.278071 0
door_01
0  6.210099 37.190720 81.543839  -0.001612 -0.701165 -0.712997  0.682366 0.268341 0
0  6.769913 37.190510 81.543839  -0.001534 -0.701296 -0.712868  0.684335 0.264875 0
0  6.770000 35.235207 83.440224  -0.000252 -0.649462 -0.760394  0.701414 0.274683 0
door_01
0  6.210088 38.649727 80.085442  -0.003852 -0.730239 -0.683181  0.669432 0.261186 0
0  6.769913 37.190510 81.543839  -0.001534 -0.701296 -0.712868  0.684335 0.264875 0
0  6.210099 37.190720 81.543839  -0.001612 -0.701165 -0.712997  0.682366 0.268341 0
door_01
0  6.210088 38.649727 80.085442  -0.003852 -0.730239 -0.683181  0.669432 0.261186 0
0  6.769924 38.646542 80.083008  -0.003924 -0.730239 -0.683181  0.671307 0.257665 0
0  6.769913 37.190510 81.543839  -0.001534 -0.701296 -0.712868  0.684335 0.264875 0
door_01
0  6.210048 40.009426 78.531143  -0.000728 -0.764017 -0.645195  0.656250 0.254459 0
0  6.769924 38.646542 80.083008  -0.003924 -0.730239 -0.683181  0.671307 0.257665 0
0  6.210088 38.649727 80.085442  -0.003852 -0.730239 -0.683181  0.669432 0.261186 0
door_01
0  6.210048 40.009426 78.531143  -0.000728 -0.764017 -0.645195  0.656250 0.254459 0
0  6.769971 40.009338 78.531136  -0.000164 -0.763919 -0.645313  0.658021 0.250884 0
0  6.769924 38.646542 80.083008  -0.003924 -0.730239 -0.683181  0.671307 0.257665 0
door_01
0  6.210005 41.313267 76.926247  0.001074 -0.788953 -0.614452  0.642900 0.248054 0
0  6.769971 40.009338 78.531136  -0.000164 -0.763919 -0.645313  0.658021 0.250884 0
0  6.210048 40.009426 78.531143  -0.000728 -0.764017 -0.645195  0.656250 0.254459 0
door_01
0  6.210005 41.313267 76.926247  0.001074 -0.788953 -0.614452  0.642900 0.248054 0
0  6.770016 41.314327 76.927940  0.001975 -0.788936 -0.614472  0.644584 0.244429 0
0  6.769971 40.009338 78.531136  -0.000164 -0.763919 -0.645313  0.658021 0.250884 0
door_01
0  6.770040 42.550735 75.268059  0.000681 -0.805188 -0.593019  0.630984 0.238341 0
0  6.770016 41.314327 76.927940  0.001975 -0.788936 -0.614472  0.644584 0.244429 0
0  6.210005 41.313267 76.926247  0.001074 -0.788953 -0.614452  0.642900 0.248054 0
door_01
0  6.770040 42.550735 75.268059  0.000681 -0.805188 -0.593019  0.630984 0.238341 0
0  6.210005 41.313267 76.926247  0.001074 -0.788953 -0.614452  0.642900 0.248054 0
0  6.209982 42.550701 75.268059  0.000051 -0.804854 -0.593473  0.629380 0.241986 0
door_01
0  6.209987 43.768627 73.596336  -0.000472 -0.822763 -0.568384  0.615795 0.236101 0
0  6.770040 42.550735 75.268059  0.000681 -0.805188 -0.593019  0.630984 0.238341 0
0  6.209982 42.550701 75.268059  0.000051 -0.804854 -0.593473  0.629380 0.241986 0
door_01
0  6.209987 43.768627 73.596336  -0.000472 -0.822763 -0.568384  0.615795 0.236101 0
0  6.770020 43.767513 73.596306  -0.000547 -0.822770 -0.568374  0.617320 0.232413 0
0  6.770040 42.550735 75.268059  0.000681 -0.805188 -0.593019  0.630984 0.238341 0
door_01
0  6.210034 44.899452 71.867607  -0.000046 -0.852573 -0.522608  0.602036 0.230652 0
0  6.770020 43.767513 73.596306  -0.000547 -0.822770 -0.568374  0.617320 0.232413 0
0  6.209987 43.768627 73.596336  -0.000472 -0.822763 -0.568384  0.615795 0.236101 0
door_01
0  6.210034 44.899452 71.867607  -0.000046 -0.852573 -0.522608  0.602036 0.230652 0
0  6.769970 44.899513 71.867630  0.000184 -0.852540 -0.522662  0.603440 0.226916 0
0  6.770020 43.767513 73.596306  -0.000547 -0.822770 -0.568374  0.617320 0.232413 0
door_01
0  6.210130 45.926094 70.075066  0.000859 -0.879935 -0.475093  0.588106 0.225682 0
0  6.769970 44.899513 71.867630  0.000184 -0.852540 -0.522662  0.603440 0.226916 0
0  6.210034 44.899452 71.867607  -0.000046 -0.852573 -0.522608  0.602036 0.230652 0
door_01
0  6.210130 45.926094 70.075066  0.000859 -0.879935 -0.475093  0.588106 0.225682 0
0  6.769924 45.926296 70.075890  0.000304 -0.879915 -0.475130  0.589391 0.221897 0
0  6.769970 44.899513 71.867630  0.000184 -0.852540 -0.522662  0.603440 0.226916 0
door_01
0  6.769934 33.376644 3.905212  0.710569 0.569290 0.413522  0.807250 0.972594 0
0  7.188968 18.213814 24.059629  0.710439 0.569394 0.413602  0.811299 0.796585 0
0  7.185511 33.301510 3.290261  0.710749 0.569147 0.413410  0.811387 0.975756 0
door_01
0  6.769934 33.376644 3.905212  0.710569 0.569290 0.413522  0.807250 0.972594 0
0  6.769857 18.782639 23.992317  0.710541 0.569313 0.413540  0.807156 0.799301 0
0  7.188968 18.213814 24.059629  0.710439 0.569394 0.413602  0.811299 0.796585 0
door_01
0  6.827617 14.417623 24.508915  0.829680 -0.451461 -0.328351  0.831653 0.778467 0
0  7.185131 32.899612 0.000860  0.829706 -0.451428 -0.328329  0.827158 0.992674 0
0  7.189196 15.144700 24.422873  0.829679 -0.451462 -0.328352  0.827132 0.781937 0
door_01
0  6.827617 14.417623 24.508915  0.829680 -0.451461 -0.328351  0.831653 0.778467 0
0  6.823538 32.235035 0.000844  0.829707 -0.451428 -0.328328  0.831679 0.989946 0
0  7.185131 32.899612 0.000860  0.829706 -0.451428 -0.328329  0.827158 0.992674 0
door_01
0  6.834481 33.596481 90.195229  0.788858 -0.495395 0.363712  0.759251 0.776136 0
0  7.194068 15.144711 64.283562  0.788840 -0.495411 0.363731  0.755829 0.991800 0
0  7.196048 33.744553 89.732735  0.788852 -0.495397 0.363724  0.755635 0.778078 0
door_01
0  6.834481 33.596481 90.195229  0.788858 -0.495395 0.363712  0.759251 0.776136 0
0  6.832469 14.417643 64.197502  0.788851 -0.495397 0.363726  0.760216 0.995177 0
0  7.194068 15.144711 64.283562  0.788840 -0.495411 0.363731  0.755829 0.991800 0
door_01
0  6.832469 14.417643 64.197502  0.184762 -0.792988 0.580545  0.760216 0.995177 0
0  6.209941 33.357788 90.266129  0.185158 -0.792435 0.581174  0.763776 0.776690 0
0  6.210095 14.417604 64.197510  0.184720 -0.792992 0.580554  0.764436 0.995165 0
door_01
0  6.832469 14.417643 64.197502  0.184762 -0.792988 0.580545  0.760216 0.995177 0
0  6.834481 33.596481 90.195229  0.184939 -0.792910 0.580596  0.759251 0.776136 0
0  6.209941 33.357788 90.266129  0.185158 -0.792435 0.581174  0.763776 0.776690 0
door_01
0  6.108516 33.417469 90.348274  0.300472 -0.556022 0.774956  0.764423 0.775963 0
0  6.209941 33.357788 90.266129  0.185158 -0.792435 0.581174  0.763776 0.776690 0
0  6.834481 33.596481 90.195229  0.184939 -0.792910 0.580596  0.759251 0.776136 0
door_01
0  6.209974 20.912102 31.535938  0.004443 -0.854050 0.520173  0.415999 0.057450 0
0  6.828228 21.855322 33.217327  0.006354 -0.890390 0.455154  0.428159 0.048887 0
0  6.210007 21.855286 33.217342  0.006438 -0.890391 0.455151  0.429409 0.053176 0
door_01
0  6.209974 20.912102 31.535938  0.004443 -0.854050 0.520173  0.415999 0.057450 0
0  6.828079 20.925705 31.527493  0.004369 -0.854057 0.520161  0.414532 0.053196 0
0  6.828228 21.855322 33.217327  0.006354 -0.890390 0.455154  0.428159 0.048887 0
door_01
0  6.827950 19.844292 29.935486  -0.017199 -0.810313 0.585745  0.401170 0.058187 0
0  6.828079 20.925705 31.527493  0.004369 -0.854057 0.520161  0.414532 0.053196 0
0  6.209974 20.912102 31.535938  0.004443 -0.854050 0.520173  0.415999 0.057450 0
door_01
0  6.827950 19.844292 29.935486  -0.017199 -0.810313 0.585745  0.401170 0.058187 0
0  6.209974 20.912102 31.535938  0.004443 -0.854050 0.520173  0.415999 0.057450 0
0  6.209853 19.888456 29.963779  -0.015680 -0.812713 0.582453  0.403162 0.062220 0
door_01
0  6.209922 18.705782 28.440586  -0.019959 -0.760489 0.649044  0.390213 0.067706 0
0  6.827950 19.844292 29.935486  -0.017199 -0.810313 0.585745  0.401170 0.058187 0
0  6.209853 19.888456 29.963779  -0.015680 -0.812713 0.582453  0.403162 0.062220 0
door_01
0  6.209922 18.705782 28.440586  -0.019959 -0.760489 0.649044  0.390213 0.067706 0
0  6.827835 18.661232 28.412205  -0.018985 -0.757498 0.652562  0.388020 0.063779 0
0  6.827950 19.844292 29.935486  -0.017199 -0.810313 0.585745  0.401170 0.058187 0
door_01
0  6.827744 17.344469 27.008663  -0.003559 -0.676380 0.736544  0.375195 0.070018 0
0  6.827835 18.661232 28.412205  -0.018985 -0.757498 0.652562  0.388020 0.063779 0
0  6.209922 18.705782 28.440586  -0.019959 -0.760489 0.649044  0.390213 0.067706 0
door_01
0  6.827744 17.344469 27.008663  -0.003559 -0.676380 0.736544  0.375195 0.070018 0
0  6.209922 18.705782 28.440586  -0.019959 -0.760489 0.649044  0.390213 0.067706 0
0  6.210011 17.344433 27.008673  -0.003546 -0.676375 0.736549  0.377306 0.073972 0
door_01
0  6.827617 14.417623 24.508915  -0.000174 -0.649473 0.760385  0.350881 0.084034 0
0  6.827744 17.344469 27.008663  -0.003559 -0.676380 0.736544  0.375195 0.070018 0
0  6.210011 17.344433 27.008673  -0.003546 -0.676375 0.736549  0.377306 0.073972 0
door_01
0  6.827617 14.417623 24.508915  -0.000174 -0.649473 0.760385  0.350881 0.084034 0
0  6.210011 17.344433 27.008673  -0.003546 -0.676375 0.736549  0.377306 0.073972 0
0  6.209881 14.417830 24.508928  -0.000199 -0.649476 0.760382  0.353099 0.087907 0
door_01
0  6.829916 24.226969 48.190369  0.000057 -0.987715 -0.156266  0.541210 0.038165 0
0  6.830168 23.865873 50.080791  0.000052 -0.972373 -0.233431  0.555380 0.039826 0
0  6.209992 23.865835 50.080814  0.000052 -0.972374 -0.233430  0.554741 0.044293 0
door_01
0  6.829916 24.226969 48.190369  0.000057 -0.987715 -0.156266  0.541210 0.038165 0
0  6.209992 23.865835 50.080814  0.000052 -0.972374 -0.233430  0.554741 0.044293 0
0  6.209984 24.226929 48.190388  0.000058 -0.987715 -0.156266  0.540786 0.042624 0
door_01
0  6.209980 24.467539 46.276741  0.000058 -0.996921 -0.078409  0.526733 0.041634 0
0  6.829916 24.226969 48.190369  0.000057 -0.987715 -0.156266  0.541210 0.038165 0
0  6.209984 24.226929 48.190388  0.000058 -0.987715 -0.156266  0.540786 0.042624 0
door_01
0  6.209980 24.467539 46.276741  0.000058 -0.996921 -0.078409  0.526733 0.041634 0
0  6.829668 24.467575 46.276733  0.000057 -0.996921 -0.078412  0.526949 0.037130 0
0  6.829916 24.226969 48.190369  0.000057 -0.987715 -0.156266  0.541210 0.038165 0
door_01
0  6.829427 24.528959 44.353207  0.000066 -0.999989 0.004739  0.512682 0.036817 0
0  6.829668 24.467575 46.276733  0.000057 -0.996921 -0.078412  0.526949 0.037130 0
0  6.209980 24.467539 46.276741  0.000058 -0.996921 -0.078409  0.526733 0.041634 0
door_01
0  6.829427 24.528959 44.353207  0.000066 -0.999989 0.004739  0.512682 0.036817 0
0  6.209980 24.467539 46.276741  0.000058 -0.996921 -0.078409  0.526733 0.041634 0
0  6.209985 24.528921 44.353218  0.000062 -0.999989 0.004742  0.512685 0.041292 0
door_01
0  6.209996 24.449249 42.429317  0.000100 -0.996917 0.078460  0.498639 0.041634 0
0  6.829427 24.528959 44.353207  0.000066 -0.999989 0.004739  0.512682 0.036817 0
0  6.209985 24.528921 44.353218  0.000062 -0.999989 0.004742  0.512685 0.041292 0
door_01
0  6.209996 24.449249 42.429317  0.000100 -0.996917 0.078460  0.498639 0.041634 0
0  6.829198 24.449316 42.429298  0.000110 -0.996917 0.078459  0.498427 0.037133 0
0  6.829427 24.528959 44.353207  0.000066 -0.999989 0.004739  0.512682 0.036817 0
door_01
0  6.828977 24.226944 40.516048  0.000043 -0.989024 0.147753  0.484204 0.038167 0
0  6.829198 24.449316 42.429298  0.000110 -0.996917 0.078459  0.498427 0.037133 0
0  6.209996 24.449249 42.429317  0.000100 -0.996917 0.078460  0.498639 0.041634 0
door_01
0  6.828977 24.226944 40.516048  0.000043 -0.989024 0.147753  0.484204 0.038167 0
0  6.209996 24.449249 42.429317  0.000100 -0.996917 0.078460  0.498639 0.041634 0
0  6.210023 24.226908 40.516060  0.000060 -0.989025 0.147746  0.484613 0.042618 0
door_01
0  6.210077 23.880163 38.620113  -0.000151 -0.972364 0.233470  0.470626 0.044222 0
0  6.828977 24.226944 40.516048  0.000043 -0.989024 0.147753  0.484204 0.038167 0
0  6.210023 24.226908 40.516060  0.000060 -0.989025 0.147746  0.484613 0.042618 0
door_01
0  6.210077 23.880163 38.620113  -0.000151 -0.972364 0.233470  0.470626 0.044222 0
0  6.828767 23.880062 38.620106  -0.000156 -0.972361 0.233483  0.469988 0.039762 0
0  6.828977 24.226944 40.516048  0.000043 -0.989024 0.147753  0.484204 0.038167 0
door_01
0  6.828575 23.328247 36.773365  -0.000283 -0.949567 0.313563  0.455901 0.042198 0
0  6.828767 23.880062 38.620106  -0.000156 -0.972361 0.233483  0.469988 0.039762 0
0  6.210077 23.880163 38.620113  -0.000151 -0.972364 0.233470  0.470626 0.044222 0
door_01
0  6.828575 23.328247 36.773365  -0.000283 -0.949567 0.313563  0.455901 0.042198 0
0  6.210077 23.880163 38.620113  -0.000151 -0.972364 0.233470  0.470626 0.044222 0
0  6.210108 23.328457 36.773380  -0.000315 -0.949568 0.313560  0.456752 0.046583 0
door_01
0  6.210065 22.671431 34.959820  -0.000144 -0.923857 0.382737  0.442988 0.049578 0
0  6.828575 23.328247 36.773365  -0.000283 -0.949567 0.313563  0.455901 0.042198 0
0  6.210108 23.328457 36.773380  -0.000315 -0.949568 0.313560  0.456752 0.046583 0
door_01
0  6.210065 22.671431 34.959820  -0.000144 -0.923857 0.382737  0.442988 0.049578 0
0  6.828393 22.671329 34.959816  -0.000149 -0.923861 0.382727  0.441933 0.045205 0
0  6.828575 23.328247 36.773365  -0.000283 -0.949567 0.313563  0.455901 0.042198 0
door_01
0  6.828228 21.855322 33.217327  0.006354 -0.890390 0.455154  0.428159 0.048887 0
0  6.828393 22.671329 34.959816  -0.000149 -0.923861 0.382727  0.441933 0.045205 0
0  6.210065 22.671431 34.959820  -0.000144 -0.923857 0.382737  0.442988 0.049578 0
door_01
0  6.828228 21.855322 33.217327  0.006354 -0.890390 0.455154  0.428159 0.048887 0
0  6.210065 22.671431 34.959820  -0.000144 -0.923857 0.382737  0.442988 0.049578 0
0  6.210007 21.855286 33.217342  0.006438 -0.890391 0.455151  0.429409 0.053176 0
door_01
0  6.210095 14.417604 64.197510  0.000035 -0.607566 -0.794269  0.672153 0.087914 0
0  6.832232 15.962697 63.015633  0.000028 -0.649819 -0.760089  0.662554 0.076557 0
0  6.832469 14.417643 64.197502  0.000038 -0.607566 -0.794269  0.674519 0.084081 0
door_01
0  6.210095 14.417604 64.197510  0.000035 -0.607566 -0.794269  0.672153 0.087914 0
0  6.210103 15.962658 63.015644  0.000026 -0.649819 -0.760089  0.660296 0.080460 0
0  6.832232 15.962697 63.015633  0.000028 -0.649819 -0.760089  0.662554 0.076557 0
door_01
0  6.832232 15.962697 63.015633  0.000028 -0.649819 -0.760089  0.662554 0.076557 0
0  6.210103 15.962658 63.015644  0.000026 -0.649819 -0.760089  0.660296 0.080460 0
0  6.210099 17.344513 61.697762  0.000031 -0.710485 -0.703713  0.648125 0.074000 0
door_01
0  6.832232 15.962697 63.015633  0.000028 -0.649819 -0.760089  0.662554 0.076557 0
0  6.210099 17.344513 61.697762  0.000031 -0.710485 -0.703713  0.648125 0.074000 0
0  6.831985 17.344551 61.697746  0.000030 -0.710484 -0.703713  0.650174 0.069985 0
door_01
0  6.210094 18.659035 60.292728  0.000024 -0.760375 -0.649484  0.635494 0.067925 0
0  6.831985 17.344551 61.697746  0.000030 -0.710484 -0.703713  0.650174 0.069985 0
0  6.210099 17.344513 61.697762  0.000031 -0.710485 -0.703713  0.648125 0.074000 0
door_01
0  6.210094 18.659035 60.292728  0.000024 -0.760375 -0.649484  0.635494 0.067925 0
0  6.831734 18.659075 60.292709  0.000023 -0.760375 -0.649484  0.637365 0.063808 0
0  6.831985 17.344551 61.697746  0.000030 -0.710484 -0.703713  0.650174 0.069985 0
door_01
0  6.831475 19.844238 58.770927  0.000030 -0.806203 -0.591639  0.624228 0.058218 0
0  6.831734 18.659075 60.292709  0.000023 -0.760375 -0.649484  0.637365 0.063808 0
0  6.210094 18.659035 60.292728  0.000024 -0.760375 -0.649484  0.635494 0.067925 0
door_01
0  6.831475 19.844238 58.770927  0.000030 -0.806203 -0.591639  0.624228 0.058218 0
0  6.210094 18.659035 60.292728  0.000024 -0.760375 -0.649484  0.635494 0.067925 0
0  6.210078 19.844202 58.770943  0.000030 -0.806203 -0.591639  0.622556 0.062383 0
door_01
0  6.210063 20.939650 57.185085  0.000034 -0.852631 -0.522513  0.609387 0.057434 0
0  6.831475 19.844238 58.770927  0.000030 -0.806203 -0.591639  0.624228 0.058218 0
0  6.210078 19.844202 58.770943  0.000030 -0.806203 -0.591639  0.622556 0.062383 0
door_01
0  6.210063 20.939650 57.185085  0.000034 -0.852631 -0.522513  0.609387 0.057434 0
0  6.831215 20.939688 57.185062  0.000035 -0.852632 -0.522512  0.610861 0.053157 0
0  6.831475 19.844238 58.770927  0.000030 -0.806203 -0.591639  0.624228 0.058218 0
door_01
0  6.830952 21.855425 55.489082  0.000036 -0.893161 -0.449738  0.597215 0.048905 0
0  6.831215 20.939688 57.185062  0.000035 -0.852632 -0.522512  0.610861 0.053157 0
0  6.210063 20.939650 57.185085  0.000034 -0.852631 -0.522513  0.609387 0.057434 0
door_01
0  6.830952 21.855425 55.489082  0.000036 -0.893161 -0.449738  0.597215 0.048905 0
0  6.210063 20.939650 57.185085  0.000034 -0.852631 -0.522513  0.609387 0.057434 0
0  6.210043 21.855389 55.489109  0.000036 -0.893161 -0.449738  0.595967 0.053212 0
door_01
0  6.210024 22.673199 53.742222  0.000044 -0.923908 -0.382614  0.582354 0.049602 0
0  6.830952 21.855425 55.489082  0.000036 -0.893161 -0.449738  0.597215 0.048905 0
0  6.210043 21.855389 55.489109  0.000036 -0.893161 -0.449738  0.595967 0.053212 0
door_01
0  6.210024 22.673199 53.742222  0.000044 -0.923908 -0.382614  0.582354 0.049602 0
0  6.830688 22.673235 53.742207  0.000043 -0.923907 -0.382616  0.583413 0.045212 0
0  6.830952 21.855425 55.489082  0.000036 -0.893161 -0.449738  0.597215 0.048905 0
door_01
0  6.830429 23.328302 51.933048  0.000051 -0.950817 -0.309753  0.569476 0.042207 0
0  6.830688 22.673235 53.742207  0.000043 -0.923907 -0.382616  0.583413 0.045212 0
0  6.210024 22.673199 53.742222  0.000044 -0.923908 -0.382614  0.582354 0.049602 0
door_01
0  6.830429 23.328302 51.933048  0.000051 -0.950817 -0.309753  0.569476 0.042207 0
0  6.210024 22.673199 53.742222  0.000044 -0.923908 -0.382614  0.582354 0.049602 0
0  6.210009 23.328262 51.933064  0.000052 -0.950817 -0.309752  0.568630 0.046609 0
door_01
0  6.209992 23.865835 50.080814  0.000052 -0.972374 -0.233430  0.554741 0.044293 0
0  6.830429 23.328302 51.933048  0.000051 -0.950817 -0.309753  0.569476 0.042207 0
0  6.210009 23.328262 51.933064  0.000052 -0.950817 -0.309752  0.568630 0.046609 0
door_01
0  6.209992 23.865835 50.080814  0.000052 -0.972374 -0.233430  0.554741 0.044293 0
0  6.830168 23.865873 50.080791  0.000052 -0.972373 -0.233431  0.555380 0.039826 0
0  6.830429 23.328302 51.933048  0.000051 -0.950817 -0.309753  0.569476 0.042207 0
door_01
0  7.191785 24.390518 50.206730  0.830686 -0.541336 -0.130062  0.556048 0.035161 0
0  6.830168 23.865873 50.080791  0.830684 -0.541337 -0.130066  0.555380 0.039826 0
0  6.829916 24.226969 48.190369  0.830499 -0.550161 -0.087147  0.541210 0.038165 0
door_01
0  7.191785 24.390518 50.206730  0.830686 -0.541336 -0.130062  0.556048 0.035161 0
0  6.829916 24.226969 48.190369  0.830499 -0.550161 -0.087147  0.541210 0.038165 0
0  7.191527 24.759455 48.274742  0.830489 -0.550174 -0.087156  0.541657 0.033479 0
door_01
0  6.829916 24.226969 48.190369  0.830499 -0.550161 -0.087147  0.541210 0.038165 0
0  7.191273 25.005457 46.319031  0.830689 -0.555014 -0.043765  0.527174 0.032422 0
0  7.191527 24.759455 48.274742  0.830489 -0.550174 -0.087156  0.541657 0.033479 0
door_01
0  6.829916 24.226969 48.190369  0.830499 -0.550161 -0.087147  0.541210 0.038165 0
0  6.829668 24.467575 46.276733  0.830689 -0.555014 -0.043757  0.526949 0.037130 0
0  7.191273 25.005457 46.319031  0.830689 -0.555014 -0.043765  0.527174 0.032422 0
door_01
0  7.191273 25.005457 46.319031  0.830689 -0.555014 -0.043765  0.527174 0.032422 0
0  6.829668 24.467575 46.276733  0.830689 -0.555014 -0.043757  0.526949 0.037130 0
0  6.829427 24.528959 44.353207  0.830579 -0.556895 0.002591  0.512682 0.036817 0
door_01
0  7.191273 25.005457 46.319031  0.830689 -0.555014 -0.043765  0.527174 0.032422 0
0  6.829427 24.528959 44.353207  0.830579 -0.556895 0.002591  0.512682 0.036817 0
0  7.191029 25.068289 44.353218  0.830589 -0.556881 0.002486  0.512693 0.032109 0
door_01
0  6.829427 24.528959 44.353207  0.830579 -0.556895 0.002591  0.512682 0.036817 0
0  7.190793 24.986786 42.387009  0.830502 -0.555305 0.043611  0.498205 0.032431 0
0  7.191029 25.068289 44.353218  0.830589 -0.556881 0.002486  0.512693 0.032109 0
door_01
0  6.829427 24.528959 44.353207  0.830579 -0.556895 0.002591  0.512682 0.036817 0
0  6.829198 24.449316 42.429298  0.830501 -0.555308 0.043608  0.498427 0.037133 0
0  7.190793 24.986786 42.387009  0.830502 -0.555305 0.043611  0.498205 0.032431 0
door_01
0  7.190793 24.986786 42.387009  0.830502 -0.555305 0.043611  0.498205 0.032431 0
0  6.829198 24.449316 42.429298  0.830501 -0.555308 0.043608  0.498427 0.037133 0
0  6.828977 24.226944 40.516048  0.830507 -0.550918 0.082143  0.484204 0.038167 0
door_01
0  7.190793 24.986786 42.387009  0.830502 -0.555305 0.043611  0.498205 0.032431 0
0  6.828977 24.226944 40.516048  0.830507 -0.550918 0.082143  0.484204 0.038167 0
0  7.190568 24.759445 40.431690  0.830500 -0.550904 0.082310  0.483746 0.033487 0
door_01
0  6.828977 24.226944 40.516048  0.830507 -0.550918 0.082143  0.484204 0.038167 0
0  7.190354 24.405025 38.494068  0.830867 -0.541112 0.129835  0.469319 0.035089 0
0  7.190568 24.759445 40.431690  0.830500 -0.550904 0.082310  0.483746 0.033487 0
door_01
0  6.828977 24.226944 40.516048  0.830507 -0.550918 0.082143  0.484204 0.038167 0
0  6.828767 23.880062 38.620106  0.830865 -0.541114 0.129845  0.469988 0.039762 0
0  7.190354 24.405025 38.494068  0.830867 -0.541112 0.129835  0.469319 0.035089 0
door_01
0  7.190354 24.405025 38.494068  0.830867 -0.541112 0.129835  0.469319 0.035089 0
0  6.828767 23.880062 38.620106  0.830865 -0.541114 0.129845  0.469988 0.039762 0
0  6.828575 23.328247 36.773365  0.830610 -0.528788 0.174559  0.455901 0.042198 0
door_01
0  7.190354 24.405025 38.494068  0.830867 -0.541112 0.129835  0.469319 0.035089 0
0  6.828575 23.328247 36.773365  0.830610 -0.528788 0.174559  0.455901 0.042198 0
0  7.190157 23.841221 36.606728  0.830617 -0.528805 0.174474  0.455021 0.037574 0
door_01
0  6.828575 23.328247 36.773365  0.830610 -0.528788 0.174559  0.455901 0.042198 0
0  7.189970 23.169844 34.753300  0.830735 -0.514313 0.212984  0.440829 0.040624 0
0  7.190157 23.841221 36.606728  0.830617 -0.528805 0.174474  0.455021 0.037574 0
door_01
0  6.828575 23.328247 36.773365  0.830610 -0.528788 0.174559  0.455901 0.042198 0
0  6.828393 22.671329 34.959816  0.830738 -0.514309 0.212982  0.441933 0.045205 0
0  7.189970 23.169844 34.753300  0.830735 -0.514313 0.212984  0.440829 0.040624 0
door_01
0  7.189970 23.169844 34.753300  0.830735 -0.514313 0.212984  0.440829 0.040624 0
0  6.828393 22.671329 34.959816  0.830738 -0.514309 0.212982  0.441933 0.045205 0
0  6.828228 21.855322 33.217327  0.830591 -0.496416 0.252369  0.428159 0.048887 0
door_01
0  7.189970 23.169844 34.753300  0.830735 -0.514313 0.212984  0.440829 0.040624 0
0  6.828228 21.855322 33.217327  0.830591 -0.496416 0.252369  0.428159 0.048887 0
0  7.189804 22.335829 32.972504  0.830587 -0.496414 0.252385  0.426839 0.044368 0
door_01
0  6.828228 21.855322 33.217327  0.830591 -0.496416 0.252369  0.428159 0.048887 0
0  7.189649 21.385784 31.245527  0.830747 -0.474645 0.290811  0.412996 0.048741 0
0  7.189804 22.335829 32.972504  0.830587 -0.496414 0.252385  0.426839 0.044368 0
door_01
0  6.828228 21.855322 33.217327  0.830591 -0.496416 0.252369  0.428159 0.048887 0
0  6.828079 20.925705 31.527493  0.830747 -0.474645 0.290812  0.414532 0.053196 0
0  7.189649 21.385784 31.245527  0.830747 -0.474645 0.290811  0.412996 0.048741 0
door_01
0  7.189649 21.385784 31.245527  0.830747 -0.474645 0.290811  0.412996 0.048741 0
0  6.828079 20.925705 31.527493  0.830747 -0.474645 0.290812  0.414532 0.053196 0
0  6.827950 19.844292 29.935486  0.830604 -0.450481 0.327359  0.401170 0.058187 0
door_01
0  7.189649 21.385784 31.245527  0.830747 -0.474645 0.290811  0.412996 0.048741 0
0  6.827950 19.844292 29.935486  0.830604 -0.450481 0.327359  0.401170 0.058187 0
0  7.189519 20.280613 29.618507  0.830604 -0.450484 0.327354  0.399426 0.053814 0
door_01
0  6.827950 19.844292 29.935486  0.830604 -0.450481 0.327359  0.401170 0.058187 0
0  7.189400 19.071569 28.061733  0.830762 -0.423270 0.361493  0.386067 0.059490 0
0  7.189519 20.280613 29.618507  0.830604 -0.450484 0.327354  0.399426 0.053814 0
door_01
0  6.827950 19.844292 29.935486  0.830604 -0.450481 0.327359  0.401170 0.058187 0
0  6.827835 18.661232 28.412205  0.830763 -0.423267 0.361495  0.388020 0.063779 0
0  7.189400 19.071569 28.061733  0.830762 -0.423270 0.361493  0.386067 0.059490 0
door_01
0  7.189400 19.071569 28.061733  0.830762 -0.423270 0.361493  0.386067 0.059490 0
0  6.827835 18.661232 28.412205  0.830763 -0.423267 0.361495  0.388020 0.063779 0
0  6.827744 17.344469 27.008663  0.830400 -0.377737 0.409575  0.375195 0.070018 0
door_01
0  7.189400 19.071569 28.061733  0.830762 -0.423270 0.361493  0.386067 0.059490 0
0  6.827744 17.344469 27.008663  0.830400 -0.377737 0.409575  0.375195 0.070018 0
0  7.189309 17.725863 26.627333  0.830413 -0.378233 0.409090  0.373050 0.065812 0
door_01
0  6.827744 17.344469 27.008663  0.830400 -0.377737 0.409575  0.375195 0.070018 0
0  7.189196 15.144700 24.422873  0.829804 -0.362447 0.424332  0.351676 0.078177 0
0  7.189309 17.725863 26.627333  0.830413 -0.378233 0.409090  0.373050 0.065812 0
door_01
0  6.827744 17.344469 27.008663  0.830400 -0.377737 0.409575  0.375195 0.070018 0
0  6.827617 14.417623 24.508915  0.829803 -0.362449 0.424333  0.350881 0.084034 0
0  7.189196 15.144700 24.422873  0.829804 -0.362447 0.424332  0.351676 0.078177 0
door_01
0  7.194068 15.144711 64.283562  1.000000 0.000060 -0.000122  0.673678 0.078255 0
0  7.193859 16.516905 63.249352  1.000000 0.000060 -0.000123  0.663269 0.071486 0
0  7.193927 18.213781 64.646805  1.000000 0.000060 -0.000122  0.669005 0.056609 0
door_01
0  7.193859 16.516905 63.249352  1.000000 0.000060 -0.000123  0.663269 0.071486 0
0  7.193742 19.335665 63.688786  1.000000 0.000060 -0.000123  0.659915 0.051229 0
0  7.193927 18.213781 64.646805  1.000000 0.000060 -0.000122  0.669005 0.056609 0
door_01
0  7.193859 16.516905 63.249352  1.000000 0.000060 -0.000123  0.663269 0.071486 0
0  7.193640 17.725899 62.079109  1.000000 0.000060 -0.000123  0.652337 0.065814 0
0  7.193742 19.335665 63.688786  1.000000 0.000060 -0.000123  0.659915 0.051229 0
door_01
0  7.193383 19.069321 60.643188  1.000000 0.000060 -0.000123  0.639317 0.059520 0
0  7.193742 19.335665 63.688786  1.000000 0.000060 -0.000123  0.659915 0.051229 0
0  7.193640 17.725899 62.079109  1.000000 0.000060 -0.000123  0.652337 0.065814 0
door_01
0  7.193383 19.069321 60.643188  1.000000 0.000060 -0.000123  0.639317 0.059520 0
0  7.193462 20.801092 62.122494  1.000000 0.000060 -0.000123  0.646198 0.044452 0
0  7.193742 19.335665 63.688786  1.000000 0.000060 -0.000123  0.659915 0.051229 0
door_01
0  7.193176 22.122240 60.425976  1.000000 0.000059 -0.000123  0.632064 0.038543 0
0  7.193462 20.801092 62.122494  1.000000 0.000060 -0.000123  0.646198 0.044452 0
0  7.193383 19.069321 60.643188  1.000000 0.000060 -0.000123  0.639317 0.059520 0
door_01
0  7.193176 22.122240 60.425976  1.000000 0.000059 -0.000123  0.632064 0.038543 0
0  7.193383 19.069321 60.643188  1.000000 0.000060 -0.000123  0.639317 0.059520 0
0  7.193120 20.280523 59.087929  1.000000 0.000059 -0.000123  0.625967 0.053846 0
door_01
0  7.192853 21.400021 57.467197  1.000000 0.000059 -0.000123  0.612401 0.048695 0
0  7.193176 22.122240 60.425976  1.000000 0.000059 -0.000123  0.632064 0.038543 0
0  7.193120 20.280523 59.087929  1.000000 0.000059 -0.000123  0.625967 0.053846 0
door_01
0  7.192853 21.400021 57.467197  1.000000 0.000059 -0.000123  0.612401 0.048695 0
0  7.192884 23.343340 58.658073  1.000000 0.000059 -0.000123  0.617807 0.033021 0
0  7.193176 22.122240 60.425976  1.000000 0.000059 -0.000123  0.632064 0.038543 0
door_01
0  7.192591 24.364162 56.767406  1.000000 0.000060 -0.000123  0.603177 0.028585 0
0  7.192884 23.343340 58.658073  1.000000 0.000059 -0.000123  0.617807 0.033021 0
0  7.192853 21.400021 57.467197  1.000000 0.000059 -0.000123  0.612401 0.048695 0
door_01
0  7.192591 24.364162 56.767406  1.000000 0.000060 -0.000123  0.603177 0.028585 0
0  7.192853 21.400021 57.467197  1.000000 0.000059 -0.000123  0.612401 0.048695 0
0  7.192585 22.335905 55.733940  1.000000 0.000059 -0.000123  0.598541 0.044391 0
door_01
0  7.192316 23.171768 53.948647  1.000000 0.000060 -0.000123  0.584520 0.040632 0
0  7.192591 24.364162 56.767406  1.000000 0.000060 -0.000123  0.603177 0.028585 0
0  7.192585 22.335905 55.733940  1.000000 0.000059 -0.000123  0.598541 0.044391 0
door_01
0  7.192316 23.171768 53.948647  1.000000 0.000060 -0.000123  0.584520 0.040632 0
0  7.192297 25.275930 54.820000  1.000000 0.000060 -0.000123  0.588413 0.024529 0
0  7.192591 24.364162 56.767406  1.000000 0.000060 -0.000123  0.603177 0.028585 0
door_01
0  7.192006 26.006250 52.803169  1.000000 0.000060 -0.000122  0.573465 0.021405 0
0  7.192297 25.275930 54.820000  1.000000 0.000060 -0.000123  0.588413 0.024529 0
0  7.192316 23.171768 53.948647  1.000000 0.000060 -0.000123  0.584520 0.040632 0
door_01
0  7.192006 26.006250 52.803169  1.000000 0.000060 -0.000122  0.573465 0.021405 0
0  7.192316 23.171768 53.948647  1.000000 0.000060 -0.000123  0.584520 0.040632 0
0  7.192051 23.841253 52.099720  1.000000 0.000061 -0.000122  0.570362 0.037582 0
door_01
0  7.191785 24.390518 50.206730  1.000000 0.000060 -0.000122  0.556048 0.035161 0
0  7.192006 26.006250 52.803169  1.000000 0.000060 -0.000122  0.573465 0.021405 0
0  7.192051 23.841253 52.099720  1.000000 0.000061 -0.000122  0.570362 0.037582 0
door_01
0  7.191785 24.390518 50.206730  1.000000 0.000060 -0.000122  0.556048 0.035161 0
0  7.191718 26.605480 50.738289  1.000000 0.000060 -0.000122  0.558396 0.018758 0
0  7.192006 26.006250 52.803169  1.000000 0.000060 -0.000122  0.573465 0.021405 0
door_01
0  7.191436 27.007969 48.630856  1.000000 0.000060 -0.000122  0.543219 0.017078 0
0  7.191718 26.605480 50.738289  1.000000 0.000060 -0.000122  0.558396 0.018758 0
0  7.191785 24.390518 50.206730  1.000000 0.000060 -0.000122  0.556048 0.035161 0
door_01
0  7.191436 27.007969 48.630856  1.000000 0.000060 -0.000122  0.543219 0.017078 0
0  7.191785 24.390518 50.206730  1.000000 0.000060 -0.000122  0.556048 0.035161 0
0  7.191527 24.759455 48.274742  1.000000 0.000059 -0.000122  0.541657 0.033479 0
door_01
0  7.191273 25.005457 46.319031  1.000000 0.000060 -0.000122  0.527174 0.032422 0
0  7.191436 27.007969 48.630856  1.000000 0.000060 -0.000122  0.543219 0.017078 0
0  7.191527 24.759455 48.274742  1.000000 0.000059 -0.000122  0.541657 0.033479 0
door_01
0  7.191273 25.005457 46.319031  1.000000 0.000060 -0.000122  0.527174 0.032422 0
0  7.191159 27.276196 46.497551  1.000000 0.000060 -0.000122  0.527963 0.015859 0
0  7.191436 27.007969 48.630856  1.000000 0.000060 -0.000122  0.543219 0.017078 0
door_01
0  7.190892 27.344660 44.353226  1.000000 0.000060 -0.000123  0.512704 0.015593 0
0  7.191159 27.276196 46.497551  1.000000 0.000060 -0.000122  0.527963 0.015859 0
0  7.191273 25.005457 46.319031  1.000000 0.000060 -0.000122  0.527174 0.032422 0
door_01
0  7.190892 27.344660 44.353226  1.000000 0.000060 -0.000123  0.512704 0.015593 0
0  7.191273 25.005457 46.319031  1.000000 0.000060 -0.000122  0.527174 0.032422 0
0  7.191029 25.068289 44.353218  1.000000 0.000059 -0.000123  0.512693 0.032109 0
door_01
0  7.190793 24.986786 42.387009  1.000000 0.000060 -0.000122  0.498205 0.032431 0
0  7.190892 27.344660 44.353226  1.000000 0.000060 -0.000123  0.512704 0.015593 0
0  7.191029 25.068289 44.353218  1.000000 0.000059 -0.000123  0.512693 0.032109 0
door_01
0  7.190793 24.986786 42.387009  1.000000 0.000060 -0.000122  0.498205 0.032431 0
0  7.190634 27.255871 42.208466  1.000000 0.000060 -0.000122  0.497426 0.016016 0
0  7.190892 27.344660 44.353226  1.000000 0.000060 -0.000123  0.512704 0.015593 0
door_01
0  7.190390 27.007999 40.075581  1.000000 0.000060 -0.000122  0.482164 0.017050 0
0  7.190634 27.255871 42.208466  1.000000 0.000060 -0.000122  0.497426 0.016016 0
0  7.190793 24.986786 42.387009  1.000000 0.000060 -0.000122  0.498205 0.032431 0
door_01
0  7.190390 27.007999 40.075581  1.000000 0.000060 -0.000122  0.482164 0.017050 0
0  7.190793 24.986786 42.387009  1.000000 0.000060 -0.000122  0.498205 0.032431 0
0  7.190568 24.759445 40.431690  1.000000 0.000060 -0.000122  0.483746 0.033487 0
door_01
0  7.190354 24.405025 38.494068  1.000000 0.000060 -0.000122  0.469319 0.035089 0
0  7.190390 27.007999 40.075581  1.000000 0.000060 -0.000122  0.482164 0.017050 0
0  7.190568 24.759445 40.431690  1.000000 0.000060 -0.000122  0.483746 0.033487 0
door_01
0  7.190354 24.405025 38.494068  1.000000 0.000060 -0.000122  0.469319 0.035089 0
0  7.190156 26.621382 37.962006  1.000000 0.000060 -0.000122  0.466969 0.018666 0
0  7.190390 27.007999 40.075581  1.000000 0.000060 -0.000122  0.482164 0.017050 0
door_01
0  7.189942 26.006304 35.903275  1.000000 0.000060 -0.000122  0.451933 0.021386 0
0  7.190156 26.621382 37.962006  1.000000 0.000060 -0.000122  0.466969 0.018666 0
0  7.190354 24.405025 38.494068  1.000000 0.000060 -0.000122  0.469319 0.035089 0
door_01
0  7.189942 26.006304 35.903275  1.000000 0.000060 -0.000122  0.451933 0.021386 0
0  7.190354 24.405025 38.494068  1.000000 0.000060 -0.000122  0.469319 0.035089 0
0  7.190157 23.841221 36.606728  1.000000 0.000060 -0.000122  0.455021 0.037574 0
door_01
0  7.189970 23.169844 34.753300  1.000000 0.000060 -0.000122  0.440829 0.040624 0
0  7.189942 26.006304 35.903275  1.000000 0.000060 -0.000122  0.451933 0.021386 0
0  7.190157 23.841221 36.606728  1.000000 0.000060 -0.000122  0.455021 0.037574 0
door_01
0  7.189970 23.169844 34.753300  1.000000 0.000060 -0.000122  0.440829 0.040624 0
0  7.189739 25.273958 33.881538  1.000000 0.000059 -0.000122  0.436945 0.024515 0
0  7.189942 26.006304 35.903275  1.000000 0.000060 -0.000122  0.451933 0.021386 0
door_01
0  7.189556 24.364214 31.939024  1.000000 0.000060 -0.000122  0.422218 0.028558 0
0  7.189739 25.273958 33.881538  1.000000 0.000059 -0.000122  0.436945 0.024515 0
0  7.189970 23.169844 34.753300  1.000000 0.000060 -0.000122  0.440829 0.040624 0
door_01
0  7.189556 24.364214 31.939024  1.000000 0.000060 -0.000122  0.422218 0.028558 0
0  7.189970 23.169844 34.753300  1.000000 0.000060 -0.000122  0.440829 0.040624 0
0  7.189804 22.335829 32.972504  1.000000 0.000060 -0.000122  0.426839 0.044368 0
door_01
0  7.189649 21.385784 31.245527  1.000000 0.000060 -0.000122  0.412996 0.048741 0
0  7.189556 24.364214 31.939024  1.000000 0.000060 -0.000122  0.422218 0.028558 0
0  7.189804 22.335829 32.972504  1.000000 0.000060 -0.000122  0.426839 0.044368 0
door_01
0  7.189649 21.385784 31.245527  1.000000 0.000060 -0.000122  0.412996 0.048741 0
0  7.189390 23.327829 30.055233  1.000000 0.000059 -0.000121  0.407595 0.033075 0
0  7.189556 24.364214 31.939024  1.000000 0.000060 -0.000122  0.422218 0.028558 0
door_01
0  7.189245 22.122250 28.280460  1.000000 0.000060 -0.000122  0.393322 0.038515 0
0  7.189390 23.327829 30.055233  1.000000 0.000059 -0.000121  0.407595 0.033075 0
0  7.189649 21.385784 31.245527  1.000000 0.000060 -0.000122  0.412996 0.048741 0
door_01
0  7.189245 22.122250 28.280460  1.000000 0.000060 -0.000122  0.393322 0.038515 0
0  7.189649 21.385784 31.245527  1.000000 0.000060 -0.000122  0.412996 0.048741 0
0  7.189519 20.280613 29.618507  1.000000 0.000060 -0.000122  0.399426 0.053814 0
door_01
0  7.189400 19.071569 28.061733  1.000000 0.000060 -0.000121  0.386067 0.059490 0
0  7.189245 22.122250 28.280460  1.000000 0.000060 -0.000122  0.393322 0.038515 0
0  7.189519 20.280613 29.618507  1.000000 0.000060 -0.000122  0.399426 0.053814 0
door_01
0  7.189400 19.071569 28.061733  1.000000 0.000060 -0.000121  0.386067 0.059490 0
0  7.189118 20.803442 26.582312  1.000000 0.000060 -0.000121  0.379189 0.044401 0
0  7.189245 22.122250 28.280460  1.000000 0.000060 -0.000122  0.393322 0.038515 0
door_01
0  7.189017 19.335583 25.017658  1.000000 0.000060 -0.000121  0.365474 0.051165 0
0  7.189118 20.803442 26.582312  1.000000 0.000060 -0.000121  0.379189 0.044401 0
0  7.189400 19.071569 28.061733  1.000000 0.000060 -0.000121  0.386067 0.059490 0
door_01
0  7.189017 19.335583 25.017658  1.000000 0.000060 -0.000121  0.365474 0.051165 0
0  7.189400 19.071569 28.061733  1.000000 0.000060 -0.000121  0.386067 0.059490 0
0  7.189309 17.725863 26.627333  1.000000 0.000060 -0.000121  0.373050 0.065812 0
door_01
0  7.188968 18.213814 24.059629  1.000000 0.000060 -0.000122  0.356371 0.056477 0
0  7.189017 19.335583 25.017658  1.000000 0.000060 -0.000121  0.365474 0.051165 0
0  7.189309 17.725863 26.627333  1.000000 0.000060 -0.000121  0.373050 0.065812 0
door_01
0  7.188968 18.213814 24.059629  1.000000 0.000060 -0.000122  0.356371 0.056477 0
0  7.189309 17.725863 26.627333  1.000000 0.000060 -0.000121  0.373050 0.065812 0
0  7.189196 15.144700 24.422873  1.000000 0.000060 -0.000122  0.351676 0.078177 0
door_01
0  6.823538 32.235035 0.000844  0.000024 -0.808844 -0.588023  0.831679 0.989946 0
0  6.209881 14.417830 24.508928  -0.000277 -0.808841 -0.588028  0.835965 0.778467 0
0  6.209955 32.235001 0.000860  -0.000835 -0.808835 -0.588035  0.835962 0.989946 0
door_01
0  6.823538 32.235035 0.000844  0.000024 -0.808844 -0.588023  0.831679 0.989946 0
0  6.827617 14.417623 24.508915  -0.000281 -0.808841 -0.588028  0.831653 0.778467 0
0  6.209881 14.417830 24.508928  -0.000277 -0.808841 -0.588028  0.835965 0.778467 0
door_01
0  5.698789 0.688900 50.750237  0.039275 -0.999228 0.000756  0.447891 0.632806 0
0  5.229715 0.708420 101.003670  0.039030 -0.999234 0.002688  0.444228 0.985606 0
0  5.299072 0.654850 50.728073  0.039269 -0.999228 0.000751  0.445118 0.632528 0
door_01
0  5.698789 0.688900 50.750237  0.039275 -0.999228 0.000756  0.447891 0.632806 0
0  5.698826 0.708540 101.003601  0.039110 -0.999233 0.002154  0.447499 0.985600 0
0  5.229715 0.708420 101.003670  0.039030 -0.999234 0.002688  0.444228 0.985606 0
door_01
0  5.698838 0.759346 101.105797  -0.009643 -0.876465 0.481370  0.447675 0.986370 0
0  5.229715 0.708420 101.003670  0.039030 -0.999234 0.002688  0.444228 0.985606 0
0  5.698826 0.708540 101.003601  0.039110 -0.999233 0.002154  0.447499 0.985600 0
door_01
0  5.698838 0.759346 101.105797  -0.009643 -0.876465 0.481370  0.447675 0.986370 0
0  5.140155 0.770847 101.105865  -0.009666 -0.876448 0.481400  0.444319 0.986508 0
0  5.229715 0.708420 101.003670  0.039030 -0.999234 0.002688  0.444228 0.985606 0
door_01
0  6.210033 3.669548 50.341476  0.741033 -0.350804 -0.572544  0.470026 0.630187 0
0  5.698945 3.792000 49.572384  0.740617 -0.399687 -0.540127  0.469562 0.624046 0
0  6.209966 4.123057 50.028217  0.740668 -0.399538 -0.540167  0.473158 0.627967 0
door_01
0  6.210033 3.669548 50.341476  0.741033 -0.350804 -0.572544  0.470026 0.630187 0
0  5.698882 3.374823 49.860474  0.741039 -0.350864 -0.572499  0.466631 0.626145 0
0  5.698945 3.792000 49.572384  0.740617 -0.399687 -0.540127  0.469562 0.624046 0
door_01
0  5.698816 2.928686 50.101315  0.740607 -0.302164 -0.600165  0.463484 0.627980 0
0  5.698882 3.374823 49.860474  0.741039 -0.350864 -0.572499  0.466631 0.626145 0
0  6.210033 3.669548 50.341476  0.741033 -0.350804 -0.572544  0.470026 0.630187 0
door_01
0  5.698816 2.928686 50.101315  0.740607 -0.302164 -0.600165  0.463484 0.627980 0
0  6.210033 3.669548 50.341476  0.741033 -0.350804 -0.572544  0.470026 0.630187 0
0  6.210093 3.184547 50.603344  0.740567 -0.302265 -0.600164  0.466611 0.632016 0
door_01
0  6.210031 2.685019 50.837227  0.740793 -0.257083 -0.620591  0.463106 0.633638 0
0  5.698816 2.928686 50.101315  0.740607 -0.302164 -0.600165  0.463484 0.627980 0
0  6.210093 3.184547 50.603344  0.740567 -0.302265 -0.600164  0.466611 0.632016 0
door_01
0  6.210031 2.685019 50.837227  0.740793 -0.257083 -0.620591  0.463106 0.633638 0
0  5.698872 2.469323 50.316418  0.740791 -0.257003 -0.620627  0.460205 0.629633 0
0  5.698816 2.928686 50.101315  0.740607 -0.302164 -0.600165  0.463484 0.627980 0
door_01
0  5.698922 1.993604 50.488720  0.743661 -0.182721 -0.643103  0.456768 0.631021 0
0  5.698872 2.469323 50.316418  0.740791 -0.257003 -0.620627  0.460205 0.629633 0
0  6.210031 2.685019 50.837227  0.740793 -0.257083 -0.620591  0.463106 0.633638 0
door_01
0  5.698922 1.993604 50.488720  0.743661 -0.182721 -0.643103  0.456768 0.631021 0
0  6.210031 2.685019 50.837227  0.740793 -0.257083 -0.620591  0.463106 0.633638 0
0  6.209961 2.167675 51.024582  0.743644 -0.184034 -0.642748  0.459491 0.634921 0
door_01
0  6.209961 2.167675 51.024582  0.743644 -0.184034 -0.642748  0.459491 0.634921 0
0  5.698854 1.341252 50.619484  0.752182 -0.139471 -0.644027  0.452086 0.632249 0
0  5.698922 1.993604 50.488720  0.743661 -0.182721 -0.643103  0.456768 0.631021 0
door_01
0  6.209961 2.167675 51.024582  0.743644 -0.184034 -0.642748  0.459491 0.634921 0
0  6.210003 1.709172 51.134655  0.749885 -0.140182 -0.646545  0.456302 0.635656 0
0  5.698854 1.341252 50.619484  0.752182 -0.139471 -0.644027  0.452086 0.632249 0
door_01
0  5.698854 1.341252 50.619484  0.752182 -0.139471 -0.644027  0.452086 0.632249 0
0  6.210003 1.709172 51.134655  0.749885 -0.140182 -0.646545  0.456302 0.635656 0
0  6.210045 1.250669 51.244743  0.756800 -0.138485 -0.638808  0.453128 0.636373 0
door_01
0  5.698854 1.341252 50.619484  0.752182 -0.139471 -0.644027  0.452086 0.632249 0
0  6.210045 1.250669 51.244743  0.756800 -0.138485 -0.638808  0.453128 0.636373 0
0  5.698789 0.688900 50.750237  0.756808 -0.138449 -0.638806  0.447891 0.632806 0
door_01
0  5.698895 6.135458 46.346767  0.740593 -0.638910 -0.208128  0.485835 0.601226 0
0  5.698827 6.276845 45.859604  0.740793 -0.653149 -0.156918  0.486813 0.597808 0
0  6.210036 6.825041 45.991177  0.740786 -0.653167 -0.156874  0.492172 0.599039 0
door_01
0  5.698895 6.135458 46.346767  0.740593 -0.638910 -0.208128  0.485835 0.601226 0
0  6.210036 6.825041 45.991177  0.740786 -0.653167 -0.156874  0.492172 0.599039 0
0  6.210116 6.671368 46.520882  0.740618 -0.638883 -0.208117  0.491069 0.602844 0
door_01
0  6.210092 6.484051 47.038254  0.740741 -0.620710 -0.256948  0.489731 0.606558 0
0  5.698895 6.135458 46.346767  0.740593 -0.638910 -0.208128  0.485835 0.601226 0
0  6.210116 6.671368 46.520882  0.740618 -0.638883 -0.208117  0.491069 0.602844 0
door_01
0  6.210092 6.484051 47.038254  0.740741 -0.620710 -0.256948  0.489731 0.606558 0
0  5.698843 5.963234 46.822586  0.740726 -0.620743 -0.256910  0.484625 0.604556 0
0  5.698895 6.135458 46.346767  0.740593 -0.638910 -0.208128  0.485835 0.601226 0
door_01
0  5.698789 5.748194 47.282017  0.740593 -0.600188 -0.302155  0.483142 0.607782 0
0  5.698843 5.963234 46.822586  0.740726 -0.620743 -0.256910  0.484625 0.604556 0
0  6.210092 6.484051 47.038254  0.740741 -0.620710 -0.256948  0.489731 0.606558 0
door_01
0  5.698789 5.748194 47.282017  0.740593 -0.600188 -0.302155  0.483142 0.607782 0
0  6.210092 6.484051 47.038254  0.740741 -0.620710 -0.256948  0.489731 0.606558 0
0  6.210021 6.250164 47.537819  0.740555 -0.600208 -0.302205  0.488069 0.610143 0
door_01
0  6.209951 5.988233 48.022827  0.741054 -0.572467 -0.350886  0.486213 0.613621 0
0  5.698789 5.748194 47.282017  0.740593 -0.600188 -0.302155  0.483142 0.607782 0
0  6.210021 6.250164 47.537819  0.740555 -0.600208 -0.302205  0.488069 0.610143 0
door_01
0  6.209951 5.988233 48.022827  0.741054 -0.572467 -0.350886  0.486213 0.613621 0
0  5.698857 5.507276 47.728069  0.741067 -0.572388 -0.350986  0.481439 0.610902 0
0  5.698789 5.748194 47.282017  0.740593 -0.600188 -0.302155  0.483142 0.607782 0
door_01
0  5.698926 5.219089 48.145168  0.740660 -0.541621 -0.397580  0.479461 0.613859 0
0  5.698857 5.507276 47.728069  0.741067 -0.572388 -0.350986  0.481439 0.610902 0
0  6.209951 5.988233 48.022827  0.741054 -0.572467 -0.350886  0.486213 0.613621 0
door_01
0  5.698926 5.219089 48.145168  0.740660 -0.541621 -0.397580  0.479461 0.613859 0
0  6.209951 5.988233 48.022827  0.741054 -0.572467 -0.350886  0.486213 0.613621 0
0  6.209927 5.674911 48.476349  0.740723 -0.541595 -0.397496  0.484002 0.616873 0
door_01
0  6.210005 5.335956 48.911530  0.740759 -0.510785 -0.436320  0.481619 0.619991 0
0  5.698926 5.219089 48.145168  0.740660 -0.541621 -0.397580  0.479461 0.613859 0
0  6.209927 5.674911 48.476349  0.740723 -0.541595 -0.397496  0.484002 0.616873 0
door_01
0  6.210005 5.335956 48.911530  0.740759 -0.510785 -0.436320  0.481619 0.619991 0
0  5.698873 4.907449 48.545399  0.740757 -0.510907 -0.436181  0.477298 0.616683 0
0  5.698926 5.219089 48.145168  0.740660 -0.541621 -0.397580  0.479461 0.613859 0
door_01
0  5.698817 4.561816 48.914940  0.740544 -0.473294 -0.477061  0.474910 0.619320 0
0  5.698873 4.907449 48.545399  0.740757 -0.510907 -0.436181  0.477298 0.616683 0
0  6.210005 5.335956 48.911530  0.740759 -0.510785 -0.436320  0.481619 0.619991 0
door_01
0  5.698817 4.561816 48.914940  0.740544 -0.473294 -0.477061  0.474910 0.619320 0
0  6.210005 5.335956 48.911530  0.740759 -0.510785 -0.436320  0.481619 0.619991 0
0  6.210072 4.960015 49.313347  0.740476 -0.473386 -0.477075  0.478985 0.622867 0
door_01
0  6.210020 4.554978 49.686375  0.740527 -0.436461 -0.511001  0.476159 0.625532 0
0  5.698817 4.561816 48.914940  0.740544 -0.473294 -0.477061  0.474910 0.619320 0
0  6.210072 4.960015 49.313347  0.740476 -0.473386 -0.477075  0.478985 0.622867 0
door_01
0  6.210020 4.554978 49.686375  0.740527 -0.436461 -0.511001  0.476159 0.625532 0
0  5.698882 4.189281 49.258022  0.740519 -0.436371 -0.511089  0.472327 0.621776 0
0  5.698817 4.561816 48.914940  0.740544 -0.473294 -0.477061  0.474910 0.619320 0
door_01
0  5.698945 3.792000 49.572384  0.740617 -0.399687 -0.540127  0.469562 0.624046 0
0  5.698882 4.189281 49.258022  0.740519 -0.436371 -0.511089  0.472327 0.621776 0
0  6.210020 4.554978 49.686375  0.740527 -0.436461 -0.511001  0.476159 0.625532 0
door_01
0  5.698945 3.792000 49.572384  0.740617 -0.399687 -0.540127  0.469562 0.624046 0
0  6.210020 4.554978 49.686375  0.740527 -0.436461 -0.511001  0.476159 0.625532 0
0  6.209966 4.123057 50.028217  0.740668 -0.399538 -0.540167  0.473158 0.627967 0
door_01
0  6.206019 6.476410 41.686695  0.737671 -0.623886 0.258087  0.489916 0.568059 0
0  5.698804 5.748065 41.424419  0.739385 -0.601854 0.301797  0.483388 0.566665 0
0  6.209974 6.250063 41.168621  0.739525 -0.601580 0.302002  0.488355 0.564321 0
door_01
0  6.206019 6.476410 41.686695  0.737671 -0.623886 0.258087  0.489916 0.568059 0
0  5.698848 5.962696 41.882694  0.737822 -0.623454 0.258696  0.484826 0.569907 0
0  5.698804 5.748065 41.424419  0.739385 -0.601854 0.301797  0.483388 0.566665 0
door_01
0  5.698896 6.135457 42.359676  0.739418 -0.638294 0.214109  0.486004 0.573256 0
0  5.698848 5.962696 41.882694  0.737822 -0.623454 0.258696  0.484826 0.569907 0
0  6.206019 6.476410 41.686695  0.737671 -0.623886 0.258087  0.489916 0.568059 0
door_01
0  5.698896 6.135457 42.359676  0.739418 -0.638294 0.214109  0.486004 0.573256 0
0  6.206019 6.476410 41.686695  0.737671 -0.623886 0.258087  0.489916 0.568059 0
0  6.210073 6.671388 42.185574  0.739323 -0.638544 0.213688  0.491263 0.571657 0
door_01
0  6.210004 6.829208 42.713692  0.741100 -0.652821 0.156833  0.492348 0.575464 0
0  5.698896 6.135457 42.359676  0.739418 -0.638294 0.214109  0.486004 0.573256 0
0  6.210073 6.671388 42.185574  0.739323 -0.638544 0.213688  0.491263 0.571657 0
door_01
0  6.210004 6.829208 42.713692  0.741100 -0.652821 0.156833  0.492348 0.575464 0
0  5.698824 6.280524 42.845379  0.741108 -0.652820 0.156796  0.486957 0.576677 0
0  5.698896 6.135457 42.359676  0.739418 -0.638294 0.214109  0.486004 0.573256 0
door_01
0  5.698759 6.371726 43.344021  0.740695 -0.664477 0.099204  0.487590 0.580173 0
0  5.698824 6.280524 42.845379  0.741108 -0.652820 0.156796  0.486957 0.576677 0
0  6.210004 6.829208 42.713692  0.741100 -0.652821 0.156833  0.492348 0.575464 0
door_01
0  5.698759 6.371726 43.344021  0.740695 -0.664477 0.099204  0.487590 0.580173 0
0  6.210004 6.829208 42.713692  0.741100 -0.652821 0.156833  0.492348 0.575464 0
0  6.209943 6.928403 43.255886  0.740708 -0.664437 0.099373  0.493021 0.579369 0
door_01
0  6.210006 6.991999 43.803036  0.740634 -0.669843 0.052648  0.493444 0.583307 0
0  5.698759 6.371726 43.344021  0.740695 -0.664477 0.099204  0.487590 0.580173 0
0  6.209943 6.928403 43.255886  0.740708 -0.664437 0.099373  0.493021 0.579369 0
door_01
0  6.210006 6.991999 43.803036  0.740634 -0.669843 0.052648  0.493444 0.583307 0
0  5.698816 6.430242 43.847221  0.740641 -0.669831 0.052697  0.487969 0.583697 0
0  5.698759 6.371726 43.344021  0.740695 -0.664477 0.099204  0.487590 0.580173 0
door_01
0  5.698877 6.451254 44.353218  0.740642 -0.671892 0.003244  0.488085 0.587243 0
0  5.698816 6.430242 43.847221  0.740641 -0.669831 0.052697  0.487969 0.583697 0
0  6.210006 6.991999 43.803036  0.740634 -0.669843 0.052648  0.493444 0.583307 0
door_01
0  5.698877 6.451254 44.353218  0.740642 -0.671892 0.003244  0.488085 0.587243 0
0  6.210006 6.991999 43.803036  0.740634 -0.669843 0.052648  0.493444 0.583307 0
0  6.210073 7.014761 44.353222  0.740647 -0.671887 0.003067  0.493579 0.587264 0
door_01
0  6.210021 6.997135 44.903305  0.740790 -0.669671 -0.052637  0.493430 0.591221 0
0  5.698877 6.451254 44.353218  0.740642 -0.671892 0.003244  0.488085 0.587243 0
0  6.210073 7.014761 44.353222  0.740647 -0.671887 0.003067  0.493579 0.587264 0
door_01
0  6.210021 6.997135 44.903305  0.740790 -0.669671 -0.052637  0.493430 0.591221 0
0  5.698818 6.435124 44.859112  0.740785 -0.669682 -0.052574  0.487941 0.590793 0
0  5.698877 6.451254 44.353218  0.740642 -0.671892 0.003244  0.488085 0.587243 0
door_01
0  5.698762 6.371848 45.362419  0.740581 -0.663709 -0.105027  0.487500 0.594325 0
0  5.698818 6.435124 44.859112  0.740785 -0.669682 -0.052574  0.487941 0.590793 0
0  6.210021 6.997135 44.903305  0.740790 -0.669671 -0.052637  0.493430 0.591221 0
door_01
0  5.698762 6.371848 45.362419  0.740581 -0.663709 -0.105027  0.487500 0.594325 0
0  6.210021 6.997135 44.903305  0.740790 -0.669671 -0.052637  0.493430 0.591221 0
0  6.209969 6.928268 45.450562  0.740551 -0.663741 -0.105036  0.492921 0.595154 0
door_01
0  6.210036 6.825041 45.991177  0.740786 -0.653167 -0.156874  0.492172 0.599039 0
0  5.698762 6.371848 45.362419  0.740581 -0.663709 -0.105027  0.487500 0.594325 0
0  6.209969 6.928268 45.450562  0.740551 -0.663741 -0.105036  0.492921 0.595154 0
door_01
0  6.210036 6.825041 45.991177  0.740786 -0.653167 -0.156874  0.492172 0.599039 0
0  5.698827 6.276845 45.859604  0.740793 -0.653149 -0.156918  0.486813 0.597808 0
0  5.698762 6.371848 45.362419  0.740581 -0.663709 -0.105027  0.487500 0.594325 0
door_01
0  5.698934 0.688949 37.956203  0.751100 -0.120449 0.649108  0.448881 0.541675 0
0  6.210070 1.250533 37.461716  0.751283 -0.120704 0.648848  0.454111 0.537968 0
0  6.210055 1.629726 37.539345  0.746742 -0.155205 0.646752  0.456647 0.538427 0
door_01
0  5.698934 0.688949 37.956203  0.751100 -0.120449 0.649108  0.448881 0.541675 0
0  6.210055 1.629726 37.539345  0.746742 -0.155205 0.646752  0.456647 0.538427 0
0  5.698899 1.580769 38.115021  0.746020 -0.160069 0.646399  0.454453 0.542430 0
door_01
0  6.210035 2.426860 37.775105  0.740764 -0.228085 0.631859  0.462021 0.539970 0
0  5.698899 1.580769 38.115021  0.746020 -0.160069 0.646399  0.454453 0.542430 0
0  6.210055 1.629726 37.539345  0.746742 -0.155205 0.646752  0.456647 0.538427 0
door_01
0  6.210035 2.426860 37.775105  0.740764 -0.228085 0.631859  0.462021 0.539970 0
0  5.698882 2.271385 38.316494  0.740584 -0.230744 0.631104  0.459311 0.544103 0
0  5.698899 1.580769 38.115021  0.746020 -0.160069 0.646399  0.454453 0.542430 0
door_01
0  5.698877 2.928899 38.605122  0.740041 -0.317382 0.592965  0.463962 0.546364 0
0  5.698882 2.271385 38.316494  0.740584 -0.230744 0.631104  0.459311 0.544103 0
0  6.210035 2.426860 37.775105  0.740764 -0.228085 0.631859  0.462021 0.539970 0
door_01
0  5.698877 2.928899 38.605122  0.740041 -0.317382 0.592965  0.463962 0.546364 0
0  6.210035 2.426860 37.775105  0.740764 -0.228085 0.631859  0.462021 0.539970 0
0  6.210030 3.184576 38.103100  0.740044 -0.317081 0.593123  0.467182 0.542245 0
door_01
0  5.698889 3.791904 39.134048  0.740604 -0.394993 0.543586  0.469952 0.550316 0
0  5.698877 2.928899 38.605122  0.740041 -0.317382 0.592965  0.463962 0.546364 0
0  6.210030 3.184576 38.103100  0.740044 -0.317081 0.593123  0.467182 0.542245 0
door_01
0  5.698889 3.791904 39.134048  0.740604 -0.394993 0.543586  0.469952 0.550316 0
0  6.210030 3.184576 38.103100  0.740044 -0.317081 0.593123  0.467182 0.542245 0
0  6.210044 4.123018 38.678230  0.740619 -0.394968 0.543584  0.473626 0.546343 0
door_01
0  5.698923 4.561641 39.791500  0.740887 -0.453346 0.495545  0.475259 0.555044 0
0  5.698889 3.791904 39.134048  0.740604 -0.394993 0.543586  0.469952 0.550316 0
0  6.210044 4.123018 38.678230  0.740619 -0.394968 0.543584  0.473626 0.546343 0
door_01
0  5.698923 4.561641 39.791500  0.740887 -0.453346 0.495545  0.475259 0.555044 0
0  6.210044 4.123018 38.678230  0.740619 -0.394968 0.543584  0.473626 0.546343 0
0  6.210080 4.960133 39.393097  0.741033 -0.453748 0.494958  0.479412 0.551490 0
door_01
0  6.206975 5.330637 39.784241  0.744002 -0.505814 0.436592  0.481980 0.554318 0
0  5.698923 4.561641 39.791500  0.740887 -0.453346 0.495545  0.475259 0.555044 0
0  6.210080 4.960133 39.393097  0.741033 -0.453748 0.494958  0.479412 0.551490 0
door_01
0  6.206975 5.330637 39.784241  0.744002 -0.505814 0.436592  0.481980 0.554318 0
0  5.698969 4.907930 40.160652  0.743910 -0.505956 0.436585  0.477657 0.557701 0
0  5.698923 4.561641 39.791500  0.740887 -0.453346 0.495545  0.475259 0.555044 0
door_01
0  5.698977 5.219063 40.561275  0.744563 -0.540016 0.392440  0.479803 0.560541 0
0  5.698969 4.907930 40.160652  0.743910 -0.505956 0.436585  0.477657 0.557701 0
0  6.206975 5.330637 39.784241  0.744002 -0.505814 0.436592  0.481980 0.554318 0
door_01
0  5.698977 5.219063 40.561275  0.744563 -0.540016 0.392440  0.479803 0.560541 0
0  6.206975 5.330637 39.784241  0.744002 -0.505814 0.436592  0.481980 0.554318 0
0  6.203544 5.662932 40.210411  0.745021 -0.538935 0.393054  0.484284 0.557399 0
door_01
0  6.202644 5.964251 40.661896  0.743152 -0.571198 0.348509  0.486373 0.560662 0
0  5.698977 5.219063 40.561275  0.744563 -0.540016 0.392440  0.479803 0.560541 0
0  6.203544 5.662932 40.210411  0.745021 -0.538935 0.393054  0.484284 0.557399 0
door_01
0  6.202644 5.964251 40.661896  0.743152 -0.571198 0.348509  0.486373 0.560662 0
0  5.698889 5.503522 40.979984  0.742961 -0.572140 0.347368  0.481726 0.563522 0
0  5.698977 5.219063 40.561275  0.744563 -0.540016 0.392440  0.479803 0.560541 0
door_01
0  5.698804 5.748065 41.424419  0.739385 -0.601854 0.301797  0.483388 0.566665 0
0  5.698889 5.503522 40.979984  0.742961 -0.572140 0.347368  0.481726 0.563522 0
0  6.202644 5.964251 40.661896  0.743152 -0.571198 0.348509  0.486373 0.560662 0
door_01
0  5.698804 5.748065 41.424419  0.739385 -0.601854 0.301797  0.483388 0.566665 0
0  6.202644 5.964251 40.661896  0.743152 -0.571198 0.348509  0.486373 0.560662 0
0  6.209974 6.250063 41.168621  0.739525 -0.601580 0.302002  0.488355 0.564321 0
door_01
0  6.769857 18.782639 23.992317  -0.000046 0.809020 0.587781  0.807156 0.799301 0
0  6.209874 33.376606 3.905212  -0.000053 0.809019 0.587782  0.803341 0.972596 0
0  6.210043 18.782606 23.992319  -0.000046 0.809020 0.587781  0.803249 0.799303 0
door_01
0  6.769857 18.782639 23.992317  -0.000046 0.809020 0.587781  0.807156 0.799301 0
0  6.769934 33.376644 3.905212  -0.000053 0.809019 0.587782  0.807250 0.972594 0
0  6.209874 33.376606 3.905212  -0.000053 0.809019 0.587782  0.803341 0.972596 0
door_01
0  6.770055 19.633959 63.987064  -0.000045 0.703791 0.710407  0.661890 0.047396 0
0  6.209892 18.782560 64.714127  -0.000035 0.649412 0.760437  0.670831 0.047850 0
0  6.769952 18.782595 64.714127  -0.000030 0.649411 0.760438  0.668835 0.051410 0
door_01
0  6.770055 19.633959 63.987064  -0.000045 0.703791 0.710407  0.661890 0.047396 0
0  6.209997 19.633924 63.987061  -0.000034 0.703775 0.710423  0.663781 0.043798 0
0  6.209892 18.782560 64.714127  -0.000035 0.649412 0.760437  0.670831 0.047850 0
door_01
0  6.770055 19.633959 63.987064  -0.000045 0.703791 0.710407  0.661890 0.047396 0
0  6.209976 21.121933 62.396603  -0.000037 0.760385 0.649473  0.649682 0.036839 0
0  6.209997 19.633924 63.987061  -0.000034 0.703775 0.710423  0.663781 0.043798 0
door_01
0  6.770055 19.633959 63.987064  -0.000045 0.703791 0.710407  0.661890 0.047396 0
0  6.770058 21.121969 62.396595  -0.000035 0.760386 0.649471  0.647998 0.040516 0
0  6.209976 21.121933 62.396603  -0.000037 0.760385 0.649473  0.649682 0.036839 0
door_01
0  6.209976 21.121933 62.396603  -0.000037 0.760385 0.649473  0.649682 0.036839 0
0  6.770058 21.121969 62.396595  -0.000035 0.760386 0.649471  0.647998 0.040516 0
0  6.769966 22.463507 60.673923  -0.000052 0.806219 0.591617  0.633675 0.034506 0
door_01
0  6.209976 21.121933 62.396603  -0.000037 0.760385 0.649473  0.649682 0.036839 0
0  6.769966 22.463507 60.673923  -0.000052 0.806219 0.591617  0.633675 0.034506 0
0  6.209908 22.463472 60.673927  -0.000050 0.806219 0.591617  0.635198 0.030723 0
door_01
0  6.769966 22.463507 60.673923  -0.000052 0.806219 0.591617  0.633675 0.034506 0
0  6.209980 23.703447 58.878746  -0.000091 0.852635 0.522507  0.620533 0.025114 0
0  6.209908 22.463472 60.673927  -0.000050 0.806219 0.591617  0.635198 0.030723 0
door_01
0  6.769966 22.463507 60.673923  -0.000052 0.806219 0.591617  0.633675 0.034506 0
0  6.769895 23.703512 58.878746  -0.000100 0.852638 0.522502  0.619216 0.028935 0
0  6.209980 23.703447 58.878746  -0.000091 0.852635 0.522507  0.620533 0.025114 0
door_01
0  6.209980 23.703447 58.878746  -0.000091 0.852635 0.522507  0.620533 0.025114 0
0  6.769895 23.703512 58.878746  -0.000100 0.852638 0.522502  0.619216 0.028935 0
0  6.769861 24.740097 56.958923  -0.000029 0.893150 0.449759  0.604396 0.024416 0
door_01
0  6.209980 23.703447 58.878746  -0.000091 0.852635 0.522507  0.620533 0.025114 0
0  6.769861 24.740097 56.958923  -0.000029 0.893150 0.449759  0.604396 0.024416 0
0  6.210048 24.740067 56.958927  -0.000045 0.893146 0.449767  0.605530 0.020501 0
door_01
0  6.769861 24.740097 56.958923  -0.000029 0.893150 0.449759  0.604396 0.024416 0
0  6.209994 25.665955 54.981476  0.000202 0.923910 0.382610  0.590375 0.016397 0
0  6.210048 24.740067 56.958927  -0.000045 0.893146 0.449767  0.605530 0.020501 0
door_01
0  6.769861 24.740097 56.958923  -0.000029 0.893150 0.449759  0.604396 0.024416 0
0  6.769935 25.665833 54.981461  0.000211 0.923912 0.382605  0.589427 0.020328 0
0  6.209994 25.665955 54.981476  0.000202 0.923910 0.382610  0.590375 0.016397 0
door_01
0  6.209994 25.665955 54.981476  0.000202 0.923910 0.382610  0.590375 0.016397 0
0  6.769935 25.665833 54.981461  0.000211 0.923912 0.382605  0.589427 0.020328 0
0  6.770001 26.407335 52.933529  -0.019384 0.952003 0.305475  0.574280 0.017146 0
door_01
0  6.209994 25.665955 54.981476  0.000202 0.923910 0.382610  0.590375 0.016397 0
0  6.770001 26.407335 52.933529  -0.019384 0.952003 0.305475  0.574280 0.017146 0
0  6.209944 26.407549 52.933525  -0.019423 0.952011 0.305449  0.575050 0.013154 0
door_01
0  6.770001 26.407335 52.933529  -0.019384 0.952003 0.305475  0.574280 0.017146 0
0  6.237517 26.957026 50.885170  -0.041775 0.970934 0.235674  0.559990 0.010716 0
0  6.209944 26.407549 52.933525  -0.019423 0.952011 0.305449  0.575050 0.013154 0
door_01
0  6.770001 26.407335 52.933529  -0.019384 0.952003 0.305475  0.574280 0.017146 0
0  6.769974 27.015894 50.836784  -0.042160 0.972109 0.230711  0.559008 0.014484 0
0  6.237517 26.957026 50.885170  -0.041775 0.970934 0.235674  0.559990 0.010716 0
door_01
0  6.237517 26.957026 50.885170  -0.041775 0.970934 0.235674  0.559990 0.010716 0
0  6.769974 27.015894 50.836784  -0.042160 0.972109 0.230711  0.559008 0.014484 0
0  6.769910 27.424685 48.696846  -0.042348 0.986849 0.155997  0.543630 0.012761 0
door_01
0  6.237517 26.957026 50.885170  -0.041775 0.970934 0.235674  0.559990 0.010716 0
0  6.769910 27.424685 48.696846  -0.042348 0.986849 0.155997  0.543630 0.012761 0
0  6.210096 27.424652 48.696846  -0.042380 0.986841 0.156038  0.544016 0.008702 0
door_01
0  5.450750 0.925869 38.510506  -0.000133 0.156455 -0.987685  0.796195 0.026392 0
0  5.132465 1.828409 38.727303  -0.000131 0.309077 -0.951037  0.811493 0.024988 0
0  5.450723 1.828429 38.727264  -0.000134 0.309073 -0.951038  0.809950 0.029723 0
door_01
0  5.450750 0.925869 38.510506  -0.000133 0.156455 -0.987685  0.796195 0.026392 0
0  5.132493 0.925850 38.510544  -0.000142 0.156467 -0.987683  0.796997 0.021474 0
0  5.132465 1.828409 38.727303  -0.000131 0.309077 -0.951037  0.811493 0.024988 0
door_01
0  5.448816 0.007117 38.442009  -0.000117 0.078523 -0.996912  0.782069 0.025289 0
0  5.132493 0.925850 38.510544  -0.000142 0.156467 -0.987683  0.796997 0.021474 0
0  5.450750 0.925869 38.510506  -0.000133 0.156455 -0.987685  0.796195 0.026392 0
door_01
0  5.448816 0.007117 38.442009  -0.000117 0.078523 -0.996912  0.782069 0.025289 0
0  5.132543 0.003937 38.445023  -0.000121 0.078517 -0.996913  0.782080 0.020317 0
0  5.132493 0.925850 38.510544  -0.000142 0.156467 -0.987683  0.796997 0.021474 0
door_01
0  5.451161 5.915671 44.353558  -0.000061 1.000000 0.000058  0.872210 0.115652 0
0  5.133020 5.842765 45.278992  -0.000038 0.987678 0.156499  0.876011 0.130531 0
0  5.451279 5.842784 45.278957  -0.000039 0.987678 0.156497  0.871106 0.129754 0
door_01
0  5.451161 5.915671 44.353558  -0.000061 1.000000 0.000058  0.872210 0.115652 0
0  5.132905 5.915651 44.353600  -0.000062 1.000000 0.000063  0.877175 0.115652 0
0  5.133020 5.842765 45.278992  -0.000038 0.987678 0.156499  0.876011 0.130531 0
door_01
0  5.451054 5.842897 43.428158  -0.000081 0.987697 -0.156380  0.871106 0.101549 0
0  5.132905 5.915651 44.353600  -0.000062 1.000000 0.000063  0.877175 0.115652 0
0  5.451161 5.915671 44.353558  -0.000061 1.000000 0.000058  0.872210 0.115652 0
door_01
0  5.451054 5.842897 43.428158  -0.000081 0.987697 -0.156380  0.871106 0.101549 0
0  5.132794 5.842877 43.428200  -0.000081 0.987698 -0.156375  0.876011 0.100772 0
0  5.132905 5.915651 44.353600  -0.000062 1.000000 0.000063  0.877175 0.115652 0
door_01
0  5.450956 5.626247 42.525528  -0.000099 0.951075 -0.308961  0.867816 0.087785 0
0  5.132794 5.842877 43.428200  -0.000081 0.987698 -0.156375  0.876011 0.100772 0
0  5.451054 5.842897 43.428158  -0.000081 0.987697 -0.156380  0.871106 0.101549 0
door_01
0  5.450956 5.626247 42.525528  -0.000099 0.951075 -0.308961  0.867816 0.087785 0
0  5.132699 5.626228 42.525566  -0.000096 0.951076 -0.308957  0.872543 0.086247 0
0  5.132794 5.842877 43.428200  -0.000081 0.987698 -0.156375  0.876011 0.100772 0
door_01
0  5.450872 5.271075 41.667912  -0.000103 0.891037 -0.453930  0.862413 0.074692 0
0  5.132699 5.626228 42.525566  -0.000096 0.951076 -0.308957  0.872543 0.086247 0
0  5.450956 5.626247 42.525528  -0.000099 0.951075 -0.308961  0.867816 0.087785 0
door_01
0  5.450872 5.271075 41.667912  -0.000103 0.891037 -0.453930  0.862413 0.074692 0
0  5.132616 5.271055 41.667950  -0.000102 0.891039 -0.453927  0.866844 0.072433 0
0  5.132699 5.626228 42.525566  -0.000096 0.951076 -0.308957  0.872543 0.086247 0
door_01
0  5.450806 4.786122 40.876408  -0.000116 0.809060 -0.587726  0.855031 0.062600 0
0  5.132616 5.271055 41.667950  -0.000102 0.891039 -0.453927  0.866844 0.072433 0
0  5.450872 5.271075 41.667912  -0.000103 0.891037 -0.453930  0.862413 0.074692 0
door_01
0  5.450806 4.786122 40.876408  -0.000116 0.809060 -0.587726  0.855031 0.062600 0
0  5.132548 4.786102 40.876446  -0.000122 0.809062 -0.587723  0.859057 0.059681 0
0  5.132616 5.271055 41.667950  -0.000102 0.891039 -0.453927  0.866844 0.072433 0
door_01
0  5.450757 4.183321 40.170509  -0.000125 0.707141 -0.707073  0.845855 0.051818 0
0  5.132548 4.786102 40.876446  -0.000122 0.809062 -0.587723  0.859057 0.059681 0
0  5.450806 4.786122 40.876408  -0.000116 0.809060 -0.587726  0.855031 0.062600 0
door_01
0  5.450757 4.183321 40.170509  -0.000125 0.707141 -0.707073  0.845855 0.051818 0
0  5.132499 4.183301 40.170547  -0.000131 0.707143 -0.707070  0.849377 0.048302 0
0  5.132548 4.786102 40.876446  -0.000122 0.809062 -0.587723  0.859057 0.059681 0
door_01
0  5.450726 3.477455 39.567616  -0.000138 0.587826 -0.808987  0.835101 0.042586 0
0  5.132499 4.183301 40.170547  -0.000131 0.707143 -0.707070  0.849377 0.048302 0
0  5.450757 4.183321 40.170509  -0.000125 0.707141 -0.707073  0.845855 0.051818 0
door_01
0  5.450726 3.477455 39.567616  -0.000138 0.587826 -0.808987  0.835101 0.042586 0
0  5.132467 3.477436 39.567654  -0.000140 0.587830 -0.808985  0.838034 0.038562 0
0  5.132499 4.183301 40.170547  -0.000131 0.707143 -0.707070  0.849377 0.048302 0
door_01
0  5.450714 2.686027 39.082539  -0.000143 0.454046 -0.890978  0.823029 0.035152 0
0  5.132467 3.477436 39.567654  -0.000140 0.587830 -0.808985  0.838034 0.038562 0
0  5.450726 3.477455 39.567616  -0.000138 0.587826 -0.808987  0.835101 0.042586 0
door_01
0  5.450714 2.686027 39.082539  -0.000143 0.454046 -0.890978  0.823029 0.035152 0
0  5.132456 2.686008 39.082577  -0.000139 0.454049 -0.890976  0.825294 0.030717 0
0  5.132467 3.477436 39.567654  -0.000140 0.587830 -0.808985  0.838034 0.038562 0
door_01
0  5.450723 1.828429 38.727264  -0.000134 0.309073 -0.951038  0.809950 0.029723 0
0  5.132456 2.686008 39.082577  -0.000139 0.454049 -0.890976  0.825294 0.030717 0
0  5.450714 2.686027 39.082539  -0.000143 0.454046 -0.890978  0.823029 0.035152 0
door_01
0  5.450723 1.828429 38.727264  -0.000134 0.309073 -0.951038  0.809950 0.029723 0
0  5.132465 1.828409 38.727303  -0.000131 0.309077 -0.951037  0.811493 0.024988 0
0  5.132456 2.686008 39.082577  -0.000139 0.454049 -0.890976  0.825294 0.030717 0
door_01
0  5.452178 0.925156 50.196007  0.000155 0.156319 0.987707  0.796195 0.204911 0
0  5.133986 0.005738 50.263783  0.000161 0.078382 0.996923  0.782080 0.210986 0
0  5.449820 0.005547 50.263592  0.000161 0.078382 0.996923  0.782069 0.206014 0
door_01
0  5.452178 0.925156 50.196007  0.000099 0.156435 0.987688  0.796195 0.204911 0
0  5.133922 0.925137 50.196041  0.000092 0.156397 0.987694  0.796997 0.209829 0
0  5.133986 0.005738 50.263783  0.000090 0.078404 0.996922  0.782080 0.210986 0
door_01
0  5.452097 1.827742 49.979366  0.000084 0.308966 0.951073  0.809950 0.201580 0
0  5.133922 0.925137 50.196041  0.000092 0.156397 0.987694  0.796997 0.209829 0
0  5.452178 0.925156 50.196007  0.000099 0.156435 0.987688  0.796195 0.204911 0
door_01
0  5.452097 1.827742 49.979366  0.000084 0.308966 0.951073  0.809950 0.201580 0
0  5.133842 1.827723 49.979408  0.000091 0.308961 0.951075  0.811493 0.206315 0
0  5.133922 0.925137 50.196041  0.000092 0.156397 0.987694  0.796997 0.209829 0
door_01
0  5.452003 2.685384 49.624172  0.000095 0.453947 0.891029  0.823029 0.196151 0
0  5.133842 1.827723 49.979408  0.000091 0.308961 0.951075  0.811493 0.206315 0
0  5.452097 1.827742 49.979366  0.000084 0.308966 0.951073  0.809950 0.201580 0
door_01
0  5.452003 2.685384 49.624172  0.000095 0.453947 0.891029  0.823029 0.196151 0
0  5.133746 2.685365 49.624214  0.000105 0.453943 0.891031  0.825294 0.200587 0
0  5.133842 1.827723 49.979408  0.000091 0.308961 0.951075  0.811493 0.206315 0
door_01
0  5.451894 3.476871 49.139202  0.000080 0.587727 0.809059  0.835101 0.188717 0
0  5.133746 2.685365 49.624214  0.000105 0.453943 0.891031  0.825294 0.200587 0
0  5.452003 2.685384 49.624172  0.000095 0.453947 0.891029  0.823029 0.196151 0
door_01
0  5.451894 3.476871 49.139202  0.000080 0.587727 0.809059  0.835101 0.188717 0
0  5.133638 3.476852 49.139244  0.000082 0.587724 0.809062  0.838034 0.192741 0
0  5.133746 2.685365 49.624214  0.000105 0.453943 0.891031  0.825294 0.200587 0
door_01
0  5.451778 4.182811 48.536392  0.000042 0.707057 0.707157  0.845855 0.179485 0
0  5.133638 3.476852 49.139244  0.000082 0.587724 0.809062  0.838034 0.192741 0
0  5.451894 3.476871 49.139202  0.000080 0.587727 0.809059  0.835101 0.188717 0
door_01
0  5.451778 4.182811 48.536392  0.000042 0.707057 0.707157  0.845855 0.179485 0
0  5.133522 4.182791 48.536430  0.000042 0.707054 0.707160  0.849377 0.183001 0
0  5.133638 3.476852 49.139244  0.000082 0.587724 0.809062  0.838034 0.192741 0
door_01
0  5.451657 4.785697 47.830574  0.000023 0.808986 0.587827  0.855031 0.168703 0
0  5.133522 4.182791 48.536430  0.000042 0.707054 0.707160  0.849377 0.183001 0
0  5.451778 4.182811 48.536392  0.000042 0.707057 0.707157  0.845855 0.179485 0
door_01
0  5.451657 4.785697 47.830574  0.000023 0.808986 0.587827  0.855031 0.168703 0
0  5.133399 4.785678 47.830612  0.000024 0.808984 0.587830  0.859057 0.171622 0
0  5.133522 4.182791 48.536430  0.000042 0.707054 0.707160  0.849377 0.183001 0
door_01
0  5.451529 5.270747 47.039146  0.000000 0.890984 0.454035  0.862413 0.156612 0
0  5.133399 4.785678 47.830612  0.000024 0.808984 0.587830  0.859057 0.171622 0
0  5.451657 4.785697 47.830574  0.000023 0.808986 0.587827  0.855031 0.168703 0
door_01
0  5.451529 5.270747 47.039146  0.000000 0.890984 0.454035  0.862413 0.156612 0
0  5.133272 5.270727 47.039181  -0.000001 0.890982 0.454038  0.866844 0.158870 0
0  5.133399 4.785678 47.830612  0.000024 0.808984 0.587830  0.859057 0.171622 0
door_01
0  5.451403 5.626025 46.181549  -0.000027 0.951038 0.309073  0.867816 0.143519 0
0  5.133272 5.270727 47.039181  -0.000001 0.890982 0.454038  0.866844 0.158870 0
0  5.451529 5.270747 47.039146  0.000000 0.890984 0.454035  0.862413 0.156612 0
door_01
0  5.451403 5.626025 46.181549  -0.000027 0.951038 0.309073  0.867816 0.143519 0
0  5.133146 5.626005 46.181591  -0.000028 0.951037 0.309078  0.872543 0.145056 0
0  5.133272 5.270727 47.039181  -0.000001 0.890982 0.454038  0.866844 0.158870 0
door_01
0  5.451279 5.842784 45.278957  -0.000039 0.987678 0.156497  0.871106 0.129754 0
0  5.133146 5.626005 46.181591  -0.000028 0.951037 0.309078  0.872543 0.145056 0
0  5.451403 5.626025 46.181549  -0.000027 0.951038 0.309073  0.867816 0.143519 0
door_01
0  5.451279 5.842784 45.278957  -0.000039 0.987678 0.156497  0.871106 0.129754 0
0  5.133020 5.842765 45.278992  -0.000038 0.987678 0.156499  0.876011 0.130531 0
0  5.133146 5.626005 46.181591  -0.000028 0.951037 0.309078  0.872543 0.145056 0
door_01
0  -5.680776 2.553467 49.367901  -1.000000 0.000180 0.000627  0.820570 0.191334 0
0  -5.680879 1.837297 47.962158  -1.000000 -0.000068 0.000107  0.809815 0.170275 0
0  -5.680814 1.250323 48.205257  -1.000000 -0.000065 0.000107  0.800936 0.173972 0
door_01
0  -5.680776 2.553467 49.367901  -1.000000 0.000180 0.000627  0.820570 0.191334 0
0  -5.680814 1.250323 48.205257  -1.000000 -0.000065 0.000107  0.800936 0.173972 0
0  -5.680685 1.737726 49.705715  -1.000000 0.000029 0.000429  0.808272 0.196439 0
door_01
0  -5.680685 1.737726 49.705715  -1.000000 0.000029 0.000429  0.808272 0.196439 0
0  -5.680814 1.250323 48.205257  -1.000000 -0.000065 0.000107  0.800936 0.173972 0
0  -5.680758 0.632539 48.353527  -1.000000 -0.000157 -0.000282  0.791598 0.176235 0
door_01
0  -5.680685 1.737726 49.705715  -1.000000 0.000029 0.000429  0.808272 0.196439 0
0  -5.680758 0.632539 48.353527  -1.000000 -0.000157 -0.000282  0.791598 0.176235 0
0  -5.680607 0.879255 49.911781  -1.000000 0.000041 0.000785  0.795325 0.199567 0
door_01
0  -5.680607 0.879255 49.911781  -1.000000 0.000041 0.000785  0.795325 0.199567 0
0  -5.680758 0.632539 48.353527  -1.000000 -0.000157 -0.000282  0.791598 0.176235 0
0  -5.676295 0.004667 48.405098  -1.000000 -0.000104 -0.000284  0.782062 0.176981 0
door_01
0  -5.680607 0.879255 49.911781  -1.000000 0.000041 0.000785  0.795325 0.199567 0
0  -5.676295 0.004667 48.405098  -1.000000 -0.000104 -0.000284  0.782062 0.176981 0
0  -5.675444 0.004204 49.978935  -1.000000 -0.000017 0.000789  0.782064 0.200606 0
door_01
0  -5.681770 5.350586 42.616230  -1.000000 0.000476 -0.000036  0.862682 0.089451 0
0  -5.681594 3.850083 43.103653  -1.000000 -0.000076 0.000128  0.840245 0.096709 0
0  -5.681528 3.998353 43.721436  -1.000000 -0.000077 0.000124  0.842486 0.106062 0
door_01
0  -5.681770 5.350586 42.616230  -1.000000 0.000476 -0.000036  0.862682 0.089451 0
0  -5.681528 3.998353 43.721436  -1.000000 -0.000077 0.000124  0.842486 0.106062 0
0  -5.681678 5.556634 43.474739  -1.000000 0.000494 0.000049  0.865778 0.102391 0
door_01
0  -5.681678 5.556634 43.474739  -1.000000 0.000494 0.000049  0.865778 0.102391 0
0  -5.681528 3.998353 43.721436  -1.000000 -0.000077 0.000124  0.842486 0.106062 0
0  -5.681454 4.048211 44.354805  -1.000000 -0.000077 0.000122  0.843240 0.115652 0
door_01
0  -5.681678 5.556634 43.474739  -1.000000 0.000494 0.000049  0.865778 0.102391 0
0  -5.681454 4.048211 44.354805  -1.000000 -0.000077 0.000122  0.843240 0.115652 0
0  -5.681575 5.625872 44.354900  -1.000000 0.000498 0.000136  0.866818 0.115652 0
door_01
0  -5.681575 5.625872 44.354900  -1.000000 0.000498 0.000136  0.866818 0.115652 0
0  -5.681454 4.048211 44.354805  -1.000000 -0.000077 0.000122  0.843240 0.115652 0
0  -5.681374 3.998277 44.988171  -1.000000 -0.000077 0.000120  0.842487 0.125241 0
door_01
0  -5.681575 5.625872 44.354900  -1.000000 0.000498 0.000136  0.866818 0.115652 0
0  -5.681374 3.998277 44.988171  -1.000000 -0.000077 0.000120  0.842487 0.125241 0
0  -5.681464 5.556527 45.235062  -1.000000 0.000583 0.000242  0.865778 0.128912 0
door_01
0  -5.681464 5.556527 45.235062  -1.000000 0.000583 0.000242  0.865778 0.128912 0
0  -5.681374 3.998277 44.988171  -1.000000 -0.000077 0.000120  0.842487 0.125241 0
0  -5.681288 3.849931 45.605938  -1.000000 -0.000077 0.000118  0.840245 0.134594 0
door_01
0  -5.681464 5.556527 45.235062  -1.000000 0.000583 0.000242  0.865778 0.128912 0
0  -5.681288 3.849931 45.605938  -1.000000 -0.000077 0.000118  0.840245 0.134594 0
0  -5.681346 5.350374 46.093563  -1.000000 -0.000077 0.000117  0.862682 0.141853 0
door_01
0  -5.681346 5.350374 46.093563  -1.000000 -0.000077 0.000117  0.862682 0.141853 0
0  -5.681288 3.849931 45.605938  -1.000000 -0.000077 0.000118  0.840245 0.134594 0
0  -5.681201 3.606784 46.192879  -1.000000 -0.000076 0.000114  0.836571 0.143477 0
door_01
0  -5.681346 5.350374 46.093563  -1.000000 -0.000077 0.000117  0.862682 0.141853 0
0  -5.681201 3.606784 46.192879  -1.000000 -0.000076 0.000114  0.836571 0.143477 0
0  -5.681227 5.012464 46.909225  -1.000000 0.000346 0.000342  0.857601 0.154163 0
door_01
0  -5.681227 5.012464 46.909225  -1.000000 0.000346 0.000342  0.857601 0.154163 0
0  -5.681201 3.606784 46.192879  -1.000000 -0.000076 0.000114  0.836571 0.143477 0
0  -5.681115 3.274789 46.734581  -1.000000 -0.000075 0.000112  0.831553 0.151673 0
door_01
0  -5.681227 5.012464 46.909225  -1.000000 0.000346 0.000342  0.857601 0.154163 0
0  -5.681115 3.274789 46.734581  -1.000000 -0.000075 0.000112  0.831553 0.151673 0
0  -5.681107 4.551114 47.661972  -1.000000 0.000458 0.000521  0.850659 0.165533 0
door_01
0  -5.681107 4.551114 47.661972  -1.000000 0.000458 0.000521  0.850659 0.165533 0
0  -5.681115 3.274789 46.734581  -1.000000 -0.000075 0.000112  0.831553 0.151673 0
0  -5.681032 2.862169 47.217651  -1.000000 -0.000073 0.000111  0.825315 0.158987 0
door_01
0  -5.681107 4.551114 47.661972  -1.000000 0.000458 0.000521  0.850659 0.165533 0
0  -5.681032 2.862169 47.217651  -1.000000 -0.000073 0.000111  0.825315 0.158987 0
0  -5.680988 3.977648 48.333282  -1.000000 -0.000073 0.000111  0.842029 0.175668 0
door_01
0  -5.680988 3.977648 48.333282  -1.000000 -0.000073 0.000111  0.842029 0.175668 0
0  -5.681032 2.862169 47.217651  -1.000000 -0.000073 0.000111  0.825315 0.158987 0
0  -5.680952 2.379043 47.630234  -1.000000 -0.000070 0.000109  0.818009 0.165239 0
door_01
0  -5.680988 3.977648 48.333282  -1.000000 -0.000073 0.000111  0.842029 0.175668 0
0  -5.680952 2.379043 47.630234  -1.000000 -0.000070 0.000109  0.818009 0.165239 0
0  -5.680878 3.306257 48.906643  -1.000000 -0.000070 0.000109  0.831917 0.184347 0
door_01
0  -5.680878 3.306257 48.906643  -1.000000 -0.000070 0.000109  0.831917 0.184347 0
0  -5.680952 2.379043 47.630234  -1.000000 -0.000070 0.000109  0.818009 0.165239 0
0  -5.680879 1.837297 47.962158  -1.000000 -0.000068 0.000107  0.809815 0.170275 0
door_01
0  -5.680878 3.306257 48.906643  -1.000000 -0.000070 0.000109  0.831917 0.184347 0
0  -5.680879 1.837297 47.962158  -1.000000 -0.000068 0.000107  0.809815 0.170275 0
0  -5.680776 2.553467 49.367901  -1.000000 0.000180 0.000627  0.820570 0.191334 0
door_01
0  -5.676700 0.004891 38.730221  -1.000000 -0.000015 -0.000545  0.782064 0.030697 0
0  -5.676762 0.004917 40.306866  -1.000000 -0.000121 0.000566  0.782063 0.054322 0
0  -5.681735 0.633027 40.355671  -1.000000 -0.000178 0.000543  0.791598 0.055068 0
door_01
0  -5.676700 0.004891 38.730221  -1.000000 -0.000015 -0.000545  0.782064 0.030697 0
0  -5.681735 0.633027 40.355671  -1.000000 -0.000178 0.000543  0.791598 0.055068 0
0  -5.681966 0.879933 38.797459  -1.000000 -0.000040 -0.000527  0.795325 0.031736 0
door_01
0  -5.681966 0.879933 38.797459  -1.000000 -0.000040 -0.000527  0.795325 0.031736 0
0  -5.681735 0.633027 40.355671  -1.000000 -0.000178 0.000543  0.791598 0.055068 0
0  -5.681754 1.250792 40.504021  -1.000000 -0.000066 0.000138  0.800936 0.057332 0
door_01
0  -5.681966 0.879933 38.797459  -1.000000 -0.000040 -0.000527  0.795325 0.031736 0
0  -5.681754 1.250792 40.504021  -1.000000 -0.000066 0.000138  0.800936 0.057332 0
0  -5.681993 1.738379 39.003616  -1.000000 0.000094 -0.000314  0.808272 0.034864 0
door_01
0  -5.681993 1.738379 39.003616  -1.000000 0.000094 -0.000314  0.808272 0.034864 0
0  -5.681754 1.250792 40.504021  -1.000000 -0.000066 0.000138  0.800936 0.057332 0
0  -5.681760 1.837737 40.747181  -1.000000 -0.000068 0.000137  0.809815 0.061028 0
door_01
0  -5.681993 1.738379 39.003616  -1.000000 0.000094 -0.000314  0.808272 0.034864 0
0  -5.681760 1.837737 40.747181  -1.000000 -0.000068 0.000137  0.809815 0.061028 0
0  -5.682002 2.554078 39.341537  -1.000000 0.000205 -0.000369  0.820570 0.039970 0
door_01
0  -5.682002 2.554078 39.341537  -1.000000 0.000205 -0.000369  0.820570 0.039970 0
0  -5.681760 1.837737 40.747181  -1.000000 -0.000068 0.000137  0.809815 0.061028 0
0  -5.681753 2.379442 41.079170  -1.000000 -0.000070 0.000136  0.818009 0.066065 0
door_01
0  -5.682002 2.554078 39.341537  -1.000000 0.000205 -0.000369  0.820570 0.039970 0
0  -5.681753 2.379442 41.079170  -1.000000 -0.000070 0.000136  0.818009 0.066065 0
0  -5.681991 3.306812 39.802902  -1.000000 0.000221 -0.000245  0.831917 0.046956 0
door_01
0  -5.681991 3.306812 39.802902  -1.000000 0.000221 -0.000245  0.831917 0.046956 0
0  -5.681753 2.379442 41.079170  -1.000000 -0.000070 0.000136  0.818009 0.066065 0
0  -5.681731 2.862518 41.491810  -1.000000 -0.000073 0.000133  0.825315 0.072316 0
door_01
0  -5.681991 3.306812 39.802902  -1.000000 0.000221 -0.000245  0.831917 0.046956 0
0  -5.681731 2.862518 41.491810  -1.000000 -0.000073 0.000133  0.825315 0.072316 0
0  -5.681961 3.978133 40.376328  -1.000000 0.000171 -0.000098  0.842029 0.055635 0
door_01
0  -5.681961 3.978133 40.376328  -1.000000 0.000171 -0.000098  0.842029 0.055635 0
0  -5.681731 2.862518 41.491810  -1.000000 -0.000073 0.000133  0.825315 0.072316 0
0  -5.681698 3.275078 41.974960  -1.000000 -0.000074 0.000131  0.831553 0.079630 0
door_01
0  -5.681961 3.978133 40.376328  -1.000000 0.000171 -0.000098  0.842029 0.055635 0
0  -5.681698 3.275078 41.974960  -1.000000 -0.000074 0.000131  0.831553 0.079630 0
0  -5.681914 4.551518 41.047714  -1.000000 0.000321 -0.000141  0.850659 0.065770 0
door_01
0  -5.681914 4.551518 41.047714  -1.000000 0.000321 -0.000141  0.850659 0.065770 0
0  -5.681698 3.275078 41.974960  -1.000000 -0.000074 0.000131  0.831553 0.079630 0
0  -5.681653 3.607008 42.516670  -1.000000 -0.000075 0.000130  0.836571 0.087826 0
door_01
0  -5.681914 4.551518 41.047714  -1.000000 0.000321 -0.000141  0.850659 0.065770 0
0  -5.681653 3.607008 42.516670  -1.000000 -0.000075 0.000130  0.836571 0.087826 0
0  -5.681851 5.012775 41.800537  -1.000000 0.000228 -0.000014  0.857601 0.077140 0
door_01
0  -5.681851 5.012775 41.800537  -1.000000 0.000228 -0.000014  0.857601 0.077140 0
0  -5.681653 3.607008 42.516670  -1.000000 -0.000075 0.000130  0.836571 0.087826 0
0  -5.681594 3.850083 43.103653  -1.000000 -0.000076 0.000128  0.840245 0.096709 0
door_01
0  -5.681851 5.012775 41.800537  -1.000000 0.000228 -0.000014  0.857601 0.077140 0
0  -5.681594 3.850083 43.103653  -1.000000 -0.000076 0.000128  0.840245 0.096709 0
0  -5.681770 5.350586 42.616230  -1.000000 0.000476 -0.000036  0.862682 0.089451 0
door_01
0  5.698934 0.688949 37.956203  0.739224 -0.673459 0.000007  0.448881 0.541675 0
0  6.209886 1.249401 0.000861  0.739358 -0.673312 0.000011  0.454468 0.268828 0
0  6.210070 1.250533 37.461716  0.739551 -0.673101 0.000017  0.454111 0.537968 0
door_01
0  5.698934 0.688949 37.956203  0.739224 -0.673459 0.000007  0.448881 0.541675 0
0  5.698934 0.688334 0.000861  0.739356 -0.673315 0.000011  0.449019 0.268815 0
0  6.209886 1.249401 0.000861  0.739358 -0.673312 0.000011  0.454468 0.268828 0
door_01
0  6.770056 33.376587 84.801224  0.000311 0.809015 -0.587788  0.736506 0.806565 0
0  6.209892 18.782560 64.714127  -0.000044 0.809019 -0.587782  0.732624 0.974907 0
0  6.209997 33.376797 84.801224  0.000316 0.809015 -0.587788  0.732709 0.806562 0
door_01
0  6.770056 33.376587 84.801224  0.000311 0.809015 -0.587788  0.736506 0.806565 0
0  6.769952 18.782595 64.714127  -0.000049 0.809019 -0.587782  0.736421 0.974909 0
0  6.209892 18.782560 64.714127  -0.000044 0.809019 -0.587782  0.732624 0.974907 0
door_01
0  -5.707194 0.758652 101.107193  0.009857 -0.876465 0.481364  0.447675 0.986370 0
0  -5.238091 0.707783 101.004951  -0.038941 -0.999238 0.002691  0.444228 0.985606 0
0  -5.148514 0.770222 101.107132  0.009883 -0.876432 0.481424  0.444319 0.986508 0
door_01
0  -5.707194 0.758652 101.107193  0.009857 -0.876465 0.481364  0.447675 0.986370 0
0  -5.707202 0.707846 101.004997  -0.038999 -0.999237 0.002162  0.447499 0.985600 0
0  -5.238091 0.707783 101.004951  -0.038941 -0.999238 0.002691  0.444228 0.985606 0
door_01
0  -5.719449 0.688206 50.751633  -0.039154 -0.999233 0.000761  0.447891 0.632806 0
0  -5.238091 0.707783 101.004951  -0.038941 -0.999238 0.002691  0.444228 0.985606 0
0  -5.707202 0.707846 101.004997  -0.038999 -0.999237 0.002162  0.447499 0.985600 0
door_01
0  -5.719449 0.688206 50.751633  -0.039154 -0.999233 0.000761  0.447891 0.632806 0
0  -5.319733 0.654205 50.729370  -0.039147 -0.999233 0.000763  0.445118 0.632528 0
0  -5.238091 0.707783 101.004951  -0.038941 -0.999238 0.002691  0.444228 0.985606 0
door_01
0  -7.214343 46.293633 70.283951  -1.000000 -0.000059 0.000123  0.590797 0.217874 0
0  -7.214058 45.258575 72.090057  -1.000000 -0.000060 0.000123  0.604939 0.222927 0
0  -7.214010 48.331734 73.973221  -1.000000 -0.000060 0.000123  0.614010 0.198828 0
door_01
0  -7.214058 45.258575 72.090057  -1.000000 -0.000060 0.000123  0.604939 0.222927 0
0  -7.213708 47.115128 75.831108  -1.000000 -0.000060 0.000123  0.628489 0.204645 0
0  -7.214010 48.331734 73.973221  -1.000000 -0.000060 0.000123  0.614010 0.198828 0
door_01
0  -7.214058 45.258575 72.090057  -1.000000 -0.000060 0.000123  0.604939 0.222927 0
0  -7.213776 44.118244 73.833183  -1.000000 -0.000059 0.000123  0.618916 0.228455 0
0  -7.213708 47.115128 75.831108  -1.000000 -0.000060 0.000123  0.628489 0.204645 0
door_01
0  -7.213776 44.118244 73.833183  -1.000000 -0.000059 0.000123  0.618916 0.228455 0
0  -7.213408 45.803162 77.633644  -1.000000 -0.000059 0.000123  0.642873 0.210948 0
0  -7.213708 47.115128 75.831108  -1.000000 -0.000060 0.000123  0.628489 0.204645 0
door_01
0  -7.213776 44.118244 73.833183  -1.000000 -0.000059 0.000123  0.618916 0.228455 0
0  -7.213496 42.890934 75.517769  -1.000000 -0.000059 0.000123  0.632683 0.234440 0
0  -7.213408 45.803162 77.633644  -1.000000 -0.000059 0.000123  0.642873 0.210948 0
door_01
0  -7.213109 44.471443 79.421570  -1.000000 -0.000059 0.000123  0.657240 0.217319 0
0  -7.213408 45.803162 77.633644  -1.000000 -0.000059 0.000123  0.642873 0.210948 0
0  -7.213496 42.890934 75.517769  -1.000000 -0.000059 0.000123  0.632683 0.234440 0
door_01
0  -7.213109 44.471443 79.421570  -1.000000 -0.000059 0.000123  0.657240 0.217319 0
0  -7.213496 42.890934 75.517769  -1.000000 -0.000059 0.000123  0.632683 0.234440 0
0  -7.213215 41.640072 77.185867  -1.000000 -0.000060 0.000123  0.646370 0.240594 0
door_01
0  -7.212813 43.066860 81.147186  -1.000000 -0.000060 0.000123  0.671374 0.224062 0
0  -7.213109 44.471443 79.421570  -1.000000 -0.000059 0.000123  0.657240 0.217319 0
0  -7.213215 41.640072 77.185867  -1.000000 -0.000060 0.000123  0.646370 0.240594 0
door_01
0  -7.212813 43.066860 81.147186  -1.000000 -0.000060 0.000123  0.671374 0.224062 0
0  -7.213215 41.640072 77.185867  -1.000000 -0.000060 0.000123  0.646370 0.240594 0
0  -7.212937 40.321823 78.798431  -1.000000 -0.000060 0.000123  0.659889 0.247113 0
door_01
0  -7.212521 41.601673 82.815788  -1.000000 -0.000060 0.000123  0.685294 0.231126 0
0  -7.212813 43.066860 81.147186  -1.000000 -0.000060 0.000123  0.671374 0.224062 0
0  -7.212937 40.321823 78.798431  -1.000000 -0.000060 0.000123  0.659889 0.247113 0
door_01
0  -7.212521 41.601673 82.815788  -1.000000 -0.000060 0.000123  0.685294 0.231126 0
0  -7.212937 40.321823 78.798431  -1.000000 -0.000060 0.000123  0.659889 0.247113 0
0  -7.212663 38.947586 80.362274  -1.000000 -0.000060 0.000123  0.673263 0.253938 0
door_01
0  -7.212394 37.487976 81.843872  -1.000000 -0.000060 0.000123  0.686413 0.261159 0
0  -7.212521 41.601673 82.815788  -1.000000 -0.000060 0.000123  0.685294 0.231126 0
0  -7.212663 38.947586 80.362274  -1.000000 -0.000060 0.000123  0.673263 0.253938 0
door_01
0  -7.212394 37.487976 81.843872  -1.000000 -0.000060 0.000123  0.686413 0.261159 0
0  -7.212233 40.038380 84.384254  -1.000000 -0.000060 0.000123  0.698845 0.238794 0
0  -7.212521 41.601673 82.815788  -1.000000 -0.000060 0.000123  0.685294 0.231126 0
door_01
0  -7.211836 37.799915 86.522240  -1.000000 -0.000060 0.000123  0.717660 0.249691 0
0  -7.212233 40.038380 84.384254  -1.000000 -0.000060 0.000123  0.698845 0.238794 0
0  -7.212394 37.487976 81.843872  -1.000000 -0.000060 0.000123  0.686413 0.261159 0
door_01
0  -7.211836 37.799915 86.522240  -1.000000 -0.000060 0.000123  0.717660 0.249691 0
0  -7.212394 37.487976 81.843872  -1.000000 -0.000060 0.000123  0.686413 0.261159 0
0  -7.212034 35.531357 83.797882  -1.000000 -0.000061 0.000123  0.703839 0.270882 0
door_01
0  -7.211709 33.430878 85.420067  -1.000000 -0.000061 0.000123  0.719693 0.281518 0
0  -7.211836 37.799915 86.522240  -1.000000 -0.000060 0.000123  0.717660 0.249691 0
0  -7.212034 35.531357 83.797882  -1.000000 -0.000061 0.000123  0.703839 0.270882 0
door_01
0  -7.211709 33.430878 85.420067  -1.000000 -0.000061 0.000123  0.719693 0.281518 0
0  -7.211196 33.743679 89.734497  -1.000000 -0.000061 0.000123  0.748374 0.269748 0
0  -7.211836 37.799915 86.522240  -1.000000 -0.000060 0.000123  0.717660 0.249691 0
door_01
0  -7.216717 55.556347 55.406948  -1.000000 -0.000059 0.000122  0.477528 0.164876 0
0  -7.216867 52.363766 52.648708  -1.000000 -0.000059 0.000122  0.459261 0.188687 0
0  -7.216595 52.024467 54.702602  -1.000000 -0.000059 0.000122  0.474163 0.190325 0
door_01
0  -7.216425 55.085846 57.575085  -1.000000 -0.000059 0.000122  0.492986 0.167043 0
0  -7.216717 55.556347 55.406948  -1.000000 -0.000059 0.000122  0.477528 0.164876 0
0  -7.216595 52.024467 54.702602  -1.000000 -0.000059 0.000122  0.474163 0.190325 0
door_01
0  -7.216425 55.085846 57.575085  -1.000000 -0.000059 0.000122  0.492986 0.167043 0
0  -7.216595 52.024467 54.702602  -1.000000 -0.000059 0.000122  0.474163 0.190325 0
0  -7.216321 51.583462 56.734718  -1.000000 -0.000059 0.000123  0.488995 0.192460 0
door_01
0  -7.216127 54.515957 59.725639  -1.000000 -0.000060 0.000123  0.508406 0.169745 0
0  -7.216425 55.085846 57.575085  -1.000000 -0.000059 0.000122  0.492986 0.167043 0
0  -7.216321 51.583462 56.734718  -1.000000 -0.000059 0.000123  0.488995 0.192460 0
door_01
0  -7.216127 54.515957 59.725639  -1.000000 -0.000060 0.000123  0.508406 0.169745 0
0  -7.216321 51.583462 56.734718  -1.000000 -0.000059 0.000123  0.488995 0.192460 0
0  -7.216041 51.049370 58.749966  -1.000000 -0.000060 0.000123  0.503803 0.194995 0
door_01
0  -7.215758 50.421627 60.738228  -1.000000 -0.000059 0.000123  0.518515 0.197988 0
0  -7.216127 54.515957 59.725639  -1.000000 -0.000060 0.000123  0.508406 0.169745 0
0  -7.216041 51.049370 58.749966  -1.000000 -0.000060 0.000123  0.503803 0.194995 0
door_01
0  -7.215758 50.421627 60.738228  -1.000000 -0.000059 0.000123  0.518515 0.197988 0
0  -7.215827 53.845142 61.850391  -1.000000 -0.000060 0.000122  0.523780 0.172919 0
0  -7.216127 54.515957 59.725639  -1.000000 -0.000060 0.000123  0.508406 0.169745 0
door_01
0  -7.215527 53.136360 63.958492  -1.000000 -0.000060 0.000123  0.539096 0.176223 0
0  -7.215827 53.845142 61.850391  -1.000000 -0.000060 0.000122  0.523780 0.172919 0
0  -7.215758 50.421627 60.738228  -1.000000 -0.000059 0.000123  0.518515 0.197988 0
door_01
0  -7.215527 53.136360 63.958492  -1.000000 -0.000060 0.000123  0.539096 0.176223 0
0  -7.215758 50.421627 60.738228  -1.000000 -0.000059 0.000123  0.518515 0.197988 0
0  -7.215478 49.758385 62.710854  -1.000000 -0.000059 0.000122  0.533153 0.201194 0
door_01
0  -7.215224 52.333099 66.026321  -1.000000 -0.000059 0.000123  0.554253 0.179962 0
0  -7.215527 53.136360 63.958492  -1.000000 -0.000060 0.000123  0.539096 0.176223 0
0  -7.215478 49.758385 62.710854  -1.000000 -0.000059 0.000122  0.533153 0.201194 0
door_01
0  -7.215224 52.333099 66.026321  -1.000000 -0.000059 0.000123  0.554253 0.179962 0
0  -7.215478 49.758385 62.710854  -1.000000 -0.000059 0.000122  0.533153 0.201194 0
0  -7.215196 49.005642 64.648590  -1.000000 -0.000059 0.000123  0.547683 0.204836 0
door_01
0  -7.214921 51.433723 68.061584  -1.000000 -0.000060 0.000123  0.569324 0.184221 0
0  -7.215224 52.333099 66.026321  -1.000000 -0.000059 0.000123  0.554253 0.179962 0
0  -7.215196 49.005642 64.648590  -1.000000 -0.000059 0.000123  0.547683 0.204836 0
door_01
0  -7.214921 51.433723 68.061584  -1.000000 -0.000060 0.000123  0.569324 0.184221 0
0  -7.215196 49.005642 64.648590  -1.000000 -0.000059 0.000123  0.547683 0.204836 0
0  -7.214911 48.162933 66.555511  -1.000000 -0.000060 0.000123  0.562156 0.208861 0
door_01
0  -7.214626 47.237804 68.424332  -1.000000 -0.000059 0.000123  0.576494 0.213297 0
0  -7.214921 51.433723 68.061584  -1.000000 -0.000060 0.000123  0.569324 0.184221 0
0  -7.214911 48.162933 66.555511  -1.000000 -0.000060 0.000123  0.562156 0.208861 0
door_01
0  -7.214626 47.237804 68.424332  -1.000000 -0.000059 0.000123  0.576494 0.213297 0
0  -7.214616 50.445160 70.058586  -1.000000 -0.000059 0.000123  0.584317 0.188906 0
0  -7.214921 51.433723 68.061584  -1.000000 -0.000060 0.000123  0.569324 0.184221 0
door_01
0  -7.214616 50.445160 70.058586  -1.000000 -0.000059 0.000123  0.584317 0.188906 0
0  -7.214626 47.237804 68.424332  -1.000000 -0.000059 0.000123  0.576494 0.213297 0
0  -7.214343 46.293633 70.283951  -1.000000 -0.000059 0.000123  0.590797 0.217874 0
door_01
0  -7.214616 50.445160 70.058586  -1.000000 -0.000059 0.000123  0.584317 0.188906 0
0  -7.214343 46.293633 70.283951  -1.000000 -0.000059 0.000123  0.590797 0.217874 0
0  -7.214312 49.435246 72.047707  -1.000000 -0.000059 0.000123  0.599300 0.193648 0
door_01
0  -7.214343 46.293633 70.283951  -1.000000 -0.000059 0.000123  0.590797 0.217874 0
0  -7.214010 48.331734 73.973221  -1.000000 -0.000060 0.000123  0.614010 0.198828 0
0  -7.214312 49.435246 72.047707  -1.000000 -0.000059 0.000123  0.599300 0.193648 0
door_01
0  -7.218894 52.363800 36.061249  -1.000000 -0.000059 0.000122  0.339534 0.188590 0
0  -7.219174 55.919106 35.498119  -1.000000 -0.000059 0.000122  0.336877 0.163109 0
0  -7.219422 55.572197 33.295822  -1.000000 -0.000060 0.000122  0.321248 0.164685 0
door_01
0  -7.218924 56.241665 37.704056  -1.000000 -0.000059 0.000122  0.352524 0.161600 0
0  -7.219174 55.919106 35.498119  -1.000000 -0.000059 0.000122  0.336877 0.163109 0
0  -7.218894 52.363800 36.061249  -1.000000 -0.000059 0.000122  0.339534 0.188590 0
door_01
0  -7.218924 56.241665 37.704056  -1.000000 -0.000059 0.000122  0.352524 0.161600 0
0  -7.218894 52.363800 36.061249  -1.000000 -0.000059 0.000122  0.339534 0.188590 0
0  -7.218659 52.665646 38.125626  -1.000000 -0.000060 0.000122  0.354478 0.187191 0
door_01
0  -7.218668 56.468578 39.916645  -1.000000 -0.000060 0.000122  0.368147 0.160527 0
0  -7.218924 56.241665 37.704056  -1.000000 -0.000059 0.000122  0.352524 0.161600 0
0  -7.218659 52.665646 38.125626  -1.000000 -0.000060 0.000122  0.354478 0.187191 0
door_01
0  -7.218668 56.468578 39.916645  -1.000000 -0.000060 0.000122  0.368147 0.160527 0
0  -7.218659 52.665646 38.125626  -1.000000 -0.000060 0.000122  0.354478 0.187191 0
0  -7.218419 52.878201 40.198475  -1.000000 -0.000060 0.000122  0.369453 0.186220 0
door_01
0  -7.218405 56.597382 42.132484  -1.000000 -0.000060 0.000122  0.383756 0.159972 0
0  -7.218668 56.468578 39.916645  -1.000000 -0.000060 0.000122  0.368147 0.160527 0
0  -7.218419 52.878201 40.198475  -1.000000 -0.000060 0.000122  0.369453 0.186220 0
door_01
0  -7.218405 56.597382 42.132484  -1.000000 -0.000060 0.000122  0.383756 0.159972 0
0  -7.218419 52.878201 40.198475  -1.000000 -0.000060 0.000122  0.369453 0.186220 0
0  -7.218173 52.998894 42.275116  -1.000000 -0.000060 0.000122  0.384431 0.185630 0
door_01
0  -7.217919 53.016369 44.354977  -1.000000 -0.000060 0.000122  0.399412 0.185539 0
0  -7.218405 56.597382 42.132484  -1.000000 -0.000060 0.000122  0.383756 0.159972 0
0  -7.218173 52.998894 42.275116  -1.000000 -0.000060 0.000122  0.384431 0.185630 0
door_01
0  -7.217919 53.016369 44.354977  -1.000000 -0.000060 0.000122  0.399412 0.185539 0
0  -7.218133 56.616070 44.353863  -1.000000 -0.000060 0.000122  0.399402 0.159921 0
0  -7.218405 56.597382 42.132484  -1.000000 -0.000060 0.000122  0.383756 0.159972 0
door_01
0  -7.217861 56.576416 46.578407  -1.000000 -0.000060 0.000122  0.415079 0.160088 0
0  -7.218133 56.616070 44.353863  -1.000000 -0.000060 0.000122  0.399402 0.159921 0
0  -7.217919 53.016369 44.354977  -1.000000 -0.000060 0.000122  0.399412 0.185539 0
door_01
0  -7.217861 56.576416 46.578407  -1.000000 -0.000060 0.000122  0.415079 0.160088 0
0  -7.217919 53.016369 44.354977  -1.000000 -0.000060 0.000122  0.399412 0.185539 0
0  -7.217663 52.979286 46.437160  -1.000000 -0.000060 0.000122  0.414404 0.185759 0
door_01
0  -7.217580 56.439171 48.796791  -1.000000 -0.000060 0.000122  0.430722 0.160767 0
0  -7.217861 56.576416 46.578407  -1.000000 -0.000060 0.000122  0.415079 0.160088 0
0  -7.217663 52.979286 46.437160  -1.000000 -0.000060 0.000122  0.414404 0.185759 0
door_01
0  -7.217580 56.439171 48.796791  -1.000000 -0.000060 0.000122  0.430722 0.160767 0
0  -7.217663 52.979286 46.437160  -1.000000 -0.000060 0.000122  0.414404 0.185759 0
0  -7.217401 52.850838 48.514366  -1.000000 -0.000060 0.000122  0.429376 0.186355 0
door_01
0  -7.217298 56.228004 51.010586  -1.000000 -0.000060 0.000122  0.446358 0.161731 0
0  -7.217580 56.439171 48.796791  -1.000000 -0.000060 0.000122  0.430722 0.160767 0
0  -7.217401 52.850838 48.514366  -1.000000 -0.000060 0.000122  0.429376 0.186355 0
door_01
0  -7.217298 56.228004 51.010586  -1.000000 -0.000060 0.000122  0.446358 0.161731 0
0  -7.217401 52.850838 48.514366  -1.000000 -0.000060 0.000122  0.429376 0.186355 0
0  -7.217135 52.653137 50.587311  -1.000000 -0.000060 0.000122  0.444337 0.187336 0
door_01
0  -7.216867 52.363766 52.648708  -1.000000 -0.000059 0.000122  0.459261 0.188687 0
0  -7.217298 56.228004 51.010586  -1.000000 -0.000060 0.000122  0.446358 0.161731 0
0  -7.217135 52.653137 50.587311  -1.000000 -0.000060 0.000122  0.444337 0.187336 0
door_01
0  -7.216867 52.363766 52.648708  -1.000000 -0.000059 0.000122  0.459261 0.188687 0
0  -7.217009 55.918789 53.213104  -1.000000 -0.000059 0.000123  0.461958 0.163207 0
0  -7.217298 56.228004 51.010586  -1.000000 -0.000060 0.000122  0.446358 0.161731 0
door_01
0  -7.216717 55.556347 55.406948  -1.000000 -0.000059 0.000122  0.477528 0.164876 0
0  -7.217009 55.918789 53.213104  -1.000000 -0.000059 0.000123  0.461958 0.163207 0
0  -7.216867 52.363766 52.648708  -1.000000 -0.000059 0.000122  0.459261 0.188687 0
door_01
0  5.698838 0.759346 101.105797  0.688366 -0.585284 0.428480  0.447675 0.986370 0
0  6.210035 1.285888 101.003593  0.744109 -0.668057 0.001048  0.452873 0.985598 0
0  6.108157 1.264924 101.105774  0.688456 -0.585023 0.428692  0.452640 0.986573 0
door_01
0  5.698838 0.759346 101.105797  0.688366 -0.585284 0.428480  0.447675 0.986370 0
0  5.698826 0.708540 101.003601  0.744066 -0.668105 0.001123  0.447499 0.985600 0
0  6.210035 1.285888 101.003593  0.744109 -0.668057 0.001048  0.452873 0.985598 0
door_01
0  5.698789 0.688900 50.750237  0.744075 -0.668096 0.000365  0.447891 0.632806 0
0  6.210035 1.285888 101.003593  0.744109 -0.668057 0.001048  0.452873 0.985598 0
0  5.698826 0.708540 101.003601  0.744066 -0.668105 0.001123  0.447499 0.985600 0
door_01
0  5.698789 0.688900 50.750237  0.744075 -0.668096 0.000365  0.447891 0.632806 0
0  6.210045 1.250669 51.244743  0.744028 -0.668149 0.000367  0.453128 0.636373 0
0  6.210035 1.285888 101.003593  0.744109 -0.668057 0.001048  0.452873 0.985598 0
door_01
0  -7.222116 32.898731 0.002620  -1.000000 -0.000060 0.000122  0.054930 0.276701 0
0  -7.221741 33.300629 3.292022  -0.999998 -0.001569 -0.000995  0.078703 0.282121 0
0  -7.222245 35.476009 0.202745  -0.999928 -0.009643 -0.007103  0.062904 0.260447 0
door_01
0  -7.268738 37.883144 2.314777  -0.999999 -0.001377 -0.000093  0.082039 0.248818 0
0  -7.222245 35.476009 0.202745  -0.999928 -0.009643 -0.007103  0.062904 0.260447 0
0  -7.221741 33.300629 3.292022  -0.999998 -0.001569 -0.000995  0.078703 0.282121 0
door_01
0  -7.268738 37.883144 2.314777  -0.999999 -0.001377 -0.000093  0.082039 0.248818 0
0  -7.221741 33.300629 3.292022  -0.999998 -0.001569 -0.000995  0.078703 0.282121 0
0  -7.268251 35.571487 5.168481  -1.000000 -0.000136 0.000820  0.096559 0.270516 0
door_01
0  -7.221558 37.487915 6.866080  -0.999951 0.007248 0.006739  0.112269 0.260869 0
0  -7.268738 37.883144 2.314777  -0.999999 -0.001377 -0.000093  0.082039 0.248818 0
0  -7.268251 35.571487 5.168481  -1.000000 -0.000136 0.000820  0.096559 0.270516 0
door_01
0  -7.221558 37.487915 6.866080  -0.999951 0.007248 0.006739  0.112269 0.260869 0
0  -7.222019 40.040756 4.327974  -0.999960 0.006490 0.006191  0.099924 0.238280 0
0  -7.268738 37.883144 2.314777  -0.999999 -0.001377 -0.000093  0.082039 0.248818 0
door_01
0  -7.221923 41.613815 5.884674  -1.000000 -0.000060 0.000121  0.113434 0.230630 0
0  -7.222019 40.040756 4.327974  -0.999960 0.006490 0.006191  0.099924 0.238280 0
0  -7.221558 37.487915 6.866080  -0.999951 0.007248 0.006739  0.112269 0.260869 0
door_01
0  -7.221923 41.613815 5.884674  -1.000000 -0.000060 0.000121  0.113434 0.230630 0
0  -7.221558 37.487915 6.866080  -0.999951 0.007248 0.006739  0.112269 0.260869 0
0  -7.221469 38.964630 8.331647  -1.000000 -0.000060 0.000121  0.125371 0.253485 0
door_01
0  -7.221808 43.073669 7.556423  -1.000000 -0.000060 0.000121  0.127351 0.223641 0
0  -7.221923 41.613815 5.884674  -1.000000 -0.000060 0.000121  0.113434 0.230630 0
0  -7.221469 38.964630 8.331647  -1.000000 -0.000060 0.000121  0.125371 0.253485 0
door_01
0  -7.221808 43.073669 7.556423  -1.000000 -0.000060 0.000121  0.127351 0.223641 0
0  -7.221469 38.964630 8.331647  -1.000000 -0.000060 0.000121  0.125371 0.253485 0
0  -7.221360 40.334152 9.899567  -1.000000 -0.000060 0.000121  0.138781 0.246669 0
door_01
0  -7.221683 44.475273 9.286763  -1.000000 -0.000060 0.000121  0.141504 0.216936 0
0  -7.221808 43.073669 7.556423  -1.000000 -0.000060 0.000121  0.127351 0.223641 0
0  -7.221360 40.334152 9.899567  -1.000000 -0.000060 0.000121  0.138781 0.246669 0
door_01
0  -7.221683 44.475273 9.286763  -1.000000 -0.000060 0.000121  0.141504 0.216936 0
0  -7.221360 40.334152 9.899567  -1.000000 -0.000060 0.000121  0.138781 0.246669 0
0  -7.221242 41.647614 11.518864  -1.000000 -0.000060 0.000122  0.152348 0.240185 0
door_01
0  -7.221113 42.891079 13.192187  -1.000000 -0.000059 0.000121  0.166067 0.234087 0
0  -7.221683 44.475273 9.286763  -1.000000 -0.000060 0.000121  0.141504 0.216936 0
0  -7.221242 41.647614 11.518864  -1.000000 -0.000060 0.000122  0.152348 0.240185 0
door_01
0  -7.221113 42.891079 13.192187  -1.000000 -0.000059 0.000121  0.166067 0.234087 0
0  -7.221542 45.803501 11.076523  -1.000000 -0.000059 0.000122  0.155871 0.210601 0
0  -7.221683 44.475273 9.286763  -1.000000 -0.000060 0.000121  0.141504 0.216936 0
door_01
0  -7.221400 47.096783 12.886672  -1.000000 -0.000059 0.000121  0.170267 0.204404 0
0  -7.221542 45.803501 11.076523  -1.000000 -0.000059 0.000122  0.155871 0.210601 0
0  -7.221113 42.891079 13.192187  -1.000000 -0.000059 0.000121  0.166067 0.234087 0
door_01
0  -7.221400 47.096783 12.886672  -1.000000 -0.000059 0.000121  0.170267 0.204404 0
0  -7.221113 42.891079 13.192187  -1.000000 -0.000059 0.000121  0.166067 0.234087 0
0  -7.220980 44.101421 14.885939  -1.000000 -0.000060 0.000121  0.179857 0.228206 0
door_01
0  -7.221246 48.299644 14.750899  -1.000000 -0.000060 0.000121  0.184784 0.198670 0
0  -7.221400 47.096783 12.886672  -1.000000 -0.000059 0.000121  0.170267 0.204404 0
0  -7.220980 44.101421 14.885939  -1.000000 -0.000060 0.000121  0.179857 0.228206 0
door_01
0  -7.221246 48.299644 14.750899  -1.000000 -0.000060 0.000121  0.184784 0.198670 0
0  -7.220980 44.101421 14.885939  -1.000000 -0.000060 0.000121  0.179857 0.228206 0
0  -7.220835 45.228481 16.633209  -1.000000 -0.000060 0.000121  0.193819 0.222762 0
door_01
0  -7.221079 49.417656 16.674120  -1.000000 -0.000059 0.000122  0.199529 0.193427 0
0  -7.221246 48.299644 14.750899  -1.000000 -0.000060 0.000121  0.184784 0.198670 0
0  -7.220835 45.228481 16.633209  -1.000000 -0.000060 0.000121  0.193819 0.222762 0
door_01
0  -7.221079 49.417656 16.674120  -1.000000 -0.000059 0.000122  0.199529 0.193427 0
0  -7.220835 45.228481 16.633209  -1.000000 -0.000060 0.000121  0.193819 0.222762 0
0  -7.220678 46.276161 18.435612  -1.000000 -0.000059 0.000122  0.207957 0.217668 0
door_01
0  -7.220510 47.237816 20.285627  -1.000000 -0.000060 0.000122  0.222234 0.213021 0
0  -7.221079 49.417656 16.674120  -1.000000 -0.000059 0.000122  0.199529 0.193427 0
0  -7.220678 46.276161 18.435612  -1.000000 -0.000059 0.000122  0.207957 0.217668 0
door_01
0  -7.220510 47.237816 20.285627  -1.000000 -0.000060 0.000122  0.222234 0.213021 0
0  -7.220900 50.445278 18.651152  -1.000000 -0.000060 0.000121  0.214472 0.188616 0
0  -7.221079 49.417656 16.674120  -1.000000 -0.000059 0.000122  0.199529 0.193427 0
door_01
0  -7.220717 51.434628 20.643051  -1.000000 -0.000060 0.000122  0.229433 0.183948 0
0  -7.220900 50.445278 18.651152  -1.000000 -0.000060 0.000121  0.214472 0.188616 0
0  -7.220510 47.237816 20.285627  -1.000000 -0.000060 0.000122  0.222234 0.213021 0
door_01
0  -7.220717 51.434628 20.643051  -1.000000 -0.000060 0.000122  0.229433 0.183948 0
0  -7.220510 47.237816 20.285627  -1.000000 -0.000060 0.000122  0.222234 0.213021 0
0  -7.220338 48.163666 22.149494  -1.000000 -0.000060 0.000122  0.236552 0.208604 0
door_01
0  -7.220524 52.328854 22.673162  -1.000000 -0.000060 0.000122  0.244467 0.179742 0
0  -7.220717 51.434628 20.643051  -1.000000 -0.000060 0.000122  0.229433 0.183948 0
0  -7.220338 48.163666 22.149494  -1.000000 -0.000060 0.000122  0.236552 0.208604 0
door_01
0  -7.220524 52.328854 22.673162  -1.000000 -0.000060 0.000122  0.244467 0.179742 0
0  -7.220338 48.163666 22.149494  -1.000000 -0.000060 0.000122  0.236552 0.208604 0
0  -7.220157 49.001709 24.051878  -1.000000 -0.000060 0.000122  0.250994 0.204627 0
door_01
0  -7.220319 53.132011 24.748259  -1.000000 -0.000060 0.000122  0.259681 0.176030 0
0  -7.220524 52.328854 22.673162  -1.000000 -0.000060 0.000122  0.244467 0.179742 0
0  -7.220157 49.001709 24.051878  -1.000000 -0.000060 0.000122  0.250994 0.204627 0
door_01
0  -7.220319 53.132011 24.748259  -1.000000 -0.000060 0.000122  0.259681 0.176030 0
0  -7.220157 49.001709 24.051878  -1.000000 -0.000060 0.000122  0.250994 0.204627 0
0  -7.219966 49.754341 25.996113  -1.000000 -0.000060 0.000122  0.265574 0.201010 0
door_01
0  -7.219763 50.421669 27.971729  -1.000000 -0.000060 0.000122  0.280237 0.197809 0
0  -7.220319 53.132011 24.748259  -1.000000 -0.000060 0.000122  0.259681 0.176030 0
0  -7.219966 49.754341 25.996113  -1.000000 -0.000060 0.000122  0.265574 0.201010 0
door_01
0  -7.219763 50.421669 27.971729  -1.000000 -0.000060 0.000122  0.280237 0.197809 0
0  -7.220104 53.845020 26.859354  -1.000000 -0.000060 0.000122  0.275036 0.172723 0
0  -7.220319 53.132011 24.748259  -1.000000 -0.000060 0.000122  0.259681 0.176030 0
door_01
0  -7.219887 54.537453 28.980011  -1.000000 -0.000060 0.000122  0.290413 0.169469 0
0  -7.220104 53.845020 26.859354  -1.000000 -0.000060 0.000122  0.275036 0.172723 0
0  -7.219763 50.421669 27.971729  -1.000000 -0.000060 0.000122  0.280237 0.197809 0
door_01
0  -7.219887 54.537453 28.980011  -1.000000 -0.000060 0.000122  0.290413 0.169469 0
0  -7.219763 50.421669 27.971729  -1.000000 -0.000060 0.000122  0.280237 0.197809 0
0  -7.219561 51.069008 29.954304  -1.000000 -0.000060 0.000122  0.294936 0.194741 0
door_01
0  -7.219659 55.118740 31.121847  -1.000000 -0.000060 0.000122  0.305774 0.166739 0
0  -7.219887 54.537453 28.980011  -1.000000 -0.000060 0.000122  0.290413 0.169469 0
0  -7.219561 51.069008 29.954304  -1.000000 -0.000060 0.000122  0.294936 0.194741 0
door_01
0  -7.219659 55.118740 31.121847  -1.000000 -0.000060 0.000122  0.305774 0.166739 0
0  -7.219561 51.069008 29.954304  -1.000000 -0.000060 0.000122  0.294936 0.194741 0
0  -7.219348 51.614235 31.963316  -1.000000 -0.000060 0.000122  0.309728 0.192176 0
door_01
0  -7.219422 55.572197 33.295822  -1.000000 -0.000060 0.000122  0.321248 0.164685 0
0  -7.219659 55.118740 31.121847  -1.000000 -0.000060 0.000122  0.305774 0.166739 0
0  -7.219348 51.614235 31.963316  -1.000000 -0.000060 0.000122  0.309728 0.192176 0
door_01
0  -7.219422 55.572197 33.295822  -1.000000 -0.000060 0.000122  0.321248 0.164685 0
0  -7.219348 51.614235 31.963316  -1.000000 -0.000060 0.000122  0.309728 0.192176 0
0  -7.219125 52.039528 34.002338  -1.000000 -0.000060 0.000122  0.324610 0.190137 0
door_01
0  -7.218894 52.363800 36.061249  -1.000000 -0.000059 0.000122  0.339534 0.188590 0
0  -7.219422 55.572197 33.295822  -1.000000 -0.000060 0.000122  0.321248 0.164685 0
0  -7.219125 52.039528 34.002338  -1.000000 -0.000060 0.000122  0.324610 0.190137 0
door_01
0  -6.124134 29.611076 92.832901  -0.707204 0.368948 0.603108  0.651828 0.928904 0
0  -6.123477 33.416721 90.349777  -0.706977 0.386556 0.592248  0.678455 0.911539 0
0  -6.224913 33.357029 90.267654  -0.706978 0.386555 0.592247  0.677885 0.910717 0
door_01
0  -6.124134 29.611076 92.832901  -0.707204 0.368948 0.603108  0.651828 0.928904 0
0  -6.224913 33.357029 90.267654  -0.706978 0.386555 0.592247  0.677885 0.910717 0
0  -6.225563 29.558096 92.746384  -0.707204 0.368948 0.603108  0.651307 0.928043 0
door_01
0  -6.121468 25.809996 95.011131  -0.707199 0.330658 0.624928  0.624945 0.944193 0
0  -6.124134 29.611076 92.832901  -0.707204 0.368948 0.603108  0.651828 0.928904 0
0  -6.225563 29.558096 92.746384  -0.707204 0.368948 0.603108  0.651307 0.928043 0
door_01
0  -6.121468 25.809996 95.011131  -0.707199 0.330658 0.624928  0.624945 0.944193 0
0  -6.225563 29.558096 92.746384  -0.707204 0.368948 0.603108  0.651307 0.928043 0
0  -6.222905 25.762495 94.921471  -0.707198 0.330664 0.624926  0.624481 0.943296 0
door_01
0  -6.222905 25.762495 94.921471  -0.707198 0.330664 0.624926  0.624481 0.943296 0
0  -6.120473 21.797867 96.968040  -0.707596 0.270318 0.652868  0.596604 0.957889 0
0  -6.121468 25.809996 95.011131  -0.707199 0.330658 0.624928  0.624945 0.944193 0
door_01
0  -6.222905 25.762495 94.921471  -0.707198 0.330664 0.624926  0.624481 0.943296 0
0  -6.221915 21.758972 96.874199  -0.707595 0.270320 0.652868  0.596229 0.956954 0
0  -6.120473 21.797867 96.968040  -0.707596 0.270318 0.652868  0.596604 0.957889 0
door_01
0  -6.119573 17.567842 98.425156  -0.707081 0.212680 0.674391  0.566786 0.968053 0
0  -6.120473 21.797867 96.968040  -0.707596 0.270318 0.652868  0.596604 0.957889 0
0  -6.221915 21.758972 96.874199  -0.707595 0.270320 0.652868  0.596229 0.956954 0
door_01
0  -6.119573 17.567842 98.425156  -0.707081 0.212680 0.674391  0.566786 0.968053 0
0  -6.221915 21.758972 96.874199  -0.707595 0.270320 0.652868  0.596229 0.956954 0
0  -6.221016 17.537310 98.328430  -0.707083 0.212681 0.674389  0.566501 0.967090 0
door_01
0  -6.221016 17.537310 98.328430  -0.707083 0.212681 0.674389  0.566501 0.967090 0
0  -6.118803 13.270526 99.659096  -0.707266 0.165083 0.687403  0.536592 0.976626 0
0  -6.119573 17.567842 98.425156  -0.707081 0.212680 0.674391  0.566786 0.968053 0
door_01
0  -6.221016 17.537310 98.328430  -0.707083 0.212681 0.674389  0.566501 0.967090 0
0  -6.220207 13.244983 99.560883  -0.707266 0.164570 0.687526  0.536366 0.975651 0
0  -6.118803 13.270526 99.659096  -0.707266 0.165083 0.687403  0.536592 0.976626 0
door_01
0  -6.117995 8.892926 100.507408  -0.706783 0.121837 0.696859  0.505963 0.982489 0
0  -6.118803 13.270526 99.659096  -0.707266 0.165083 0.687403  0.536592 0.976626 0
0  -6.220207 13.244983 99.560883  -0.707266 0.164570 0.687526  0.536366 0.975651 0
door_01
0  -6.117995 8.892926 100.507408  -0.706783 0.121837 0.696859  0.505963 0.982489 0
0  -6.220207 13.244983 99.560883  -0.707266 0.164570 0.687526  0.536366 0.975651 0
0  -6.219539 8.875789 100.407364  -0.706774 0.121525 0.696924  0.505804 0.981500 0
door_01
0  -6.219539 8.875789 100.407364  -0.706774 0.121525 0.696924  0.505804 0.981500 0
0  -6.200761 5.178553 100.987793  -0.707775 0.055300 0.704270  0.480023 0.985804 0
0  -6.117995 8.892926 100.507408  -0.706783 0.121837 0.696859  0.505963 0.982489 0
door_01
0  -6.219539 8.875789 100.407364  -0.706774 0.121525 0.696924  0.505804 0.981500 0
0  -6.302142 5.171762 100.886482  -0.707743 0.056000 0.704247  0.479960 0.984804 0
0  -6.200761 5.178553 100.987793  -0.707775 0.055300 0.704270  0.480023 0.985804 0
door_01
0  -6.116577 1.264181 101.107269  -0.707282 0.006351 0.706903  0.452640 0.986573 0
0  -6.200761 5.178553 100.987793  -0.707775 0.055300 0.704270  0.480023 0.985804 0
0  -6.302142 5.171762 100.886482  -0.707743 0.056000 0.704247  0.479960 0.984804 0
door_01
0  -6.116577 1.264181 101.107269  -0.707282 0.006351 0.706903  0.452640 0.986573 0
0  -6.302142 5.171762 100.886482  -0.707743 0.056000 0.704247  0.479960 0.984804 0
0  -6.218482 1.285132 101.005112  -0.707288 0.006351 0.706897  0.452873 0.985598 0
door_01
0  -5.473084 1.827078 49.980705  0.000096 0.308966 0.951073  0.809950 0.201580 0
0  -5.154747 0.924511 50.197304  0.000126 0.156345 0.987703  0.796997 0.209829 0
0  -5.154828 1.827097 49.980663  0.000104 0.308963 0.951074  0.811493 0.206315 0
door_01
0  -5.473084 1.827078 49.980705  0.000096 0.308966 0.951073  0.809950 0.201580 0
0  -5.473003 0.924492 50.197342  0.000125 0.156298 0.987710  0.796195 0.204911 0
0  -5.154747 0.924511 50.197304  0.000126 0.156345 0.987703  0.796997 0.209829 0
door_01
0  -5.473003 0.924492 50.197342  0.000125 0.156298 0.987710  0.796195 0.204911 0
0  -5.154682 0.005112 50.265041  0.000115 0.078386 0.996923  0.782080 0.210986 0
0  -5.154747 0.924511 50.197304  0.000126 0.156345 0.987703  0.796997 0.209829 0
door_01
0  -5.473003 0.924492 50.197342  0.000125 0.156298 0.987710  0.796195 0.204911 0
0  -5.470515 0.004883 50.264931  0.000099 0.078387 0.996923  0.782069 0.206014 0
0  -5.154682 0.005112 50.265041  0.000115 0.078386 0.996923  0.782080 0.210986 0
door_01
0  -5.474131 5.842231 43.429497  -0.000087 0.987697 -0.156377  0.871106 0.101549 0
0  -5.155764 5.915025 44.354855  -0.000059 1.000000 0.000061  0.877175 0.115652 0
0  -5.155873 5.842252 43.429455  -0.000085 0.987698 -0.156374  0.876011 0.100772 0
door_01
0  -5.474131 5.842231 43.429497  -0.000087 0.987697 -0.156377  0.871106 0.101549 0
0  -5.474020 5.915007 44.354897  -0.000059 1.000000 0.000058  0.872210 0.115652 0
0  -5.155764 5.915025 44.354855  -0.000059 1.000000 0.000061  0.877175 0.115652 0
door_01
0  -5.474020 5.915007 44.354897  -0.000059 1.000000 0.000058  0.872210 0.115652 0
0  -5.155647 5.842139 45.280254  -0.000042 0.987678 0.156501  0.876011 0.130531 0
0  -5.155764 5.915025 44.354855  -0.000059 1.000000 0.000061  0.877175 0.115652 0
door_01
0  -5.474020 5.915007 44.354897  -0.000059 1.000000 0.000058  0.872210 0.115652 0
0  -5.473904 5.842119 45.280289  -0.000042 0.987679 0.156496  0.871106 0.129754 0
0  -5.155647 5.842139 45.280254  -0.000042 0.987678 0.156501  0.876011 0.130531 0
door_01
0  -5.473904 5.842119 45.280289  -0.000042 0.987679 0.156496  0.871106 0.129754 0
0  -5.155523 5.625380 46.182854  -0.000022 0.951037 0.309076  0.872543 0.145056 0
0  -5.155647 5.842139 45.280254  -0.000042 0.987678 0.156501  0.876011 0.130531 0
door_01
0  -5.473904 5.842119 45.280289  -0.000042 0.987679 0.156496  0.871106 0.129754 0
0  -5.473780 5.625360 46.182888  -0.000021 0.951039 0.309071  0.867816 0.143519 0
0  -5.155523 5.625380 46.182854  -0.000022 0.951037 0.309076  0.872543 0.145056 0
door_01
0  -5.473780 5.625360 46.182888  -0.000021 0.951039 0.309071  0.867816 0.143519 0
0  -5.155397 5.270102 47.040443  -0.000006 0.890981 0.454041  0.866844 0.158870 0
0  -5.155523 5.625380 46.182854  -0.000022 0.951037 0.309076  0.872543 0.145056 0
door_01
0  -5.473780 5.625360 46.182888  -0.000021 0.951039 0.309071  0.867816 0.143519 0
0  -5.473654 5.270082 47.040478  -0.000002 0.890983 0.454036  0.862413 0.156612 0
0  -5.155397 5.270102 47.040443  -0.000006 0.890981 0.454041  0.866844 0.158870 0
door_01
0  -5.473654 5.270082 47.040478  -0.000002 0.890983 0.454036  0.862413 0.156612 0
0  -5.155270 4.785052 47.831871  0.000026 0.808987 0.587827  0.859057 0.171622 0
0  -5.155397 5.270102 47.040443  -0.000006 0.890981 0.454041  0.866844 0.158870 0
door_01
0  -5.473654 5.270082 47.040478  -0.000002 0.890983 0.454036  0.862413 0.156612 0
0  -5.473527 4.785033 47.831909  0.000031 0.808989 0.587823  0.855031 0.168703 0
0  -5.155270 4.785052 47.831871  0.000026 0.808987 0.587827  0.859057 0.171622 0
door_01
0  -5.473527 4.785033 47.831909  0.000031 0.808989 0.587823  0.855031 0.168703 0
0  -5.155148 4.182166 48.537697  0.000041 0.707051 0.707162  0.849377 0.183001 0
0  -5.155270 4.785052 47.831871  0.000026 0.808987 0.587827  0.859057 0.171622 0
door_01
0  -5.473527 4.785033 47.831909  0.000031 0.808989 0.587823  0.855031 0.168703 0
0  -5.473403 4.182146 48.537731  0.000041 0.707055 0.707158  0.845855 0.179485 0
0  -5.155148 4.182166 48.537697  0.000041 0.707051 0.707162  0.849377 0.183001 0
door_01
0  -5.473403 4.182146 48.537731  0.000041 0.707055 0.707158  0.845855 0.179485 0
0  -5.155031 3.476227 49.140499  0.000052 0.587725 0.809061  0.838034 0.192741 0
0  -5.155148 4.182166 48.537697  0.000041 0.707051 0.707162  0.849377 0.183001 0
door_01
0  -5.473403 4.182146 48.537731  0.000041 0.707055 0.707158  0.845855 0.179485 0
0  -5.473288 3.476207 49.140541  0.000055 0.587729 0.809058  0.835101 0.188717 0
0  -5.155031 3.476227 49.140499  0.000052 0.587725 0.809061  0.838034 0.192741 0
door_01
0  -5.473288 3.476207 49.140541  0.000055 0.587729 0.809058  0.835101 0.188717 0
0  -5.154923 2.684739 49.625473  0.000088 0.453943 0.891031  0.825294 0.200587 0
0  -5.155031 3.476227 49.140499  0.000052 0.587725 0.809061  0.838034 0.192741 0
door_01
0  -5.473288 3.476207 49.140541  0.000055 0.587729 0.809058  0.835101 0.188717 0
0  -5.473179 2.684720 49.625515  0.000087 0.453947 0.891029  0.823029 0.196151 0
0  -5.154923 2.684739 49.625473  0.000088 0.453943 0.891031  0.825294 0.200587 0
door_01
0  -5.473179 2.684720 49.625515  0.000087 0.453947 0.891029  0.823029 0.196151 0
0  -5.154828 1.827097 49.980663  0.000104 0.308963 0.951074  0.811493 0.206315 0
0  -5.154923 2.684739 49.625473  0.000088 0.453943 0.891031  0.825294 0.200587 0
door_01
0  -5.473179 2.684720 49.625515  0.000087 0.453947 0.891029  0.823029 0.196151 0
0  -5.473084 1.827078 49.980705  0.000096 0.308966 0.951073  0.809950 0.201580 0
0  -5.154828 1.827097 49.980663  0.000104 0.308963 0.951074  0.811493 0.206315 0
door_01
0  -5.472401 0.006454 38.443352  -0.000144 0.078521 -0.996912  0.782069 0.025289 0
0  -5.156175 0.925224 38.511803  -0.000118 0.156463 -0.987684  0.796997 0.021474 0
0  -5.156126 0.003312 38.446285  -0.000138 0.078517 -0.996913  0.782080 0.020317 0
door_01
0  -5.472401 0.006454 38.443352  -0.000144 0.078521 -0.996912  0.782069 0.025289 0
0  -5.474432 0.925205 38.511845  -0.000130 0.156400 -0.987694  0.796195 0.026392 0
0  -5.156175 0.925224 38.511803  -0.000118 0.156463 -0.987684  0.796997 0.021474 0
door_01
0  -5.474432 0.925205 38.511845  -0.000130 0.156400 -0.987694  0.796195 0.026392 0
0  -5.156203 1.827784 38.728558  -0.000144 0.309077 -0.951037  0.811493 0.024988 0
0  -5.156175 0.925224 38.511803  -0.000118 0.156463 -0.987684  0.796997 0.021474 0
door_01
0  -5.474432 0.925205 38.511845  -0.000130 0.156400 -0.987694  0.796195 0.026392 0
0  -5.474460 1.827764 38.728596  -0.000140 0.309073 -0.951038  0.809950 0.029723 0
0  -5.156203 1.827784 38.728558  -0.000144 0.309077 -0.951037  0.811493 0.024988 0
door_01
0  -5.474460 1.827764 38.728596  -0.000140 0.309073 -0.951038  0.809950 0.029723 0
0  -5.156211 2.685382 39.083839  -0.000134 0.454052 -0.890975  0.825294 0.030717 0
0  -5.156203 1.827784 38.728558  -0.000144 0.309077 -0.951037  0.811493 0.024988 0
door_01
0  -5.474460 1.827764 38.728596  -0.000140 0.309073 -0.951038  0.809950 0.029723 0
0  -5.474469 2.685363 39.083878  -0.000129 0.454048 -0.890977  0.823029 0.035152 0
0  -5.156211 2.685382 39.083839  -0.000134 0.454052 -0.890975  0.825294 0.030717 0
door_01
0  -5.474469 2.685363 39.083878  -0.000129 0.454048 -0.890977  0.823029 0.035152 0
0  -5.156201 3.476811 39.568916  -0.000146 0.587829 -0.808985  0.838034 0.038562 0
0  -5.156211 2.685382 39.083839  -0.000134 0.454052 -0.890975  0.825294 0.030717 0
door_01
0  -5.474469 2.685363 39.083878  -0.000129 0.454048 -0.890977  0.823029 0.035152 0
0  -5.474458 3.476791 39.568954  -0.000141 0.587825 -0.808988  0.835101 0.042586 0
0  -5.156201 3.476811 39.568916  -0.000146 0.587829 -0.808985  0.838034 0.038562 0
door_01
0  -5.474458 3.476791 39.568954  -0.000141 0.587825 -0.808988  0.835101 0.042586 0
0  -5.156169 4.182676 40.171810  -0.000133 0.707143 -0.707070  0.849377 0.048302 0
0  -5.156201 3.476811 39.568916  -0.000146 0.587829 -0.808985  0.838034 0.038562 0
door_01
0  -5.474458 3.476791 39.568954  -0.000141 0.587825 -0.808988  0.835101 0.042586 0
0  -5.474426 4.182656 40.171848  -0.000124 0.707140 -0.707073  0.845855 0.051818 0
0  -5.156169 4.182676 40.171810  -0.000133 0.707143 -0.707070  0.849377 0.048302 0
door_01
0  -5.474426 4.182656 40.171848  -0.000124 0.707140 -0.707073  0.845855 0.051818 0
0  -5.156120 4.785477 40.877708  -0.000115 0.809062 -0.587723  0.859057 0.059681 0
0  -5.156169 4.182676 40.171810  -0.000133 0.707143 -0.707070  0.849377 0.048302 0
door_01
0  -5.474426 4.182656 40.171848  -0.000124 0.707140 -0.707073  0.845855 0.051818 0
0  -5.474377 4.785457 40.877747  -0.000111 0.809060 -0.587726  0.855031 0.062600 0
0  -5.156120 4.785477 40.877708  -0.000115 0.809062 -0.587723  0.859057 0.059681 0
door_01
0  -5.474377 4.785457 40.877747  -0.000111 0.809060 -0.587726  0.855031 0.062600 0
0  -5.156054 5.270430 41.669212  -0.000108 0.891039 -0.453927  0.866844 0.072433 0
0  -5.156120 4.785477 40.877708  -0.000115 0.809062 -0.587723  0.859057 0.059681 0
door_01
0  -5.474377 4.785457 40.877747  -0.000111 0.809060 -0.587726  0.855031 0.062600 0
0  -5.474310 5.270410 41.669250  -0.000106 0.891037 -0.453931  0.862413 0.074692 0
0  -5.156054 5.270430 41.669212  -0.000108 0.891039 -0.453927  0.866844 0.072433 0
door_01
0  -5.474310 5.270410 41.669250  -0.000106 0.891037 -0.453931  0.862413 0.074692 0
0  -5.155970 5.625602 42.526825  -0.000088 0.951075 -0.308960  0.872543 0.086247 0
0  -5.156054 5.270430 41.669212  -0.000108 0.891039 -0.453927  0.866844 0.072433 0
door_01
0  -5.474310 5.270410 41.669250  -0.000106 0.891037 -0.453931  0.862413 0.074692 0
0  -5.474226 5.625584 42.526863  -0.000090 0.951074 -0.308964  0.867816 0.087785 0
0  -5.155970 5.625602 42.526825  -0.000088 0.951075 -0.308960  0.872543 0.086247 0
door_01
0  -5.474226 5.625584 42.526863  -0.000090 0.951074 -0.308964  0.867816 0.087785 0
0  -5.155873 5.842252 43.429455  -0.000085 0.987698 -0.156374  0.876011 0.100772 0
0  -5.155970 5.625602 42.526825  -0.000088 0.951075 -0.308960  0.872543 0.086247 0
door_01
0  -5.474226 5.625584 42.526863  -0.000090 0.951074 -0.308964  0.867816 0.087785 0
0  -5.474131 5.842231 43.429497  -0.000087 0.987697 -0.156377  0.871106 0.101549 0
0  -5.155873 5.842252 43.429455  -0.000085 0.987698 -0.156374  0.876011 0.100772 0
door_01
0  6.832469 14.417643 64.197502  0.818231 -0.347655 -0.457858  0.674519 0.084081 0
0  7.193859 16.516905 63.249352  0.828515 -0.370131 -0.420197  0.663269 0.071486 0
0  7.194068 15.144711 64.283562  0.818301 -0.347622 -0.457759  0.673678 0.078255 0
door_01
0  6.832469 14.417643 64.197502  0.818231 -0.347655 -0.457858  0.674519 0.084081 0
0  6.832232 15.962697 63.015633  0.824678 -0.361279 -0.435183  0.662554 0.076557 0
0  7.193859 16.516905 63.249352  0.828515 -0.370131 -0.420197  0.663269 0.071486 0
door_01
0  7.193859 16.516905 63.249352  0.828515 -0.370131 -0.420197  0.663269 0.071486 0
0  6.832232 15.962697 63.015633  0.824678 -0.361279 -0.435183  0.662554 0.076557 0
0  6.831985 17.344551 61.697746  0.832076 -0.395179 -0.389208  0.650174 0.069985 0
door_01
0  7.193859 16.516905 63.249352  0.828515 -0.370131 -0.420197  0.663269 0.071486 0
0  6.831985 17.344551 61.697746  0.832076 -0.395179 -0.389208  0.650174 0.069985 0
0  7.193640 17.725899 62.079109  0.831901 -0.395327 -0.389432  0.652337 0.065814 0
door_01
0  6.831985 17.344551 61.697746  0.832076 -0.395179 -0.389208  0.650174 0.069985 0
0  7.193383 19.069321 60.643188  0.830671 -0.423277 -0.361693  0.639317 0.059520 0
0  7.193640 17.725899 62.079109  0.831901 -0.395327 -0.389432  0.652337 0.065814 0
door_01
0  6.831985 17.344551 61.697746  0.832076 -0.395179 -0.389208  0.650174 0.069985 0
0  6.831734 18.659075 60.292709  0.830673 -0.423278 -0.361688  0.637365 0.063808 0
0  7.193383 19.069321 60.643188  0.830671 -0.423277 -0.361693  0.639317 0.059520 0
door_01
0  7.193383 19.069321 60.643188  0.830671 -0.423277 -0.361693  0.639317 0.059520 0
0  6.831734 18.659075 60.292709  0.830673 -0.423278 -0.361688  0.637365 0.063808 0
0  6.831475 19.844238 58.770927  0.830539 -0.448937 -0.329636  0.624228 0.058218 0
door_01
0  7.193383 19.069321 60.643188  0.830671 -0.423277 -0.361693  0.639317 0.059520 0
0  6.831475 19.844238 58.770927  0.830539 -0.448937 -0.329636  0.624228 0.058218 0
0  7.193120 20.280523 59.087929  0.830539 -0.448985 -0.329572  0.625967 0.053846 0
door_01
0  6.831475 19.844238 58.770927  0.830539 -0.448937 -0.329636  0.624228 0.058218 0
0  7.192853 21.400021 57.467197  0.830847 -0.474430 -0.290876  0.612401 0.048695 0
0  7.193120 20.280523 59.087929  0.830539 -0.448985 -0.329572  0.625967 0.053846 0
door_01
0  6.831475 19.844238 58.770927  0.830539 -0.448937 -0.329636  0.624228 0.058218 0
0  6.831215 20.939688 57.185062  0.830846 -0.474435 -0.290873  0.610861 0.053157 0
0  7.192853 21.400021 57.467197  0.830847 -0.474430 -0.290876  0.612401 0.048695 0
door_01
0  7.192853 21.400021 57.467197  0.830847 -0.474430 -0.290876  0.612401 0.048695 0
0  6.831215 20.939688 57.185062  0.830846 -0.474435 -0.290873  0.610861 0.053157 0
0  6.830952 21.855425 55.489082  0.830542 -0.497415 -0.250555  0.597215 0.048905 0
door_01
0  7.192853 21.400021 57.467197  0.830847 -0.474430 -0.290876  0.612401 0.048695 0
0  6.830952 21.855425 55.489082  0.830542 -0.497415 -0.250555  0.597215 0.048905 0
0  7.192585 22.335905 55.733940  0.830541 -0.497379 -0.250632  0.598541 0.044391 0
door_01
0  6.830952 21.855425 55.489082  0.830542 -0.497415 -0.250555  0.597215 0.048905 0
0  7.192316 23.171768 53.948647  0.830693 -0.514324 -0.213121  0.584520 0.040632 0
0  7.192585 22.335905 55.733940  0.830541 -0.497379 -0.250632  0.598541 0.044391 0
door_01
0  6.830952 21.855425 55.489082  0.830542 -0.497415 -0.250555  0.597215 0.048905 0
0  6.830688 22.673235 53.742207  0.830694 -0.514324 -0.213116  0.583413 0.045212 0
0  7.192316 23.171768 53.948647  0.830693 -0.514324 -0.213121  0.584520 0.040632 0
door_01
0  7.192316 23.171768 53.948647  0.830693 -0.514324 -0.213121  0.584520 0.040632 0
0  6.830688 22.673235 53.742207  0.830694 -0.514324 -0.213116  0.583413 0.045212 0
0  6.830429 23.328302 51.933048  0.830580 -0.529476 -0.172602  0.569476 0.042207 0
door_01
0  7.192316 23.171768 53.948647  0.830693 -0.514324 -0.213121  0.584520 0.040632 0
0  6.830429 23.328302 51.933048  0.830580 -0.529476 -0.172602  0.569476 0.042207 0
0  7.192051 23.841253 52.099720  0.830587 -0.529471 -0.172584  0.570362 0.037582 0
door_01
0  6.830429 23.328302 51.933048  0.830580 -0.529476 -0.172602  0.569476 0.042207 0
0  7.191785 24.390518 50.206730  0.830686 -0.541336 -0.130062  0.556048 0.035161 0
0  7.192051 23.841253 52.099720  0.830587 -0.529471 -0.172584  0.570362 0.037582 0
door_01
0  6.830429 23.328302 51.933048  0.830580 -0.529476 -0.172602  0.569476 0.042207 0
0  6.830168 23.865873 50.080791  0.830684 -0.541337 -0.130066  0.555380 0.039826 0
0  7.191785 24.390518 50.206730  0.830686 -0.541336 -0.130062  0.556048 0.035161 0
door_01
0  5.235717 0.065376 44.353233  0.999998 0.001865 -0.001010  0.440550 0.587346 0
0  5.229685 6.374306 45.362682  1.000000 0.000936 0.000123  0.484323 0.593837 0
0  5.229684 6.275352 45.858940  1.000000 0.000911 0.000249  0.483672 0.597080 0
door_01
0  5.229660 6.433036 44.859077  1.000000 0.000949 0.000027  0.484718 0.590546 0
0  5.229685 6.374306 45.362682  1.000000 0.000936 0.000123  0.484323 0.593837 0
0  5.235717 0.065376 44.353233  0.999998 0.001865 -0.001010  0.440550 0.587346 0
door_01
0  5.229660 6.433036 44.859077  1.000000 0.000949 0.000027  0.484718 0.590546 0
0  5.235717 0.065376 44.353233  0.999998 0.001865 -0.001010  0.440550 0.587346 0
0  5.229640 6.451225 44.353222  1.000000 0.000952 -0.000002  0.484855 0.587240 0
door_01
0  5.235717 0.065376 44.353233  0.999998 0.001865 -0.001010  0.440550 0.587346 0
0  5.229658 6.432992 43.846672  1.000000 0.000950 -0.000027  0.484759 0.583931 0
0  5.229640 6.451225 44.353222  1.000000 0.000952 -0.000002  0.484855 0.587240 0
door_01
0  5.235717 0.065376 44.353233  0.999998 0.001865 -0.001010  0.440550 0.587346 0
0  5.229685 6.374763 43.343533  1.000000 0.000936 -0.000121  0.484408 0.580644 0
0  5.229658 6.432992 43.846672  1.000000 0.000950 -0.000027  0.484759 0.583931 0
door_01
0  5.229684 6.275429 42.846966  1.000000 0.000911 -0.000249  0.483794 0.577396 0
0  5.229685 6.374763 43.343533  1.000000 0.000936 -0.000121  0.484408 0.580644 0
0  5.235717 0.065376 44.353233  0.999998 0.001865 -0.001010  0.440550 0.587346 0
door_01
0  5.229684 6.275429 42.846966  1.000000 0.000911 -0.000249  0.483794 0.577396 0
0  5.235717 0.065376 44.353233  0.999998 0.001865 -0.001010  0.440550 0.587346 0
0  5.229659 6.135428 42.359676  1.000000 0.000882 -0.000355  0.482916 0.574202 0
door_01
0  5.235717 0.065376 44.353233  0.999998 0.001865 -0.001010  0.440550 0.587346 0
0  5.229621 5.958884 41.884109  1.000000 0.000846 -0.000449  0.481803 0.571077 0
0  5.229659 6.135428 42.359676  1.000000 0.000882 -0.000355  0.482916 0.574202 0
door_01
0  5.235717 0.065376 44.353233  0.999998 0.001865 -0.001010  0.440550 0.587346 0
0  5.229567 5.748035 41.424416  1.000000 0.000806 -0.000535  0.480467 0.568048 0
0  5.229621 5.958884 41.884109  1.000000 0.000846 -0.000449  0.481803 0.571077 0
door_01
0  5.229507 5.501525 40.981014  0.999999 0.000770 -0.000601  0.478897 0.565116 0
0  5.229567 5.748035 41.424416  1.000000 0.000806 -0.000535  0.480467 0.568048 0
0  5.235717 0.065376 44.353233  0.999998 0.001865 -0.001010  0.440550 0.587346 0
door_01
0  5.229507 5.501525 40.981014  0.999999 0.000770 -0.000601  0.478897 0.565116 0
0  5.235717 0.065376 44.353233  0.999998 0.001865 -0.001010  0.440550 0.587346 0
0  5.229453 5.221598 40.559589  1.000000 0.000742 -0.000643  0.477106 0.562320 0
door_01
0  5.235717 0.065376 44.353233  0.999998 0.001865 -0.001010  0.440550 0.587346 0
0  5.229419 4.909062 40.159336  1.000000 0.000738 -0.000650  0.475101 0.559651 0
0  5.229453 5.221598 40.559589  1.000000 0.000742 -0.000643  0.477106 0.562320 0
door_01
0  5.235717 0.065376 44.353233  0.999998 0.001865 -0.001010  0.440550 0.587346 0
0  5.229441 4.561612 39.791500  1.000000 0.000745 -0.000642  0.472861 0.557172 0
0  5.229419 4.909062 40.159336  1.000000 0.000738 -0.000650  0.475101 0.559651 0
door_01
0  5.229601 3.786489 39.139484  1.000000 0.000676 -0.000691  0.467775 0.552651 0
0  5.229441 4.561612 39.791500  1.000000 0.000745 -0.000642  0.472861 0.557172 0
0  5.235717 0.065376 44.353233  0.999998 0.001865 -0.001010  0.440550 0.587346 0
door_01
0  5.229601 3.786489 39.139484  1.000000 0.000676 -0.000691  0.467775 0.552651 0
0  5.235717 0.065376 44.353233  0.999998 0.001865 -0.001010  0.440550 0.587346 0
0  5.229723 2.930229 38.602451  1.000000 0.000457 -0.000814  0.462032 0.548735 0
door_01
0  5.235717 0.065376 44.353233  0.999998 0.001865 -0.001010  0.440550 0.587346 0
0  5.229673 2.273097 38.314537  1.000000 0.000220 -0.000920  0.457507 0.546392 0
0  5.229723 2.930229 38.602451  1.000000 0.000457 -0.000814  0.462032 0.548735 0
door_01
0  5.235717 0.065376 44.353233  0.999998 0.001865 -0.001010  0.440550 0.587346 0
0  5.229571 1.580940 38.114155  1.000000 0.000085 -0.000965  0.452548 0.544375 0
0  5.229673 2.273097 38.314537  1.000000 0.000220 -0.000920  0.457507 0.546392 0
door_01
0  5.229452 0.688920 37.956203  1.000000 0.000052 -0.000637  0.445656 0.541888 0
0  5.229571 1.580940 38.114155  1.000000 0.000085 -0.000965  0.452548 0.544375 0
0  5.235717 0.065376 44.353233  0.999998 0.001865 -0.001010  0.440550 0.587346 0
door_01
0  5.229452 0.688920 37.956203  1.000000 0.000052 -0.000637  0.445656 0.541888 0
0  5.235717 0.065376 44.353233  0.999998 0.001865 -0.001010  0.440550 0.587346 0
0  5.229489 0.068772 37.956207  1.000000 0.000059 -0.000487  0.441200 0.541941 0
door_01
0  5.229450 0.688306 0.000862  1.000000 0.000061 -0.000000  0.445650 0.268807 0
0  5.229452 0.688920 37.956203  1.000000 0.000052 -0.000637  0.445656 0.541888 0
0  5.229489 0.068772 37.956207  1.000000 0.000059 -0.000487  0.441200 0.541941 0
door_01
0  5.229450 0.688306 0.000862  1.000000 0.000061 -0.000000  0.445650 0.268807 0
0  5.229489 0.068772 37.956207  1.000000 0.000059 -0.000487  0.441200 0.541941 0
0  5.229488 0.068891 0.000862  1.000000 0.000061 -0.000000  0.441204 0.268797 0
door_01
0  5.299072 0.654850 50.728073  0.998856 -0.047819 -0.000223  0.445118 0.632528 0
0  5.229715 0.708420 101.003670  0.998703 -0.050897 0.001374  0.444228 0.985606 0
0  5.229649 0.068817 101.003624  0.998704 -0.050892 0.000785  0.439775 0.985581 0
door_01
0  5.299072 0.654850 50.728073  0.998856 -0.047819 -0.000223  0.445118 0.632528 0
0  5.229649 0.068817 101.003624  0.998704 -0.050892 0.000785  0.439775 0.985581 0
0  5.236497 0.064986 50.748035  0.998547 -0.053889 0.000735  0.440890 0.632641 0
door_01
0  5.236497 0.064986 50.748035  0.998547 -0.053889 0.000735  0.440890 0.632641 0
0  5.235717 0.065376 44.353233  0.999998 0.001865 -0.001010  0.440550 0.587346 0
0  5.299072 0.654850 50.728073  0.998856 -0.047819 -0.000223  0.445118 0.632528 0
door_01
0  5.235717 0.065376 44.353233  0.999998 0.001865 -0.001010  0.440550 0.587346 0
0  5.264256 1.324214 50.608395  0.999298 0.036014 -0.010298  0.450353 0.630504 0
0  5.299072 0.654850 50.728073  0.998856 -0.047819 -0.000223  0.445118 0.632528 0
door_01
0  5.229439 1.993576 50.488720  0.999562 0.028503 -0.007936  0.455206 0.628876 0
0  5.264256 1.324214 50.608395  0.999298 0.036014 -0.010298  0.450353 0.630504 0
0  5.235717 0.065376 44.353233  0.999998 0.001865 -0.001010  0.440550 0.587346 0
door_01
0  5.229439 1.993576 50.488720  0.999562 0.028503 -0.007936  0.455206 0.628876 0
0  5.235717 0.065376 44.353233  0.999998 0.001865 -0.001010  0.440550 0.587346 0
0  5.229489 2.462794 50.320923  0.999871 0.015605 -0.003893  0.458470 0.627365 0
door_01
0  5.235717 0.065376 44.353233  0.999998 0.001865 -0.001010  0.440550 0.587346 0
0  5.229576 2.915367 50.108727  1.000000 0.000388 0.000875  0.461563 0.625669 0
0  5.229489 2.462794 50.320923  0.999871 0.015605 -0.003893  0.458470 0.627365 0
door_01
0  5.235717 0.065376 44.353233  0.999998 0.001865 -0.001010  0.440550 0.587346 0
0  5.229534 3.368263 49.864487  1.000000 0.000596 0.000764  0.464614 0.623832 0
0  5.229576 2.915367 50.108727  1.000000 0.000388 0.000875  0.461563 0.625669 0
door_01
0  5.229462 3.791972 49.572384  1.000000 0.000665 0.000724  0.467436 0.621751 0
0  5.229534 3.368263 49.864487  1.000000 0.000596 0.000764  0.464614 0.623832 0
0  5.235717 0.065376 44.353233  0.999998 0.001865 -0.001010  0.440550 0.587346 0
door_01
0  5.229462 3.791972 49.572384  1.000000 0.000665 0.000724  0.467436 0.621751 0
0  5.235717 0.065376 44.353233  0.999998 0.001865 -0.001010  0.440550 0.587346 0
0  5.229425 4.190763 49.259518  1.000000 0.000672 0.000718  0.470071 0.619579 0
door_01
0  5.235717 0.065376 44.353233  0.999998 0.001865 -0.001010  0.440550 0.587346 0
0  5.229414 4.563847 48.917000  1.000000 0.000699 0.000692  0.472518 0.617247 0
0  5.229425 4.190763 49.259518  1.000000 0.000672 0.000718  0.470071 0.619579 0
door_01
0  5.235717 0.065376 44.353233  0.999998 0.001865 -0.001010  0.440550 0.587346 0
0  5.229419 4.906841 48.545319  1.000000 0.000730 0.000660  0.474757 0.614752 0
0  5.229414 4.563847 48.917000  1.000000 0.000699 0.000692  0.472518 0.617247 0
door_01
0  5.229445 5.219061 48.145161  1.000000 0.000751 0.000633  0.476791 0.612091 0
0  5.229419 4.906841 48.545319  1.000000 0.000730 0.000660  0.474757 0.614752 0
0  5.235717 0.065376 44.353233  0.999998 0.001865 -0.001010  0.440550 0.587346 0
door_01
0  5.229445 5.219061 48.145161  1.000000 0.000751 0.000633  0.476791 0.612091 0
0  5.235717 0.065376 44.353233  0.999998 0.001865 -0.001010  0.440550 0.587346 0
0  5.229491 5.501862 47.724388  0.999999 0.000774 0.000600  0.478633 0.609310 0
door_01
0  5.229551 5.750714 47.283318  1.000000 0.000805 0.000541  0.480250 0.606407 0
0  5.229491 5.501862 47.724388  0.999999 0.000774 0.000600  0.478633 0.609310 0
0  5.235717 0.065376 44.353233  0.999998 0.001865 -0.001010  0.440550 0.587346 0
door_01
0  5.229610 5.960688 46.821774  1.000000 0.000843 0.000461  0.481617 0.603381 0
0  5.229551 5.750714 47.283318  1.000000 0.000805 0.000541  0.480250 0.606407 0
0  5.235717 0.065376 44.353233  0.999998 0.001865 -0.001010  0.440550 0.587346 0
door_01
0  5.229610 5.960688 46.821774  1.000000 0.000843 0.000461  0.481617 0.603381 0
0  5.235717 0.065376 44.353233  0.999998 0.001865 -0.001010  0.440550 0.587346 0
0  5.229658 6.135429 46.346767  1.000000 0.000878 0.000364  0.482756 0.600271 0
door_01
0  5.235717 0.065376 44.353233  0.999998 0.001865 -0.001010  0.440550 0.587346 0
0  5.229684 6.275352 45.858940  1.000000 0.000911 0.000249  0.483672 0.597080 0
0  5.229658 6.135429 46.346767  1.000000 0.000878 0.000364  0.482756 0.600271 0
door_01
0  -6.231281 50.655540 70.165466  -0.000009 0.893940 0.448187  0.586587 0.181738 0
0  -6.852679 49.642963 72.159790  -0.000005 0.879917 0.475127  0.600283 0.190734 0
0  -6.230669 49.643063 72.159615  -0.000002 0.879919 0.475124  0.601706 0.186529 0
door_01
0  -6.231281 50.655540 70.165466  -0.000009 0.893940 0.448187  0.586587 0.181738 0
0  -6.852985 50.655441 70.165642  -0.000012 0.893940 0.448187  0.585255 0.185964 0
0  -6.852679 49.642963 72.159790  -0.000005 0.879917 0.475127  0.600283 0.190734 0
door_01
0  -6.853292 51.647514 68.161591  -0.000012 0.905652 0.424022  0.570195 0.181272 0
0  -6.852985 50.655441 70.165642  -0.000012 0.893940 0.448187  0.585255 0.185964 0
0  -6.231281 50.655540 70.165466  -0.000009 0.893940 0.448187  0.586587 0.181738 0
door_01
0  -6.853292 51.647514 68.161591  -0.000012 0.905652 0.424022  0.570195 0.181272 0
0  -6.231281 50.655540 70.165466  -0.000009 0.893940 0.448187  0.586587 0.181738 0
0  -6.231890 51.647606 68.161415  -0.000013 0.905653 0.424021  0.571449 0.177027 0
door_01
0  -6.853595 52.551140 66.116707  -0.000037 0.923648 0.383243  0.555040 0.176991 0
0  -6.853292 51.647514 68.161591  -0.000012 0.905652 0.424022  0.570195 0.181272 0
0  -6.231890 51.647606 68.161415  -0.000013 0.905653 0.424021  0.571449 0.177027 0
door_01
0  -6.853595 52.551140 66.116707  -0.000037 0.923648 0.383243  0.555040 0.176991 0
0  -6.231890 51.647606 68.161415  -0.000013 0.905653 0.424021  0.571449 0.177027 0
0  -6.232502 52.551235 66.116531  -0.000032 0.923648 0.383242  0.556173 0.172715 0
door_01
0  -6.853899 53.358303 64.038795  -0.000047 0.940251 0.340482  0.539795 0.173228 0
0  -6.853595 52.551140 66.116707  -0.000037 0.923648 0.383243  0.555040 0.176991 0
0  -6.232502 52.551235 66.116531  -0.000032 0.923648 0.383242  0.556173 0.172715 0
door_01
0  -6.853899 53.358303 64.038795  -0.000047 0.940251 0.340482  0.539795 0.173228 0
0  -6.232502 52.551235 66.116531  -0.000032 0.923648 0.383242  0.556173 0.172715 0
0  -6.233108 53.358398 64.038628  -0.000043 0.940252 0.340480  0.540804 0.168914 0
door_01
0  -6.233713 54.069614 61.923279  -0.000054 0.950773 0.309888  0.525329 0.165575 0
0  -6.853899 53.358303 64.038795  -0.000047 0.940251 0.340482  0.539795 0.173228 0
0  -6.233108 53.358398 64.038628  -0.000043 0.940252 0.340480  0.540804 0.168914 0
door_01
0  -6.233713 54.069614 61.923279  -0.000054 0.950773 0.309888  0.525329 0.165575 0
0  -6.854200 54.069519 61.923450  -0.000058 0.950772 0.309892  0.524417 0.169900 0
0  -6.853899 53.358303 64.038795  -0.000047 0.940251 0.340482  0.539795 0.173228 0
door_01
0  -6.854504 54.742653 59.791344  -0.000071 0.960381 0.278690  0.508976 0.166724 0
0  -6.854200 54.069519 61.923450  -0.000058 0.950772 0.309892  0.524417 0.169900 0
0  -6.233713 54.069614 61.923279  -0.000054 0.950773 0.309888  0.525329 0.165575 0
door_01
0  -6.854504 54.742653 59.791344  -0.000071 0.960381 0.278690  0.508976 0.166724 0
0  -6.233713 54.069614 61.923279  -0.000054 0.950773 0.309888  0.525329 0.165575 0
0  -6.234332 54.742748 59.791168  -0.000064 0.960382 0.278686  0.509794 0.162383 0
door_01
0  -6.854801 55.315331 57.630291  -0.000085 0.972194 0.234177  0.493465 0.164006 0
0  -6.854504 54.742653 59.791344  -0.000071 0.960381 0.278690  0.508976 0.166724 0
0  -6.234332 54.742748 59.791168  -0.000064 0.960382 0.278686  0.509794 0.162383 0
door_01
0  -6.854801 55.315331 57.630291  -0.000085 0.972194 0.234177  0.493465 0.164006 0
0  -6.234332 54.742748 59.791168  -0.000064 0.960382 0.278686  0.509794 0.162383 0
0  -6.234947 55.315426 57.630123  -0.000077 0.972194 0.234175  0.494153 0.159645 0
door_01
0  -6.855095 55.788208 55.451153  -0.000105 0.982247 0.187595  0.477911 0.161824 0
0  -6.854801 55.315331 57.630291  -0.000085 0.972194 0.234177  0.493465 0.164006 0
0  -6.234947 55.315426 57.630123  -0.000077 0.972194 0.234175  0.494153 0.159645 0
door_01
0  -6.855095 55.788208 55.451153  -0.000105 0.982247 0.187595  0.477911 0.161824 0
0  -6.234947 55.315426 57.630123  -0.000077 0.972194 0.234175  0.494153 0.159645 0
0  -6.235546 55.788307 55.450977  -0.000093 0.982247 0.187593  0.478463 0.157437 0
door_01
0  -6.236124 56.152184 53.248501  -0.000109 0.988530 0.151027  0.462708 0.155749 0
0  -6.855095 55.788208 55.451153  -0.000105 0.982247 0.187595  0.477911 0.161824 0
0  -6.235546 55.788307 55.450977  -0.000093 0.982247 0.187593  0.478463 0.157437 0
door_01
0  -6.236124 56.152184 53.248501  -0.000109 0.988530 0.151027  0.462708 0.155749 0
0  -6.855388 56.152077 53.248669  -0.000130 0.988529 0.151029  0.462267 0.160137 0
0  -6.855095 55.788208 55.451153  -0.000105 0.982247 0.187595  0.477911 0.161824 0
door_01
0  -6.855678 56.462429 51.038132  -0.000122 0.993129 0.117026  0.446596 0.158669 0
0  -6.855388 56.152077 53.248669  -0.000130 0.988529 0.151029  0.462267 0.160137 0
0  -6.236124 56.152184 53.248501  -0.000109 0.988530 0.151027  0.462708 0.155749 0
door_01
0  -6.855678 56.462429 51.038132  -0.000122 0.993129 0.117026  0.446596 0.158669 0
0  -6.236124 56.152184 53.248501  -0.000109 0.988530 0.151027  0.462708 0.155749 0
0  -6.236679 56.462524 51.037960  -0.000110 0.993129 0.117024  0.446938 0.154274 0
door_01
0  -6.855960 56.674477 48.815212  -0.000126 0.996925 0.078364  0.430884 0.157688 0
0  -6.855678 56.462429 51.038132  -0.000122 0.993129 0.117026  0.446596 0.158669 0
0  -6.236679 56.462524 51.037960  -0.000110 0.993129 0.117024  0.446938 0.154274 0
door_01
0  -6.855960 56.674477 48.815212  -0.000126 0.996925 0.078364  0.430884 0.157688 0
0  -6.236679 56.462524 51.037960  -0.000110 0.993129 0.117024  0.446938 0.154274 0
0  -6.237211 56.674568 48.815041  -0.000118 0.996925 0.078364  0.431116 0.153283 0
door_01
0  -6.856243 56.812279 46.587734  -0.000141 0.999208 0.039800  0.415163 0.157017 0
0  -6.855960 56.674477 48.815212  -0.000126 0.996925 0.078364  0.430884 0.157688 0
0  -6.237211 56.674568 48.815041  -0.000118 0.996925 0.078364  0.431116 0.153283 0
door_01
0  -6.856243 56.812279 46.587734  -0.000141 0.999208 0.039800  0.415163 0.157017 0
0  -6.237211 56.674568 48.815041  -0.000118 0.996925 0.078364  0.431116 0.153283 0
0  -6.237736 56.812374 46.587551  -0.000131 0.999208 0.039797  0.415283 0.152607 0
door_01
0  -6.238245 56.852180 44.354733  -0.000138 0.999989 0.004703  0.399431 0.152434 0
0  -6.856243 56.812279 46.587734  -0.000141 0.999208 0.039800  0.415163 0.157017 0
0  -6.237736 56.812374 46.587551  -0.000131 0.999208 0.039797  0.415283 0.152607 0
door_01
0  -6.238245 56.852180 44.354733  -0.000138 0.999989 0.004703  0.399431 0.152434 0
0  -6.856516 56.852089 44.354904  -0.000147 0.999989 0.004705  0.399415 0.156837 0
0  -6.856243 56.812279 46.587734  -0.000141 0.999208 0.039800  0.415163 0.157017 0
door_01
0  -6.856789 56.833305 42.124561  -0.000157 0.999448 -0.033235  0.383693 0.156898 0
0  -6.856516 56.852089 44.354904  -0.000147 0.999989 0.004705  0.399415 0.156837 0
0  -6.238245 56.852180 44.354733  -0.000138 0.999989 0.004703  0.399431 0.152434 0
door_01
0  -6.856789 56.833305 42.124561  -0.000157 0.999448 -0.033235  0.383693 0.156898 0
0  -6.238245 56.852180 44.354733  -0.000138 0.999989 0.004703  0.399431 0.152434 0
0  -6.238762 56.833397 42.124393  -0.000148 0.999448 -0.033235  0.383602 0.152498 0
door_01
0  -6.857053 56.703854 39.897682  -0.000188 0.996792 -0.080040  0.367989 0.157457 0
0  -6.856789 56.833305 42.124561  -0.000157 0.999448 -0.033235  0.383693 0.156898 0
0  -6.238762 56.833397 42.124393  -0.000148 0.999448 -0.033235  0.383602 0.152498 0
door_01
0  -6.857053 56.703854 39.897682  -0.000188 0.996792 -0.080040  0.367989 0.157457 0
0  -6.238762 56.833397 42.124393  -0.000148 0.999448 -0.033235  0.383602 0.152498 0
0  -6.239271 56.703957 39.897507  -0.000169 0.996792 -0.080040  0.367765 0.153061 0
door_01
0  -6.857312 56.475903 37.674854  -0.000205 0.992359 -0.123381  0.352278 0.158534 0
0  -6.857053 56.703854 39.897682  -0.000188 0.996792 -0.080040  0.367989 0.157457 0
0  -6.239271 56.703957 39.897507  -0.000169 0.996792 -0.080040  0.367765 0.153061 0
door_01
0  -6.857312 56.475903 37.674854  -0.000205 0.992359 -0.123381  0.352278 0.158534 0
0  -6.239271 56.703957 39.897507  -0.000169 0.996792 -0.080040  0.367765 0.153061 0
0  -6.239771 56.476009 37.674683  -0.000182 0.992359 -0.123383  0.351928 0.154141 0
door_01
0  -6.240267 56.152290 35.460957  -0.000186 0.988663 -0.150153  0.336130 0.155660 0
0  -6.857312 56.475903 37.674854  -0.000205 0.992359 -0.123381  0.352278 0.158534 0
0  -6.239771 56.476009 37.674683  -0.000182 0.992359 -0.123383  0.351928 0.154141 0
door_01
0  -6.240267 56.152290 35.460957  -0.000186 0.988663 -0.150153  0.336130 0.155660 0
0  -6.857562 56.152187 35.461128  -0.000207 0.988663 -0.150151  0.336564 0.160037 0
0  -6.857312 56.475903 37.674854  -0.000205 0.992359 -0.123381  0.352278 0.158534 0
door_01
0  -6.857810 55.804390 33.253273  -0.000197 0.983675 -0.179954  0.320884 0.161630 0
0  -6.857562 56.152187 35.461128  -0.000207 0.988663 -0.150151  0.336564 0.160037 0
0  -6.240267 56.152290 35.460957  -0.000186 0.988663 -0.150153  0.336130 0.155660 0
door_01
0  -6.857810 55.804390 33.253273  -0.000197 0.983675 -0.179954  0.320884 0.161630 0
0  -6.240267 56.152290 35.460957  -0.000186 0.988663 -0.150153  0.336130 0.155660 0
0  -6.240769 55.804482 33.253101  -0.000185 0.983675 -0.179954  0.320361 0.157268 0
door_01
0  -6.858049 55.348320 31.066738  -0.000215 0.972440 -0.233152  0.305304 0.163704 0
0  -6.857810 55.804390 33.253273  -0.000197 0.983675 -0.179954  0.320884 0.161630 0
0  -6.240769 55.804482 33.253101  -0.000185 0.983675 -0.179954  0.320361 0.157268 0
door_01
0  -6.858049 55.348320 31.066738  -0.000215 0.972440 -0.233152  0.305304 0.163704 0
0  -6.240769 55.804482 33.253101  -0.000185 0.983675 -0.179954  0.320361 0.157268 0
0  -6.241268 55.348415 31.066563  -0.000200 0.972440 -0.233153  0.304633 0.159365 0
door_01
0  -6.858278 54.763645 28.912373  -0.000227 0.958158 -0.286241  0.289835 0.166449 0
0  -6.858049 55.348320 31.066738  -0.000215 0.972440 -0.233152  0.305304 0.163704 0
0  -6.241268 55.348415 31.066563  -0.000200 0.972440 -0.233153  0.304633 0.159365 0
door_01
0  -6.858278 54.763645 28.912373  -0.000227 0.958158 -0.286241  0.289835 0.166449 0
0  -6.241268 55.348415 31.066563  -0.000200 0.972440 -0.233153  0.304633 0.159365 0
0  -6.241739 54.763741 28.912199  -0.000211 0.958157 -0.286245  0.289010 0.162127 0
door_01
0  -6.242178 54.069557 26.786184  -0.000213 0.949027 -0.315194  0.273489 0.165406 0
0  -6.858278 54.763645 28.912373  -0.000227 0.958158 -0.286241  0.289835 0.166449 0
0  -6.241739 54.763741 28.912199  -0.000211 0.958157 -0.286245  0.289010 0.162127 0
door_01
0  -6.242178 54.069557 26.786184  -0.000213 0.949027 -0.315194  0.273489 0.165406 0
0  -6.858496 54.069466 26.786356  -0.000228 0.949028 -0.315191  0.274403 0.169702 0
0  -6.858278 54.763645 28.912373  -0.000227 0.958158 -0.286241  0.289835 0.166449 0
door_01
0  -6.858712 53.353954 24.667814  -0.000217 0.940227 -0.340549  0.258987 0.173034 0
0  -6.858496 54.069466 26.786356  -0.000228 0.949028 -0.315191  0.274403 0.169702 0
0  -6.242178 54.069557 26.786184  -0.000213 0.949027 -0.315194  0.273489 0.165406 0
door_01
0  -6.858712 53.353954 24.667814  -0.000217 0.940227 -0.340549  0.258987 0.173034 0
0  -6.242178 54.069557 26.786184  -0.000213 0.949027 -0.315194  0.273489 0.165406 0
0  -6.242598 53.354031 24.667633  -0.000208 0.940226 -0.340550  0.257995 0.168760 0
door_01
0  -6.858916 52.546989 22.582899  -0.000248 0.924109 -0.382128  0.243688 0.176768 0
0  -6.858712 53.353954 24.667814  -0.000217 0.940227 -0.340549  0.258987 0.173034 0
0  -6.242598 53.354031 24.667633  -0.000208 0.940226 -0.340550  0.257995 0.168760 0
door_01
0  -6.858916 52.546989 22.582899  -0.000248 0.924109 -0.382128  0.243688 0.176768 0
0  -6.242598 53.354031 24.667633  -0.000208 0.940226 -0.340550  0.257995 0.168760 0
0  -6.242984 52.547085 22.582726  -0.000226 0.924110 -0.382127  0.242577 0.172525 0
door_01
0  -6.859112 51.648399 20.542881  -0.000263 0.905623 -0.424083  0.228566 0.180998 0
0  -6.858916 52.546989 22.582899  -0.000248 0.924109 -0.382128  0.243688 0.176768 0
0  -6.242984 52.547085 22.582726  -0.000226 0.924110 -0.382127  0.242577 0.172525 0
door_01
0  -6.859112 51.648399 20.542881  -0.000263 0.905623 -0.424083  0.228566 0.180998 0
0  -6.242984 52.547085 22.582726  -0.000226 0.924110 -0.382127  0.242577 0.172525 0
0  -6.243355 51.648499 20.542709  -0.000234 0.905623 -0.424083  0.227329 0.176781 0
door_01
0  -6.243711 50.655769 18.544004  -0.000240 0.891491 -0.453039  0.212215 0.181495 0
0  -6.859112 51.648399 20.542881  -0.000263 0.905623 -0.424083  0.228566 0.180998 0
0  -6.243355 51.648499 20.542709  -0.000234 0.905623 -0.424083  0.227329 0.176781 0
door_01
0  -6.243711 50.655769 18.544004  -0.000240 0.891491 -0.453039  0.212215 0.181495 0
0  -6.859295 50.655666 18.544174  -0.000274 0.891491 -0.453039  0.213540 0.185674 0
0  -6.859112 51.648399 20.542881  -0.000263 0.905623 -0.424083  0.228566 0.180998 0
door_01
0  -6.859476 49.624466 16.560274  -0.000279 0.876159 -0.482021  0.198538 0.190516 0
0  -6.859295 50.655666 18.544174  -0.000274 0.891491 -0.453039  0.213540 0.185674 0
0  -6.243711 50.655769 18.544004  -0.000240 0.891491 -0.453039  0.212215 0.181495 0
door_01
0  -6.859476 49.624466 16.560274  -0.000279 0.876159 -0.482021  0.198538 0.190516 0
0  -6.243711 50.655769 18.544004  -0.000240 0.891491 -0.453039  0.212215 0.181495 0
0  -6.244080 49.624569 16.560104  -0.000243 0.876158 -0.482023  0.197125 0.186368 0
door_01
0  -6.859643 48.500900 14.627495  -0.000247 0.852631 -0.522514  0.183706 0.195792 0
0  -6.859476 49.624466 16.560274  -0.000279 0.876159 -0.482021  0.198538 0.190516 0
0  -6.244080 49.624569 16.560104  -0.000243 0.876158 -0.482023  0.197125 0.186368 0
door_01
0  -6.859643 48.500900 14.627495  -0.000247 0.852631 -0.522514  0.183706 0.195792 0
0  -6.244080 49.624569 16.560104  -0.000243 0.876158 -0.482023  0.197125 0.186368 0
0  -6.244443 48.500973 14.627326  -0.000232 0.852632 -0.522511  0.182170 0.191688 0
door_01
0  -6.859798 47.292061 12.753969  -0.000287 0.827202 -0.561904  0.169101 0.201558 0
0  -6.859643 48.500900 14.627495  -0.000247 0.852631 -0.522514  0.183706 0.195792 0
0  -6.244443 48.500973 14.627326  -0.000232 0.852632 -0.522511  0.182170 0.191688 0
door_01
0  -6.859798 47.292061 12.753969  -0.000287 0.827202 -0.561904  0.169101 0.201558 0
0  -6.244443 48.500973 14.627326  -0.000232 0.852632 -0.522511  0.182170 0.191688 0
0  -6.244780 47.292160 12.753798  -0.000257 0.827203 -0.561903  0.167439 0.197496 0
door_01
0  -6.245091 45.994362 10.937365  -0.000267 0.808376 -0.588667  0.152896 0.203755 0
0  -6.859798 47.292061 12.753969  -0.000287 0.827202 -0.561904  0.169101 0.201558 0
0  -6.244780 47.292160 12.753798  -0.000257 0.827203 -0.561903  0.167439 0.197496 0
door_01
0  -6.245091 45.994362 10.937365  -0.000267 0.808376 -0.588667  0.152896 0.203755 0
0  -6.859941 45.994259 10.937537  -0.000301 0.808375 -0.588668  0.154641 0.207771 0
0  -6.859798 47.292061 12.753969  -0.000287 0.827202 -0.561904  0.169101 0.201558 0
door_01
0  -6.860081 44.661785 9.142051  -0.000309 0.790226 -0.612816  0.140224 0.214140 0
0  -6.859941 45.994259 10.937537  -0.000301 0.808375 -0.588668  0.154641 0.207771 0
0  -6.245091 45.994362 10.937365  -0.000267 0.808376 -0.588667  0.152896 0.203755 0
door_01
0  -6.860081 44.661785 9.142051  -0.000309 0.790226 -0.612816  0.140224 0.214140 0
0  -6.245091 45.994362 10.937365  -0.000267 0.808376 -0.588667  0.152896 0.203755 0
0  -6.245376 44.661892 9.141877  -0.000272 0.790223 -0.612819  0.138402 0.210159 0
door_01
0  -6.860207 43.254333 7.404431  -0.000272 0.765274 -0.643704  0.125998 0.220872 0
0  -6.860081 44.661785 9.142051  -0.000309 0.790226 -0.612816  0.140224 0.214140 0
0  -6.245376 44.661892 9.141877  -0.000272 0.790223 -0.612819  0.138402 0.210159 0
door_01
0  -6.860207 43.254333 7.404431  -0.000272 0.765274 -0.643704  0.125998 0.220872 0
0  -6.245376 44.661892 9.141877  -0.000272 0.790223 -0.612819  0.138402 0.210159 0
0  -6.245628 43.254402 7.404258  -0.000261 0.765276 -0.643702  0.124074 0.216937 0
door_01
0  -6.860323 41.785927 5.722919  -0.000320 0.728799 -0.684727  0.111994 0.227921 0
0  -6.860207 43.254333 7.404431  -0.000272 0.765274 -0.643704  0.125998 0.220872 0
0  -6.245628 43.254402 7.404258  -0.000261 0.765276 -0.643702  0.124074 0.216937 0
door_01
0  -6.860323 41.785927 5.722919  -0.000320 0.728799 -0.684727  0.111994 0.227921 0
0  -6.245628 43.254402 7.404258  -0.000261 0.765276 -0.643702  0.124074 0.216937 0
0  -6.245863 41.786037 5.722745  -0.000292 0.728800 -0.684727  0.109936 0.224052 0
door_01
0  -6.246057 40.200375 4.153576  -0.000267 0.691410 -0.722463  0.096174 0.231811 0
0  -6.860323 41.785927 5.722919  -0.000320 0.728799 -0.684727  0.111994 0.227921 0
0  -6.245863 41.786037 5.722745  -0.000292 0.728800 -0.684727  0.109936 0.224052 0
door_01
0  -6.246057 40.200375 4.153576  -0.000267 0.691410 -0.722463  0.096174 0.231811 0
0  -6.860419 40.200272 4.153746  -0.000303 0.691150 -0.722711  0.098350 0.235613 0
0  -6.860323 41.785927 5.722919  -0.000320 0.728799 -0.684727  0.111994 0.227921 0
door_01
0  -6.907138 38.031574 2.131506  -0.000292 0.670788 -0.741649  0.080345 0.246241 0
0  -6.860419 40.200272 4.153746  -0.000303 0.691150 -0.722711  0.098350 0.235613 0
0  -6.246057 40.200375 4.153576  -0.000267 0.691410 -0.722463  0.096174 0.231811 0
door_01
0  -6.907138 38.031574 2.131506  -0.000292 0.670788 -0.741649  0.080345 0.246241 0
0  -6.246057 40.200375 4.153576  -0.000267 0.691410 -0.722463  0.096174 0.231811 0
0  -6.293218 38.031681 2.131361  -0.000276 0.670792 -0.741646  0.078049 0.242515 0
door_01
0  -6.247216 35.599823 -0.001940  -0.000266 0.659453 -0.751745  0.058405 0.254553 0
0  -6.907138 38.031574 2.131506  -0.000292 0.670788 -0.741649  0.080345 0.246241 0
0  -6.293218 38.031681 2.131361  -0.000276 0.670792 -0.741646  0.078049 0.242515 0
door_01
0  -6.247216 35.599823 -0.001940  -0.000266 0.659453 -0.751745  0.058405 0.254553 0
0  -6.860646 35.599758 -0.001775  -0.000272 0.659456 -0.751743  0.060786 0.258207 0
0  -6.907138 38.031574 2.131506  -0.000292 0.670788 -0.741649  0.080345 0.246241 0
door_01
0  5.659463 1.251012 48.203873  0.785755 -0.191033 -0.588298  0.800808 0.173581 0
0  5.357542 0.570109 47.953651  0.785743 -0.096665 -0.610954  0.790362 0.168698 0
0  5.357492 1.126330 47.820160  0.785762 -0.191039 -0.588288  0.798549 0.166705 0
door_01
0  5.659463 1.251012 48.203873  0.785755 -0.191033 -0.588298  0.800808 0.173581 0
0  5.659518 0.633229 48.352142  0.785752 -0.096657 -0.610943  0.791532 0.175829 0
0  5.357542 0.570109 47.953651  0.785743 -0.096665 -0.610954  0.790362 0.168698 0
door_01
0  5.659518 0.633229 48.352142  0.785752 -0.096657 -0.610943  0.791532 0.175829 0
0  5.352738 0.005134 47.999588  0.784816 -0.048541 -0.617825  0.782056 0.169358 0
0  5.357542 0.570109 47.953651  0.785743 -0.096665 -0.610954  0.790362 0.168698 0
door_01
0  5.659518 0.633229 48.352142  0.785752 -0.096657 -0.610943  0.791532 0.175829 0
0  5.655144 0.005356 48.403709  0.784800 -0.048539 -0.617845  0.782061 0.176571 0
0  5.352738 0.005134 47.999588  0.784816 -0.048541 -0.617825  0.782056 0.169358 0
door_01
0  5.658748 3.999042 43.720043  0.785843 -0.610830 0.096626  0.842081 0.106126 0
0  5.356915 3.645379 44.353432  0.785865 -0.618398 -0.000107  0.835606 0.115652 0
0  5.356848 3.600530 43.783180  0.785847 -0.610825 0.096628  0.834946 0.107257 0
door_01
0  5.658748 3.999042 43.720043  0.785843 -0.610830 0.096626  0.842081 0.106126 0
0  5.658822 4.048900 44.353420  0.785856 -0.618410 -0.000128  0.842830 0.115652 0
0  5.356915 3.645379 44.353432  0.785865 -0.618398 -0.000107  0.835606 0.115652 0
door_01
0  5.658822 4.048900 44.353420  0.785856 -0.618410 -0.000128  0.842830 0.115652 0
0  5.356987 3.600460 44.923676  0.785830 -0.610803 -0.096907  0.834946 0.124046 0
0  5.356915 3.645379 44.353432  0.785865 -0.618398 -0.000107  0.835606 0.115652 0
door_01
0  5.658822 4.048900 44.353420  0.785856 -0.618410 -0.000128  0.842830 0.115652 0
0  5.658902 3.998966 44.986782  0.785816 -0.610820 -0.096912  0.842081 0.125177 0
0  5.356987 3.600460 44.923676  0.785830 -0.610803 -0.096907  0.834946 0.124046 0
door_01
0  5.658902 3.998966 44.986782  0.785816 -0.610820 -0.096912  0.842081 0.125177 0
0  5.357064 3.466896 45.479881  0.785812 -0.588156 -0.191237  0.832981 0.132232 0
0  5.356987 3.600460 44.923676  0.785830 -0.610803 -0.096907  0.834946 0.124046 0
door_01
0  5.658902 3.998966 44.986782  0.785816 -0.610820 -0.096912  0.842081 0.125177 0
0  5.658988 3.850620 45.604546  0.785808 -0.588156 -0.191254  0.839855 0.134468 0
0  5.357064 3.466896 45.479881  0.785812 -0.588156 -0.191237  0.832981 0.132232 0
door_01
0  5.658988 3.850620 45.604546  0.785808 -0.588156 -0.191254  0.839855 0.134468 0
0  5.357142 3.247977 46.008331  0.785808 -0.550995 -0.280910  0.829762 0.140006 0
0  5.357064 3.466896 45.479881  0.785812 -0.588156 -0.191237  0.832981 0.132232 0
door_01
0  5.658988 3.850620 45.604546  0.785808 -0.588156 -0.191254  0.839855 0.134468 0
0  5.659074 3.607474 46.191498  0.785801 -0.550996 -0.280927  0.836205 0.143291 0
0  5.357142 3.247977 46.008331  0.785808 -0.550995 -0.280910  0.829762 0.140006 0
door_01
0  5.659074 3.607474 46.191498  0.785801 -0.550996 -0.280927  0.836205 0.143291 0
0  5.357219 2.949050 46.496033  0.785803 -0.500278 -0.363642  0.825366 0.147180 0
0  5.357142 3.247977 46.008331  0.785808 -0.550995 -0.280910  0.829762 0.140006 0
door_01
0  5.659074 3.607474 46.191498  0.785801 -0.550996 -0.280927  0.836205 0.143291 0
0  5.659161 3.275478 46.733185  0.785795 -0.500282 -0.363655  0.831220 0.151432 0
0  5.357219 2.949050 46.496033  0.785803 -0.500278 -0.363642  0.825366 0.147180 0
door_01
0  5.659161 3.275478 46.733185  0.785795 -0.500282 -0.363655  0.831220 0.151432 0
0  5.357296 2.577549 46.930977  0.785794 -0.437251 -0.437423  0.819902 0.153580 0
0  5.357219 2.949050 46.496033  0.785803 -0.500278 -0.363642  0.825366 0.147180 0
door_01
0  5.659161 3.275478 46.733185  0.785795 -0.500282 -0.363655  0.831220 0.151432 0
0  5.659245 2.862858 47.216263  0.785786 -0.437242 -0.437447  0.825023 0.158696 0
0  5.357296 2.577549 46.930977  0.785794 -0.437251 -0.437423  0.819902 0.153580 0
door_01
0  5.659245 2.862858 47.216263  0.785786 -0.437242 -0.437447  0.825023 0.158696 0
0  5.357367 2.142550 47.302444  0.785788 -0.363448 -0.500443  0.813504 0.159056 0
0  5.357296 2.577549 46.930977  0.785794 -0.437251 -0.437423  0.819902 0.153580 0
door_01
0  5.659245 2.862858 47.216263  0.785786 -0.437242 -0.437447  0.825023 0.158696 0
0  5.659324 2.379732 47.628845  0.785775 -0.363440 -0.500469  0.817767 0.164906 0
0  5.357367 2.142550 47.302444  0.785788 -0.363448 -0.500443  0.813504 0.159056 0
door_01
0  5.659324 2.379732 47.628845  0.785775 -0.363440 -0.500469  0.817767 0.164906 0
0  5.357433 1.654846 47.601284  0.785761 -0.280707 -0.551165  0.806328 0.163466 0
0  5.357367 2.142550 47.302444  0.785788 -0.363448 -0.500443  0.813504 0.159056 0
door_01
0  5.659324 2.379732 47.628845  0.785775 -0.363440 -0.500469  0.817767 0.164906 0
0  5.659397 1.837987 47.960770  0.785750 -0.280695 -0.551187  0.809627 0.169909 0
0  5.357433 1.654846 47.601284  0.785761 -0.280707 -0.551165  0.806328 0.163466 0
door_01
0  5.659397 1.837987 47.960770  0.785750 -0.280695 -0.551187  0.809627 0.169909 0
0  5.357492 1.126330 47.820160  0.785762 -0.191039 -0.588288  0.798549 0.166705 0
0  5.357433 1.654846 47.601284  0.785761 -0.280707 -0.551165  0.806328 0.163466 0
door_01
0  5.659397 1.837987 47.960770  0.785750 -0.280695 -0.551187  0.809627 0.169909 0
0  5.659463 1.251012 48.203873  0.785755 -0.191033 -0.588298  0.800808 0.173581 0
0  5.357492 1.126330 47.820160  0.785762 -0.191039 -0.588288  0.798549 0.166705 0
door_01
0  5.653633 0.005606 40.305481  0.784975 -0.048617 0.617617  0.782060 0.054732 0
0  5.356662 0.570548 40.752831  0.785901 -0.097205 0.610664  0.790362 0.062605 0
0  5.351810 0.005599 40.709263  0.784965 -0.048611 0.617630  0.782056 0.061945 0
door_01
0  5.653633 0.005606 40.305481  0.784975 -0.048617 0.617617  0.782060 0.054732 0
0  5.658541 0.633716 40.354286  0.785889 -0.096747 0.610753  0.791532 0.055474 0
0  5.356662 0.570548 40.752831  0.785901 -0.097205 0.610664  0.790362 0.062605 0
door_01
0  5.658541 0.633716 40.354286  0.785889 -0.096747 0.610753  0.791532 0.055474 0
0  5.356645 1.126753 40.886398  0.785901 -0.191086 0.588086  0.798549 0.064598 0
0  5.356662 0.570548 40.752831  0.785901 -0.097205 0.610664  0.790362 0.062605 0
door_01
0  5.658541 0.633716 40.354286  0.785889 -0.096747 0.610753  0.791532 0.055474 0
0  5.658522 1.251482 40.502628  0.785892 -0.191097 0.588094  0.800808 0.057723 0
0  5.356645 1.126753 40.886398  0.785901 -0.191086 0.588086  0.798549 0.064598 0
door_01
0  5.658522 1.251482 40.502628  0.785892 -0.191097 0.588094  0.800808 0.057723 0
0  5.356640 1.655243 41.105335  0.785894 -0.280774 0.550942  0.806328 0.067838 0
0  5.356645 1.126753 40.886398  0.785901 -0.191086 0.588086  0.798549 0.064598 0
door_01
0  5.658522 1.251482 40.502628  0.785892 -0.191097 0.588094  0.800808 0.057723 0
0  5.658516 1.838427 40.745800  0.785889 -0.280781 0.550945  0.809627 0.061395 0
0  5.356640 1.655243 41.105335  0.785894 -0.280774 0.550942  0.806328 0.067838 0
door_01
0  5.658516 1.838427 40.745800  0.785889 -0.280781 0.550945  0.809627 0.061395 0
0  5.356647 2.142910 41.404236  0.785905 -0.363494 0.500224  0.813504 0.072247 0
0  5.356640 1.655243 41.105335  0.785894 -0.280774 0.550942  0.806328 0.067838 0
door_01
0  5.658516 1.838427 40.745800  0.785889 -0.280781 0.550945  0.809627 0.061395 0
0  5.658523 2.380131 41.077789  0.785899 -0.363511 0.500223  0.817767 0.066397 0
0  5.356647 2.142910 41.404236  0.785905 -0.363494 0.500224  0.813504 0.072247 0
door_01
0  5.658523 2.380131 41.077789  0.785899 -0.363511 0.500223  0.817767 0.066397 0
0  5.356665 2.577863 41.775757  0.785901 -0.437299 0.437183  0.819902 0.077723 0
0  5.356647 2.142910 41.404236  0.785905 -0.363494 0.500224  0.813504 0.072247 0
door_01
0  5.658523 2.380131 41.077789  0.785899 -0.363511 0.500223  0.817767 0.066397 0
0  5.658545 2.863207 41.490433  0.785888 -0.437307 0.437199  0.825023 0.072607 0
0  5.356665 2.577863 41.775757  0.785901 -0.437299 0.437183  0.819902 0.077723 0
door_01
0  5.658545 2.863207 41.490433  0.785888 -0.437307 0.437199  0.825023 0.072607 0
0  5.356696 2.949312 42.210739  0.785891 -0.500315 0.363402  0.825366 0.084124 0
0  5.356665 2.577863 41.775757  0.785901 -0.437299 0.437183  0.819902 0.077723 0
door_01
0  5.658545 2.863207 41.490433  0.785888 -0.437307 0.437199  0.825023 0.072607 0
0  5.658579 3.275768 41.973564  0.785878 -0.500335 0.363402  0.831220 0.079871 0
0  5.356696 2.949312 42.210739  0.785891 -0.500315 0.363402  0.825366 0.084124 0
door_01
0  5.658579 3.275768 41.973564  0.785878 -0.500335 0.363402  0.831220 0.079871 0
0  5.356737 3.248178 42.698479  0.785877 -0.551029 0.280650  0.829762 0.091296 0
0  5.356696 2.949312 42.210739  0.785891 -0.500315 0.363402  0.825366 0.084124 0
door_01
0  5.658579 3.275768 41.973564  0.785878 -0.500335 0.363402  0.831220 0.079871 0
0  5.658625 3.607698 42.515289  0.785866 -0.551043 0.280654  0.836205 0.088012 0
0  5.356737 3.248178 42.698479  0.785877 -0.551029 0.280650  0.829762 0.091296 0
door_01
0  5.658625 3.607698 42.515289  0.785866 -0.551043 0.280654  0.836205 0.088012 0
0  5.356789 3.467034 43.226971  0.785863 -0.588170 0.190986  0.832981 0.099071 0
0  5.356737 3.248178 42.698479  0.785877 -0.551029 0.280650  0.829762 0.091296 0
door_01
0  5.658625 3.607698 42.515289  0.785866 -0.551043 0.280654  0.836205 0.088012 0
0  5.658682 3.850772 43.102264  0.785852 -0.588188 0.190973  0.839855 0.096836 0
0  5.356789 3.467034 43.226971  0.785863 -0.588170 0.190986  0.832981 0.099071 0
door_01
0  5.658682 3.850772 43.102264  0.785852 -0.588188 0.190973  0.839855 0.096836 0
0  5.356848 3.600530 43.783180  0.785847 -0.610825 0.096628  0.834946 0.107257 0
0  5.356789 3.467034 43.226971  0.785863 -0.588170 0.190986  0.832981 0.099071 0
door_01
0  5.658682 3.850772 43.102264  0.785852 -0.588188 0.190973  0.839855 0.096836 0
0  5.658748 3.999042 43.720043  0.785843 -0.610830 0.096626  0.842081 0.106126 0
0  5.356848 3.600530 43.783180  0.785847 -0.610825 0.096628  0.834946 0.107257 0
door_01
0  5.357492 1.126330 47.820160  0.863481 0.155889 0.479687  0.798473 0.166475 0
0  5.451908 0.543467 47.785164  0.863490 0.078928 0.498152  0.789878 0.165735 0
0  5.451860 1.073642 47.657921  0.863477 0.155903 0.479690  0.797614 0.163856 0
door_01
0  5.357492 1.126330 47.820160  0.863481 0.155889 0.479687  0.798473 0.166475 0
0  5.357542 0.570109 47.953651  0.863491 0.078926 0.498151  0.790323 0.168459 0
0  5.451908 0.543467 47.785164  0.863490 0.078928 0.498152  0.789878 0.165735 0
door_01
0  5.357542 0.570109 47.953651  0.863491 0.078926 0.498151  0.790323 0.168459 0
0  5.446844 0.005004 47.826138  0.862833 0.039695 0.503928  0.782058 0.166356 0
0  5.451908 0.543467 47.785164  0.863490 0.078928 0.498152  0.789878 0.165735 0
door_01
0  5.357542 0.570109 47.953651  0.863491 0.078926 0.498151  0.790323 0.168459 0
0  5.352738 0.005134 47.999588  0.862827 0.039701 0.503939  0.782059 0.169116 0
0  5.446844 0.005004 47.826138  0.862833 0.039695 0.503928  0.782058 0.166356 0
door_01
0  5.356848 3.600530 43.783180  0.863414 0.498274 -0.078989  0.834706 0.107295 0
0  5.451310 3.474814 44.353409  0.863416 0.504492 -0.000072  0.832614 0.115652 0
0  5.451246 3.432061 43.809853  0.863408 0.498284 -0.078992  0.831990 0.107723 0
door_01
0  5.356848 3.600530 43.783180  0.863414 0.498274 -0.078989  0.834706 0.107295 0
0  5.356915 3.645379 44.353432  0.863395 0.504529 -0.000075  0.835364 0.115651 0
0  5.451310 3.474814 44.353409  0.863416 0.504492 -0.000072  0.832614 0.115652 0
door_01
0  5.356915 3.645379 44.353432  0.863395 0.504529 -0.000075  0.835364 0.115651 0
0  5.451378 3.431994 44.896980  0.863404 0.498317 0.078825  0.831990 0.123581 0
0  5.451310 3.474814 44.353409  0.863416 0.504492 -0.000072  0.832614 0.115652 0
door_01
0  5.356915 3.645379 44.353432  0.863395 0.504529 -0.000075  0.835364 0.115651 0
0  5.356987 3.600460 44.923676  0.863404 0.498317 0.078832  0.834706 0.124008 0
0  5.451378 3.431994 44.896980  0.863404 0.498317 0.078825  0.831990 0.123581 0
door_01
0  5.356987 3.600460 44.923676  0.863404 0.498317 0.078832  0.834706 0.124008 0
0  5.451452 3.304704 45.427151  0.863412 0.479836 0.155811  0.830135 0.131309 0
0  5.451378 3.431994 44.896980  0.863404 0.498317 0.078825  0.831990 0.123581 0
door_01
0  5.356987 3.600460 44.923676  0.863404 0.498317 0.078832  0.834706 0.124008 0
0  5.357064 3.466896 45.479881  0.863390 0.479871 0.155825  0.832751 0.132157 0
0  5.451452 3.304704 45.427151  0.863412 0.479836 0.155811  0.830135 0.131309 0
door_01
0  5.357064 3.466896 45.479881  0.863390 0.479871 0.155825  0.832751 0.132157 0
0  5.451527 3.096009 45.930874  0.863418 0.449538 0.228963  0.827094 0.138647 0
0  5.451452 3.304704 45.427151  0.863412 0.479836 0.155811  0.830135 0.131309 0
door_01
0  5.357064 3.466896 45.479881  0.863390 0.479871 0.155825  0.832751 0.132157 0
0  5.357142 3.247977 46.008331  0.863424 0.449531 0.228958  0.829546 0.139897 0
0  5.451527 3.096009 45.930874  0.863418 0.449538 0.228963  0.827094 0.138647 0
door_01
0  5.357142 3.247977 46.008331  0.863424 0.449531 0.228958  0.829546 0.139897 0
0  5.451601 2.811069 46.395752  0.863429 0.408179 0.296446  0.822942 0.145418 0
0  5.451527 3.096009 45.930874  0.863418 0.449538 0.228963  0.827094 0.138647 0
door_01
0  5.357142 3.247977 46.008331  0.863424 0.449531 0.228958  0.829546 0.139897 0
0  5.357219 2.949050 46.496033  0.863432 0.408166 0.296456  0.825170 0.147037 0
0  5.451601 2.811069 46.395752  0.863429 0.408179 0.296446  0.822942 0.145418 0
door_01
0  5.357219 2.949050 46.496033  0.863432 0.408166 0.296456  0.825170 0.147037 0
0  5.451673 2.456948 46.810345  0.863471 0.356724 0.356604  0.817782 0.151464 0
0  5.451601 2.811069 46.395752  0.863429 0.408179 0.296446  0.822942 0.145418 0
door_01
0  5.357219 2.949050 46.496033  0.863432 0.408166 0.296456  0.825170 0.147037 0
0  5.357296 2.577549 46.930977  0.863450 0.356748 0.356629  0.819730 0.153409 0
0  5.451673 2.456948 46.810345  0.863471 0.356724 0.356604  0.817782 0.151464 0
door_01
0  5.357296 2.577549 46.930977  0.863450 0.356748 0.356629  0.819730 0.153409 0
0  5.451740 2.042300 47.164429  0.863490 0.296530 0.407989  0.811739 0.156634 0
0  5.451673 2.456948 46.810345  0.863471 0.356724 0.356604  0.817782 0.151464 0
door_01
0  5.357296 2.577549 46.930977  0.863450 0.356748 0.356629  0.819730 0.153409 0
0  5.357367 2.142550 47.302444  0.863468 0.296538 0.408030  0.813361 0.158861 0
0  5.451740 2.042300 47.164429  0.863490 0.296530 0.407989  0.811739 0.156634 0
door_01
0  5.357367 2.142550 47.302444  0.863468 0.296538 0.408030  0.813361 0.158861 0
0  5.451805 1.577424 47.449287  0.863487 0.229041 0.449366  0.804962 0.160797 0
0  5.451740 2.042300 47.164429  0.863490 0.296530 0.407989  0.811739 0.156634 0
door_01
0  5.357367 2.142550 47.302444  0.863468 0.296538 0.408030  0.813361 0.158861 0
0  5.357433 1.654846 47.601284  0.863492 0.229035 0.449361  0.806217 0.163250 0
0  5.451805 1.577424 47.449287  0.863487 0.229041 0.449366  0.804962 0.160797 0
door_01
0  5.357433 1.654846 47.601284  0.863492 0.229035 0.449361  0.806217 0.163250 0
0  5.451860 1.073642 47.657921  0.863477 0.155903 0.479690  0.797614 0.163856 0
0  5.451805 1.577424 47.449287  0.863487 0.229041 0.449366  0.804962 0.160797 0
door_01
0  5.357433 1.654846 47.601284  0.863492 0.229035 0.449361  0.806217 0.163250 0
0  5.357492 1.126330 47.820160  0.863481 0.155889 0.479687  0.798473 0.166475 0
0  5.451860 1.073642 47.657921  0.863477 0.155903 0.479690  0.797614 0.163856 0
door_01
0  5.351810 0.005599 40.709263  0.862682 0.039762 -0.504182  0.782059 0.062187 0
0  5.451069 0.543886 40.921299  0.863378 0.078998 -0.498335  0.789878 0.065568 0
0  5.446364 0.005897 40.880207  0.862680 0.039757 -0.504185  0.782058 0.064947 0
door_01
0  5.351810 0.005599 40.709263  0.862682 0.039762 -0.504182  0.782059 0.062187 0
0  5.356662 0.570548 40.752831  0.863362 0.078999 -0.498362  0.790323 0.062845 0
0  5.451069 0.543886 40.921299  0.863378 0.078998 -0.498335  0.789878 0.065568 0
door_01
0  5.356662 0.570548 40.752831  0.863362 0.078999 -0.498362  0.790323 0.062845 0
0  5.451053 1.074045 41.048615  0.863358 0.155957 -0.479886  0.797614 0.067447 0
0  5.451069 0.543886 40.921299  0.863378 0.078998 -0.498335  0.789878 0.065568 0
door_01
0  5.356662 0.570548 40.752831  0.863362 0.078999 -0.498362  0.790323 0.062845 0
0  5.356645 1.126753 40.886398  0.863363 0.155961 -0.479875  0.798473 0.064829 0
0  5.451053 1.074045 41.048615  0.863358 0.155957 -0.479886  0.797614 0.067447 0
door_01
0  5.356645 1.126753 40.886398  0.863363 0.155961 -0.479875  0.798473 0.064829 0
0  5.451047 1.577802 41.257309  0.863364 0.229104 -0.449571  0.804962 0.070506 0
0  5.451053 1.074045 41.048615  0.863358 0.155957 -0.479886  0.797614 0.067447 0
door_01
0  5.356645 1.126753 40.886398  0.863363 0.155961 -0.479875  0.798473 0.064829 0
0  5.356640 1.655243 41.105335  0.863369 0.229097 -0.449564  0.806217 0.068054 0
0  5.451047 1.577802 41.257309  0.863364 0.229104 -0.449571  0.804962 0.070506 0
door_01
0  5.356640 1.655243 41.105335  0.863369 0.229097 -0.449564  0.806217 0.068054 0
0  5.451054 2.042643 41.542210  0.863387 0.296563 -0.408184  0.811739 0.074670 0
0  5.451047 1.577802 41.257309  0.863364 0.229104 -0.449571  0.804962 0.070506 0
door_01
0  5.356640 1.655243 41.105335  0.863369 0.229097 -0.449564  0.806217 0.068054 0
0  5.356647 2.142910 41.404236  0.863391 0.296575 -0.408165  0.813361 0.072443 0
0  5.451054 2.042643 41.542210  0.863387 0.296563 -0.408184  0.811739 0.074670 0
door_01
0  5.356647 2.142910 41.404236  0.863391 0.296575 -0.408165  0.813361 0.072443 0
0  5.451071 2.457248 41.896362  0.863395 0.356752 -0.356759  0.817782 0.079840 0
0  5.451054 2.042643 41.542210  0.863387 0.296563 -0.408184  0.811739 0.074670 0
door_01
0  5.356647 2.142910 41.404236  0.863391 0.296575 -0.408165  0.813361 0.072443 0
0  5.356665 2.577863 41.775757  0.863397 0.356748 -0.356757  0.819730 0.077894 0
0  5.451071 2.457248 41.896362  0.863395 0.356752 -0.356759  0.817782 0.079840 0
door_01
0  5.356665 2.577863 41.775757  0.863397 0.356748 -0.356757  0.819730 0.077894 0
0  5.451101 2.811318 42.310978  0.863382 0.408170 -0.296595  0.822942 0.085885 0
0  5.451071 2.457248 41.896362  0.863395 0.356752 -0.356759  0.817782 0.079840 0
door_01
0  5.356665 2.577863 41.775757  0.863397 0.356748 -0.356757  0.819730 0.077894 0
0  5.356696 2.949312 42.210739  0.863359 0.408214 -0.296601  0.825170 0.084266 0
0  5.451101 2.811318 42.310978  0.863382 0.408170 -0.296595  0.822942 0.085885 0
door_01
0  5.356696 2.949312 42.210739  0.863359 0.408214 -0.296601  0.825170 0.084266 0
0  5.451141 3.096202 42.775906  0.863367 0.449559 -0.229115  0.827094 0.092656 0
0  5.451101 2.811318 42.310978  0.863382 0.408170 -0.296595  0.822942 0.085885 0
door_01
0  5.356696 2.949312 42.210739  0.863359 0.408214 -0.296601  0.825170 0.084266 0
0  5.356737 3.248178 42.698479  0.863369 0.449565 -0.229098  0.829546 0.091407 0
0  5.451141 3.096202 42.775906  0.863367 0.449559 -0.229115  0.827094 0.092656 0
door_01
0  5.356737 3.248178 42.698479  0.863369 0.449565 -0.229098  0.829546 0.091407 0
0  5.451190 3.304835 43.279659  0.863377 0.479851 -0.155959  0.830135 0.099995 0
0  5.451141 3.096202 42.775906  0.863367 0.449559 -0.229115  0.827094 0.092656 0
door_01
0  5.356737 3.248178 42.698479  0.863369 0.449565 -0.229098  0.829546 0.091407 0
0  5.356789 3.467034 43.226971  0.863357 0.479889 -0.155954  0.832751 0.099146 0
0  5.451190 3.304835 43.279659  0.863377 0.479851 -0.155959  0.830135 0.099995 0
door_01
0  5.356789 3.467034 43.226971  0.863357 0.479889 -0.155954  0.832751 0.099146 0
0  5.451246 3.432061 43.809853  0.863408 0.498284 -0.078992  0.831990 0.107723 0
0  5.451190 3.304835 43.279659  0.863377 0.479851 -0.155959  0.830135 0.099995 0
door_01
0  5.356789 3.467034 43.226971  0.863357 0.479889 -0.155954  0.832751 0.099146 0
0  5.356848 3.600530 43.783180  0.863414 0.498274 -0.078989  0.834706 0.107295 0
0  5.451246 3.432061 43.809853  0.863408 0.498284 -0.078992  0.831990 0.107723 0
door_01
0  5.452097 1.827742 49.979366  0.812419 0.180228 0.554520  0.809950 0.201580 0
0  5.659719 0.879944 49.910393  0.812416 0.091201 0.575902  0.795325 0.199567 0
0  5.659641 1.738416 49.704327  0.812416 0.180227 0.554525  0.808272 0.196439 0
door_01
0  5.452097 1.827742 49.979366  0.812419 0.180228 0.554520  0.809950 0.201580 0
0  5.452178 0.925156 50.196007  0.812416 0.091210 0.575900  0.796195 0.204911 0
0  5.659719 0.879944 49.910393  0.812416 0.091201 0.575902  0.795325 0.199567 0
door_01
0  5.452178 0.925156 50.196007  0.812416 0.091210 0.575900  0.796195 0.204911 0
0  5.654677 0.004893 49.977551  0.811567 0.045857 0.582457  0.782064 0.200606 0
0  5.659719 0.879944 49.910393  0.812416 0.091201 0.575902  0.795325 0.199567 0
door_01
0  5.452178 0.925156 50.196007  0.812416 0.091210 0.575900  0.796195 0.204911 0
0  5.449820 0.005547 50.263592  0.811574 0.045828 0.582449  0.782069 0.206014 0
0  5.654677 0.004893 49.977551  0.811567 0.045857 0.582457  0.782064 0.200606 0
door_01
0  5.451054 5.842897 43.428158  0.812301 0.576048 -0.091301  0.871106 0.101549 0
0  5.658751 5.626560 44.353516  0.812296 0.583246 -0.000057  0.866818 0.115652 0
0  5.658648 5.557323 43.473354  0.812302 0.576046 -0.091299  0.865778 0.102391 0
door_01
0  5.451054 5.842897 43.428158  0.812301 0.576048 -0.091301  0.871106 0.101549 0
0  5.451161 5.915671 44.353558  0.812295 0.583246 -0.000060  0.872210 0.115652 0
0  5.658751 5.626560 44.353516  0.812296 0.583246 -0.000057  0.866818 0.115652 0
door_01
0  5.451161 5.915671 44.353558  0.812295 0.583246 -0.000060  0.872210 0.115652 0
0  5.658864 5.557215 45.233681  0.812320 0.576043 0.091164  0.865778 0.128912 0
0  5.658751 5.626560 44.353516  0.812296 0.583246 -0.000057  0.866818 0.115652 0
door_01
0  5.451161 5.915671 44.353558  0.812295 0.583246 -0.000060  0.872210 0.115652 0
0  5.451279 5.842784 45.278957  0.812321 0.576042 0.091162  0.871106 0.129754 0
0  5.658864 5.557215 45.233681  0.812320 0.576043 0.091164  0.865778 0.128912 0
door_01
0  5.451279 5.842784 45.278957  0.812321 0.576042 0.091162  0.871106 0.129754 0
0  5.658980 5.351063 46.092171  0.812324 0.554685 0.180150  0.862682 0.141853 0
0  5.658864 5.557215 45.233681  0.812320 0.576043 0.091164  0.865778 0.128912 0
door_01
0  5.451279 5.842784 45.278957  0.812321 0.576042 0.091162  0.871106 0.129754 0
0  5.451403 5.626025 46.181549  0.812324 0.554687 0.180148  0.867816 0.143519 0
0  5.658980 5.351063 46.092171  0.812324 0.554685 0.180150  0.862682 0.141853 0
door_01
0  5.451403 5.626025 46.181549  0.812324 0.554687 0.180148  0.867816 0.143519 0
0  5.659100 5.013152 46.907837  0.812338 0.519659 0.264692  0.857601 0.154163 0
0  5.658980 5.351063 46.092171  0.812324 0.554685 0.180150  0.862682 0.141853 0
door_01
0  5.451403 5.626025 46.181549  0.812324 0.554687 0.180148  0.867816 0.143519 0
0  5.451529 5.270747 47.039146  0.812340 0.519657 0.264689  0.862413 0.156612 0
0  5.659100 5.013152 46.907837  0.812338 0.519659 0.264692  0.857601 0.154163 0
door_01
0  5.451529 5.270747 47.039146  0.812340 0.519657 0.264689  0.862413 0.156612 0
0  5.659220 4.551805 47.660583  0.812360 0.471822 0.342719  0.850659 0.165533 0
0  5.659100 5.013152 46.907837  0.812338 0.519659 0.264692  0.857601 0.154163 0
door_01
0  5.451529 5.270747 47.039146  0.812340 0.519657 0.264689  0.862413 0.156612 0
0  5.451657 4.785697 47.830574  0.812365 0.471819 0.342709  0.855031 0.168703 0
0  5.659220 4.551805 47.660583  0.812360 0.471822 0.342719  0.850659 0.165533 0
door_01
0  5.451657 4.785697 47.830574  0.812365 0.471819 0.342709  0.855031 0.168703 0
0  5.659338 3.978338 48.331894  0.812398 0.412365 0.412267  0.842029 0.175668 0
0  5.659220 4.551805 47.660583  0.812360 0.471822 0.342719  0.850659 0.165533 0
door_01
0  5.451657 4.785697 47.830574  0.812365 0.471819 0.342709  0.855031 0.168703 0
0  5.451778 4.182811 48.536392  0.812398 0.412370 0.412263  0.845855 0.179485 0
0  5.659338 3.978338 48.331894  0.812398 0.412365 0.412267  0.842029 0.175668 0
door_01
0  5.451778 4.182811 48.536392  0.812398 0.412370 0.412263  0.845855 0.179485 0
0  5.659449 3.306947 48.905254  0.812374 0.342805 0.471734  0.831917 0.184347 0
0  5.659338 3.978338 48.331894  0.812398 0.412365 0.412267  0.842029 0.175668 0
door_01
0  5.451778 4.182811 48.536392  0.812398 0.412370 0.412263  0.845855 0.179485 0
0  5.451894 3.476871 49.139202  0.812370 0.342809 0.471738  0.835101 0.188717 0
0  5.659449 3.306947 48.905254  0.812374 0.342805 0.471734  0.831917 0.184347 0
door_01
0  5.451894 3.476871 49.139202  0.812370 0.342809 0.471738  0.835101 0.188717 0
0  5.659551 2.554156 49.366516  0.812382 0.264779 0.519545  0.820570 0.191334 0
0  5.659449 3.306947 48.905254  0.812374 0.342805 0.471734  0.831917 0.184347 0
door_01
0  5.451894 3.476871 49.139202  0.812370 0.342809 0.471738  0.835101 0.188717 0
0  5.452003 2.685384 49.624172  0.812386 0.264779 0.519539  0.823029 0.196151 0
0  5.659551 2.554156 49.366516  0.812382 0.264779 0.519545  0.820570 0.191334 0
door_01
0  5.452003 2.685384 49.624172  0.812386 0.264779 0.519539  0.823029 0.196151 0
0  5.659641 1.738416 49.704327  0.812416 0.180227 0.554525  0.808272 0.196439 0
0  5.659551 2.554156 49.366516  0.812382 0.264779 0.519545  0.820570 0.191334 0
door_01
0  5.452003 2.685384 49.624172  0.812386 0.264779 0.519539  0.823029 0.196151 0
0  5.452097 1.827742 49.979366  0.812419 0.180228 0.554520  0.809950 0.201580 0
0  5.659641 1.738416 49.704327  0.812416 0.180227 0.554525  0.808272 0.196439 0
door_01
0  5.448816 0.007117 38.442009  0.811427 0.045942 -0.582646  0.782069 0.025289 0
0  5.658360 0.880622 38.796070  0.812288 0.091269 -0.576071  0.795325 0.031736 0
0  5.653184 0.005579 38.728828  0.811428 0.045932 -0.582645  0.782064 0.030697 0
door_01
0  5.448816 0.007117 38.442009  0.811427 0.045942 -0.582646  0.782069 0.025289 0
0  5.450750 0.925869 38.510506  0.812283 0.091304 -0.576072  0.796195 0.026392 0
0  5.658360 0.880622 38.796070  0.812288 0.091269 -0.576071  0.795325 0.031736 0
door_01
0  5.450750 0.925869 38.510506  0.812283 0.091304 -0.576072  0.796195 0.026392 0
0  5.658333 1.739069 39.002228  0.812274 0.180292 -0.554713  0.808272 0.034864 0
0  5.658360 0.880622 38.796070  0.812288 0.091269 -0.576071  0.795325 0.031736 0
door_01
0  5.450750 0.925869 38.510506  0.812283 0.091304 -0.576072  0.796195 0.026392 0
0  5.450723 1.828429 38.727264  0.812274 0.180290 -0.554713  0.809950 0.029723 0
0  5.658333 1.739069 39.002228  0.812274 0.180292 -0.554713  0.808272 0.034864 0
door_01
0  5.450723 1.828429 38.727264  0.812274 0.180290 -0.554713  0.809950 0.029723 0
0  5.658325 2.554768 39.340149  0.812279 0.264834 -0.519679  0.820570 0.039970 0
0  5.658333 1.739069 39.002228  0.812274 0.180292 -0.554713  0.808272 0.034864 0
door_01
0  5.450723 1.828429 38.727264  0.812274 0.180290 -0.554713  0.809950 0.029723 0
0  5.450714 2.686027 39.082539  0.812280 0.264828 -0.519680  0.823029 0.035152 0
0  5.658325 2.554768 39.340149  0.812279 0.264834 -0.519679  0.820570 0.039970 0
door_01
0  5.450714 2.686027 39.082539  0.812280 0.264828 -0.519680  0.823029 0.035152 0
0  5.658336 3.307502 39.801514  0.812280 0.342855 -0.471860  0.831917 0.046956 0
0  5.658325 2.554768 39.340149  0.812279 0.264834 -0.519679  0.820570 0.039970 0
door_01
0  5.450714 2.686027 39.082539  0.812280 0.264828 -0.519680  0.823029 0.035152 0
0  5.450726 3.477455 39.567616  0.812282 0.342848 -0.471862  0.835101 0.042586 0
0  5.658336 3.307502 39.801514  0.812280 0.342855 -0.471860  0.831917 0.046956 0
door_01
0  5.450726 3.477455 39.567616  0.812282 0.342848 -0.471862  0.835101 0.042586 0
0  5.658365 3.978823 40.374939  0.812305 0.412393 -0.412422  0.842029 0.055635 0
0  5.658336 3.307502 39.801514  0.812280 0.342855 -0.471860  0.831917 0.046956 0
door_01
0  5.450726 3.477455 39.567616  0.812282 0.342848 -0.471862  0.835101 0.042586 0
0  5.450757 4.183321 40.170509  0.812302 0.412399 -0.412422  0.845855 0.051818 0
0  5.658365 3.978823 40.374939  0.812305 0.412393 -0.412422  0.842029 0.055635 0
door_01
0  5.450757 4.183321 40.170509  0.812302 0.412399 -0.412422  0.845855 0.051818 0
0  5.658412 4.552207 41.046326  0.812283 0.471864 -0.342842  0.850659 0.065770 0
0  5.658365 3.978823 40.374939  0.812305 0.412393 -0.412422  0.842029 0.055635 0
door_01
0  5.450757 4.183321 40.170509  0.812302 0.412399 -0.412422  0.845855 0.051818 0
0  5.450806 4.786122 40.876408  0.812277 0.471871 -0.342847  0.855031 0.062600 0
0  5.658412 4.552207 41.046326  0.812283 0.471864 -0.342842  0.850659 0.065770 0
door_01
0  5.450806 4.786122 40.876408  0.812277 0.471871 -0.342847  0.855031 0.062600 0
0  5.658475 5.013464 41.799149  0.812277 0.519687 -0.264821  0.857601 0.077140 0
0  5.658412 4.552207 41.046326  0.812283 0.471864 -0.342842  0.850659 0.065770 0
door_01
0  5.450806 4.786122 40.876408  0.812277 0.471871 -0.342847  0.855031 0.062600 0
0  5.450872 5.271075 41.667912  0.812276 0.519687 -0.264826  0.862413 0.074692 0
0  5.658475 5.013464 41.799149  0.812277 0.519687 -0.264821  0.857601 0.077140 0
door_01
0  5.450872 5.271075 41.667912  0.812276 0.519687 -0.264826  0.862413 0.074692 0
0  5.658555 5.351275 42.614841  0.812284 0.554703 -0.180275  0.862682 0.089451 0
0  5.658475 5.013464 41.799149  0.812277 0.519687 -0.264821  0.857601 0.077140 0
door_01
0  5.450872 5.271075 41.667912  0.812276 0.519687 -0.264826  0.862413 0.074692 0
0  5.450956 5.626247 42.525528  0.812285 0.554700 -0.180279  0.867816 0.087785 0
0  5.658555 5.351275 42.614841  0.812284 0.554703 -0.180275  0.862682 0.089451 0
door_01
0  5.450956 5.626247 42.525528  0.812285 0.554700 -0.180279  0.867816 0.087785 0
0  5.658648 5.557323 43.473354  0.812302 0.576046 -0.091299  0.865778 0.102391 0
0  5.658555 5.351275 42.614841  0.812284 0.554703 -0.180275  0.862682 0.089451 0
door_01
0  5.450956 5.626247 42.525528  0.812285 0.554700 -0.180279  0.867816 0.087785 0
0  5.451054 5.842897 43.428158  0.812301 0.576048 -0.091301  0.871106 0.101549 0
0  5.658648 5.557323 43.473354  0.812302 0.576046 -0.091299  0.865778 0.102391 0
door_01
0  -6.123477 33.416721 90.349777  -0.000178 0.594254 0.804277  0.756733 0.265163 0
0  -6.850193 37.953827 86.701096  -0.003453 0.648279 0.761395  0.719281 0.247083 0
0  -6.849499 33.595642 90.196907  -0.005295 0.626161 0.779676  0.752530 0.268607 0
door_01
0  -6.123477 33.416721 90.349777  -0.000178 0.594254 0.804277  0.756733 0.265163 0
0  -6.225695 37.953823 86.701012  -0.000236 0.649598 0.760278  0.721615 0.243300 0
0  -6.850193 37.953827 86.701096  -0.003453 0.648279 0.761395  0.719281 0.247083 0
door_01
0  -6.850591 40.200253 84.556068  0.000073 0.698182 0.715921  0.700401 0.236128 0
0  -6.850193 37.953827 86.701096  -0.003453 0.648279 0.761395  0.719281 0.247083 0
0  -6.225695 37.953823 86.701012  -0.000236 0.649598 0.760278  0.721615 0.243300 0
door_01
0  -6.850591 40.200253 84.556068  0.000073 0.698182 0.715921  0.700401 0.236128 0
0  -6.225695 37.953823 86.701012  -0.000236 0.649598 0.760278  0.721615 0.243300 0
0  -6.226463 40.200348 84.555908  0.000078 0.698150 0.715951  0.702609 0.232261 0
door_01
0  -6.850880 41.774078 82.976990  0.000083 0.730212 0.683220  0.686741 0.228420 0
0  -6.850591 40.200253 84.556068  0.000073 0.698182 0.715921  0.700401 0.236128 0
0  -6.226463 40.200348 84.555908  0.000078 0.698150 0.715951  0.702609 0.232261 0
door_01
0  -6.850880 41.774078 82.976990  0.000083 0.730212 0.683220  0.686741 0.228420 0
0  -6.226463 40.200348 84.555908  0.000078 0.698150 0.715951  0.702609 0.232261 0
0  -6.227037 41.774170 82.976807  0.000077 0.730215 0.683217  0.688833 0.224505 0
door_01
0  -6.851173 43.247112 81.299500  0.000070 0.763620 0.645665  0.672737 0.221301 0
0  -6.850880 41.774078 82.976990  0.000083 0.730212 0.683220  0.686741 0.228420 0
0  -6.227037 41.774170 82.976807  0.000077 0.730215 0.683217  0.688833 0.224505 0
door_01
0  -6.851173 43.247112 81.299500  0.000070 0.763620 0.645665  0.672737 0.221301 0
0  -6.227037 41.774170 82.976807  0.000077 0.730215 0.683217  0.688833 0.224505 0
0  -6.227631 43.247208 81.299316  0.000064 0.763621 0.645665  0.674707 0.217316 0
door_01
0  -6.851473 44.657681 79.566521  0.000064 0.788954 0.614452  0.658529 0.214527 0
0  -6.851173 43.247112 81.299500  0.000070 0.763620 0.645665  0.672737 0.221301 0
0  -6.227631 43.247208 81.299316  0.000064 0.763621 0.645665  0.674707 0.217316 0
door_01
0  -6.851473 44.657681 79.566521  0.000064 0.788954 0.614452  0.658529 0.214527 0
0  -6.227631 43.247208 81.299316  0.000064 0.763621 0.645665  0.674707 0.217316 0
0  -6.228234 44.657772 79.566338  0.000057 0.788955 0.614452  0.660394 0.210491 0
door_01
0  -6.228845 45.994183 77.772110  0.000034 0.805265 0.592915  0.645895 0.204057 0
0  -6.851473 44.657681 79.566521  0.000064 0.788954 0.614452  0.658529 0.214527 0
0  -6.228234 44.657772 79.566338  0.000057 0.788955 0.614452  0.660394 0.210491 0
door_01
0  -6.228845 45.994183 77.772110  0.000034 0.805265 0.592915  0.645895 0.204057 0
0  -6.851772 45.994087 77.772270  0.000027 0.805267 0.592913  0.644108 0.208119 0
0  -6.851473 44.657681 79.566521  0.000064 0.788954 0.614452  0.658529 0.214527 0
door_01
0  -6.852073 47.309353 75.965164  0.000013 0.822801 0.568329  0.629674 0.201806 0
0  -6.851772 45.994087 77.772270  0.000027 0.805267 0.592913  0.644108 0.208119 0
0  -6.228845 45.994183 77.772110  0.000034 0.805265 0.592915  0.645895 0.204057 0
door_01
0  -6.852073 47.309353 75.965164  0.000013 0.822801 0.568329  0.629674 0.201806 0
0  -6.228845 45.994183 77.772110  0.000034 0.805265 0.592915  0.645895 0.204057 0
0  -6.229451 47.309456 75.964996  0.000023 0.822803 0.568327  0.631378 0.197713 0
door_01
0  -6.852376 48.533012 74.096558  0.000014 0.852477 0.522765  0.615093 0.195955 0
0  -6.852073 47.309353 75.965164  0.000013 0.822801 0.568329  0.629674 0.201806 0
0  -6.229451 47.309456 75.964996  0.000023 0.822803 0.568327  0.631378 0.197713 0
door_01
0  -6.852376 48.533012 74.096558  0.000014 0.852477 0.522765  0.615093 0.195955 0
0  -6.229451 47.309456 75.964996  0.000023 0.822803 0.568327  0.631378 0.197713 0
0  -6.230056 48.533108 74.096390  0.000015 0.852478 0.522763  0.616658 0.191810 0
door_01
0  -6.852679 49.642963 72.159790  -0.000005 0.879917 0.475127  0.600283 0.190734 0
0  -6.852376 48.533012 74.096558  0.000014 0.852477 0.522765  0.615093 0.195955 0
0  -6.230056 48.533108 74.096390  0.000015 0.852478 0.522763  0.616658 0.191810 0
door_01
0  -6.852679 49.642963 72.159790  -0.000005 0.879917 0.475127  0.600283 0.190734 0
0  -6.230056 48.533108 74.096390  0.000015 0.852478 0.522763  0.616658 0.191810 0
0  -6.230669 49.643063 72.159615  -0.000002 0.879919 0.475124  0.601706 0.186529 0
door_01
0  -7.214010 48.331734 73.973221  -0.546604 0.713817 0.437823  0.614010 0.198828 0
0  -6.852073 47.309353 75.965164  -0.546508 0.689022 0.476003  0.629674 0.201806 0
0  -6.852376 48.533012 74.096558  -0.546608 0.713816 0.437820  0.615093 0.195955 0
door_01
0  -7.214010 48.331734 73.973221  -0.546604 0.713817 0.437823  0.614010 0.198828 0
0  -7.213708 47.115128 75.831108  -0.546508 0.689021 0.476004  0.628489 0.204645 0
0  -6.852073 47.309353 75.965164  -0.546508 0.689022 0.476003  0.629674 0.201806 0
door_01
0  -6.851772 45.994087 77.772270  -0.546410 0.674385 0.496629  0.644108 0.208119 0
0  -6.852073 47.309353 75.965164  -0.546508 0.689022 0.476003  0.629674 0.201806 0
0  -7.213708 47.115128 75.831108  -0.546508 0.689021 0.476004  0.628489 0.204645 0
door_01
0  -6.851772 45.994087 77.772270  -0.546410 0.674385 0.496629  0.644108 0.208119 0
0  -7.213708 47.115128 75.831108  -0.546508 0.689021 0.476004  0.628489 0.204645 0
0  -7.213408 45.803162 77.633644  -0.546414 0.674370 0.496645  0.642873 0.210948 0
door_01
0  -7.213408 45.803162 77.633644  -0.546414 0.674370 0.496645  0.642873 0.210948 0
0  -6.851473 44.657681 79.566521  -0.546516 0.660663 0.514630  0.658529 0.214527 0
0  -6.851772 45.994087 77.772270  -0.546410 0.674385 0.496629  0.644108 0.208119 0
door_01
0  -7.213408 45.803162 77.633644  -0.546414 0.674370 0.496645  0.642873 0.210948 0
0  -7.213109 44.471443 79.421570  -0.546519 0.660661 0.514630  0.657240 0.217319 0
0  -6.851473 44.657681 79.566521  -0.546516 0.660663 0.514630  0.658529 0.214527 0
door_01
0  -7.213109 44.471443 79.421570  -0.546519 0.660661 0.514630  0.657240 0.217319 0
0  -6.851173 43.247112 81.299500  -0.546485 0.639463 0.540778  0.672737 0.221301 0
0  -6.851473 44.657681 79.566521  -0.546516 0.660663 0.514630  0.658529 0.214527 0
door_01
0  -7.213109 44.471443 79.421570  -0.546519 0.660661 0.514630  0.657240 0.217319 0
0  -7.212813 43.066860 81.147186  -0.546483 0.639464 0.540779  0.671374 0.224062 0
0  -6.851173 43.247112 81.299500  -0.546485 0.639463 0.540778  0.672737 0.221301 0
door_01
0  -7.212813 43.066860 81.147186  -0.546483 0.639464 0.540779  0.671374 0.224062 0
0  -6.850880 41.774078 82.976990  -0.546555 0.611452 0.572192  0.686741 0.228420 0
0  -6.851173 43.247112 81.299500  -0.546485 0.639463 0.540778  0.672737 0.221301 0
door_01
0  -7.212813 43.066860 81.147186  -0.546483 0.639464 0.540779  0.671374 0.224062 0
0  -7.212521 41.601673 82.815788  -0.546557 0.611449 0.572194  0.685294 0.231126 0
0  -6.850880 41.774078 82.976990  -0.546555 0.611452 0.572192  0.686741 0.228420 0
door_01
0  -7.212521 41.601673 82.815788  -0.546557 0.611449 0.572194  0.685294 0.231126 0
0  -6.850591 40.200253 84.556068  -0.546340 0.584500 0.599893  0.700401 0.236128 0
0  -6.850880 41.774078 82.976990  -0.546555 0.611452 0.572192  0.686741 0.228420 0
door_01
0  -7.212521 41.601673 82.815788  -0.546557 0.611449 0.572194  0.685294 0.231126 0
0  -7.212233 40.038380 84.384254  -0.546368 0.584758 0.599616  0.698845 0.238794 0
0  -6.850591 40.200253 84.556068  -0.546340 0.584500 0.599893  0.700401 0.236128 0
door_01
0  -7.212233 40.038380 84.384254  -0.546368 0.584758 0.599616  0.698845 0.238794 0
0  -6.850193 37.953827 86.701096  -0.563495 0.535667 0.628915  0.719281 0.247083 0
0  -6.850591 40.200253 84.556068  -0.546340 0.584500 0.599893  0.700401 0.236128 0
door_01
0  -7.212233 40.038380 84.384254  -0.546368 0.584758 0.599616  0.698845 0.238794 0
0  -7.211836 37.799915 86.522240  -0.563472 0.535786 0.628834  0.717660 0.249691 0
0  -6.850193 37.953827 86.701096  -0.563495 0.535667 0.628915  0.719281 0.247083 0
door_01
0  -7.211836 37.799915 86.522240  -0.563472 0.535786 0.628834  0.717660 0.249691 0
0  -6.849499 33.595642 90.196907  -0.572510 0.511046 0.641143  0.752530 0.268607 0
0  -6.850193 37.953827 86.701096  -0.563495 0.535667 0.628915  0.719281 0.247083 0
door_01
0  -7.211836 37.799915 86.522240  -0.563472 0.535786 0.628834  0.717660 0.249691 0
0  -7.211196 33.743679 89.734497  -0.572520 0.511043 0.641136  0.748374 0.269748 0
0  -6.849499 33.595642 90.196907  -0.572510 0.511046 0.641143  0.752530 0.268607 0
door_01
0  -7.216717 55.556347 55.406948  -0.546587 0.822522 0.157162  0.477528 0.164876 0
0  -6.854801 55.315331 57.630291  -0.546575 0.814109 0.196169  0.493465 0.164006 0
0  -6.855095 55.788208 55.451153  -0.546586 0.822523 0.157160  0.477911 0.161824 0
door_01
0  -7.216717 55.556347 55.406948  -0.546587 0.822522 0.157162  0.477528 0.164876 0
0  -7.216425 55.085846 57.575085  -0.546576 0.814108 0.196170  0.492986 0.167043 0
0  -6.854801 55.315331 57.630291  -0.546575 0.814109 0.196169  0.493465 0.164006 0
door_01
0  -7.216425 55.085846 57.575085  -0.546576 0.814108 0.196170  0.492986 0.167043 0
0  -6.854504 54.742653 59.791344  -0.546569 0.804217 0.233446  0.508976 0.166724 0
0  -6.854801 55.315331 57.630291  -0.546575 0.814109 0.196169  0.493465 0.164006 0
door_01
0  -7.216425 55.085846 57.575085  -0.546576 0.814108 0.196170  0.492986 0.167043 0
0  -7.216127 54.515957 59.725639  -0.546569 0.804217 0.233447  0.508406 0.169745 0
0  -6.854504 54.742653 59.791344  -0.546569 0.804217 0.233446  0.508976 0.166724 0
door_01
0  -6.854200 54.069519 61.923450  -0.546476 0.796225 0.259596  0.524417 0.169900 0
0  -6.854504 54.742653 59.791344  -0.546569 0.804217 0.233446  0.508976 0.166724 0
0  -7.216127 54.515957 59.725639  -0.546569 0.804217 0.233447  0.508406 0.169745 0
door_01
0  -6.854200 54.069519 61.923450  -0.546476 0.796225 0.259596  0.524417 0.169900 0
0  -7.216127 54.515957 59.725639  -0.546569 0.804217 0.233447  0.508406 0.169745 0
0  -7.215827 53.845142 61.850391  -0.546476 0.796224 0.259597  0.523780 0.172919 0
door_01
0  -7.215827 53.845142 61.850391  -0.546476 0.796224 0.259597  0.523780 0.172919 0
0  -6.853899 53.358303 64.038795  -0.546562 0.787359 0.285195  0.539795 0.173228 0
0  -6.854200 54.069519 61.923450  -0.546476 0.796225 0.259596  0.524417 0.169900 0
door_01
0  -7.215827 53.845142 61.850391  -0.546476 0.796224 0.259597  0.523780 0.172919 0
0  -7.215527 53.136360 63.958492  -0.546562 0.787358 0.285196  0.539096 0.176223 0
0  -6.853899 53.358303 64.038795  -0.546562 0.787359 0.285195  0.539795 0.173228 0
door_01
0  -7.215527 53.136360 63.958492  -0.546562 0.787358 0.285196  0.539096 0.176223 0
0  -6.853595 52.551140 66.116707  -0.546566 0.773450 0.321000  0.555040 0.176991 0
0  -6.853899 53.358303 64.038795  -0.546562 0.787359 0.285195  0.539795 0.173228 0
door_01
0  -7.215527 53.136360 63.958492  -0.546562 0.787358 0.285196  0.539096 0.176223 0
0  -7.215224 52.333099 66.026321  -0.546567 0.773448 0.321002  0.554253 0.179962 0
0  -6.853595 52.551140 66.116707  -0.546566 0.773450 0.321000  0.555040 0.176991 0
door_01
0  -7.215224 52.333099 66.026321  -0.546567 0.773448 0.321002  0.554253 0.179962 0
0  -6.853292 51.647514 68.161591  -0.546559 0.758381 0.355151  0.570195 0.181272 0
0  -6.853595 52.551140 66.116707  -0.546566 0.773450 0.321000  0.555040 0.176991 0
door_01
0  -7.215224 52.333099 66.026321  -0.546567 0.773448 0.321002  0.554253 0.179962 0
0  -7.214921 51.433723 68.061584  -0.546557 0.758381 0.355152  0.569324 0.184221 0
0  -6.853292 51.647514 68.161591  -0.546559 0.758381 0.355151  0.570195 0.181272 0
door_01
0  -6.852985 50.655441 70.165642  -0.546454 0.748628 0.375426  0.585255 0.185964 0
0  -6.853292 51.647514 68.161591  -0.546559 0.758381 0.355151  0.570195 0.181272 0
0  -7.214921 51.433723 68.061584  -0.546557 0.758381 0.355152  0.569324 0.184221 0
door_01
0  -6.852985 50.655441 70.165642  -0.546454 0.748628 0.375426  0.585255 0.185964 0
0  -7.214921 51.433723 68.061584  -0.546557 0.758381 0.355152  0.569324 0.184221 0
0  -7.214616 50.445160 70.058586  -0.546450 0.748639 0.375409  0.584317 0.188906 0
door_01
0  -7.214616 50.445160 70.058586  -0.546450 0.748639 0.375409  0.584317 0.188906 0
0  -6.852679 49.642963 72.159790  -0.546566 0.736823 0.397941  0.600283 0.190734 0
0  -6.852985 50.655441 70.165642  -0.546454 0.748628 0.375426  0.585255 0.185964 0
door_01
0  -7.214616 50.445160 70.058586  -0.546450 0.748639 0.375409  0.584317 0.188906 0
0  -7.214312 49.435246 72.047707  -0.546564 0.736824 0.397942  0.599300 0.193648 0
0  -6.852679 49.642963 72.159790  -0.546566 0.736823 0.397941  0.600283 0.190734 0
door_01
0  -7.214312 49.435246 72.047707  -0.546564 0.736824 0.397942  0.599300 0.193648 0
0  -6.852376 48.533012 74.096558  -0.546608 0.713816 0.437820  0.615093 0.195955 0
0  -6.852679 49.642963 72.159790  -0.546566 0.736823 0.397941  0.600283 0.190734 0
door_01
0  -7.214312 49.435246 72.047707  -0.546564 0.736824 0.397942  0.599300 0.193648 0
0  -7.214010 48.331734 73.973221  -0.546604 0.713817 0.437823  0.614010 0.198828 0
0  -6.852376 48.533012 74.096558  -0.546608 0.713816 0.437820  0.615093 0.195955 0
door_01
0  -6.800282 51.947075 36.127132  -0.037186 -0.987929 0.150375  0.339969 0.192799 0
0  -6.240468 51.947109 36.126991  -0.037158 -0.987925 0.150415  0.340362 0.196761 0
0  -6.227573 52.220776 38.288544  -0.071996 -0.991288 0.110291  0.355910 0.195431 0
door_01
0  -6.800282 51.947075 36.127132  -0.037186 -0.987929 0.150375  0.339969 0.192799 0
0  -6.227573 52.220776 38.288544  -0.071996 -0.991288 0.110291  0.355910 0.195431 0
0  -6.799868 52.246540 38.175076  -0.064340 -0.991205 0.115639  0.354800 0.191418 0
door_01
0  -6.227573 52.220776 38.288544  -0.071996 -0.991288 0.110291  0.355910 0.195431 0
0  -6.799464 52.457409 40.231441  -0.099545 -0.991686 0.081546  0.369669 0.190450 0
0  -6.799868 52.246540 38.175076  -0.064340 -0.991205 0.115639  0.354800 0.191418 0
door_01
0  -6.227573 52.220776 38.288544  -0.071996 -0.991288 0.110291  0.355910 0.195431 0
0  -6.210526 52.398384 40.461121  -0.099702 -0.992181 0.075078  0.371498 0.194592 0
0  -6.799464 52.457409 40.231441  -0.099545 -0.991686 0.081546  0.369669 0.190450 0
door_01
0  -6.210526 52.398384 40.461121  -0.099702 -0.992181 0.075078  0.371498 0.194592 0
0  -6.799048 52.577156 42.291553  -0.071109 -0.996475 0.044502  0.384542 0.189871 0
0  -6.799464 52.457409 40.231441  -0.099545 -0.991686 0.081546  0.369669 0.190450 0
door_01
0  -6.210526 52.398384 40.461121  -0.099702 -0.992181 0.075078  0.371498 0.194592 0
0  -6.224780 52.541725 42.407238  -0.063252 -0.997258 0.038406  0.385452 0.193956 0
0  -6.799048 52.577156 42.291553  -0.071109 -0.996475 0.044502  0.384542 0.189871 0
door_01
0  -6.224780 52.541725 42.407238  -0.063252 -0.997258 0.038406  0.385452 0.193956 0
0  -6.798582 52.594517 44.354874  -0.025143 -0.999680 -0.002623  0.399411 0.189777 0
0  -6.799048 52.577156 42.291553  -0.071109 -0.996475 0.044502  0.384542 0.189871 0
door_01
0  -6.224780 52.541725 42.407238  -0.063252 -0.997258 0.038406  0.385452 0.193956 0
0  -6.238524 52.594799 44.354733  -0.025073 -0.999682 -0.002633  0.399398 0.193774 0
0  -6.798582 52.594517 44.354874  -0.025143 -0.999680 -0.002623  0.399411 0.189777 0
door_01
0  -6.798582 52.594517 44.354874  -0.025143 -0.999680 -0.002623  0.399411 0.189777 0
0  -6.238524 52.594799 44.354733  -0.025073 -0.999682 -0.002633  0.399398 0.193774 0
0  -6.221758 52.540215 46.304909  -0.038087 -0.998364 -0.042656  0.413360 0.194083 0
door_01
0  -6.798582 52.594517 44.354874  -0.025143 -0.999680 -0.002623  0.399411 0.189777 0
0  -6.221758 52.540215 46.304909  -0.038087 -0.998364 -0.042656  0.413360 0.194083 0
0  -6.798049 52.557709 46.420490  -0.043555 -0.997904 -0.047852  0.414291 0.189996 0
door_01
0  -6.221758 52.540215 46.304909  -0.038087 -0.998364 -0.042656  0.413360 0.194083 0
0  -6.797472 52.430267 48.481167  -0.062813 -0.994850 -0.079549  0.429153 0.190594 0
0  -6.798049 52.557709 46.420490  -0.043555 -0.997904 -0.047852  0.414291 0.189996 0
door_01
0  -6.221758 52.540215 46.304909  -0.038087 -0.998364 -0.042656  0.413360 0.194083 0
0  -6.205102 52.396503 48.251682  -0.063049 -0.995214 -0.074654  0.427312 0.194742 0
0  -6.797472 52.430267 48.481167  -0.062813 -0.994850 -0.079549  0.429153 0.190594 0
door_01
0  -6.205102 52.396503 48.251682  -0.063049 -0.995214 -0.074654  0.427312 0.194742 0
0  -6.796887 52.234127 50.537624  -0.039752 -0.992848 -0.112575  0.444005 0.191566 0
0  -6.797472 52.430267 48.481167  -0.062813 -0.994850 -0.079549  0.429153 0.190594 0
door_01
0  -6.205102 52.396503 48.251682  -0.063049 -0.995214 -0.074654  0.427312 0.194742 0
0  -6.221163 52.224495 50.424709  -0.044911 -0.993272 -0.106742  0.442893 0.195597 0
0  -6.796887 52.234127 50.537624  -0.039752 -0.992848 -0.112575  0.444005 0.191566 0
door_01
0  -6.221163 52.224495 50.424709  -0.044911 -0.993272 -0.106742  0.442893 0.195597 0
0  -6.796316 51.947048 52.582615  -0.035488 -0.987339 -0.154603  0.458819 0.192910 0
0  -6.796887 52.234127 50.537624  -0.039752 -0.992848 -0.112575  0.444005 0.191566 0
door_01
0  -6.221163 52.224495 50.424709  -0.044911 -0.993272 -0.106742  0.442893 0.195597 0
0  -6.236502 51.947079 52.582485  -0.035474 -0.987334 -0.154638  0.458420 0.196872 0
0  -6.796316 51.947048 52.582615  -0.035488 -0.987339 -0.154603  0.458819 0.192910 0
door_01
0  -6.796316 51.947048 52.582615  -0.035488 -0.987339 -0.154603  0.458819 0.192910 0
0  -6.236502 51.947079 52.582485  -0.035474 -0.987334 -0.154638  0.458420 0.196872 0
0  -6.215525 51.545498 54.663368  -0.093565 -0.975208 -0.200537  0.473482 0.198713 0
door_01
0  -6.796316 51.947048 52.582615  -0.035488 -0.987339 -0.154603  0.458819 0.192910 0
0  -6.215525 51.545498 54.663368  -0.093565 -0.975208 -0.200537  0.473482 0.198713 0
0  -6.795793 51.610470 54.620167  -0.088450 -0.976268 -0.197681  0.473610 0.194541 0
door_01
0  -6.215525 51.545498 54.663368  -0.093565 -0.975208 -0.200537  0.473482 0.198713 0
0  -6.795287 51.173027 56.636116  -0.131268 -0.963987 -0.231296  0.488337 0.196654 0
0  -6.795793 51.610470 54.620167  -0.088450 -0.976268 -0.197681  0.473610 0.194541 0
door_01
0  -6.215525 51.545498 54.663368  -0.093565 -0.975208 -0.200537  0.473482 0.198713 0
0  -6.196311 51.048576 56.725578  -0.131499 -0.963164 -0.234572  0.488490 0.201058 0
0  -6.795287 51.173027 56.636116  -0.131268 -0.963987 -0.231296  0.488337 0.196654 0
door_01
0  -6.196311 51.048576 56.725578  -0.131499 -0.963164 -0.234572  0.488490 0.201058 0
0  -6.794780 50.643238 58.635334  -0.094713 -0.959570 -0.265058  0.503038 0.199177 0
0  -6.795287 51.173027 56.636116  -0.131268 -0.963987 -0.231296  0.488337 0.196654 0
door_01
0  -6.196311 51.048576 56.725578  -0.131499 -0.963164 -0.234572  0.488490 0.201058 0
0  -6.211782 50.571255 58.677120  -0.089520 -0.959341 -0.267677  0.502695 0.203359 0
0  -6.794780 50.643238 58.635334  -0.094713 -0.959570 -0.265058  0.503038 0.199177 0
door_01
0  -6.211782 50.571255 58.677120  -0.089520 -0.959341 -0.267677  0.502695 0.203359 0
0  -6.794241 50.020535 60.607761  -0.020540 -0.952996 -0.302286  0.517639 0.202144 0
0  -6.794780 50.643238 58.635334  -0.094713 -0.959570 -0.265058  0.503038 0.199177 0
door_01
0  -6.211782 50.571255 58.677120  -0.089520 -0.959341 -0.267677  0.502695 0.203359 0
0  -6.234184 50.020565 60.607628  -0.020707 -0.953005 -0.302245  0.516814 0.206054 0
0  -6.794241 50.020535 60.607761  -0.020540 -0.952996 -0.302286  0.517639 0.202144 0
door_01
0  -6.794241 50.020535 60.607761  -0.020540 -0.952996 -0.302286  0.517639 0.202144 0
0  -6.234184 50.020565 60.607628  -0.020707 -0.953005 -0.302245  0.516814 0.206054 0
0  -6.237431 49.371975 62.566719  0.008512 -0.940229 -0.340436  0.531260 0.209193 0
door_01
0  -6.794241 50.020535 60.607761  -0.020540 -0.952996 -0.302286  0.517639 0.202144 0
0  -6.237431 49.371975 62.566719  0.008512 -0.940229 -0.340436  0.531260 0.209193 0
0  -6.793664 49.362576 62.564693  0.008581 -0.940210 -0.340487  0.532168 0.205334 0
door_01
0  -6.237431 49.371975 62.566719  0.008512 -0.940229 -0.340436  0.531260 0.209193 0
0  -6.793071 48.615841 64.487000  0.003664 -0.923137 -0.384454  0.546600 0.208948 0
0  -6.793664 49.362576 62.564693  0.008581 -0.940210 -0.340487  0.532168 0.205334 0
door_01
0  -6.237431 49.371975 62.566719  0.008512 -0.940229 -0.340436  0.531260 0.209193 0
0  -6.233136 48.615883 64.486877  0.003478 -0.923113 -0.384512  0.545583 0.212805 0
0  -6.793071 48.615841 64.487000  0.003664 -0.923137 -0.384454  0.546600 0.208948 0
door_01
0  -6.233136 48.615883 64.486877  0.003478 -0.923113 -0.384512  0.545583 0.212805 0
0  -6.792472 47.779881 66.378746  -0.000864 -0.905671 -0.423980  0.560971 0.212949 0
0  -6.793071 48.615841 64.487000  0.003664 -0.923137 -0.384454  0.546600 0.208948 0
door_01
0  -6.233136 48.615883 64.486877  0.003478 -0.923113 -0.384512  0.545583 0.212805 0
0  -6.232264 47.779049 66.377701  -0.001278 -0.905637 -0.424051  0.559849 0.216784 0
0  -6.792472 47.779881 66.378746  -0.000864 -0.905671 -0.423980  0.560971 0.212949 0
door_01
0  -6.232264 47.779049 66.377701  -0.001278 -0.905637 -0.424051  0.559849 0.216784 0
0  -6.791894 46.862106 68.232719  -0.000784 -0.893974 -0.448118  0.575200 0.217345 0
0  -6.792472 47.779881 66.378746  -0.000864 -0.905671 -0.423980  0.560971 0.212949 0
door_01
0  -6.232264 47.779049 66.377701  -0.001278 -0.905637 -0.424051  0.559849 0.216784 0
0  -6.232083 46.862141 68.232582  -0.001284 -0.893946 -0.448173  0.574005 0.221142 0
0  -6.791894 46.862106 68.232719  -0.000784 -0.893974 -0.448118  0.575200 0.217345 0
door_01
0  -6.791894 46.862106 68.232719  -0.000784 -0.893974 -0.448118  0.575200 0.217345 0
0  -6.232083 46.862141 68.232582  -0.001284 -0.893946 -0.448173  0.574005 0.221142 0
0  -6.231566 45.925331 70.076576  -0.000896 -0.879936 -0.475091  0.588106 0.225682 0
door_01
0  -6.791894 46.862106 68.232719  -0.000784 -0.893974 -0.448118  0.575200 0.217345 0
0  -6.231566 45.925331 70.076576  -0.000896 -0.879936 -0.475091  0.588106 0.225682 0
0  -6.791360 45.925472 70.077545  -0.000347 -0.879916 -0.475130  0.589391 0.221897 0
door_01
0  -6.231566 45.925331 70.076576  -0.000896 -0.879936 -0.475091  0.588106 0.225682 0
0  -6.790844 44.898689 71.869293  -0.000233 -0.852540 -0.522662  0.603440 0.226916 0
0  -6.791360 45.925472 70.077545  -0.000347 -0.879916 -0.475130  0.589391 0.221897 0
door_01
0  -6.231566 45.925331 70.076576  -0.000896 -0.879936 -0.475091  0.588106 0.225682 0
0  -6.230908 44.898693 71.869118  0.000003 -0.852573 -0.522608  0.602036 0.230652 0
0  -6.790844 44.898689 71.869293  -0.000233 -0.852540 -0.522662  0.603440 0.226916 0
door_01
0  -6.230908 44.898693 71.869118  0.000003 -0.852573 -0.522608  0.602036 0.230652 0
0  -6.790333 43.766689 73.597961  0.001479 -0.822909 -0.568172  0.617320 0.232413 0
0  -6.790844 44.898689 71.869293  -0.000233 -0.852540 -0.522662  0.603440 0.226916 0
door_01
0  -6.230908 44.898693 71.869118  0.000003 -0.852573 -0.522608  0.602036 0.230652 0
0  -6.230300 43.767868 73.597855  0.000624 -0.822796 -0.568337  0.615795 0.236101 0
0  -6.790333 43.766689 73.597961  0.001479 -0.822909 -0.568172  0.617320 0.232413 0
door_01
0  -6.230300 43.767868 73.597855  0.000624 -0.822796 -0.568337  0.615795 0.236101 0
0  -6.789799 42.549908 75.269714  -0.000222 -0.804922 -0.593381  0.630984 0.238341 0
0  -6.790333 43.766689 73.597961  0.001479 -0.822909 -0.568172  0.617320 0.232413 0
door_01
0  -6.230300 43.767868 73.597855  0.000624 -0.822796 -0.568337  0.615795 0.236101 0
0  -6.229740 42.549942 75.269585  -0.000739 -0.805188 -0.593019  0.629380 0.241986 0
0  -6.789799 42.549908 75.269714  -0.000222 -0.804922 -0.593381  0.630984 0.238341 0
door_01
0  -6.789799 42.549908 75.269714  -0.000222 -0.804922 -0.593381  0.630984 0.238341 0
0  -6.229740 42.549942 75.269585  -0.000739 -0.805188 -0.593019  0.629380 0.241986 0
0  -6.229208 41.312508 76.927765  -0.002124 -0.788952 -0.614451  0.642900 0.248054 0
door_01
0  -6.789799 42.549908 75.269714  -0.000222 -0.804922 -0.593381  0.630984 0.238341 0
0  -6.229208 41.312508 76.927765  -0.002124 -0.788952 -0.614451  0.642900 0.248054 0
0  -6.789216 41.313496 76.929596  -0.001603 -0.788938 -0.614471  0.644584 0.244429 0
door_01
0  -6.229208 41.312508 76.927765  -0.002124 -0.788952 -0.614451  0.642900 0.248054 0
0  -6.788621 40.008511 78.532806  0.000461 -0.763972 -0.645249  0.658021 0.250884 0
0  -6.789216 41.313496 76.929596  -0.001603 -0.788938 -0.614471  0.644584 0.244429 0
door_01
0  -6.229208 41.312508 76.927765  -0.002124 -0.788952 -0.614451  0.642900 0.248054 0
0  -6.228696 40.008667 78.532669  0.000654 -0.764017 -0.645195  0.656250 0.254459 0
0  -6.788621 40.008511 78.532806  0.000461 -0.763972 -0.645249  0.658021 0.250884 0
door_01
0  -6.228696 40.008667 78.532669  0.000654 -0.764017 -0.645195  0.656250 0.254459 0
0  -6.788027 38.645718 80.084663  0.003609 -0.730204 -0.683220  0.671307 0.257665 0
0  -6.788621 40.008511 78.532806  0.000461 -0.763972 -0.645249  0.658021 0.250884 0
door_01
0  -6.228696 40.008667 78.532669  0.000654 -0.764017 -0.645195  0.656250 0.254459 0
0  -6.228191 38.648968 80.086967  0.003814 -0.730247 -0.683172  0.669432 0.261186 0
0  -6.788027 38.645718 80.084663  0.003609 -0.730204 -0.683220  0.671307 0.257665 0
door_01
0  -6.228191 38.648968 80.086967  0.003814 -0.730247 -0.683172  0.669432 0.261186 0
0  -6.787485 37.189682 81.545486  0.001612 -0.701219 -0.712944  0.684335 0.264875 0
0  -6.788027 38.645718 80.084663  0.003609 -0.730204 -0.683220  0.671307 0.257665 0
door_01
0  -6.228191 38.648968 80.086967  0.003814 -0.730247 -0.683172  0.669432 0.261186 0
0  -6.227671 37.189957 81.545357  0.001881 -0.701141 -0.713020  0.682366 0.268341 0
0  -6.787485 37.189682 81.545486  0.001612 -0.701219 -0.712944  0.684335 0.264875 0
door_01
0  -6.227671 37.189957 81.545357  0.001881 -0.701141 -0.713020  0.682366 0.268341 0
0  -6.786871 35.234379 83.441887  0.000167 -0.649500 -0.760362  0.701414 0.274683 0
0  -6.787485 37.189682 81.545486  0.001612 -0.701219 -0.712944  0.684335 0.264875 0
door_01
0  -6.227671 37.189957 81.545357  0.001881 -0.701141 -0.713020  0.682366 0.268341 0
0  -6.226923 35.234470 83.441910  0.000143 -0.649385 -0.760459  0.699288 0.278071 0
0  -6.786871 35.234379 83.441887  0.000167 -0.649500 -0.760362  0.701414 0.274683 0
door_01
0  -6.226923 35.234470 83.441910  0.000143 -0.649385 -0.760459  0.699288 0.278071 0
0  -6.786367 33.375763 84.802895  0.000071 -0.590798 -0.806819  0.715050 0.284145 0
0  -6.786871 35.234379 83.441887  0.000167 -0.649500 -0.760362  0.701414 0.274683 0
door_01
0  -6.226923 35.234470 83.441910  0.000143 -0.649385 -0.760459  0.699288 0.278071 0
0  -6.226309 33.376038 84.802750  0.000058 -0.590797 -0.806821  0.712807 0.287416 0
0  -6.786367 33.375763 84.802895  0.000071 -0.590798 -0.806819  0.715050 0.284145 0
door_01
0  -6.806017 33.375813 3.906871  0.000342 -0.634894 0.772599  0.083744 0.283943 0
0  -6.245961 33.375847 3.906734  0.000227 -0.634875 0.772615  0.085875 0.287316 0
0  -6.272512 35.311172 5.497039  0.000334 -0.649405 0.760443  0.100961 0.277405 0
door_01
0  -6.806017 33.375813 3.906871  0.000342 -0.634894 0.772599  0.083744 0.283943 0
0  -6.272512 35.311172 5.497039  0.000334 -0.649405 0.760443  0.100961 0.277405 0
0  -6.852425 35.307289 5.494617  0.000130 -0.649399 0.760448  0.098851 0.274029 0
door_01
0  -6.272512 35.311172 5.497039  0.000334 -0.649405 0.760443  0.100961 0.277405 0
0  -6.805610 37.189819 7.164261  -0.001663 -0.682524 0.730861  0.114347 0.264567 0
0  -6.852425 35.307289 5.494617  0.000130 -0.649399 0.760448  0.098851 0.274029 0
door_01
0  -6.272512 35.311172 5.497039  0.000334 -0.649405 0.760443  0.100961 0.277405 0
0  -6.245795 37.189854 7.164125  -0.001646 -0.682803 0.730601  0.116388 0.267999 0
0  -6.805610 37.189819 7.164261  -0.001663 -0.682524 0.730861  0.114347 0.264567 0
door_01
0  -6.805610 37.189819 7.164261  -0.001663 -0.682524 0.730861  0.114347 0.264567 0
0  -6.245795 37.189854 7.164125  -0.001646 -0.682803 0.730601  0.116388 0.267999 0
0  -6.245782 38.650940 8.621162  -0.003782 -0.729250 0.684237  0.129252 0.260741 0
door_01
0  -6.805610 37.189819 7.164261  -0.001663 -0.682524 0.730861  0.114347 0.264567 0
0  -6.245782 38.650940 8.621162  -0.003782 -0.729250 0.684237  0.129252 0.260741 0
0  -6.805406 38.654572 8.618341  -0.003886 -0.729263 0.684223  0.127354 0.257220 0
door_01
0  -6.245782 38.650940 8.621162  -0.003782 -0.729250 0.684237  0.129252 0.260741 0
0  -6.805175 40.013153 10.173781  -0.000861 -0.764534 0.644583  0.140669 0.250445 0
0  -6.805406 38.654572 8.618341  -0.003886 -0.729263 0.684223  0.127354 0.257220 0
door_01
0  -6.245782 38.650940 8.621162  -0.003782 -0.729250 0.684237  0.129252 0.260741 0
0  -6.245682 40.013538 10.173400  -0.001275 -0.764602 0.644501  0.142438 0.254016 0
0  -6.805175 40.013153 10.173781  -0.000861 -0.764534 0.644583  0.140669 0.250445 0
door_01
0  -6.245682 40.013538 10.173400  -0.001275 -0.764602 0.644501  0.142438 0.254016 0
0  -6.804929 41.316170 11.780117  0.001021 -0.789790 0.613376  0.154138 0.244012 0
0  -6.805175 40.013153 10.173781  -0.000861 -0.764534 0.644583  0.140669 0.250445 0
door_01
0  -6.245682 40.013538 10.173400  -0.001275 -0.764602 0.644501  0.142438 0.254016 0
0  -6.245446 41.321358 11.775398  0.000977 -0.789805 0.613357  0.155813 0.247630 0
0  -6.804929 41.316170 11.780117  0.001021 -0.789790 0.613376  0.154138 0.244012 0
door_01
0  -6.245446 41.321358 11.775398  0.000977 -0.789805 0.613357  0.155813 0.247630 0
0  -6.804680 42.549774 13.440034  -0.000690 -0.808373 0.588670  0.167750 0.237957 0
0  -6.804929 41.316170 11.780117  0.001021 -0.789790 0.613376  0.154138 0.244012 0
door_01
0  -6.245446 41.321358 11.775398  0.000977 -0.789805 0.613357  0.155813 0.247630 0
0  -6.244865 42.549809 13.439898  -0.000724 -0.808373 0.588670  0.169341 0.241607 0
0  -6.804680 42.549774 13.440034  -0.000690 -0.808373 0.588670  0.167750 0.237957 0
door_01
0  -6.804680 42.549774 13.440034  -0.000690 -0.808373 0.588670  0.167750 0.237957 0
0  -6.244865 42.549809 13.439898  -0.000724 -0.808373 0.588670  0.169341 0.241607 0
0  -6.243695 43.748024 15.120944  -0.003307 -0.827339 0.561694  0.182951 0.235835 0
door_01
0  -6.804680 42.549774 13.440034  -0.000690 -0.808373 0.588670  0.167750 0.237957 0
0  -6.243695 43.748024 15.120944  -0.003307 -0.827339 0.561694  0.182951 0.235835 0
0  -6.804432 43.750565 15.120300  -0.003792 -0.827286 0.561768  0.181439 0.232127 0
door_01
0  -6.243695 43.748024 15.120944  -0.003307 -0.827339 0.561694  0.182951 0.235835 0
0  -6.804172 44.868690 16.853676  -0.002437 -0.852400 0.522885  0.195305 0.226717 0
0  -6.804432 43.750565 15.120300  -0.003792 -0.827286 0.561768  0.181439 0.232127 0
door_01
0  -6.243695 43.748024 15.120944  -0.003307 -0.827339 0.561694  0.182951 0.235835 0
0  -6.242718 44.866432 16.854614  -0.002267 -0.852362 0.522947  0.196710 0.230463 0
0  -6.804172 44.868690 16.853676  -0.002437 -0.852400 0.522885  0.195305 0.226717 0
door_01
0  -6.242718 44.866432 16.854614  -0.002267 -0.852362 0.522947  0.196710 0.230463 0
0  -6.803896 45.908066 18.641733  0.000354 -0.876026 0.482264  0.209347 0.221661 0
0  -6.804172 44.868690 16.853676  -0.002437 -0.852400 0.522885  0.195305 0.226717 0
door_01
0  -6.242718 44.866432 16.854614  -0.002267 -0.852362 0.522947  0.196710 0.230463 0
0  -6.242315 45.909248 18.640404  0.000602 -0.875979 0.482350  0.210646 0.225447 0
0  -6.803896 45.908066 18.641733  0.000354 -0.876026 0.482264  0.209347 0.221661 0
door_01
0  -6.242315 45.909248 18.640404  0.000602 -0.875979 0.482350  0.210646 0.225447 0
0  -6.803595 46.862091 20.477034  0.004243 -0.891131 0.453727  0.223513 0.217045 0
0  -6.803896 45.908066 18.641733  0.000354 -0.876026 0.482264  0.209347 0.221661 0
door_01
0  -6.242315 45.909248 18.640404  0.000602 -0.875979 0.482350  0.210646 0.225447 0
0  -6.243779 46.862125 20.476898  0.004255 -0.891126 0.453735  0.224716 0.220840 0
0  -6.803595 46.862091 20.477034  0.004243 -0.891131 0.453727  0.223513 0.217045 0
door_01
0  -6.803595 46.862091 20.477034  0.004243 -0.891131 0.453727  0.223513 0.217045 0
0  -6.243779 46.862125 20.476898  0.004255 -0.891126 0.453735  0.224716 0.220840 0
0  -6.248703 47.787846 22.323233  0.013786 -0.904866 0.425473  0.238838 0.216457 0
door_01
0  -6.803595 46.862091 20.477034  0.004243 -0.891131 0.453727  0.223513 0.217045 0
0  -6.248703 47.787846 22.323233  0.013786 -0.904866 0.425473  0.238838 0.216457 0
0  -6.803273 47.780491 22.326063  0.013692 -0.904707 0.425814  0.237724 0.212669 0
door_01
0  -6.248703 47.787846 22.323233  0.013786 -0.904866 0.425473  0.238838 0.216457 0
0  -6.802920 48.611797 24.213316  0.025628 -0.923256 0.383330  0.252067 0.208717 0
0  -6.803273 47.780491 22.326063  0.013692 -0.904707 0.425814  0.237724 0.212669 0
door_01
0  -6.248703 47.787846 22.323233  0.013786 -0.904866 0.425473  0.238838 0.216457 0
0  -6.252472 48.625992 24.209211  0.025777 -0.923268 0.383292  0.253072 0.212510 0
0  -6.802920 48.611797 24.213316  0.025628 -0.923256 0.383330  0.252067 0.208717 0
door_01
0  -6.252472 48.625992 24.209211  0.025777 -0.923268 0.383292  0.253072 0.212510 0
0  -6.802536 49.358326 26.142084  0.025024 -0.940522 0.338811  0.266549 0.205129 0
0  -6.802920 48.611797 24.213316  0.025628 -0.923256 0.383330  0.252067 0.208717 0
door_01
0  -6.252472 48.625992 24.209211  0.025777 -0.923268 0.383292  0.253072 0.212510 0
0  -6.252826 49.377407 26.135794  0.024978 -0.940546 0.338746  0.267448 0.208947 0
0  -6.802536 49.358326 26.142084  0.025024 -0.940522 0.338811  0.266549 0.205129 0
door_01
0  -6.252826 49.377407 26.135794  0.024978 -0.940546 0.338746  0.267448 0.208947 0
0  -6.802122 50.020321 28.101978  -0.011071 -0.951455 0.307588  0.281101 0.201945 0
0  -6.802536 49.358326 26.142084  0.025024 -0.940522 0.338811  0.266549 0.205129 0
door_01
0  -6.252826 49.377407 26.135794  0.024978 -0.940546 0.338746  0.267448 0.208947 0
0  -6.242306 50.020596 28.101849  -0.011263 -0.951466 0.307549  0.281935 0.205849 0
0  -6.802122 50.020321 28.101978  -0.011071 -0.951455 0.307588  0.281101 0.201945 0
door_01
0  -6.802122 50.020321 28.101978  -0.011071 -0.951455 0.307588  0.281101 0.201945 0
0  -6.242306 50.020596 28.101849  -0.011263 -0.951466 0.307549  0.281935 0.205849 0
0  -6.211145 50.599770 30.023464  -0.074139 -0.957930 0.277261  0.296053 0.203143 0
door_01
0  -6.802122 50.020321 28.101978  -0.011071 -0.951455 0.307588  0.281101 0.201945 0
0  -6.211145 50.599770 30.023464  -0.074139 -0.957930 0.277261  0.296053 0.203143 0
0  -6.801681 50.662495 30.068790  -0.078492 -0.958434 0.274306  0.295690 0.198911 0
door_01
0  -6.211145 50.599770 30.023464  -0.074139 -0.957930 0.277261  0.296053 0.203143 0
0  -6.801221 51.203392 32.061813  -0.109271 -0.966899 0.230578  0.310379 0.196362 0
0  -6.801681 50.662495 30.068790  -0.078492 -0.958434 0.274306  0.295690 0.198911 0
door_01
0  -6.211145 50.599770 30.023464  -0.074139 -0.957930 0.277261  0.296053 0.203143 0
0  -6.189345 51.091866 31.970028  -0.109523 -0.965683 0.235503  0.310240 0.200841 0
0  -6.801221 51.203392 32.061813  -0.109271 -0.966899 0.230578  0.310379 0.196362 0
door_01
0  -6.189345 51.091866 31.970028  -0.109523 -0.965683 0.235503  0.310240 0.200841 0
0  -6.800742 51.625332 34.084610  -0.072271 -0.979307 0.189035  0.325158 0.194340 0
0  -6.801221 51.203392 32.061813  -0.109271 -0.966899 0.230578  0.310379 0.196362 0
door_01
0  -6.189345 51.091866 31.970028  -0.109523 -0.965683 0.235503  0.310240 0.200841 0
0  -6.213667 51.572906 34.038948  -0.076530 -0.978397 0.192049  0.325275 0.198552 0
0  -6.800742 51.625332 34.084610  -0.072271 -0.979307 0.189035  0.325158 0.194340 0
door_01
0  -6.213667 51.572906 34.038948  -0.076530 -0.978397 0.192049  0.325275 0.198552 0
0  -6.800282 51.947075 36.127132  -0.037186 -0.987929 0.150375  0.339969 0.192799 0
0  -6.800742 51.625332 34.084610  -0.072271 -0.979307 0.189035  0.325158 0.194340 0
door_01
0  -6.213667 51.572906 34.038948  -0.076530 -0.978397 0.192049  0.325275 0.198552 0
0  -6.240468 51.947109 36.126991  -0.037158 -0.987925 0.150415  0.340362 0.196761 0
0  -6.800282 51.947075 36.127132  -0.037186 -0.987929 0.150375  0.339969 0.192799 0
door_01
0  -7.219174 55.919106 35.498119  -0.546530 0.827957 -0.125670  0.336877 0.163109 0
0  -6.857312 56.475903 37.674854  -0.546620 0.830991 -0.103256  0.352278 0.158534 0
0  -6.857562 56.152187 35.461128  -0.546526 0.827956 -0.125691  0.336564 0.160037 0
door_01
0  -7.219174 55.919106 35.498119  -0.546530 0.827957 -0.125670  0.336877 0.163109 0
0  -7.218924 56.241665 37.704056  -0.546620 0.830990 -0.103254  0.352524 0.161600 0
0  -6.857312 56.475903 37.674854  -0.546620 0.830991 -0.103256  0.352278 0.158534 0
door_01
0  -7.218924 56.241665 37.704056  -0.546620 0.830990 -0.103254  0.352524 0.161600 0
0  -6.857053 56.703854 39.897682  -0.546598 0.834713 -0.066967  0.367989 0.157457 0
0  -6.857312 56.475903 37.674854  -0.546620 0.830991 -0.103256  0.352278 0.158534 0
door_01
0  -7.218924 56.241665 37.704056  -0.546620 0.830990 -0.103254  0.352524 0.161600 0
0  -7.218668 56.468578 39.916645  -0.546597 0.834714 -0.066966  0.368147 0.160527 0
0  -6.857053 56.703854 39.897682  -0.546598 0.834713 -0.066967  0.367989 0.157457 0
door_01
0  -7.218668 56.468578 39.916645  -0.546597 0.834714 -0.066966  0.368147 0.160527 0
0  -6.856789 56.833305 42.124561  -0.546624 0.836918 -0.027765  0.383693 0.156898 0
0  -6.857053 56.703854 39.897682  -0.546598 0.834713 -0.066967  0.367989 0.157457 0
door_01
0  -7.218668 56.468578 39.916645  -0.546597 0.834714 -0.066966  0.368147 0.160527 0
0  -7.218405 56.597382 42.132484  -0.546627 0.836916 -0.027763  0.383756 0.159972 0
0  -6.856789 56.833305 42.124561  -0.546624 0.836918 -0.027765  0.383693 0.156898 0
door_01
0  -6.856516 56.852089 44.354904  -0.546564 0.837408 0.004010  0.399415 0.156837 0
0  -6.856789 56.833305 42.124561  -0.546624 0.836918 -0.027765  0.383693 0.156898 0
0  -7.218405 56.597382 42.132484  -0.546627 0.836916 -0.027763  0.383756 0.159972 0
door_01
0  -6.856516 56.852089 44.354904  -0.546564 0.837408 0.004010  0.399415 0.156837 0
0  -7.218405 56.597382 42.132484  -0.546627 0.836916 -0.027763  0.383756 0.159972 0
0  -7.218133 56.616070 44.353863  -0.546565 0.837407 0.004011  0.399402 0.159921 0
door_01
0  -7.218133 56.616070 44.353863  -0.546565 0.837407 0.004011  0.399402 0.159921 0
0  -6.856243 56.812279 46.587734  -0.546609 0.836722 0.033391  0.415163 0.157017 0
0  -6.856516 56.852089 44.354904  -0.546564 0.837408 0.004010  0.399415 0.156837 0
door_01
0  -7.218133 56.616070 44.353863  -0.546565 0.837407 0.004011  0.399402 0.159921 0
0  -7.217861 56.576416 46.578407  -0.546608 0.836722 0.033391  0.415079 0.160088 0
0  -6.856243 56.812279 46.587734  -0.546609 0.836722 0.033391  0.415163 0.157017 0
door_01
0  -7.217861 56.576416 46.578407  -0.546608 0.836722 0.033391  0.415079 0.160088 0
0  -6.855960 56.674477 48.815212  -0.546570 0.834833 0.065692  0.430884 0.157688 0
0  -6.856243 56.812279 46.587734  -0.546609 0.836722 0.033391  0.415163 0.157017 0
door_01
0  -7.217861 56.576416 46.578407  -0.546608 0.836722 0.033391  0.415079 0.160088 0
0  -7.217580 56.439171 48.796791  -0.546570 0.834833 0.065693  0.430722 0.160767 0
0  -6.855960 56.674477 48.815212  -0.546570 0.834833 0.065692  0.430884 0.157688 0
door_01
0  -7.217580 56.439171 48.796791  -0.546570 0.834833 0.065693  0.430722 0.160767 0
0  -6.855678 56.462429 51.038132  -0.546593 0.831636 0.098066  0.446596 0.158669 0
0  -6.855960 56.674477 48.815212  -0.546570 0.834833 0.065692  0.430884 0.157688 0
door_01
0  -7.217580 56.439171 48.796791  -0.546570 0.834833 0.065693  0.430722 0.160767 0
0  -7.217298 56.228004 51.010586  -0.546591 0.831638 0.098067  0.446358 0.161731 0
0  -6.855678 56.462429 51.038132  -0.546593 0.831636 0.098066  0.446596 0.158669 0
door_01
0  -6.855388 56.152077 53.248669  -0.546502 0.827842 0.126546  0.462267 0.160137 0
0  -6.855678 56.462429 51.038132  -0.546593 0.831636 0.098066  0.446596 0.158669 0
0  -7.217298 56.228004 51.010586  -0.546591 0.831638 0.098067  0.446358 0.161731 0
door_01
0  -6.855388 56.152077 53.248669  -0.546502 0.827842 0.126546  0.462267 0.160137 0
0  -7.217298 56.228004 51.010586  -0.546591 0.831638 0.098067  0.446358 0.161731 0
0  -7.217009 55.918789 53.213104  -0.546501 0.827842 0.126547  0.461958 0.163207 0
door_01
0  -7.217009 55.918789 53.213104  -0.546501 0.827842 0.126547  0.461958 0.163207 0
0  -6.855095 55.788208 55.451153  -0.546586 0.822523 0.157160  0.477911 0.161824 0
0  -6.855388 56.152077 53.248669  -0.546502 0.827842 0.126546  0.462267 0.160137 0
door_01
0  -7.217009 55.918789 53.213104  -0.546501 0.827842 0.126547  0.461958 0.163207 0
0  -7.216717 55.556347 55.406948  -0.546587 0.822522 0.157162  0.477528 0.164876 0
0  -6.855095 55.788208 55.451153  -0.546586 0.822523 0.157160  0.477911 0.161824 0
door_01
0  -6.859295 50.655666 18.544174  -0.546583 0.746559 -0.379337  0.213540 0.185674 0
0  -6.859476 49.624466 16.560274  -0.546669 0.733672 -0.403582  0.198538 0.190516 0
0  -7.221079 49.417656 16.674120  -0.546670 0.733672 -0.403580  0.199529 0.193427 0
door_01
0  -6.859295 50.655666 18.544174  -0.546583 0.746559 -0.379337  0.213540 0.185674 0
0  -7.221079 49.417656 16.674120  -0.546670 0.733672 -0.403580  0.199529 0.193427 0
0  -7.220900 50.445278 18.651152  -0.546585 0.746558 -0.379337  0.214472 0.188616 0
door_01
0  -7.220900 50.445278 18.651152  -0.546585 0.746558 -0.379337  0.214472 0.188616 0
0  -6.859112 51.648399 20.542881  -0.546673 0.758339 -0.355064  0.228566 0.180998 0
0  -6.859295 50.655666 18.544174  -0.546583 0.746559 -0.379337  0.213540 0.185674 0
door_01
0  -7.220900 50.445278 18.651152  -0.546585 0.746558 -0.379337  0.214472 0.188616 0
0  -7.220717 51.434628 20.643051  -0.546674 0.758339 -0.355063  0.229433 0.183948 0
0  -6.859112 51.648399 20.542881  -0.546673 0.758339 -0.355064  0.228566 0.180998 0
door_01
0  -7.220717 51.434628 20.643051  -0.546674 0.758339 -0.355063  0.229433 0.183948 0
0  -6.858916 52.546989 22.582899  -0.546664 0.773822 -0.319934  0.243688 0.176768 0
0  -6.859112 51.648399 20.542881  -0.546673 0.758339 -0.355064  0.228566 0.180998 0
door_01
0  -7.220717 51.434628 20.643051  -0.546674 0.758339 -0.355063  0.229433 0.183948 0
0  -7.220524 52.328854 22.673162  -0.546664 0.773823 -0.319933  0.244467 0.179742 0
0  -6.858916 52.546989 22.582899  -0.546664 0.773822 -0.319934  0.243688 0.176768 0
door_01
0  -7.220524 52.328854 22.673162  -0.546664 0.773823 -0.319933  0.244467 0.179742 0
0  -6.858712 53.353954 24.667814  -0.546658 0.787323 -0.285111  0.258987 0.173034 0
0  -6.858916 52.546989 22.582899  -0.546664 0.773822 -0.319934  0.243688 0.176768 0
door_01
0  -7.220524 52.328854 22.673162  -0.546664 0.773823 -0.319933  0.244467 0.179742 0
0  -7.220319 53.132011 24.748259  -0.546657 0.787323 -0.285111  0.259681 0.176030 0
0  -6.858712 53.353954 24.667814  -0.546658 0.787323 -0.285111  0.258987 0.173034 0
door_01
0  -6.858496 54.069466 26.786356  -0.546565 0.794751 -0.263887  0.274403 0.169702 0
0  -6.858712 53.353954 24.667814  -0.546658 0.787323 -0.285111  0.258987 0.173034 0
0  -7.220319 53.132011 24.748259  -0.546657 0.787323 -0.285111  0.259681 0.176030 0
door_01
0  -6.858496 54.069466 26.786356  -0.546565 0.794751 -0.263887  0.274403 0.169702 0
0  -7.220319 53.132011 24.748259  -0.546657 0.787323 -0.285111  0.259681 0.176030 0
0  -7.220104 53.845020 26.859354  -0.546564 0.794746 -0.263907  0.275036 0.172723 0
door_01
0  -7.220104 53.845020 26.859354  -0.546564 0.794746 -0.263907  0.275036 0.172723 0
0  -6.858278 54.763645 28.912373  -0.546685 0.802316 -0.239632  0.289835 0.166449 0
0  -6.858496 54.069466 26.786356  -0.546565 0.794751 -0.263887  0.274403 0.169702 0
door_01
0  -7.220104 53.845020 26.859354  -0.546564 0.794746 -0.263907  0.275036 0.172723 0
0  -7.219887 54.537453 28.980011  -0.546684 0.802317 -0.239632  0.290413 0.169469 0
0  -6.858278 54.763645 28.912373  -0.546685 0.802316 -0.239632  0.289835 0.166449 0
door_01
0  -7.219887 54.537453 28.980011  -0.546684 0.802317 -0.239632  0.290413 0.169469 0
0  -6.858049 55.348320 31.066738  -0.546708 0.814259 -0.195172  0.305304 0.163704 0
0  -6.858278 54.763645 28.912373  -0.546685 0.802316 -0.239632  0.289835 0.166449 0
door_01
0  -7.219887 54.537453 28.980011  -0.546684 0.802317 -0.239632  0.290413 0.169469 0
0  -7.219659 55.118740 31.121847  -0.546706 0.814261 -0.195172  0.305774 0.166739 0
0  -6.858049 55.348320 31.066738  -0.546708 0.814259 -0.195172  0.305304 0.163704 0
door_01
0  -7.219659 55.118740 31.121847  -0.546706 0.814261 -0.195172  0.305774 0.166739 0
0  -6.857810 55.804390 33.253273  -0.546634 0.823712 -0.150630  0.320884 0.161630 0
0  -6.858049 55.348320 31.066738  -0.546708 0.814259 -0.195172  0.305304 0.163704 0
door_01
0  -7.219659 55.118740 31.121847  -0.546706 0.814261 -0.195172  0.305774 0.166739 0
0  -7.219422 55.572197 33.295822  -0.546635 0.823712 -0.150629  0.321248 0.164685 0
0  -6.857810 55.804390 33.253273  -0.546634 0.823712 -0.150630  0.320884 0.161630 0
door_01
0  -6.857562 56.152187 35.461128  -0.546526 0.827956 -0.125691  0.336564 0.160037 0
0  -6.857810 55.804390 33.253273  -0.546634 0.823712 -0.150630  0.320884 0.161630 0
0  -7.219422 55.572197 33.295822  -0.546635 0.823712 -0.150629  0.321248 0.164685 0
door_01
0  -6.857562 56.152187 35.461128  -0.546526 0.827956 -0.125691  0.336564 0.160037 0
0  -7.219422 55.572197 33.295822  -0.546635 0.823712 -0.150629  0.321248 0.164685 0
0  -7.219174 55.919106 35.498119  -0.546530 0.827957 -0.125670  0.336877 0.163109 0
door_01
0  -7.222245 35.476009 0.202745  -0.546121 0.546506 -0.634888  0.062904 0.260447 0
0  -6.907138 38.031574 2.131506  -0.546007 0.561623 -0.621656  0.080345 0.246241 0
0  -6.860646 35.599758 -0.001775  -0.546121 0.546506 -0.634888  0.060786 0.258207 0
door_01
0  -7.222245 35.476009 0.202745  -0.546121 0.546506 -0.634888  0.062904 0.260447 0
0  -7.268738 37.883144 2.314777  -0.546039 0.562097 -0.621199  0.082039 0.248818 0
0  -6.907138 38.031574 2.131506  -0.546007 0.561623 -0.621656  0.080345 0.246241 0
door_01
0  -7.268738 37.883144 2.314777  -0.546039 0.562097 -0.621199  0.082039 0.248818 0
0  -6.860419 40.200272 4.153746  -0.546304 0.582631 -0.601742  0.098350 0.235613 0
0  -6.907138 38.031574 2.131506  -0.546007 0.561623 -0.621656  0.080345 0.246241 0
door_01
0  -7.268738 37.883144 2.314777  -0.546039 0.562097 -0.621199  0.082039 0.248818 0
0  -7.222019 40.040756 4.327974  -0.546251 0.582651 -0.601770  0.099924 0.238280 0
0  -6.860419 40.200272 4.153746  -0.546304 0.582631 -0.601742  0.098350 0.235613 0
door_01
0  -7.222019 40.040756 4.327974  -0.546251 0.582651 -0.601770  0.099924 0.238280 0
0  -6.860323 41.785927 5.722919  -0.546863 0.610182 -0.573253  0.111994 0.227921 0
0  -6.860419 40.200272 4.153746  -0.546304 0.582631 -0.601742  0.098350 0.235613 0
door_01
0  -7.222019 40.040756 4.327974  -0.546251 0.582651 -0.601770  0.099924 0.238280 0
0  -7.221923 41.613815 5.884674  -0.546864 0.610182 -0.573252  0.113434 0.230630 0
0  -6.860323 41.785927 5.722919  -0.546863 0.610182 -0.573253  0.111994 0.227921 0
door_01
0  -7.221923 41.613815 5.884674  -0.546864 0.610182 -0.573252  0.113434 0.230630 0
0  -6.860207 43.254333 7.404431  -0.546702 0.640809 -0.538963  0.125998 0.220872 0
0  -6.860323 41.785927 5.722919  -0.546863 0.610182 -0.573253  0.111994 0.227921 0
door_01
0  -7.221923 41.613815 5.884674  -0.546864 0.610182 -0.573252  0.113434 0.230630 0
0  -7.221808 43.073669 7.556423  -0.546701 0.640809 -0.538964  0.127351 0.223641 0
0  -6.860207 43.254333 7.404431  -0.546702 0.640809 -0.538963  0.125998 0.220872 0
door_01
0  -7.221808 43.073669 7.556423  -0.546701 0.640809 -0.538964  0.127351 0.223641 0
0  -6.860081 44.661785 9.142051  -0.546664 0.661713 -0.513123  0.140224 0.214140 0
0  -6.860207 43.254333 7.404431  -0.546702 0.640809 -0.538963  0.125998 0.220872 0
door_01
0  -7.221808 43.073669 7.556423  -0.546701 0.640809 -0.538964  0.127351 0.223641 0
0  -7.221683 44.475273 9.286763  -0.546660 0.661715 -0.513124  0.141504 0.216936 0
0  -6.860081 44.661785 9.142051  -0.546664 0.661713 -0.513123  0.140224 0.214140 0
door_01
0  -6.859941 45.994259 10.937537  -0.546581 0.676958 -0.492927  0.154641 0.207771 0
0  -6.860081 44.661785 9.142051  -0.546664 0.661713 -0.513123  0.140224 0.214140 0
0  -7.221683 44.475273 9.286763  -0.546660 0.661715 -0.513124  0.141504 0.216936 0
door_01
0  -6.859941 45.994259 10.937537  -0.546581 0.676958 -0.492927  0.154641 0.207771 0
0  -7.221683 44.475273 9.286763  -0.546660 0.661715 -0.513124  0.141504 0.216936 0
0  -7.221542 45.803501 11.076523  -0.546584 0.676957 -0.492925  0.155871 0.210601 0
door_01
0  -7.221542 45.803501 11.076523  -0.546584 0.676957 -0.492925  0.155871 0.210601 0
0  -6.859798 47.292061 12.753969  -0.546710 0.692653 -0.470467  0.169101 0.201558 0
0  -6.859941 45.994259 10.937537  -0.546581 0.676958 -0.492927  0.154641 0.207771 0
door_01
0  -7.221542 45.803501 11.076523  -0.546584 0.676957 -0.492925  0.155871 0.210601 0
0  -7.221400 47.096783 12.886672  -0.546712 0.692654 -0.470465  0.170267 0.204404 0
0  -6.859798 47.292061 12.753969  -0.546710 0.692653 -0.470467  0.169101 0.201558 0
door_01
0  -7.221400 47.096783 12.886672  -0.546712 0.692654 -0.470465  0.170267 0.204404 0
0  -6.859643 48.500900 14.627495  -0.546675 0.713967 -0.437490  0.183706 0.195792 0
0  -6.859798 47.292061 12.753969  -0.546710 0.692653 -0.470467  0.169101 0.201558 0
door_01
0  -7.221400 47.096783 12.886672  -0.546712 0.692654 -0.470465  0.170267 0.204404 0
0  -7.221246 48.299644 14.750899  -0.546673 0.713969 -0.437489  0.184784 0.198670 0
0  -6.859643 48.500900 14.627495  -0.546675 0.713967 -0.437490  0.183706 0.195792 0
door_01
0  -7.221246 48.299644 14.750899  -0.546673 0.713969 -0.437489  0.184784 0.198670 0
0  -6.859476 49.624466 16.560274  -0.546669 0.733672 -0.403582  0.198538 0.190516 0
0  -6.859643 48.500900 14.627495  -0.546675 0.713967 -0.437490  0.183706 0.195792 0
door_01
0  -7.221246 48.299644 14.750899  -0.546673 0.713969 -0.437489  0.184784 0.198670 0
0  -7.221079 49.417656 16.674120  -0.546670 0.733672 -0.403580  0.199529 0.193427 0
0  -6.859476 49.624466 16.560274  -0.546669 0.733672 -0.403582  0.198538 0.190516 0
door_01
0  6.209290 50.656296 70.163948  0.000009 0.893939 0.448188  0.586587 0.181738 0
0  6.209288 49.643818 72.158089  0.000014 0.879920 0.475123  0.601706 0.186529 0
0  6.831300 49.643795 72.158112  0.000020 0.879918 0.475127  0.600283 0.190734 0
door_01
0  6.209290 50.656296 70.163948  0.000009 0.893939 0.448188  0.586587 0.181738 0
0  6.831300 49.643795 72.158112  0.000020 0.879918 0.475127  0.600283 0.190734 0
0  6.830996 50.656277 70.163963  0.000008 0.893940 0.448187  0.585255 0.185964 0
door_01
0  6.830688 51.648342 68.159912  0.000028 0.905651 0.424024  0.570195 0.181272 0
0  6.209290 50.656296 70.163948  0.000009 0.893939 0.448188  0.586587 0.181738 0
0  6.830996 50.656277 70.163963  0.000008 0.893940 0.448187  0.585255 0.185964 0
door_01
0  6.830688 51.648342 68.159912  0.000028 0.905651 0.424024  0.570195 0.181272 0
0  6.209286 51.648369 68.159904  0.000019 0.905652 0.424021  0.571449 0.177027 0
0  6.209290 50.656296 70.163948  0.000009 0.893939 0.448188  0.586587 0.181738 0
door_01
0  6.830385 52.551968 66.115044  0.000024 0.923648 0.383241  0.555040 0.176991 0
0  6.209286 51.648369 68.159904  0.000019 0.905652 0.424021  0.571449 0.177027 0
0  6.830688 51.648342 68.159912  0.000028 0.905651 0.424024  0.570195 0.181272 0
door_01
0  6.830385 52.551968 66.115044  0.000024 0.923648 0.383241  0.555040 0.176991 0
0  6.209290 52.551994 66.115021  0.000016 0.923649 0.383239  0.556173 0.172715 0
0  6.209286 51.648369 68.159904  0.000019 0.905652 0.424021  0.571449 0.177027 0
door_01
0  6.830082 53.359138 64.037117  0.000026 0.940251 0.340483  0.539795 0.173228 0
0  6.209290 52.551994 66.115021  0.000016 0.923649 0.383239  0.556173 0.172715 0
0  6.830385 52.551968 66.115044  0.000024 0.923648 0.383241  0.555040 0.176991 0
door_01
0  6.830082 53.359138 64.037117  0.000026 0.940251 0.340483  0.539795 0.173228 0
0  6.209290 53.359158 64.037102  0.000018 0.940251 0.340482  0.540804 0.168914 0
0  6.209290 52.551994 66.115021  0.000016 0.923649 0.383239  0.556173 0.172715 0
door_01
0  6.209296 54.070377 61.921761  0.000015 0.950772 0.309891  0.525329 0.165575 0
0  6.209290 53.359158 64.037102  0.000018 0.940251 0.340482  0.540804 0.168914 0
0  6.830082 53.359138 64.037117  0.000026 0.940251 0.340483  0.539795 0.173228 0
door_01
0  6.209296 54.070377 61.921761  0.000015 0.950772 0.309891  0.525329 0.165575 0
0  6.830082 53.359138 64.037117  0.000026 0.940251 0.340483  0.539795 0.173228 0
0  6.829779 54.070354 61.921783  0.000021 0.950772 0.309892  0.524417 0.169900 0
door_01
0  6.829478 54.743492 59.789673  0.000020 0.960382 0.278688  0.508976 0.166724 0
0  6.209296 54.070377 61.921761  0.000015 0.950772 0.309891  0.525329 0.165575 0
0  6.829779 54.070354 61.921783  0.000021 0.950772 0.309892  0.524417 0.169900 0
door_01
0  6.829478 54.743492 59.789673  0.000020 0.960382 0.278688  0.508976 0.166724 0
0  6.209307 54.743511 59.789650  0.000014 0.960382 0.278686  0.509794 0.162383 0
0  6.209296 54.070377 61.921761  0.000015 0.950772 0.309891  0.525329 0.165575 0
door_01
0  6.829179 55.316162 57.628628  0.000032 0.972195 0.234172  0.493465 0.164006 0
0  6.209307 54.743511 59.789650  0.000014 0.960382 0.278686  0.509794 0.162383 0
0  6.829478 54.743492 59.789673  0.000020 0.960382 0.278688  0.508976 0.166724 0
door_01
0  6.829179 55.316162 57.628628  0.000032 0.972195 0.234172  0.493465 0.164006 0
0  6.209325 55.316189 57.628609  0.000020 0.972195 0.234171  0.494153 0.159645 0
0  6.209307 54.743511 59.789650  0.000014 0.960382 0.278686  0.509794 0.162383 0
door_01
0  6.828885 55.789040 55.449493  0.000030 0.982246 0.187597  0.477911 0.161824 0
0  6.209325 55.316189 57.628609  0.000020 0.972195 0.234171  0.494153 0.159645 0
0  6.829179 55.316162 57.628628  0.000032 0.972195 0.234172  0.493465 0.164006 0
door_01
0  6.828885 55.789040 55.449493  0.000030 0.982246 0.187597  0.477911 0.161824 0
0  6.209332 55.789062 55.449463  0.000018 0.982247 0.187595  0.478463 0.157437 0
0  6.209325 55.316189 57.628609  0.000020 0.972195 0.234171  0.494153 0.159645 0
door_01
0  6.209331 56.152946 53.246986  0.000027 0.988530 0.151027  0.462708 0.155749 0
0  6.209332 55.789062 55.449463  0.000018 0.982247 0.187595  0.478463 0.157437 0
0  6.828885 55.789040 55.449493  0.000030 0.982246 0.187597  0.477911 0.161824 0
door_01
0  6.209331 56.152946 53.246986  0.000027 0.988530 0.151027  0.462708 0.155749 0
0  6.828885 55.789040 55.449493  0.000030 0.982246 0.187597  0.477911 0.161824 0
0  6.828593 56.152912 53.247005  0.000050 0.988530 0.151027  0.462267 0.160137 0
door_01
0  6.828303 56.463264 51.036465  0.000030 0.993129 0.117021  0.446596 0.158669 0
0  6.209331 56.152946 53.246986  0.000027 0.988530 0.151027  0.462708 0.155749 0
0  6.828593 56.152912 53.247005  0.000050 0.988530 0.151027  0.462267 0.160137 0
door_01
0  6.828303 56.463264 51.036465  0.000030 0.993129 0.117021  0.446596 0.158669 0
0  6.209303 56.463284 51.036446  0.000018 0.993129 0.117021  0.446938 0.154274 0
0  6.209331 56.152946 53.246986  0.000027 0.988530 0.151027  0.462708 0.155749 0
door_01
0  6.828019 56.675304 48.813545  0.000038 0.996924 0.078370  0.430884 0.157688 0
0  6.209303 56.463284 51.036446  0.000018 0.993129 0.117021  0.446938 0.154274 0
0  6.828303 56.463264 51.036465  0.000030 0.993129 0.117021  0.446596 0.158669 0
door_01
0  6.828019 56.675304 48.813545  0.000038 0.996924 0.078370  0.430884 0.157688 0
0  6.209270 56.675331 48.813519  0.000023 0.996925 0.078366  0.431116 0.153283 0
0  6.209303 56.463284 51.036446  0.000018 0.993129 0.117021  0.446938 0.154274 0
door_01
0  6.827738 56.813114 46.586067  0.000026 0.999208 0.039798  0.415163 0.157017 0
0  6.209270 56.675331 48.813519  0.000023 0.996925 0.078366  0.431116 0.153283 0
0  6.828019 56.675304 48.813545  0.000038 0.996924 0.078370  0.430884 0.157688 0
door_01
0  6.827738 56.813114 46.586067  0.000026 0.999208 0.039798  0.415163 0.157017 0
0  6.209232 56.813129 46.586037  0.000015 0.999208 0.039796  0.415283 0.152607 0
0  6.209270 56.675331 48.813519  0.000023 0.996925 0.078366  0.431116 0.153283 0
door_01
0  6.209190 56.852943 44.353218  0.000025 0.999989 0.004701  0.399431 0.152434 0
0  6.209232 56.813129 46.586037  0.000015 0.999208 0.039796  0.415283 0.152607 0
0  6.827738 56.813114 46.586067  0.000026 0.999208 0.039798  0.415163 0.157017 0
door_01
0  6.209190 56.852943 44.353218  0.000025 0.999989 0.004701  0.399431 0.152434 0
0  6.827738 56.813114 46.586067  0.000026 0.999208 0.039798  0.415163 0.157017 0
0  6.827462 56.852917 44.353237  0.000043 0.999989 0.004700  0.399415 0.156837 0
door_01
0  6.827191 56.834133 42.122894  0.000044 0.999448 -0.033234  0.383693 0.156898 0
0  6.209190 56.852943 44.353218  0.000025 0.999989 0.004701  0.399431 0.152434 0
0  6.827462 56.852917 44.353237  0.000043 0.999989 0.004700  0.399415 0.156837 0
door_01
0  6.827191 56.834133 42.122894  0.000044 0.999448 -0.033234  0.383693 0.156898 0
0  6.209163 56.834160 42.122879  0.000026 0.999448 -0.033234  0.383602 0.152498 0
0  6.209190 56.852943 44.353218  0.000025 0.999989 0.004701  0.399431 0.152434 0
door_01
0  6.826928 56.704689 39.896015  0.000051 0.996792 -0.080038  0.367989 0.157457 0
0  6.209163 56.834160 42.122879  0.000026 0.999448 -0.033234  0.383602 0.152498 0
0  6.827191 56.834133 42.122894  0.000044 0.999448 -0.033234  0.383693 0.156898 0
door_01
0  6.826928 56.704689 39.896015  0.000051 0.996792 -0.080038  0.367989 0.157457 0
0  6.209144 56.704720 39.895996  0.000029 0.996792 -0.080041  0.367765 0.153061 0
0  6.209163 56.834160 42.122879  0.000026 0.999448 -0.033234  0.383602 0.152498 0
door_01
0  6.826668 56.476746 37.673187  0.000037 0.992359 -0.123381  0.352278 0.158534 0
0  6.209144 56.704720 39.895996  0.000029 0.996792 -0.080041  0.367765 0.153061 0
0  6.826928 56.704689 39.896015  0.000051 0.996792 -0.080038  0.367989 0.157457 0
door_01
0  6.826668 56.476746 37.673187  0.000037 0.992359 -0.123381  0.352278 0.158534 0
0  6.209129 56.476765 37.673168  0.000021 0.992359 -0.123383  0.351928 0.154141 0
0  6.209144 56.704720 39.895996  0.000029 0.996792 -0.080041  0.367765 0.153061 0
door_01
0  6.209123 56.153049 35.459442  0.000026 0.988663 -0.150152  0.336130 0.155660 0
0  6.209129 56.476765 37.673168  0.000021 0.992359 -0.123383  0.351928 0.154141 0
0  6.826668 56.476746 37.673187  0.000037 0.992359 -0.123381  0.352278 0.158534 0
door_01
0  6.209123 56.153049 35.459442  0.000026 0.988663 -0.150152  0.336130 0.155660 0
0  6.826668 56.476746 37.673187  0.000037 0.992359 -0.123381  0.352278 0.158534 0
0  6.826418 56.153023 35.459461  0.000047 0.988663 -0.150150  0.336564 0.160037 0
door_01
0  6.826169 55.805229 33.251606  0.000031 0.983675 -0.179954  0.320884 0.161630 0
0  6.209123 56.153049 35.459442  0.000026 0.988663 -0.150152  0.336130 0.155660 0
0  6.826418 56.153023 35.459461  0.000047 0.988663 -0.150150  0.336564 0.160037 0
door_01
0  6.826169 55.805229 33.251606  0.000031 0.983675 -0.179954  0.320884 0.161630 0
0  6.209134 55.805244 33.251587  0.000020 0.983675 -0.179952  0.320361 0.157268 0
0  6.209123 56.153049 35.459442  0.000026 0.988663 -0.150152  0.336130 0.155660 0
door_01
0  6.825931 55.349148 31.065062  0.000053 0.972441 -0.233149  0.305304 0.163704 0
0  6.209134 55.805244 33.251587  0.000020 0.983675 -0.179952  0.320361 0.157268 0
0  6.826169 55.805229 33.251606  0.000031 0.983675 -0.179954  0.320884 0.161630 0
door_01
0  6.825931 55.349148 31.065062  0.000053 0.972441 -0.233149  0.305304 0.163704 0
0  6.209148 55.349178 31.065039  0.000031 0.972440 -0.233152  0.304633 0.159365 0
0  6.209134 55.805244 33.251587  0.000020 0.983675 -0.179952  0.320361 0.157268 0
door_01
0  6.825703 54.764477 28.910696  0.000050 0.958156 -0.286246  0.289835 0.166449 0
0  6.209148 55.349178 31.065039  0.000031 0.972440 -0.233152  0.304633 0.159365 0
0  6.825931 55.349148 31.065062  0.000053 0.972441 -0.233149  0.305304 0.163704 0
door_01
0  6.825703 54.764477 28.910696  0.000050 0.958156 -0.286246  0.289835 0.166449 0
0  6.209165 54.764503 28.910675  0.000029 0.958156 -0.286248  0.289010 0.162127 0
0  6.209148 55.349178 31.065039  0.000031 0.972440 -0.233152  0.304633 0.159365 0
door_01
0  6.209171 54.070320 26.784664  0.000022 0.949028 -0.315191  0.273489 0.165406 0
0  6.209165 54.764503 28.910675  0.000029 0.958156 -0.286248  0.289010 0.162127 0
0  6.825703 54.764477 28.910696  0.000050 0.958156 -0.286246  0.289835 0.166449 0
door_01
0  6.209171 54.070320 26.784664  0.000022 0.949028 -0.315191  0.273489 0.165406 0
0  6.825703 54.764477 28.910696  0.000050 0.958156 -0.286246  0.289835 0.166449 0
0  6.825484 54.070301 26.784681  0.000040 0.949030 -0.315187  0.274403 0.169702 0
door_01
0  6.825268 53.354794 24.666138  0.000011 0.940226 -0.340550  0.258987 0.173034 0
0  6.209171 54.070320 26.784664  0.000022 0.949028 -0.315191  0.273489 0.165406 0
0  6.825484 54.070301 26.784681  0.000040 0.949030 -0.315187  0.274403 0.169702 0
door_01
0  6.825268 53.354794 24.666138  0.000011 0.940226 -0.340550  0.258987 0.173034 0
0  6.209155 53.354790 24.666111  0.000006 0.940227 -0.340549  0.257995 0.168760 0
0  6.209171 54.070320 26.784664  0.000022 0.949028 -0.315191  0.273489 0.165406 0
door_01
0  6.825064 52.547821 22.581226  0.000051 0.924110 -0.382127  0.243688 0.176768 0
0  6.209155 53.354790 24.666111  0.000006 0.940227 -0.340549  0.257995 0.168760 0
0  6.825268 53.354794 24.666138  0.000011 0.940226 -0.340550  0.258987 0.173034 0
door_01
0  6.825064 52.547821 22.581226  0.000051 0.924110 -0.382127  0.243688 0.176768 0
0  6.209130 52.547848 22.581203  0.000025 0.924110 -0.382126  0.242577 0.172525 0
0  6.209155 53.354790 24.666111  0.000006 0.940227 -0.340549  0.257995 0.168760 0
door_01
0  6.824867 51.649235 20.541208  0.000051 0.905623 -0.424084  0.228566 0.180998 0
0  6.209130 52.547848 22.581203  0.000025 0.924110 -0.382126  0.242577 0.172525 0
0  6.825064 52.547821 22.581226  0.000051 0.924110 -0.382127  0.243688 0.176768 0
door_01
0  6.824867 51.649235 20.541208  0.000051 0.905623 -0.424084  0.228566 0.180998 0
0  6.209110 51.649258 20.541185  0.000021 0.905622 -0.424085  0.227329 0.176781 0
0  6.209130 52.547848 22.581203  0.000025 0.924110 -0.382126  0.242577 0.172525 0
door_01
0  6.209098 50.656528 18.542479  0.000023 0.891490 -0.453040  0.212215 0.181495 0
0  6.209110 51.649258 20.541185  0.000021 0.905622 -0.424085  0.227329 0.176781 0
0  6.824867 51.649235 20.541208  0.000051 0.905623 -0.424084  0.228566 0.180998 0
door_01
0  6.209098 50.656528 18.542479  0.000023 0.891490 -0.453040  0.212215 0.181495 0
0  6.824867 51.649235 20.541208  0.000051 0.905623 -0.424084  0.228566 0.180998 0
0  6.824685 50.656498 18.542500  0.000061 0.891491 -0.453039  0.213540 0.185674 0
door_01
0  6.824504 49.625301 16.558601  0.000061 0.876160 -0.482020  0.198538 0.190516 0
0  6.209098 50.656528 18.542479  0.000023 0.891490 -0.453040  0.212215 0.181495 0
0  6.824685 50.656498 18.542500  0.000061 0.891491 -0.453039  0.213540 0.185674 0
door_01
0  6.824504 49.625301 16.558601  0.000061 0.876160 -0.482020  0.198538 0.190516 0
0  6.209108 49.625332 16.558580  0.000021 0.876159 -0.482023  0.197125 0.186368 0
0  6.209098 50.656528 18.542479  0.000023 0.891490 -0.453040  0.212215 0.181495 0
door_01
0  6.824337 48.501736 14.625823  0.000020 0.852632 -0.522512  0.183706 0.195792 0
0  6.209108 49.625332 16.558580  0.000021 0.876159 -0.482023  0.197125 0.186368 0
0  6.824504 49.625301 16.558601  0.000061 0.876160 -0.482020  0.198538 0.190516 0
door_01
0  6.824337 48.501736 14.625823  0.000020 0.852632 -0.522512  0.183706 0.195792 0
0  6.209136 48.501736 14.625803  0.000003 0.852633 -0.522510  0.182170 0.191688 0
0  6.209108 49.625332 16.558580  0.000021 0.876159 -0.482023  0.197125 0.186368 0
door_01
0  6.824182 47.292892 12.752295  0.000051 0.827202 -0.561905  0.169101 0.201558 0
0  6.209136 48.501736 14.625803  0.000003 0.852633 -0.522510  0.182170 0.191688 0
0  6.824337 48.501736 14.625823  0.000020 0.852632 -0.522512  0.183706 0.195792 0
door_01
0  6.824182 47.292892 12.752295  0.000051 0.827202 -0.561905  0.169101 0.201558 0
0  6.209166 47.292919 12.752275  0.000020 0.827203 -0.561904  0.167439 0.197496 0
0  6.209136 48.501736 14.625803  0.000003 0.852633 -0.522510  0.182170 0.191688 0
door_01
0  6.209185 45.995125 10.935843  0.000026 0.808376 -0.588667  0.152896 0.203755 0
0  6.209166 47.292919 12.752275  0.000020 0.827203 -0.561904  0.167439 0.197496 0
0  6.824182 47.292892 12.752295  0.000051 0.827202 -0.561905  0.169101 0.201558 0
door_01
0  6.209185 45.995125 10.935843  0.000026 0.808376 -0.588667  0.152896 0.203755 0
0  6.824182 47.292892 12.752295  0.000051 0.827202 -0.561905  0.169101 0.201558 0
0  6.824038 45.995090 10.935863  0.000065 0.808375 -0.588667  0.154641 0.207771 0
door_01
0  6.823900 44.662624 9.140377  0.000057 0.790224 -0.612818  0.140224 0.214140 0
0  6.209185 45.995125 10.935843  0.000026 0.808376 -0.588667  0.152896 0.203755 0
0  6.824038 45.995090 10.935863  0.000065 0.808375 -0.588667  0.154641 0.207771 0
door_01
0  6.823900 44.662624 9.140377  0.000057 0.790224 -0.612818  0.140224 0.214140 0
0  6.209197 44.662651 9.140355  0.000023 0.790223 -0.612820  0.138402 0.210159 0
0  6.209185 45.995125 10.935843  0.000026 0.808376 -0.588667  0.152896 0.203755 0
door_01
0  6.823773 43.255169 7.402759  0.000023 0.765276 -0.643703  0.125998 0.220872 0
0  6.209197 44.662651 9.140355  0.000023 0.790223 -0.612820  0.138402 0.210159 0
0  6.823900 44.662624 9.140377  0.000057 0.790224 -0.612818  0.140224 0.214140 0
door_01
0  6.823773 43.255169 7.402759  0.000023 0.765276 -0.643703  0.125998 0.220872 0
0  6.209198 43.255165 7.402736  0.000011 0.765276 -0.643702  0.124074 0.216937 0
0  6.209197 44.662651 9.140355  0.000023 0.790223 -0.612820  0.138402 0.210159 0
door_01
0  6.823656 41.786762 5.721246  0.000057 0.728798 -0.684728  0.111994 0.227921 0
0  6.209198 43.255165 7.402736  0.000011 0.765276 -0.643702  0.124074 0.216937 0
0  6.823773 43.255169 7.402759  0.000023 0.765276 -0.643703  0.125998 0.220872 0
door_01
0  6.823656 41.786762 5.721246  0.000057 0.728798 -0.684728  0.111994 0.227921 0
0  6.209198 41.786793 5.721223  0.000032 0.728799 -0.684728  0.109936 0.224052 0
0  6.209198 43.255165 7.402736  0.000011 0.765276 -0.643702  0.124074 0.216937 0
door_01
0  6.209197 40.201130 4.152053  0.000006 0.691270 -0.722597  0.096174 0.231811 0
0  6.209198 41.786793 5.721223  0.000032 0.728799 -0.684728  0.109936 0.224052 0
0  6.823656 41.786762 5.721246  0.000057 0.728798 -0.684728  0.111994 0.227921 0
door_01
0  6.209197 40.201130 4.152053  0.000006 0.691270 -0.722597  0.096174 0.231811 0
0  6.823656 41.786762 5.721246  0.000057 0.728798 -0.684728  0.111994 0.227921 0
0  6.823563 40.201107 4.152073  0.000083 0.691149 -0.722712  0.098350 0.235613 0
door_01
0  6.870053 38.032410 2.129822  0.000035 0.670788 -0.741649  0.080345 0.246241 0
0  6.209197 40.201130 4.152053  0.000006 0.691270 -0.722597  0.096174 0.231811 0
0  6.823563 40.201107 4.152073  0.000083 0.691149 -0.722712  0.098350 0.235613 0
door_01
0  6.870053 38.032410 2.129822  0.000035 0.670788 -0.741649  0.080345 0.246241 0
0  6.256132 38.032448 2.129827  0.000017 0.670792 -0.741646  0.078049 0.242515 0
0  6.209197 40.201130 4.152053  0.000006 0.691270 -0.722597  0.096174 0.231811 0
door_01
0  6.209905 35.600582 -0.003462  0.000003 0.659452 -0.751747  0.058405 0.254553 0
0  6.256132 38.032448 2.129827  0.000017 0.670792 -0.741646  0.078049 0.242515 0
0  6.870053 38.032410 2.129822  0.000035 0.670788 -0.741649  0.080345 0.246241 0
door_01
0  6.209905 35.600582 -0.003462  0.000003 0.659452 -0.751747  0.058405 0.254553 0
0  6.870053 38.032410 2.129822  0.000035 0.670788 -0.741649  0.080345 0.246241 0
0  6.823333 35.600590 -0.003447  0.000010 0.659453 -0.751746  0.060786 0.258207 0
door_01
0  6.108516 33.417469 90.348274  0.000285 0.594216 0.804305  0.756733 0.265163 0
0  6.834481 33.596481 90.195229  0.005447 0.626153 0.779682  0.752530 0.268607 0
0  6.833790 37.954659 86.699417  0.003560 0.648281 0.761393  0.719281 0.247083 0
door_01
0  6.108516 33.417469 90.348274  0.000285 0.594216 0.804305  0.756733 0.265163 0
0  6.833790 37.954659 86.699417  0.003560 0.648281 0.761393  0.719281 0.247083 0
0  6.209290 37.954578 86.699486  0.000339 0.649598 0.760278  0.721615 0.243300 0
door_01
0  6.833389 40.201084 84.554390  -0.000012 0.698041 0.716058  0.700401 0.236128 0
0  6.209290 37.954578 86.699486  0.000339 0.649598 0.760278  0.721615 0.243300 0
0  6.833790 37.954659 86.699417  0.003560 0.648281 0.761393  0.719281 0.247083 0
door_01
0  6.833389 40.201084 84.554390  -0.000012 0.698041 0.716058  0.700401 0.236128 0
0  6.209258 40.201111 84.554382  -0.000000 0.698183 0.715920  0.702609 0.232261 0
0  6.209290 37.954578 86.699486  0.000339 0.649598 0.760278  0.721615 0.243300 0
door_01
0  6.833099 41.774910 82.975319  -0.000000 0.730212 0.683221  0.686741 0.228420 0
0  6.209258 40.201111 84.554382  -0.000000 0.698183 0.715920  0.702609 0.232261 0
0  6.833389 40.201084 84.554390  -0.000012 0.698041 0.716058  0.700401 0.236128 0
door_01
0  6.833099 41.774910 82.975319  -0.000000 0.730212 0.683221  0.686741 0.228420 0
0  6.209257 41.774933 82.975288  0.000003 0.730216 0.683216  0.688833 0.224505 0
0  6.209258 40.201111 84.554382  -0.000000 0.698183 0.715920  0.702609 0.232261 0
door_01
0  6.832806 43.247952 81.297821  -0.000017 0.763621 0.645665  0.672737 0.221301 0
0  6.209257 41.774933 82.975288  0.000003 0.730216 0.683216  0.688833 0.224505 0
0  6.833099 41.774910 82.975319  -0.000000 0.730212 0.683221  0.686741 0.228420 0
door_01
0  6.832806 43.247952 81.297821  -0.000017 0.763621 0.645665  0.672737 0.221301 0
0  6.209266 43.247967 81.297791  -0.000005 0.763622 0.645664  0.674707 0.217316 0
0  6.209257 41.774933 82.975288  0.000003 0.730216 0.683216  0.688833 0.224505 0
door_01
0  6.832508 44.658516 79.564850  -0.000009 0.788953 0.614453  0.658529 0.214527 0
0  6.209266 43.247967 81.297791  -0.000005 0.763622 0.645664  0.674707 0.217316 0
0  6.832806 43.247952 81.297821  -0.000017 0.763621 0.645665  0.672737 0.221301 0
door_01
0  6.832508 44.658516 79.564850  -0.000009 0.788953 0.614453  0.658529 0.214527 0
0  6.209270 44.658535 79.564819  -0.000002 0.788954 0.614453  0.660394 0.210491 0
0  6.209266 43.247967 81.297791  -0.000005 0.763622 0.645664  0.674707 0.217316 0
door_01
0  6.209283 45.994942 77.770584  0.000010 0.805265 0.592915  0.645895 0.204057 0
0  6.209270 44.658535 79.564819  -0.000002 0.788954 0.614453  0.660394 0.210491 0
0  6.832508 44.658516 79.564850  -0.000009 0.788953 0.614453  0.658529 0.214527 0
door_01
0  6.209283 45.994942 77.770584  0.000010 0.805265 0.592915  0.645895 0.204057 0
0  6.832508 44.658516 79.564850  -0.000009 0.788953 0.614453  0.658529 0.214527 0
0  6.832208 45.994923 77.770592  0.000013 0.805266 0.592914  0.644108 0.208119 0
door_01
0  6.831908 47.310188 75.963501  0.000010 0.822802 0.568328  0.629674 0.201806 0
0  6.209283 45.994942 77.770584  0.000010 0.805265 0.592915  0.645895 0.204057 0
0  6.832208 45.994923 77.770592  0.000013 0.805266 0.592914  0.644108 0.208119 0
door_01
0  6.831908 47.310188 75.963501  0.000010 0.822802 0.568328  0.629674 0.201806 0
0  6.209284 47.310211 75.963478  0.000010 0.822804 0.568326  0.631378 0.197713 0
0  6.209283 45.994942 77.770584  0.000010 0.805265 0.592915  0.645895 0.204057 0
door_01
0  6.831604 48.533844 74.094887  0.000028 0.852478 0.522763  0.615093 0.195955 0
0  6.209284 47.310211 75.963478  0.000010 0.822804 0.568326  0.631378 0.197713 0
0  6.831908 47.310188 75.963501  0.000010 0.822802 0.568328  0.629674 0.201806 0
door_01
0  6.831604 48.533844 74.094887  0.000028 0.852478 0.522763  0.615093 0.195955 0
0  6.209283 48.533867 74.094879  0.000017 0.852479 0.522761  0.616658 0.191810 0
0  6.209284 47.310211 75.963478  0.000010 0.822804 0.568326  0.631378 0.197713 0
door_01
0  6.831300 49.643795 72.158112  0.000020 0.879918 0.475127  0.600283 0.190734 0
0  6.209283 48.533867 74.094879  0.000017 0.852479 0.522761  0.616658 0.191810 0
0  6.831604 48.533844 74.094887  0.000028 0.852478 0.522763  0.615093 0.195955 0
door_01
0  6.831300 49.643795 72.158112  0.000020 0.879918 0.475127  0.600283 0.190734 0
0  6.209288 49.643818 72.158089  0.000014 0.879920 0.475123  0.601706 0.186529 0
0  6.209283 48.533867 74.094879  0.000017 0.852479 0.522761  0.616658 0.191810 0
end
