// Created by Crowbar 0.74
version 1
nodes
  0 "static_prop" -1
end
skeleton
  time 0
    0 0.000000 0.000000 0.000000 0.000000 0.000000 0.000000
end
triangles
Door_01
  0 51.664131 8.145739 6.843895 0.777673 0.275489 -0.565093 0.437037 0.614763 1 0 1.000000
  0 45.815914 8.145739 -0.001631 0.731070 0.274700 -0.624562 0.415364 0.589393 1 0 1.000000
  0 45.380932 8.838225 -0.001631 0.537630 0.707102 -0.459305 0.413752 0.589393 1 0 1.000000
Door_01
  0 55.985374 9.168951 15.853787 0.244064 0.961752 -0.124358 0.453052 0.648154 1 0 1.000000
  0 59.758617 9.168951 24.963097 0.260513 0.961752 -0.084647 0.467036 0.681913 1 0 1.000000
  0 60.419292 8.838224 24.748589 0.671459 0.708198 -0.218171 0.469484 0.681118 1 0 1.000000
Door_01
  0 55.985374 9.168951 15.853787 0.244064 0.961752 -0.124358 0.453052 0.648154 1 0 1.000000
  0 60.419292 8.838224 24.748589 0.671459 0.708198 -0.218171 0.469484 0.681118 1 0 1.000000
  0 56.604378 8.838224 15.538606 0.629062 0.708198 -0.320524 0.455346 0.646986 1 0 1.000000
Door_01
  0 50.833569 9.168951 7.446908 0.221595 0.961752 -0.161023 0.433959 0.616998 1 0 1.000000
  0 55.985374 9.168951 15.853787 0.244064 0.961752 -0.124358 0.453052 0.648154 1 0 1.000000
  0 56.604378 8.838224 15.538606 0.629062 0.708198 -0.320524 0.455346 0.646986 1 0 1.000000
Door_01
  0 50.833569 9.168951 7.446908 0.221595 0.961752 -0.161023 0.433959 0.616998 1 0 1.000000
  0 56.604378 8.838224 15.538606 0.629062 0.708198 -0.320524 0.455346 0.646986 1 0 1.000000
  0 51.395672 8.838225 7.038803 0.571149 0.708198 -0.415024 0.436043 0.615485 1 0 1.000000
Door_01
  0 44.470150 9.168951 -0.001631 0.208866 0.961527 -0.178437 0.410376 0.589393 1 0 1.000000
  0 50.833569 9.168951 7.446908 0.221595 0.961752 -0.161023 0.433959 0.616998 1 0 1.000000
  0 51.395672 8.838225 7.038803 0.571149 0.708198 -0.415024 0.436043 0.615485 1 0 1.000000
Door_01
  0 44.470150 9.168951 -0.001631 0.208866 0.961527 -0.178437 0.410376 0.589393 1 0 1.000000
  0 51.395672 8.838225 7.038803 0.571149 0.708198 -0.415024 0.436043 0.615485 1 0 1.000000
  0 45.380932 8.838225 -0.001631 0.537630 0.707102 -0.459305 0.413752 0.589393 1 0 1.000000
Door_01
  0 51.664131 8.145739 6.843895 0.777673 0.275489 -0.565093 0.437037 0.614763 1 0 1.000000
  0 45.380932 8.838225 -0.001631 0.537630 0.707102 -0.459305 0.413752 0.589393 1 0 1.000000
  0 51.395672 8.838225 7.038803 0.571149 0.708198 -0.415024 0.436043 0.615485 1 0 1.000000
Door_01
  0 56.900013 8.145739 15.388078 0.856528 0.275490 -0.436423 0.456442 0.646428 1 0 1.000000
  0 51.664131 8.145739 6.843895 0.777673 0.275489 -0.565093 0.437037 0.614763 1 0 1.000000
  0 51.395672 8.838225 7.038803 0.571149 0.708198 -0.415024 0.436043 0.615485 1 0 1.000000
Door_01
  0 28.992004 8.145733 101.280090 0.436423 0.275490 0.856528 0.353014 0.964746 1 0 1.000000
  0 37.341099 8.838221 95.775887 0.414983 0.708198 0.571178 0.383956 0.944347 1 0 1.000000
  0 28.841280 8.838219 100.984558 0.320522 0.708198 0.629064 0.352455 0.963651 1 0 1.000000
Door_01
  0 28.992004 8.145733 101.280090 0.436423 0.275490 0.856528 0.353014 0.964746 1 0 1.000000
  0 37.536186 8.145735 96.044212 0.565040 0.275490 0.777712 0.384679 0.945342 1 0 1.000000
  0 37.341099 8.838221 95.775887 0.414983 0.708198 0.571178 0.383956 0.944347 1 0 1.000000
Door_01
  0 37.536186 8.145735 96.044212 0.565040 0.275490 0.777712 0.384679 0.945342 1 0 1.000000
  0 44.921459 8.838221 89.301674 0.499226 0.708198 0.499228 0.412049 0.920354 1 0 1.000000
  0 37.341099 8.838221 95.775887 0.414983 0.708198 0.571178 0.383956 0.944347 1 0 1.000000
Door_01
  0 37.536186 8.145735 96.044212 0.565040 0.275490 0.777712 0.384679 0.945342 1 0 1.000000
  0 45.156105 8.145735 89.536186 0.679744 0.275490 0.679745 0.412919 0.921223 1 0 1.000000
  0 44.921459 8.838221 89.301674 0.499226 0.708198 0.499228 0.412049 0.920354 1 0 1.000000
Door_01
  0 45.156105 8.145735 89.536186 0.679744 0.275490 0.679745 0.412919 0.921223 1 0 1.000000
  0 51.395699 8.838221 81.721329 0.571177 0.708198 0.414985 0.436043 0.892261 1 0 1.000000
  0 44.921459 8.838221 89.301674 0.499226 0.708198 0.499228 0.412049 0.920354 1 0 1.000000
Door_01
  0 45.156105 8.145735 89.536186 0.679744 0.275490 0.679745 0.412919 0.921223 1 0 1.000000
  0 51.664131 8.145735 81.916267 0.777711 0.275490 0.565040 0.437037 0.892983 1 0 1.000000
  0 51.395699 8.838221 81.721329 0.571177 0.708198 0.414985 0.436043 0.892261 1 0 1.000000
Door_01
  0 51.664131 8.145735 81.916267 0.777711 0.275490 0.565040 0.437037 0.892983 1 0 1.000000
  0 56.604401 8.838223 73.221519 0.629062 0.708198 0.320524 0.455346 0.860760 1 0 1.000000
  0 51.395699 8.838221 81.721329 0.571177 0.708198 0.414985 0.436043 0.892261 1 0 1.000000
Door_01
  0 51.664131 8.145735 81.916267 0.777711 0.275490 0.565040 0.437037 0.892983 1 0 1.000000
  0 56.900013 8.145737 73.372086 0.856528 0.275490 0.436423 0.456442 0.861318 1 0 1.000000
  0 56.604401 8.838223 73.221519 0.629062 0.708198 0.320524 0.455346 0.860760 1 0 1.000000
Door_01
  0 56.900013 8.145737 73.372086 0.856528 0.275490 0.436423 0.456442 0.861318 1 0 1.000000
  0 60.419308 8.838223 64.011528 0.671459 0.708198 0.218170 0.469484 0.826628 1 0 1.000000
  0 56.604401 8.838223 73.221519 0.629062 0.708198 0.320524 0.455346 0.860760 1 0 1.000000
Door_01
  0 56.900013 8.145737 73.372086 0.856528 0.275490 0.436423 0.456442 0.861318 1 0 1.000000
  0 60.734825 8.145737 64.114021 0.914254 0.275490 0.297059 0.470654 0.827008 1 0 1.000000
  0 60.419308 8.838223 64.011528 0.671459 0.708198 0.218170 0.469484 0.826628 1 0 1.000000
Door_01
  0 60.734825 8.145737 64.114021 0.914254 0.275490 0.297059 0.470654 0.827008 1 0 1.000000
  0 62.746487 8.838223 54.318150 0.697321 0.708198 0.110445 0.478109 0.790704 1 0 1.000000
  0 60.419308 8.838223 64.011528 0.671459 0.708198 0.218170 0.469484 0.826628 1 0 1.000000
Door_01
  0 60.734825 8.145737 64.114021 0.914254 0.275490 0.297059 0.470654 0.827008 1 0 1.000000
  0 63.074150 8.145738 54.370045 0.949469 0.275490 0.150381 0.479323 0.790896 1 0 1.000000
  0 62.746487 8.838223 54.318150 0.697321 0.708198 0.110445 0.478109 0.790704 1 0 1.000000
Door_01
  0 63.074150 8.145738 54.370045 0.949469 0.275490 0.150381 0.479323 0.790896 1 0 1.000000
  0 63.528629 8.838223 44.380058 0.706014 0.708198 0.000000 0.481008 0.753873 1 0 1.000000
  0 62.746487 8.838223 54.318150 0.697321 0.708198 0.110445 0.478109 0.790704 1 0 1.000000
Door_01
  0 63.074150 8.145738 54.370045 0.949469 0.275490 0.150381 0.479323 0.790896 1 0 1.000000
  0 63.860374 8.145738 44.380081 0.961304 0.275490 0.000000 0.482237 0.753873 1 0 1.000000
  0 63.528629 8.838223 44.380058 0.706014 0.708198 0.000000 0.481008 0.753873 1 0 1.000000
Door_01
  0 63.860374 8.145738 44.380081 0.961304 0.275490 0.000000 0.482237 0.753873 1 0 1.000000
  0 62.746479 8.838223 34.441967 0.697321 0.708198 -0.110445 0.478109 0.717042 1 0 1.000000
  0 63.528629 8.838223 44.380058 0.706014 0.708198 0.000000 0.481008 0.753873 1 0 1.000000
Door_01
  0 63.860374 8.145738 44.380081 0.961304 0.275490 0.000000 0.482237 0.753873 1 0 1.000000
  0 63.074150 8.145738 34.390118 0.949469 0.275490 -0.150381 0.479323 0.716850 1 0 1.000000
  0 62.746479 8.838223 34.441967 0.697321 0.708198 -0.110445 0.478109 0.717042 1 0 1.000000
Door_01
  0 63.074150 8.145738 34.390118 0.949469 0.275490 -0.150381 0.479323 0.716850 1 0 1.000000
  0 60.419292 8.838224 24.748589 0.671459 0.708198 -0.218171 0.469484 0.681118 1 0 1.000000
  0 62.746479 8.838223 34.441967 0.697321 0.708198 -0.110445 0.478109 0.717042 1 0 1.000000
Door_01
  0 63.074150 8.145738 34.390118 0.949469 0.275490 -0.150381 0.479323 0.716850 1 0 1.000000
  0 60.734825 8.145739 24.646141 0.914254 0.275490 -0.297059 0.470654 0.680738 1 0 1.000000
  0 60.419292 8.838224 24.748589 0.671459 0.708198 -0.218171 0.469484 0.681118 1 0 1.000000
Door_01
  0 60.734825 8.145739 24.646141 0.914254 0.275490 -0.297059 0.470654 0.680738 1 0 1.000000
  0 56.604378 8.838224 15.538606 0.629062 0.708198 -0.320524 0.455346 0.646986 1 0 1.000000
  0 60.419292 8.838224 24.748589 0.671459 0.708198 -0.218171 0.469484 0.681118 1 0 1.000000
Door_01
  0 60.734825 8.145739 24.646141 0.914254 0.275490 -0.297059 0.470654 0.680738 1 0 1.000000
  0 56.900013 8.145739 15.388078 0.856528 0.275490 -0.436423 0.456442 0.646428 1 0 1.000000
  0 56.604378 8.838224 15.538606 0.629062 0.708198 -0.320524 0.455346 0.646986 1 0 1.000000
Door_01
  0 56.900013 8.145739 15.388078 0.856528 0.275490 -0.436423 0.456442 0.646428 1 0 1.000000
  0 51.395672 8.838225 7.038803 0.571149 0.708198 -0.415024 0.436043 0.615485 1 0 1.000000
  0 56.604378 8.838224 15.538606 0.629062 0.708198 -0.320524 0.455346 0.646986 1 0 1.000000
Door_01
  0 36.932621 9.168947 95.214058 0.161005 0.961752 0.221607 0.382442 0.942265 1 0 1.000000
  0 28.525688 9.168945 100.365768 0.124356 0.961752 0.244066 0.351286 0.961358 1 0 1.000000
  0 28.841280 8.838219 100.984558 0.320522 0.708198 0.629064 0.352455 0.963651 1 0 1.000000
Door_01
  0 36.932621 9.168947 95.214058 0.161005 0.961752 0.221607 0.382442 0.942265 1 0 1.000000
  0 28.841280 8.838219 100.984558 0.320522 0.708198 0.629064 0.352455 0.963651 1 0 1.000000
  0 37.341099 8.838221 95.775887 0.414983 0.708198 0.571178 0.383956 0.944347 1 0 1.000000
Door_01
  0 44.430145 9.168947 88.810631 0.193690 0.961752 0.193692 0.410228 0.918534 1 0 1.000000
  0 36.932621 9.168947 95.214058 0.161005 0.961752 0.221607 0.382442 0.942265 1 0 1.000000
  0 37.341099 8.838221 95.775887 0.414983 0.708198 0.571178 0.383956 0.944347 1 0 1.000000
Door_01
  0 44.430145 9.168947 88.810631 0.193690 0.961752 0.193692 0.410228 0.918534 1 0 1.000000
  0 37.341099 8.838221 95.775887 0.414983 0.708198 0.571178 0.383956 0.944347 1 0 1.000000
  0 44.921459 8.838221 89.301674 0.499226 0.708198 0.499228 0.412049 0.920354 1 0 1.000000
Door_01
  0 50.833645 9.168947 81.313156 0.221606 0.961752 0.161007 0.433960 0.890748 1 0 1.000000
  0 44.430145 9.168947 88.810631 0.193690 0.961752 0.193692 0.410228 0.918534 1 0 1.000000
  0 44.921459 8.838221 89.301674 0.499226 0.708198 0.499228 0.412049 0.920354 1 0 1.000000
Door_01
  0 50.833645 9.168947 81.313156 0.221606 0.961752 0.161007 0.433960 0.890748 1 0 1.000000
  0 44.921459 8.838221 89.301674 0.499226 0.708198 0.499228 0.412049 0.920354 1 0 1.000000
  0 51.395699 8.838221 81.721329 0.571177 0.708198 0.414985 0.436043 0.892261 1 0 1.000000
Door_01
  0 55.985435 9.168949 72.906258 0.244065 0.961752 0.124358 0.453052 0.859592 1 0 1.000000
  0 50.833645 9.168947 81.313156 0.221606 0.961752 0.161007 0.433960 0.890748 1 0 1.000000
  0 51.395699 8.838221 81.721329 0.571177 0.708198 0.414985 0.436043 0.892261 1 0 1.000000
Door_01
  0 55.985435 9.168949 72.906258 0.244065 0.961752 0.124358 0.453052 0.859592 1 0 1.000000
  0 51.395699 8.838221 81.721329 0.571177 0.708198 0.414985 0.436043 0.892261 1 0 1.000000
  0 56.604401 8.838223 73.221519 0.629062 0.708198 0.320524 0.455346 0.860760 1 0 1.000000
Door_01
  0 59.758663 9.168949 63.796928 0.260514 0.961752 0.084646 0.467036 0.825832 1 0 1.000000
  0 55.985435 9.168949 72.906258 0.244065 0.961752 0.124358 0.453052 0.859592 1 0 1.000000
  0 56.604401 8.838223 73.221519 0.629062 0.708198 0.320524 0.455346 0.860760 1 0 1.000000
Door_01
  0 59.758663 9.168949 63.796928 0.260514 0.961752 0.084646 0.467036 0.825832 1 0 1.000000
  0 56.604401 8.838223 73.221519 0.629062 0.708198 0.320524 0.455346 0.860760 1 0 1.000000
  0 60.419308 8.838223 64.011528 0.671459 0.708198 0.218170 0.469484 0.826628 1 0 1.000000
Door_01
  0 62.060410 9.168950 54.209484 0.270548 0.961752 0.042851 0.475566 0.790301 1 0 1.000000
  0 59.758663 9.168949 63.796928 0.260514 0.961752 0.084646 0.467036 0.825832 1 0 1.000000
  0 60.419308 8.838223 64.011528 0.671459 0.708198 0.218170 0.469484 0.826628 1 0 1.000000
Door_01
  0 62.060410 9.168950 54.209484 0.270548 0.961752 0.042851 0.475566 0.790301 1 0 1.000000
  0 60.419308 8.838223 64.011528 0.671459 0.708198 0.218170 0.469484 0.826628 1 0 1.000000
  0 62.746487 8.838223 54.318150 0.697321 0.708198 0.110445 0.478109 0.790704 1 0 1.000000
Door_01
  0 62.834000 9.168950 44.380005 0.273920 0.961752 0.000000 0.478433 0.753873 1 0 1.000000
  0 62.060410 9.168950 54.209484 0.270548 0.961752 0.042851 0.475566 0.790301 1 0 1.000000
  0 62.746487 8.838223 54.318150 0.697321 0.708198 0.110445 0.478109 0.790704 1 0 1.000000
Door_01
  0 62.834000 9.168950 44.380005 0.273920 0.961752 0.000000 0.478433 0.753873 1 0 1.000000
  0 62.746487 8.838223 54.318150 0.697321 0.708198 0.110445 0.478109 0.790704 1 0 1.000000
  0 63.528629 8.838223 44.380058 0.706014 0.708198 0.000000 0.481008 0.753873 1 0 1.000000
Door_01
  0 62.060387 9.168950 34.550529 0.270548 0.961752 -0.042851 0.475566 0.717444 1 0 1.000000
  0 62.834000 9.168950 44.380005 0.273920 0.961752 0.000000 0.478433 0.753873 1 0 1.000000
  0 63.528629 8.838223 44.380058 0.706014 0.708198 0.000000 0.481008 0.753873 1 0 1.000000
Door_01
  0 62.060387 9.168950 34.550529 0.270548 0.961752 -0.042851 0.475566 0.717444 1 0 1.000000
  0 63.528629 8.838223 44.380058 0.706014 0.708198 0.000000 0.481008 0.753873 1 0 1.000000
  0 62.746479 8.838223 34.441967 0.697321 0.708198 -0.110445 0.478109 0.717042 1 0 1.000000
Door_01
  0 59.758617 9.168951 24.963097 0.260513 0.961752 -0.084647 0.467036 0.681913 1 0 1.000000
  0 62.060387 9.168950 34.550529 0.270548 0.961752 -0.042851 0.475566 0.717444 1 0 1.000000
  0 62.746479 8.838223 34.441967 0.697321 0.708198 -0.110445 0.478109 0.717042 1 0 1.000000
Door_01
  0 59.758617 9.168951 24.963097 0.260513 0.961752 -0.084647 0.467036 0.681913 1 0 1.000000
  0 62.746479 8.838223 34.441967 0.697321 0.708198 -0.110445 0.478109 0.717042 1 0 1.000000
  0 60.419292 8.838224 24.748589 0.671459 0.708198 -0.218171 0.469484 0.681118 1 0 1.000000
Door_01
  0 -44.430626 9.168943 88.810150 -0.193693 0.961752 0.193691 0.080907 0.918532 1 0 1.000000
  0 -50.833977 9.168943 81.312698 -0.221608 0.961752 0.161006 0.057176 0.890746 1 0 1.000000
  0 -51.395805 8.838217 81.721184 -0.571179 0.708197 0.414984 0.055094 0.892260 1 0 1.000000
Door_01
  0 -44.430626 9.168943 88.810150 -0.193693 0.961752 0.193691 0.080907 0.918532 1 0 1.000000
  0 -51.395805 8.838217 81.721184 -0.571179 0.708197 0.414984 0.055094 0.892260 1 0 1.000000
  0 -44.921612 8.838217 89.301514 -0.499229 0.708197 0.499227 0.079088 0.920353 1 0 1.000000
Door_01
  0 -36.933250 9.168943 95.213600 -0.161008 0.961752 0.221606 0.108693 0.942263 1 0 1.000000
  0 -44.430626 9.168943 88.810150 -0.193693 0.961752 0.193691 0.080907 0.918532 1 0 1.000000
  0 -44.921612 8.838217 89.301514 -0.499229 0.708197 0.499227 0.079088 0.920353 1 0 1.000000
Door_01
  0 -36.933250 9.168943 95.213600 -0.161008 0.961752 0.221606 0.108693 0.942263 1 0 1.000000
  0 -44.921612 8.838217 89.301514 -0.499229 0.708197 0.499227 0.079088 0.920353 1 0 1.000000
  0 -37.341305 8.838217 95.775742 -0.414986 0.708197 0.571177 0.107181 0.944347 1 0 1.000000
Door_01
  0 -28.526453 9.168943 100.365372 -0.124359 0.961752 0.244065 0.139849 0.961356 1 0 1.000000
  0 -36.933250 9.168943 95.213600 -0.161008 0.961752 0.221606 0.108693 0.942263 1 0 1.000000
  0 -37.341305 8.838217 95.775742 -0.414986 0.708197 0.571177 0.107181 0.944347 1 0 1.000000
Door_01
  0 -28.526453 9.168943 100.365372 -0.124359 0.961752 0.244065 0.139849 0.961356 1 0 1.000000
  0 -37.341305 8.838217 95.775742 -0.414986 0.708197 0.571177 0.107181 0.944347 1 0 1.000000
  0 -28.841528 8.838217 100.984436 -0.320525 0.708197 0.629063 0.138681 0.963650 1 0 1.000000
Door_01
  0 -19.417233 9.168943 104.138618 -0.084648 0.961752 0.260514 0.173608 0.975340 1 0 1.000000
  0 -28.526453 9.168943 100.365372 -0.124359 0.961752 0.244065 0.139849 0.961356 1 0 1.000000
  0 -28.841528 8.838217 100.984436 -0.320525 0.708197 0.629063 0.138681 0.963650 1 0 1.000000
Door_01
  0 -19.417233 9.168943 104.138618 -0.084648 0.961752 0.260514 0.173608 0.975340 1 0 1.000000
  0 -28.841528 8.838217 100.984436 -0.320525 0.708197 0.629063 0.138681 0.963650 1 0 1.000000
  0 -19.631575 8.838217 104.799347 -0.218172 0.708197 0.671459 0.172813 0.977789 1 0 1.000000
Door_01
  0 -9.829885 9.168944 106.440414 -0.042852 0.961752 0.270548 0.209139 0.983871 1 0 1.000000
  0 -19.417233 9.168943 104.138618 -0.084648 0.961752 0.260514 0.173608 0.975340 1 0 1.000000
  0 -19.631575 8.838217 104.799347 -0.218172 0.708197 0.671459 0.172813 0.977789 1 0 1.000000
Door_01
  0 -9.829885 9.168944 106.440414 -0.042852 0.961752 0.270548 0.209139 0.983871 1 0 1.000000
  0 -19.631575 8.838217 104.799347 -0.218172 0.708197 0.671459 0.172813 0.977789 1 0 1.000000
  0 -9.938223 8.838218 107.126541 -0.110447 0.708197 0.697322 0.208737 0.986413 1 0 1.000000
Door_01
  0 -0.000482 9.168944 107.214081 -0.000002 0.961752 0.273921 0.245567 0.986738 1 0 1.000000
  0 -9.829885 9.168944 106.440414 -0.042852 0.961752 0.270548 0.209139 0.983871 1 0 1.000000
  0 -9.938223 8.838218 107.126541 -0.110447 0.708197 0.697322 0.208737 0.986413 1 0 1.000000
Door_01
  0 -0.000482 9.168944 107.214081 -0.000002 0.961752 0.273921 0.245567 0.986738 1 0 1.000000
  0 -9.938223 8.838218 107.126541 -0.110447 0.708197 0.697322 0.208737 0.986413 1 0 1.000000
  0 -0.000156 8.838218 107.908707 -0.000002 0.708198 0.706014 0.245568 0.989312 1 0 1.000000
Door_01
  0 9.828945 9.168944 106.440567 0.042849 0.961752 0.270549 0.281995 0.983871 1 0 1.000000
  0 -0.000482 9.168944 107.214081 -0.000002 0.961752 0.273921 0.245567 0.986738 1 0 1.000000
  0 -0.000156 8.838218 107.908707 -0.000002 0.708198 0.706014 0.245568 0.989312 1 0 1.000000
Door_01
  0 9.828945 9.168944 106.440567 0.042849 0.961752 0.270549 0.281995 0.983871 1 0 1.000000
  0 -0.000156 8.838218 107.908707 -0.000002 0.708198 0.706014 0.245568 0.989312 1 0 1.000000
  0 9.937919 8.838218 107.126587 0.110443 0.708198 0.697322 0.282399 0.986413 1 0 1.000000
Door_01
  0 19.416361 9.168945 104.138901 0.084645 0.961752 0.260514 0.317526 0.975341 1 0 1.000000
  0 9.828945 9.168944 106.440567 0.042849 0.961752 0.270549 0.281995 0.983871 1 0 1.000000
  0 9.937919 8.838218 107.126587 0.110443 0.708198 0.697322 0.282399 0.986413 1 0 1.000000
Door_01
  0 19.416361 9.168945 104.138901 0.084645 0.961752 0.260514 0.317526 0.975341 1 0 1.000000
  0 9.937919 8.838218 107.126587 0.110443 0.708198 0.697322 0.282399 0.986413 1 0 1.000000
  0 19.631292 8.838219 104.799438 0.218169 0.708198 0.671460 0.318323 0.977789 1 0 1.000000
Door_01
  0 28.525688 9.168945 100.365768 0.124356 0.961752 0.244066 0.351286 0.961358 1 0 1.000000
  0 19.416361 9.168945 104.138901 0.084645 0.961752 0.260514 0.317526 0.975341 1 0 1.000000
  0 19.631292 8.838219 104.799438 0.218169 0.708198 0.671460 0.318323 0.977789 1 0 1.000000
Door_01
  0 28.525688 9.168945 100.365768 0.124356 0.961752 0.244066 0.351286 0.961358 1 0 1.000000
  0 19.631292 8.838219 104.799438 0.218169 0.708198 0.671460 0.318323 0.977789 1 0 1.000000
  0 28.841280 8.838219 100.984558 0.320522 0.708198 0.629064 0.352455 0.963651 1 0 1.000000
Door_01
  0 -51.664131 8.145731 81.916267 -0.777712 0.275489 0.565040 0.054100 0.892983 1 0 1.000000
  0 -44.921612 8.838217 89.301514 -0.499229 0.708197 0.499227 0.079088 0.920353 1 0 1.000000
  0 -51.395805 8.838217 81.721184 -0.571179 0.708197 0.414984 0.055094 0.892260 1 0 1.000000
Door_01
  0 -51.664131 8.145731 81.916267 -0.777712 0.275489 0.565040 0.054100 0.892983 1 0 1.000000
  0 -45.156105 8.145731 89.536186 -0.679745 0.275489 0.679744 0.078219 0.921223 1 0 1.000000
  0 -44.921612 8.838217 89.301514 -0.499229 0.708197 0.499227 0.079088 0.920353 1 0 1.000000
Door_01
  0 -45.156105 8.145731 89.536186 -0.679745 0.275489 0.679744 0.078219 0.921223 1 0 1.000000
  0 -37.341305 8.838217 95.775742 -0.414986 0.708197 0.571177 0.107181 0.944347 1 0 1.000000
  0 -44.921612 8.838217 89.301514 -0.499229 0.708197 0.499227 0.079088 0.920353 1 0 1.000000
Door_01
  0 -45.156105 8.145731 89.536186 -0.679745 0.275489 0.679744 0.078219 0.921223 1 0 1.000000
  0 -37.536186 8.145731 96.044212 -0.565041 0.275489 0.777711 0.106459 0.945342 1 0 1.000000
  0 -37.341305 8.838217 95.775742 -0.414986 0.708197 0.571177 0.107181 0.944347 1 0 1.000000
Door_01
  0 -37.536186 8.145731 96.044212 -0.565041 0.275489 0.777711 0.106459 0.945342 1 0 1.000000
  0 -28.841528 8.838217 100.984436 -0.320525 0.708197 0.629063 0.138681 0.963650 1 0 1.000000
  0 -37.341305 8.838217 95.775742 -0.414986 0.708197 0.571177 0.107181 0.944347 1 0 1.000000
Door_01
  0 -37.536186 8.145731 96.044212 -0.565041 0.275489 0.777711 0.106459 0.945342 1 0 1.000000
  0 -28.992004 8.145731 101.280090 -0.436423 0.275489 0.856528 0.138123 0.964746 1 0 1.000000
  0 -28.841528 8.838217 100.984436 -0.320525 0.708197 0.629063 0.138681 0.963650 1 0 1.000000
Door_01
  0 -28.992004 8.145731 101.280090 -0.436423 0.275489 0.856528 0.138123 0.964746 1 0 1.000000
  0 -19.631575 8.838217 104.799347 -0.218172 0.708197 0.671459 0.172813 0.977789 1 0 1.000000
  0 -28.841528 8.838217 100.984436 -0.320525 0.708197 0.629063 0.138681 0.963650 1 0 1.000000
Door_01
  0 -28.992004 8.145731 101.280090 -0.436423 0.275489 0.856528 0.138123 0.964746 1 0 1.000000
  0 -19.733942 8.145731 105.114906 -0.297060 0.275489 0.914254 0.172434 0.978958 1 0 1.000000
  0 -19.631575 8.838217 104.799347 -0.218172 0.708197 0.671459 0.172813 0.977789 1 0 1.000000
Door_01
  0 -19.733942 8.145731 105.114906 -0.297060 0.275489 0.914254 0.172434 0.978958 1 0 1.000000
  0 -9.938223 8.838218 107.126541 -0.110447 0.708197 0.697322 0.208737 0.986413 1 0 1.000000
  0 -19.631575 8.838217 104.799347 -0.218172 0.708197 0.671459 0.172813 0.977789 1 0 1.000000
Door_01
  0 -19.733942 8.145731 105.114906 -0.297060 0.275489 0.914254 0.172434 0.978958 1 0 1.000000
  0 -9.989964 8.145732 107.454231 -0.150382 0.275489 0.949469 0.208545 0.987628 1 0 1.000000
  0 -9.938223 8.838218 107.126541 -0.110447 0.708197 0.697322 0.208737 0.986413 1 0 1.000000
Door_01
  0 -9.989964 8.145732 107.454231 -0.150382 0.275489 0.949469 0.208545 0.987628 1 0 1.000000
  0 -0.000156 8.838218 107.908707 -0.000002 0.708198 0.706014 0.245568 0.989312 1 0 1.000000
  0 -9.938223 8.838218 107.126541 -0.110447 0.708197 0.697322 0.208737 0.986413 1 0 1.000000
Door_01
  0 -9.989964 8.145732 107.454231 -0.150382 0.275489 0.949469 0.208545 0.987628 1 0 1.000000
  0 0.000000 8.145732 108.240456 -0.000001 0.275489 0.961304 0.245568 0.990542 1 0 1.000000
  0 -0.000156 8.838218 107.908707 -0.000002 0.708198 0.706014 0.245568 0.989312 1 0 1.000000
Door_01
  0 0.000000 8.145732 108.240456 -0.000001 0.275489 0.961304 0.245568 0.990542 1 0 1.000000
  0 9.937919 8.838218 107.126587 0.110443 0.708198 0.697322 0.282399 0.986413 1 0 1.000000
  0 -0.000156 8.838218 107.908707 -0.000002 0.708198 0.706014 0.245568 0.989312 1 0 1.000000
Door_01
  0 0.000000 8.145732 108.240456 -0.000001 0.275489 0.961304 0.245568 0.990542 1 0 1.000000
  0 9.989964 8.145732 107.454231 0.150381 0.275489 0.949469 0.282592 0.987628 1 0 1.000000
  0 9.937919 8.838218 107.126587 0.110443 0.708198 0.697322 0.282399 0.986413 1 0 1.000000
Door_01
  0 9.989964 8.145732 107.454231 0.150381 0.275489 0.949469 0.282592 0.987628 1 0 1.000000
  0 19.631292 8.838219 104.799438 0.218169 0.708198 0.671460 0.318323 0.977789 1 0 1.000000
  0 9.937919 8.838218 107.126587 0.110443 0.708198 0.697322 0.282399 0.986413 1 0 1.000000
Door_01
  0 9.989964 8.145732 107.454231 0.150381 0.275489 0.949469 0.282592 0.987628 1 0 1.000000
  0 19.733942 8.145733 105.114906 0.297059 0.275490 0.914254 0.318703 0.978958 1 0 1.000000
  0 19.631292 8.838219 104.799438 0.218169 0.708198 0.671460 0.318323 0.977789 1 0 1.000000
Door_01
  0 19.733942 8.145733 105.114906 0.297059 0.275490 0.914254 0.318703 0.978958 1 0 1.000000
  0 28.841280 8.838219 100.984558 0.320522 0.708198 0.629064 0.352455 0.963651 1 0 1.000000
  0 19.631292 8.838219 104.799438 0.218169 0.708198 0.671460 0.318323 0.977789 1 0 1.000000
Door_01
  0 19.733942 8.145733 105.114906 0.297059 0.275490 0.914254 0.318703 0.978958 1 0 1.000000
  0 28.992004 8.145733 101.280090 0.436423 0.275490 0.856528 0.353014 0.964746 1 0 1.000000
  0 28.841280 8.838219 100.984558 0.320522 0.708198 0.629064 0.352455 0.963651 1 0 1.000000
Door_01
  0 -32.002537 8.823164 0.000107 -0.002655 -0.001688 -0.999995 0.241093 0.460870 1 0 1.000000
  0 -32.173492 8.080782 0.000672 -0.003302 0.000000 -0.999994 0.238234 0.460194 1 0 1.000000
  0 -34.216076 7.974079 0.007417 -0.001579 -0.001899 -0.999997 0.237811 0.452352 1 0 1.000000
Door_01
  0 -32.584080 9.168948 0.000107 -0.001004 -0.004747 -0.999988 0.242436 0.458612 1 0 1.000000
  0 -32.002537 8.823164 0.000107 -0.002655 -0.001688 -0.999995 0.241093 0.460870 1 0 1.000000
  0 -34.216076 7.974079 0.007417 -0.001579 -0.001899 -0.999997 0.237811 0.452352 1 0 1.000000
Door_01
  0 -32.584080 9.168948 0.000107 -0.001004 -0.004747 -0.999988 0.242436 0.458612 1 0 1.000000
  0 -34.216076 7.974079 0.007417 -0.001579 -0.001899 -0.999997 0.237811 0.452352 1 0 1.000000
  0 -44.417221 9.168947 0.000107 0.000239 -0.002039 -0.999998 0.242436 0.412552 1 0 1.000000
Door_01
  0 -34.216076 -7.971905 0.007416 -0.001579 0.001899 -0.999997 0.175885 0.452352 1 0 1.000000
  0 -44.417221 9.168947 0.000107 0.000239 -0.002039 -0.999998 0.242436 0.412552 1 0 1.000000
  0 -34.216076 7.974079 0.007417 -0.001579 -0.001899 -0.999997 0.237811 0.452352 1 0 1.000000
Door_01
  0 -34.216076 -7.971905 0.007416 -0.001579 0.001899 -0.999997 0.175885 0.452352 1 0 1.000000
  0 -44.417221 -9.166776 0.000106 0.000239 0.002039 -0.999998 0.171229 0.412552 1 0 1.000000
  0 -44.417221 9.168947 0.000107 0.000239 -0.002039 -0.999998 0.242436 0.412552 1 0 1.000000
Door_01
  0 -45.331272 8.838222 0.000107 0.000000 0.000000 -1.000000 0.241152 0.409008 1 0 1.000000
  0 -44.417221 9.168947 0.000107 0.000239 -0.002039 -0.999998 0.242436 0.412552 1 0 1.000000
  0 -44.417221 -9.166776 0.000106 0.000239 0.002039 -0.999998 0.171229 0.412552 1 0 1.000000
Door_01
  0 -45.331272 8.838222 0.000107 0.000000 0.000000 -1.000000 0.241152 0.409008 1 0 1.000000
  0 -44.417221 -9.166776 0.000106 0.000239 0.002039 -0.999998 0.171229 0.412552 1 0 1.000000
  0 -45.331272 -8.836050 0.000106 0.000000 0.000000 -1.000000 0.172513 0.409008 1 0 1.000000
Door_01
  0 -45.767815 8.145735 0.000107 0.000000 0.000000 -1.000000 0.238463 0.407316 1 0 1.000000
  0 -45.331272 8.838222 0.000107 0.000000 0.000000 -1.000000 0.241152 0.409008 1 0 1.000000
  0 -45.331272 -8.836050 0.000106 0.000000 0.000000 -1.000000 0.172513 0.409008 1 0 1.000000
Door_01
  0 -45.767815 8.145735 0.000107 0.000000 0.000000 -1.000000 0.238463 0.407316 1 0 1.000000
  0 -45.331272 -8.836050 0.000106 0.000000 0.000000 -1.000000 0.172513 0.409008 1 0 1.000000
  0 -45.767815 -8.143563 0.000106 0.000000 0.000000 -1.000000 0.175203 0.407316 1 0 1.000000
Door_01
  0 -34.216076 -7.971905 0.007416 -0.001579 0.001899 -0.999997 0.175885 0.452352 1 0 1.000000
  0 -32.584080 -9.166775 0.000107 -0.001004 0.004747 -0.999988 0.171229 0.458612 1 0 1.000000
  0 -44.417221 -9.166776 0.000106 0.000239 0.002039 -0.999998 0.171229 0.412552 1 0 1.000000
Door_01
  0 -32.002537 -8.820991 0.000107 -0.002655 0.001688 -0.999995 0.172572 0.460870 1 0 1.000000
  0 -32.584080 -9.166775 0.000107 -0.001004 0.004747 -0.999988 0.171229 0.458612 1 0 1.000000
  0 -34.216076 -7.971905 0.007416 -0.001579 0.001899 -0.999997 0.175885 0.452352 1 0 1.000000
Door_01
  0 -32.173492 -8.078610 0.000671 -0.003302 0.000000 -0.999994 0.175478 0.460194 1 0 1.000000
  0 -32.002537 -8.820991 0.000107 -0.002655 0.001688 -0.999995 0.172572 0.460870 1 0 1.000000
  0 -34.216076 -7.971905 0.007416 -0.001579 0.001899 -0.999997 0.175885 0.452352 1 0 1.000000
Door_01
  0 32.170582 8.080784 -0.002058 -0.002521 0.000000 -0.999997 0.175478 0.460194 1 0 1.000000
  0 32.000988 8.823166 -0.001630 -0.002020 0.001277 -0.999997 0.172572 0.460870 1 0 1.000000
  0 34.163635 7.974082 -0.007083 -0.000878 0.001779 -0.999998 0.175885 0.452352 1 0 1.000000
Door_01
  0 32.000988 8.823166 -0.001630 -0.002020 0.001277 -0.999997 0.172572 0.460870 1 0 1.000000
  0 32.582535 9.168950 -0.001630 -0.000759 0.003558 -0.999993 0.171229 0.458612 1 0 1.000000
  0 34.163635 7.974082 -0.007083 -0.000878 0.001779 -0.999998 0.175885 0.452352 1 0 1.000000
Door_01
  0 32.582535 9.168950 -0.001630 -0.000759 0.003558 -0.999993 0.171229 0.458612 1 0 1.000000
  0 44.470150 9.168951 -0.001631 0.000176 0.001521 -0.999999 0.171229 0.412552 1 0 1.000000
  0 34.163635 7.974082 -0.007083 -0.000878 0.001779 -0.999998 0.175885 0.452352 1 0 1.000000
Door_01
  0 32.170582 -8.078609 -0.002059 -0.002521 0.000000 -0.999997 0.238234 0.460194 1 0 1.000000
  0 34.163635 -7.971902 -0.007083 -0.000878 -0.001779 -0.999998 0.237811 0.452352 1 0 1.000000
  0 32.000988 -8.820989 -0.001631 -0.002020 -0.001277 -0.999997 0.241093 0.460870 1 0 1.000000
Door_01
  0 32.582535 -9.166773 -0.001631 -0.000759 -0.003558 -0.999993 0.242436 0.458612 1 0 1.000000
  0 32.000988 -8.820989 -0.001631 -0.002020 -0.001277 -0.999997 0.241093 0.460870 1 0 1.000000
  0 34.163635 -7.971902 -0.007083 -0.000878 -0.001779 -0.999998 0.237811 0.452352 1 0 1.000000
Door_01
  0 44.470150 -9.166772 -0.001632 0.000176 -0.001521 -0.999999 0.242436 0.412552 1 0 1.000000
  0 32.582535 -9.166773 -0.001631 -0.000759 -0.003558 -0.999993 0.242436 0.458612 1 0 1.000000
  0 34.163635 -7.971902 -0.007083 -0.000878 -0.001779 -0.999998 0.237811 0.452352 1 0 1.000000
Door_01
  0 34.163635 7.974082 -0.007083 -0.000878 0.001779 -0.999998 0.175885 0.452352 1 0 1.000000
  0 44.470150 -9.166772 -0.001632 0.000176 -0.001521 -0.999999 0.242436 0.412552 1 0 1.000000
  0 34.163635 -7.971902 -0.007083 -0.000878 -0.001779 -0.999998 0.237811 0.452352 1 0 1.000000
Door_01
  0 34.163635 7.974082 -0.007083 -0.000878 0.001779 -0.999998 0.175885 0.452352 1 0 1.000000
  0 44.470150 9.168951 -0.001631 0.000176 0.001521 -0.999999 0.171229 0.412552 1 0 1.000000
  0 44.470150 -9.166772 -0.001632 0.000176 -0.001521 -0.999999 0.242436 0.412552 1 0 1.000000
Door_01
  0 44.470150 9.168951 -0.001631 0.000176 0.001521 -0.999999 0.171229 0.412552 1 0 1.000000
  0 45.380932 -8.836046 -0.001631 0.000000 0.000000 -1.000000 0.241152 0.409008 1 0 1.000000
  0 44.470150 -9.166772 -0.001632 0.000176 -0.001521 -0.999999 0.242436 0.412552 1 0 1.000000
Door_01
  0 44.470150 9.168951 -0.001631 0.000176 0.001521 -0.999999 0.171229 0.412552 1 0 1.000000
  0 45.380932 8.838225 -0.001631 0.000000 0.000000 -1.000000 0.172513 0.409008 1 0 1.000000
  0 45.380932 -8.836046 -0.001631 0.000000 0.000000 -1.000000 0.241152 0.409008 1 0 1.000000
Door_01
  0 45.380932 8.838225 -0.001631 0.000000 0.000000 -1.000000 0.172513 0.409008 1 0 1.000000
  0 45.815914 -8.143559 -0.001631 0.000000 0.000000 -1.000000 0.238463 0.407316 1 0 1.000000
  0 45.380932 -8.836046 -0.001631 0.000000 0.000000 -1.000000 0.241152 0.409008 1 0 1.000000
Door_01
  0 45.380932 8.838225 -0.001631 0.000000 0.000000 -1.000000 0.172513 0.409008 1 0 1.000000
  0 45.815914 8.145739 -0.001631 0.000000 0.000000 -1.000000 0.175203 0.407316 1 0 1.000000
  0 45.815914 -8.143559 -0.001631 0.000000 0.000000 -1.000000 0.238463 0.407316 1 0 1.000000
Door_01
  0 -51.664131 -8.143563 6.843894 -0.807749 0.000000 -0.589526 0.966003 0.139618 1 0 1.000000
  0 -45.767815 8.145735 0.000107 -0.757602 0.000000 -0.652717 0.991686 0.091938 1 0 1.000000
  0 -45.767815 -8.143563 0.000106 -0.757602 0.000000 -0.652717 0.991686 0.139618 1 0 1.000000
Door_01
  0 -51.664131 -8.143563 6.843894 -0.807749 0.000000 -0.589526 0.966003 0.139618 1 0 1.000000
  0 -51.664131 8.145735 6.843895 -0.807749 0.000000 -0.589526 0.966003 0.091938 1 0 1.000000
  0 -45.767815 8.145735 0.000107 -0.757602 0.000000 -0.652717 0.991686 0.091938 1 0 1.000000
Door_01
  0 -51.664131 -8.143563 6.843894 -0.807749 0.000000 -0.589526 0.966003 0.139618 1 0 1.000000
  0 -56.900013 8.145733 15.388078 -0.891006 0.000000 -0.453991 0.937168 0.091938 1 0 1.000000
  0 -51.664131 8.145735 6.843895 -0.807749 0.000000 -0.589526 0.966003 0.091938 1 0 1.000000
Door_01
  0 -51.664131 -8.143563 6.843894 -0.807749 0.000000 -0.589526 0.966003 0.139618 1 0 1.000000
  0 -56.900013 -8.143565 15.388078 -0.891006 0.000000 -0.453991 0.937168 0.139618 1 0 1.000000
  0 -56.900013 8.145733 15.388078 -0.891006 0.000000 -0.453991 0.937168 0.091938 1 0 1.000000
Door_01
  0 -56.900013 -8.143565 15.388078 -0.891006 0.000000 -0.453991 0.937168 0.139618 1 0 1.000000
  0 -60.734825 8.145733 24.646141 -0.951056 0.000000 -0.309017 0.907846 0.091938 1 0 1.000000
  0 -56.900013 8.145733 15.388078 -0.891006 0.000000 -0.453991 0.937168 0.091938 1 0 1.000000
Door_01
  0 -56.900013 -8.143565 15.388078 -0.891006 0.000000 -0.453991 0.937168 0.139618 1 0 1.000000
  0 -60.734825 -8.143565 24.646141 -0.951056 0.000000 -0.309017 0.907846 0.139618 1 0 1.000000
  0 -60.734825 8.145733 24.646141 -0.951056 0.000000 -0.309017 0.907846 0.091938 1 0 1.000000
Door_01
  0 -63.074150 8.145732 34.390118 -0.987688 0.000000 -0.156434 0.877960 0.091938 1 0 1.000000
  0 -60.734825 8.145733 24.646141 -0.951056 0.000000 -0.309017 0.907846 0.091938 1 0 1.000000
  0 -60.734825 -8.143565 24.646141 -0.951056 0.000000 -0.309017 0.907846 0.139618 1 0 1.000000
Door_01
  0 -63.074150 8.145732 34.390118 -0.987688 0.000000 -0.156434 0.877960 0.091938 1 0 1.000000
  0 -60.734825 -8.143565 24.646141 -0.951056 0.000000 -0.309017 0.907846 0.139618 1 0 1.000000
  0 -63.074150 -8.143566 34.390118 -0.987688 0.000000 -0.156434 0.877960 0.139618 1 0 1.000000
Door_01
  0 -63.860374 8.145732 44.380081 -1.000000 0.000000 0.000000 0.847439 0.091938 1 0 1.000000
  0 -63.074150 8.145732 34.390118 -0.987688 0.000000 -0.156434 0.877960 0.091938 1 0 1.000000
  0 -63.074150 -8.143566 34.390118 -0.987688 0.000000 -0.156434 0.877960 0.139618 1 0 1.000000
Door_01
  0 -63.860374 8.145732 44.380081 -1.000000 0.000000 0.000000 0.847439 0.091938 1 0 1.000000
  0 -63.074150 -8.143566 34.390118 -0.987688 0.000000 -0.156434 0.877960 0.139618 1 0 1.000000
  0 -63.860374 -8.143566 44.380081 -1.000000 0.000000 0.000000 0.847439 0.139618 1 0 1.000000
Door_01
  0 -63.860374 -8.143566 44.380081 -1.000000 0.000000 0.000000 0.847439 0.139618 1 0 1.000000
  0 -63.074150 8.145732 54.370045 -0.987688 0.000000 0.156434 0.816212 0.091938 1 0 1.000000
  0 -63.860374 8.145732 44.380081 -1.000000 0.000000 0.000000 0.847439 0.091938 1 0 1.000000
Door_01
  0 -63.860374 -8.143566 44.380081 -1.000000 0.000000 0.000000 0.847439 0.139618 1 0 1.000000
  0 -63.074150 -8.143566 54.370045 -0.987688 0.000000 0.156434 0.816212 0.139618 1 0 1.000000
  0 -63.074150 8.145732 54.370045 -0.987688 0.000000 0.156434 0.816212 0.091938 1 0 1.000000
Door_01
  0 -63.074150 -8.143566 54.370045 -0.987688 0.000000 0.156434 0.816212 0.139618 1 0 1.000000
  0 -60.734825 8.145731 64.114021 -0.951056 0.000000 0.309017 0.784220 0.091938 1 0 1.000000
  0 -63.074150 8.145732 54.370045 -0.987688 0.000000 0.156434 0.816212 0.091938 1 0 1.000000
Door_01
  0 -63.074150 -8.143566 54.370045 -0.987688 0.000000 0.156434 0.816212 0.139618 1 0 1.000000
  0 -60.734825 -8.143567 64.114021 -0.951056 0.000000 0.309017 0.784220 0.139618 1 0 1.000000
  0 -60.734825 8.145731 64.114021 -0.951056 0.000000 0.309017 0.784220 0.091938 1 0 1.000000
Door_01
  0 -56.900013 8.145731 73.372086 -0.891006 0.000000 0.453991 0.751415 0.091938 1 0 1.000000
  0 -60.734825 8.145731 64.114021 -0.951056 0.000000 0.309017 0.784220 0.091938 1 0 1.000000
  0 -60.734825 -8.143567 64.114021 -0.951056 0.000000 0.309017 0.784220 0.139618 1 0 1.000000
Door_01
  0 -56.900013 8.145731 73.372086 -0.891006 0.000000 0.453991 0.751415 0.091938 1 0 1.000000
  0 -60.734825 -8.143567 64.114021 -0.951056 0.000000 0.309017 0.784220 0.139618 1 0 1.000000
  0 -56.900013 -8.143567 73.372086 -0.891006 0.000000 0.453991 0.751415 0.139618 1 0 1.000000
Door_01
  0 -51.664131 8.145731 81.916267 -0.809017 0.000000 0.587785 0.717772 0.091938 1 0 1.000000
  0 -56.900013 8.145731 73.372086 -0.891006 0.000000 0.453991 0.751415 0.091938 1 0 1.000000
  0 -56.900013 -8.143567 73.372086 -0.891006 0.000000 0.453991 0.751415 0.139618 1 0 1.000000
Door_01
  0 -51.664131 8.145731 81.916267 -0.809017 0.000000 0.587785 0.717772 0.091938 1 0 1.000000
  0 -56.900013 -8.143567 73.372086 -0.891006 0.000000 0.453991 0.751415 0.139618 1 0 1.000000
  0 -51.664131 -8.143567 81.916267 -0.809017 0.000000 0.587785 0.717772 0.139618 1 0 1.000000
Door_01
  0 -45.156105 8.145731 89.536186 -0.707107 0.000000 0.707107 0.683292 0.091938 1 0 1.000000
  0 -51.664131 8.145731 81.916267 -0.809017 0.000000 0.587785 0.717772 0.091938 1 0 1.000000
  0 -51.664131 -8.143567 81.916267 -0.809017 0.000000 0.587785 0.717772 0.139618 1 0 1.000000
Door_01
  0 -45.156105 8.145731 89.536186 -0.707107 0.000000 0.707107 0.683292 0.091938 1 0 1.000000
  0 -51.664131 -8.143567 81.916267 -0.809017 0.000000 0.587785 0.717772 0.139618 1 0 1.000000
  0 -45.156105 -8.143567 89.536186 -0.707107 0.000000 0.707107 0.683292 0.139618 1 0 1.000000
Door_01
  0 -37.536186 -8.143567 96.044212 -0.587785 0.000000 0.809017 0.648015 0.139618 1 0 1.000000
  0 -45.156105 8.145731 89.536186 -0.707107 0.000000 0.707107 0.683292 0.091938 1 0 1.000000
  0 -45.156105 -8.143567 89.536186 -0.707107 0.000000 0.707107 0.683292 0.139618 1 0 1.000000
Door_01
  0 -37.536186 -8.143567 96.044212 -0.587785 0.000000 0.809017 0.648015 0.139618 1 0 1.000000
  0 -37.536186 8.145731 96.044212 -0.587785 0.000000 0.809017 0.648015 0.091938 1 0 1.000000
  0 -45.156105 8.145731 89.536186 -0.707107 0.000000 0.707107 0.683292 0.091938 1 0 1.000000
Door_01
  0 -28.992004 -8.143567 101.280090 -0.453991 0.000000 0.891006 0.612021 0.139618 1 0 1.000000
  0 -37.536186 8.145731 96.044212 -0.587785 0.000000 0.809017 0.648015 0.091938 1 0 1.000000
  0 -37.536186 -8.143567 96.044212 -0.587785 0.000000 0.809017 0.648015 0.139618 1 0 1.000000
Door_01
  0 -28.992004 -8.143567 101.280090 -0.453991 0.000000 0.891006 0.612021 0.139618 1 0 1.000000
  0 -28.992004 8.145731 101.280090 -0.453991 0.000000 0.891006 0.612021 0.091938 1 0 1.000000
  0 -37.536186 8.145731 96.044212 -0.587785 0.000000 0.809017 0.648015 0.091938 1 0 1.000000
Door_01
  0 -19.733942 -8.143567 105.114906 -0.309017 0.000000 0.951056 0.575436 0.139618 1 0 1.000000
  0 -28.992004 8.145731 101.280090 -0.453991 0.000000 0.891006 0.612021 0.091938 1 0 1.000000
  0 -28.992004 -8.143567 101.280090 -0.453991 0.000000 0.891006 0.612021 0.139618 1 0 1.000000
Door_01
  0 -19.733942 -8.143567 105.114906 -0.309017 0.000000 0.951056 0.575436 0.139618 1 0 1.000000
  0 -19.733942 8.145731 105.114906 -0.309017 0.000000 0.951056 0.575436 0.091938 1 0 1.000000
  0 -28.992004 8.145731 101.280090 -0.453991 0.000000 0.891006 0.612021 0.091938 1 0 1.000000
Door_01
  0 -9.989964 -8.143566 107.454231 -0.156434 0.000000 0.987688 0.538430 0.139618 1 0 1.000000
  0 -19.733942 8.145731 105.114906 -0.309017 0.000000 0.951056 0.575436 0.091938 1 0 1.000000
  0 -19.733942 -8.143567 105.114906 -0.309017 0.000000 0.951056 0.575436 0.139618 1 0 1.000000
Door_01
  0 -9.989964 -8.143566 107.454231 -0.156434 0.000000 0.987688 0.538430 0.139618 1 0 1.000000
  0 -9.989964 8.145732 107.454231 -0.156434 0.000000 0.987688 0.538430 0.091938 1 0 1.000000
  0 -19.733942 8.145731 105.114906 -0.309017 0.000000 0.951056 0.575436 0.091938 1 0 1.000000
Door_01
  0 0.000000 -8.143566 108.240456 0.000000 0.000000 1.000000 0.501176 0.139618 1 0 1.000000
  0 -9.989964 8.145732 107.454231 -0.156434 0.000000 0.987688 0.538430 0.091938 1 0 1.000000
  0 -9.989964 -8.143566 107.454231 -0.156434 0.000000 0.987688 0.538430 0.139618 1 0 1.000000
Door_01
  0 0.000000 -8.143566 108.240456 0.000000 0.000000 1.000000 0.501176 0.139618 1 0 1.000000
  0 0.000000 8.145732 108.240456 0.000000 0.000000 1.000000 0.501176 0.091938 1 0 1.000000
  0 -9.989964 8.145732 107.454231 -0.156434 0.000000 0.987688 0.538430 0.091938 1 0 1.000000
Door_01
  0 9.989964 -8.143566 107.454231 0.156434 0.000000 0.987688 0.463923 0.139618 1 0 1.000000
  0 0.000000 8.145732 108.240456 0.000000 0.000000 1.000000 0.501176 0.091938 1 0 1.000000
  0 0.000000 -8.143566 108.240456 0.000000 0.000000 1.000000 0.501176 0.139618 1 0 1.000000
Door_01
  0 9.989964 -8.143566 107.454231 0.156434 0.000000 0.987688 0.463923 0.139618 1 0 1.000000
  0 9.989964 8.145732 107.454231 0.156434 0.000000 0.987688 0.463923 0.091938 1 0 1.000000
  0 0.000000 8.145732 108.240456 0.000000 0.000000 1.000000 0.501176 0.091938 1 0 1.000000
Door_01
  0 19.733942 -8.143565 105.114906 0.309017 0.000000 0.951056 0.426916 0.139618 1 0 1.000000
  0 9.989964 8.145732 107.454231 0.156434 0.000000 0.987688 0.463923 0.091938 1 0 1.000000
  0 9.989964 -8.143566 107.454231 0.156434 0.000000 0.987688 0.463923 0.139618 1 0 1.000000
Door_01
  0 19.733942 -8.143565 105.114906 0.309017 0.000000 0.951056 0.426916 0.139618 1 0 1.000000
  0 19.733942 8.145733 105.114906 0.309017 0.000000 0.951056 0.426916 0.091938 1 0 1.000000
  0 9.989964 8.145732 107.454231 0.156434 0.000000 0.987688 0.463923 0.091938 1 0 1.000000
Door_01
  0 19.733942 -8.143565 105.114906 0.309017 0.000000 0.951056 0.426916 0.139618 1 0 1.000000
  0 28.992004 8.145733 101.280090 0.453991 0.000000 0.891006 0.390332 0.091938 1 0 1.000000
  0 19.733942 8.145733 105.114906 0.309017 0.000000 0.951056 0.426916 0.091938 1 0 1.000000
Door_01
  0 19.733942 -8.143565 105.114906 0.309017 0.000000 0.951056 0.426916 0.139618 1 0 1.000000
  0 28.992004 -8.143565 101.280090 0.453991 0.000000 0.891006 0.390332 0.139618 1 0 1.000000
  0 28.992004 8.145733 101.280090 0.453991 0.000000 0.891006 0.390332 0.091938 1 0 1.000000
Door_01
  0 28.992004 -8.143565 101.280090 0.453991 0.000000 0.891006 0.390332 0.139618 1 0 1.000000
  0 37.536186 8.145735 96.044212 0.587785 0.000000 0.809017 0.354338 0.091938 1 0 1.000000
  0 28.992004 8.145733 101.280090 0.453991 0.000000 0.891006 0.390332 0.091938 1 0 1.000000
Door_01
  0 28.992004 -8.143565 101.280090 0.453991 0.000000 0.891006 0.390332 0.139618 1 0 1.000000
  0 37.536186 -8.143563 96.044212 0.587785 0.000000 0.809017 0.354338 0.139618 1 0 1.000000
  0 37.536186 8.145735 96.044212 0.587785 0.000000 0.809017 0.354338 0.091938 1 0 1.000000
Door_01
  0 37.536186 -8.143563 96.044212 0.587785 0.000000 0.809017 0.354338 0.139618 1 0 1.000000
  0 45.156105 8.145735 89.536186 0.707107 0.000000 0.707107 0.319061 0.091938 1 0 1.000000
  0 37.536186 8.145735 96.044212 0.587785 0.000000 0.809017 0.354338 0.091938 1 0 1.000000
Door_01
  0 37.536186 -8.143563 96.044212 0.587785 0.000000 0.809017 0.354338 0.139618 1 0 1.000000
  0 45.156105 -8.143563 89.536186 0.707107 0.000000 0.707107 0.319061 0.139618 1 0 1.000000
  0 45.156105 8.145735 89.536186 0.707107 0.000000 0.707107 0.319061 0.091938 1 0 1.000000
Door_01
  0 45.156105 -8.143563 89.536186 0.707107 0.000000 0.707107 0.319061 0.139618 1 0 1.000000
  0 51.664131 8.145735 81.916267 0.809017 0.000000 0.587785 0.284581 0.091938 1 0 1.000000
  0 45.156105 8.145735 89.536186 0.707107 0.000000 0.707107 0.319061 0.091938 1 0 1.000000
Door_01
  0 45.156105 -8.143563 89.536186 0.707107 0.000000 0.707107 0.319061 0.139618 1 0 1.000000
  0 51.664131 -8.143563 81.916267 0.809017 0.000000 0.587785 0.284581 0.139618 1 0 1.000000
  0 51.664131 8.145735 81.916267 0.809017 0.000000 0.587785 0.284581 0.091938 1 0 1.000000
Door_01
  0 51.664131 8.145735 81.916267 0.809017 0.000000 0.587785 0.284581 0.091938 1 0 1.000000
  0 51.664131 -8.143563 81.916267 0.809017 0.000000 0.587785 0.284581 0.139618 1 0 1.000000
  0 56.900013 -8.143561 73.372086 0.891006 0.000000 0.453991 0.250937 0.139618 1 0 1.000000
Door_01
  0 51.664131 8.145735 81.916267 0.809017 0.000000 0.587785 0.284581 0.091938 1 0 1.000000
  0 56.900013 -8.143561 73.372086 0.891006 0.000000 0.453991 0.250937 0.139618 1 0 1.000000
  0 56.900013 8.145737 73.372086 0.891006 0.000000 0.453991 0.250937 0.091938 1 0 1.000000
Door_01
  0 56.900013 -8.143561 73.372086 0.891006 0.000000 0.453991 0.250937 0.139618 1 0 1.000000
  0 60.734825 8.145737 64.114021 0.951056 0.000000 0.309017 0.218132 0.091938 1 0 1.000000
  0 56.900013 8.145737 73.372086 0.891006 0.000000 0.453991 0.250937 0.091938 1 0 1.000000
Door_01
  0 56.900013 -8.143561 73.372086 0.891006 0.000000 0.453991 0.250937 0.139618 1 0 1.000000
  0 60.734825 -8.143561 64.114021 0.951056 0.000000 0.309017 0.218132 0.139618 1 0 1.000000
  0 60.734825 8.145737 64.114021 0.951056 0.000000 0.309017 0.218132 0.091938 1 0 1.000000
Door_01
  0 60.734825 -8.143561 64.114021 0.951056 0.000000 0.309017 0.218132 0.139618 1 0 1.000000
  0 63.074150 8.145738 54.370045 0.987688 0.000000 0.156434 0.186140 0.091938 1 0 1.000000
  0 60.734825 8.145737 64.114021 0.951056 0.000000 0.309017 0.218132 0.091938 1 0 1.000000
Door_01
  0 60.734825 -8.143561 64.114021 0.951056 0.000000 0.309017 0.218132 0.139618 1 0 1.000000
  0 63.074150 -8.143560 54.370045 0.987688 0.000000 0.156434 0.186140 0.139618 1 0 1.000000
  0 63.074150 8.145738 54.370045 0.987688 0.000000 0.156434 0.186140 0.091938 1 0 1.000000
Door_01
  0 63.074150 -8.143560 54.370045 0.987688 0.000000 0.156434 0.186140 0.139618 1 0 1.000000
  0 63.860374 8.145738 44.380081 1.000000 0.000000 0.000000 0.154914 0.091938 1 0 1.000000
  0 63.074150 8.145738 54.370045 0.987688 0.000000 0.156434 0.186140 0.091938 1 0 1.000000
Door_01
  0 63.074150 -8.143560 54.370045 0.987688 0.000000 0.156434 0.186140 0.139618 1 0 1.000000
  0 63.860374 -8.143560 44.380081 1.000000 0.000000 0.000000 0.154914 0.139618 1 0 1.000000
  0 63.860374 8.145738 44.380081 1.000000 0.000000 0.000000 0.154914 0.091938 1 0 1.000000
Door_01
  0 63.074150 8.145738 34.390118 0.987688 0.000000 -0.156434 0.124392 0.091938 1 0 1.000000
  0 63.860374 8.145738 44.380081 1.000000 0.000000 0.000000 0.154914 0.091938 1 0 1.000000
  0 63.860374 -8.143560 44.380081 1.000000 0.000000 0.000000 0.154914 0.139618 1 0 1.000000
Door_01
  0 63.074150 8.145738 34.390118 0.987688 0.000000 -0.156434 0.124392 0.091938 1 0 1.000000
  0 63.860374 -8.143560 44.380081 1.000000 0.000000 0.000000 0.154914 0.139618 1 0 1.000000
  0 63.074150 -8.143560 34.390118 0.987688 0.000000 -0.156434 0.124392 0.139618 1 0 1.000000
Door_01
  0 60.734825 8.145739 24.646141 0.951056 0.000000 -0.309017 0.094507 0.091938 1 0 1.000000
  0 63.074150 8.145738 34.390118 0.987688 0.000000 -0.156434 0.124392 0.091938 1 0 1.000000
  0 63.074150 -8.143560 34.390118 0.987688 0.000000 -0.156434 0.124392 0.139618 1 0 1.000000
Door_01
  0 60.734825 8.145739 24.646141 0.951056 0.000000 -0.309017 0.094507 0.091938 1 0 1.000000
  0 63.074150 -8.143560 34.390118 0.987688 0.000000 -0.156434 0.124392 0.139618 1 0 1.000000
  0 60.734825 -8.143559 24.646141 0.951056 0.000000 -0.309017 0.094507 0.139618 1 0 1.000000
Door_01
  0 56.900013 8.145739 15.388078 0.891006 0.000000 -0.453991 0.065184 0.091938 1 0 1.000000
  0 60.734825 8.145739 24.646141 0.951056 0.000000 -0.309017 0.094507 0.091938 1 0 1.000000
  0 60.734825 -8.143559 24.646141 0.951056 0.000000 -0.309017 0.094507 0.139618 1 0 1.000000
Door_01
  0 56.900013 8.145739 15.388078 0.891006 0.000000 -0.453991 0.065184 0.091938 1 0 1.000000
  0 60.734825 -8.143559 24.646141 0.951056 0.000000 -0.309017 0.094507 0.139618 1 0 1.000000
  0 56.900013 -8.143559 15.388078 0.891006 0.000000 -0.453991 0.065184 0.139618 1 0 1.000000
Door_01
  0 51.664131 8.145739 6.843895 0.808978 0.000000 -0.587839 0.036349 0.091938 1 0 1.000000
  0 56.900013 8.145739 15.388078 0.891006 0.000000 -0.453991 0.065184 0.091938 1 0 1.000000
  0 56.900013 -8.143559 15.388078 0.891006 0.000000 -0.453991 0.065184 0.139618 1 0 1.000000
Door_01
  0 51.664131 8.145739 6.843895 0.808978 0.000000 -0.587839 0.036349 0.091938 1 0 1.000000
  0 56.900013 -8.143559 15.388078 0.891006 0.000000 -0.453991 0.065184 0.139618 1 0 1.000000
  0 51.664131 -8.143559 6.843894 0.808978 0.000000 -0.587839 0.036349 0.139618 1 0 1.000000
Door_01
  0 51.664131 8.145739 6.843895 0.808978 0.000000 -0.587839 0.036349 0.091938 1 0 1.000000
  0 51.664131 -8.143559 6.843894 0.808978 0.000000 -0.587839 0.036349 0.139618 1 0 1.000000
  0 45.815914 -8.143559 -0.001631 0.760319 0.000000 -0.649550 0.010768 0.139618 1 0 1.000000
Door_01
  0 51.664131 8.145739 6.843895 0.808978 0.000000 -0.587839 0.036349 0.091938 1 0 1.000000
  0 45.815914 -8.143559 -0.001631 0.760319 0.000000 -0.649550 0.010768 0.139618 1 0 1.000000
  0 45.815914 8.145739 -0.001631 0.760319 0.000000 -0.649550 0.010768 0.091938 1 0 1.000000
Door_01
  0 50.833569 -9.166772 7.446907 0.221595 -0.961752 -0.161023 0.433959 0.616998 1 0 1.000000
  0 44.470150 -9.166772 -0.001632 0.208866 -0.961527 -0.178437 0.410376 0.589393 1 0 1.000000
  0 45.380932 -8.836046 -0.001631 0.537630 -0.707102 -0.459305 0.413752 0.589393 1 0 1.000000
Door_01
  0 50.833569 -9.166772 7.446907 0.221595 -0.961752 -0.161023 0.433959 0.616998 1 0 1.000000
  0 45.380932 -8.836046 -0.001631 0.537630 -0.707102 -0.459305 0.413752 0.589393 1 0 1.000000
  0 51.395672 -8.836046 7.038802 0.571149 -0.708198 -0.415024 0.436043 0.615485 1 0 1.000000
Door_01
  0 45.815914 -8.143559 -0.001631 0.731070 -0.274700 -0.624562 0.415364 0.589393 1 0 1.000000
  0 51.395672 -8.836046 7.038802 0.571149 -0.708198 -0.415024 0.436043 0.615485 1 0 1.000000
  0 45.380932 -8.836046 -0.001631 0.537630 -0.707102 -0.459305 0.413752 0.589393 1 0 1.000000
Door_01
  0 45.815914 -8.143559 -0.001631 0.731070 -0.274700 -0.624562 0.415364 0.589393 1 0 1.000000
  0 51.664131 -8.143559 6.843894 0.777673 -0.275489 -0.565093 0.437037 0.614763 1 0 1.000000
  0 51.395672 -8.836046 7.038802 0.571149 -0.708198 -0.415024 0.436043 0.615485 1 0 1.000000
Door_01
  0 51.664131 -8.143559 6.843894 0.777673 -0.275489 -0.565093 0.437037 0.614763 1 0 1.000000
  0 56.604378 -8.836046 15.538606 0.629062 -0.708198 -0.320524 0.455346 0.646986 1 0 1.000000
  0 51.395672 -8.836046 7.038802 0.571149 -0.708198 -0.415024 0.436043 0.615485 1 0 1.000000
Door_01
  0 51.664131 -8.143559 6.843894 0.777673 -0.275489 -0.565093 0.437037 0.614763 1 0 1.000000
  0 56.900013 -8.143559 15.388078 0.856528 -0.275490 -0.436423 0.456442 0.646428 1 0 1.000000
  0 56.604378 -8.836046 15.538606 0.629062 -0.708198 -0.320524 0.455346 0.646986 1 0 1.000000
Door_01
  0 56.900013 -8.143559 15.388078 0.856528 -0.275490 -0.436423 0.456442 0.646428 1 0 1.000000
  0 60.419292 -8.836046 24.748589 0.671459 -0.708198 -0.218171 0.469484 0.681118 1 0 1.000000
  0 56.604378 -8.836046 15.538606 0.629062 -0.708198 -0.320524 0.455346 0.646986 1 0 1.000000
Door_01
  0 56.900013 -8.143559 15.388078 0.856528 -0.275490 -0.436423 0.456442 0.646428 1 0 1.000000
  0 60.734825 -8.143559 24.646141 0.914254 -0.275490 -0.297059 0.470654 0.680738 1 0 1.000000
  0 60.419292 -8.836046 24.748589 0.671459 -0.708198 -0.218171 0.469484 0.681118 1 0 1.000000
Door_01
  0 60.734825 -8.143559 24.646141 0.914254 -0.275490 -0.297059 0.470654 0.680738 1 0 1.000000
  0 62.746479 -8.836047 34.441967 0.697321 -0.708198 -0.110445 0.478109 0.717042 1 0 1.000000
  0 60.419292 -8.836046 24.748589 0.671459 -0.708198 -0.218171 0.469484 0.681118 1 0 1.000000
Door_01
  0 60.734825 -8.143559 24.646141 0.914254 -0.275490 -0.297059 0.470654 0.680738 1 0 1.000000
  0 63.074150 -8.143560 34.390118 0.949469 -0.275490 -0.150381 0.479323 0.716850 1 0 1.000000
  0 62.746479 -8.836047 34.441967 0.697321 -0.708198 -0.110445 0.478109 0.717042 1 0 1.000000
Door_01
  0 63.074150 -8.143560 34.390118 0.949469 -0.275490 -0.150381 0.479323 0.716850 1 0 1.000000
  0 63.528629 -8.836047 44.380058 0.706014 -0.708198 0.000000 0.481008 0.753873 1 0 1.000000
  0 62.746479 -8.836047 34.441967 0.697321 -0.708198 -0.110445 0.478109 0.717042 1 0 1.000000
Door_01
  0 63.074150 -8.143560 34.390118 0.949469 -0.275490 -0.150381 0.479323 0.716850 1 0 1.000000
  0 63.860374 -8.143560 44.380081 0.961304 -0.275490 0.000000 0.482237 0.753873 1 0 1.000000
  0 63.528629 -8.836047 44.380058 0.706014 -0.708198 0.000000 0.481008 0.753873 1 0 1.000000
Door_01
  0 63.860374 -8.143560 44.380081 0.961304 -0.275490 0.000000 0.482237 0.753873 1 0 1.000000
  0 62.746487 -8.836047 54.318150 0.697321 -0.708198 0.110445 0.478109 0.790704 1 0 1.000000
  0 63.528629 -8.836047 44.380058 0.706014 -0.708198 0.000000 0.481008 0.753873 1 0 1.000000
Door_01
  0 63.860374 -8.143560 44.380081 0.961304 -0.275490 0.000000 0.482237 0.753873 1 0 1.000000
  0 63.074150 -8.143560 54.370045 0.949469 -0.275490 0.150381 0.479323 0.790896 1 0 1.000000
  0 62.746487 -8.836047 54.318150 0.697321 -0.708198 0.110445 0.478109 0.790704 1 0 1.000000
Door_01
  0 63.074150 -8.143560 54.370045 0.949469 -0.275490 0.150381 0.479323 0.790896 1 0 1.000000
  0 60.419308 -8.836048 64.011528 0.671459 -0.708198 0.218170 0.469484 0.826628 1 0 1.000000
  0 62.746487 -8.836047 54.318150 0.697321 -0.708198 0.110445 0.478109 0.790704 1 0 1.000000
Door_01
  0 63.074150 -8.143560 54.370045 0.949469 -0.275490 0.150381 0.479323 0.790896 1 0 1.000000
  0 60.734825 -8.143561 64.114021 0.914254 -0.275490 0.297059 0.470654 0.827008 1 0 1.000000
  0 60.419308 -8.836048 64.011528 0.671459 -0.708198 0.218170 0.469484 0.826628 1 0 1.000000
Door_01
  0 60.734825 -8.143561 64.114021 0.914254 -0.275490 0.297059 0.470654 0.827008 1 0 1.000000
  0 56.604401 -8.836048 73.221519 0.629063 -0.708198 0.320524 0.455346 0.860760 1 0 1.000000
  0 60.419308 -8.836048 64.011528 0.671459 -0.708198 0.218170 0.469484 0.826628 1 0 1.000000
Door_01
  0 60.734825 -8.143561 64.114021 0.914254 -0.275490 0.297059 0.470654 0.827008 1 0 1.000000
  0 56.900013 -8.143561 73.372086 0.856528 -0.275490 0.436423 0.456442 0.861318 1 0 1.000000
  0 56.604401 -8.836048 73.221519 0.629063 -0.708198 0.320524 0.455346 0.860760 1 0 1.000000
Door_01
  0 59.758617 -9.166772 24.963097 0.260513 -0.961752 -0.084647 0.467036 0.681913 1 0 1.000000
  0 56.604378 -8.836046 15.538606 0.629062 -0.708198 -0.320524 0.455346 0.646986 1 0 1.000000
  0 60.419292 -8.836046 24.748589 0.671459 -0.708198 -0.218171 0.469484 0.681118 1 0 1.000000
Door_01
  0 59.758617 -9.166772 24.963097 0.260513 -0.961752 -0.084647 0.467036 0.681913 1 0 1.000000
  0 55.985374 -9.166772 15.853787 0.244064 -0.961752 -0.124358 0.453052 0.648154 1 0 1.000000
  0 56.604378 -8.836046 15.538606 0.629062 -0.708198 -0.320524 0.455346 0.646986 1 0 1.000000
Door_01
  0 55.985374 -9.166772 15.853787 0.244064 -0.961752 -0.124358 0.453052 0.648154 1 0 1.000000
  0 51.395672 -8.836046 7.038802 0.571149 -0.708198 -0.415024 0.436043 0.615485 1 0 1.000000
  0 56.604378 -8.836046 15.538606 0.629062 -0.708198 -0.320524 0.455346 0.646986 1 0 1.000000
Door_01
  0 55.985374 -9.166772 15.853787 0.244064 -0.961752 -0.124358 0.453052 0.648154 1 0 1.000000
  0 50.833569 -9.166772 7.446907 0.221595 -0.961752 -0.161023 0.433959 0.616998 1 0 1.000000
  0 51.395672 -8.836046 7.038802 0.571149 -0.708198 -0.415024 0.436043 0.615485 1 0 1.000000
Door_01
  0 28.525688 -9.166778 100.365768 0.124356 -0.961752 0.244066 0.351286 0.961358 1 0 1.000000
  0 37.341099 -8.836050 95.775887 0.414984 -0.708198 0.571178 0.383956 0.944347 1 0 1.000000
  0 28.841280 -8.836052 100.984558 0.320522 -0.708198 0.629064 0.352455 0.963651 1 0 1.000000
Door_01
  0 28.525688 -9.166778 100.365768 0.124356 -0.961752 0.244066 0.351286 0.961358 1 0 1.000000
  0 36.932621 -9.166776 95.214058 0.161005 -0.961752 0.221607 0.382442 0.942265 1 0 1.000000
  0 37.341099 -8.836050 95.775887 0.414984 -0.708198 0.571178 0.383956 0.944347 1 0 1.000000
Door_01
  0 36.932621 -9.166776 95.214058 0.161005 -0.961752 0.221607 0.382442 0.942265 1 0 1.000000
  0 44.921459 -8.836050 89.301674 0.499226 -0.708198 0.499228 0.412049 0.920354 1 0 1.000000
  0 37.341099 -8.836050 95.775887 0.414984 -0.708198 0.571178 0.383956 0.944347 1 0 1.000000
Door_01
  0 36.932621 -9.166776 95.214058 0.161005 -0.961752 0.221607 0.382442 0.942265 1 0 1.000000
  0 44.430145 -9.166776 88.810631 0.193690 -0.961752 0.193692 0.410228 0.918534 1 0 1.000000
  0 44.921459 -8.836050 89.301674 0.499226 -0.708198 0.499228 0.412049 0.920354 1 0 1.000000
Door_01
  0 44.430145 -9.166776 88.810631 0.193690 -0.961752 0.193692 0.410228 0.918534 1 0 1.000000
  0 51.395699 -8.836050 81.721329 0.571177 -0.708198 0.414985 0.436043 0.892261 1 0 1.000000
  0 44.921459 -8.836050 89.301674 0.499226 -0.708198 0.499228 0.412049 0.920354 1 0 1.000000
Door_01
  0 44.430145 -9.166776 88.810631 0.193690 -0.961752 0.193692 0.410228 0.918534 1 0 1.000000
  0 50.833645 -9.166776 81.313156 0.221606 -0.961752 0.161007 0.433960 0.890748 1 0 1.000000
  0 51.395699 -8.836050 81.721329 0.571177 -0.708198 0.414985 0.436043 0.892261 1 0 1.000000
Door_01
  0 50.833645 -9.166776 81.313156 0.221606 -0.961752 0.161007 0.433960 0.890748 1 0 1.000000
  0 56.604401 -8.836048 73.221519 0.629063 -0.708198 0.320524 0.455346 0.860760 1 0 1.000000
  0 51.395699 -8.836050 81.721329 0.571177 -0.708198 0.414985 0.436043 0.892261 1 0 1.000000
Door_01
  0 50.833645 -9.166776 81.313156 0.221606 -0.961752 0.161007 0.433960 0.890748 1 0 1.000000
  0 55.985435 -9.166774 72.906258 0.244065 -0.961752 0.124358 0.453052 0.859592 1 0 1.000000
  0 56.604401 -8.836048 73.221519 0.629063 -0.708198 0.320524 0.455346 0.860760 1 0 1.000000
Door_01
  0 55.985435 -9.166774 72.906258 0.244065 -0.961752 0.124358 0.453052 0.859592 1 0 1.000000
  0 60.419308 -8.836048 64.011528 0.671459 -0.708198 0.218170 0.469484 0.826628 1 0 1.000000
  0 56.604401 -8.836048 73.221519 0.629063 -0.708198 0.320524 0.455346 0.860760 1 0 1.000000
Door_01
  0 55.985435 -9.166774 72.906258 0.244065 -0.961752 0.124358 0.453052 0.859592 1 0 1.000000
  0 59.758663 -9.166774 63.796928 0.260514 -0.961752 0.084646 0.467036 0.825832 1 0 1.000000
  0 60.419308 -8.836048 64.011528 0.671459 -0.708198 0.218170 0.469484 0.826628 1 0 1.000000
Door_01
  0 59.758663 -9.166774 63.796928 0.260514 -0.961752 0.084646 0.467036 0.825832 1 0 1.000000
  0 62.746487 -8.836047 54.318150 0.697321 -0.708198 0.110445 0.478109 0.790704 1 0 1.000000
  0 60.419308 -8.836048 64.011528 0.671459 -0.708198 0.218170 0.469484 0.826628 1 0 1.000000
Door_01
  0 59.758663 -9.166774 63.796928 0.260514 -0.961752 0.084646 0.467036 0.825832 1 0 1.000000
  0 62.060410 -9.166773 54.209484 0.270548 -0.961752 0.042851 0.475566 0.790301 1 0 1.000000
  0 62.746487 -8.836047 54.318150 0.697321 -0.708198 0.110445 0.478109 0.790704 1 0 1.000000
Door_01
  0 62.060410 -9.166773 54.209484 0.270548 -0.961752 0.042851 0.475566 0.790301 1 0 1.000000
  0 63.528629 -8.836047 44.380058 0.706014 -0.708198 0.000000 0.481008 0.753873 1 0 1.000000
  0 62.746487 -8.836047 54.318150 0.697321 -0.708198 0.110445 0.478109 0.790704 1 0 1.000000
Door_01
  0 62.060410 -9.166773 54.209484 0.270548 -0.961752 0.042851 0.475566 0.790301 1 0 1.000000
  0 62.834000 -9.166773 44.380005 0.273920 -0.961752 0.000000 0.478433 0.753873 1 0 1.000000
  0 63.528629 -8.836047 44.380058 0.706014 -0.708198 0.000000 0.481008 0.753873 1 0 1.000000
Door_01
  0 62.834000 -9.166773 44.380005 0.273920 -0.961752 0.000000 0.478433 0.753873 1 0 1.000000
  0 62.746479 -8.836047 34.441967 0.697321 -0.708198 -0.110445 0.478109 0.717042 1 0 1.000000
  0 63.528629 -8.836047 44.380058 0.706014 -0.708198 0.000000 0.481008 0.753873 1 0 1.000000
Door_01
  0 62.834000 -9.166773 44.380005 0.273920 -0.961752 0.000000 0.478433 0.753873 1 0 1.000000
  0 62.060387 -9.166773 34.550529 0.270548 -0.961752 -0.042851 0.475566 0.717444 1 0 1.000000
  0 62.746479 -8.836047 34.441967 0.697321 -0.708198 -0.110445 0.478109 0.717042 1 0 1.000000
Door_01
  0 62.060387 -9.166773 34.550529 0.270548 -0.961752 -0.042851 0.475566 0.717444 1 0 1.000000
  0 60.419292 -8.836046 24.748589 0.671459 -0.708198 -0.218171 0.469484 0.681118 1 0 1.000000
  0 62.746479 -8.836047 34.441967 0.697321 -0.708198 -0.110445 0.478109 0.717042 1 0 1.000000
Door_01
  0 62.060387 -9.166773 34.550529 0.270548 -0.961752 -0.042851 0.475566 0.717444 1 0 1.000000
  0 59.758617 -9.166772 24.963097 0.260513 -0.961752 -0.084647 0.467036 0.681913 1 0 1.000000
  0 60.419292 -8.836046 24.748589 0.671459 -0.708198 -0.218171 0.469484 0.681118 1 0 1.000000
Door_01
  0 56.900013 -8.143561 73.372086 0.856528 -0.275490 0.436423 0.456442 0.861318 1 0 1.000000
  0 51.395699 -8.836050 81.721329 0.571177 -0.708198 0.414985 0.436043 0.892261 1 0 1.000000
  0 56.604401 -8.836048 73.221519 0.629063 -0.708198 0.320524 0.455346 0.860760 1 0 1.000000
Door_01
  0 56.900013 -8.143561 73.372086 0.856528 -0.275490 0.436423 0.456442 0.861318 1 0 1.000000
  0 51.664131 -8.143563 81.916267 0.777711 -0.275490 0.565040 0.437037 0.892983 1 0 1.000000
  0 51.395699 -8.836050 81.721329 0.571177 -0.708198 0.414985 0.436043 0.892261 1 0 1.000000
Door_01
  0 51.664131 -8.143563 81.916267 0.777711 -0.275490 0.565040 0.437037 0.892983 1 0 1.000000
  0 44.921459 -8.836050 89.301674 0.499226 -0.708198 0.499228 0.412049 0.920354 1 0 1.000000
  0 51.395699 -8.836050 81.721329 0.571177 -0.708198 0.414985 0.436043 0.892261 1 0 1.000000
Door_01
  0 51.664131 -8.143563 81.916267 0.777711 -0.275490 0.565040 0.437037 0.892983 1 0 1.000000
  0 45.156105 -8.143563 89.536186 0.679744 -0.275490 0.679745 0.412919 0.921223 1 0 1.000000
  0 44.921459 -8.836050 89.301674 0.499226 -0.708198 0.499228 0.412049 0.920354 1 0 1.000000
Door_01
  0 45.156105 -8.143563 89.536186 0.679744 -0.275490 0.679745 0.412919 0.921223 1 0 1.000000
  0 37.341099 -8.836050 95.775887 0.414984 -0.708198 0.571178 0.383956 0.944347 1 0 1.000000
  0 44.921459 -8.836050 89.301674 0.499226 -0.708198 0.499228 0.412049 0.920354 1 0 1.000000
Door_01
  0 45.156105 -8.143563 89.536186 0.679744 -0.275490 0.679745 0.412919 0.921223 1 0 1.000000
  0 37.536186 -8.143563 96.044212 0.565040 -0.275490 0.777712 0.384679 0.945342 1 0 1.000000
  0 37.341099 -8.836050 95.775887 0.414984 -0.708198 0.571178 0.383956 0.944347 1 0 1.000000
Door_01
  0 37.536186 -8.143563 96.044212 0.565040 -0.275490 0.777712 0.384679 0.945342 1 0 1.000000
  0 28.841280 -8.836052 100.984558 0.320522 -0.708198 0.629064 0.352455 0.963651 1 0 1.000000
  0 37.341099 -8.836050 95.775887 0.414984 -0.708198 0.571178 0.383956 0.944347 1 0 1.000000
Door_01
  0 37.536186 -8.143563 96.044212 0.565040 -0.275490 0.777712 0.384679 0.945342 1 0 1.000000
  0 28.992004 -8.143565 101.280090 0.436423 -0.275490 0.856528 0.353014 0.964746 1 0 1.000000
  0 28.841280 -8.836052 100.984558 0.320522 -0.708198 0.629064 0.352455 0.963651 1 0 1.000000
Door_01
  0 28.992004 -8.143565 101.280090 0.436423 -0.275490 0.856528 0.353014 0.964746 1 0 1.000000
  0 19.631292 -8.836052 104.799438 0.218169 -0.708198 0.671460 0.318323 0.977789 1 0 1.000000
  0 28.841280 -8.836052 100.984558 0.320522 -0.708198 0.629064 0.352455 0.963651 1 0 1.000000
Door_01
  0 28.992004 -8.143565 101.280090 0.436423 -0.275490 0.856528 0.353014 0.964746 1 0 1.000000
  0 19.733942 -8.143565 105.114906 0.297059 -0.275490 0.914254 0.318703 0.978958 1 0 1.000000
  0 19.631292 -8.836052 104.799438 0.218169 -0.708198 0.671460 0.318323 0.977789 1 0 1.000000
Door_01
  0 19.733942 -8.143565 105.114906 0.297059 -0.275490 0.914254 0.318703 0.978958 1 0 1.000000
  0 9.937919 -8.836053 107.126587 0.110443 -0.708198 0.697322 0.282399 0.986413 1 0 1.000000
  0 19.631292 -8.836052 104.799438 0.218169 -0.708198 0.671460 0.318323 0.977789 1 0 1.000000
Door_01
  0 19.733942 -8.143565 105.114906 0.297059 -0.275490 0.914254 0.318703 0.978958 1 0 1.000000
  0 9.989964 -8.143566 107.454231 0.150381 -0.275489 0.949469 0.282592 0.987628 1 0 1.000000
  0 9.937919 -8.836053 107.126587 0.110443 -0.708198 0.697322 0.282399 0.986413 1 0 1.000000
Door_01
  0 9.989964 -8.143566 107.454231 0.150381 -0.275489 0.949469 0.282592 0.987628 1 0 1.000000
  0 -0.000156 -8.836053 107.908707 -0.000002 -0.708198 0.706014 0.245568 0.989312 1 0 1.000000
  0 9.937919 -8.836053 107.126587 0.110443 -0.708198 0.697322 0.282399 0.986413 1 0 1.000000
Door_01
  0 9.989964 -8.143566 107.454231 0.150381 -0.275489 0.949469 0.282592 0.987628 1 0 1.000000
  0 0.000000 -8.143566 108.240456 -0.000001 -0.275489 0.961304 0.245568 0.990542 1 0 1.000000
  0 -0.000156 -8.836053 107.908707 -0.000002 -0.708198 0.706014 0.245568 0.989312 1 0 1.000000
Door_01
  0 0.000000 -8.143566 108.240456 -0.000001 -0.275489 0.961304 0.245568 0.990542 1 0 1.000000
  0 -9.938223 -8.836053 107.126541 -0.110447 -0.708198 0.697322 0.208737 0.986413 1 0 1.000000
  0 -0.000156 -8.836053 107.908707 -0.000002 -0.708198 0.706014 0.245568 0.989312 1 0 1.000000
Door_01
  0 0.000000 -8.143566 108.240456 -0.000001 -0.275489 0.961304 0.245568 0.990542 1 0 1.000000
  0 -9.989964 -8.143566 107.454231 -0.150382 -0.275489 0.949469 0.208545 0.987628 1 0 1.000000
  0 -9.938223 -8.836053 107.126541 -0.110447 -0.708198 0.697322 0.208737 0.986413 1 0 1.000000
Door_01
  0 -9.989964 -8.143566 107.454231 -0.150382 -0.275489 0.949469 0.208545 0.987628 1 0 1.000000
  0 -19.631575 -8.836054 104.799347 -0.218172 -0.708197 0.671459 0.172813 0.977789 1 0 1.000000
  0 -9.938223 -8.836053 107.126541 -0.110447 -0.708198 0.697322 0.208737 0.986413 1 0 1.000000
Door_01
  0 -9.989964 -8.143566 107.454231 -0.150382 -0.275489 0.949469 0.208545 0.987628 1 0 1.000000
  0 -19.733942 -8.143567 105.114906 -0.297060 -0.275489 0.914254 0.172434 0.978958 1 0 1.000000
  0 -19.631575 -8.836054 104.799347 -0.218172 -0.708197 0.671459 0.172813 0.977789 1 0 1.000000
Door_01
  0 -50.833977 -9.166780 81.312698 -0.221608 -0.961752 0.161006 0.057176 0.890746 1 0 1.000000
  0 -44.921612 -8.836054 89.301514 -0.499229 -0.708197 0.499227 0.079088 0.920353 1 0 1.000000
  0 -51.395805 -8.836054 81.721184 -0.571179 -0.708197 0.414984 0.055094 0.892260 1 0 1.000000
Door_01
  0 -50.833977 -9.166780 81.312698 -0.221608 -0.961752 0.161006 0.057176 0.890746 1 0 1.000000
  0 -44.430626 -9.166780 88.810150 -0.193693 -0.961752 0.193691 0.080907 0.918532 1 0 1.000000
  0 -44.921612 -8.836054 89.301514 -0.499229 -0.708197 0.499227 0.079088 0.920353 1 0 1.000000
Door_01
  0 -44.430626 -9.166780 88.810150 -0.193693 -0.961752 0.193691 0.080907 0.918532 1 0 1.000000
  0 -37.341305 -8.836054 95.775742 -0.414986 -0.708197 0.571177 0.107181 0.944347 1 0 1.000000
  0 -44.921612 -8.836054 89.301514 -0.499229 -0.708197 0.499227 0.079088 0.920353 1 0 1.000000
Door_01
  0 -44.430626 -9.166780 88.810150 -0.193693 -0.961752 0.193691 0.080907 0.918532 1 0 1.000000
  0 -36.933250 -9.166780 95.213600 -0.161008 -0.961752 0.221606 0.108693 0.942263 1 0 1.000000
  0 -37.341305 -8.836054 95.775742 -0.414986 -0.708197 0.571177 0.107181 0.944347 1 0 1.000000
Door_01
  0 -36.933250 -9.166780 95.213600 -0.161008 -0.961752 0.221606 0.108693 0.942263 1 0 1.000000
  0 -28.841528 -8.836054 100.984436 -0.320525 -0.708197 0.629063 0.138681 0.963650 1 0 1.000000
  0 -37.341305 -8.836054 95.775742 -0.414986 -0.708197 0.571177 0.107181 0.944347 1 0 1.000000
Door_01
  0 -36.933250 -9.166780 95.213600 -0.161008 -0.961752 0.221606 0.108693 0.942263 1 0 1.000000
  0 -28.526453 -9.166780 100.365372 -0.124359 -0.961752 0.244065 0.139849 0.961356 1 0 1.000000
  0 -28.841528 -8.836054 100.984436 -0.320525 -0.708197 0.629063 0.138681 0.963650 1 0 1.000000
Door_01
  0 -28.526453 -9.166780 100.365372 -0.124359 -0.961752 0.244065 0.139849 0.961356 1 0 1.000000
  0 -19.631575 -8.836054 104.799347 -0.218172 -0.708197 0.671459 0.172813 0.977789 1 0 1.000000
  0 -28.841528 -8.836054 100.984436 -0.320525 -0.708197 0.629063 0.138681 0.963650 1 0 1.000000
Door_01
  0 -28.526453 -9.166780 100.365372 -0.124359 -0.961752 0.244065 0.139849 0.961356 1 0 1.000000
  0 -19.417233 -9.166780 104.138618 -0.084648 -0.961752 0.260514 0.173608 0.975340 1 0 1.000000
  0 -19.631575 -8.836054 104.799347 -0.218172 -0.708197 0.671459 0.172813 0.977789 1 0 1.000000
Door_01
  0 -19.417233 -9.166780 104.138618 -0.084648 -0.961752 0.260514 0.173608 0.975340 1 0 1.000000
  0 -9.938223 -8.836053 107.126541 -0.110447 -0.708198 0.697322 0.208737 0.986413 1 0 1.000000
  0 -19.631575 -8.836054 104.799347 -0.218172 -0.708197 0.671459 0.172813 0.977789 1 0 1.000000
Door_01
  0 -19.417233 -9.166780 104.138618 -0.084648 -0.961752 0.260514 0.173608 0.975340 1 0 1.000000
  0 -9.829885 -9.166779 106.440414 -0.042852 -0.961752 0.270548 0.209139 0.983871 1 0 1.000000
  0 -9.938223 -8.836053 107.126541 -0.110447 -0.708198 0.697322 0.208737 0.986413 1 0 1.000000
Door_01
  0 -9.829885 -9.166779 106.440414 -0.042852 -0.961752 0.270548 0.209139 0.983871 1 0 1.000000
  0 -0.000156 -8.836053 107.908707 -0.000002 -0.708198 0.706014 0.245568 0.989312 1 0 1.000000
  0 -9.938223 -8.836053 107.126541 -0.110447 -0.708198 0.697322 0.208737 0.986413 1 0 1.000000
Door_01
  0 -9.829885 -9.166779 106.440414 -0.042852 -0.961752 0.270548 0.209139 0.983871 1 0 1.000000
  0 -0.000482 -9.166779 107.214081 -0.000002 -0.961752 0.273921 0.245567 0.986738 1 0 1.000000
  0 -0.000156 -8.836053 107.908707 -0.000002 -0.708198 0.706014 0.245568 0.989312 1 0 1.000000
Door_01
  0 -0.000482 -9.166779 107.214081 -0.000002 -0.961752 0.273921 0.245567 0.986738 1 0 1.000000
  0 9.937919 -8.836053 107.126587 0.110443 -0.708198 0.697322 0.282399 0.986413 1 0 1.000000
  0 -0.000156 -8.836053 107.908707 -0.000002 -0.708198 0.706014 0.245568 0.989312 1 0 1.000000
Door_01
  0 -0.000482 -9.166779 107.214081 -0.000002 -0.961752 0.273921 0.245567 0.986738 1 0 1.000000
  0 9.828945 -9.166779 106.440567 0.042849 -0.961752 0.270549 0.281995 0.983871 1 0 1.000000
  0 9.937919 -8.836053 107.126587 0.110443 -0.708198 0.697322 0.282399 0.986413 1 0 1.000000
Door_01
  0 9.828945 -9.166779 106.440567 0.042849 -0.961752 0.270549 0.281995 0.983871 1 0 1.000000
  0 19.631292 -8.836052 104.799438 0.218169 -0.708198 0.671460 0.318323 0.977789 1 0 1.000000
  0 9.937919 -8.836053 107.126587 0.110443 -0.708198 0.697322 0.282399 0.986413 1 0 1.000000
Door_01
  0 9.828945 -9.166779 106.440567 0.042849 -0.961752 0.270549 0.281995 0.983871 1 0 1.000000
  0 19.416361 -9.166778 104.138901 0.084645 -0.961752 0.260514 0.317526 0.975341 1 0 1.000000
  0 19.631292 -8.836052 104.799438 0.218169 -0.708198 0.671460 0.318323 0.977789 1 0 1.000000
Door_01
  0 19.416361 -9.166778 104.138901 0.084645 -0.961752 0.260514 0.317526 0.975341 1 0 1.000000
  0 28.841280 -8.836052 100.984558 0.320522 -0.708198 0.629064 0.352455 0.963651 1 0 1.000000
  0 19.631292 -8.836052 104.799438 0.218169 -0.708198 0.671460 0.318323 0.977789 1 0 1.000000
Door_01
  0 19.416361 -9.166778 104.138901 0.084645 -0.961752 0.260514 0.317526 0.975341 1 0 1.000000
  0 28.525688 -9.166778 100.365768 0.124356 -0.961752 0.244066 0.351286 0.961358 1 0 1.000000
  0 28.841280 -8.836052 100.984558 0.320522 -0.708198 0.629064 0.352455 0.963651 1 0 1.000000
Door_01
  0 -19.733942 -8.143567 105.114906 -0.297060 -0.275489 0.914254 0.172434 0.978958 1 0 1.000000
  0 -28.841528 -8.836054 100.984436 -0.320525 -0.708197 0.629063 0.138681 0.963650 1 0 1.000000
  0 -19.631575 -8.836054 104.799347 -0.218172 -0.708197 0.671459 0.172813 0.977789 1 0 1.000000
Door_01
  0 -19.733942 -8.143567 105.114906 -0.297060 -0.275489 0.914254 0.172434 0.978958 1 0 1.000000
  0 -28.992004 -8.143567 101.280090 -0.436423 -0.275489 0.856528 0.138123 0.964746 1 0 1.000000
  0 -28.841528 -8.836054 100.984436 -0.320525 -0.708197 0.629063 0.138681 0.963650 1 0 1.000000
Door_01
  0 -28.992004 -8.143567 101.280090 -0.436423 -0.275489 0.856528 0.138123 0.964746 1 0 1.000000
  0 -37.341305 -8.836054 95.775742 -0.414986 -0.708197 0.571177 0.107181 0.944347 1 0 1.000000
  0 -28.841528 -8.836054 100.984436 -0.320525 -0.708197 0.629063 0.138681 0.963650 1 0 1.000000
Door_01
  0 -28.992004 -8.143567 101.280090 -0.436423 -0.275489 0.856528 0.138123 0.964746 1 0 1.000000
  0 -37.536186 -8.143567 96.044212 -0.565041 -0.275489 0.777711 0.106459 0.945342 1 0 1.000000
  0 -37.341305 -8.836054 95.775742 -0.414986 -0.708197 0.571177 0.107181 0.944347 1 0 1.000000
Door_01
  0 -37.536186 -8.143567 96.044212 -0.565041 -0.275489 0.777711 0.106459 0.945342 1 0 1.000000
  0 -44.921612 -8.836054 89.301514 -0.499229 -0.708197 0.499227 0.079088 0.920353 1 0 1.000000
  0 -37.341305 -8.836054 95.775742 -0.414986 -0.708197 0.571177 0.107181 0.944347 1 0 1.000000
Door_01
  0 -37.536186 -8.143567 96.044212 -0.565041 -0.275489 0.777711 0.106459 0.945342 1 0 1.000000
  0 -45.156105 -8.143567 89.536186 -0.679745 -0.275489 0.679744 0.078219 0.921223 1 0 1.000000
  0 -44.921612 -8.836054 89.301514 -0.499229 -0.708197 0.499227 0.079088 0.920353 1 0 1.000000
Door_01
  0 -45.156105 -8.143567 89.536186 -0.679745 -0.275489 0.679744 0.078219 0.921223 1 0 1.000000
  0 -51.395805 -8.836054 81.721184 -0.571179 -0.708197 0.414984 0.055094 0.892260 1 0 1.000000
  0 -44.921612 -8.836054 89.301514 -0.499229 -0.708197 0.499227 0.079088 0.920353 1 0 1.000000
Door_01
  0 -45.156105 -8.143567 89.536186 -0.679745 -0.275489 0.679744 0.078219 0.921223 1 0 1.000000
  0 -51.664131 -8.143567 81.916267 -0.777712 -0.275489 0.565040 0.054100 0.892983 1 0 1.000000
  0 -51.395805 -8.836054 81.721184 -0.571179 -0.708197 0.414984 0.055094 0.892260 1 0 1.000000
Door_01
  0 -51.664131 -8.143567 81.916267 -0.777712 -0.275489 0.565040 0.054100 0.892983 1 0 1.000000
  0 -56.604465 -8.836054 73.221390 -0.629065 -0.708197 0.320523 0.035791 0.860760 1 0 1.000000
  0 -51.395805 -8.836054 81.721184 -0.571179 -0.708197 0.414984 0.055094 0.892260 1 0 1.000000
Door_01
  0 -51.664131 -8.143567 81.916267 -0.777712 -0.275489 0.565040 0.054100 0.892983 1 0 1.000000
  0 -56.900013 -8.143567 73.372086 -0.856528 -0.275489 0.436423 0.034695 0.861318 1 0 1.000000
  0 -56.604465 -8.836054 73.221390 -0.629065 -0.708197 0.320523 0.035791 0.860760 1 0 1.000000
Door_01
  0 -56.900013 -8.143567 73.372086 -0.856528 -0.275489 0.436423 0.034695 0.861318 1 0 1.000000
  0 -60.419338 -8.836054 64.011436 -0.671461 -0.708197 0.218170 0.021653 0.826627 1 0 1.000000
  0 -56.604465 -8.836054 73.221390 -0.629065 -0.708197 0.320523 0.035791 0.860760 1 0 1.000000
Door_01
  0 -56.900013 -8.143567 73.372086 -0.856528 -0.275489 0.436423 0.034695 0.861318 1 0 1.000000
  0 -60.734825 -8.143567 64.114021 -0.914255 -0.275489 0.297059 0.020483 0.827008 1 0 1.000000
  0 -60.419338 -8.836054 64.011436 -0.671461 -0.708197 0.218170 0.021653 0.826627 1 0 1.000000
Door_01
  0 -60.734825 -8.143567 64.114021 -0.914255 -0.275489 0.297059 0.020483 0.827008 1 0 1.000000
  0 -62.746494 -8.836053 54.318100 -0.697323 -0.708197 0.110445 0.013028 0.790704 1 0 1.000000
  0 -60.419338 -8.836054 64.011436 -0.671461 -0.708197 0.218170 0.021653 0.826627 1 0 1.000000
Door_01
  0 -60.734825 -8.143567 64.114021 -0.914255 -0.275489 0.297059 0.020483 0.827008 1 0 1.000000
  0 -63.074150 -8.143566 54.370045 -0.949469 -0.275489 0.150381 0.011814 0.790896 1 0 1.000000
  0 -62.746494 -8.836053 54.318100 -0.697323 -0.708197 0.110445 0.013028 0.790704 1 0 1.000000
Door_01
  0 -63.074150 -8.143566 54.370045 -0.949469 -0.275489 0.150381 0.011814 0.790896 1 0 1.000000
  0 -63.528629 -8.836053 44.380058 -0.706015 -0.708197 0.000000 0.010130 0.753873 1 0 1.000000
  0 -62.746494 -8.836053 54.318100 -0.697323 -0.708197 0.110445 0.013028 0.790704 1 0 1.000000
Door_01
  0 -63.074150 -8.143566 54.370045 -0.949469 -0.275489 0.150381 0.011814 0.790896 1 0 1.000000
  0 -63.860374 -8.143566 44.380081 -0.961304 -0.275488 0.000000 0.008900 0.753873 1 0 1.000000
  0 -63.528629 -8.836053 44.380058 -0.706015 -0.708197 0.000000 0.010130 0.753873 1 0 1.000000
Door_01
  0 -63.860374 -8.143566 44.380081 -0.961304 -0.275488 0.000000 0.008900 0.753873 1 0 1.000000
  0 -62.746483 -8.836053 34.442017 -0.697323 -0.708197 -0.110445 0.013028 0.717042 1 0 1.000000
  0 -63.528629 -8.836053 44.380058 -0.706015 -0.708197 0.000000 0.010130 0.753873 1 0 1.000000
Door_01
  0 -63.860374 -8.143566 44.380081 -0.961304 -0.275488 0.000000 0.008900 0.753873 1 0 1.000000
  0 -63.074150 -8.143566 34.390118 -0.949469 -0.275488 -0.150381 0.011814 0.716850 1 0 1.000000
  0 -62.746483 -8.836053 34.442017 -0.697323 -0.708197 -0.110445 0.013028 0.717042 1 0 1.000000
Door_01
  0 -44.417221 -9.166776 0.000106 -0.208130 -0.961523 -0.179321 0.080957 0.589399 1 0 1.000000
  0 -51.395737 -8.836050 7.038983 -0.570230 -0.708258 -0.416182 0.055094 0.615486 1 0 1.000000
  0 -45.331272 -8.836050 0.000106 -0.535720 -0.707084 -0.461559 0.077570 0.589399 1 0 1.000000
Door_01
  0 -44.417221 -9.166776 0.000106 -0.208130 -0.961523 -0.179321 0.080957 0.589399 1 0 1.000000
  0 -50.833763 -9.166776 7.447466 -0.221222 -0.961764 -0.161462 0.057177 0.617000 1 0 1.000000
  0 -51.395737 -8.836050 7.038983 -0.570230 -0.708258 -0.416182 0.055094 0.615486 1 0 1.000000
Door_01
  0 -50.833763 -9.166776 7.447466 -0.221222 -0.961764 -0.161462 0.057177 0.617000 1 0 1.000000
  0 -56.604443 -8.836052 15.538733 -0.629053 -0.708209 -0.320519 0.035791 0.646986 1 0 1.000000
  0 -51.395737 -8.836050 7.038983 -0.570230 -0.708258 -0.416182 0.055094 0.615486 1 0 1.000000
Door_01
  0 -50.833763 -9.166776 7.447466 -0.221222 -0.961764 -0.161462 0.057177 0.617000 1 0 1.000000
  0 -55.985573 -9.166778 15.854177 -0.244056 -0.961755 -0.124353 0.038084 0.648155 1 0 1.000000
  0 -56.604443 -8.836052 15.538733 -0.629053 -0.708209 -0.320519 0.035791 0.646986 1 0 1.000000
Door_01
  0 -55.985573 -9.166778 15.854177 -0.244056 -0.961755 -0.124353 0.038084 0.648155 1 0 1.000000
  0 -60.419323 -8.836052 24.748680 -0.671460 -0.708197 -0.218170 0.021653 0.681118 1 0 1.000000
  0 -56.604443 -8.836052 15.538733 -0.629053 -0.708209 -0.320519 0.035791 0.646986 1 0 1.000000
Door_01
  0 -55.985573 -9.166778 15.854177 -0.244056 -0.961755 -0.124353 0.038084 0.648155 1 0 1.000000
  0 -59.758709 -9.166778 24.963381 -0.260515 -0.961752 -0.084646 0.024101 0.681914 1 0 1.000000
  0 -60.419323 -8.836052 24.748680 -0.671460 -0.708197 -0.218170 0.021653 0.681118 1 0 1.000000
Door_01
  0 -59.758709 -9.166778 24.963381 -0.260515 -0.961752 -0.084646 0.024101 0.681914 1 0 1.000000
  0 -62.746483 -8.836053 34.442017 -0.697323 -0.708197 -0.110445 0.013028 0.717042 1 0 1.000000
  0 -60.419323 -8.836052 24.748680 -0.671460 -0.708197 -0.218170 0.021653 0.681118 1 0 1.000000
Door_01
  0 -59.758709 -9.166778 24.963381 -0.260515 -0.961752 -0.084646 0.024101 0.681914 1 0 1.000000
  0 -62.060410 -9.166779 34.550678 -0.270549 -0.961752 -0.042851 0.015571 0.717445 1 0 1.000000
  0 -62.746483 -8.836053 34.442017 -0.697323 -0.708197 -0.110445 0.013028 0.717042 1 0 1.000000
Door_01
  0 -62.060410 -9.166779 34.550678 -0.270549 -0.961752 -0.042851 0.015571 0.717445 1 0 1.000000
  0 -63.528629 -8.836053 44.380058 -0.706015 -0.708197 0.000000 0.010130 0.753873 1 0 1.000000
  0 -62.746483 -8.836053 34.442017 -0.697323 -0.708197 -0.110445 0.013028 0.717042 1 0 1.000000
Door_01
  0 -62.060410 -9.166779 34.550678 -0.270549 -0.961752 -0.042851 0.015571 0.717445 1 0 1.000000
  0 -62.834000 -9.166779 44.380005 -0.273922 -0.961752 0.000000 0.012704 0.753873 1 0 1.000000
  0 -63.528629 -8.836053 44.380058 -0.706015 -0.708197 0.000000 0.010130 0.753873 1 0 1.000000
Door_01
  0 -62.834000 -9.166779 44.380005 -0.273922 -0.961752 0.000000 0.012704 0.753873 1 0 1.000000
  0 -62.746494 -8.836053 54.318100 -0.697323 -0.708197 0.110445 0.013028 0.790704 1 0 1.000000
  0 -63.528629 -8.836053 44.380058 -0.706015 -0.708197 0.000000 0.010130 0.753873 1 0 1.000000
Door_01
  0 -62.834000 -9.166779 44.380005 -0.273922 -0.961752 0.000000 0.012704 0.753873 1 0 1.000000
  0 -62.060432 -9.166779 54.209335 -0.270549 -0.961752 0.042850 0.015571 0.790300 1 0 1.000000
  0 -62.746494 -8.836053 54.318100 -0.697323 -0.708197 0.110445 0.013028 0.790704 1 0 1.000000
Door_01
  0 -62.060432 -9.166779 54.209335 -0.270549 -0.961752 0.042850 0.015571 0.790300 1 0 1.000000
  0 -60.419338 -8.836054 64.011436 -0.671461 -0.708197 0.218170 0.021653 0.826627 1 0 1.000000
  0 -62.746494 -8.836053 54.318100 -0.697323 -0.708197 0.110445 0.013028 0.790704 1 0 1.000000
Door_01
  0 -62.060432 -9.166779 54.209335 -0.270549 -0.961752 0.042850 0.015571 0.790300 1 0 1.000000
  0 -59.758755 -9.166780 63.796646 -0.260515 -0.961752 0.084646 0.024101 0.825832 1 0 1.000000
  0 -60.419338 -8.836054 64.011436 -0.671461 -0.708197 0.218170 0.021653 0.826627 1 0 1.000000
Door_01
  0 -59.758755 -9.166780 63.796646 -0.260515 -0.961752 0.084646 0.024101 0.825832 1 0 1.000000
  0 -56.604465 -8.836054 73.221390 -0.629065 -0.708197 0.320523 0.035791 0.860760 1 0 1.000000
  0 -60.419338 -8.836054 64.011436 -0.671461 -0.708197 0.218170 0.021653 0.826627 1 0 1.000000
Door_01
  0 -59.758755 -9.166780 63.796646 -0.260515 -0.961752 0.084646 0.024101 0.825832 1 0 1.000000
  0 -55.985634 -9.166780 72.905869 -0.244066 -0.961752 0.124357 0.038084 0.859590 1 0 1.000000
  0 -56.604465 -8.836054 73.221390 -0.629065 -0.708197 0.320523 0.035791 0.860760 1 0 1.000000
Door_01
  0 -55.985634 -9.166780 72.905869 -0.244066 -0.961752 0.124357 0.038084 0.859590 1 0 1.000000
  0 -51.395805 -8.836054 81.721184 -0.571179 -0.708197 0.414984 0.055094 0.892260 1 0 1.000000
  0 -56.604465 -8.836054 73.221390 -0.629065 -0.708197 0.320523 0.035791 0.860760 1 0 1.000000
Door_01
  0 -55.985634 -9.166780 72.905869 -0.244066 -0.961752 0.124357 0.038084 0.859590 1 0 1.000000
  0 -50.833977 -9.166780 81.312698 -0.221608 -0.961752 0.161006 0.057176 0.890746 1 0 1.000000
  0 -51.395805 -8.836054 81.721184 -0.571179 -0.708197 0.414984 0.055094 0.892260 1 0 1.000000
Door_01
  0 -63.074150 -8.143566 34.390118 -0.949469 -0.275488 -0.150381 0.011814 0.716850 1 0 1.000000
  0 -60.419323 -8.836052 24.748680 -0.671460 -0.708197 -0.218170 0.021653 0.681118 1 0 1.000000
  0 -62.746483 -8.836053 34.442017 -0.697323 -0.708197 -0.110445 0.013028 0.717042 1 0 1.000000
Door_01
  0 -63.074150 -8.143566 34.390118 -0.949469 -0.275488 -0.150381 0.011814 0.716850 1 0 1.000000
  0 -60.734825 -8.143565 24.646141 -0.914255 -0.275488 -0.297059 0.020483 0.680738 1 0 1.000000
  0 -60.419323 -8.836052 24.748680 -0.671460 -0.708197 -0.218170 0.021653 0.681118 1 0 1.000000
Door_01
  0 -60.734825 -8.143565 24.646141 -0.914255 -0.275488 -0.297059 0.020483 0.680738 1 0 1.000000
  0 -56.604443 -8.836052 15.538733 -0.629053 -0.708209 -0.320519 0.035791 0.646986 1 0 1.000000
  0 -60.419323 -8.836052 24.748680 -0.671460 -0.708197 -0.218170 0.021653 0.681118 1 0 1.000000
Door_01
  0 -60.734825 -8.143565 24.646141 -0.914255 -0.275488 -0.297059 0.020483 0.680738 1 0 1.000000
  0 -56.900013 -8.143565 15.388078 -0.856526 -0.275499 -0.436422 0.034695 0.646428 1 0 1.000000
  0 -56.604443 -8.836052 15.538733 -0.629053 -0.708209 -0.320519 0.035791 0.646986 1 0 1.000000
Door_01
  0 -56.900013 -8.143565 15.388078 -0.856526 -0.275499 -0.436422 0.034695 0.646428 1 0 1.000000
  0 -51.395737 -8.836050 7.038983 -0.570230 -0.708258 -0.416182 0.055094 0.615486 1 0 1.000000
  0 -56.604443 -8.836052 15.538733 -0.629053 -0.708209 -0.320519 0.035791 0.646986 1 0 1.000000
Door_01
  0 -56.900013 -8.143565 15.388078 -0.856526 -0.275499 -0.436422 0.034695 0.646428 1 0 1.000000
  0 -51.664131 -8.143563 6.843894 -0.776482 -0.275533 -0.566708 0.054100 0.614763 1 0 1.000000
  0 -51.395737 -8.836050 7.038983 -0.570230 -0.708258 -0.416182 0.055094 0.615486 1 0 1.000000
Door_01
  0 -51.664131 -8.143563 6.843894 -0.776482 -0.275533 -0.566708 0.054100 0.614763 1 0 1.000000
  0 -45.331272 -8.836050 0.000106 -0.535720 -0.707084 -0.461559 0.077570 0.589399 1 0 1.000000
  0 -51.395737 -8.836050 7.038983 -0.570230 -0.708258 -0.416182 0.055094 0.615486 1 0 1.000000
Door_01
  0 -51.664131 -8.143563 6.843894 -0.776482 -0.275533 -0.566708 0.054100 0.614763 1 0 1.000000
  0 -45.767815 -8.143563 0.000106 -0.728459 -0.274684 -0.627611 0.075952 0.589399 1 0 1.000000
  0 -45.331272 -8.836050 0.000106 -0.535720 -0.707084 -0.461559 0.077570 0.589399 1 0 1.000000
Door_01
  0 -45.767815 8.145735 0.000107 -0.728459 0.274684 -0.627611 0.075952 0.589399 1 0 1.000000
  0 -51.395737 8.838222 7.038984 -0.570230 0.708258 -0.416182 0.055094 0.615486 1 0 1.000000
  0 -45.331272 8.838222 0.000107 -0.535720 0.707084 -0.461559 0.077570 0.589399 1 0 1.000000
Door_01
  0 -45.767815 8.145735 0.000107 -0.728459 0.274684 -0.627611 0.075952 0.589399 1 0 1.000000
  0 -51.664131 8.145735 6.843895 -0.776482 0.275533 -0.566708 0.054100 0.614763 1 0 1.000000
  0 -51.395737 8.838222 7.038984 -0.570230 0.708258 -0.416182 0.055094 0.615486 1 0 1.000000
Door_01
  0 -51.664131 8.145735 6.843895 -0.776482 0.275533 -0.566708 0.054100 0.614763 1 0 1.000000
  0 -56.604443 8.838219 15.538733 -0.629053 0.708209 -0.320519 0.035791 0.646986 1 0 1.000000
  0 -51.395737 8.838222 7.038984 -0.570230 0.708258 -0.416182 0.055094 0.615486 1 0 1.000000
Door_01
  0 -51.664131 8.145735 6.843895 -0.776482 0.275533 -0.566708 0.054100 0.614763 1 0 1.000000
  0 -56.900013 8.145733 15.388078 -0.856526 0.275499 -0.436422 0.034695 0.646428 1 0 1.000000
  0 -56.604443 8.838219 15.538733 -0.629053 0.708209 -0.320519 0.035791 0.646986 1 0 1.000000
Door_01
  0 -56.900013 8.145733 15.388078 -0.856526 0.275499 -0.436422 0.034695 0.646428 1 0 1.000000
  0 -60.419323 8.838219 24.748680 -0.671460 0.708197 -0.218170 0.021653 0.681118 1 0 1.000000
  0 -56.604443 8.838219 15.538733 -0.629053 0.708209 -0.320519 0.035791 0.646986 1 0 1.000000
Door_01
  0 -56.900013 8.145733 15.388078 -0.856526 0.275499 -0.436422 0.034695 0.646428 1 0 1.000000
  0 -60.734825 8.145733 24.646141 -0.914255 0.275488 -0.297059 0.020483 0.680738 1 0 1.000000
  0 -60.419323 8.838219 24.748680 -0.671460 0.708197 -0.218170 0.021653 0.681118 1 0 1.000000
Door_01
  0 -60.734825 8.145733 24.646141 -0.914255 0.275488 -0.297059 0.020483 0.680738 1 0 1.000000
  0 -62.746483 8.838218 34.442017 -0.697323 0.708197 -0.110445 0.013028 0.717042 1 0 1.000000
  0 -60.419323 8.838219 24.748680 -0.671460 0.708197 -0.218170 0.021653 0.681118 1 0 1.000000
Door_01
  0 -60.734825 8.145733 24.646141 -0.914255 0.275488 -0.297059 0.020483 0.680738 1 0 1.000000
  0 -63.074150 8.145732 34.390118 -0.949469 0.275488 -0.150381 0.011814 0.716850 1 0 1.000000
  0 -62.746483 8.838218 34.442017 -0.697323 0.708197 -0.110445 0.013028 0.717042 1 0 1.000000
Door_01
  0 -63.074150 8.145732 34.390118 -0.949469 0.275488 -0.150381 0.011814 0.716850 1 0 1.000000
  0 -63.528629 8.838218 44.380058 -0.706015 0.708197 0.000000 0.010130 0.753873 1 0 1.000000
  0 -62.746483 8.838218 34.442017 -0.697323 0.708197 -0.110445 0.013028 0.717042 1 0 1.000000
Door_01
  0 -63.074150 8.145732 34.390118 -0.949469 0.275488 -0.150381 0.011814 0.716850 1 0 1.000000
  0 -63.860374 8.145732 44.380081 -0.961304 0.275488 0.000000 0.008900 0.753873 1 0 1.000000
  0 -63.528629 8.838218 44.380058 -0.706015 0.708197 0.000000 0.010130 0.753873 1 0 1.000000
Door_01
  0 -63.860374 8.145732 44.380081 -0.961304 0.275488 0.000000 0.008900 0.753873 1 0 1.000000
  0 -62.746494 8.838218 54.318100 -0.697323 0.708197 0.110445 0.013028 0.790704 1 0 1.000000
  0 -63.528629 8.838218 44.380058 -0.706015 0.708197 0.000000 0.010130 0.753873 1 0 1.000000
Door_01
  0 -63.860374 8.145732 44.380081 -0.961304 0.275488 0.000000 0.008900 0.753873 1 0 1.000000
  0 -63.074150 8.145732 54.370045 -0.949469 0.275489 0.150381 0.011814 0.790896 1 0 1.000000
  0 -62.746494 8.838218 54.318100 -0.697323 0.708197 0.110445 0.013028 0.790704 1 0 1.000000
Door_01
  0 -63.074150 8.145732 54.370045 -0.949469 0.275489 0.150381 0.011814 0.790896 1 0 1.000000
  0 -60.419338 8.838217 64.011436 -0.671461 0.708197 0.218170 0.021653 0.826627 1 0 1.000000
  0 -62.746494 8.838218 54.318100 -0.697323 0.708197 0.110445 0.013028 0.790704 1 0 1.000000
Door_01
  0 -63.074150 8.145732 54.370045 -0.949469 0.275489 0.150381 0.011814 0.790896 1 0 1.000000
  0 -60.734825 8.145731 64.114021 -0.914255 0.275489 0.297059 0.020483 0.827008 1 0 1.000000
  0 -60.419338 8.838217 64.011436 -0.671461 0.708197 0.218170 0.021653 0.826627 1 0 1.000000
Door_01
  0 -60.734825 8.145731 64.114021 -0.914255 0.275489 0.297059 0.020483 0.827008 1 0 1.000000
  0 -56.604465 8.838217 73.221390 -0.629065 0.708197 0.320523 0.035791 0.860760 1 0 1.000000
  0 -60.419338 8.838217 64.011436 -0.671461 0.708197 0.218170 0.021653 0.826627 1 0 1.000000
Door_01
  0 -60.734825 8.145731 64.114021 -0.914255 0.275489 0.297059 0.020483 0.827008 1 0 1.000000
  0 -56.900013 8.145731 73.372086 -0.856528 0.275489 0.436423 0.034695 0.861318 1 0 1.000000
  0 -56.604465 8.838217 73.221390 -0.629065 0.708197 0.320523 0.035791 0.860760 1 0 1.000000
Door_01
  0 -56.900013 8.145731 73.372086 -0.856528 0.275489 0.436423 0.034695 0.861318 1 0 1.000000
  0 -51.395805 8.838217 81.721184 -0.571179 0.708197 0.414984 0.055094 0.892260 1 0 1.000000
  0 -56.604465 8.838217 73.221390 -0.629065 0.708197 0.320523 0.035791 0.860760 1 0 1.000000
Door_01
  0 -56.900013 8.145731 73.372086 -0.856528 0.275489 0.436423 0.034695 0.861318 1 0 1.000000
  0 -51.664131 8.145731 81.916267 -0.777712 0.275489 0.565040 0.054100 0.892983 1 0 1.000000
  0 -51.395805 8.838217 81.721184 -0.571179 0.708197 0.414984 0.055094 0.892260 1 0 1.000000
Door_01
  0 -50.833763 9.168947 7.447467 -0.221222 0.961764 -0.161462 0.057177 0.617000 1 0 1.000000
  0 -44.417221 9.168947 0.000107 -0.208130 0.961523 -0.179321 0.080957 0.589399 1 0 1.000000
  0 -45.331272 8.838222 0.000107 -0.535720 0.707084 -0.461559 0.077570 0.589399 1 0 1.000000
Door_01
  0 -50.833763 9.168947 7.447467 -0.221222 0.961764 -0.161462 0.057177 0.617000 1 0 1.000000
  0 -45.331272 8.838222 0.000107 -0.535720 0.707084 -0.461559 0.077570 0.589399 1 0 1.000000
  0 -51.395737 8.838222 7.038984 -0.570230 0.708258 -0.416182 0.055094 0.615486 1 0 1.000000
Door_01
  0 -55.985573 9.168945 15.854177 -0.244056 0.961755 -0.124353 0.038084 0.648155 1 0 1.000000
  0 -50.833763 9.168947 7.447467 -0.221222 0.961764 -0.161462 0.057177 0.617000 1 0 1.000000
  0 -51.395737 8.838222 7.038984 -0.570230 0.708258 -0.416182 0.055094 0.615486 1 0 1.000000
Door_01
  0 -55.985573 9.168945 15.854177 -0.244056 0.961755 -0.124353 0.038084 0.648155 1 0 1.000000
  0 -51.395737 8.838222 7.038984 -0.570230 0.708258 -0.416182 0.055094 0.615486 1 0 1.000000
  0 -56.604443 8.838219 15.538733 -0.629053 0.708209 -0.320519 0.035791 0.646986 1 0 1.000000
Door_01
  0 -59.758709 9.168945 24.963381 -0.260515 0.961752 -0.084646 0.024101 0.681914 1 0 1.000000
  0 -55.985573 9.168945 15.854177 -0.244056 0.961755 -0.124353 0.038084 0.648155 1 0 1.000000
  0 -56.604443 8.838219 15.538733 -0.629053 0.708209 -0.320519 0.035791 0.646986 1 0 1.000000
Door_01
  0 -59.758709 9.168945 24.963381 -0.260515 0.961752 -0.084646 0.024101 0.681914 1 0 1.000000
  0 -56.604443 8.838219 15.538733 -0.629053 0.708209 -0.320519 0.035791 0.646986 1 0 1.000000
  0 -60.419323 8.838219 24.748680 -0.671460 0.708197 -0.218170 0.021653 0.681118 1 0 1.000000
Door_01
  0 -62.060410 9.168944 34.550678 -0.270549 0.961752 -0.042851 0.015571 0.717445 1 0 1.000000
  0 -59.758709 9.168945 24.963381 -0.260515 0.961752 -0.084646 0.024101 0.681914 1 0 1.000000
  0 -60.419323 8.838219 24.748680 -0.671460 0.708197 -0.218170 0.021653 0.681118 1 0 1.000000
Door_01
  0 -62.060410 9.168944 34.550678 -0.270549 0.961752 -0.042851 0.015571 0.717445 1 0 1.000000
  0 -60.419323 8.838219 24.748680 -0.671460 0.708197 -0.218170 0.021653 0.681118 1 0 1.000000
  0 -62.746483 8.838218 34.442017 -0.697323 0.708197 -0.110445 0.013028 0.717042 1 0 1.000000
Door_01
  0 -62.834000 9.168944 44.380005 -0.273922 0.961752 0.000000 0.012704 0.753873 1 0 1.000000
  0 -62.060410 9.168944 34.550678 -0.270549 0.961752 -0.042851 0.015571 0.717445 1 0 1.000000
  0 -62.746483 8.838218 34.442017 -0.697323 0.708197 -0.110445 0.013028 0.717042 1 0 1.000000
Door_01
  0 -62.834000 9.168944 44.380005 -0.273922 0.961752 0.000000 0.012704 0.753873 1 0 1.000000
  0 -62.746483 8.838218 34.442017 -0.697323 0.708197 -0.110445 0.013028 0.717042 1 0 1.000000
  0 -63.528629 8.838218 44.380058 -0.706015 0.708197 0.000000 0.010130 0.753873 1 0 1.000000
Door_01
  0 -62.060432 9.168944 54.209335 -0.270549 0.961752 0.042850 0.015571 0.790300 1 0 1.000000
  0 -62.834000 9.168944 44.380005 -0.273922 0.961752 0.000000 0.012704 0.753873 1 0 1.000000
  0 -63.528629 8.838218 44.380058 -0.706015 0.708197 0.000000 0.010130 0.753873 1 0 1.000000
Door_01
  0 -62.060432 9.168944 54.209335 -0.270549 0.961752 0.042850 0.015571 0.790300 1 0 1.000000
  0 -63.528629 8.838218 44.380058 -0.706015 0.708197 0.000000 0.010130 0.753873 1 0 1.000000
  0 -62.746494 8.838218 54.318100 -0.697323 0.708197 0.110445 0.013028 0.790704 1 0 1.000000
Door_01
  0 -59.758755 9.168943 63.796646 -0.260515 0.961752 0.084646 0.024101 0.825832 1 0 1.000000
  0 -62.060432 9.168944 54.209335 -0.270549 0.961752 0.042850 0.015571 0.790300 1 0 1.000000
  0 -62.746494 8.838218 54.318100 -0.697323 0.708197 0.110445 0.013028 0.790704 1 0 1.000000
Door_01
  0 -59.758755 9.168943 63.796646 -0.260515 0.961752 0.084646 0.024101 0.825832 1 0 1.000000
  0 -62.746494 8.838218 54.318100 -0.697323 0.708197 0.110445 0.013028 0.790704 1 0 1.000000
  0 -60.419338 8.838217 64.011436 -0.671461 0.708197 0.218170 0.021653 0.826627 1 0 1.000000
Door_01
  0 -55.985634 9.168943 72.905869 -0.244066 0.961752 0.124357 0.038084 0.859590 1 0 1.000000
  0 -59.758755 9.168943 63.796646 -0.260515 0.961752 0.084646 0.024101 0.825832 1 0 1.000000
  0 -60.419338 8.838217 64.011436 -0.671461 0.708197 0.218170 0.021653 0.826627 1 0 1.000000
Door_01
  0 -55.985634 9.168943 72.905869 -0.244066 0.961752 0.124357 0.038084 0.859590 1 0 1.000000
  0 -60.419338 8.838217 64.011436 -0.671461 0.708197 0.218170 0.021653 0.826627 1 0 1.000000
  0 -56.604465 8.838217 73.221390 -0.629065 0.708197 0.320523 0.035791 0.860760 1 0 1.000000
Door_01
  0 -50.833977 9.168943 81.312698 -0.221608 0.961752 0.161006 0.057176 0.890746 1 0 1.000000
  0 -55.985634 9.168943 72.905869 -0.244066 0.961752 0.124357 0.038084 0.859590 1 0 1.000000
  0 -56.604465 8.838217 73.221390 -0.629065 0.708197 0.320523 0.035791 0.860760 1 0 1.000000
Door_01
  0 -50.833977 9.168943 81.312698 -0.221608 0.961752 0.161006 0.057176 0.890746 1 0 1.000000
  0 -56.604465 8.838217 73.221390 -0.629065 0.708197 0.320523 0.035791 0.860760 1 0 1.000000
  0 -51.395805 8.838217 81.721184 -0.571179 0.708197 0.414984 0.055094 0.892260 1 0 1.000000
Door_01
  0 -32.584080 -9.166775 0.000107 0.000000 -1.000000 0.000000 0.124811 0.589399 1 0 1.000000
  0 -39.132332 -9.166776 5.251119 0.000000 -1.000000 0.000000 0.100543 0.608860 1 0 1.000000
  0 -44.417221 -9.166776 0.000106 0.000000 -1.000000 0.000000 0.080957 0.589399 1 0 1.000000
Door_01
  0 -44.417221 -9.166776 0.000106 0.000000 -1.000000 0.000000 0.080957 0.589399 1 0 1.000000
  0 -39.132332 -9.166776 5.251119 0.000000 -1.000000 0.000000 0.100543 0.608860 1 0 1.000000
  0 -44.771614 -9.166777 11.853873 0.000000 -1.000000 0.000000 0.079644 0.633330 1 0 1.000000
Door_01
  0 -44.417221 -9.166776 0.000106 0.000000 -1.000000 0.000000 0.080957 0.589399 1 0 1.000000
  0 -44.771614 -9.166777 11.853873 0.000000 -1.000000 0.000000 0.079644 0.633330 1 0 1.000000
  0 -50.833763 -9.166776 7.447466 0.000000 -1.000000 0.000000 0.057177 0.617000 1 0 1.000000
Door_01
  0 -44.771614 -9.166777 11.853873 0.000000 -1.000000 0.000000 0.079644 0.633330 1 0 1.000000
  0 -55.985573 -9.166778 15.854177 0.000000 -1.000000 0.000000 0.038084 0.648155 1 0 1.000000
  0 -50.833763 -9.166776 7.447466 0.000000 -1.000000 0.000000 0.057177 0.617000 1 0 1.000000
Door_01
  0 -44.771614 -9.166777 11.853873 0.000000 -1.000000 0.000000 0.079644 0.633330 1 0 1.000000
  0 -49.308571 -9.166777 19.257515 0.000000 -1.000000 0.000000 0.062830 0.660768 1 0 1.000000
  0 -55.985573 -9.166778 15.854177 0.000000 -1.000000 0.000000 0.038084 0.648155 1 0 1.000000
Door_01
  0 -49.308571 -9.166777 19.257515 0.000000 -1.000000 0.000000 0.062830 0.660768 1 0 1.000000
  0 -59.758709 -9.166778 24.963381 0.000000 -1.000000 0.000000 0.024101 0.681914 1 0 1.000000
  0 -55.985573 -9.166778 15.854177 0.000000 -1.000000 0.000000 0.038084 0.648155 1 0 1.000000
Door_01
  0 -49.308571 -9.166777 19.257515 0.000000 -1.000000 0.000000 0.062830 0.660768 1 0 1.000000
  0 -52.631489 -9.166777 27.279741 0.000000 -1.000000 0.000000 0.050515 0.690498 1 0 1.000000
  0 -59.758709 -9.166778 24.963381 0.000000 -1.000000 0.000000 0.024101 0.681914 1 0 1.000000
Door_01
  0 -52.631489 -9.166777 27.279741 0.000000 -1.000000 0.000000 0.050515 0.690498 1 0 1.000000
  0 -62.060410 -9.166779 34.550678 0.000000 -1.000000 0.000000 0.015571 0.717445 1 0 1.000000
  0 -59.758709 -9.166778 24.963381 0.000000 -1.000000 0.000000 0.024101 0.681914 1 0 1.000000
Door_01
  0 -52.631489 -9.166777 27.279741 0.000000 -1.000000 0.000000 0.050515 0.690498 1 0 1.000000
  0 -54.658539 -9.166779 35.723019 0.000000 -1.000000 0.000000 0.043003 0.721790 1 0 1.000000
  0 -62.060410 -9.166779 34.550678 0.000000 -1.000000 0.000000 0.015571 0.717445 1 0 1.000000
Door_01
  0 -54.658539 -9.166779 35.723019 0.000000 -1.000000 0.000000 0.043003 0.721790 1 0 1.000000
  0 -62.834000 -9.166779 44.380005 0.000000 -1.000000 0.000000 0.012704 0.753873 1 0 1.000000
  0 -62.060410 -9.166779 34.550678 0.000000 -1.000000 0.000000 0.015571 0.717445 1 0 1.000000
Door_01
  0 -54.658539 -9.166779 35.723019 0.000000 -1.000000 0.000000 0.043003 0.721790 1 0 1.000000
  0 -55.339813 -9.166779 44.379448 0.000000 -1.000000 0.000000 0.040478 0.753871 1 0 1.000000
  0 -62.834000 -9.166779 44.380005 0.000000 -1.000000 0.000000 0.012704 0.753873 1 0 1.000000
Door_01
  0 -55.339813 -9.166779 44.379448 0.000000 -1.000000 0.000000 0.040478 0.753871 1 0 1.000000
  0 -62.060432 -9.166779 54.209335 0.000000 -1.000000 0.000000 0.015571 0.790300 1 0 1.000000
  0 -62.834000 -9.166779 44.380005 0.000000 -1.000000 0.000000 0.012704 0.753873 1 0 1.000000
Door_01
  0 -55.339813 -9.166779 44.379448 0.000000 -1.000000 0.000000 0.040478 0.753871 1 0 1.000000
  0 -54.658539 -9.166779 53.035877 0.000000 -1.000000 0.000000 0.043003 0.785952 1 0 1.000000
  0 -62.060432 -9.166779 54.209335 0.000000 -1.000000 0.000000 0.015571 0.790300 1 0 1.000000
Door_01
  0 -54.658539 -9.166779 53.035877 0.000000 -1.000000 0.000000 0.043003 0.785952 1 0 1.000000
  0 -59.758755 -9.166780 63.796646 0.000000 -1.000000 0.000000 0.024101 0.825832 1 0 1.000000
  0 -62.060432 -9.166779 54.209335 0.000000 -1.000000 0.000000 0.015571 0.790300 1 0 1.000000
Door_01
  0 -54.658539 -9.166779 53.035877 0.000000 -1.000000 0.000000 0.043003 0.785952 1 0 1.000000
  0 -52.631489 -9.166779 61.479153 0.000000 -1.000000 0.000000 0.050515 0.817243 1 0 1.000000
  0 -59.758755 -9.166780 63.796646 0.000000 -1.000000 0.000000 0.024101 0.825832 1 0 1.000000
Door_01
  0 -52.631489 -9.166779 61.479153 0.000000 -1.000000 0.000000 0.050515 0.817243 1 0 1.000000
  0 -55.985634 -9.166780 72.905869 0.000000 -1.000000 0.000000 0.038084 0.859590 1 0 1.000000
  0 -59.758755 -9.166780 63.796646 0.000000 -1.000000 0.000000 0.024101 0.825832 1 0 1.000000
Door_01
  0 -52.631489 -9.166779 61.479153 0.000000 -1.000000 0.000000 0.050515 0.817243 1 0 1.000000
  0 -49.308571 -9.166779 69.501381 0.000000 -1.000000 0.000000 0.062830 0.846973 1 0 1.000000
  0 -55.985634 -9.166780 72.905869 0.000000 -1.000000 0.000000 0.038084 0.859590 1 0 1.000000
Door_01
  0 -49.308571 -9.166779 69.501381 0.000000 -1.000000 0.000000 0.062830 0.846973 1 0 1.000000
  0 -50.833977 -9.166780 81.312698 0.000000 -1.000000 0.000000 0.057176 0.890746 1 0 1.000000
  0 -55.985634 -9.166780 72.905869 0.000000 -1.000000 0.000000 0.038084 0.859590 1 0 1.000000
Door_01
  0 -49.308571 -9.166779 69.501381 0.000000 -1.000000 0.000000 0.062830 0.846973 1 0 1.000000
  0 -44.771614 -9.166780 76.905022 0.000000 -1.000000 0.000000 0.079644 0.874411 1 0 1.000000
  0 -50.833977 -9.166780 81.312698 0.000000 -1.000000 0.000000 0.057176 0.890746 1 0 1.000000
Door_01
  0 -44.771614 -9.166780 76.905022 0.000000 -1.000000 0.000000 0.079644 0.874411 1 0 1.000000
  0 -44.430626 -9.166780 88.810150 0.000000 -1.000000 0.000000 0.080907 0.918532 1 0 1.000000
  0 -50.833977 -9.166780 81.312698 0.000000 -1.000000 0.000000 0.057176 0.890746 1 0 1.000000
Door_01
  0 -44.771614 -9.166780 76.905022 0.000000 -1.000000 0.000000 0.079644 0.874411 1 0 1.000000
  0 -39.132332 -9.166780 83.507774 0.000000 -1.000000 0.000000 0.100543 0.898882 1 0 1.000000
  0 -44.430626 -9.166780 88.810150 0.000000 -1.000000 0.000000 0.080907 0.918532 1 0 1.000000
Door_01
  0 -39.132332 -9.166780 83.507774 0.000000 -1.000000 0.000000 0.100543 0.898882 1 0 1.000000
  0 -36.933250 -9.166780 95.213600 0.000000 -1.000000 0.000000 0.108693 0.942263 1 0 1.000000
  0 -44.430626 -9.166780 88.810150 0.000000 -1.000000 0.000000 0.080907 0.918532 1 0 1.000000
Door_01
  0 -39.132332 -9.166780 83.507774 0.000000 -1.000000 0.000000 0.100543 0.898882 1 0 1.000000
  0 -32.529579 -9.166779 89.147057 0.000000 -1.000000 0.000000 0.125013 0.919781 1 0 1.000000
  0 -36.933250 -9.166780 95.213600 0.000000 -1.000000 0.000000 0.108693 0.942263 1 0 1.000000
Door_01
  0 -32.529579 -9.166779 89.147057 0.000000 -1.000000 0.000000 0.125013 0.919781 1 0 1.000000
  0 -28.526453 -9.166780 100.365372 0.000000 -1.000000 0.000000 0.139849 0.961356 1 0 1.000000
  0 -36.933250 -9.166780 95.213600 0.000000 -1.000000 0.000000 0.108693 0.942263 1 0 1.000000
Door_01
  0 -32.529579 -9.166779 89.147057 0.000000 -1.000000 0.000000 0.125013 0.919781 1 0 1.000000
  0 -25.125937 -9.166779 93.684013 0.000000 -1.000000 0.000000 0.152451 0.936595 1 0 1.000000
  0 -28.526453 -9.166780 100.365372 0.000000 -1.000000 0.000000 0.139849 0.961356 1 0 1.000000
Door_01
  0 -25.125937 -9.166779 93.684013 0.000000 -1.000000 0.000000 0.152451 0.936595 1 0 1.000000
  0 -19.417233 -9.166780 104.138618 0.000000 -1.000000 0.000000 0.173608 0.975340 1 0 1.000000
  0 -28.526453 -9.166780 100.365372 0.000000 -1.000000 0.000000 0.139849 0.961356 1 0 1.000000
Door_01
  0 -25.125937 -9.166779 93.684013 0.000000 -1.000000 0.000000 0.152451 0.936595 1 0 1.000000
  0 -17.103710 -9.166779 97.006935 0.000000 -1.000000 0.000000 0.182182 0.948910 1 0 1.000000
  0 -19.417233 -9.166780 104.138618 0.000000 -1.000000 0.000000 0.173608 0.975340 1 0 1.000000
Door_01
  0 -17.103710 -9.166779 97.006935 0.000000 -1.000000 0.000000 0.182182 0.948910 1 0 1.000000
  0 -9.829885 -9.166779 106.440414 0.000000 -1.000000 0.000000 0.209139 0.983871 1 0 1.000000
  0 -19.417233 -9.166780 104.138618 0.000000 -1.000000 0.000000 0.173608 0.975340 1 0 1.000000
Door_01
  0 -17.103710 -9.166779 97.006935 0.000000 -1.000000 0.000000 0.182182 0.948910 1 0 1.000000
  0 -8.660432 -9.166779 99.033981 0.000000 -1.000000 0.000000 0.213473 0.956422 1 0 1.000000
  0 -9.829885 -9.166779 106.440414 0.000000 -1.000000 0.000000 0.209139 0.983871 1 0 1.000000
Door_01
  0 -8.660432 -9.166779 99.033981 0.000000 -1.000000 0.000000 0.213473 0.956422 1 0 1.000000
  0 -0.000482 -9.166779 107.214081 0.000000 -1.000000 0.000000 0.245567 0.986738 1 0 1.000000
  0 -9.829885 -9.166779 106.440414 0.000000 -1.000000 0.000000 0.209139 0.983871 1 0 1.000000
Door_01
  0 -8.660432 -9.166779 99.033981 0.000000 -1.000000 0.000000 0.213473 0.956422 1 0 1.000000
  0 -0.004003 -9.166779 99.715256 0.000000 -1.000000 0.000000 0.245554 0.958947 1 0 1.000000
  0 -0.000482 -9.166779 107.214081 0.000000 -1.000000 0.000000 0.245567 0.986738 1 0 1.000000
Door_01
  0 -0.004003 -9.166779 99.715256 0.000000 -1.000000 0.000000 0.245554 0.958947 1 0 1.000000
  0 9.828945 -9.166779 106.440567 0.000000 -1.000000 0.000000 0.281995 0.983871 1 0 1.000000
  0 -0.000482 -9.166779 107.214081 0.000000 -1.000000 0.000000 0.245567 0.986738 1 0 1.000000
Door_01
  0 -0.004003 -9.166779 99.715256 0.000000 -1.000000 0.000000 0.245554 0.958947 1 0 1.000000
  0 8.652425 -9.166779 99.033981 0.000000 -1.000000 0.000000 0.277635 0.956422 1 0 1.000000
  0 9.828945 -9.166779 106.440567 0.000000 -1.000000 0.000000 0.281995 0.983871 1 0 1.000000
Door_01
  0 8.652425 -9.166779 99.033981 0.000000 -1.000000 0.000000 0.277635 0.956422 1 0 1.000000
  0 19.416361 -9.166778 104.138901 0.000000 -1.000000 0.000000 0.317526 0.975341 1 0 1.000000
  0 9.828945 -9.166779 106.440567 0.000000 -1.000000 0.000000 0.281995 0.983871 1 0 1.000000
Door_01
  0 8.652425 -9.166779 99.033981 0.000000 -1.000000 0.000000 0.277635 0.956422 1 0 1.000000
  0 17.095703 -9.166777 97.006935 0.000000 -1.000000 0.000000 0.308926 0.948910 1 0 1.000000
  0 19.416361 -9.166778 104.138901 0.000000 -1.000000 0.000000 0.317526 0.975341 1 0 1.000000
Door_01
  0 17.095703 -9.166777 97.006935 0.000000 -1.000000 0.000000 0.308926 0.948910 1 0 1.000000
  0 28.525688 -9.166778 100.365768 0.000000 -1.000000 0.000000 0.351286 0.961358 1 0 1.000000
  0 19.416361 -9.166778 104.138901 0.000000 -1.000000 0.000000 0.317526 0.975341 1 0 1.000000
Door_01
  0 17.095703 -9.166777 97.006935 0.000000 -1.000000 0.000000 0.308926 0.948910 1 0 1.000000
  0 25.117929 -9.166777 93.684013 0.000000 -1.000000 0.000000 0.338656 0.936595 1 0 1.000000
  0 28.525688 -9.166778 100.365768 0.000000 -1.000000 0.000000 0.351286 0.961358 1 0 1.000000
Door_01
  0 25.117929 -9.166777 93.684013 0.000000 -1.000000 0.000000 0.338656 0.936595 1 0 1.000000
  0 36.932621 -9.166776 95.214058 0.000000 -1.000000 0.000000 0.382442 0.942265 1 0 1.000000
  0 28.525688 -9.166778 100.365768 0.000000 -1.000000 0.000000 0.351286 0.961358 1 0 1.000000
Door_01
  0 25.117929 -9.166777 93.684013 0.000000 -1.000000 0.000000 0.338656 0.936595 1 0 1.000000
  0 32.521572 -9.166777 89.147057 0.000000 -1.000000 0.000000 0.366095 0.919781 1 0 1.000000
  0 36.932621 -9.166776 95.214058 0.000000 -1.000000 0.000000 0.382442 0.942265 1 0 1.000000
Door_01
  0 32.521572 -9.166777 89.147057 0.000000 -1.000000 0.000000 0.366095 0.919781 1 0 1.000000
  0 44.430145 -9.166776 88.810631 0.000000 -1.000000 0.000000 0.410228 0.918534 1 0 1.000000
  0 36.932621 -9.166776 95.214058 0.000000 -1.000000 0.000000 0.382442 0.942265 1 0 1.000000
Door_01
  0 32.521572 -9.166777 89.147057 0.000000 -1.000000 0.000000 0.366095 0.919781 1 0 1.000000
  0 39.124325 -9.166776 83.507774 0.000000 -1.000000 0.000000 0.390565 0.898882 1 0 1.000000
  0 44.430145 -9.166776 88.810631 0.000000 -1.000000 0.000000 0.410228 0.918534 1 0 1.000000
Door_01
  0 39.124325 -9.166776 83.507774 0.000000 -1.000000 0.000000 0.390565 0.898882 1 0 1.000000
  0 50.833645 -9.166776 81.313156 0.000000 -1.000000 0.000000 0.433960 0.890748 1 0 1.000000
  0 44.430145 -9.166776 88.810631 0.000000 -1.000000 0.000000 0.410228 0.918534 1 0 1.000000
Door_01
  0 39.124325 -9.166776 83.507774 0.000000 -1.000000 0.000000 0.390565 0.898882 1 0 1.000000
  0 44.763607 -9.166776 76.905022 0.000000 -1.000000 0.000000 0.411464 0.874411 1 0 1.000000
  0 50.833645 -9.166776 81.313156 0.000000 -1.000000 0.000000 0.433960 0.890748 1 0 1.000000
Door_01
  0 44.763607 -9.166776 76.905022 0.000000 -1.000000 0.000000 0.411464 0.874411 1 0 1.000000
  0 55.985435 -9.166774 72.906258 0.000000 -1.000000 0.000000 0.453052 0.859592 1 0 1.000000
  0 50.833645 -9.166776 81.313156 0.000000 -1.000000 0.000000 0.433960 0.890748 1 0 1.000000
Door_01
  0 44.763607 -9.166776 76.905022 0.000000 -1.000000 0.000000 0.411464 0.874411 1 0 1.000000
  0 49.300568 -9.166775 69.501381 0.000000 -1.000000 0.000000 0.428278 0.846973 1 0 1.000000
  0 55.985435 -9.166774 72.906258 0.000000 -1.000000 0.000000 0.453052 0.859592 1 0 1.000000
Door_01
  0 49.300568 -9.166775 69.501381 0.000000 -1.000000 0.000000 0.428278 0.846973 1 0 1.000000
  0 59.758663 -9.166774 63.796928 0.000000 -1.000000 0.000000 0.467036 0.825832 1 0 1.000000
  0 55.985435 -9.166774 72.906258 0.000000 -1.000000 0.000000 0.453052 0.859592 1 0 1.000000
Door_01
  0 49.300568 -9.166775 69.501381 0.000000 -1.000000 0.000000 0.428278 0.846973 1 0 1.000000
  0 52.623482 -9.166775 61.479153 0.000000 -1.000000 0.000000 0.440593 0.817243 1 0 1.000000
  0 59.758663 -9.166774 63.796928 0.000000 -1.000000 0.000000 0.467036 0.825832 1 0 1.000000
Door_01
  0 52.623482 -9.166775 61.479153 0.000000 -1.000000 0.000000 0.440593 0.817243 1 0 1.000000
  0 62.060410 -9.166773 54.209484 0.000000 -1.000000 0.000000 0.475566 0.790301 1 0 1.000000
  0 59.758663 -9.166774 63.796928 0.000000 -1.000000 0.000000 0.467036 0.825832 1 0 1.000000
Door_01
  0 52.623482 -9.166775 61.479153 0.000000 -1.000000 0.000000 0.440593 0.817243 1 0 1.000000
  0 54.650532 -9.166773 53.035877 0.000000 -1.000000 0.000000 0.448105 0.785952 1 0 1.000000
  0 62.060410 -9.166773 54.209484 0.000000 -1.000000 0.000000 0.475566 0.790301 1 0 1.000000
Door_01
  0 54.650532 -9.166773 53.035877 0.000000 -1.000000 0.000000 0.448105 0.785952 1 0 1.000000
  0 62.834000 -9.166773 44.380005 0.000000 -1.000000 0.000000 0.478433 0.753873 1 0 1.000000
  0 62.060410 -9.166773 54.209484 0.000000 -1.000000 0.000000 0.475566 0.790301 1 0 1.000000
Door_01
  0 54.650532 -9.166773 53.035877 0.000000 -1.000000 0.000000 0.448105 0.785952 1 0 1.000000
  0 55.331810 -9.166773 44.379448 0.000000 -1.000000 0.000000 0.450630 0.753871 1 0 1.000000
  0 62.834000 -9.166773 44.380005 0.000000 -1.000000 0.000000 0.478433 0.753873 1 0 1.000000
Door_01
  0 55.331810 -9.166773 44.379448 0.000000 -1.000000 0.000000 0.450630 0.753871 1 0 1.000000
  0 62.060387 -9.166773 34.550529 0.000000 -1.000000 0.000000 0.475566 0.717444 1 0 1.000000
  0 62.834000 -9.166773 44.380005 0.000000 -1.000000 0.000000 0.478433 0.753873 1 0 1.000000
Door_01
  0 55.331810 -9.166773 44.379448 0.000000 -1.000000 0.000000 0.450630 0.753871 1 0 1.000000
  0 54.650532 -9.166773 35.723019 0.000000 -1.000000 0.000000 0.448105 0.721790 1 0 1.000000
  0 62.060387 -9.166773 34.550529 0.000000 -1.000000 0.000000 0.475566 0.717444 1 0 1.000000
Door_01
  0 54.650532 -9.166773 35.723019 0.000000 -1.000000 0.000000 0.448105 0.721790 1 0 1.000000
  0 59.758617 -9.166772 24.963097 0.000000 -1.000000 0.000000 0.467036 0.681913 1 0 1.000000
  0 62.060387 -9.166773 34.550529 0.000000 -1.000000 0.000000 0.475566 0.717444 1 0 1.000000
Door_01
  0 54.650532 -9.166773 35.723019 0.000000 -1.000000 0.000000 0.448105 0.721790 1 0 1.000000
  0 52.623482 -9.166773 27.279741 0.000000 -1.000000 0.000000 0.440593 0.690498 1 0 1.000000
  0 59.758617 -9.166772 24.963097 0.000000 -1.000000 0.000000 0.467036 0.681913 1 0 1.000000
Door_01
  0 52.623482 -9.166773 27.279741 0.000000 -1.000000 0.000000 0.440593 0.690498 1 0 1.000000
  0 55.985374 -9.166772 15.853787 0.000000 -1.000000 0.000000 0.453052 0.648154 1 0 1.000000
  0 59.758617 -9.166772 24.963097 0.000000 -1.000000 0.000000 0.467036 0.681913 1 0 1.000000
Door_01
  0 52.623482 -9.166773 27.279741 0.000000 -1.000000 0.000000 0.440593 0.690498 1 0 1.000000
  0 49.300568 -9.166773 19.257515 0.000000 -1.000000 0.000000 0.428278 0.660768 1 0 1.000000
  0 55.985374 -9.166772 15.853787 0.000000 -1.000000 0.000000 0.453052 0.648154 1 0 1.000000
Door_01
  0 49.300568 -9.166773 19.257515 0.000000 -1.000000 0.000000 0.428278 0.660768 1 0 1.000000
  0 50.833569 -9.166772 7.446907 0.000000 -1.000000 0.000000 0.433959 0.616998 1 0 1.000000
  0 55.985374 -9.166772 15.853787 0.000000 -1.000000 0.000000 0.453052 0.648154 1 0 1.000000
Door_01
  0 49.300568 -9.166773 19.257515 0.000000 -1.000000 0.000000 0.428278 0.660768 1 0 1.000000
  0 44.763607 -9.166773 11.853873 0.000000 -1.000000 0.000000 0.411464 0.633330 1 0 1.000000
  0 50.833569 -9.166772 7.446907 0.000000 -1.000000 0.000000 0.433959 0.616998 1 0 1.000000
Door_01
  0 50.833569 -9.166772 7.446907 0.000000 -1.000000 0.000000 0.433959 0.616998 1 0 1.000000
  0 44.763607 -9.166773 11.853873 0.000000 -1.000000 0.000000 0.411464 0.633330 1 0 1.000000
  0 39.124325 -9.166772 5.251119 0.000000 -1.000000 0.000000 0.390565 0.608860 1 0 1.000000
Door_01
  0 50.833569 -9.166772 7.446907 0.000000 -1.000000 0.000000 0.433959 0.616998 1 0 1.000000
  0 39.124325 -9.166772 5.251119 0.000000 -1.000000 0.000000 0.390565 0.608860 1 0 1.000000
  0 44.470150 -9.166772 -0.001632 0.000000 -1.000000 0.000000 0.410376 0.589393 1 0 1.000000
Door_01
  0 44.470150 -9.166772 -0.001632 0.000000 -1.000000 0.000000 0.410376 0.589393 1 0 1.000000
  0 39.124325 -9.166772 5.251119 0.000000 -1.000000 0.000000 0.390565 0.608860 1 0 1.000000
  0 32.582535 -9.166773 -0.001631 0.000000 -1.000000 0.000000 0.366320 0.589393 1 0 1.000000
Door_01
  0 -44.417221 9.168947 0.000107 0.000000 1.000000 0.000000 0.080957 0.589399 1 0 1.000000
  0 -39.132332 9.168947 5.251120 0.000000 1.000000 0.000000 0.100543 0.608860 1 0 1.000000
  0 -32.584080 9.168948 0.000107 0.000000 1.000000 0.000000 0.124811 0.589399 1 0 1.000000
Door_01
  0 -50.833763 9.168947 7.447467 0.000000 1.000000 0.000000 0.057177 0.617000 1 0 1.000000
  0 -39.132332 9.168947 5.251120 0.000000 1.000000 0.000000 0.100543 0.608860 1 0 1.000000
  0 -44.417221 9.168947 0.000107 0.000000 1.000000 0.000000 0.080957 0.589399 1 0 1.000000
Door_01
  0 -50.833763 9.168947 7.447467 0.000000 1.000000 0.000000 0.057177 0.617000 1 0 1.000000
  0 -44.771614 9.168946 11.853873 0.000000 1.000000 0.000000 0.079644 0.633330 1 0 1.000000
  0 -39.132332 9.168947 5.251120 0.000000 1.000000 0.000000 0.100543 0.608860 1 0 1.000000
Door_01
  0 -50.833763 9.168947 7.447467 0.000000 1.000000 0.000000 0.057177 0.617000 1 0 1.000000
  0 -49.308571 9.168946 19.257515 0.000000 1.000000 0.000000 0.062830 0.660768 1 0 1.000000
  0 -44.771614 9.168946 11.853873 0.000000 1.000000 0.000000 0.079644 0.633330 1 0 1.000000
Door_01
  0 -50.833763 9.168947 7.447467 0.000000 1.000000 0.000000 0.057177 0.617000 1 0 1.000000
  0 -55.985573 9.168945 15.854177 0.000000 1.000000 0.000000 0.038084 0.648155 1 0 1.000000
  0 -49.308571 9.168946 19.257515 0.000000 1.000000 0.000000 0.062830 0.660768 1 0 1.000000
Door_01
  0 -55.985573 9.168945 15.854177 0.000000 1.000000 0.000000 0.038084 0.648155 1 0 1.000000
  0 -52.631489 9.168946 27.279741 0.000000 1.000000 0.000000 0.050515 0.690498 1 0 1.000000
  0 -49.308571 9.168946 19.257515 0.000000 1.000000 0.000000 0.062830 0.660768 1 0 1.000000
Door_01
  0 -55.985573 9.168945 15.854177 0.000000 1.000000 0.000000 0.038084 0.648155 1 0 1.000000
  0 -59.758709 9.168945 24.963381 0.000000 1.000000 0.000000 0.024101 0.681914 1 0 1.000000
  0 -52.631489 9.168946 27.279741 0.000000 1.000000 0.000000 0.050515 0.690498 1 0 1.000000
Door_01
  0 -59.758709 9.168945 24.963381 0.000000 1.000000 0.000000 0.024101 0.681914 1 0 1.000000
  0 -54.658539 9.168944 35.723019 0.000000 1.000000 0.000000 0.043003 0.721790 1 0 1.000000
  0 -52.631489 9.168946 27.279741 0.000000 1.000000 0.000000 0.050515 0.690498 1 0 1.000000
Door_01
  0 -59.758709 9.168945 24.963381 0.000000 1.000000 0.000000 0.024101 0.681914 1 0 1.000000
  0 -62.060410 9.168944 34.550678 0.000000 1.000000 0.000000 0.015571 0.717445 1 0 1.000000
  0 -54.658539 9.168944 35.723019 0.000000 1.000000 0.000000 0.043003 0.721790 1 0 1.000000
Door_01
  0 -62.060410 9.168944 34.550678 0.000000 1.000000 0.000000 0.015571 0.717445 1 0 1.000000
  0 -55.339813 9.168944 44.379448 0.000000 1.000000 0.000000 0.040478 0.753871 1 0 1.000000
  0 -54.658539 9.168944 35.723019 0.000000 1.000000 0.000000 0.043003 0.721790 1 0 1.000000
Door_01
  0 -62.060410 9.168944 34.550678 0.000000 1.000000 0.000000 0.015571 0.717445 1 0 1.000000
  0 -62.834000 9.168944 44.380005 0.000000 1.000000 0.000000 0.012704 0.753873 1 0 1.000000
  0 -55.339813 9.168944 44.379448 0.000000 1.000000 0.000000 0.040478 0.753871 1 0 1.000000
Door_01
  0 -62.834000 9.168944 44.380005 0.000000 1.000000 0.000000 0.012704 0.753873 1 0 1.000000
  0 -54.658539 9.168944 53.035877 0.000000 1.000000 0.000000 0.043003 0.785952 1 0 1.000000
  0 -55.339813 9.168944 44.379448 0.000000 1.000000 0.000000 0.040478 0.753871 1 0 1.000000
Door_01
  0 -62.834000 9.168944 44.380005 0.000000 1.000000 0.000000 0.012704 0.753873 1 0 1.000000
  0 -62.060432 9.168944 54.209335 0.000000 1.000000 0.000000 0.015571 0.790300 1 0 1.000000
  0 -54.658539 9.168944 53.035877 0.000000 1.000000 0.000000 0.043003 0.785952 1 0 1.000000
Door_01
  0 -62.060432 9.168944 54.209335 0.000000 1.000000 0.000000 0.015571 0.790300 1 0 1.000000
  0 -52.631489 9.168944 61.479153 0.000000 1.000000 0.000000 0.050515 0.817243 1 0 1.000000
  0 -54.658539 9.168944 53.035877 0.000000 1.000000 0.000000 0.043003 0.785952 1 0 1.000000
Door_01
  0 -62.060432 9.168944 54.209335 0.000000 1.000000 0.000000 0.015571 0.790300 1 0 1.000000
  0 -59.758755 9.168943 63.796646 0.000000 1.000000 0.000000 0.024101 0.825832 1 0 1.000000
  0 -52.631489 9.168944 61.479153 0.000000 1.000000 0.000000 0.050515 0.817243 1 0 1.000000
Door_01
  0 -59.758755 9.168943 63.796646 0.000000 1.000000 0.000000 0.024101 0.825832 1 0 1.000000
  0 -49.308571 9.168944 69.501381 0.000000 1.000000 0.000000 0.062830 0.846973 1 0 1.000000
  0 -52.631489 9.168944 61.479153 0.000000 1.000000 0.000000 0.050515 0.817243 1 0 1.000000
Door_01
  0 -59.758755 9.168943 63.796646 0.000000 1.000000 0.000000 0.024101 0.825832 1 0 1.000000
  0 -55.985634 9.168943 72.905869 0.000000 1.000000 0.000000 0.038084 0.859590 1 0 1.000000
  0 -49.308571 9.168944 69.501381 0.000000 1.000000 0.000000 0.062830 0.846973 1 0 1.000000
Door_01
  0 -55.985634 9.168943 72.905869 0.000000 1.000000 0.000000 0.038084 0.859590 1 0 1.000000
  0 -44.771614 9.168943 76.905022 0.000000 1.000000 0.000000 0.079644 0.874411 1 0 1.000000
  0 -49.308571 9.168944 69.501381 0.000000 1.000000 0.000000 0.062830 0.846973 1 0 1.000000
Door_01
  0 -55.985634 9.168943 72.905869 0.000000 1.000000 0.000000 0.038084 0.859590 1 0 1.000000
  0 -50.833977 9.168943 81.312698 0.000000 1.000000 0.000000 0.057176 0.890746 1 0 1.000000
  0 -44.771614 9.168943 76.905022 0.000000 1.000000 0.000000 0.079644 0.874411 1 0 1.000000
Door_01
  0 -50.833977 9.168943 81.312698 0.000000 1.000000 0.000000 0.057176 0.890746 1 0 1.000000
  0 -39.132332 9.168943 83.507774 0.000000 1.000000 0.000000 0.100543 0.898882 1 0 1.000000
  0 -44.771614 9.168943 76.905022 0.000000 1.000000 0.000000 0.079644 0.874411 1 0 1.000000
Door_01
  0 -50.833977 9.168943 81.312698 0.000000 1.000000 0.000000 0.057176 0.890746 1 0 1.000000
  0 -44.430626 9.168943 88.810150 0.000000 1.000000 0.000000 0.080907 0.918532 1 0 1.000000
  0 -39.132332 9.168943 83.507774 0.000000 1.000000 0.000000 0.100543 0.898882 1 0 1.000000
Door_01
  0 -44.430626 9.168943 88.810150 0.000000 1.000000 0.000000 0.080907 0.918532 1 0 1.000000
  0 -32.529579 9.168944 89.147057 0.000000 1.000000 0.000000 0.125013 0.919781 1 0 1.000000
  0 -39.132332 9.168943 83.507774 0.000000 1.000000 0.000000 0.100543 0.898882 1 0 1.000000
Door_01
  0 -44.430626 9.168943 88.810150 0.000000 1.000000 0.000000 0.080907 0.918532 1 0 1.000000
  0 -36.933250 9.168943 95.213600 0.000000 1.000000 0.000000 0.108693 0.942263 1 0 1.000000
  0 -32.529579 9.168944 89.147057 0.000000 1.000000 0.000000 0.125013 0.919781 1 0 1.000000
Door_01
  0 -36.933250 9.168943 95.213600 0.000000 1.000000 0.000000 0.108693 0.942263 1 0 1.000000
  0 -25.125937 9.168944 93.684013 0.000000 1.000000 0.000000 0.152451 0.936595 1 0 1.000000
  0 -32.529579 9.168944 89.147057 0.000000 1.000000 0.000000 0.125013 0.919781 1 0 1.000000
Door_01
  0 -36.933250 9.168943 95.213600 0.000000 1.000000 0.000000 0.108693 0.942263 1 0 1.000000
  0 -28.526453 9.168943 100.365372 0.000000 1.000000 0.000000 0.139849 0.961356 1 0 1.000000
  0 -25.125937 9.168944 93.684013 0.000000 1.000000 0.000000 0.152451 0.936595 1 0 1.000000
Door_01
  0 -28.526453 9.168943 100.365372 0.000000 1.000000 0.000000 0.139849 0.961356 1 0 1.000000
  0 -17.103710 9.168944 97.006935 0.000000 1.000000 0.000000 0.182182 0.948910 1 0 1.000000
  0 -25.125937 9.168944 93.684013 0.000000 1.000000 0.000000 0.152451 0.936595 1 0 1.000000
Door_01
  0 -28.526453 9.168943 100.365372 0.000000 1.000000 0.000000 0.139849 0.961356 1 0 1.000000
  0 -19.417233 9.168943 104.138618 0.000000 1.000000 0.000000 0.173608 0.975340 1 0 1.000000
  0 -17.103710 9.168944 97.006935 0.000000 1.000000 0.000000 0.182182 0.948910 1 0 1.000000
Door_01
  0 -19.417233 9.168943 104.138618 0.000000 1.000000 0.000000 0.173608 0.975340 1 0 1.000000
  0 -8.660432 9.168944 99.033981 0.000000 1.000000 0.000000 0.213473 0.956422 1 0 1.000000
  0 -17.103710 9.168944 97.006935 0.000000 1.000000 0.000000 0.182182 0.948910 1 0 1.000000
Door_01
  0 -19.417233 9.168943 104.138618 0.000000 1.000000 0.000000 0.173608 0.975340 1 0 1.000000
  0 -9.829885 9.168944 106.440414 0.000000 1.000000 0.000000 0.209139 0.983871 1 0 1.000000
  0 -8.660432 9.168944 99.033981 0.000000 1.000000 0.000000 0.213473 0.956422 1 0 1.000000
Door_01
  0 -9.829885 9.168944 106.440414 0.000000 1.000000 0.000000 0.209139 0.983871 1 0 1.000000
  0 -0.004003 9.168944 99.715256 0.000000 1.000000 0.000000 0.245554 0.958947 1 0 1.000000
  0 -8.660432 9.168944 99.033981 0.000000 1.000000 0.000000 0.213473 0.956422 1 0 1.000000
Door_01
  0 -9.829885 9.168944 106.440414 0.000000 1.000000 0.000000 0.209139 0.983871 1 0 1.000000
  0 -0.000482 9.168944 107.214081 0.000000 1.000000 0.000000 0.245567 0.986738 1 0 1.000000
  0 -0.004003 9.168944 99.715256 0.000000 1.000000 0.000000 0.245554 0.958947 1 0 1.000000
Door_01
  0 -0.000482 9.168944 107.214081 0.000000 1.000000 0.000000 0.245567 0.986738 1 0 1.000000
  0 8.652425 9.168944 99.033981 0.000000 1.000000 0.000000 0.277635 0.956422 1 0 1.000000
  0 -0.004003 9.168944 99.715256 0.000000 1.000000 0.000000 0.245554 0.958947 1 0 1.000000
Door_01
  0 -0.000482 9.168944 107.214081 0.000000 1.000000 0.000000 0.245567 0.986738 1 0 1.000000
  0 9.828945 9.168944 106.440567 0.000000 1.000000 0.000000 0.281995 0.983871 1 0 1.000000
  0 8.652425 9.168944 99.033981 0.000000 1.000000 0.000000 0.277635 0.956422 1 0 1.000000
Door_01
  0 9.828945 9.168944 106.440567 0.000000 1.000000 0.000000 0.281995 0.983871 1 0 1.000000
  0 17.095703 9.168946 97.006935 0.000000 1.000000 0.000000 0.308926 0.948910 1 0 1.000000
  0 8.652425 9.168944 99.033981 0.000000 1.000000 0.000000 0.277635 0.956422 1 0 1.000000
Door_01
  0 9.828945 9.168944 106.440567 0.000000 1.000000 0.000000 0.281995 0.983871 1 0 1.000000
  0 19.416361 9.168945 104.138901 0.000000 1.000000 0.000000 0.317526 0.975341 1 0 1.000000
  0 17.095703 9.168946 97.006935 0.000000 1.000000 0.000000 0.308926 0.948910 1 0 1.000000
Door_01
  0 19.416361 9.168945 104.138901 0.000000 1.000000 0.000000 0.317526 0.975341 1 0 1.000000
  0 25.117929 9.168946 93.684013 0.000000 1.000000 0.000000 0.338656 0.936595 1 0 1.000000
  0 17.095703 9.168946 97.006935 0.000000 1.000000 0.000000 0.308926 0.948910 1 0 1.000000
Door_01
  0 19.416361 9.168945 104.138901 0.000000 1.000000 0.000000 0.317526 0.975341 1 0 1.000000
  0 28.525688 9.168945 100.365768 0.000000 1.000000 0.000000 0.351286 0.961358 1 0 1.000000
  0 25.117929 9.168946 93.684013 0.000000 1.000000 0.000000 0.338656 0.936595 1 0 1.000000
Door_01
  0 28.525688 9.168945 100.365768 0.000000 1.000000 0.000000 0.351286 0.961358 1 0 1.000000
  0 32.521572 9.168946 89.147057 0.000000 1.000000 0.000000 0.366095 0.919781 1 0 1.000000
  0 25.117929 9.168946 93.684013 0.000000 1.000000 0.000000 0.338656 0.936595 1 0 1.000000
Door_01
  0 28.525688 9.168945 100.365768 0.000000 1.000000 0.000000 0.351286 0.961358 1 0 1.000000
  0 36.932621 9.168947 95.214058 0.000000 1.000000 0.000000 0.382442 0.942265 1 0 1.000000
  0 32.521572 9.168946 89.147057 0.000000 1.000000 0.000000 0.366095 0.919781 1 0 1.000000
Door_01
  0 36.932621 9.168947 95.214058 0.000000 1.000000 0.000000 0.382442 0.942265 1 0 1.000000
  0 39.124325 9.168947 83.507774 0.000000 1.000000 0.000000 0.390565 0.898882 1 0 1.000000
  0 32.521572 9.168946 89.147057 0.000000 1.000000 0.000000 0.366095 0.919781 1 0 1.000000
Door_01
  0 36.932621 9.168947 95.214058 0.000000 1.000000 0.000000 0.382442 0.942265 1 0 1.000000
  0 44.430145 9.168947 88.810631 0.000000 1.000000 0.000000 0.410228 0.918534 1 0 1.000000
  0 39.124325 9.168947 83.507774 0.000000 1.000000 0.000000 0.390565 0.898882 1 0 1.000000
Door_01
  0 44.430145 9.168947 88.810631 0.000000 1.000000 0.000000 0.410228 0.918534 1 0 1.000000
  0 44.763607 9.168947 76.905022 0.000000 1.000000 0.000000 0.411464 0.874411 1 0 1.000000
  0 39.124325 9.168947 83.507774 0.000000 1.000000 0.000000 0.390565 0.898882 1 0 1.000000
Door_01
  0 44.430145 9.168947 88.810631 0.000000 1.000000 0.000000 0.410228 0.918534 1 0 1.000000
  0 50.833645 9.168947 81.313156 0.000000 1.000000 0.000000 0.433960 0.890748 1 0 1.000000
  0 44.763607 9.168947 76.905022 0.000000 1.000000 0.000000 0.411464 0.874411 1 0 1.000000
Door_01
  0 50.833645 9.168947 81.313156 0.000000 1.000000 0.000000 0.433960 0.890748 1 0 1.000000
  0 49.300568 9.168948 69.501381 0.000000 1.000000 0.000000 0.428278 0.846973 1 0 1.000000
  0 44.763607 9.168947 76.905022 0.000000 1.000000 0.000000 0.411464 0.874411 1 0 1.000000
Door_01
  0 50.833645 9.168947 81.313156 0.000000 1.000000 0.000000 0.433960 0.890748 1 0 1.000000
  0 55.985435 9.168949 72.906258 0.000000 1.000000 0.000000 0.453052 0.859592 1 0 1.000000
  0 49.300568 9.168948 69.501381 0.000000 1.000000 0.000000 0.428278 0.846973 1 0 1.000000
Door_01
  0 55.985435 9.168949 72.906258 0.000000 1.000000 0.000000 0.453052 0.859592 1 0 1.000000
  0 52.623482 9.168948 61.479153 0.000000 1.000000 0.000000 0.440593 0.817243 1 0 1.000000
  0 49.300568 9.168948 69.501381 0.000000 1.000000 0.000000 0.428278 0.846973 1 0 1.000000
Door_01
  0 55.985435 9.168949 72.906258 0.000000 1.000000 0.000000 0.453052 0.859592 1 0 1.000000
  0 59.758663 9.168949 63.796928 0.000000 1.000000 0.000000 0.467036 0.825832 1 0 1.000000
  0 52.623482 9.168948 61.479153 0.000000 1.000000 0.000000 0.440593 0.817243 1 0 1.000000
Door_01
  0 59.758663 9.168949 63.796928 0.000000 1.000000 0.000000 0.467036 0.825832 1 0 1.000000
  0 54.650532 9.168950 53.035877 0.000000 1.000000 0.000000 0.448105 0.785952 1 0 1.000000
  0 52.623482 9.168948 61.479153 0.000000 1.000000 0.000000 0.440593 0.817243 1 0 1.000000
Door_01
  0 59.758663 9.168949 63.796928 0.000000 1.000000 0.000000 0.467036 0.825832 1 0 1.000000
  0 62.060410 9.168950 54.209484 0.000000 1.000000 0.000000 0.475566 0.790301 1 0 1.000000
  0 54.650532 9.168950 53.035877 0.000000 1.000000 0.000000 0.448105 0.785952 1 0 1.000000
Door_01
  0 62.060410 9.168950 54.209484 0.000000 1.000000 0.000000 0.475566 0.790301 1 0 1.000000
  0 55.331810 9.168950 44.379448 0.000000 1.000000 0.000000 0.450630 0.753871 1 0 1.000000
  0 54.650532 9.168950 53.035877 0.000000 1.000000 0.000000 0.448105 0.785952 1 0 1.000000
Door_01
  0 62.060410 9.168950 54.209484 0.000000 1.000000 0.000000 0.475566 0.790301 1 0 1.000000
  0 62.834000 9.168950 44.380005 0.000000 1.000000 0.000000 0.478433 0.753873 1 0 1.000000
  0 55.331810 9.168950 44.379448 0.000000 1.000000 0.000000 0.450630 0.753871 1 0 1.000000
Door_01
  0 62.834000 9.168950 44.380005 0.000000 1.000000 0.000000 0.478433 0.753873 1 0 1.000000
  0 54.650532 9.168950 35.723019 0.000000 1.000000 0.000000 0.448105 0.721790 1 0 1.000000
  0 55.331810 9.168950 44.379448 0.000000 1.000000 0.000000 0.450630 0.753871 1 0 1.000000
Door_01
  0 62.834000 9.168950 44.380005 0.000000 1.000000 0.000000 0.478433 0.753873 1 0 1.000000
  0 62.060387 9.168950 34.550529 0.000000 1.000000 0.000000 0.475566 0.717444 1 0 1.000000
  0 54.650532 9.168950 35.723019 0.000000 1.000000 0.000000 0.448105 0.721790 1 0 1.000000
Door_01
  0 62.060387 9.168950 34.550529 0.000000 1.000000 0.000000 0.475566 0.717444 1 0 1.000000
  0 52.623482 9.168950 27.279741 0.000000 1.000000 0.000000 0.440593 0.690498 1 0 1.000000
  0 54.650532 9.168950 35.723019 0.000000 1.000000 0.000000 0.448105 0.721790 1 0 1.000000
Door_01
  0 62.060387 9.168950 34.550529 0.000000 1.000000 0.000000 0.475566 0.717444 1 0 1.000000
  0 59.758617 9.168951 24.963097 0.000000 1.000000 0.000000 0.467036 0.681913 1 0 1.000000
  0 52.623482 9.168950 27.279741 0.000000 1.000000 0.000000 0.440593 0.690498 1 0 1.000000
Door_01
  0 59.758617 9.168951 24.963097 0.000000 1.000000 0.000000 0.467036 0.681913 1 0 1.000000
  0 49.300568 9.168950 19.257515 0.000000 1.000000 0.000000 0.428278 0.660768 1 0 1.000000
  0 52.623482 9.168950 27.279741 0.000000 1.000000 0.000000 0.440593 0.690498 1 0 1.000000
Door_01
  0 59.758617 9.168951 24.963097 0.000000 1.000000 0.000000 0.467036 0.681913 1 0 1.000000
  0 55.985374 9.168951 15.853787 0.000000 1.000000 0.000000 0.453052 0.648154 1 0 1.000000
  0 49.300568 9.168950 19.257515 0.000000 1.000000 0.000000 0.428278 0.660768 1 0 1.000000
Door_01
  0 55.985374 9.168951 15.853787 0.000000 1.000000 0.000000 0.453052 0.648154 1 0 1.000000
  0 44.763607 9.168950 11.853873 0.000000 1.000000 0.000000 0.411464 0.633330 1 0 1.000000
  0 49.300568 9.168950 19.257515 0.000000 1.000000 0.000000 0.428278 0.660768 1 0 1.000000
Door_01
  0 55.985374 9.168951 15.853787 0.000000 1.000000 0.000000 0.453052 0.648154 1 0 1.000000
  0 50.833569 9.168951 7.446908 0.000000 1.000000 0.000000 0.433959 0.616998 1 0 1.000000
  0 44.763607 9.168950 11.853873 0.000000 1.000000 0.000000 0.411464 0.633330 1 0 1.000000
Door_01
  0 44.470150 9.168951 -0.001631 0.000000 1.000000 0.000000 0.410376 0.589393 1 0 1.000000
  0 44.763607 9.168950 11.853873 0.000000 1.000000 0.000000 0.411464 0.633330 1 0 1.000000
  0 50.833569 9.168951 7.446908 0.000000 1.000000 0.000000 0.433959 0.616998 1 0 1.000000
Door_01
  0 44.470150 9.168951 -0.001631 0.000000 1.000000 0.000000 0.410376 0.589393 1 0 1.000000
  0 39.124325 9.168951 5.251120 0.000000 1.000000 0.000000 0.390565 0.608860 1 0 1.000000
  0 44.763607 9.168950 11.853873 0.000000 1.000000 0.000000 0.411464 0.633330 1 0 1.000000
Door_01
  0 32.582535 9.168950 -0.001630 0.000000 1.000000 0.000000 0.366320 0.589393 1 0 1.000000
  0 39.124325 9.168951 5.251120 0.000000 1.000000 0.000000 0.390565 0.608860 1 0 1.000000
  0 44.470150 9.168951 -0.001631 0.000000 1.000000 0.000000 0.410376 0.589393 1 0 1.000000
Door_01
  0 54.276344 -8.820991 35.782284 -0.665838 -0.738606 0.105458 0.446718 0.722009 1 0 1.000000
  0 52.623482 -9.166773 27.279741 -0.641143 -0.738606 0.208320 0.440593 0.690498 1 0 1.000000
  0 54.650532 -9.166773 35.723019 -0.665838 -0.738606 0.105458 0.448105 0.721790 1 0 1.000000
Door_01
  0 54.276344 -8.820991 35.782284 -0.665838 -0.738606 0.105458 0.446718 0.722009 1 0 1.000000
  0 52.263172 -8.820989 27.396812 -0.641143 -0.738606 0.208320 0.439257 0.690932 1 0 1.000000
  0 52.623482 -9.166773 27.279741 -0.641143 -0.738606 0.208320 0.440593 0.690498 1 0 1.000000
Door_01
  0 52.263172 -8.820989 27.396812 -0.641143 -0.738606 0.208320 0.439257 0.690932 1 0 1.000000
  0 49.300568 -9.166773 19.257515 -0.600661 -0.738606 0.306052 0.428278 0.660768 1 0 1.000000
  0 52.623482 -9.166773 27.279741 -0.641143 -0.738606 0.208320 0.440593 0.690498 1 0 1.000000
Door_01
  0 52.263172 -8.820989 27.396812 -0.641143 -0.738606 0.208320 0.439257 0.690932 1 0 1.000000
  0 48.963005 -8.820989 19.429510 -0.600661 -0.738606 0.306052 0.427027 0.661405 1 0 1.000000
  0 49.300568 -9.166773 19.257515 -0.600661 -0.738606 0.306052 0.428278 0.660768 1 0 1.000000
Door_01
  0 48.963005 -8.820989 19.429510 -0.600661 -0.738606 0.306052 0.427027 0.661405 1 0 1.000000
  0 44.763607 -9.166773 11.853873 -0.545389 -0.738606 0.396248 0.411464 0.633330 1 0 1.000000
  0 49.300568 -9.166773 19.257515 -0.600661 -0.738606 0.306052 0.428278 0.660768 1 0 1.000000
Door_01
  0 48.963005 -8.820989 19.429510 -0.600661 -0.738606 0.306052 0.427027 0.661405 1 0 1.000000
  0 44.457111 -8.820989 12.076557 -0.545389 -0.738606 0.396248 0.410328 0.634155 1 0 1.000000
  0 44.763607 -9.166773 11.853873 -0.545389 -0.738606 0.396248 0.411464 0.633330 1 0 1.000000
Door_01
  0 44.457111 -8.820989 12.076557 -0.545389 -0.738606 0.396248 0.410328 0.634155 1 0 1.000000
  0 39.124325 -9.166772 5.251119 -0.471466 -0.735819 0.486097 0.390565 0.608860 1 0 1.000000
  0 44.763607 -9.166773 11.853873 -0.545389 -0.738606 0.396248 0.411464 0.633330 1 0 1.000000
Door_01
  0 44.457111 -8.820989 12.076557 -0.545389 -0.738606 0.396248 0.410328 0.634155 1 0 1.000000
  0 38.856434 -8.820988 5.519008 -0.471466 -0.735819 0.486097 0.389572 0.609853 1 0 1.000000
  0 39.124325 -9.166772 5.251119 -0.471466 -0.735819 0.486097 0.390565 0.608860 1 0 1.000000
Door_01
  0 32.582535 -9.166773 -0.001631 -0.427552 -0.731105 0.531682 0.366320 0.589393 1 0 1.000000
  0 39.124325 -9.166772 5.251119 -0.471466 -0.735819 0.486097 0.390565 0.608860 1 0 1.000000
  0 38.856434 -8.820988 5.519008 -0.471466 -0.735819 0.486097 0.389572 0.609853 1 0 1.000000
Door_01
  0 32.582535 -9.166773 -0.001631 -0.427552 -0.731105 0.531682 0.366320 0.589393 1 0 1.000000
  0 38.856434 -8.820988 5.519008 -0.471466 -0.735819 0.486097 0.389572 0.609853 1 0 1.000000
  0 32.000988 -8.820989 -0.001631 -0.427552 -0.731105 0.531682 0.364165 0.589393 1 0 1.000000
Door_01
  0 16.978632 -8.820992 96.646622 -0.208320 -0.738606 -0.641143 0.308492 0.947574 1 0 1.000000
  0 25.117929 -9.166777 93.684013 -0.306052 -0.738606 -0.600661 0.338656 0.936595 1 0 1.000000
  0 17.095703 -9.166777 97.006935 -0.208320 -0.738606 -0.641143 0.308926 0.948910 1 0 1.000000
Door_01
  0 16.978632 -8.820992 96.646622 -0.208320 -0.738606 -0.641143 0.308492 0.947574 1 0 1.000000
  0 24.945934 -8.820992 93.346458 -0.306052 -0.738606 -0.600661 0.338019 0.935344 1 0 1.000000
  0 25.117929 -9.166777 93.684013 -0.306052 -0.738606 -0.600661 0.338656 0.936595 1 0 1.000000
Door_01
  0 24.945934 -8.820992 93.346458 -0.306052 -0.738606 -0.600661 0.338019 0.935344 1 0 1.000000
  0 32.521572 -9.166777 89.147057 -0.396248 -0.738606 -0.545389 0.366095 0.919781 1 0 1.000000
  0 25.117929 -9.166777 93.684013 -0.306052 -0.738606 -0.600661 0.338656 0.936595 1 0 1.000000
Door_01
  0 24.945934 -8.820992 93.346458 -0.306052 -0.738606 -0.600661 0.338019 0.935344 1 0 1.000000
  0 32.298885 -8.820992 88.840561 -0.396248 -0.738606 -0.545389 0.365269 0.918645 1 0 1.000000
  0 32.521572 -9.166777 89.147057 -0.396248 -0.738606 -0.545389 0.366095 0.919781 1 0 1.000000
Door_01
  0 32.298885 -8.820992 88.840561 -0.396248 -0.738606 -0.545389 0.365269 0.918645 1 0 1.000000
  0 39.124325 -9.166776 83.507774 -0.476687 -0.738606 -0.476687 0.390565 0.898882 1 0 1.000000
  0 32.521572 -9.166777 89.147057 -0.396248 -0.738606 -0.545389 0.366095 0.919781 1 0 1.000000
Door_01
  0 32.298885 -8.820992 88.840561 -0.396248 -0.738606 -0.545389 0.365269 0.918645 1 0 1.000000
  0 38.856434 -8.820992 83.239883 -0.476687 -0.738606 -0.476687 0.389572 0.897889 1 0 1.000000
  0 39.124325 -9.166776 83.507774 -0.476687 -0.738606 -0.476687 0.390565 0.898882 1 0 1.000000
Door_01
  0 38.856434 -8.820992 83.239883 -0.476687 -0.738606 -0.476687 0.389572 0.897889 1 0 1.000000
  0 44.763607 -9.166776 76.905022 -0.545389 -0.738606 -0.396248 0.411464 0.874411 1 0 1.000000
  0 39.124325 -9.166776 83.507774 -0.476687 -0.738606 -0.476687 0.390565 0.898882 1 0 1.000000
Door_01
  0 38.856434 -8.820992 83.239883 -0.476687 -0.738606 -0.476687 0.389572 0.897889 1 0 1.000000
  0 44.457111 -8.820992 76.682335 -0.545389 -0.738606 -0.396248 0.410328 0.873586 1 0 1.000000
  0 44.763607 -9.166776 76.905022 -0.545389 -0.738606 -0.396248 0.411464 0.874411 1 0 1.000000
Door_01
  0 44.457111 -8.820992 76.682335 -0.545389 -0.738606 -0.396248 0.410328 0.873586 1 0 1.000000
  0 49.300568 -9.166775 69.501381 -0.600661 -0.738606 -0.306052 0.428278 0.846973 1 0 1.000000
  0 44.763607 -9.166776 76.905022 -0.545389 -0.738606 -0.396248 0.411464 0.874411 1 0 1.000000
Door_01
  0 44.457111 -8.820992 76.682335 -0.545389 -0.738606 -0.396248 0.410328 0.873586 1 0 1.000000
  0 48.963005 -8.820991 69.329384 -0.600661 -0.738606 -0.306052 0.427027 0.846336 1 0 1.000000
  0 49.300568 -9.166775 69.501381 -0.600661 -0.738606 -0.306052 0.428278 0.846973 1 0 1.000000
Door_01
  0 48.963005 -8.820991 69.329384 -0.600661 -0.738606 -0.306052 0.427027 0.846336 1 0 1.000000
  0 52.623482 -9.166775 61.479153 -0.641143 -0.738606 -0.208320 0.440593 0.817243 1 0 1.000000
  0 49.300568 -9.166775 69.501381 -0.600661 -0.738606 -0.306052 0.428278 0.846973 1 0 1.000000
Door_01
  0 48.963005 -8.820991 69.329384 -0.600661 -0.738606 -0.306052 0.427027 0.846336 1 0 1.000000
  0 52.263172 -8.820991 61.362083 -0.641143 -0.738606 -0.208320 0.439257 0.816809 1 0 1.000000
  0 52.623482 -9.166775 61.479153 -0.641143 -0.738606 -0.208320 0.440593 0.817243 1 0 1.000000
Door_01
  0 52.263172 -8.820991 61.362083 -0.641143 -0.738606 -0.208320 0.439257 0.816809 1 0 1.000000
  0 54.650532 -9.166773 53.035877 -0.665838 -0.738606 -0.105458 0.448105 0.785952 1 0 1.000000
  0 52.623482 -9.166775 61.479153 -0.641143 -0.738606 -0.208320 0.440593 0.817243 1 0 1.000000
Door_01
  0 52.263172 -8.820991 61.362083 -0.641143 -0.738606 -0.208320 0.439257 0.816809 1 0 1.000000
  0 54.276344 -8.820991 52.976608 -0.665838 -0.738606 -0.105458 0.446718 0.785732 1 0 1.000000
  0 54.650532 -9.166773 53.035877 -0.665838 -0.738606 -0.105458 0.448105 0.785952 1 0 1.000000
Door_01
  0 54.276344 -8.820991 52.976608 -0.665838 -0.738606 -0.105458 0.446718 0.785732 1 0 1.000000
  0 55.331810 -9.166773 44.379448 -0.674138 -0.738606 0.000000 0.450630 0.753871 1 0 1.000000
  0 54.650532 -9.166773 53.035877 -0.665838 -0.738606 -0.105458 0.448105 0.785952 1 0 1.000000
Door_01
  0 54.276344 -8.820991 52.976608 -0.665838 -0.738606 -0.105458 0.446718 0.785732 1 0 1.000000
  0 54.952957 -8.820990 44.379448 -0.674138 -0.738606 0.000000 0.449226 0.753871 1 0 1.000000
  0 55.331810 -9.166773 44.379448 -0.674138 -0.738606 0.000000 0.450630 0.753871 1 0 1.000000
Door_01
  0 54.952957 -8.820990 44.379448 -0.674138 -0.738606 0.000000 0.449226 0.753871 1 0 1.000000
  0 54.650532 -9.166773 35.723019 -0.665838 -0.738606 0.105458 0.448105 0.721790 1 0 1.000000
  0 55.331810 -9.166773 44.379448 -0.674138 -0.738606 0.000000 0.450630 0.753871 1 0 1.000000
Door_01
  0 54.952957 -8.820990 44.379448 -0.674138 -0.738606 0.000000 0.449226 0.753871 1 0 1.000000
  0 54.276344 -8.820991 35.782284 -0.665838 -0.738606 0.105458 0.446718 0.722009 1 0 1.000000
  0 54.650532 -9.166773 35.723019 -0.665838 -0.738606 0.105458 0.448105 0.721790 1 0 1.000000
Door_01
  0 -48.971012 -8.820994 69.329384 0.600661 -0.738606 -0.306052 0.064081 0.846336 1 0 1.000000
  0 -44.771614 -9.166780 76.905022 0.545389 -0.738606 -0.396248 0.079644 0.874411 1 0 1.000000
  0 -49.308571 -9.166779 69.501381 0.600661 -0.738606 -0.306052 0.062830 0.846973 1 0 1.000000
Door_01
  0 -48.971012 -8.820994 69.329384 0.600661 -0.738606 -0.306052 0.064081 0.846336 1 0 1.000000
  0 -44.465118 -8.820995 76.682335 0.545389 -0.738606 -0.396248 0.080780 0.873586 1 0 1.000000
  0 -44.771614 -9.166780 76.905022 0.545389 -0.738606 -0.396248 0.079644 0.874411 1 0 1.000000
Door_01
  0 -44.465118 -8.820995 76.682335 0.545389 -0.738606 -0.396248 0.080780 0.873586 1 0 1.000000
  0 -39.132332 -9.166780 83.507774 0.476687 -0.738606 -0.476687 0.100543 0.898882 1 0 1.000000
  0 -44.771614 -9.166780 76.905022 0.545389 -0.738606 -0.396248 0.079644 0.874411 1 0 1.000000
Door_01
  0 -44.465118 -8.820995 76.682335 0.545389 -0.738606 -0.396248 0.080780 0.873586 1 0 1.000000
  0 -38.864441 -8.820995 83.239883 0.476687 -0.738606 -0.476687 0.101536 0.897889 1 0 1.000000
  0 -39.132332 -9.166780 83.507774 0.476687 -0.738606 -0.476687 0.100543 0.898882 1 0 1.000000
Door_01
  0 -38.864441 -8.820995 83.239883 0.476687 -0.738606 -0.476687 0.101536 0.897889 1 0 1.000000
  0 -32.529579 -9.166779 89.147057 0.396248 -0.738606 -0.545389 0.125013 0.919781 1 0 1.000000
  0 -39.132332 -9.166780 83.507774 0.476687 -0.738606 -0.476687 0.100543 0.898882 1 0 1.000000
Door_01
  0 -38.864441 -8.820995 83.239883 0.476687 -0.738606 -0.476687 0.101536 0.897889 1 0 1.000000
  0 -32.306892 -8.820994 88.840561 0.396248 -0.738606 -0.545389 0.125838 0.918645 1 0 1.000000
  0 -32.529579 -9.166779 89.147057 0.396248 -0.738606 -0.545389 0.125013 0.919781 1 0 1.000000
Door_01
  0 -32.306892 -8.820994 88.840561 0.396248 -0.738606 -0.545389 0.125838 0.918645 1 0 1.000000
  0 -25.125937 -9.166779 93.684013 0.306052 -0.738606 -0.600661 0.152451 0.936595 1 0 1.000000
  0 -32.529579 -9.166779 89.147057 0.396248 -0.738606 -0.545389 0.125013 0.919781 1 0 1.000000
Door_01
  0 -32.306892 -8.820994 88.840561 0.396248 -0.738606 -0.545389 0.125838 0.918645 1 0 1.000000
  0 -24.953941 -8.820994 93.346458 0.306052 -0.738606 -0.600661 0.153089 0.935344 1 0 1.000000
  0 -25.125937 -9.166779 93.684013 0.306052 -0.738606 -0.600661 0.152451 0.936595 1 0 1.000000
Door_01
  0 -24.953941 -8.820994 93.346458 0.306052 -0.738606 -0.600661 0.153089 0.935344 1 0 1.000000
  0 -17.103710 -9.166779 97.006935 0.208320 -0.738606 -0.641143 0.182182 0.948910 1 0 1.000000
  0 -25.125937 -9.166779 93.684013 0.306052 -0.738606 -0.600661 0.152451 0.936595 1 0 1.000000
Door_01
  0 -24.953941 -8.820994 93.346458 0.306052 -0.738606 -0.600661 0.153089 0.935344 1 0 1.000000
  0 -16.986637 -8.820994 96.646622 0.208320 -0.738606 -0.641143 0.182616 0.947574 1 0 1.000000
  0 -17.103710 -9.166779 97.006935 0.208320 -0.738606 -0.641143 0.182182 0.948910 1 0 1.000000
Door_01
  0 -16.986637 -8.820994 96.646622 0.208320 -0.738606 -0.641143 0.182616 0.947574 1 0 1.000000
  0 -8.660432 -9.166779 99.033981 0.105458 -0.738606 -0.665838 0.213473 0.956422 1 0 1.000000
  0 -17.103710 -9.166779 97.006935 0.208320 -0.738606 -0.641143 0.182182 0.948910 1 0 1.000000
Door_01
  0 -16.986637 -8.820994 96.646622 0.208320 -0.738606 -0.641143 0.182616 0.947574 1 0 1.000000
  0 -8.601166 -8.820994 98.659798 0.105458 -0.738606 -0.665838 0.213692 0.955035 1 0 1.000000
  0 -8.660432 -9.166779 99.033981 0.105458 -0.738606 -0.665838 0.213473 0.956422 1 0 1.000000
Door_01
  0 -8.601166 -8.820994 98.659798 0.105458 -0.738606 -0.665838 0.213692 0.955035 1 0 1.000000
  0 -0.004003 -9.166779 99.715256 0.000000 -0.738606 -0.674138 0.245554 0.958947 1 0 1.000000
  0 -8.660432 -9.166779 99.033981 0.105458 -0.738606 -0.665838 0.213473 0.956422 1 0 1.000000
Door_01
  0 -8.601166 -8.820994 98.659798 0.105458 -0.738606 -0.665838 0.213692 0.955035 1 0 1.000000
  0 -0.004003 -8.820994 99.336411 0.000000 -0.738606 -0.674138 0.245554 0.957543 1 0 1.000000
  0 -0.004003 -9.166779 99.715256 0.000000 -0.738606 -0.674138 0.245554 0.958947 1 0 1.000000
Door_01
  0 -0.004003 -8.820994 99.336411 0.000000 -0.738606 -0.674138 0.245554 0.957543 1 0 1.000000
  0 8.652425 -9.166779 99.033981 -0.105458 -0.738606 -0.665838 0.277635 0.956422 1 0 1.000000
  0 -0.004003 -9.166779 99.715256 0.000000 -0.738606 -0.674138 0.245554 0.958947 1 0 1.000000
Door_01
  0 -0.004003 -8.820994 99.336411 0.000000 -0.738606 -0.674138 0.245554 0.957543 1 0 1.000000
  0 8.593160 -8.820994 98.659798 -0.105458 -0.738606 -0.665838 0.277415 0.955035 1 0 1.000000
  0 8.652425 -9.166779 99.033981 -0.105458 -0.738606 -0.665838 0.277635 0.956422 1 0 1.000000
Door_01
  0 8.593160 -8.820994 98.659798 -0.105458 -0.738606 -0.665838 0.277415 0.955035 1 0 1.000000
  0 17.095703 -9.166777 97.006935 -0.208320 -0.738606 -0.641143 0.308926 0.948910 1 0 1.000000
  0 8.652425 -9.166779 99.033981 -0.105458 -0.738606 -0.665838 0.277635 0.956422 1 0 1.000000
Door_01
  0 8.593160 -8.820994 98.659798 -0.105458 -0.738606 -0.665838 0.277415 0.955035 1 0 1.000000
  0 16.978632 -8.820992 96.646622 -0.208320 -0.738606 -0.641143 0.308492 0.947574 1 0 1.000000
  0 17.095703 -9.166777 97.006935 -0.208320 -0.738606 -0.641143 0.308926 0.948910 1 0 1.000000
Door_01
  0 -32.002537 -8.820991 0.000107 0.427314 -0.730962 0.532069 0.126966 0.589399 1 0 1.000000
  0 -39.132332 -9.166776 5.251119 0.471354 -0.735758 0.486298 0.100543 0.608860 1 0 1.000000
  0 -32.584080 -9.166775 0.000107 0.427314 -0.730962 0.532069 0.124811 0.589399 1 0 1.000000
Door_01
  0 -32.002537 -8.820991 0.000107 0.427314 -0.730962 0.532069 0.126966 0.589399 1 0 1.000000
  0 -38.864441 -8.820992 5.519008 0.471354 -0.735758 0.486298 0.101536 0.609853 1 0 1.000000
  0 -39.132332 -9.166776 5.251119 0.471354 -0.735758 0.486298 0.100543 0.608860 1 0 1.000000
Door_01
  0 -38.864441 -8.820992 5.519008 0.471354 -0.735758 0.486298 0.101536 0.609853 1 0 1.000000
  0 -44.771614 -9.166777 11.853873 0.545389 -0.738606 0.396248 0.079644 0.633330 1 0 1.000000
  0 -39.132332 -9.166776 5.251119 0.471354 -0.735758 0.486298 0.100543 0.608860 1 0 1.000000
Door_01
  0 -38.864441 -8.820992 5.519008 0.471354 -0.735758 0.486298 0.101536 0.609853 1 0 1.000000
  0 -44.465118 -8.820992 12.076557 0.545389 -0.738606 0.396248 0.080780 0.634155 1 0 1.000000
  0 -44.771614 -9.166777 11.853873 0.545389 -0.738606 0.396248 0.079644 0.633330 1 0 1.000000
Door_01
  0 -44.465118 -8.820992 12.076557 0.545389 -0.738606 0.396248 0.080780 0.634155 1 0 1.000000
  0 -49.308571 -9.166777 19.257515 0.600661 -0.738606 0.306052 0.062830 0.660768 1 0 1.000000
  0 -44.771614 -9.166777 11.853873 0.545389 -0.738606 0.396248 0.079644 0.633330 1 0 1.000000
Door_01
  0 -44.465118 -8.820992 12.076557 0.545389 -0.738606 0.396248 0.080780 0.634155 1 0 1.000000
  0 -48.971012 -8.820992 19.429510 0.600661 -0.738606 0.306052 0.064081 0.661405 1 0 1.000000
  0 -49.308571 -9.166777 19.257515 0.600661 -0.738606 0.306052 0.062830 0.660768 1 0 1.000000
Door_01
  0 -48.971012 -8.820992 19.429510 0.600661 -0.738606 0.306052 0.064081 0.661405 1 0 1.000000
  0 -52.631489 -9.166777 27.279741 0.641143 -0.738606 0.208320 0.050515 0.690498 1 0 1.000000
  0 -49.308571 -9.166777 19.257515 0.600661 -0.738606 0.306052 0.062830 0.660768 1 0 1.000000
Door_01
  0 -48.971012 -8.820992 19.429510 0.600661 -0.738606 0.306052 0.064081 0.661405 1 0 1.000000
  0 -52.271179 -8.820992 27.396812 0.641143 -0.738606 0.208320 0.051850 0.690932 1 0 1.000000
  0 -52.631489 -9.166777 27.279741 0.641143 -0.738606 0.208320 0.050515 0.690498 1 0 1.000000
Door_01
  0 -52.271179 -8.820992 27.396812 0.641143 -0.738606 0.208320 0.051850 0.690932 1 0 1.000000
  0 -54.658539 -9.166779 35.723019 0.665838 -0.738606 0.105458 0.043003 0.721790 1 0 1.000000
  0 -52.631489 -9.166777 27.279741 0.641143 -0.738606 0.208320 0.050515 0.690498 1 0 1.000000
Door_01
  0 -52.271179 -8.820992 27.396812 0.641143 -0.738606 0.208320 0.051850 0.690932 1 0 1.000000
  0 -54.284351 -8.820994 35.782284 0.665838 -0.738606 0.105458 0.044389 0.722009 1 0 1.000000
  0 -54.658539 -9.166779 35.723019 0.665838 -0.738606 0.105458 0.043003 0.721790 1 0 1.000000
Door_01
  0 -54.284351 -8.820994 35.782284 0.665838 -0.738606 0.105458 0.044389 0.722009 1 0 1.000000
  0 -55.339813 -9.166779 44.379448 0.674138 -0.738606 0.000000 0.040478 0.753871 1 0 1.000000
  0 -54.658539 -9.166779 35.723019 0.665838 -0.738606 0.105458 0.043003 0.721790 1 0 1.000000
Door_01
  0 -54.284351 -8.820994 35.782284 0.665838 -0.738606 0.105458 0.044389 0.722009 1 0 1.000000
  0 -54.960964 -8.820995 44.379448 0.674138 -0.738606 0.000000 0.041882 0.753871 1 0 1.000000
  0 -55.339813 -9.166779 44.379448 0.674138 -0.738606 0.000000 0.040478 0.753871 1 0 1.000000
Door_01
  0 -54.960964 -8.820995 44.379448 0.674138 -0.738606 0.000000 0.041882 0.753871 1 0 1.000000
  0 -54.658539 -9.166779 53.035877 0.665838 -0.738606 -0.105458 0.043003 0.785952 1 0 1.000000
  0 -55.339813 -9.166779 44.379448 0.674138 -0.738606 0.000000 0.040478 0.753871 1 0 1.000000
Door_01
  0 -54.960964 -8.820995 44.379448 0.674138 -0.738606 0.000000 0.041882 0.753871 1 0 1.000000
  0 -54.284351 -8.820994 52.976608 0.665838 -0.738606 -0.105458 0.044389 0.785732 1 0 1.000000
  0 -54.658539 -9.166779 53.035877 0.665838 -0.738606 -0.105458 0.043003 0.785952 1 0 1.000000
Door_01
  0 -54.284351 -8.820994 52.976608 0.665838 -0.738606 -0.105458 0.044389 0.785732 1 0 1.000000
  0 -52.631489 -9.166779 61.479153 0.641143 -0.738606 -0.208320 0.050515 0.817243 1 0 1.000000
  0 -54.658539 -9.166779 53.035877 0.665838 -0.738606 -0.105458 0.043003 0.785952 1 0 1.000000
Door_01
  0 -54.284351 -8.820994 52.976608 0.665838 -0.738606 -0.105458 0.044389 0.785732 1 0 1.000000
  0 -52.271179 -8.820994 61.362083 0.641143 -0.738606 -0.208320 0.051850 0.816809 1 0 1.000000
  0 -52.631489 -9.166779 61.479153 0.641143 -0.738606 -0.208320 0.050515 0.817243 1 0 1.000000
Door_01
  0 -52.271179 -8.820994 61.362083 0.641143 -0.738606 -0.208320 0.051850 0.816809 1 0 1.000000
  0 -49.308571 -9.166779 69.501381 0.600661 -0.738606 -0.306052 0.062830 0.846973 1 0 1.000000
  0 -52.631489 -9.166779 61.479153 0.641143 -0.738606 -0.208320 0.050515 0.817243 1 0 1.000000
Door_01
  0 -52.271179 -8.820994 61.362083 0.641143 -0.738606 -0.208320 0.051850 0.816809 1 0 1.000000
  0 -48.971012 -8.820994 69.329384 0.600661 -0.738606 -0.306052 0.064081 0.846336 1 0 1.000000
  0 -49.308571 -9.166779 69.501381 0.600661 -0.738606 -0.306052 0.062830 0.846973 1 0 1.000000
Door_01
  0 54.276344 8.823165 35.782284 -0.987688 0.000000 0.156434 0.857841 0.018412 1 0 1.000000
  0 52.364983 8.080784 27.363781 -0.941323 -0.142700 0.305854 0.887892 0.008119 1 0 1.000000
  0 54.382069 8.080783 35.765591 -0.977580 -0.142701 0.154833 0.857841 0.008119 1 0 1.000000
Door_01
  0 54.276344 8.823165 35.782284 -0.987688 0.000000 0.156434 0.857841 0.018412 1 0 1.000000
  0 52.263172 8.823166 27.396812 -0.951056 0.000000 0.309017 0.887892 0.018412 1 0 1.000000
  0 52.364983 8.080784 27.363781 -0.941323 -0.142700 0.305854 0.887892 0.008119 1 0 1.000000
Door_01
  0 52.263172 8.823166 27.396812 -0.951056 0.000000 0.309017 0.887892 0.018412 1 0 1.000000
  0 49.058392 8.080784 19.380955 -0.881888 -0.142700 0.449344 0.916092 0.008119 1 0 1.000000
  0 52.364983 8.080784 27.363781 -0.941323 -0.142700 0.305854 0.887892 0.008119 1 0 1.000000
Door_01
  0 52.263172 8.823166 27.396812 -0.951056 0.000000 0.309017 0.887892 0.018412 1 0 1.000000
  0 48.963005 8.823166 19.429510 -0.891006 0.000000 0.453991 0.916092 0.018412 1 0 1.000000
  0 49.058392 8.080784 19.380955 -0.881888 -0.142700 0.449344 0.916092 0.008119 1 0 1.000000
Door_01
  0 48.963005 8.823166 19.429510 -0.891006 0.000000 0.453991 0.916092 0.018412 1 0 1.000000
  0 44.543724 8.080784 12.013674 -0.800735 -0.142744 0.581762 0.942520 0.008119 1 0 1.000000
  0 49.058392 8.080784 19.380955 -0.881888 -0.142700 0.449344 0.916092 0.008119 1 0 1.000000
Door_01
  0 48.963005 8.823166 19.429510 -0.891006 0.000000 0.453991 0.916092 0.018412 1 0 1.000000
  0 44.457111 8.823166 12.076557 -0.809017 0.000000 0.587785 0.942520 0.018412 1 0 1.000000
  0 44.543724 8.080784 12.013674 -0.800735 -0.142744 0.581762 0.942520 0.008119 1 0 1.000000
Door_01
  0 44.457111 8.823166 12.076557 -0.809017 0.000000 0.587785 0.942520 0.018412 1 0 1.000000
  0 38.932236 8.080785 5.443252 -0.689673 -0.142866 0.709887 0.967362 0.008119 1 0 1.000000
  0 44.543724 8.080784 12.013674 -0.800735 -0.142744 0.581762 0.942520 0.008119 1 0 1.000000
Door_01
  0 44.457111 8.823166 12.076557 -0.809017 0.000000 0.587785 0.942520 0.018412 1 0 1.000000
  0 38.856434 8.823167 5.519009 -0.696816 0.000000 0.717250 0.967362 0.018412 1 0 1.000000
  0 38.932236 8.080785 5.443252 -0.689673 -0.142866 0.709887 0.967362 0.008119 1 0 1.000000
Door_01
  0 38.856434 8.823167 5.519009 -0.696816 0.000000 0.717250 0.967362 0.018412 1 0 1.000000
  0 32.170582 8.080784 -0.002058 -0.620841 -0.142167 0.770937 0.991434 0.008119 1 0 1.000000
  0 38.932236 8.080785 5.443252 -0.689673 -0.142866 0.709887 0.967362 0.008119 1 0 1.000000
Door_01
  0 38.856434 8.823167 5.519009 -0.696816 0.000000 0.717250 0.967362 0.018412 1 0 1.000000
  0 32.000988 8.823166 -0.001630 -0.627205 0.000000 0.778854 0.991434 0.018412 1 0 1.000000
  0 32.170582 8.080784 -0.002058 -0.620841 -0.142167 0.770937 0.991434 0.008119 1 0 1.000000
Door_01
  0 16.978632 8.823162 96.646622 -0.309017 0.000000 -0.951056 0.559432 0.018412 1 0 1.000000
  0 24.994499 8.080780 93.441841 -0.449344 -0.142701 -0.881888 0.590316 0.008119 1 0 1.000000
  0 17.011684 8.080780 96.748421 -0.305854 -0.142701 -0.941323 0.559432 0.008119 1 0 1.000000
Door_01
  0 16.978632 8.823162 96.646622 -0.309017 0.000000 -0.951056 0.559432 0.018412 1 0 1.000000
  0 24.945934 8.823162 93.346458 -0.453991 0.000000 -0.891006 0.590316 0.018412 1 0 1.000000
  0 24.994499 8.080780 93.441841 -0.449344 -0.142701 -0.881888 0.590316 0.008119 1 0 1.000000
Door_01
  0 24.945934 8.823162 93.346458 -0.453991 0.000000 -0.891006 0.590316 0.018412 1 0 1.000000
  0 32.361771 8.080780 88.927177 -0.581769 -0.142701 -0.800738 0.622160 0.008119 1 0 1.000000
  0 24.994499 8.080780 93.441841 -0.449344 -0.142701 -0.881888 0.590316 0.008119 1 0 1.000000
Door_01
  0 24.945934 8.823162 93.346458 -0.453991 0.000000 -0.891006 0.590316 0.018412 1 0 1.000000
  0 32.298885 8.823162 88.840561 -0.587785 0.000000 -0.809017 0.622160 0.018412 1 0 1.000000
  0 32.361771 8.080780 88.927177 -0.581769 -0.142701 -0.800738 0.622160 0.008119 1 0 1.000000
Door_01
  0 32.298885 8.823162 88.840561 -0.587785 0.000000 -0.809017 0.622160 0.018412 1 0 1.000000
  0 38.932091 8.080781 83.315598 -0.699870 -0.142701 -0.699870 0.655075 0.008119 1 0 1.000000
  0 32.361771 8.080780 88.927177 -0.581769 -0.142701 -0.800738 0.622160 0.008119 1 0 1.000000
Door_01
  0 32.298885 8.823162 88.840561 -0.587785 0.000000 -0.809017 0.622160 0.018412 1 0 1.000000
  0 38.856434 8.823163 83.239883 -0.707107 0.000000 -0.707107 0.655075 0.018412 1 0 1.000000
  0 38.932091 8.080781 83.315598 -0.699870 -0.142701 -0.699870 0.655075 0.008119 1 0 1.000000
Door_01
  0 38.856434 8.823163 83.239883 -0.707107 0.000000 -0.707107 0.655075 0.018412 1 0 1.000000
  0 44.543674 8.080781 76.745285 -0.800737 -0.142701 -0.581770 0.688979 0.008119 1 0 1.000000
  0 38.932091 8.080781 83.315598 -0.699870 -0.142701 -0.699870 0.655075 0.008119 1 0 1.000000
Door_01
  0 38.856434 8.823163 83.239883 -0.707107 0.000000 -0.707107 0.655075 0.018412 1 0 1.000000
  0 44.457111 8.823163 76.682335 -0.809017 0.000000 -0.587785 0.688979 0.018412 1 0 1.000000
  0 44.543674 8.080781 76.745285 -0.800737 -0.142701 -0.581770 0.688979 0.008119 1 0 1.000000
Door_01
  0 44.457111 8.823163 76.682335 -0.809017 0.000000 -0.587785 0.688979 0.018412 1 0 1.000000
  0 49.058353 8.080782 69.378021 -0.881887 -0.142701 -0.449345 0.723570 0.008119 1 0 1.000000
  0 44.543674 8.080781 76.745285 -0.800737 -0.142701 -0.581770 0.688979 0.008119 1 0 1.000000
Door_01
  0 44.457111 8.823163 76.682335 -0.809017 0.000000 -0.587785 0.688979 0.018412 1 0 1.000000
  0 48.963005 8.823164 69.329384 -0.891006 0.000000 -0.453991 0.723570 0.018412 1 0 1.000000
  0 49.058353 8.080782 69.378021 -0.881887 -0.142701 -0.449345 0.723570 0.008119 1 0 1.000000
Door_01
  0 48.963005 8.823164 69.329384 -0.891006 0.000000 -0.453991 0.723570 0.018412 1 0 1.000000
  0 52.364952 8.080782 61.395206 -0.941323 -0.142701 -0.305855 0.758347 0.008119 1 0 1.000000
  0 49.058353 8.080782 69.378021 -0.881887 -0.142701 -0.449345 0.723570 0.008119 1 0 1.000000
Door_01
  0 48.963005 8.823164 69.329384 -0.891006 0.000000 -0.453991 0.723570 0.018412 1 0 1.000000
  0 52.263172 8.823164 61.362083 -0.951056 0.000000 -0.309017 0.758347 0.018412 1 0 1.000000
  0 52.364952 8.080782 61.395206 -0.941323 -0.142701 -0.305855 0.758347 0.008119 1 0 1.000000
Door_01
  0 52.263172 8.823164 61.362083 -0.951056 0.000000 -0.309017 0.758347 0.018412 1 0 1.000000
  0 54.382053 8.080783 52.993404 -0.977580 -0.142701 -0.154834 0.792696 0.008119 1 0 1.000000
  0 52.364952 8.080782 61.395206 -0.941323 -0.142701 -0.305855 0.758347 0.008119 1 0 1.000000
Door_01
  0 52.263172 8.823164 61.362083 -0.951056 0.000000 -0.309017 0.758347 0.018412 1 0 1.000000
  0 54.276344 8.823165 52.976608 -0.987688 0.000000 -0.156434 0.792696 0.018412 1 0 1.000000
  0 54.382053 8.080783 52.993404 -0.977580 -0.142701 -0.154834 0.792696 0.008119 1 0 1.000000
Door_01
  0 54.276344 8.823165 52.976608 -0.987688 0.000000 -0.156434 0.792696 0.018412 1 0 1.000000
  0 55.059990 8.080784 44.379498 -0.989766 -0.142701 0.000000 0.826018 0.008119 1 0 1.000000
  0 54.382053 8.080783 52.993404 -0.977580 -0.142701 -0.154834 0.792696 0.008119 1 0 1.000000
Door_01
  0 54.276344 8.823165 52.976608 -0.987688 0.000000 -0.156434 0.792696 0.018412 1 0 1.000000
  0 54.952957 8.823166 44.379448 -1.000000 0.000000 0.000000 0.826018 0.018412 1 0 1.000000
  0 55.059990 8.080784 44.379498 -0.989766 -0.142701 0.000000 0.826018 0.008119 1 0 1.000000
Door_01
  0 54.952957 8.823166 44.379448 -1.000000 0.000000 0.000000 0.826018 0.018412 1 0 1.000000
  0 54.382069 8.080783 35.765591 -0.977580 -0.142701 0.154833 0.857841 0.008119 1 0 1.000000
  0 55.059990 8.080784 44.379498 -0.989766 -0.142701 0.000000 0.826018 0.008119 1 0 1.000000
Door_01
  0 54.952957 8.823166 44.379448 -1.000000 0.000000 0.000000 0.826018 0.018412 1 0 1.000000
  0 54.276344 8.823165 35.782284 -0.987688 0.000000 0.156434 0.857841 0.018412 1 0 1.000000
  0 54.382069 8.080783 35.765591 -0.977580 -0.142701 0.154833 0.857841 0.008119 1 0 1.000000
Door_01
  0 -48.971012 8.823160 69.329384 0.891006 0.000000 -0.453991 0.275372 0.018412 1 0 1.000000
  0 -44.551689 8.080777 76.745277 0.800737 -0.142701 -0.581770 0.309958 0.008119 1 0 1.000000
  0 -49.066360 8.080778 69.378014 0.881887 -0.142701 -0.449345 0.275372 0.008119 1 0 1.000000
Door_01
  0 -48.971012 8.823160 69.329384 0.891006 0.000000 -0.453991 0.275372 0.018412 1 0 1.000000
  0 -44.465118 8.823159 76.682335 0.809017 0.000000 -0.587785 0.309958 0.018412 1 0 1.000000
  0 -44.551689 8.080777 76.745277 0.800737 -0.142701 -0.581770 0.309958 0.008119 1 0 1.000000
Door_01
  0 -44.465118 8.823159 76.682335 0.809017 0.000000 -0.587785 0.309958 0.018412 1 0 1.000000
  0 -38.940105 8.080777 83.315590 0.699870 -0.142701 -0.699870 0.343857 0.008119 1 0 1.000000
  0 -44.551689 8.080777 76.745277 0.800737 -0.142701 -0.581770 0.309958 0.008119 1 0 1.000000
Door_01
  0 -44.465118 8.823159 76.682335 0.809017 0.000000 -0.587785 0.309958 0.018412 1 0 1.000000
  0 -38.864441 8.823159 83.239883 0.707107 0.000000 -0.707107 0.343857 0.018412 1 0 1.000000
  0 -38.940105 8.080777 83.315590 0.699870 -0.142701 -0.699870 0.343857 0.008119 1 0 1.000000
Door_01
  0 -38.864441 8.823159 83.239883 0.707107 0.000000 -0.707107 0.343857 0.018412 1 0 1.000000
  0 -32.369789 8.080778 88.927170 0.581770 -0.142701 -0.800737 0.376769 0.008119 1 0 1.000000
  0 -38.940105 8.080777 83.315590 0.699870 -0.142701 -0.699870 0.343857 0.008119 1 0 1.000000
Door_01
  0 -38.864441 8.823159 83.239883 0.707107 0.000000 -0.707107 0.343857 0.018412 1 0 1.000000
  0 -32.306892 8.823160 88.840561 0.587785 0.000000 -0.809017 0.376769 0.018412 1 0 1.000000
  0 -32.369789 8.080778 88.927170 0.581770 -0.142701 -0.800737 0.376769 0.008119 1 0 1.000000
Door_01
  0 -32.306892 8.823160 88.840561 0.587785 0.000000 -0.809017 0.376769 0.018412 1 0 1.000000
  0 -25.002520 8.080778 93.441833 0.449344 -0.142701 -0.881888 0.408610 0.008119 1 0 1.000000
  0 -32.369789 8.080778 88.927170 0.581770 -0.142701 -0.800737 0.376769 0.008119 1 0 1.000000
Door_01
  0 -32.306892 8.823160 88.840561 0.587785 0.000000 -0.809017 0.376769 0.018412 1 0 1.000000
  0 -24.953941 8.823160 93.346458 0.453991 0.000000 -0.891006 0.408610 0.018412 1 0 1.000000
  0 -25.002520 8.080778 93.441833 0.449344 -0.142701 -0.881888 0.408610 0.008119 1 0 1.000000
Door_01
  0 -24.953941 8.823160 93.346458 0.453991 0.000000 -0.891006 0.408610 0.018412 1 0 1.000000
  0 -17.019705 8.080778 96.748421 0.305854 -0.142701 -0.941323 0.439492 0.008119 1 0 1.000000
  0 -25.002520 8.080778 93.441833 0.449344 -0.142701 -0.881888 0.408610 0.008119 1 0 1.000000
Door_01
  0 -24.953941 8.823160 93.346458 0.453991 0.000000 -0.891006 0.408610 0.018412 1 0 1.000000
  0 -16.986637 8.823160 96.646622 0.309017 0.000000 -0.951056 0.439492 0.018412 1 0 1.000000
  0 -17.019705 8.080778 96.748421 0.305854 -0.142701 -0.941323 0.439492 0.008119 1 0 1.000000
Door_01
  0 -16.986637 8.823160 96.646622 0.309017 0.000000 -0.951056 0.439492 0.018412 1 0 1.000000
  0 -8.617909 8.080778 98.765511 0.154833 -0.142701 -0.977580 0.469664 0.008119 1 0 1.000000
  0 -17.019705 8.080778 96.748421 0.305854 -0.142701 -0.941323 0.439492 0.008119 1 0 1.000000
Door_01
  0 -16.986637 8.823160 96.646622 0.309017 0.000000 -0.951056 0.439492 0.018412 1 0 1.000000
  0 -8.601166 8.823160 98.659798 0.156434 0.000000 -0.987688 0.469664 0.018412 1 0 1.000000
  0 -8.617909 8.080778 98.765511 0.154833 -0.142701 -0.977580 0.469664 0.008119 1 0 1.000000
Door_01
  0 -8.601166 8.823160 98.659798 0.156434 0.000000 -0.987688 0.469664 0.018412 1 0 1.000000
  0 -0.004011 8.080778 99.443443 0.000000 -0.142701 -0.989766 0.499462 0.008119 1 0 1.000000
  0 -8.617909 8.080778 98.765511 0.154833 -0.142701 -0.977580 0.469664 0.008119 1 0 1.000000
Door_01
  0 -8.601166 8.823160 98.659798 0.156434 0.000000 -0.987688 0.469664 0.018412 1 0 1.000000
  0 -0.004003 8.823160 99.336411 0.000000 0.000000 -1.000000 0.499462 0.018412 1 0 1.000000
  0 -0.004011 8.080778 99.443443 0.000000 -0.142701 -0.989766 0.499462 0.008119 1 0 1.000000
Door_01
  0 -0.004003 8.823160 99.336411 0.000000 0.000000 -1.000000 0.499462 0.018412 1 0 1.000000
  0 8.609887 8.080778 98.765511 -0.154833 -0.142701 -0.977580 0.529259 0.008119 1 0 1.000000
  0 -0.004011 8.080778 99.443443 0.000000 -0.142701 -0.989766 0.499462 0.008119 1 0 1.000000
Door_01
  0 -0.004003 8.823160 99.336411 0.000000 0.000000 -1.000000 0.499462 0.018412 1 0 1.000000
  0 8.593160 8.823160 98.659798 -0.156434 0.000000 -0.987688 0.529259 0.018412 1 0 1.000000
  0 8.609887 8.080778 98.765511 -0.154833 -0.142701 -0.977580 0.529259 0.008119 1 0 1.000000
Door_01
  0 8.593160 8.823160 98.659798 -0.156434 0.000000 -0.987688 0.529259 0.018412 1 0 1.000000
  0 17.011684 8.080780 96.748421 -0.305854 -0.142701 -0.941323 0.559432 0.008119 1 0 1.000000
  0 8.609887 8.080778 98.765511 -0.154833 -0.142701 -0.977580 0.529259 0.008119 1 0 1.000000
Door_01
  0 8.593160 8.823160 98.659798 -0.156434 0.000000 -0.987688 0.529259 0.018412 1 0 1.000000
  0 16.978632 8.823162 96.646622 -0.309017 0.000000 -0.951056 0.559432 0.018412 1 0 1.000000
  0 17.011684 8.080780 96.748421 -0.305854 -0.142701 -0.941323 0.559432 0.008119 1 0 1.000000
Door_01
  0 -32.002537 8.823164 0.000107 0.626727 0.000000 0.779239 0.007522 0.018412 1 0 1.000000
  0 -38.940254 8.080781 5.443258 0.689455 -0.142870 0.710098 0.031607 0.008119 1 0 1.000000
  0 -32.173492 8.080782 0.000672 0.620369 -0.142164 0.771318 0.007522 0.008119 1 0 1.000000
Door_01
  0 -32.002537 8.823164 0.000107 0.626727 0.000000 0.779239 0.007522 0.018412 1 0 1.000000
  0 -38.864441 8.823163 5.519009 0.696596 0.000000 0.717464 0.031607 0.018412 1 0 1.000000
  0 -38.940254 8.080781 5.443258 0.689455 -0.142870 0.710098 0.031607 0.008119 1 0 1.000000
Door_01
  0 -38.864441 8.823163 5.519009 0.696596 0.000000 0.717464 0.031607 0.018412 1 0 1.000000
  0 -44.551739 8.080780 12.013681 0.800735 -0.142745 0.581762 0.056447 0.008119 1 0 1.000000
  0 -38.940254 8.080781 5.443258 0.689455 -0.142870 0.710098 0.031607 0.008119 1 0 1.000000
Door_01
  0 -38.864441 8.823163 5.519009 0.696596 0.000000 0.717464 0.031607 0.018412 1 0 1.000000
  0 -44.465118 8.823162 12.076557 0.809017 0.000000 0.587785 0.056447 0.018412 1 0 1.000000
  0 -44.551739 8.080780 12.013681 0.800735 -0.142745 0.581762 0.056447 0.008119 1 0 1.000000
Door_01
  0 -44.465118 8.823162 12.076557 0.809017 0.000000 0.587785 0.056447 0.018412 1 0 1.000000
  0 -49.066402 8.080780 19.380960 0.881888 -0.142701 0.449344 0.082874 0.008119 1 0 1.000000
  0 -44.551739 8.080780 12.013681 0.800735 -0.142745 0.581762 0.056447 0.008119 1 0 1.000000
Door_01
  0 -44.465118 8.823162 12.076557 0.809017 0.000000 0.587785 0.056447 0.018412 1 0 1.000000
  0 -48.971012 8.823162 19.429510 0.891006 0.000000 0.453991 0.082874 0.018412 1 0 1.000000
  0 -49.066402 8.080780 19.380960 0.881888 -0.142701 0.449344 0.082874 0.008119 1 0 1.000000
Door_01
  0 -48.971012 8.823162 19.429510 0.891006 0.000000 0.453991 0.082874 0.018412 1 0 1.000000
  0 -52.372990 8.080780 27.363787 0.941323 -0.142701 0.305854 0.111072 0.008119 1 0 1.000000
  0 -49.066402 8.080780 19.380960 0.881888 -0.142701 0.449344 0.082874 0.008119 1 0 1.000000
Door_01
  0 -48.971012 8.823162 19.429510 0.891006 0.000000 0.453991 0.082874 0.018412 1 0 1.000000
  0 -52.271179 8.823162 27.396812 0.951056 0.000000 0.309017 0.111072 0.018412 1 0 1.000000
  0 -52.372990 8.080780 27.363787 0.941323 -0.142701 0.305854 0.111072 0.008119 1 0 1.000000
Door_01
  0 -52.271179 8.823162 27.396812 0.951056 0.000000 0.309017 0.111072 0.018412 1 0 1.000000
  0 -54.390076 8.080779 35.765591 0.977580 -0.142701 0.154833 0.141119 0.008119 1 0 1.000000
  0 -52.372990 8.080780 27.363787 0.941323 -0.142701 0.305854 0.111072 0.008119 1 0 1.000000
Door_01
  0 -52.271179 8.823162 27.396812 0.951056 0.000000 0.309017 0.111072 0.018412 1 0 1.000000
  0 -54.284351 8.823161 35.782284 0.987688 0.000000 0.156434 0.141119 0.018412 1 0 1.000000
  0 -54.390076 8.080779 35.765591 0.977580 -0.142701 0.154833 0.141119 0.008119 1 0 1.000000
Door_01
  0 -54.284351 8.823161 35.782284 0.987688 0.000000 0.156434 0.141119 0.018412 1 0 1.000000
  0 -55.067997 8.080778 44.379498 0.989766 -0.142701 0.000000 0.172939 0.008119 1 0 1.000000
  0 -54.390076 8.080779 35.765591 0.977580 -0.142701 0.154833 0.141119 0.008119 1 0 1.000000
Door_01
  0 -54.284351 8.823161 35.782284 0.987688 0.000000 0.156434 0.141119 0.018412 1 0 1.000000
  0 -54.960964 8.823160 44.379448 1.000000 0.000000 0.000000 0.172939 0.018412 1 0 1.000000
  0 -55.067997 8.080778 44.379498 0.989766 -0.142701 0.000000 0.172939 0.008119 1 0 1.000000
Door_01
  0 -54.960964 8.823160 44.379448 1.000000 0.000000 0.000000 0.172939 0.018412 1 0 1.000000
  0 -54.390060 8.080779 52.993401 0.977580 -0.142701 -0.154834 0.206255 0.008119 1 0 1.000000
  0 -55.067997 8.080778 44.379498 0.989766 -0.142701 0.000000 0.172939 0.008119 1 0 1.000000
Door_01
  0 -54.960964 8.823160 44.379448 1.000000 0.000000 0.000000 0.172939 0.018412 1 0 1.000000
  0 -54.284351 8.823161 52.976608 0.987688 0.000000 -0.156434 0.206255 0.018412 1 0 1.000000
  0 -54.390060 8.080779 52.993401 0.977580 -0.142701 -0.154834 0.206255 0.008119 1 0 1.000000
Door_01
  0 -54.284351 8.823161 52.976608 0.987688 0.000000 -0.156434 0.206255 0.018412 1 0 1.000000
  0 -52.372959 8.080778 61.395203 0.941323 -0.142701 -0.305855 0.240600 0.008119 1 0 1.000000
  0 -54.390060 8.080779 52.993401 0.977580 -0.142701 -0.154834 0.206255 0.008119 1 0 1.000000
Door_01
  0 -54.284351 8.823161 52.976608 0.987688 0.000000 -0.156434 0.206255 0.018412 1 0 1.000000
  0 -52.271179 8.823160 61.362083 0.951056 0.000000 -0.309017 0.240600 0.018412 1 0 1.000000
  0 -52.372959 8.080778 61.395203 0.941323 -0.142701 -0.305855 0.240600 0.008119 1 0 1.000000
Door_01
  0 -52.271179 8.823160 61.362083 0.951056 0.000000 -0.309017 0.240600 0.018412 1 0 1.000000
  0 -49.066360 8.080778 69.378014 0.881887 -0.142701 -0.449345 0.275372 0.008119 1 0 1.000000
  0 -52.372959 8.080778 61.395203 0.941323 -0.142701 -0.305855 0.240600 0.008119 1 0 1.000000
Door_01
  0 -52.271179 8.823160 61.362083 0.951056 0.000000 -0.309017 0.240600 0.018412 1 0 1.000000
  0 -48.971012 8.823160 69.329384 0.891006 0.000000 -0.453991 0.275372 0.018412 1 0 1.000000
  0 -49.066360 8.080778 69.378014 0.881887 -0.142701 -0.449345 0.275372 0.008119 1 0 1.000000
Door_01
  0 -54.284351 -8.820994 35.782284 0.987688 0.000000 0.156434 0.141294 0.023181 1 0 1.000000
  0 -52.372990 -8.078611 27.363787 0.941323 0.142701 0.305854 0.111247 0.033475 1 0 1.000000
  0 -54.390076 -8.078612 35.765591 0.977580 0.142701 0.154833 0.141294 0.033475 1 0 1.000000
Door_01
  0 -54.284351 -8.820994 35.782284 0.987688 0.000000 0.156434 0.141294 0.023181 1 0 1.000000
  0 -52.271179 -8.820992 27.396812 0.951056 0.000000 0.309017 0.111247 0.023181 1 0 1.000000
  0 -52.372990 -8.078611 27.363787 0.941323 0.142701 0.305854 0.111247 0.033475 1 0 1.000000
Door_01
  0 -52.271179 -8.820992 27.396812 0.951056 0.000000 0.309017 0.111247 0.023181 1 0 1.000000
  0 -49.066402 -8.078611 19.380960 0.881888 0.142701 0.449344 0.083050 0.033475 1 0 1.000000
  0 -52.372990 -8.078611 27.363787 0.941323 0.142701 0.305854 0.111247 0.033475 1 0 1.000000
Door_01
  0 -52.271179 -8.820992 27.396812 0.951056 0.000000 0.309017 0.111247 0.023181 1 0 1.000000
  0 -48.971012 -8.820992 19.429510 0.891006 0.000000 0.453991 0.083050 0.023181 1 0 1.000000
  0 -49.066402 -8.078611 19.380960 0.881888 0.142701 0.449344 0.083050 0.033475 1 0 1.000000
Door_01
  0 -48.971012 -8.820992 19.429510 0.891006 0.000000 0.453991 0.083050 0.023181 1 0 1.000000
  0 -44.551739 -8.078611 12.013681 0.800735 0.142745 0.581762 0.056623 0.033475 1 0 1.000000
  0 -49.066402 -8.078611 19.380960 0.881888 0.142701 0.449344 0.083050 0.033475 1 0 1.000000
Door_01
  0 -48.971012 -8.820992 19.429510 0.891006 0.000000 0.453991 0.083050 0.023181 1 0 1.000000
  0 -44.465118 -8.820992 12.076557 0.809017 0.000000 0.587785 0.056623 0.023181 1 0 1.000000
  0 -44.551739 -8.078611 12.013681 0.800735 0.142745 0.581762 0.056623 0.033475 1 0 1.000000
Door_01
  0 -44.465118 -8.820992 12.076557 0.809017 0.000000 0.587785 0.056623 0.023181 1 0 1.000000
  0 -38.940254 -8.078611 5.443257 0.689455 0.142870 0.710098 0.031782 0.033475 1 0 1.000000
  0 -44.551739 -8.078611 12.013681 0.800735 0.142745 0.581762 0.056623 0.033475 1 0 1.000000
Door_01
  0 -44.465118 -8.820992 12.076557 0.809017 0.000000 0.587785 0.056623 0.023181 1 0 1.000000
  0 -38.864441 -8.820992 5.519008 0.696596 0.000000 0.717464 0.031782 0.023181 1 0 1.000000
  0 -38.940254 -8.078611 5.443257 0.689455 0.142870 0.710098 0.031782 0.033475 1 0 1.000000
Door_01
  0 -38.864441 -8.820992 5.519008 0.696596 0.000000 0.717464 0.031782 0.023181 1 0 1.000000
  0 -32.173492 -8.078610 0.000671 0.620369 0.142164 0.771318 0.007698 0.033475 1 0 1.000000
  0 -38.940254 -8.078611 5.443257 0.689455 0.142870 0.710098 0.031782 0.033475 1 0 1.000000
Door_01
  0 -38.864441 -8.820992 5.519008 0.696596 0.000000 0.717464 0.031782 0.023181 1 0 1.000000
  0 -32.002537 -8.820991 0.000107 0.626727 0.000000 0.779239 0.007698 0.023181 1 0 1.000000
  0 -32.173492 -8.078610 0.000671 0.620369 0.142164 0.771318 0.007698 0.033475 1 0 1.000000
Door_01
  0 -16.986637 -8.820994 96.646622 0.309017 0.000000 -0.951056 0.439668 0.023181 1 0 1.000000
  0 -25.002520 -8.078613 93.441833 0.449344 0.142701 -0.881888 0.408786 0.033475 1 0 1.000000
  0 -17.019705 -8.078613 96.748421 0.305854 0.142701 -0.941323 0.439668 0.033475 1 0 1.000000
Door_01
  0 -16.986637 -8.820994 96.646622 0.309017 0.000000 -0.951056 0.439668 0.023181 1 0 1.000000
  0 -24.953941 -8.820994 93.346458 0.453991 0.000000 -0.891006 0.408786 0.023181 1 0 1.000000
  0 -25.002520 -8.078613 93.441833 0.449344 0.142701 -0.881888 0.408786 0.033475 1 0 1.000000
Door_01
  0 -24.953941 -8.820994 93.346458 0.453991 0.000000 -0.891006 0.408786 0.023181 1 0 1.000000
  0 -32.369789 -8.078613 88.927170 0.581770 0.142701 -0.800737 0.376945 0.033475 1 0 1.000000
  0 -25.002520 -8.078613 93.441833 0.449344 0.142701 -0.881888 0.408786 0.033475 1 0 1.000000
Door_01
  0 -24.953941 -8.820994 93.346458 0.453991 0.000000 -0.891006 0.408786 0.023181 1 0 1.000000
  0 -32.306892 -8.820994 88.840561 0.587785 0.000000 -0.809017 0.376945 0.023181 1 0 1.000000
  0 -32.369789 -8.078613 88.927170 0.581770 0.142701 -0.800737 0.376945 0.033475 1 0 1.000000
Door_01
  0 -32.306892 -8.820994 88.840561 0.587785 0.000000 -0.809017 0.376945 0.023181 1 0 1.000000
  0 -38.940105 -8.078614 83.315590 0.699870 0.142701 -0.699870 0.344033 0.033475 1 0 1.000000
  0 -32.369789 -8.078613 88.927170 0.581770 0.142701 -0.800737 0.376945 0.033475 1 0 1.000000
Door_01
  0 -32.306892 -8.820994 88.840561 0.587785 0.000000 -0.809017 0.376945 0.023181 1 0 1.000000
  0 -38.864441 -8.820995 83.239883 0.707107 0.000000 -0.707107 0.344033 0.023181 1 0 1.000000
  0 -38.940105 -8.078614 83.315590 0.699870 0.142701 -0.699870 0.344033 0.033475 1 0 1.000000
Door_01
  0 -38.864441 -8.820995 83.239883 0.707107 0.000000 -0.707107 0.344033 0.023181 1 0 1.000000
  0 -44.551689 -8.078614 76.745277 0.800737 0.142701 -0.581770 0.310133 0.033475 1 0 1.000000
  0 -38.940105 -8.078614 83.315590 0.699870 0.142701 -0.699870 0.344033 0.033475 1 0 1.000000
Door_01
  0 -38.864441 -8.820995 83.239883 0.707107 0.000000 -0.707107 0.344033 0.023181 1 0 1.000000
  0 -44.465118 -8.820995 76.682335 0.809017 0.000000 -0.587785 0.310133 0.023181 1 0 1.000000
  0 -44.551689 -8.078614 76.745277 0.800737 0.142701 -0.581770 0.310133 0.033475 1 0 1.000000
Door_01
  0 -44.465118 -8.820995 76.682335 0.809017 0.000000 -0.587785 0.310133 0.023181 1 0 1.000000
  0 -49.066360 -8.078613 69.378014 0.881887 0.142701 -0.449345 0.275547 0.033475 1 0 1.000000
  0 -44.551689 -8.078614 76.745277 0.800737 0.142701 -0.581770 0.310133 0.033475 1 0 1.000000
Door_01
  0 -44.465118 -8.820995 76.682335 0.809017 0.000000 -0.587785 0.310133 0.023181 1 0 1.000000
  0 -48.971012 -8.820994 69.329384 0.891006 0.000000 -0.453991 0.275547 0.023181 1 0 1.000000
  0 -49.066360 -8.078613 69.378014 0.881887 0.142701 -0.449345 0.275547 0.033475 1 0 1.000000
Door_01
  0 -48.971012 -8.820994 69.329384 0.891006 0.000000 -0.453991 0.275547 0.023181 1 0 1.000000
  0 -52.372959 -8.078613 61.395203 0.941323 0.142701 -0.305855 0.240775 0.033475 1 0 1.000000
  0 -49.066360 -8.078613 69.378014 0.881887 0.142701 -0.449345 0.275547 0.033475 1 0 1.000000
Door_01
  0 -48.971012 -8.820994 69.329384 0.891006 0.000000 -0.453991 0.275547 0.023181 1 0 1.000000
  0 -52.271179 -8.820994 61.362083 0.951056 0.000000 -0.309017 0.240775 0.023181 1 0 1.000000
  0 -52.372959 -8.078613 61.395203 0.941323 0.142701 -0.305855 0.240775 0.033475 1 0 1.000000
Door_01
  0 -52.271179 -8.820994 61.362083 0.951056 0.000000 -0.309017 0.240775 0.023181 1 0 1.000000
  0 -54.390060 -8.078612 52.993401 0.977580 0.142701 -0.154834 0.206431 0.033475 1 0 1.000000
  0 -52.372959 -8.078613 61.395203 0.941323 0.142701 -0.305855 0.240775 0.033475 1 0 1.000000
Door_01
  0 -52.271179 -8.820994 61.362083 0.951056 0.000000 -0.309017 0.240775 0.023181 1 0 1.000000
  0 -54.284351 -8.820994 52.976608 0.987688 0.000000 -0.156434 0.206431 0.023181 1 0 1.000000
  0 -54.390060 -8.078612 52.993401 0.977580 0.142701 -0.154834 0.206431 0.033475 1 0 1.000000
Door_01
  0 -54.284351 -8.820994 52.976608 0.987688 0.000000 -0.156434 0.206431 0.023181 1 0 1.000000
  0 -55.067997 -8.078613 44.379498 0.989766 0.142701 0.000000 0.173114 0.033475 1 0 1.000000
  0 -54.390060 -8.078612 52.993401 0.977580 0.142701 -0.154834 0.206431 0.033475 1 0 1.000000
Door_01
  0 -54.284351 -8.820994 52.976608 0.987688 0.000000 -0.156434 0.206431 0.023181 1 0 1.000000
  0 -54.960964 -8.820995 44.379448 1.000000 0.000000 0.000000 0.173114 0.023181 1 0 1.000000
  0 -55.067997 -8.078613 44.379498 0.989766 0.142701 0.000000 0.173114 0.033475 1 0 1.000000
Door_01
  0 -54.960964 -8.820995 44.379448 1.000000 0.000000 0.000000 0.173114 0.023181 1 0 1.000000
  0 -54.390076 -8.078612 35.765591 0.977580 0.142701 0.154833 0.141294 0.033475 1 0 1.000000
  0 -55.067997 -8.078613 44.379498 0.989766 0.142701 0.000000 0.173114 0.033475 1 0 1.000000
Door_01
  0 -54.960964 -8.820995 44.379448 1.000000 0.000000 0.000000 0.173114 0.023181 1 0 1.000000
  0 -54.284351 -8.820994 35.782284 0.987688 0.000000 0.156434 0.141294 0.023181 1 0 1.000000
  0 -54.390076 -8.078612 35.765591 0.977580 0.142701 0.154833 0.141294 0.033475 1 0 1.000000
Door_01
  0 48.963005 -8.820991 69.329384 -0.891006 0.000000 -0.453991 0.723745 0.023181 1 0 1.000000
  0 44.543674 -8.078610 76.745285 -0.800737 0.142701 -0.581770 0.689154 0.033475 1 0 1.000000
  0 49.058353 -8.078609 69.378021 -0.881887 0.142701 -0.449345 0.723745 0.033475 1 0 1.000000
Door_01
  0 48.963005 -8.820991 69.329384 -0.891006 0.000000 -0.453991 0.723745 0.023181 1 0 1.000000
  0 44.457111 -8.820992 76.682335 -0.809017 0.000000 -0.587785 0.689154 0.023181 1 0 1.000000
  0 44.543674 -8.078610 76.745285 -0.800737 0.142701 -0.581770 0.689154 0.033475 1 0 1.000000
Door_01
  0 44.457111 -8.820992 76.682335 -0.809017 0.000000 -0.587785 0.689154 0.023181 1 0 1.000000
  0 38.932091 -8.078610 83.315598 -0.699870 0.142701 -0.699870 0.655250 0.033475 1 0 1.000000
  0 44.543674 -8.078610 76.745285 -0.800737 0.142701 -0.581770 0.689154 0.033475 1 0 1.000000
Door_01
  0 44.457111 -8.820992 76.682335 -0.809017 0.000000 -0.587785 0.689154 0.023181 1 0 1.000000
  0 38.856434 -8.820992 83.239883 -0.707107 0.000000 -0.707107 0.655250 0.023181 1 0 1.000000
  0 38.932091 -8.078610 83.315598 -0.699870 0.142701 -0.699870 0.655250 0.033475 1 0 1.000000
Door_01
  0 38.856434 -8.820992 83.239883 -0.707107 0.000000 -0.707107 0.655250 0.023181 1 0 1.000000
  0 32.361771 -8.078611 88.927177 -0.581769 0.142701 -0.800738 0.622336 0.033475 1 0 1.000000
  0 38.932091 -8.078610 83.315598 -0.699870 0.142701 -0.699870 0.655250 0.033475 1 0 1.000000
Door_01
  0 38.856434 -8.820992 83.239883 -0.707107 0.000000 -0.707107 0.655250 0.023181 1 0 1.000000
  0 32.298885 -8.820992 88.840561 -0.587785 0.000000 -0.809017 0.622336 0.023181 1 0 1.000000
  0 32.361771 -8.078611 88.927177 -0.581769 0.142701 -0.800738 0.622336 0.033475 1 0 1.000000
Door_01
  0 32.298885 -8.820992 88.840561 -0.587785 0.000000 -0.809017 0.622336 0.023181 1 0 1.000000
  0 24.994499 -8.078611 93.441841 -0.449344 0.142701 -0.881888 0.590491 0.033475 1 0 1.000000
  0 32.361771 -8.078611 88.927177 -0.581769 0.142701 -0.800738 0.622336 0.033475 1 0 1.000000
Door_01
  0 32.298885 -8.820992 88.840561 -0.587785 0.000000 -0.809017 0.622336 0.023181 1 0 1.000000
  0 24.945934 -8.820992 93.346458 -0.453991 0.000000 -0.891006 0.590491 0.023181 1 0 1.000000
  0 24.994499 -8.078611 93.441841 -0.449344 0.142701 -0.881888 0.590491 0.033475 1 0 1.000000
Door_01
  0 24.945934 -8.820992 93.346458 -0.453991 0.000000 -0.891006 0.590491 0.023181 1 0 1.000000
  0 17.011684 -8.078611 96.748421 -0.305854 0.142701 -0.941323 0.559608 0.033475 1 0 1.000000
  0 24.994499 -8.078611 93.441841 -0.449344 0.142701 -0.881888 0.590491 0.033475 1 0 1.000000
Door_01
  0 24.945934 -8.820992 93.346458 -0.453991 0.000000 -0.891006 0.590491 0.023181 1 0 1.000000
  0 16.978632 -8.820992 96.646622 -0.309017 0.000000 -0.951056 0.559608 0.023181 1 0 1.000000
  0 17.011684 -8.078611 96.748421 -0.305854 0.142701 -0.941323 0.559608 0.033475 1 0 1.000000
Door_01
  0 16.978632 -8.820992 96.646622 -0.309017 0.000000 -0.951056 0.559608 0.023181 1 0 1.000000
  0 8.609887 -8.078613 98.765511 -0.154833 0.142701 -0.977580 0.529435 0.033475 1 0 1.000000
  0 17.011684 -8.078611 96.748421 -0.305854 0.142701 -0.941323 0.559608 0.033475 1 0 1.000000
Door_01
  0 16.978632 -8.820992 96.646622 -0.309017 0.000000 -0.951056 0.559608 0.023181 1 0 1.000000
  0 8.593160 -8.820994 98.659798 -0.156434 0.000000 -0.987688 0.529435 0.023181 1 0 1.000000
  0 8.609887 -8.078613 98.765511 -0.154833 0.142701 -0.977580 0.529435 0.033475 1 0 1.000000
Door_01
  0 8.593160 -8.820994 98.659798 -0.156434 0.000000 -0.987688 0.529435 0.023181 1 0 1.000000
  0 -0.004011 -8.078613 99.443443 0.000000 0.142701 -0.989766 0.499637 0.033475 1 0 1.000000
  0 8.609887 -8.078613 98.765511 -0.154833 0.142701 -0.977580 0.529435 0.033475 1 0 1.000000
Door_01
  0 8.593160 -8.820994 98.659798 -0.156434 0.000000 -0.987688 0.529435 0.023181 1 0 1.000000
  0 -0.004003 -8.820994 99.336411 0.000000 0.000000 -1.000000 0.499637 0.023181 1 0 1.000000
  0 -0.004011 -8.078613 99.443443 0.000000 0.142701 -0.989766 0.499637 0.033475 1 0 1.000000
Door_01
  0 -0.004003 -8.820994 99.336411 0.000000 0.000000 -1.000000 0.499637 0.023181 1 0 1.000000
  0 -8.617909 -8.078613 98.765511 0.154833 0.142701 -0.977580 0.469840 0.033475 1 0 1.000000
  0 -0.004011 -8.078613 99.443443 0.000000 0.142701 -0.989766 0.499637 0.033475 1 0 1.000000
Door_01
  0 -0.004003 -8.820994 99.336411 0.000000 0.000000 -1.000000 0.499637 0.023181 1 0 1.000000
  0 -8.601166 -8.820994 98.659798 0.156434 0.000000 -0.987688 0.469840 0.023181 1 0 1.000000
  0 -8.617909 -8.078613 98.765511 0.154833 0.142701 -0.977580 0.469840 0.033475 1 0 1.000000
Door_01
  0 -8.601166 -8.820994 98.659798 0.156434 0.000000 -0.987688 0.469840 0.023181 1 0 1.000000
  0 -17.019705 -8.078613 96.748421 0.305854 0.142701 -0.941323 0.439668 0.033475 1 0 1.000000
  0 -8.617909 -8.078613 98.765511 0.154833 0.142701 -0.977580 0.469840 0.033475 1 0 1.000000
Door_01
  0 -8.601166 -8.820994 98.659798 0.156434 0.000000 -0.987688 0.469840 0.023181 1 0 1.000000
  0 -16.986637 -8.820994 96.646622 0.309017 0.000000 -0.951056 0.439668 0.023181 1 0 1.000000
  0 -17.019705 -8.078613 96.748421 0.305854 0.142701 -0.941323 0.439668 0.033475 1 0 1.000000
Door_01
  0 32.000988 -8.820989 -0.001631 -0.627205 0.000000 0.778854 0.991610 0.023181 1 0 1.000000
  0 38.932236 -8.078608 5.443251 -0.689673 0.142866 0.709887 0.967537 0.033475 1 0 1.000000
  0 32.170582 -8.078609 -0.002059 -0.620841 0.142167 0.770937 0.991610 0.033475 1 0 1.000000
Door_01
  0 32.000988 -8.820989 -0.001631 -0.627205 0.000000 0.778854 0.991610 0.023181 1 0 1.000000
  0 38.856434 -8.820988 5.519008 -0.696816 0.000000 0.717250 0.967537 0.023181 1 0 1.000000
  0 38.932236 -8.078608 5.443251 -0.689673 0.142866 0.709887 0.967537 0.033475 1 0 1.000000
Door_01
  0 38.856434 -8.820988 5.519008 -0.696816 0.000000 0.717250 0.967537 0.023181 1 0 1.000000
  0 44.543724 -8.078608 12.013674 -0.800735 0.142744 0.581762 0.942696 0.033475 1 0 1.000000
  0 38.932236 -8.078608 5.443251 -0.689673 0.142866 0.709887 0.967537 0.033475 1 0 1.000000
Door_01
  0 38.856434 -8.820988 5.519008 -0.696816 0.000000 0.717250 0.967537 0.023181 1 0 1.000000
  0 44.457111 -8.820989 12.076557 -0.809017 0.000000 0.587785 0.942696 0.023181 1 0 1.000000
  0 44.543724 -8.078608 12.013674 -0.800735 0.142744 0.581762 0.942696 0.033475 1 0 1.000000
Door_01
  0 44.457111 -8.820989 12.076557 -0.809017 0.000000 0.587785 0.942696 0.023181 1 0 1.000000
  0 49.058392 -8.078608 19.380955 -0.881888 0.142700 0.449344 0.916267 0.033475 1 0 1.000000
  0 44.543724 -8.078608 12.013674 -0.800735 0.142744 0.581762 0.942696 0.033475 1 0 1.000000
Door_01
  0 44.457111 -8.820989 12.076557 -0.809017 0.000000 0.587785 0.942696 0.023181 1 0 1.000000
  0 48.963005 -8.820989 19.429510 -0.891006 0.000000 0.453991 0.916267 0.023181 1 0 1.000000
  0 49.058392 -8.078608 19.380955 -0.881888 0.142700 0.449344 0.916267 0.033475 1 0 1.000000
Door_01
  0 48.963005 -8.820989 19.429510 -0.891006 0.000000 0.453991 0.916267 0.023181 1 0 1.000000
  0 52.364983 -8.078608 27.363781 -0.941323 0.142700 0.305854 0.888068 0.033475 1 0 1.000000
  0 49.058392 -8.078608 19.380955 -0.881888 0.142700 0.449344 0.916267 0.033475 1 0 1.000000
Door_01
  0 48.963005 -8.820989 19.429510 -0.891006 0.000000 0.453991 0.916267 0.023181 1 0 1.000000
  0 52.263172 -8.820989 27.396812 -0.951056 0.000000 0.309017 0.888068 0.023181 1 0 1.000000
  0 52.364983 -8.078608 27.363781 -0.941323 0.142700 0.305854 0.888068 0.033475 1 0 1.000000
Door_01
  0 52.263172 -8.820989 27.396812 -0.951056 0.000000 0.309017 0.888068 0.023181 1 0 1.000000
  0 54.382069 -8.078609 35.765591 -0.977580 0.142701 0.154833 0.858017 0.033475 1 0 1.000000
  0 52.364983 -8.078608 27.363781 -0.941323 0.142700 0.305854 0.888068 0.033475 1 0 1.000000
Door_01
  0 52.263172 -8.820989 27.396812 -0.951056 0.000000 0.309017 0.888068 0.023181 1 0 1.000000
  0 54.276344 -8.820991 35.782284 -0.987688 0.000000 0.156434 0.858017 0.023181 1 0 1.000000
  0 54.382069 -8.078609 35.765591 -0.977580 0.142701 0.154833 0.858017 0.033475 1 0 1.000000
Door_01
  0 54.276344 -8.820991 35.782284 -0.987688 0.000000 0.156434 0.858017 0.023181 1 0 1.000000
  0 55.059990 -8.078608 44.379498 -0.989766 0.142701 0.000000 0.826194 0.033475 1 0 1.000000
  0 54.382069 -8.078609 35.765591 -0.977580 0.142701 0.154833 0.858017 0.033475 1 0 1.000000
Door_01
  0 54.276344 -8.820991 35.782284 -0.987688 0.000000 0.156434 0.858017 0.023181 1 0 1.000000
  0 54.952957 -8.820990 44.379448 -1.000000 0.000000 0.000000 0.826194 0.023181 1 0 1.000000
  0 55.059990 -8.078608 44.379498 -0.989766 0.142701 0.000000 0.826194 0.033475 1 0 1.000000
Door_01
  0 54.952957 -8.820990 44.379448 -1.000000 0.000000 0.000000 0.826194 0.023181 1 0 1.000000
  0 54.382053 -8.078609 52.993404 -0.977580 0.142701 -0.154834 0.792872 0.033475 1 0 1.000000
  0 55.059990 -8.078608 44.379498 -0.989766 0.142701 0.000000 0.826194 0.033475 1 0 1.000000
Door_01
  0 54.952957 -8.820990 44.379448 -1.000000 0.000000 0.000000 0.826194 0.023181 1 0 1.000000
  0 54.276344 -8.820991 52.976608 -0.987688 0.000000 -0.156434 0.792872 0.023181 1 0 1.000000
  0 54.382053 -8.078609 52.993404 -0.977580 0.142701 -0.154834 0.792872 0.033475 1 0 1.000000
Door_01
  0 54.276344 -8.820991 52.976608 -0.987688 0.000000 -0.156434 0.792872 0.023181 1 0 1.000000
  0 52.364952 -8.078609 61.395206 -0.941323 0.142701 -0.305855 0.758522 0.033475 1 0 1.000000
  0 54.382053 -8.078609 52.993404 -0.977580 0.142701 -0.154834 0.792872 0.033475 1 0 1.000000
Door_01
  0 54.276344 -8.820991 52.976608 -0.987688 0.000000 -0.156434 0.792872 0.023181 1 0 1.000000
  0 52.263172 -8.820991 61.362083 -0.951056 0.000000 -0.309017 0.758522 0.023181 1 0 1.000000
  0 52.364952 -8.078609 61.395206 -0.941323 0.142701 -0.305855 0.758522 0.033475 1 0 1.000000
Door_01
  0 52.263172 -8.820991 61.362083 -0.951056 0.000000 -0.309017 0.758522 0.023181 1 0 1.000000
  0 49.058353 -8.078609 69.378021 -0.881887 0.142701 -0.449345 0.723745 0.033475 1 0 1.000000
  0 52.364952 -8.078609 61.395206 -0.941323 0.142701 -0.305855 0.758522 0.033475 1 0 1.000000
Door_01
  0 52.263172 -8.820991 61.362083 -0.951056 0.000000 -0.309017 0.758522 0.023181 1 0 1.000000
  0 48.963005 -8.820991 69.329384 -0.891006 0.000000 -0.453991 0.723745 0.023181 1 0 1.000000
  0 49.058353 -8.078609 69.378021 -0.881887 0.142701 -0.449345 0.723745 0.033475 1 0 1.000000
Door_01
  0 -55.645233 -7.971909 35.567417 0.987688 0.000000 0.156434 0.865911 0.338576 1 0 1.000000
  0 -53.581589 7.974077 26.971725 0.951056 0.000000 0.309017 0.891531 0.297220 1 0 1.000000
  0 -55.645233 7.974076 35.567417 0.987688 0.000000 0.156434 0.865911 0.297220 1 0 1.000000
Door_01
  0 -55.645233 -7.971909 35.567417 0.987688 0.000000 0.156434 0.865911 0.338576 1 0 1.000000
  0 -53.581589 -7.971908 26.971725 0.951056 0.000000 0.309017 0.891531 0.338576 1 0 1.000000
  0 -53.581589 7.974077 26.971725 0.951056 0.000000 0.309017 0.891531 0.297220 1 0 1.000000
Door_01
  0 -53.581589 -7.971908 26.971725 0.951056 0.000000 0.309017 0.891531 0.338576 1 0 1.000000
  0 -50.198692 7.974077 18.804686 0.891007 0.000000 0.453990 0.916793 0.297220 1 0 1.000000
  0 -53.581589 7.974077 26.971725 0.951056 0.000000 0.309017 0.891531 0.297220 1 0 1.000000
Door_01
  0 -53.581589 -7.971908 26.971725 0.951056 0.000000 0.309017 0.891531 0.338576 1 0 1.000000
  0 -50.198692 -7.971908 18.804686 0.891007 0.000000 0.453990 0.916793 0.338576 1 0 1.000000
  0 -50.198692 7.974077 18.804686 0.891007 0.000000 0.453990 0.916793 0.297220 1 0 1.000000
Door_01
  0 -50.198692 -7.971908 18.804686 0.891007 0.000000 0.453990 0.916793 0.338576 1 0 1.000000
  0 -45.579834 7.974077 11.267398 0.809017 0.000000 0.587785 0.941738 0.297220 1 0 1.000000
  0 -50.198692 7.974077 18.804686 0.891007 0.000000 0.453990 0.916793 0.297220 1 0 1.000000
Door_01
  0 -50.198692 -7.971908 18.804686 0.891007 0.000000 0.453990 0.916793 0.338576 1 0 1.000000
  0 -45.579834 -7.971907 11.267398 0.809017 0.000000 0.587785 0.941738 0.338576 1 0 1.000000
  0 -45.579834 7.974077 11.267398 0.809017 0.000000 0.587785 0.941738 0.297220 1 0 1.000000
Door_01
  0 -45.579834 -7.971907 11.267398 0.809017 0.000000 0.587785 0.941738 0.338576 1 0 1.000000
  0 -39.838753 7.974078 4.545455 0.697208 0.000000 0.716869 0.966409 0.297220 1 0 1.000000
  0 -45.579834 7.974077 11.267398 0.809017 0.000000 0.587785 0.941738 0.297220 1 0 1.000000
Door_01
  0 -45.579834 -7.971907 11.267398 0.809017 0.000000 0.587785 0.941738 0.338576 1 0 1.000000
  0 -39.838753 -7.971906 4.545455 0.697208 0.000000 0.716869 0.966409 0.338576 1 0 1.000000
  0 -39.838753 7.974078 4.545455 0.697208 0.000000 0.716869 0.966409 0.297220 1 0 1.000000
Door_01
  0 -39.838753 -7.971906 4.545455 0.697208 0.000000 0.716869 0.966409 0.338576 1 0 1.000000
  0 -34.216076 7.974079 0.007417 0.628056 0.000000 0.778168 0.986482 0.297220 1 0 1.000000
  0 -39.838753 7.974078 4.545455 0.697208 0.000000 0.716869 0.966409 0.297220 1 0 1.000000
Door_01
  0 -39.838753 -7.971906 4.545455 0.697208 0.000000 0.716869 0.966409 0.338576 1 0 1.000000
  0 -34.216076 -7.971905 0.007416 0.628056 0.000000 0.778168 0.986482 0.338576 1 0 1.000000
  0 -34.216076 7.974079 0.007417 0.628056 0.000000 0.778168 0.986482 0.297220 1 0 1.000000
Door_01
  0 -25.579523 7.974074 94.574692 0.453990 0.000000 -0.891007 0.645399 0.297220 1 0 1.000000
  0 -17.412483 7.974074 97.957588 0.309017 0.000000 -0.951056 0.616063 0.297220 1 0 1.000000
  0 -17.412483 -7.971910 97.957588 0.309017 0.000000 -0.951056 0.616063 0.338576 1 0 1.000000
Door_01
  0 -25.579523 7.974074 94.574692 0.453990 0.000000 -0.891007 0.645399 0.297220 1 0 1.000000
  0 -17.412483 -7.971910 97.957588 0.309017 0.000000 -0.951056 0.616063 0.338576 1 0 1.000000
  0 -25.579523 -7.971910 94.574692 0.453990 0.000000 -0.891007 0.645399 0.338576 1 0 1.000000
Door_01
  0 -25.579523 -7.971910 94.574692 0.453990 0.000000 -0.891007 0.645399 0.338576 1 0 1.000000
  0 -33.116810 7.974074 89.955833 0.587785 0.000000 -0.809017 0.674442 0.297220 1 0 1.000000
  0 -25.579523 7.974074 94.574692 0.453990 0.000000 -0.891007 0.645399 0.297220 1 0 1.000000
Door_01
  0 -25.579523 -7.971910 94.574692 0.453990 0.000000 -0.891007 0.645399 0.338576 1 0 1.000000
  0 -33.116810 -7.971910 89.955833 0.587785 0.000000 -0.809017 0.674442 0.338576 1 0 1.000000
  0 -33.116810 7.974074 89.955833 0.587785 0.000000 -0.809017 0.674442 0.297220 1 0 1.000000
Door_01
  0 -39.838753 7.974074 84.214752 0.707107 0.000000 -0.707107 0.703123 0.297220 1 0 1.000000
  0 -33.116810 7.974074 89.955833 0.587785 0.000000 -0.809017 0.674442 0.297220 1 0 1.000000
  0 -33.116810 -7.971910 89.955833 0.587785 0.000000 -0.809017 0.674442 0.338576 1 0 1.000000
Door_01
  0 -39.838753 7.974074 84.214752 0.707107 0.000000 -0.707107 0.703123 0.297220 1 0 1.000000
  0 -33.116810 -7.971910 89.955833 0.587785 0.000000 -0.809017 0.674442 0.338576 1 0 1.000000
  0 -39.838753 -7.971910 84.214752 0.707107 0.000000 -0.707107 0.703123 0.338576 1 0 1.000000
Door_01
  0 -45.579834 7.974074 77.492813 0.809017 0.000000 -0.587785 0.731390 0.297220 1 0 1.000000
  0 -39.838753 7.974074 84.214752 0.707107 0.000000 -0.707107 0.703123 0.297220 1 0 1.000000
  0 -39.838753 -7.971910 84.214752 0.707107 0.000000 -0.707107 0.703123 0.338576 1 0 1.000000
Door_01
  0 -45.579834 7.974074 77.492813 0.809017 0.000000 -0.587785 0.731390 0.297220 1 0 1.000000
  0 -39.838753 -7.971910 84.214752 0.707107 0.000000 -0.707107 0.703123 0.338576 1 0 1.000000
  0 -45.579834 -7.971910 77.492813 0.809017 0.000000 -0.587785 0.731390 0.338576 1 0 1.000000
Door_01
  0 -45.579834 -7.971910 77.492813 0.809017 0.000000 -0.587785 0.731390 0.338576 1 0 1.000000
  0 -50.198692 7.974075 69.955521 0.891007 0.000000 -0.453990 0.759208 0.297220 1 0 1.000000
  0 -45.579834 7.974074 77.492813 0.809017 0.000000 -0.587785 0.731390 0.297220 1 0 1.000000
Door_01
  0 -45.579834 -7.971910 77.492813 0.809017 0.000000 -0.587785 0.731390 0.338576 1 0 1.000000
  0 -50.198692 -7.971910 69.955521 0.891007 0.000000 -0.453990 0.759208 0.338576 1 0 1.000000
  0 -50.198692 7.974075 69.955521 0.891007 0.000000 -0.453990 0.759208 0.297220 1 0 1.000000
Door_01
  0 -50.198692 -7.971910 69.955521 0.891007 0.000000 -0.453990 0.759208 0.338576 1 0 1.000000
  0 -53.581589 7.974075 61.788486 0.951056 0.000000 -0.309017 0.786563 0.297220 1 0 1.000000
  0 -50.198692 7.974075 69.955521 0.891007 0.000000 -0.453990 0.759208 0.297220 1 0 1.000000
Door_01
  0 -50.198692 -7.971910 69.955521 0.891007 0.000000 -0.453990 0.759208 0.338576 1 0 1.000000
  0 -53.581589 -7.971910 61.788486 0.951056 0.000000 -0.309017 0.786563 0.338576 1 0 1.000000
  0 -53.581589 7.974075 61.788486 0.951056 0.000000 -0.309017 0.786563 0.297220 1 0 1.000000
Door_01
  0 -55.645233 7.974075 53.192795 0.987688 0.000000 -0.156434 0.813454 0.297220 1 0 1.000000
  0 -53.581589 7.974075 61.788486 0.951056 0.000000 -0.309017 0.786563 0.297220 1 0 1.000000
  0 -53.581589 -7.971910 61.788486 0.951056 0.000000 -0.309017 0.786563 0.338576 1 0 1.000000
Door_01
  0 -55.645233 7.974075 53.192795 0.987688 0.000000 -0.156434 0.813454 0.297220 1 0 1.000000
  0 -53.581589 -7.971910 61.788486 0.951056 0.000000 -0.309017 0.786563 0.338576 1 0 1.000000
  0 -55.645233 -7.971910 53.192795 0.987688 0.000000 -0.156434 0.813454 0.338576 1 0 1.000000
Door_01
  0 -55.645233 -7.971910 53.192795 0.987688 0.000000 -0.156434 0.813454 0.338576 1 0 1.000000
  0 -56.338806 7.974076 44.380104 1.000000 0.000000 0.000000 0.839896 0.297220 1 0 1.000000
  0 -55.645233 7.974075 53.192795 0.987688 0.000000 -0.156434 0.813454 0.297220 1 0 1.000000
Door_01
  0 -55.645233 -7.971910 53.192795 0.987688 0.000000 -0.156434 0.813454 0.338576 1 0 1.000000
  0 -56.338806 -7.971909 44.380104 1.000000 0.000000 0.000000 0.839896 0.338576 1 0 1.000000
  0 -56.338806 7.974076 44.380104 1.000000 0.000000 0.000000 0.839896 0.297220 1 0 1.000000
Door_01
  0 -55.645233 7.974076 35.567417 0.987688 0.000000 0.156434 0.865911 0.297220 1 0 1.000000
  0 -56.338806 7.974076 44.380104 1.000000 0.000000 0.000000 0.839896 0.297220 1 0 1.000000
  0 -56.338806 -7.971909 44.380104 1.000000 0.000000 0.000000 0.839896 0.338576 1 0 1.000000
Door_01
  0 -55.645233 7.974076 35.567417 0.987688 0.000000 0.156434 0.865911 0.297220 1 0 1.000000
  0 -56.338806 -7.971909 44.380104 1.000000 0.000000 0.000000 0.839896 0.338576 1 0 1.000000
  0 -55.645233 -7.971909 35.567417 0.987688 0.000000 0.156434 0.865911 0.338576 1 0 1.000000
Door_01
  0 45.571629 7.974078 77.492813 -0.809017 0.000000 -0.587785 0.382363 0.297220 1 0 1.000000
  0 50.190483 7.974080 69.955521 -0.891007 0.000000 -0.453990 0.354545 0.297220 1 0 1.000000
  0 50.190483 -7.971905 69.955521 -0.891007 0.000000 -0.453990 0.354545 0.338576 1 0 1.000000
Door_01
  0 45.571629 7.974078 77.492813 -0.809017 0.000000 -0.587785 0.382363 0.297220 1 0 1.000000
  0 50.190483 -7.971905 69.955521 -0.891007 0.000000 -0.453990 0.354545 0.338576 1 0 1.000000
  0 45.571629 -7.971906 77.492813 -0.809017 0.000000 -0.587785 0.382363 0.338576 1 0 1.000000
Door_01
  0 45.571629 -7.971906 77.492813 -0.809017 0.000000 -0.587785 0.382363 0.338576 1 0 1.000000
  0 39.830547 7.974078 84.214752 -0.707107 0.000000 -0.707107 0.410629 0.297220 1 0 1.000000
  0 45.571629 7.974078 77.492813 -0.809017 0.000000 -0.587785 0.382363 0.297220 1 0 1.000000
Door_01
  0 45.571629 -7.971906 77.492813 -0.809017 0.000000 -0.587785 0.382363 0.338576 1 0 1.000000
  0 39.830547 -7.971906 84.214752 -0.707107 0.000000 -0.707107 0.410629 0.338576 1 0 1.000000
  0 39.830547 7.974078 84.214752 -0.707107 0.000000 -0.707107 0.410629 0.297220 1 0 1.000000
Door_01
  0 33.108604 7.974077 89.955833 -0.587785 0.000000 -0.809017 0.439310 0.297220 1 0 1.000000
  0 39.830547 7.974078 84.214752 -0.707107 0.000000 -0.707107 0.410629 0.297220 1 0 1.000000
  0 39.830547 -7.971906 84.214752 -0.707107 0.000000 -0.707107 0.410629 0.338576 1 0 1.000000
Door_01
  0 33.108604 7.974077 89.955833 -0.587785 0.000000 -0.809017 0.439310 0.297220 1 0 1.000000
  0 39.830547 -7.971906 84.214752 -0.707107 0.000000 -0.707107 0.410629 0.338576 1 0 1.000000
  0 33.108604 -7.971907 89.955833 -0.587785 0.000000 -0.809017 0.439310 0.338576 1 0 1.000000
Door_01
  0 25.571316 7.974076 94.574692 -0.453990 0.000000 -0.891007 0.468354 0.297220 1 0 1.000000
  0 33.108604 7.974077 89.955833 -0.587785 0.000000 -0.809017 0.439310 0.297220 1 0 1.000000
  0 33.108604 -7.971907 89.955833 -0.587785 0.000000 -0.809017 0.439310 0.338576 1 0 1.000000
Door_01
  0 25.571316 7.974076 94.574692 -0.453990 0.000000 -0.891007 0.468354 0.297220 1 0 1.000000
  0 33.108604 -7.971907 89.955833 -0.587785 0.000000 -0.809017 0.439310 0.338576 1 0 1.000000
  0 25.571316 -7.971908 94.574692 -0.453990 0.000000 -0.891007 0.468354 0.338576 1 0 1.000000
Door_01
  0 17.404276 7.974076 97.957588 -0.309017 0.000000 -0.951056 0.497690 0.297220 1 0 1.000000
  0 25.571316 7.974076 94.574692 -0.453990 0.000000 -0.891007 0.468354 0.297220 1 0 1.000000
  0 25.571316 -7.971908 94.574692 -0.453990 0.000000 -0.891007 0.468354 0.338576 1 0 1.000000
Door_01
  0 17.404276 7.974076 97.957588 -0.309017 0.000000 -0.951056 0.497690 0.297220 1 0 1.000000
  0 25.571316 -7.971908 94.574692 -0.453990 0.000000 -0.891007 0.468354 0.338576 1 0 1.000000
  0 17.404276 -7.971908 97.957588 -0.309017 0.000000 -0.951056 0.497690 0.338576 1 0 1.000000
Door_01
  0 17.404276 -7.971908 97.957588 -0.309017 0.000000 -0.951056 0.497690 0.338576 1 0 1.000000
  0 8.808585 7.974075 100.021233 -0.156434 0.000000 -0.987688 0.527230 0.297220 1 0 1.000000
  0 17.404276 7.974076 97.957588 -0.309017 0.000000 -0.951056 0.497690 0.297220 1 0 1.000000
Door_01
  0 17.404276 -7.971908 97.957588 -0.309017 0.000000 -0.951056 0.497690 0.338576 1 0 1.000000
  0 8.808585 -7.971909 100.021233 -0.156434 0.000000 -0.987688 0.527230 0.338576 1 0 1.000000
  0 8.808585 7.974075 100.021233 -0.156434 0.000000 -0.987688 0.527230 0.297220 1 0 1.000000
Door_01
  0 8.808585 -7.971909 100.021233 -0.156434 0.000000 -0.987688 0.527230 0.338576 1 0 1.000000
  0 -0.004104 7.974075 100.714806 0.000000 0.000000 -1.000000 0.556876 0.297220 1 0 1.000000
  0 8.808585 7.974075 100.021233 -0.156434 0.000000 -0.987688 0.527230 0.297220 1 0 1.000000
Door_01
  0 8.808585 -7.971909 100.021233 -0.156434 0.000000 -0.987688 0.527230 0.338576 1 0 1.000000
  0 -0.004104 -7.971909 100.714806 0.000000 0.000000 -1.000000 0.556876 0.338576 1 0 1.000000
  0 -0.004104 7.974075 100.714806 0.000000 0.000000 -1.000000 0.556876 0.297220 1 0 1.000000
Door_01
  0 -0.004104 -7.971909 100.714806 0.000000 0.000000 -1.000000 0.556876 0.338576 1 0 1.000000
  0 -8.816792 7.974074 100.021233 0.156434 0.000000 -0.987688 0.586523 0.297220 1 0 1.000000
  0 -0.004104 7.974075 100.714806 0.000000 0.000000 -1.000000 0.556876 0.297220 1 0 1.000000
Door_01
  0 -0.004104 -7.971909 100.714806 0.000000 0.000000 -1.000000 0.556876 0.338576 1 0 1.000000
  0 -8.816792 -7.971910 100.021233 0.156434 0.000000 -0.987688 0.586523 0.338576 1 0 1.000000
  0 -8.816792 7.974074 100.021233 0.156434 0.000000 -0.987688 0.586523 0.297220 1 0 1.000000
Door_01
  0 -8.816792 -7.971910 100.021233 0.156434 0.000000 -0.987688 0.586523 0.338576 1 0 1.000000
  0 -17.412483 7.974074 97.957588 0.309017 0.000000 -0.951056 0.616063 0.297220 1 0 1.000000
  0 -8.816792 7.974074 100.021233 0.156434 0.000000 -0.987688 0.586523 0.297220 1 0 1.000000
Door_01
  0 -8.816792 -7.971910 100.021233 0.156434 0.000000 -0.987688 0.586523 0.338576 1 0 1.000000
  0 -17.412483 -7.971910 97.957588 0.309017 0.000000 -0.951056 0.616063 0.338576 1 0 1.000000
  0 -17.412483 7.974074 97.957588 0.309017 0.000000 -0.951056 0.616063 0.297220 1 0 1.000000
Door_01
  0 34.163635 -7.971902 -0.007083 -0.626288 0.000000 0.779592 0.127146 0.338576 1 0 1.000000
  0 39.830547 7.974082 4.545455 -0.696394 0.000000 0.717660 0.147344 0.297220 1 0 1.000000
  0 34.163635 7.974082 -0.007083 -0.626288 0.000000 0.779592 0.127146 0.297220 1 0 1.000000
Door_01
  0 34.163635 -7.971902 -0.007083 -0.626288 0.000000 0.779592 0.127146 0.338576 1 0 1.000000
  0 39.830547 -7.971902 4.545455 -0.696394 0.000000 0.717660 0.147344 0.338576 1 0 1.000000
  0 39.830547 7.974082 4.545455 -0.696394 0.000000 0.717660 0.147344 0.297220 1 0 1.000000
Door_01
  0 45.571629 7.974081 11.267398 -0.809017 0.000000 0.587785 0.172015 0.297220 1 0 1.000000
  0 39.830547 7.974082 4.545455 -0.696394 0.000000 0.717660 0.147344 0.297220 1 0 1.000000
  0 39.830547 -7.971902 4.545455 -0.696394 0.000000 0.717660 0.147344 0.338576 1 0 1.000000
Door_01
  0 45.571629 7.974081 11.267398 -0.809017 0.000000 0.587785 0.172015 0.297220 1 0 1.000000
  0 39.830547 -7.971902 4.545455 -0.696394 0.000000 0.717660 0.147344 0.338576 1 0 1.000000
  0 45.571629 -7.971903 11.267398 -0.809017 0.000000 0.587785 0.172015 0.338576 1 0 1.000000
Door_01
  0 50.190483 7.974082 18.804686 -0.891007 0.000000 0.453990 0.196960 0.297220 1 0 1.000000
  0 45.571629 7.974081 11.267398 -0.809017 0.000000 0.587785 0.172015 0.297220 1 0 1.000000
  0 45.571629 -7.971903 11.267398 -0.809017 0.000000 0.587785 0.172015 0.338576 1 0 1.000000
Door_01
  0 50.190483 7.974082 18.804686 -0.891007 0.000000 0.453990 0.196960 0.297220 1 0 1.000000
  0 45.571629 -7.971903 11.267398 -0.809017 0.000000 0.587785 0.172015 0.338576 1 0 1.000000
  0 50.190483 -7.971903 18.804686 -0.891007 0.000000 0.453990 0.196960 0.338576 1 0 1.000000
Door_01
  0 53.573383 7.974082 26.971725 -0.951056 0.000000 0.309017 0.222222 0.297220 1 0 1.000000
  0 50.190483 7.974082 18.804686 -0.891007 0.000000 0.453990 0.196960 0.297220 1 0 1.000000
  0 50.190483 -7.971903 18.804686 -0.891007 0.000000 0.453990 0.196960 0.338576 1 0 1.000000
Door_01
  0 53.573383 7.974082 26.971725 -0.951056 0.000000 0.309017 0.222222 0.297220 1 0 1.000000
  0 50.190483 -7.971903 18.804686 -0.891007 0.000000 0.453990 0.196960 0.338576 1 0 1.000000
  0 53.573383 -7.971903 26.971725 -0.951056 0.000000 0.309017 0.222222 0.338576 1 0 1.000000
Door_01
  0 53.573383 -7.971903 26.971725 -0.951056 0.000000 0.309017 0.222222 0.338576 1 0 1.000000
  0 55.637024 7.974081 35.567417 -0.987688 0.000000 0.156434 0.247842 0.297220 1 0 1.000000
  0 53.573383 7.974082 26.971725 -0.951056 0.000000 0.309017 0.222222 0.297220 1 0 1.000000
Door_01
  0 53.573383 -7.971903 26.971725 -0.951056 0.000000 0.309017 0.222222 0.338576 1 0 1.000000
  0 55.637024 -7.971904 35.567417 -0.987688 0.000000 0.156434 0.247842 0.338576 1 0 1.000000
  0 55.637024 7.974081 35.567417 -0.987688 0.000000 0.156434 0.247842 0.297220 1 0 1.000000
Door_01
  0 56.330597 7.974081 44.380104 -1.000000 0.000000 0.000000 0.273857 0.297220 1 0 1.000000
  0 55.637024 7.974081 35.567417 -0.987688 0.000000 0.156434 0.247842 0.297220 1 0 1.000000
  0 55.637024 -7.971904 35.567417 -0.987688 0.000000 0.156434 0.247842 0.338576 1 0 1.000000
Door_01
  0 56.330597 7.974081 44.380104 -1.000000 0.000000 0.000000 0.273857 0.297220 1 0 1.000000
  0 55.637024 -7.971904 35.567417 -0.987688 0.000000 0.156434 0.247842 0.338576 1 0 1.000000
  0 56.330597 -7.971904 44.380104 -1.000000 0.000000 0.000000 0.273857 0.338576 1 0 1.000000
Door_01
  0 56.330597 -7.971904 44.380104 -1.000000 0.000000 0.000000 0.273857 0.338576 1 0 1.000000
  0 55.637024 7.974080 53.192795 -0.987688 0.000000 -0.156434 0.300298 0.297220 1 0 1.000000
  0 56.330597 7.974081 44.380104 -1.000000 0.000000 0.000000 0.273857 0.297220 1 0 1.000000
Door_01
  0 56.330597 -7.971904 44.380104 -1.000000 0.000000 0.000000 0.273857 0.338576 1 0 1.000000
  0 55.637024 -7.971905 53.192795 -0.987688 0.000000 -0.156434 0.300298 0.338576 1 0 1.000000
  0 55.637024 7.974080 53.192795 -0.987688 0.000000 -0.156434 0.300298 0.297220 1 0 1.000000
Door_01
  0 53.573383 7.974080 61.788486 -0.951056 0.000000 -0.309017 0.327190 0.297220 1 0 1.000000
  0 55.637024 7.974080 53.192795 -0.987688 0.000000 -0.156434 0.300298 0.297220 1 0 1.000000
  0 55.637024 -7.971905 53.192795 -0.987688 0.000000 -0.156434 0.300298 0.338576 1 0 1.000000
Door_01
  0 53.573383 7.974080 61.788486 -0.951056 0.000000 -0.309017 0.327190 0.297220 1 0 1.000000
  0 55.637024 -7.971905 53.192795 -0.987688 0.000000 -0.156434 0.300298 0.338576 1 0 1.000000
  0 53.573383 -7.971905 61.788486 -0.951056 0.000000 -0.309017 0.327190 0.338576 1 0 1.000000
Door_01
  0 53.573383 -7.971905 61.788486 -0.951056 0.000000 -0.309017 0.327190 0.338576 1 0 1.000000
  0 50.190483 7.974080 69.955521 -0.891007 0.000000 -0.453990 0.354545 0.297220 1 0 1.000000
  0 53.573383 7.974080 61.788486 -0.951056 0.000000 -0.309017 0.327190 0.297220 1 0 1.000000
Door_01
  0 53.573383 -7.971905 61.788486 -0.951056 0.000000 -0.309017 0.327190 0.338576 1 0 1.000000
  0 50.190483 -7.971905 69.955521 -0.891007 0.000000 -0.453990 0.354545 0.338576 1 0 1.000000
  0 50.190483 7.974080 69.955521 -0.891007 0.000000 -0.453990 0.354545 0.297220 1 0 1.000000
Door_01
  0 -54.390076 -8.078612 35.765591 0.082647 0.996493 0.013090 0.052983 0.723157 1 0 1.000000
  0 -53.581589 -7.971908 26.971725 0.000000 1.000000 0.000000 0.055475 0.691910 1 0 1.000000
  0 -55.645233 -7.971909 35.567417 0.000000 1.000000 0.000000 0.048156 0.722395 1 0 1.000000
Door_01
  0 -54.390076 -8.078612 35.765591 0.082647 0.996493 0.013090 0.052983 0.723157 1 0 1.000000
  0 -52.372990 -8.078611 27.363787 0.079589 0.996492 0.025860 0.060123 0.693418 1 0 1.000000
  0 -53.581589 -7.971908 26.971725 0.000000 1.000000 0.000000 0.055475 0.691910 1 0 1.000000
Door_01
  0 -52.372990 -8.078611 27.363787 0.079589 0.996492 0.025860 0.060123 0.693418 1 0 1.000000
  0 -50.198692 -7.971908 18.804686 0.000000 1.000000 0.000000 0.067473 0.662946 1 0 1.000000
  0 -53.581589 -7.971908 26.971725 0.000000 1.000000 0.000000 0.055475 0.691910 1 0 1.000000
Door_01
  0 -52.372990 -8.078611 27.363787 0.079589 0.996492 0.025860 0.060123 0.693418 1 0 1.000000
  0 -49.066402 -8.078611 19.380960 0.074569 0.996492 0.037995 0.071827 0.665162 1 0 1.000000
  0 -50.198692 -7.971908 18.804686 0.000000 1.000000 0.000000 0.067473 0.662946 1 0 1.000000
Door_01
  0 -49.066402 -8.078611 19.380960 0.074569 0.996492 0.037995 0.071827 0.665162 1 0 1.000000
  0 -45.579834 -7.971907 11.267398 0.000000 1.000000 0.000000 0.083854 0.636214 1 0 1.000000
  0 -50.198692 -7.971908 18.804686 0.000000 1.000000 0.000000 0.067473 0.662946 1 0 1.000000
Door_01
  0 -49.066402 -8.078611 19.380960 0.074569 0.996492 0.037995 0.071827 0.665162 1 0 1.000000
  0 -44.551739 -8.078611 12.013681 0.067714 0.996491 0.049197 0.087807 0.639084 1 0 1.000000
  0 -45.579834 -7.971907 11.267398 0.000000 1.000000 0.000000 0.083854 0.636214 1 0 1.000000
Door_01
  0 -44.551739 -8.078611 12.013681 0.067714 0.996491 0.049197 0.087807 0.639084 1 0 1.000000
  0 -39.838753 -7.971906 4.545455 0.000000 1.000000 0.000000 0.104215 0.612375 1 0 1.000000
  0 -45.579834 -7.971907 11.267398 0.000000 1.000000 0.000000 0.083854 0.636214 1 0 1.000000
Door_01
  0 -44.551739 -8.078611 12.013681 0.067714 0.996491 0.049197 0.087807 0.639084 1 0 1.000000
  0 -38.940254 -8.078611 5.443257 0.058197 0.996508 0.059879 0.107670 0.615828 1 0 1.000000
  0 -39.838753 -7.971906 4.545455 0.000000 1.000000 0.000000 0.104215 0.612375 1 0 1.000000
Door_01
  0 -38.940254 -8.078611 5.443257 0.058197 0.996508 0.059879 0.107670 0.615828 1 0 1.000000
  0 -34.216076 -7.971905 0.007416 0.000000 1.000000 0.000000 0.124156 0.596281 1 0 1.000000
  0 -39.838753 -7.971906 4.545455 0.000000 1.000000 0.000000 0.104215 0.612375 1 0 1.000000
Door_01
  0 -38.940254 -8.078611 5.443257 0.058197 0.996508 0.059879 0.107670 0.615828 1 0 1.000000
  0 -32.173492 -8.078610 0.000671 0.052544 0.996486 0.065226 0.131400 0.596257 1 0 1.000000
  0 -34.216076 -7.971905 0.007416 0.000000 1.000000 0.000000 0.124156 0.596281 1 0 1.000000
Door_01
  0 -17.019705 -8.078613 96.748421 0.025845 0.996496 -0.079541 0.185260 0.939014 1 0 1.000000
  0 -25.579523 -7.971910 94.574692 0.000000 1.000000 0.000000 0.154785 0.931666 1 0 1.000000
  0 -17.412483 -7.971910 97.957588 0.000000 1.000000 0.000000 0.183750 0.943664 1 0 1.000000
Door_01
  0 -17.019705 -8.078613 96.748421 0.025845 0.996496 -0.079541 0.185260 0.939014 1 0 1.000000
  0 -25.002520 -8.078613 93.441833 0.037970 0.996496 -0.074520 0.157004 0.927310 1 0 1.000000
  0 -25.579523 -7.971910 94.574692 0.000000 1.000000 0.000000 0.154785 0.931666 1 0 1.000000
Door_01
  0 -25.002520 -8.078613 93.441833 0.037970 0.996496 -0.074520 0.157004 0.927310 1 0 1.000000
  0 -33.116810 -7.971910 89.955833 0.000000 1.000000 0.000000 0.128054 0.915285 1 0 1.000000
  0 -25.579523 -7.971910 94.574692 0.000000 1.000000 0.000000 0.154785 0.931666 1 0 1.000000
Door_01
  0 -25.002520 -8.078613 93.441833 0.037970 0.996496 -0.074520 0.157004 0.927310 1 0 1.000000
  0 -32.369789 -8.078613 88.927170 0.049162 0.996496 -0.067665 0.130927 0.911330 1 0 1.000000
  0 -33.116810 -7.971910 89.955833 0.000000 1.000000 0.000000 0.128054 0.915285 1 0 1.000000
Door_01
  0 -32.369789 -8.078613 88.927170 0.049162 0.996496 -0.067665 0.130927 0.911330 1 0 1.000000
  0 -39.838753 -7.971910 84.214752 0.000000 1.000000 0.000000 0.104215 0.894924 1 0 1.000000
  0 -33.116810 -7.971910 89.955833 0.000000 1.000000 0.000000 0.128054 0.915285 1 0 1.000000
Door_01
  0 -32.369789 -8.078613 88.927170 0.049162 0.996496 -0.067665 0.130927 0.911330 1 0 1.000000
  0 -38.940105 -8.078614 83.315590 0.059144 0.996496 -0.059144 0.107670 0.891467 1 0 1.000000
  0 -39.838753 -7.971910 84.214752 0.000000 1.000000 0.000000 0.104215 0.894924 1 0 1.000000
Door_01
  0 -38.940105 -8.078614 83.315590 0.059144 0.996496 -0.059144 0.107670 0.891467 1 0 1.000000
  0 -45.579834 -7.971910 77.492813 0.000000 1.000000 0.000000 0.083854 0.871085 1 0 1.000000
  0 -39.838753 -7.971910 84.214752 0.000000 1.000000 0.000000 0.104215 0.894924 1 0 1.000000
Door_01
  0 -38.940105 -8.078614 83.315590 0.059144 0.996496 -0.059144 0.107670 0.891467 1 0 1.000000
  0 -44.551689 -8.078614 76.745277 0.067672 0.996495 -0.049166 0.087807 0.868210 1 0 1.000000
  0 -45.579834 -7.971910 77.492813 0.000000 1.000000 0.000000 0.083854 0.871085 1 0 1.000000
Door_01
  0 -44.551689 -8.078614 76.745277 0.067672 0.996495 -0.049166 0.087807 0.868210 1 0 1.000000
  0 -50.198692 -7.971910 69.955521 0.000000 1.000000 0.000000 0.067473 0.844354 1 0 1.000000
  0 -45.579834 -7.971910 77.492813 0.000000 1.000000 0.000000 0.083854 0.871085 1 0 1.000000
Door_01
  0 -44.551689 -8.078614 76.745277 0.067672 0.996495 -0.049166 0.087807 0.868210 1 0 1.000000
  0 -49.066360 -8.078613 69.378014 0.074535 0.996495 -0.037977 0.071827 0.842133 1 0 1.000000
  0 -50.198692 -7.971910 69.955521 0.000000 1.000000 0.000000 0.067473 0.844354 1 0 1.000000
Door_01
  0 -49.066360 -8.078613 69.378014 0.074535 0.996495 -0.037977 0.071827 0.842133 1 0 1.000000
  0 -53.581589 -7.971910 61.788486 0.000000 1.000000 0.000000 0.055475 0.815389 1 0 1.000000
  0 -50.198692 -7.971910 69.955521 0.000000 1.000000 0.000000 0.067473 0.844354 1 0 1.000000
Door_01
  0 -49.066360 -8.078613 69.378014 0.074535 0.996495 -0.037977 0.071827 0.842133 1 0 1.000000
  0 -52.372959 -8.078613 61.395203 0.079563 0.996494 -0.025851 0.060123 0.813877 1 0 1.000000
  0 -53.581589 -7.971910 61.788486 0.000000 1.000000 0.000000 0.055475 0.815389 1 0 1.000000
Door_01
  0 -52.372959 -8.078613 61.395203 0.079563 0.996494 -0.025851 0.060123 0.813877 1 0 1.000000
  0 -55.645233 -7.971910 53.192795 0.000000 1.000000 0.000000 0.048156 0.784904 1 0 1.000000
  0 -53.581589 -7.971910 61.788486 0.000000 1.000000 0.000000 0.055475 0.815389 1 0 1.000000
Door_01
  0 -52.372959 -8.078613 61.395203 0.079563 0.996494 -0.025851 0.060123 0.813877 1 0 1.000000
  0 -54.390060 -8.078612 52.993401 0.082634 0.996494 -0.013088 0.052983 0.784137 1 0 1.000000
  0 -55.645233 -7.971910 53.192795 0.000000 1.000000 0.000000 0.048156 0.784904 1 0 1.000000
Door_01
  0 -54.390060 -8.078612 52.993401 0.082634 0.996494 -0.013088 0.052983 0.784137 1 0 1.000000
  0 -56.338806 -7.971909 44.380104 0.000000 1.000000 0.000000 0.045697 0.753650 1 0 1.000000
  0 -55.645233 -7.971910 53.192795 0.000000 1.000000 0.000000 0.048156 0.784904 1 0 1.000000
Door_01
  0 -54.390060 -8.078612 52.993401 0.082634 0.996494 -0.013088 0.052983 0.784137 1 0 1.000000
  0 -55.067997 -8.078613 44.379498 0.083671 0.996493 0.000000 0.050583 0.753647 1 0 1.000000
  0 -56.338806 -7.971909 44.380104 0.000000 1.000000 0.000000 0.045697 0.753650 1 0 1.000000
Door_01
  0 -55.067997 -8.078613 44.379498 0.083671 0.996493 0.000000 0.050583 0.753647 1 0 1.000000
  0 -55.645233 -7.971909 35.567417 0.000000 1.000000 0.000000 0.048156 0.722395 1 0 1.000000
  0 -56.338806 -7.971909 44.380104 0.000000 1.000000 0.000000 0.045697 0.753650 1 0 1.000000
Door_01
  0 -55.067997 -8.078613 44.379498 0.083671 0.996493 0.000000 0.050583 0.753647 1 0 1.000000
  0 -54.390076 -8.078612 35.765591 0.082647 0.996493 0.013090 0.052983 0.723157 1 0 1.000000
  0 -55.645233 -7.971909 35.567417 0.000000 1.000000 0.000000 0.048156 0.722395 1 0 1.000000
Door_01
  0 49.058353 -8.078609 69.378021 -0.074545 0.996494 -0.037982 0.419153 0.842133 1 0 1.000000
  0 45.571629 -7.971906 77.492813 0.000000 1.000000 0.000000 0.407125 0.871085 1 0 1.000000
  0 50.190483 -7.971905 69.955521 0.000000 1.000000 0.000000 0.423506 0.844354 1 0 1.000000
Door_01
  0 49.058353 -8.078609 69.378021 -0.074545 0.996494 -0.037982 0.419153 0.842133 1 0 1.000000
  0 44.543674 -8.078610 76.745285 -0.067680 0.996495 -0.049172 0.403172 0.868210 1 0 1.000000
  0 45.571629 -7.971906 77.492813 0.000000 1.000000 0.000000 0.407125 0.871085 1 0 1.000000
Door_01
  0 44.543674 -8.078610 76.745285 -0.067680 0.996495 -0.049172 0.403172 0.868210 1 0 1.000000
  0 39.830547 -7.971906 84.214752 0.000000 1.000000 0.000000 0.386764 0.894924 1 0 1.000000
  0 45.571629 -7.971906 77.492813 0.000000 1.000000 0.000000 0.407125 0.871085 1 0 1.000000
Door_01
  0 44.543674 -8.078610 76.745285 -0.067680 0.996495 -0.049172 0.403172 0.868210 1 0 1.000000
  0 38.932091 -8.078610 83.315598 -0.059151 0.996495 -0.059150 0.383309 0.891467 1 0 1.000000
  0 39.830547 -7.971906 84.214752 0.000000 1.000000 0.000000 0.386764 0.894924 1 0 1.000000
Door_01
  0 38.932091 -8.078610 83.315598 -0.059151 0.996495 -0.059150 0.383309 0.891467 1 0 1.000000
  0 33.108604 -7.971907 89.955833 0.000000 1.000000 0.000000 0.362925 0.915285 1 0 1.000000
  0 39.830547 -7.971906 84.214752 0.000000 1.000000 0.000000 0.386764 0.894924 1 0 1.000000
Door_01
  0 38.932091 -8.078610 83.315598 -0.059151 0.996495 -0.059150 0.383309 0.891467 1 0 1.000000
  0 32.361771 -8.078611 88.927177 -0.049166 0.996495 -0.067671 0.360053 0.911330 1 0 1.000000
  0 33.108604 -7.971907 89.955833 0.000000 1.000000 0.000000 0.362925 0.915285 1 0 1.000000
Door_01
  0 32.361771 -8.078611 88.927177 -0.049166 0.996495 -0.067671 0.360053 0.911330 1 0 1.000000
  0 25.571316 -7.971908 94.574692 0.000000 1.000000 0.000000 0.336193 0.931666 1 0 1.000000
  0 33.108604 -7.971907 89.955833 0.000000 1.000000 0.000000 0.362925 0.915285 1 0 1.000000
Door_01
  0 32.361771 -8.078611 88.927177 -0.049166 0.996495 -0.067671 0.360053 0.911330 1 0 1.000000
  0 24.994499 -8.078611 93.441841 -0.037973 0.996496 -0.074526 0.333976 0.927310 1 0 1.000000
  0 25.571316 -7.971908 94.574692 0.000000 1.000000 0.000000 0.336193 0.931666 1 0 1.000000
Door_01
  0 24.994499 -8.078611 93.441841 -0.037973 0.996496 -0.074526 0.333976 0.927310 1 0 1.000000
  0 17.404276 -7.971908 97.957588 0.000000 1.000000 0.000000 0.307229 0.943664 1 0 1.000000
  0 25.571316 -7.971908 94.574692 0.000000 1.000000 0.000000 0.336193 0.931666 1 0 1.000000
Door_01
  0 24.994499 -8.078611 93.441841 -0.037973 0.996496 -0.074526 0.333976 0.927310 1 0 1.000000
  0 17.011684 -8.078611 96.748421 -0.025846 0.996496 -0.079545 0.305719 0.939014 1 0 1.000000
  0 17.404276 -7.971908 97.957588 0.000000 1.000000 0.000000 0.307229 0.943664 1 0 1.000000
Door_01
  0 17.011684 -8.078611 96.748421 -0.025846 0.996496 -0.079545 0.305719 0.939014 1 0 1.000000
  0 8.808585 -7.971909 100.021233 0.000000 1.000000 0.000000 0.276744 0.950983 1 0 1.000000
  0 17.404276 -7.971908 97.957588 0.000000 1.000000 0.000000 0.307229 0.943664 1 0 1.000000
Door_01
  0 17.011684 -8.078611 96.748421 -0.025846 0.996496 -0.079545 0.305719 0.939014 1 0 1.000000
  0 8.609887 -8.078613 98.765511 -0.013084 0.996496 -0.082606 0.275980 0.946154 1 0 1.000000
  0 8.808585 -7.971909 100.021233 0.000000 1.000000 0.000000 0.276744 0.950983 1 0 1.000000
Door_01
  0 8.609887 -8.078613 98.765511 -0.013084 0.996496 -0.082606 0.275980 0.946154 1 0 1.000000
  0 -0.004104 -7.971909 100.714806 0.000000 1.000000 0.000000 0.245489 0.953442 1 0 1.000000
  0 8.808585 -7.971909 100.021233 0.000000 1.000000 0.000000 0.276744 0.950983 1 0 1.000000
Door_01
  0 8.609887 -8.078613 98.765511 -0.013084 0.996496 -0.082606 0.275980 0.946154 1 0 1.000000
  0 -0.004011 -8.078613 99.443443 0.000000 0.996496 -0.083634 0.245490 0.948554 1 0 1.000000
  0 -0.004104 -7.971909 100.714806 0.000000 1.000000 0.000000 0.245489 0.953442 1 0 1.000000
Door_01
  0 -0.004011 -8.078613 99.443443 0.000000 0.996496 -0.083634 0.245490 0.948554 1 0 1.000000
  0 -8.816792 -7.971910 100.021233 0.000000 1.000000 0.000000 0.214235 0.950983 1 0 1.000000
  0 -0.004104 -7.971909 100.714806 0.000000 1.000000 0.000000 0.245489 0.953442 1 0 1.000000
Door_01
  0 -0.004011 -8.078613 99.443443 0.000000 0.996496 -0.083634 0.245490 0.948554 1 0 1.000000
  0 -8.617909 -8.078613 98.765511 0.013083 0.996496 -0.082604 0.215000 0.946154 1 0 1.000000
  0 -8.816792 -7.971910 100.021233 0.000000 1.000000 0.000000 0.214235 0.950983 1 0 1.000000
Door_01
  0 -8.617909 -8.078613 98.765511 0.013083 0.996496 -0.082604 0.215000 0.946154 1 0 1.000000
  0 -17.412483 -7.971910 97.957588 0.000000 1.000000 0.000000 0.183750 0.943664 1 0 1.000000
  0 -8.816792 -7.971910 100.021233 0.000000 1.000000 0.000000 0.214235 0.950983 1 0 1.000000
Door_01
  0 -8.617909 -8.078613 98.765511 0.013083 0.996496 -0.082604 0.215000 0.946154 1 0 1.000000
  0 -17.019705 -8.078613 96.748421 0.025845 0.996496 -0.079541 0.185260 0.939014 1 0 1.000000
  0 -17.412483 -7.971910 97.957588 0.000000 1.000000 0.000000 0.183750 0.943664 1 0 1.000000
Door_01
  0 54.382069 8.080783 35.765591 -0.082660 -0.996492 0.013092 0.437997 0.723157 1 0 1.000000
  0 53.573383 7.974082 26.971725 0.000000 -1.000000 0.000000 0.435503 0.691910 1 0 1.000000
  0 55.637024 7.974081 35.567417 0.000000 -1.000000 0.000000 0.442822 0.722395 1 0 1.000000
Door_01
  0 54.382069 8.080783 35.765591 -0.082660 -0.996492 0.013092 0.437997 0.723157 1 0 1.000000
  0 52.364983 8.080784 27.363781 -0.079600 -0.996491 0.025864 0.430857 0.693418 1 0 1.000000
  0 53.573383 7.974082 26.971725 0.000000 -1.000000 0.000000 0.435503 0.691910 1 0 1.000000
Door_01
  0 52.364983 8.080784 27.363781 -0.079600 -0.996491 0.025864 0.430857 0.693418 1 0 1.000000
  0 50.190483 7.974082 18.804686 0.000000 -1.000000 0.000000 0.423506 0.662946 1 0 1.000000
  0 53.573383 7.974082 26.971725 0.000000 -1.000000 0.000000 0.435503 0.691910 1 0 1.000000
Door_01
  0 52.364983 8.080784 27.363781 -0.079600 -0.996491 0.025864 0.430857 0.693418 1 0 1.000000
  0 49.058392 8.080784 19.380955 -0.074580 -0.996491 0.038000 0.419153 0.665162 1 0 1.000000
  0 50.190483 7.974082 18.804686 0.000000 -1.000000 0.000000 0.423506 0.662946 1 0 1.000000
Door_01
  0 49.058392 8.080784 19.380955 -0.074580 -0.996491 0.038000 0.419153 0.665162 1 0 1.000000
  0 45.571629 7.974081 11.267398 0.000000 -1.000000 0.000000 0.407125 0.636214 1 0 1.000000
  0 50.190483 7.974082 18.804686 0.000000 -1.000000 0.000000 0.423506 0.662946 1 0 1.000000
Door_01
  0 49.058392 8.080784 19.380955 -0.074580 -0.996491 0.038000 0.419153 0.665162 1 0 1.000000
  0 44.543724 8.080784 12.013674 -0.067723 -0.996490 0.049204 0.403172 0.639084 1 0 1.000000
  0 45.571629 7.974081 11.267398 0.000000 -1.000000 0.000000 0.407125 0.636214 1 0 1.000000
Door_01
  0 44.543724 8.080784 12.013674 -0.067723 -0.996490 0.049204 0.403172 0.639084 1 0 1.000000
  0 39.830547 7.974082 4.545455 0.000000 -1.000000 0.000000 0.386764 0.612375 1 0 1.000000
  0 45.571629 7.974081 11.267398 0.000000 -1.000000 0.000000 0.407125 0.636214 1 0 1.000000
Door_01
  0 44.543724 8.080784 12.013674 -0.067723 -0.996490 0.049204 0.403172 0.639084 1 0 1.000000
  0 38.932236 8.080785 5.443252 -0.058418 -0.996475 0.060199 0.383309 0.615828 1 0 1.000000
  0 39.830547 7.974082 4.545455 0.000000 -1.000000 0.000000 0.386764 0.612375 1 0 1.000000
Door_01
  0 38.932236 8.080785 5.443252 -0.058418 -0.996475 0.060199 0.383309 0.615828 1 0 1.000000
  0 34.163635 7.974082 -0.007083 0.000000 -1.000000 0.000000 0.366666 0.596229 1 0 1.000000
  0 39.830547 7.974082 4.545455 0.000000 -1.000000 0.000000 0.386764 0.612375 1 0 1.000000
Door_01
  0 38.932236 8.080785 5.443252 -0.058418 -0.996475 0.060199 0.383309 0.615828 1 0 1.000000
  0 32.170582 8.080784 -0.002058 -0.052980 -0.996421 0.065860 0.359598 0.596247 1 0 1.000000
  0 34.163635 7.974082 -0.007083 0.000000 -1.000000 0.000000 0.366666 0.596229 1 0 1.000000
Door_01
  0 17.011684 8.080780 96.748421 -0.025846 -0.996496 -0.079545 0.305719 0.939014 1 0 1.000000
  0 25.571316 7.974076 94.574692 0.000000 -1.000000 0.000000 0.336193 0.931666 1 0 1.000000
  0 17.404276 7.974076 97.957588 0.000000 -1.000000 0.000000 0.307229 0.943664 1 0 1.000000
Door_01
  0 17.011684 8.080780 96.748421 -0.025846 -0.996496 -0.079545 0.305719 0.939014 1 0 1.000000
  0 24.994499 8.080780 93.441841 -0.037973 -0.996496 -0.074526 0.333976 0.927310 1 0 1.000000
  0 25.571316 7.974076 94.574692 0.000000 -1.000000 0.000000 0.336193 0.931666 1 0 1.000000
Door_01
  0 24.994499 8.080780 93.441841 -0.037973 -0.996496 -0.074526 0.333976 0.927310 1 0 1.000000
  0 33.108604 7.974077 89.955833 0.000000 -1.000000 0.000000 0.362925 0.915285 1 0 1.000000
  0 25.571316 7.974076 94.574692 0.000000 -1.000000 0.000000 0.336193 0.931666 1 0 1.000000
Door_01
  0 24.994499 8.080780 93.441841 -0.037973 -0.996496 -0.074526 0.333976 0.927310 1 0 1.000000
  0 32.361771 8.080780 88.927177 -0.049166 -0.996495 -0.067671 0.360053 0.911330 1 0 1.000000
  0 33.108604 7.974077 89.955833 0.000000 -1.000000 0.000000 0.362925 0.915285 1 0 1.000000
Door_01
  0 32.361771 8.080780 88.927177 -0.049166 -0.996495 -0.067671 0.360053 0.911330 1 0 1.000000
  0 39.830547 7.974078 84.214752 0.000000 -1.000000 0.000000 0.386764 0.894924 1 0 1.000000
  0 33.108604 7.974077 89.955833 0.000000 -1.000000 0.000000 0.362925 0.915285 1 0 1.000000
Door_01
  0 32.361771 8.080780 88.927177 -0.049166 -0.996495 -0.067671 0.360053 0.911330 1 0 1.000000
  0 38.932091 8.080781 83.315598 -0.059151 -0.996495 -0.059151 0.383309 0.891467 1 0 1.000000
  0 39.830547 7.974078 84.214752 0.000000 -1.000000 0.000000 0.386764 0.894924 1 0 1.000000
Door_01
  0 38.932091 8.080781 83.315598 -0.059151 -0.996495 -0.059151 0.383309 0.891467 1 0 1.000000
  0 45.571629 7.974078 77.492813 0.000000 -1.000000 0.000000 0.407125 0.871085 1 0 1.000000
  0 39.830547 7.974078 84.214752 0.000000 -1.000000 0.000000 0.386764 0.894924 1 0 1.000000
Door_01
  0 38.932091 8.080781 83.315598 -0.059151 -0.996495 -0.059151 0.383309 0.891467 1 0 1.000000
  0 44.543674 8.080781 76.745285 -0.067680 -0.996495 -0.049172 0.403172 0.868210 1 0 1.000000
  0 45.571629 7.974078 77.492813 0.000000 -1.000000 0.000000 0.407125 0.871085 1 0 1.000000
Door_01
  0 44.543674 8.080781 76.745285 -0.067680 -0.996495 -0.049172 0.403172 0.868210 1 0 1.000000
  0 50.190483 7.974080 69.955521 0.000000 -1.000000 0.000000 0.423506 0.844354 1 0 1.000000
  0 45.571629 7.974078 77.492813 0.000000 -1.000000 0.000000 0.407125 0.871085 1 0 1.000000
Door_01
  0 44.543674 8.080781 76.745285 -0.067680 -0.996495 -0.049172 0.403172 0.868210 1 0 1.000000
  0 49.058353 8.080782 69.378021 -0.074545 -0.996494 -0.037982 0.419153 0.842133 1 0 1.000000
  0 50.190483 7.974080 69.955521 0.000000 -1.000000 0.000000 0.423506 0.844354 1 0 1.000000
Door_01
  0 49.058353 8.080782 69.378021 -0.074545 -0.996494 -0.037982 0.419153 0.842133 1 0 1.000000
  0 53.573383 7.974080 61.788486 0.000000 -1.000000 0.000000 0.435503 0.815389 1 0 1.000000
  0 50.190483 7.974080 69.955521 0.000000 -1.000000 0.000000 0.423506 0.844354 1 0 1.000000
Door_01
  0 49.058353 8.080782 69.378021 -0.074545 -0.996494 -0.037982 0.419153 0.842133 1 0 1.000000
  0 52.364952 8.080782 61.395206 -0.079575 -0.996493 -0.025855 0.430857 0.813877 1 0 1.000000
  0 53.573383 7.974080 61.788486 0.000000 -1.000000 0.000000 0.435503 0.815389 1 0 1.000000
Door_01
  0 52.364952 8.080782 61.395206 -0.079575 -0.996493 -0.025855 0.430857 0.813877 1 0 1.000000
  0 55.637024 7.974080 53.192795 0.000000 -1.000000 0.000000 0.442822 0.784904 1 0 1.000000
  0 53.573383 7.974080 61.788486 0.000000 -1.000000 0.000000 0.435503 0.815389 1 0 1.000000
Door_01
  0 52.364952 8.080782 61.395206 -0.079575 -0.996493 -0.025855 0.430857 0.813877 1 0 1.000000
  0 54.382053 8.080783 52.993404 -0.082647 -0.996493 -0.013090 0.437997 0.784137 1 0 1.000000
  0 55.637024 7.974080 53.192795 0.000000 -1.000000 0.000000 0.442822 0.784904 1 0 1.000000
Door_01
  0 54.382053 8.080783 52.993404 -0.082647 -0.996493 -0.013090 0.437997 0.784137 1 0 1.000000
  0 56.330597 7.974081 44.380104 0.000000 -1.000000 0.000000 0.445282 0.753650 1 0 1.000000
  0 55.637024 7.974080 53.192795 0.000000 -1.000000 0.000000 0.442822 0.784904 1 0 1.000000
Door_01
  0 54.382053 8.080783 52.993404 -0.082647 -0.996493 -0.013090 0.437997 0.784137 1 0 1.000000
  0 55.059990 8.080784 44.379498 -0.083684 -0.996492 0.000000 0.440396 0.753647 1 0 1.000000
  0 56.330597 7.974081 44.380104 0.000000 -1.000000 0.000000 0.445282 0.753650 1 0 1.000000
Door_01
  0 55.059990 8.080784 44.379498 -0.083684 -0.996492 0.000000 0.440396 0.753647 1 0 1.000000
  0 55.637024 7.974081 35.567417 0.000000 -1.000000 0.000000 0.442822 0.722395 1 0 1.000000
  0 56.330597 7.974081 44.380104 0.000000 -1.000000 0.000000 0.445282 0.753650 1 0 1.000000
Door_01
  0 55.059990 8.080784 44.379498 -0.083684 -0.996492 0.000000 0.440396 0.753647 1 0 1.000000
  0 54.382069 8.080783 35.765591 -0.082660 -0.996492 0.013092 0.437997 0.723157 1 0 1.000000
  0 55.637024 7.974081 35.567417 0.000000 -1.000000 0.000000 0.442822 0.722395 1 0 1.000000
Door_01
  0 -49.066360 8.080778 69.378014 0.074535 -0.996495 -0.037977 0.071827 0.842133 1 0 1.000000
  0 -45.579834 7.974074 77.492813 0.000000 -1.000000 0.000000 0.083854 0.871085 1 0 1.000000
  0 -50.198692 7.974075 69.955521 0.000000 -1.000000 0.000000 0.067473 0.844354 1 0 1.000000
Door_01
  0 -49.066360 8.080778 69.378014 0.074535 -0.996495 -0.037977 0.071827 0.842133 1 0 1.000000
  0 -44.551689 8.080777 76.745277 0.067672 -0.996495 -0.049166 0.087807 0.868210 1 0 1.000000
  0 -45.579834 7.974074 77.492813 0.000000 -1.000000 0.000000 0.083854 0.871085 1 0 1.000000
Door_01
  0 -44.551689 8.080777 76.745277 0.067672 -0.996495 -0.049166 0.087807 0.868210 1 0 1.000000
  0 -39.838753 7.974074 84.214752 0.000000 -1.000000 0.000000 0.104215 0.894924 1 0 1.000000
  0 -45.579834 7.974074 77.492813 0.000000 -1.000000 0.000000 0.083854 0.871085 1 0 1.000000
Door_01
  0 -44.551689 8.080777 76.745277 0.067672 -0.996495 -0.049166 0.087807 0.868210 1 0 1.000000
  0 -38.940105 8.080777 83.315590 0.059144 -0.996496 -0.059144 0.107670 0.891467 1 0 1.000000
  0 -39.838753 7.974074 84.214752 0.000000 -1.000000 0.000000 0.104215 0.894924 1 0 1.000000
Door_01
  0 -38.940105 8.080777 83.315590 0.059144 -0.996496 -0.059144 0.107670 0.891467 1 0 1.000000
  0 -33.116810 7.974074 89.955833 0.000000 -1.000000 0.000000 0.128054 0.915285 1 0 1.000000
  0 -39.838753 7.974074 84.214752 0.000000 -1.000000 0.000000 0.104215 0.894924 1 0 1.000000
Door_01
  0 -38.940105 8.080777 83.315590 0.059144 -0.996496 -0.059144 0.107670 0.891467 1 0 1.000000
  0 -32.369789 8.080778 88.927170 0.049162 -0.996496 -0.067665 0.130927 0.911330 1 0 1.000000
  0 -33.116810 7.974074 89.955833 0.000000 -1.000000 0.000000 0.128054 0.915285 1 0 1.000000
Door_01
  0 -32.369789 8.080778 88.927170 0.049162 -0.996496 -0.067665 0.130927 0.911330 1 0 1.000000
  0 -25.579523 7.974074 94.574692 0.000000 -1.000000 0.000000 0.154785 0.931666 1 0 1.000000
  0 -33.116810 7.974074 89.955833 0.000000 -1.000000 0.000000 0.128054 0.915285 1 0 1.000000
Door_01
  0 -32.369789 8.080778 88.927170 0.049162 -0.996496 -0.067665 0.130927 0.911330 1 0 1.000000
  0 -25.002520 8.080778 93.441833 0.037970 -0.996496 -0.074520 0.157004 0.927310 1 0 1.000000
  0 -25.579523 7.974074 94.574692 0.000000 -1.000000 0.000000 0.154785 0.931666 1 0 1.000000
Door_01
  0 -25.002520 8.080778 93.441833 0.037970 -0.996496 -0.074520 0.157004 0.927310 1 0 1.000000
  0 -17.412483 7.974074 97.957588 0.000000 -1.000000 0.000000 0.183750 0.943664 1 0 1.000000
  0 -25.579523 7.974074 94.574692 0.000000 -1.000000 0.000000 0.154785 0.931666 1 0 1.000000
Door_01
  0 -25.002520 8.080778 93.441833 0.037970 -0.996496 -0.074520 0.157004 0.927310 1 0 1.000000
  0 -17.019705 8.080778 96.748421 0.025845 -0.996496 -0.079541 0.185260 0.939014 1 0 1.000000
  0 -17.412483 7.974074 97.957588 0.000000 -1.000000 0.000000 0.183750 0.943664 1 0 1.000000
Door_01
  0 -17.019705 8.080778 96.748421 0.025845 -0.996496 -0.079541 0.185260 0.939014 1 0 1.000000
  0 -8.816792 7.974074 100.021233 0.000000 -1.000000 0.000000 0.214235 0.950983 1 0 1.000000
  0 -17.412483 7.974074 97.957588 0.000000 -1.000000 0.000000 0.183750 0.943664 1 0 1.000000
Door_01
  0 -17.019705 8.080778 96.748421 0.025845 -0.996496 -0.079541 0.185260 0.939014 1 0 1.000000
  0 -8.617909 8.080778 98.765511 0.013083 -0.996496 -0.082604 0.215000 0.946154 1 0 1.000000
  0 -8.816792 7.974074 100.021233 0.000000 -1.000000 0.000000 0.214235 0.950983 1 0 1.000000
Door_01
  0 -8.617909 8.080778 98.765511 0.013083 -0.996496 -0.082604 0.215000 0.946154 1 0 1.000000
  0 -0.004104 7.974075 100.714806 0.000000 -1.000000 0.000000 0.245489 0.953442 1 0 1.000000
  0 -8.816792 7.974074 100.021233 0.000000 -1.000000 0.000000 0.214235 0.950983 1 0 1.000000
Door_01
  0 -8.617909 8.080778 98.765511 0.013083 -0.996496 -0.082604 0.215000 0.946154 1 0 1.000000
  0 -0.004011 8.080778 99.443443 0.000000 -0.996496 -0.083634 0.245490 0.948554 1 0 1.000000
  0 -0.004104 7.974075 100.714806 0.000000 -1.000000 0.000000 0.245489 0.953442 1 0 1.000000
Door_01
  0 -0.004011 8.080778 99.443443 0.000000 -0.996496 -0.083634 0.245490 0.948554 1 0 1.000000
  0 8.808585 7.974075 100.021233 0.000000 -1.000000 0.000000 0.276744 0.950983 1 0 1.000000
  0 -0.004104 7.974075 100.714806 0.000000 -1.000000 0.000000 0.245489 0.953442 1 0 1.000000
Door_01
  0 -0.004011 8.080778 99.443443 0.000000 -0.996496 -0.083634 0.245490 0.948554 1 0 1.000000
  0 8.609887 8.080778 98.765511 -0.013084 -0.996496 -0.082606 0.275980 0.946154 1 0 1.000000
  0 8.808585 7.974075 100.021233 0.000000 -1.000000 0.000000 0.276744 0.950983 1 0 1.000000
Door_01
  0 8.609887 8.080778 98.765511 -0.013084 -0.996496 -0.082606 0.275980 0.946154 1 0 1.000000
  0 17.404276 7.974076 97.957588 0.000000 -1.000000 0.000000 0.307229 0.943664 1 0 1.000000
  0 8.808585 7.974075 100.021233 0.000000 -1.000000 0.000000 0.276744 0.950983 1 0 1.000000
Door_01
  0 8.609887 8.080778 98.765511 -0.013084 -0.996496 -0.082606 0.275980 0.946154 1 0 1.000000
  0 17.011684 8.080780 96.748421 -0.025846 -0.996496 -0.079545 0.305719 0.939014 1 0 1.000000
  0 17.404276 7.974076 97.957588 0.000000 -1.000000 0.000000 0.307229 0.943664 1 0 1.000000
Door_01
  0 -32.173492 8.080782 0.000672 0.052544 -0.996486 0.065226 0.131400 0.596257 1 0 1.000000
  0 -39.838753 7.974078 4.545455 0.000000 -1.000000 0.000000 0.104215 0.612375 1 0 1.000000
  0 -34.216076 7.974079 0.007417 0.000000 -1.000000 0.000000 0.124156 0.596281 1 0 1.000000
Door_01
  0 -32.173492 8.080782 0.000672 0.052544 -0.996486 0.065226 0.131400 0.596257 1 0 1.000000
  0 -38.940254 8.080781 5.443258 0.058197 -0.996508 0.059879 0.107670 0.615828 1 0 1.000000
  0 -39.838753 7.974078 4.545455 0.000000 -1.000000 0.000000 0.104215 0.612375 1 0 1.000000
Door_01
  0 -38.940254 8.080781 5.443258 0.058197 -0.996508 0.059879 0.107670 0.615828 1 0 1.000000
  0 -45.579834 7.974077 11.267398 0.000000 -1.000000 0.000000 0.083854 0.636214 1 0 1.000000
  0 -39.838753 7.974078 4.545455 0.000000 -1.000000 0.000000 0.104215 0.612375 1 0 1.000000
Door_01
  0 -38.940254 8.080781 5.443258 0.058197 -0.996508 0.059879 0.107670 0.615828 1 0 1.000000
  0 -44.551739 8.080780 12.013681 0.067714 -0.996491 0.049197 0.087807 0.639084 1 0 1.000000
  0 -45.579834 7.974077 11.267398 0.000000 -1.000000 0.000000 0.083854 0.636214 1 0 1.000000
Door_01
  0 -44.551739 8.080780 12.013681 0.067714 -0.996491 0.049197 0.087807 0.639084 1 0 1.000000
  0 -50.198692 7.974077 18.804686 0.000000 -1.000000 0.000000 0.067473 0.662946 1 0 1.000000
  0 -45.579834 7.974077 11.267398 0.000000 -1.000000 0.000000 0.083854 0.636214 1 0 1.000000
Door_01
  0 -44.551739 8.080780 12.013681 0.067714 -0.996491 0.049197 0.087807 0.639084 1 0 1.000000
  0 -49.066402 8.080780 19.380960 0.074569 -0.996492 0.037995 0.071827 0.665162 1 0 1.000000
  0 -50.198692 7.974077 18.804686 0.000000 -1.000000 0.000000 0.067473 0.662946 1 0 1.000000
Door_01
  0 -49.066402 8.080780 19.380960 0.074569 -0.996492 0.037995 0.071827 0.665162 1 0 1.000000
  0 -53.581589 7.974077 26.971725 0.000000 -1.000000 0.000000 0.055475 0.691910 1 0 1.000000
  0 -50.198692 7.974077 18.804686 0.000000 -1.000000 0.000000 0.067473 0.662946 1 0 1.000000
Door_01
  0 -49.066402 8.080780 19.380960 0.074569 -0.996492 0.037995 0.071827 0.665162 1 0 1.000000
  0 -52.372990 8.080780 27.363787 0.079589 -0.996492 0.025860 0.060123 0.693418 1 0 1.000000
  0 -53.581589 7.974077 26.971725 0.000000 -1.000000 0.000000 0.055475 0.691910 1 0 1.000000
Door_01
  0 -52.372990 8.080780 27.363787 0.079589 -0.996492 0.025860 0.060123 0.693418 1 0 1.000000
  0 -55.645233 7.974076 35.567417 0.000000 -1.000000 0.000000 0.048156 0.722395 1 0 1.000000
  0 -53.581589 7.974077 26.971725 0.000000 -1.000000 0.000000 0.055475 0.691910 1 0 1.000000
Door_01
  0 -52.372990 8.080780 27.363787 0.079589 -0.996492 0.025860 0.060123 0.693418 1 0 1.000000
  0 -54.390076 8.080779 35.765591 0.082647 -0.996493 0.013090 0.052983 0.723157 1 0 1.000000
  0 -55.645233 7.974076 35.567417 0.000000 -1.000000 0.000000 0.048156 0.722395 1 0 1.000000
Door_01
  0 -54.390076 8.080779 35.765591 0.082647 -0.996493 0.013090 0.052983 0.723157 1 0 1.000000
  0 -56.338806 7.974076 44.380104 0.000000 -1.000000 0.000000 0.045697 0.753650 1 0 1.000000
  0 -55.645233 7.974076 35.567417 0.000000 -1.000000 0.000000 0.048156 0.722395 1 0 1.000000
Door_01
  0 -54.390076 8.080779 35.765591 0.082647 -0.996493 0.013090 0.052983 0.723157 1 0 1.000000
  0 -55.067997 8.080778 44.379498 0.083671 -0.996493 0.000000 0.050583 0.753647 1 0 1.000000
  0 -56.338806 7.974076 44.380104 0.000000 -1.000000 0.000000 0.045697 0.753650 1 0 1.000000
Door_01
  0 -55.067997 8.080778 44.379498 0.083671 -0.996493 0.000000 0.050583 0.753647 1 0 1.000000
  0 -55.645233 7.974075 53.192795 0.000000 -1.000000 0.000000 0.048156 0.784904 1 0 1.000000
  0 -56.338806 7.974076 44.380104 0.000000 -1.000000 0.000000 0.045697 0.753650 1 0 1.000000
Door_01
  0 -55.067997 8.080778 44.379498 0.083671 -0.996493 0.000000 0.050583 0.753647 1 0 1.000000
  0 -54.390060 8.080779 52.993401 0.082634 -0.996494 -0.013088 0.052983 0.784137 1 0 1.000000
  0 -55.645233 7.974075 53.192795 0.000000 -1.000000 0.000000 0.048156 0.784904 1 0 1.000000
Door_01
  0 -54.390060 8.080779 52.993401 0.082634 -0.996494 -0.013088 0.052983 0.784137 1 0 1.000000
  0 -53.581589 7.974075 61.788486 0.000000 -1.000000 0.000000 0.055475 0.815389 1 0 1.000000
  0 -55.645233 7.974075 53.192795 0.000000 -1.000000 0.000000 0.048156 0.784904 1 0 1.000000
Door_01
  0 -54.390060 8.080779 52.993401 0.082634 -0.996494 -0.013088 0.052983 0.784137 1 0 1.000000
  0 -52.372959 8.080778 61.395203 0.079563 -0.996494 -0.025852 0.060123 0.813877 1 0 1.000000
  0 -53.581589 7.974075 61.788486 0.000000 -1.000000 0.000000 0.055475 0.815389 1 0 1.000000
Door_01
  0 -52.372959 8.080778 61.395203 0.079563 -0.996494 -0.025852 0.060123 0.813877 1 0 1.000000
  0 -50.198692 7.974075 69.955521 0.000000 -1.000000 0.000000 0.067473 0.844354 1 0 1.000000
  0 -53.581589 7.974075 61.788486 0.000000 -1.000000 0.000000 0.055475 0.815389 1 0 1.000000
Door_01
  0 -52.372959 8.080778 61.395203 0.079563 -0.996494 -0.025852 0.060123 0.813877 1 0 1.000000
  0 -49.066360 8.080778 69.378014 0.074535 -0.996495 -0.037977 0.071827 0.842133 1 0 1.000000
  0 -50.198692 7.974075 69.955521 0.000000 -1.000000 0.000000 0.067473 0.844354 1 0 1.000000
Door_01
  0 54.650532 9.168950 35.723019 -0.665838 0.738606 0.105458 0.448105 0.721790 1 0 1.000000
  0 52.263172 8.823166 27.396812 -0.641143 0.738606 0.208320 0.439257 0.690932 1 0 1.000000
  0 54.276344 8.823165 35.782284 -0.665838 0.738606 0.105458 0.446718 0.722009 1 0 1.000000
Door_01
  0 54.650532 9.168950 35.723019 -0.665838 0.738606 0.105458 0.448105 0.721790 1 0 1.000000
  0 52.623482 9.168950 27.279741 -0.641143 0.738606 0.208320 0.440593 0.690498 1 0 1.000000
  0 52.263172 8.823166 27.396812 -0.641143 0.738606 0.208320 0.439257 0.690932 1 0 1.000000
Door_01
  0 52.623482 9.168950 27.279741 -0.641143 0.738606 0.208320 0.440593 0.690498 1 0 1.000000
  0 48.963005 8.823166 19.429510 -0.600661 0.738606 0.306052 0.427027 0.661405 1 0 1.000000
  0 52.263172 8.823166 27.396812 -0.641143 0.738606 0.208320 0.439257 0.690932 1 0 1.000000
Door_01
  0 52.623482 9.168950 27.279741 -0.641143 0.738606 0.208320 0.440593 0.690498 1 0 1.000000
  0 49.300568 9.168950 19.257515 -0.600661 0.738606 0.306052 0.428278 0.660768 1 0 1.000000
  0 48.963005 8.823166 19.429510 -0.600661 0.738606 0.306052 0.427027 0.661405 1 0 1.000000
Door_01
  0 49.300568 9.168950 19.257515 -0.600661 0.738606 0.306052 0.428278 0.660768 1 0 1.000000
  0 44.457111 8.823166 12.076557 -0.545389 0.738606 0.396248 0.410328 0.634155 1 0 1.000000
  0 48.963005 8.823166 19.429510 -0.600661 0.738606 0.306052 0.427027 0.661405 1 0 1.000000
Door_01
  0 49.300568 9.168950 19.257515 -0.600661 0.738606 0.306052 0.428278 0.660768 1 0 1.000000
  0 44.763607 9.168950 11.853873 -0.545389 0.738606 0.396248 0.411464 0.633330 1 0 1.000000
  0 44.457111 8.823166 12.076557 -0.545389 0.738606 0.396248 0.410328 0.634155 1 0 1.000000
Door_01
  0 44.763607 9.168950 11.853873 -0.545389 0.738606 0.396248 0.411464 0.633330 1 0 1.000000
  0 38.856434 8.823167 5.519009 -0.471466 0.735819 0.486097 0.389572 0.609853 1 0 1.000000
  0 44.457111 8.823166 12.076557 -0.545389 0.738606 0.396248 0.410328 0.634155 1 0 1.000000
Door_01
  0 44.763607 9.168950 11.853873 -0.545389 0.738606 0.396248 0.411464 0.633330 1 0 1.000000
  0 39.124325 9.168951 5.251120 -0.471466 0.735819 0.486097 0.390565 0.608860 1 0 1.000000
  0 38.856434 8.823167 5.519009 -0.471466 0.735819 0.486097 0.389572 0.609853 1 0 1.000000
Door_01
  0 32.000988 8.823166 -0.001630 -0.427552 0.731105 0.531682 0.364165 0.589393 1 0 1.000000
  0 38.856434 8.823167 5.519009 -0.471466 0.735819 0.486097 0.389572 0.609853 1 0 1.000000
  0 39.124325 9.168951 5.251120 -0.471466 0.735819 0.486097 0.390565 0.608860 1 0 1.000000
Door_01
  0 32.000988 8.823166 -0.001630 -0.427552 0.731105 0.531682 0.364165 0.589393 1 0 1.000000
  0 39.124325 9.168951 5.251120 -0.471466 0.735819 0.486097 0.390565 0.608860 1 0 1.000000
  0 32.582535 9.168950 -0.001630 -0.427552 0.731105 0.531682 0.366320 0.589393 1 0 1.000000
Door_01
  0 17.095703 9.168946 97.006935 -0.208320 0.738606 -0.641143 0.308926 0.948910 1 0 1.000000
  0 24.945934 8.823162 93.346458 -0.306052 0.738606 -0.600661 0.338019 0.935344 1 0 1.000000
  0 16.978632 8.823162 96.646622 -0.208320 0.738606 -0.641143 0.308492 0.947574 1 0 1.000000
Door_01
  0 17.095703 9.168946 97.006935 -0.208320 0.738606 -0.641143 0.308926 0.948910 1 0 1.000000
  0 25.117929 9.168946 93.684013 -0.306052 0.738606 -0.600661 0.338656 0.936595 1 0 1.000000
  0 24.945934 8.823162 93.346458 -0.306052 0.738606 -0.600661 0.338019 0.935344 1 0 1.000000
Door_01
  0 25.117929 9.168946 93.684013 -0.306052 0.738606 -0.600661 0.338656 0.936595 1 0 1.000000
  0 32.298885 8.823162 88.840561 -0.396248 0.738606 -0.545389 0.365269 0.918645 1 0 1.000000
  0 24.945934 8.823162 93.346458 -0.306052 0.738606 -0.600661 0.338019 0.935344 1 0 1.000000
Door_01
  0 25.117929 9.168946 93.684013 -0.306052 0.738606 -0.600661 0.338656 0.936595 1 0 1.000000
  0 32.521572 9.168946 89.147057 -0.396248 0.738606 -0.545389 0.366095 0.919781 1 0 1.000000
  0 32.298885 8.823162 88.840561 -0.396248 0.738606 -0.545389 0.365269 0.918645 1 0 1.000000
Door_01
  0 32.521572 9.168946 89.147057 -0.396248 0.738606 -0.545389 0.366095 0.919781 1 0 1.000000
  0 38.856434 8.823163 83.239883 -0.476687 0.738606 -0.476687 0.389572 0.897889 1 0 1.000000
  0 32.298885 8.823162 88.840561 -0.396248 0.738606 -0.545389 0.365269 0.918645 1 0 1.000000
Door_01
  0 32.521572 9.168946 89.147057 -0.396248 0.738606 -0.545389 0.366095 0.919781 1 0 1.000000
  0 39.124325 9.168947 83.507774 -0.476687 0.738606 -0.476687 0.390565 0.898882 1 0 1.000000
  0 38.856434 8.823163 83.239883 -0.476687 0.738606 -0.476687 0.389572 0.897889 1 0 1.000000
Door_01
  0 39.124325 9.168947 83.507774 -0.476687 0.738606 -0.476687 0.390565 0.898882 1 0 1.000000
  0 44.457111 8.823163 76.682335 -0.545389 0.738606 -0.396248 0.410328 0.873586 1 0 1.000000
  0 38.856434 8.823163 83.239883 -0.476687 0.738606 -0.476687 0.389572 0.897889 1 0 1.000000
Door_01
  0 39.124325 9.168947 83.507774 -0.476687 0.738606 -0.476687 0.390565 0.898882 1 0 1.000000
  0 44.763607 9.168947 76.905022 -0.545389 0.738606 -0.396248 0.411464 0.874411 1 0 1.000000
  0 44.457111 8.823163 76.682335 -0.545389 0.738606 -0.396248 0.410328 0.873586 1 0 1.000000
Door_01
  0 44.763607 9.168947 76.905022 -0.545389 0.738606 -0.396248 0.411464 0.874411 1 0 1.000000
  0 48.963005 8.823164 69.329384 -0.600661 0.738606 -0.306052 0.427027 0.846336 1 0 1.000000
  0 44.457111 8.823163 76.682335 -0.545389 0.738606 -0.396248 0.410328 0.873586 1 0 1.000000
Door_01
  0 44.763607 9.168947 76.905022 -0.545389 0.738606 -0.396248 0.411464 0.874411 1 0 1.000000
  0 49.300568 9.168948 69.501381 -0.600661 0.738606 -0.306052 0.428278 0.846973 1 0 1.000000
  0 48.963005 8.823164 69.329384 -0.600661 0.738606 -0.306052 0.427027 0.846336 1 0 1.000000
Door_01
  0 49.300568 9.168948 69.501381 -0.600661 0.738606 -0.306052 0.428278 0.846973 1 0 1.000000
  0 52.263172 8.823164 61.362083 -0.641143 0.738606 -0.208320 0.439257 0.816809 1 0 1.000000
  0 48.963005 8.823164 69.329384 -0.600661 0.738606 -0.306052 0.427027 0.846336 1 0 1.000000
Door_01
  0 49.300568 9.168948 69.501381 -0.600661 0.738606 -0.306052 0.428278 0.846973 1 0 1.000000
  0 52.623482 9.168948 61.479153 -0.641143 0.738606 -0.208320 0.440593 0.817243 1 0 1.000000
  0 52.263172 8.823164 61.362083 -0.641143 0.738606 -0.208320 0.439257 0.816809 1 0 1.000000
Door_01
  0 52.623482 9.168948 61.479153 -0.641143 0.738606 -0.208320 0.440593 0.817243 1 0 1.000000
  0 54.276344 8.823165 52.976608 -0.665838 0.738606 -0.105458 0.446718 0.785732 1 0 1.000000
  0 52.263172 8.823164 61.362083 -0.641143 0.738606 -0.208320 0.439257 0.816809 1 0 1.000000
Door_01
  0 52.623482 9.168948 61.479153 -0.641143 0.738606 -0.208320 0.440593 0.817243 1 0 1.000000
  0 54.650532 9.168950 53.035877 -0.665838 0.738606 -0.105458 0.448105 0.785952 1 0 1.000000
  0 54.276344 8.823165 52.976608 -0.665838 0.738606 -0.105458 0.446718 0.785732 1 0 1.000000
Door_01
  0 54.650532 9.168950 53.035877 -0.665838 0.738606 -0.105458 0.448105 0.785952 1 0 1.000000
  0 54.952957 8.823166 44.379448 -0.674138 0.738606 0.000000 0.449226 0.753871 1 0 1.000000
  0 54.276344 8.823165 52.976608 -0.665838 0.738606 -0.105458 0.446718 0.785732 1 0 1.000000
Door_01
  0 54.650532 9.168950 53.035877 -0.665838 0.738606 -0.105458 0.448105 0.785952 1 0 1.000000
  0 55.331810 9.168950 44.379448 -0.674138 0.738606 0.000000 0.450630 0.753871 1 0 1.000000
  0 54.952957 8.823166 44.379448 -0.674138 0.738606 0.000000 0.449226 0.753871 1 0 1.000000
Door_01
  0 55.331810 9.168950 44.379448 -0.674138 0.738606 0.000000 0.450630 0.753871 1 0 1.000000
  0 54.276344 8.823165 35.782284 -0.665838 0.738606 0.105458 0.446718 0.722009 1 0 1.000000
  0 54.952957 8.823166 44.379448 -0.674138 0.738606 0.000000 0.449226 0.753871 1 0 1.000000
Door_01
  0 55.331810 9.168950 44.379448 -0.674138 0.738606 0.000000 0.450630 0.753871 1 0 1.000000
  0 54.650532 9.168950 35.723019 -0.665838 0.738606 0.105458 0.448105 0.721790 1 0 1.000000
  0 54.276344 8.823165 35.782284 -0.665838 0.738606 0.105458 0.446718 0.722009 1 0 1.000000
Door_01
  0 -49.308571 9.168944 69.501381 0.600661 0.738606 -0.306052 0.062830 0.846973 1 0 1.000000
  0 -44.465118 8.823159 76.682335 0.545389 0.738606 -0.396248 0.080780 0.873586 1 0 1.000000
  0 -48.971012 8.823160 69.329384 0.600661 0.738606 -0.306052 0.064081 0.846336 1 0 1.000000
Door_01
  0 -49.308571 9.168944 69.501381 0.600661 0.738606 -0.306052 0.062830 0.846973 1 0 1.000000
  0 -44.771614 9.168943 76.905022 0.545389 0.738606 -0.396248 0.079644 0.874411 1 0 1.000000
  0 -44.465118 8.823159 76.682335 0.545389 0.738606 -0.396248 0.080780 0.873586 1 0 1.000000
Door_01
  0 -44.771614 9.168943 76.905022 0.545389 0.738606 -0.396248 0.079644 0.874411 1 0 1.000000
  0 -38.864441 8.823159 83.239883 0.476687 0.738606 -0.476687 0.101536 0.897889 1 0 1.000000
  0 -44.465118 8.823159 76.682335 0.545389 0.738606 -0.396248 0.080780 0.873586 1 0 1.000000
Door_01
  0 -44.771614 9.168943 76.905022 0.545389 0.738606 -0.396248 0.079644 0.874411 1 0 1.000000
  0 -39.132332 9.168943 83.507774 0.476687 0.738606 -0.476687 0.100543 0.898882 1 0 1.000000
  0 -38.864441 8.823159 83.239883 0.476687 0.738606 -0.476687 0.101536 0.897889 1 0 1.000000
Door_01
  0 -39.132332 9.168943 83.507774 0.476687 0.738606 -0.476687 0.100543 0.898882 1 0 1.000000
  0 -32.306892 8.823160 88.840561 0.396248 0.738606 -0.545389 0.125838 0.918645 1 0 1.000000
  0 -38.864441 8.823159 83.239883 0.476687 0.738606 -0.476687 0.101536 0.897889 1 0 1.000000
Door_01
  0 -39.132332 9.168943 83.507774 0.476687 0.738606 -0.476687 0.100543 0.898882 1 0 1.000000
  0 -32.529579 9.168944 89.147057 0.396248 0.738606 -0.545389 0.125013 0.919781 1 0 1.000000
  0 -32.306892 8.823160 88.840561 0.396248 0.738606 -0.545389 0.125838 0.918645 1 0 1.000000
Door_01
  0 -32.529579 9.168944 89.147057 0.396248 0.738606 -0.545389 0.125013 0.919781 1 0 1.000000
  0 -24.953941 8.823160 93.346458 0.306052 0.738606 -0.600661 0.153089 0.935344 1 0 1.000000
  0 -32.306892 8.823160 88.840561 0.396248 0.738606 -0.545389 0.125838 0.918645 1 0 1.000000
Door_01
  0 -32.529579 9.168944 89.147057 0.396248 0.738606 -0.545389 0.125013 0.919781 1 0 1.000000
  0 -25.125937 9.168944 93.684013 0.306052 0.738606 -0.600661 0.152451 0.936595 1 0 1.000000
  0 -24.953941 8.823160 93.346458 0.306052 0.738606 -0.600661 0.153089 0.935344 1 0 1.000000
Door_01
  0 -25.125937 9.168944 93.684013 0.306052 0.738606 -0.600661 0.152451 0.936595 1 0 1.000000
  0 -16.986637 8.823160 96.646622 0.208320 0.738606 -0.641143 0.182616 0.947574 1 0 1.000000
  0 -24.953941 8.823160 93.346458 0.306052 0.738606 -0.600661 0.153089 0.935344 1 0 1.000000
Door_01
  0 -25.125937 9.168944 93.684013 0.306052 0.738606 -0.600661 0.152451 0.936595 1 0 1.000000
  0 -17.103710 9.168944 97.006935 0.208320 0.738606 -0.641143 0.182182 0.948910 1 0 1.000000
  0 -16.986637 8.823160 96.646622 0.208320 0.738606 -0.641143 0.182616 0.947574 1 0 1.000000
Door_01
  0 -17.103710 9.168944 97.006935 0.208320 0.738606 -0.641143 0.182182 0.948910 1 0 1.000000
  0 -8.601166 8.823160 98.659798 0.105458 0.738606 -0.665838 0.213692 0.955035 1 0 1.000000
  0 -16.986637 8.823160 96.646622 0.208320 0.738606 -0.641143 0.182616 0.947574 1 0 1.000000
Door_01
  0 -17.103710 9.168944 97.006935 0.208320 0.738606 -0.641143 0.182182 0.948910 1 0 1.000000
  0 -8.660432 9.168944 99.033981 0.105458 0.738606 -0.665838 0.213473 0.956422 1 0 1.000000
  0 -8.601166 8.823160 98.659798 0.105458 0.738606 -0.665838 0.213692 0.955035 1 0 1.000000
Door_01
  0 -8.660432 9.168944 99.033981 0.105458 0.738606 -0.665838 0.213473 0.956422 1 0 1.000000
  0 -0.004003 8.823160 99.336411 0.000000 0.738606 -0.674138 0.245554 0.957543 1 0 1.000000
  0 -8.601166 8.823160 98.659798 0.105458 0.738606 -0.665838 0.213692 0.955035 1 0 1.000000
Door_01
  0 -8.660432 9.168944 99.033981 0.105458 0.738606 -0.665838 0.213473 0.956422 1 0 1.000000
  0 -0.004003 9.168944 99.715256 0.000000 0.738606 -0.674138 0.245554 0.958947 1 0 1.000000
  0 -0.004003 8.823160 99.336411 0.000000 0.738606 -0.674138 0.245554 0.957543 1 0 1.000000
Door_01
  0 -0.004003 9.168944 99.715256 0.000000 0.738606 -0.674138 0.245554 0.958947 1 0 1.000000
  0 8.593160 8.823160 98.659798 -0.105458 0.738606 -0.665838 0.277415 0.955035 1 0 1.000000
  0 -0.004003 8.823160 99.336411 0.000000 0.738606 -0.674138 0.245554 0.957543 1 0 1.000000
Door_01
  0 -0.004003 9.168944 99.715256 0.000000 0.738606 -0.674138 0.245554 0.958947 1 0 1.000000
  0 8.652425 9.168944 99.033981 -0.105458 0.738606 -0.665838 0.277635 0.956422 1 0 1.000000
  0 8.593160 8.823160 98.659798 -0.105458 0.738606 -0.665838 0.277415 0.955035 1 0 1.000000
Door_01
  0 8.652425 9.168944 99.033981 -0.105458 0.738606 -0.665838 0.277635 0.956422 1 0 1.000000
  0 16.978632 8.823162 96.646622 -0.208320 0.738606 -0.641143 0.308492 0.947574 1 0 1.000000
  0 8.593160 8.823160 98.659798 -0.105458 0.738606 -0.665838 0.277415 0.955035 1 0 1.000000
Door_01
  0 8.652425 9.168944 99.033981 -0.105458 0.738606 -0.665838 0.277635 0.956422 1 0 1.000000
  0 17.095703 9.168946 97.006935 -0.208320 0.738606 -0.641143 0.308926 0.948910 1 0 1.000000
  0 16.978632 8.823162 96.646622 -0.208320 0.738606 -0.641143 0.308492 0.947574 1 0 1.000000
Door_01
  0 -32.584080 9.168948 0.000107 0.427313 0.730962 0.532069 0.124811 0.589399 1 0 1.000000
  0 -38.864441 8.823163 5.519009 0.471354 0.735758 0.486298 0.101536 0.609853 1 0 1.000000
  0 -32.002537 8.823164 0.000107 0.427313 0.730962 0.532069 0.126966 0.589399 1 0 1.000000
Door_01
  0 -32.584080 9.168948 0.000107 0.427313 0.730962 0.532069 0.124811 0.589399 1 0 1.000000
  0 -39.132332 9.168947 5.251120 0.471354 0.735758 0.486298 0.100543 0.608860 1 0 1.000000
  0 -38.864441 8.823163 5.519009 0.471354 0.735758 0.486298 0.101536 0.609853 1 0 1.000000
Door_01
  0 -39.132332 9.168947 5.251120 0.471354 0.735758 0.486298 0.100543 0.608860 1 0 1.000000
  0 -44.465118 8.823162 12.076557 0.545389 0.738606 0.396248 0.080780 0.634155 1 0 1.000000
  0 -38.864441 8.823163 5.519009 0.471354 0.735758 0.486298 0.101536 0.609853 1 0 1.000000
Door_01
  0 -39.132332 9.168947 5.251120 0.471354 0.735758 0.486298 0.100543 0.608860 1 0 1.000000
  0 -44.771614 9.168946 11.853873 0.545389 0.738606 0.396248 0.079644 0.633330 1 0 1.000000
  0 -44.465118 8.823162 12.076557 0.545389 0.738606 0.396248 0.080780 0.634155 1 0 1.000000
Door_01
  0 -44.771614 9.168946 11.853873 0.545389 0.738606 0.396248 0.079644 0.633330 1 0 1.000000
  0 -48.971012 8.823162 19.429510 0.600661 0.738606 0.306052 0.064081 0.661405 1 0 1.000000
  0 -44.465118 8.823162 12.076557 0.545389 0.738606 0.396248 0.080780 0.634155 1 0 1.000000
Door_01
  0 -44.771614 9.168946 11.853873 0.545389 0.738606 0.396248 0.079644 0.633330 1 0 1.000000
  0 -49.308571 9.168946 19.257515 0.600661 0.738606 0.306052 0.062830 0.660768 1 0 1.000000
  0 -48.971012 8.823162 19.429510 0.600661 0.738606 0.306052 0.064081 0.661405 1 0 1.000000
Door_01
  0 -49.308571 9.168946 19.257515 0.600661 0.738606 0.306052 0.062830 0.660768 1 0 1.000000
  0 -52.271179 8.823162 27.396812 0.641143 0.738606 0.208320 0.051850 0.690932 1 0 1.000000
  0 -48.971012 8.823162 19.429510 0.600661 0.738606 0.306052 0.064081 0.661405 1 0 1.000000
Door_01
  0 -49.308571 9.168946 19.257515 0.600661 0.738606 0.306052 0.062830 0.660768 1 0 1.000000
  0 -52.631489 9.168946 27.279741 0.641143 0.738606 0.208320 0.050515 0.690498 1 0 1.000000
  0 -52.271179 8.823162 27.396812 0.641143 0.738606 0.208320 0.051850 0.690932 1 0 1.000000
Door_01
  0 -52.631489 9.168946 27.279741 0.641143 0.738606 0.208320 0.050515 0.690498 1 0 1.000000
  0 -54.284351 8.823161 35.782284 0.665838 0.738606 0.105458 0.044389 0.722009 1 0 1.000000
  0 -52.271179 8.823162 27.396812 0.641143 0.738606 0.208320 0.051850 0.690932 1 0 1.000000
Door_01
  0 -52.631489 9.168946 27.279741 0.641143 0.738606 0.208320 0.050515 0.690498 1 0 1.000000
  0 -54.658539 9.168944 35.723019 0.665838 0.738606 0.105458 0.043003 0.721790 1 0 1.000000
  0 -54.284351 8.823161 35.782284 0.665838 0.738606 0.105458 0.044389 0.722009 1 0 1.000000
Door_01
  0 -54.658539 9.168944 35.723019 0.665838 0.738606 0.105458 0.043003 0.721790 1 0 1.000000
  0 -54.960964 8.823160 44.379448 0.674138 0.738606 0.000000 0.041882 0.753871 1 0 1.000000
  0 -54.284351 8.823161 35.782284 0.665838 0.738606 0.105458 0.044389 0.722009 1 0 1.000000
Door_01
  0 -54.658539 9.168944 35.723019 0.665838 0.738606 0.105458 0.043003 0.721790 1 0 1.000000
  0 -55.339813 9.168944 44.379448 0.674138 0.738606 0.000000 0.040478 0.753871 1 0 1.000000
  0 -54.960964 8.823160 44.379448 0.674138 0.738606 0.000000 0.041882 0.753871 1 0 1.000000
Door_01
  0 -55.339813 9.168944 44.379448 0.674138 0.738606 0.000000 0.040478 0.753871 1 0 1.000000
  0 -54.284351 8.823161 52.976608 0.665838 0.738606 -0.105458 0.044389 0.785732 1 0 1.000000
  0 -54.960964 8.823160 44.379448 0.674138 0.738606 0.000000 0.041882 0.753871 1 0 1.000000
Door_01
  0 -55.339813 9.168944 44.379448 0.674138 0.738606 0.000000 0.040478 0.753871 1 0 1.000000
  0 -54.658539 9.168944 53.035877 0.665838 0.738606 -0.105458 0.043003 0.785952 1 0 1.000000
  0 -54.284351 8.823161 52.976608 0.665838 0.738606 -0.105458 0.044389 0.785732 1 0 1.000000
Door_01
  0 -54.658539 9.168944 53.035877 0.665838 0.738606 -0.105458 0.043003 0.785952 1 0 1.000000
  0 -52.271179 8.823160 61.362083 0.641143 0.738606 -0.208320 0.051850 0.816809 1 0 1.000000
  0 -54.284351 8.823161 52.976608 0.665838 0.738606 -0.105458 0.044389 0.785732 1 0 1.000000
Door_01
  0 -54.658539 9.168944 53.035877 0.665838 0.738606 -0.105458 0.043003 0.785952 1 0 1.000000
  0 -52.631489 9.168944 61.479153 0.641143 0.738606 -0.208320 0.050515 0.817243 1 0 1.000000
  0 -52.271179 8.823160 61.362083 0.641143 0.738606 -0.208320 0.051850 0.816809 1 0 1.000000
Door_01
  0 -52.631489 9.168944 61.479153 0.641143 0.738606 -0.208320 0.050515 0.817243 1 0 1.000000
  0 -48.971012 8.823160 69.329384 0.600661 0.738606 -0.306052 0.064081 0.846336 1 0 1.000000
  0 -52.271179 8.823160 61.362083 0.641143 0.738606 -0.208320 0.051850 0.816809 1 0 1.000000
Door_01
  0 -52.631489 9.168944 61.479153 0.641143 0.738606 -0.208320 0.050515 0.817243 1 0 1.000000
  0 -49.308571 9.168944 69.501381 0.600661 0.738606 -0.306052 0.062830 0.846973 1 0 1.000000
  0 -48.971012 8.823160 69.329384 0.600661 0.738606 -0.306052 0.064081 0.846336 1 0 1.000000
Door_01
  0 38.932236 -8.078608 5.443251 -0.058418 0.996475 0.060200 0.383309 0.615828 1 0 1.000000
  0 34.163635 -7.971902 -0.007083 0.000000 1.000000 0.000000 0.366666 0.596229 1 0 1.000000
  0 32.170582 -8.078609 -0.002059 -0.052980 0.996421 0.065860 0.359598 0.596247 1 0 1.000000
Door_01
  0 38.932236 -8.078608 5.443251 -0.058418 0.996475 0.060200 0.383309 0.615828 1 0 1.000000
  0 39.830547 -7.971902 4.545455 0.000000 1.000000 0.000000 0.386764 0.612375 1 0 1.000000
  0 34.163635 -7.971902 -0.007083 0.000000 1.000000 0.000000 0.366666 0.596229 1 0 1.000000
Door_01
  0 38.932236 -8.078608 5.443251 -0.058418 0.996475 0.060200 0.383309 0.615828 1 0 1.000000
  0 45.571629 -7.971903 11.267398 0.000000 1.000000 0.000000 0.407125 0.636214 1 0 1.000000
  0 39.830547 -7.971902 4.545455 0.000000 1.000000 0.000000 0.386764 0.612375 1 0 1.000000
Door_01
  0 38.932236 -8.078608 5.443251 -0.058418 0.996475 0.060200 0.383309 0.615828 1 0 1.000000
  0 44.543724 -8.078608 12.013674 -0.067723 0.996490 0.049204 0.403172 0.639084 1 0 1.000000
  0 45.571629 -7.971903 11.267398 0.000000 1.000000 0.000000 0.407125 0.636214 1 0 1.000000
Door_01
  0 44.543724 -8.078608 12.013674 -0.067723 0.996490 0.049204 0.403172 0.639084 1 0 1.000000
  0 50.190483 -7.971903 18.804686 0.000000 1.000000 0.000000 0.423506 0.662946 1 0 1.000000
  0 45.571629 -7.971903 11.267398 0.000000 1.000000 0.000000 0.407125 0.636214 1 0 1.000000
Door_01
  0 44.543724 -8.078608 12.013674 -0.067723 0.996490 0.049204 0.403172 0.639084 1 0 1.000000
  0 49.058392 -8.078608 19.380955 -0.074580 0.996491 0.038000 0.419153 0.665162 1 0 1.000000
  0 50.190483 -7.971903 18.804686 0.000000 1.000000 0.000000 0.423506 0.662946 1 0 1.000000
Door_01
  0 49.058392 -8.078608 19.380955 -0.074580 0.996491 0.038000 0.419153 0.665162 1 0 1.000000
  0 53.573383 -7.971903 26.971725 0.000000 1.000000 0.000000 0.435503 0.691910 1 0 1.000000
  0 50.190483 -7.971903 18.804686 0.000000 1.000000 0.000000 0.423506 0.662946 1 0 1.000000
Door_01
  0 49.058392 -8.078608 19.380955 -0.074580 0.996491 0.038000 0.419153 0.665162 1 0 1.000000
  0 52.364983 -8.078608 27.363781 -0.079600 0.996491 0.025864 0.430857 0.693418 1 0 1.000000
  0 53.573383 -7.971903 26.971725 0.000000 1.000000 0.000000 0.435503 0.691910 1 0 1.000000
Door_01
  0 52.364983 -8.078608 27.363781 -0.079600 0.996491 0.025864 0.430857 0.693418 1 0 1.000000
  0 55.637024 -7.971904 35.567417 0.000000 1.000000 0.000000 0.442822 0.722395 1 0 1.000000
  0 53.573383 -7.971903 26.971725 0.000000 1.000000 0.000000 0.435503 0.691910 1 0 1.000000
Door_01
  0 52.364983 -8.078608 27.363781 -0.079600 0.996491 0.025864 0.430857 0.693418 1 0 1.000000
  0 54.382069 -8.078609 35.765591 -0.082660 0.996492 0.013092 0.437997 0.723157 1 0 1.000000
  0 55.637024 -7.971904 35.567417 0.000000 1.000000 0.000000 0.442822 0.722395 1 0 1.000000
Door_01
  0 54.382069 -8.078609 35.765591 -0.082660 0.996492 0.013092 0.437997 0.723157 1 0 1.000000
  0 56.330597 -7.971904 44.380104 0.000000 1.000000 0.000000 0.445282 0.753650 1 0 1.000000
  0 55.637024 -7.971904 35.567417 0.000000 1.000000 0.000000 0.442822 0.722395 1 0 1.000000
Door_01
  0 54.382069 -8.078609 35.765591 -0.082660 0.996492 0.013092 0.437997 0.723157 1 0 1.000000
  0 55.059990 -8.078608 44.379498 -0.083684 0.996492 0.000000 0.440396 0.753647 1 0 1.000000
  0 56.330597 -7.971904 44.380104 0.000000 1.000000 0.000000 0.445282 0.753650 1 0 1.000000
Door_01
  0 55.059990 -8.078608 44.379498 -0.083684 0.996492 0.000000 0.440396 0.753647 1 0 1.000000
  0 55.637024 -7.971905 53.192795 0.000000 1.000000 0.000000 0.442822 0.784904 1 0 1.000000
  0 56.330597 -7.971904 44.380104 0.000000 1.000000 0.000000 0.445282 0.753650 1 0 1.000000
Door_01
  0 55.059990 -8.078608 44.379498 -0.083684 0.996492 0.000000 0.440396 0.753647 1 0 1.000000
  0 54.382053 -8.078609 52.993404 -0.082647 0.996493 -0.013090 0.437997 0.784137 1 0 1.000000
  0 55.637024 -7.971905 53.192795 0.000000 1.000000 0.000000 0.442822 0.784904 1 0 1.000000
Door_01
  0 54.382053 -8.078609 52.993404 -0.082647 0.996493 -0.013090 0.437997 0.784137 1 0 1.000000
  0 53.573383 -7.971905 61.788486 0.000000 1.000000 0.000000 0.435503 0.815389 1 0 1.000000
  0 55.637024 -7.971905 53.192795 0.000000 1.000000 0.000000 0.442822 0.784904 1 0 1.000000
Door_01
  0 54.382053 -8.078609 52.993404 -0.082647 0.996493 -0.013090 0.437997 0.784137 1 0 1.000000
  0 52.364952 -8.078609 61.395206 -0.079575 0.996493 -0.025855 0.430857 0.813877 1 0 1.000000
  0 53.573383 -7.971905 61.788486 0.000000 1.000000 0.000000 0.435503 0.815389 1 0 1.000000
Door_01
  0 52.364952 -8.078609 61.395206 -0.079575 0.996493 -0.025855 0.430857 0.813877 1 0 1.000000
  0 50.190483 -7.971905 69.955521 0.000000 1.000000 0.000000 0.423506 0.844354 1 0 1.000000
  0 53.573383 -7.971905 61.788486 0.000000 1.000000 0.000000 0.435503 0.815389 1 0 1.000000
Door_01
  0 52.364952 -8.078609 61.395206 -0.079575 0.996493 -0.025855 0.430857 0.813877 1 0 1.000000
  0 49.058353 -8.078609 69.378021 -0.074545 0.996494 -0.037982 0.419153 0.842133 1 0 1.000000
  0 50.190483 -7.971905 69.955521 0.000000 1.000000 0.000000 0.423506 0.844354 1 0 1.000000
end
